Crash ID,$1000 Damage to Any One Person's Property,Agency,Case ID,City,Contributing Factors,County,Crash Date,Crash Severity,Fatal Crash Flag,Intersecting Street Number,Nearest Trauma Center,Nearest Trauma Center Distance,Region,Contributing Factor 1,Contributing Factor 2,Contributing Factor 3,Driver Zip Code,Lessee/Owner Zip Code,Vehicle Hit and Run Flag,VIN,Person Age,Person Gender,Person Injury Severity,Person Non-Suspected Serious Injury Count,Person Number,Physical Location of An Occupant
20741685,No,MINERAL WELLS POLICE DEPARTMENT,250000633,MINERAL WELLS,BACKED WITHOUT SAFETY,PALO PINTO,2025-04-07,N - NOT INJURED,0,NO DATA,211 - PALO PINTO GENERAL HOSPITAL,3.133,NE,3 - BACKED WITHOUT SAFETY,No Data,No Data,76067,76067,No,1FADP3F28GL336680,56,2 - FEMALE,N - NOT INJURED,0,1,1 - FRONT LEFT OR MOTORCYCLE DRIVER
20741751,Yes,SAN ANTONIO POLICE DEPARTMENT,SAPD25068594,SAN ANTONIO,DROVE WITHOUT HEADLIGHTS;UNSAFE SPEED,BEXAR,2025-04-07,99 - UNKNOWN,0,NO DATA,187 - MISSION TRAIL BAPTIST HOSPITAL,5.468,40,21 - DROVE WITHOUT HEADLIGHTS,60 - UNSAFE SPEED,No Data,,78223,Yes,5XXGM4A74EG264768,No Data,99 - UNKNOWN,99 - UNKNOWN,0,1,1 - FRONT LEFT OR MOTORCYCLE DRIVER
20741753,Yes,SAN ANTONIO POLICE DEPARTMENT,SAPD25068635,SAN ANTONIO,FAILED TO CONTROL SPEED; FAILED TO DRIVE IN SINGLE LANE; UNDER INFLUENCE - ALCOHOL,BEXAR,2025-04-07,N - NOT INJURED,0,NO DATA,12 - BAPTIST MEDICAL CENTER,1.818,40,23 - FAILED TO DRIVE IN SINGLE LANE,22 - FAILED TO CONTROL SPEED,No Data,78210,78154,No,2GCEC19T911285237,23,1 - MALE,N - NOT INJURED,0,1,1 - FRONT LEFT OR MOTORCYCLE DRIVER
20741777,Yes,VENUS POLICE DEPARTMENT,2025086116,VENUS,FAILED TO CONTROL SPEED; FAULTY EVASIVE ACTION,ELLIS,2025-04-07,C - POSSIBLE INJURY,0,NO DATA,264 - TEXAS HEALTH HOSPITAL MANSFIELD,7.059,,22 - FAILED TO CONTROL SPEED,41 - FAULTY EVASIVE ACTION,No Data,76065,76065,No,4XARSY992R8075094,14,2 - FEMALE,C - POSSIBLE INJURY,0,1,1 - FRONT LEFT OR MOTORCYCLE DRIVER
20741784,Yes,LITTLE ELM POLICE DEPARTMENT,25057081,FRISCO,FAILED TO DRIVE IN SINGLE LANE,DENTON,2025-04-07,C - POSSIBLE INJURY,0,NO DATA,"154 - MEDICAL CITY FRISCO, A MEDICAL CENTER OF PLANO FACILITY",4.191,,23 - FAILED TO DRIVE IN SINGLE LANE,No Data,No Data,76227,76227,No,1N4BL4EV6LC271875,42,2 - FEMALE,C - POSSIBLE INJURY,0,1,1 - FRONT LEFT OR MOTORCYCLE DRIVER
20741795,Yes,SAN ANTONIO POLICE DEPARTMENT,SAPD25068648,SAN ANTONIO,FAILED TO CONTROL SPEED; FAILED TO DRIVE IN SINGLE LANE; UNDER INFLUENCE - ALCOHOL,BEXAR,2025-04-07,99 - UNKNOWN,0,NO DATA,12 - BAPTIST MEDICAL CENTER,1.272,40,23 - FAILED TO DRIVE IN SINGLE LANE,22 - FAILED TO CONTROL SPEED,No Data,,299026,Yes,WBAFR7C59DC828808,No Data,1 - MALE,99 - UNKNOWN,0,1,1 - FRONT LEFT OR MOTORCYCLE DRIVER
20741827,No,TYLER POLICE DEPARTMENT,25-004982,TYLER,PEDESTRIAN FAILED TO YIELD RIGHT OF WAY TO VEHICLE,SMITH,2025-04-07,C - POSSIBLE INJURY,0,NO DATA,49 - CHRISTUS MOTHER FRANCES HOSPITAL - TYLER,2.045,,No Data,No Data,No Data,75762,75762,No,KNDJF723977349629,18,1 - MALE,N - NOT INJURED,0,1,1 - FRONT LEFT OR MOTORCYCLE DRIVER
20741827,No,TYLER POLICE DEPARTMENT,25-004982,TYLER,PEDESTRIAN FAILED TO YIELD RIGHT OF WAY TO VEHICLE,SMITH,2025-04-07,C - POSSIBLE INJURY,0,NO DATA,49 - CHRISTUS MOTHER FRANCES HOSPITAL - TYLER,2.045,,No Data,No Data,No Data,75762,75762,No,KNDJF723977349629,21,2 - FEMALE,N - NOT INJURED,0,2,3 - FRONT RIGHT
20741827,No,TYLER POLICE DEPARTMENT,25-004982,TYLER,PEDESTRIAN FAILED TO YIELD RIGHT OF WAY TO VEHICLE,SMITH,2025-04-07,C - POSSIBLE INJURY,0,NO DATA,49 - CHRISTUS MOTHER FRANCES HOSPITAL - TYLER,2.045,,No Data,No Data,No Data,75762,75762,No,KNDJF723977349629,20,1 - MALE,N - NOT INJURED,0,3,5 - SECOND SEAT CENTER
20741827,No,TYLER POLICE DEPARTMENT,25-004982,TYLER,PEDESTRIAN FAILED TO YIELD RIGHT OF WAY TO VEHICLE,SMITH,2025-04-07,C - POSSIBLE INJURY,0,NO DATA,49 - CHRISTUS MOTHER FRANCES HOSPITAL - TYLER,2.045,,59 - PEDESTRIAN FAILED TO YIELD RIGHT OF WAY TO VEHICLE,No Data,No Data,No Data,No Data,No Data,No Data,28,2 - FEMALE,C - POSSIBLE INJURY,0,1,"16 - PEDESTRIAN, PEDALCYCLIST, OR MOTORIZED CONVEYANCE"
20741978,Yes,EL PASO POLICE DEPARTMENT,25-097015,EL PASO,FAILED TO CONTROL SPEED;OTHER (EXPLAIN IN NARRATIVE),EL PASO,2025-04-07,N - NOT INJURED,0,NO DATA,"142 - LAS PALMAS MEDICAL CENTER, A CAMPUS OF LPDS HEALTHCARE",0.567,,22 - FAILED TO CONTROL SPEED,No Data,No Data,79930,79930,No,5YFEPMAE0MP253723,20,2 - FEMALE,N - NOT INJURED,0,1,1 - FRONT LEFT OR MOTORCYCLE DRIVER
20741978,Yes,EL PASO POLICE DEPARTMENT,25-097015,EL PASO,FAILED TO CONTROL SPEED;OTHER (EXPLAIN IN NARRATIVE),EL PASO,2025-04-07,N - NOT INJURED,0,NO DATA,"142 - LAS PALMAS MEDICAL CENTER, A CAMPUS OF LPDS HEALTHCARE",0.567,,22 - FAILED TO CONTROL SPEED,No Data,No Data,79930,79930,No,5YFEPMAE0MP253723,20,2 - FEMALE,N - NOT INJURED,0,2,3 - FRONT RIGHT
20741978,Yes,EL PASO POLICE DEPARTMENT,25-097015,EL PASO,FAILED TO CONTROL SPEED;OTHER (EXPLAIN IN NARRATIVE),EL PASO,2025-04-07,N - NOT INJURED,0,NO DATA,"142 - LAS PALMAS MEDICAL CENTER, A CAMPUS OF LPDS HEALTHCARE",0.567,,22 - FAILED TO CONTROL SPEED,No Data,No Data,79930,79930,No,5YFEPMAE0MP253723,27,1 - MALE,N - NOT INJURED,0,3,6 - SECOND SEAT RIGHT
20741985,Yes,DALLAS POLICE DEPARTMENT,48257-2025,DALLAS,FAILED TO DRIVE IN SINGLE LANE,DALLAS,2025-04-07,N - NOT INJURED,0,NO DATA,86 - DALLAS MEDICAL CENTER,4.463,,23 - FAILED TO DRIVE IN SINGLE LANE,No Data,No Data,75215,75215,No,1N4BL4DV5KC152814,49,2 - FEMALE,N - NOT INJURED,0,1,1 - FRONT LEFT OR MOTORCYCLE DRIVER
20742218,Yes,HUTTO POLICE DEPARTMENT,2025103307,HUTTO,FAILED TO YIELD RIGHT OF WAY - STOP SIGN,WILLIAMSON,2025-04-07,N - NOT INJURED,0,NO DATA,24 - BAYLOR SCOTT & WHITE MEDICAL CENTER - TAYLOR,7.277,,35 - FAILED TO YIELD RIGHT OF WAY - STOP SIGN,No Data,No Data,78621,78758,No,2C3CDXHG7DH514302,32,1 - MALE,N - NOT INJURED,0,1,1 - FRONT LEFT OR MOTORCYCLE DRIVER
20742218,Yes,HUTTO POLICE DEPARTMENT,2025103307,HUTTO,FAILED TO YIELD RIGHT OF WAY - STOP SIGN,WILLIAMSON,2025-04-07,N - NOT INJURED,0,NO DATA,24 - BAYLOR SCOTT & WHITE MEDICAL CENTER - TAYLOR,7.277,,No Data,No Data,No Data,76574,76574,No,1C6RR6LT4HS577630,45,1 - MALE,N - NOT INJURED,0,1,1 - FRONT LEFT OR MOTORCYCLE DRIVER
20742223,No,SHERMAN POLICE DEPARTMENT,250001412,SHERMAN,FOLLOWED TOO CLOSELY,GRAYSON,2025-04-07,N - NOT INJURED,0,NO DATA,303 - WILSON N. JONES REGIONAL MEDICAL CENTER,3.114,,44 - FOLLOWED TOO CLOSELY,No Data,No Data,75442,75442,No,1G11B5SL7FF347231,29,1 - MALE,N - NOT INJURED,0,1,1 - FRONT LEFT OR MOTORCYCLE DRIVER
20742223,No,SHERMAN POLICE DEPARTMENT,250001412,SHERMAN,FOLLOWED TOO CLOSELY,GRAYSON,2025-04-07,N - NOT INJURED,0,NO DATA,303 - WILSON N. JONES REGIONAL MEDICAL CENTER,3.114,,No Data,No Data,No Data,75090,75090,No,1HGCM56887A146700,44,2 - FEMALE,N - NOT INJURED,0,1,1 - FRONT LEFT OR MOTORCYCLE DRIVER
20742353,Yes,SOUTHLAKE POLICE DEPARTMENT,CFS25068594,SOUTHLAKE,CHANGED LANE WHEN UNSAFE,TARRANT,2025-04-07,N - NOT INJURED,0,NO DATA,17 - BAYLOR SCOTT & WHITE MEDICAL CENTER - GRAPEVINE,4.834,,4 - CHANGED LANE WHEN UNSAFE,No Data,No Data,76092,76092,No,SHHFK7H37LU214774,17,1 - MALE,N - NOT INJURED,0,1,1 - FRONT LEFT OR MOTORCYCLE DRIVER
20742353,Yes,SOUTHLAKE POLICE DEPARTMENT,CFS25068594,SOUTHLAKE,CHANGED LANE WHEN UNSAFE,TARRANT,2025-04-07,N - NOT INJURED,0,NO DATA,17 - BAYLOR SCOTT & WHITE MEDICAL CENTER - GRAPEVINE,4.834,,No Data,No Data,No Data,76092,76051,No,5UX43EU0759Z36582,51,2 - FEMALE,N - NOT INJURED,0,1,1 - FRONT LEFT OR MOTORCYCLE DRIVER
20742353,Yes,SOUTHLAKE POLICE DEPARTMENT,CFS25068594,SOUTHLAKE,CHANGED LANE WHEN UNSAFE,TARRANT,2025-04-07,N - NOT INJURED,0,NO DATA,17 - BAYLOR SCOTT & WHITE MEDICAL CENTER - GRAPEVINE,4.834,,No Data,No Data,No Data,76092,76051,No,5UX43EU0759Z36582,18,2 - FEMALE,N - NOT INJURED,0,2,3 - FRONT RIGHT
20742394,Yes,BASTROP COUNTY SHERIFF'S OFFICE,25030698,OUTSIDE CITY LIMITS,FAILED TO CONTROL SPEED,BASTROP,2025-04-07,N - NOT INJURED,0,NO DATA,87 - DELL CHILDRENS MEDICAL CENTER,15.541,AM,22 - FAILED TO CONTROL SPEED,No Data,No Data,78653,78653,No,1NKDXREX0YR861823,50,1 - MALE,N - NOT INJURED,0,1,1 - FRONT LEFT OR MOTORCYCLE DRIVER
20742394,Yes,BASTROP COUNTY SHERIFF'S OFFICE,25030698,OUTSIDE CITY LIMITS,FAILED TO CONTROL SPEED,BASTROP,2025-04-07,N - NOT INJURED,0,NO DATA,87 - DELL CHILDRENS MEDICAL CENTER,15.541,AM,No Data,No Data,No Data,78653,78653,No,3C6UR5GL1MG520477,25,1 - MALE,N - NOT INJURED,0,1,1 - FRONT LEFT OR MOTORCYCLE DRIVER
20742399,Yes,"DEPARTMENT OF PUBLIC SAFETY, STATE OF TEXAS",25-478687,OUTSIDE CITY LIMITS,FAILED TO CONTROL SPEED,WISE,2025-04-07,99 - UNKNOWN,0,NO DATA,299 - WISE HEALTH SYSTEM,14.52,1C,22 - FAILED TO CONTROL SPEED,No Data,No Data,,76234,No,1GTHC29U03Z231928,No Data,99 - UNKNOWN,99 - UNKNOWN,0,1,1 - FRONT LEFT OR MOTORCYCLE DRIVER
20742438,Yes,MONTGOMERY COUNTY SHERIFF'S OFFICE,25A102293,OUTSIDE CITY LIMITS,FAILED TO DRIVE IN SINGLE LANE,MONTGOMERY,2025-04-07,N - NOT INJURED,0,NO DATA,116 - HCA HOUSTON HEALTHCARE CONROE,12.914,,23 - FAILED TO DRIVE IN SINGLE LANE,No Data,No Data,77318,77318,No,3GNEC12Z75G147151,No Data,1 - MALE,N - NOT INJURED,0,1,1 - FRONT LEFT OR MOTORCYCLE DRIVER
20742438,Yes,MONTGOMERY COUNTY SHERIFF'S OFFICE,25A102293,OUTSIDE CITY LIMITS,FAILED TO DRIVE IN SINGLE LANE,MONTGOMERY,2025-04-07,N - NOT INJURED,0,NO DATA,116 - HCA HOUSTON HEALTHCARE CONROE,12.914,,No Data,No Data,No Data,75851,75791,No,1M2LR1GC6PM007283,No Data,1 - MALE,N - NOT INJURED,0,1,3 - FRONT RIGHT
20742482,Yes,SAN ANGELO POLICE DEPARTMENT,20250003791,SAN ANGELO,FAILED TO YIELD RIGHT OF WAY - STOP SIGN,TOM GREEN,2025-04-07,N - NOT INJURED,0,NO DATA,230 - SHANNON MEDICAL CENTER,0.311,,35 - FAILED TO YIELD RIGHT OF WAY - STOP SIGN,No Data,No Data,76904,76904,No,1FTFW1CT4EFC15356,34,1 - MALE,N - NOT INJURED,0,1,1 - FRONT LEFT OR MOTORCYCLE DRIVER
20742482,Yes,SAN ANGELO POLICE DEPARTMENT,20250003791,SAN ANGELO,FAILED TO YIELD RIGHT OF WAY - STOP SIGN,TOM GREEN,2025-04-07,N - NOT INJURED,0,NO DATA,230 - SHANNON MEDICAL CENTER,0.311,,No Data,No Data,No Data,76901,76901,No,5TFCZ5AN8HX117919,37,1 - MALE,N - NOT INJURED,0,1,1 - FRONT LEFT OR MOTORCYCLE DRIVER
20742504,Yes,LAREDO POLICE DEPARTMENT,2025-00055073,LAREDO,BACKED WITHOUT SAFETY,WEBB,2025-04-07,N - NOT INJURED,0,NO DATA,No Data,No Data,,3 - BACKED WITHOUT SAFETY,No Data,No Data,78045,78045,No,1FDWE3F67JDC36594,70,1 - MALE,N - NOT INJURED,0,1,1 - FRONT LEFT OR MOTORCYCLE DRIVER
20742505,No,LAREDO POLICE DEPARTMENT,2025-00055069,LAREDO,FAILED TO CONTROL SPEED,WEBB,2025-04-07,N - NOT INJURED,0,NO DATA,99 - DOCTORS HOSPITAL OF LAREDO,0.959,,22 - FAILED TO CONTROL SPEED,No Data,No Data,78045,78045,No,3FA6P0HD2GR156327,32,1 - MALE,N - NOT INJURED,0,1,1 - FRONT LEFT OR MOTORCYCLE DRIVER
20742505,No,LAREDO POLICE DEPARTMENT,2025-00055069,LAREDO,FAILED TO CONTROL SPEED,WEBB,2025-04-07,N - NOT INJURED,0,NO DATA,99 - DOCTORS HOSPITAL OF LAREDO,0.959,,No Data,No Data,No Data,78045,78045,No,1HGCV1F13JA190894,54,2 - FEMALE,N - NOT INJURED,0,1,1 - FRONT LEFT OR MOTORCYCLE DRIVER
20742506,Yes,LAREDO POLICE DEPARTMENT,2025-00055062,LAREDO,FAILED TO CONTROL SPEED,WEBB,2025-04-07,N - NOT INJURED,0,NO DATA,141 - LAREDO MEDICAL CENTER,2.754,2,22 - FAILED TO CONTROL SPEED,No Data,No Data,78043,78043,No,1N4BL4BV3KN323017,38,2 - FEMALE,N - NOT INJURED,0,1,1 - FRONT LEFT OR MOTORCYCLE DRIVER
20742506,Yes,LAREDO POLICE DEPARTMENT,2025-00055062,LAREDO,FAILED TO CONTROL SPEED,WEBB,2025-04-07,N - NOT INJURED,0,NO DATA,141 - LAREDO MEDICAL CENTER,2.754,2,No Data,No Data,No Data,78043,78043,No,N1CP5CV1PL5655659,61,1 - MALE,N - NOT INJURED,0,1,1 - FRONT LEFT OR MOTORCYCLE DRIVER
20742511,Yes,FERRIS POLICE DEPARTMENT,2500004852,RED OAK,IMPAIRED VISIBILITY (EXPLAIN IN NARRATIVE),ELLIS,2025-04-07,C - POSSIBLE INJURY,0,NO DATA,30 - BAYLOR SCOTT & WHITE MEDICAL CENTER AT WAXAHACHIE,10.781,,48 - IMPAIRED VISIBILITY (EXPLAIN IN NARRATIVE),No Data,No Data,75154,75132,No,1M1AW02Y5CM017914,56,1 - MALE,N - NOT INJURED,0,1,1 - FRONT LEFT OR MOTORCYCLE DRIVER
20742511,Yes,FERRIS POLICE DEPARTMENT,2500004852,RED OAK,IMPAIRED VISIBILITY (EXPLAIN IN NARRATIVE),ELLIS,2025-04-07,C - POSSIBLE INJURY,0,NO DATA,30 - BAYLOR SCOTT & WHITE MEDICAL CENTER AT WAXAHACHIE,10.781,,No Data,No Data,No Data,76014,75201,No,2NP3LJ0X1LM675167,46,2 - FEMALE,C - POSSIBLE INJURY,0,1,1 - FRONT LEFT OR MOTORCYCLE DRIVER
20742511,Yes,FERRIS POLICE DEPARTMENT,2500004852,RED OAK,IMPAIRED VISIBILITY (EXPLAIN IN NARRATIVE),ELLIS,2025-04-07,C - POSSIBLE INJURY,0,NO DATA,30 - BAYLOR SCOTT & WHITE MEDICAL CENTER AT WAXAHACHIE,10.781,,No Data,No Data,No Data,76014,75201,No,2NP3LJ0X1LM675167,52,1 - MALE,C - POSSIBLE INJURY,0,2,11 - OUTSIDE VEHICLE
20742523,Yes,DALLAS POLICE DEPARTMENT,48303-2025,DALLAS,FAILED TO YIELD RIGHT OF WAY - TURNING LEFT,DALLAS,2025-04-07,B - SUSPECTED MINOR INJURY,0,NO DATA,297 - WILLIAM P. CLEMENTS UNIVERSITY HOSPITAL,0.948,,37 - FAILED TO YIELD RIGHT OF WAY - TURNING LEFT,No Data,No Data,75114,75114,No,5J6RE4H49BL057235,60,2 - FEMALE,B - SUSPECTED MINOR INJURY,1,1,1 - FRONT LEFT OR MOTORCYCLE DRIVER
20742523,Yes,DALLAS POLICE DEPARTMENT,48303-2025,DALLAS,FAILED TO YIELD RIGHT OF WAY - TURNING LEFT,DALLAS,2025-04-07,B - SUSPECTED MINOR INJURY,0,NO DATA,297 - WILLIAM P. CLEMENTS UNIVERSITY HOSPITAL,0.948,,No Data,No Data,No Data,75234,75234,No,2G1WB5E37E1175175,49,1 - MALE,B - SUSPECTED MINOR INJURY,1,1,1 - FRONT LEFT OR MOTORCYCLE DRIVER
20742535,Yes,MINERAL WELLS POLICE DEPARTMENT,250000634,MINERAL WELLS,DRIVER INATTENTION; FOLLOWED TOO CLOSELY,PALO PINTO,2025-04-07,N - NOT INJURED,0,NO DATA,211 - PALO PINTO GENERAL HOSPITAL,4.697,,44 - FOLLOWED TOO CLOSELY,20 - DRIVER INATTENTION,No Data,76088,79356-0000,No,5NPLM4AG8MH001846,21,2 - FEMALE,N - NOT INJURED,0,1,1 - FRONT LEFT OR MOTORCYCLE DRIVER
20742535,Yes,MINERAL WELLS POLICE DEPARTMENT,250000634,MINERAL WELLS,DRIVER INATTENTION; FOLLOWED TOO CLOSELY,PALO PINTO,2025-04-07,N - NOT INJURED,0,NO DATA,211 - PALO PINTO GENERAL HOSPITAL,4.697,,No Data,No Data,No Data,76067,,No,KMHWF35H05A184068,22,2 - FEMALE,N - NOT INJURED,0,1,1 - FRONT LEFT OR MOTORCYCLE DRIVER
20742535,Yes,MINERAL WELLS POLICE DEPARTMENT,250000634,MINERAL WELLS,DRIVER INATTENTION; FOLLOWED TOO CLOSELY,PALO PINTO,2025-04-07,N - NOT INJURED,0,NO DATA,211 - PALO PINTO GENERAL HOSPITAL,4.697,,No Data,No Data,No Data,76067,,No,KMHWF35H05A184068,2,1 - MALE,N - NOT INJURED,0,2,6 - SECOND SEAT RIGHT
20742581,Yes,QUINLAN POLICE DEPARTMENT,250407803C1,QUINLAN,CHANGED LANE WHEN UNSAFE,HUNT,2025-04-07,N - NOT INJURED,0,NO DATA,133 - HUNT REGIONAL HEALTHCARE,14.617,,4 - CHANGED LANE WHEN UNSAFE,No Data,No Data,75243,75243,No,1FTNS24W17DB38157,28,1 - MALE,N - NOT INJURED,0,1,1 - FRONT LEFT OR MOTORCYCLE DRIVER
20742581,Yes,QUINLAN POLICE DEPARTMENT,250407803C1,QUINLAN,CHANGED LANE WHEN UNSAFE,HUNT,2025-04-07,N - NOT INJURED,0,NO DATA,133 - HUNT REGIONAL HEALTHCARE,14.617,,4 - CHANGED LANE WHEN UNSAFE,No Data,No Data,75243,75243,No,1FTNS24W17DB38157,27,1 - MALE,N - NOT INJURED,0,2,3 - FRONT RIGHT
20742581,Yes,QUINLAN POLICE DEPARTMENT,250407803C1,QUINLAN,CHANGED LANE WHEN UNSAFE,HUNT,2025-04-07,N - NOT INJURED,0,NO DATA,133 - HUNT REGIONAL HEALTHCARE,14.617,,4 - CHANGED LANE WHEN UNSAFE,No Data,No Data,75243,75243,No,1FTNS24W17DB38157,28,1 - MALE,N - NOT INJURED,0,3,5 - SECOND SEAT CENTER
20742581,Yes,QUINLAN POLICE DEPARTMENT,250407803C1,QUINLAN,CHANGED LANE WHEN UNSAFE,HUNT,2025-04-07,N - NOT INJURED,0,NO DATA,133 - HUNT REGIONAL HEALTHCARE,14.617,,No Data,No Data,No Data,75169,75169,No,1FMCU0F71EUC59730,25,2 - FEMALE,N - NOT INJURED,0,1,1 - FRONT LEFT OR MOTORCYCLE DRIVER
20742581,Yes,QUINLAN POLICE DEPARTMENT,250407803C1,QUINLAN,CHANGED LANE WHEN UNSAFE,HUNT,2025-04-07,N - NOT INJURED,0,NO DATA,133 - HUNT REGIONAL HEALTHCARE,14.617,,No Data,No Data,No Data,75169,75169,No,1FMCU0F71EUC59730,26,1 - MALE,N - NOT INJURED,0,2,3 - FRONT RIGHT
20742581,Yes,QUINLAN POLICE DEPARTMENT,250407803C1,QUINLAN,CHANGED LANE WHEN UNSAFE,HUNT,2025-04-07,N - NOT INJURED,0,NO DATA,133 - HUNT REGIONAL HEALTHCARE,14.617,,No Data,No Data,No Data,75169,75169,No,1FMCU0F71EUC59730,7,1 - MALE,N - NOT INJURED,0,3,4 - SECOND SEAT LEFT OR MOTORCYCLE BACK PASSENGER
20742581,Yes,QUINLAN POLICE DEPARTMENT,250407803C1,QUINLAN,CHANGED LANE WHEN UNSAFE,HUNT,2025-04-07,N - NOT INJURED,0,NO DATA,133 - HUNT REGIONAL HEALTHCARE,14.617,,No Data,No Data,No Data,75169,75169,No,1FMCU0F71EUC59730,0,1 - MALE,N - NOT INJURED,0,4,5 - SECOND SEAT CENTER
20742627,Yes,FORT BEND COUNTY CONSTABLE PRECINCT 4,25-13792,OUTSIDE CITY LIMITS,FAILED TO YIELD RIGHT OF WAY - STOP SIGN,FORT BEND,2025-04-07,B - SUSPECTED MINOR INJURY,0,NO DATA,121 - HCA HOUSTON HEALTHCARE WEST,5.533,,35 - FAILED TO YIELD RIGHT OF WAY - STOP SIGN,No Data,No Data,77083,77083,No,1C6RREJT9KN558591,53,2 - FEMALE,B - SUSPECTED MINOR INJURY,1,1,1 - FRONT LEFT OR MOTORCYCLE DRIVER
20742627,Yes,FORT BEND COUNTY CONSTABLE PRECINCT 4,25-13792,OUTSIDE CITY LIMITS,FAILED TO YIELD RIGHT OF WAY - STOP SIGN,FORT BEND,2025-04-07,B - SUSPECTED MINOR INJURY,0,NO DATA,121 - HCA HOUSTON HEALTHCARE WEST,5.533,,No Data,No Data,No Data,77083,77083,No,1FMCU0D79CKC81843,53,2 - FEMALE,B - SUSPECTED MINOR INJURY,1,1,1 - FRONT LEFT OR MOTORCYCLE DRIVER
20742659,Yes,FORNEY POLICE DEPARTMENT,2025-06235,FORNEY,FAILED TO CONTROL SPEED,KAUFMAN,2025-04-07,C - POSSIBLE INJURY,0,NO DATA,85 - DALLAS REGIONAL MEDICAL CENTER,10.37,,22 - FAILED TO CONTROL SPEED,No Data,No Data,75149,75149,No,4T1G11AK6MU414525,19,2 - FEMALE,N - NOT INJURED,0,1,1 - FRONT LEFT OR MOTORCYCLE DRIVER
20742659,Yes,FORNEY POLICE DEPARTMENT,2025-06235,FORNEY,FAILED TO CONTROL SPEED,KAUFMAN,2025-04-07,C - POSSIBLE INJURY,0,NO DATA,85 - DALLAS REGIONAL MEDICAL CENTER,10.37,,22 - FAILED TO CONTROL SPEED,No Data,No Data,75149,75149,No,4T1G11AK6MU414525,19,2 - FEMALE,N - NOT INJURED,0,2,3 - FRONT RIGHT
20742659,Yes,FORNEY POLICE DEPARTMENT,2025-06235,FORNEY,FAILED TO CONTROL SPEED,KAUFMAN,2025-04-07,C - POSSIBLE INJURY,0,NO DATA,85 - DALLAS REGIONAL MEDICAL CENTER,10.37,,22 - FAILED TO CONTROL SPEED,No Data,No Data,75149,75149,No,4T1G11AK6MU414525,21,2 - FEMALE,C - POSSIBLE INJURY,0,3,6 - SECOND SEAT RIGHT
20742659,Yes,FORNEY POLICE DEPARTMENT,2025-06235,FORNEY,FAILED TO CONTROL SPEED,KAUFMAN,2025-04-07,C - POSSIBLE INJURY,0,NO DATA,85 - DALLAS REGIONAL MEDICAL CENTER,10.37,,No Data,No Data,No Data,75228,75228,No,5TDKDRAH1PS029956,39,1 - MALE,C - POSSIBLE INJURY,0,1,1 - FRONT LEFT OR MOTORCYCLE DRIVER
20742659,Yes,FORNEY POLICE DEPARTMENT,2025-06235,FORNEY,FAILED TO CONTROL SPEED,KAUFMAN,2025-04-07,C - POSSIBLE INJURY,0,NO DATA,85 - DALLAS REGIONAL MEDICAL CENTER,10.37,,No Data,No Data,No Data,75228,75228,No,5TDKDRAH1PS029956,38,2 - FEMALE,N - NOT INJURED,0,2,6 - SECOND SEAT RIGHT
20742659,Yes,FORNEY POLICE DEPARTMENT,2025-06235,FORNEY,FAILED TO CONTROL SPEED,KAUFMAN,2025-04-07,C - POSSIBLE INJURY,0,NO DATA,85 - DALLAS REGIONAL MEDICAL CENTER,10.37,,No Data,No Data,No Data,75228,75228,No,5TDKDRAH1PS029956,40,1 - MALE,N - NOT INJURED,0,3,4 - SECOND SEAT LEFT OR MOTORCYCLE BACK PASSENGER
20742659,Yes,FORNEY POLICE DEPARTMENT,2025-06235,FORNEY,FAILED TO CONTROL SPEED,KAUFMAN,2025-04-07,C - POSSIBLE INJURY,0,NO DATA,85 - DALLAS REGIONAL MEDICAL CENTER,10.37,,No Data,No Data,No Data,75228,75228,No,5TDKDRAH1PS029956,35,1 - MALE,N - NOT INJURED,0,4,9 - THIRD SEAT RIGHT
20742669,Yes,"DEPARTMENT OF PUBLIC SAFETY, STATE OF TEXAS",TX 2025-537209,OUTSIDE CITY LIMITS,FAILED TO PASS TO LEFT SAFELY; SPEEDING - (OVERLIMIT),MEDINA,2025-04-07,N - NOT INJURED,0,NO DATA,65 - CHRISTUS SANTA ROSA HOSPITAL - WESTOVER HILLS,11.371,6C,26 - FAILED TO PASS TO LEFT SAFELY,No Data,No Data,78066,78066,No,1HGCM56445L003709,18,2 - FEMALE,N - NOT INJURED,0,1,1 - FRONT LEFT OR MOTORCYCLE DRIVER
20742669,Yes,"DEPARTMENT OF PUBLIC SAFETY, STATE OF TEXAS",TX 2025-537209,OUTSIDE CITY LIMITS,FAILED TO PASS TO LEFT SAFELY; SPEEDING - (OVERLIMIT),MEDINA,2025-04-07,N - NOT INJURED,0,NO DATA,65 - CHRISTUS SANTA ROSA HOSPITAL - WESTOVER HILLS,11.371,6C,No Data,No Data,No Data,78056,78056,No,1B7KM26C9PS214185,16,1 - MALE,N - NOT INJURED,0,1,1 - FRONT LEFT OR MOTORCYCLE DRIVER
20742671,Yes,SAN ANTONIO POLICE DEPARTMENT,SAPD25068662,SAN ANTONIO,DRIVER INATTENTION,BEXAR,2025-04-07,N - NOT INJURED,0,NO DATA,182 - METROPOLITAN METHODIST HOSPITAL,1.508,20,20 - DRIVER INATTENTION,No Data,No Data,78207,78216,No,1GCWGBFF5G1338303,46,1 - MALE,N - NOT INJURED,0,1,1 - FRONT LEFT OR MOTORCYCLE DRIVER
20742671,Yes,SAN ANTONIO POLICE DEPARTMENT,SAPD25068662,SAN ANTONIO,DRIVER INATTENTION,BEXAR,2025-04-07,N - NOT INJURED,0,NO DATA,182 - METROPOLITAN METHODIST HOSPITAL,1.508,20,No Data,No Data,No Data,78211,78211,No,4A4AP3AU1EE011112,40,2 - FEMALE,N - NOT INJURED,0,1,1 - FRONT LEFT OR MOTORCYCLE DRIVER
20742671,Yes,SAN ANTONIO POLICE DEPARTMENT,SAPD25068662,SAN ANTONIO,DRIVER INATTENTION,BEXAR,2025-04-07,N - NOT INJURED,0,NO DATA,182 - METROPOLITAN METHODIST HOSPITAL,1.508,20,No Data,No Data,No Data,78211,78211,No,4A4AP3AU1EE011112,10,1 - MALE,N - NOT INJURED,0,2,3 - FRONT RIGHT
20742671,Yes,SAN ANTONIO POLICE DEPARTMENT,SAPD25068662,SAN ANTONIO,DRIVER INATTENTION,BEXAR,2025-04-07,N - NOT INJURED,0,NO DATA,182 - METROPOLITAN METHODIST HOSPITAL,1.508,20,No Data,No Data,No Data,78211,78211,No,4A4AP3AU1EE011112,7,2 - FEMALE,N - NOT INJURED,0,3,6 - SECOND SEAT RIGHT
20742671,Yes,SAN ANTONIO POLICE DEPARTMENT,SAPD25068662,SAN ANTONIO,DRIVER INATTENTION,BEXAR,2025-04-07,N - NOT INJURED,0,NO DATA,182 - METROPOLITAN METHODIST HOSPITAL,1.508,20,No Data,No Data,No Data,78207,78207,No,1FTRW07W01KD90586,52,1 - MALE,N - NOT INJURED,0,1,1 - FRONT LEFT OR MOTORCYCLE DRIVER
20742696,Yes,SAN ANTONIO POLICE DEPARTMENT,SAPD25068670,SAN ANTONIO,CHANGED LANE WHEN UNSAFE; PASSED ON RIGHT SHOULDER,BEXAR,2025-04-07,N - NOT INJURED,0,NO DATA,34 - BROOKE ARMY MEDICAL CENTER,4.08,40,58 - PASSED ON SHOULDER,No Data,No Data,78222,78216,No,1N6ED0CE2MN713358,40,1 - MALE,N - NOT INJURED,0,1,1 - FRONT LEFT OR MOTORCYCLE DRIVER
20742696,Yes,SAN ANTONIO POLICE DEPARTMENT,SAPD25068670,SAN ANTONIO,CHANGED LANE WHEN UNSAFE; PASSED ON RIGHT SHOULDER,BEXAR,2025-04-07,N - NOT INJURED,0,NO DATA,34 - BROOKE ARMY MEDICAL CENTER,4.08,40,4 - CHANGED LANE WHEN UNSAFE,No Data,No Data,78263,78263,No,WP0AB2A77AL062842,42,1 - MALE,N - NOT INJURED,0,1,1 - FRONT LEFT OR MOTORCYCLE DRIVER
20742707,Yes,SAN ANTONIO POLICE DEPARTMENT,SAPD25068738,SAN ANTONIO,OVERTAKE AND PASS INSUFFICIENT CLEARANCE,BEXAR,2025-04-07,N - NOT INJURED,0,NO DATA,12 - BAPTIST MEDICAL CENTER,1.008,08,53 - OVERTAKE AND PASS INSUFFICIENT CLEARANCE,No Data,No Data,781009,781009,No,3HAEUMML3LL812885,54,1 - MALE,N - NOT INJURED,0,1,1 - FRONT LEFT OR MOTORCYCLE DRIVER
20742714,Yes,CEDAR PARK POLICE DEPARTMENT,2504-0110,CEDAR PARK,DISREGARD STOP AND GO SIGNAL,WILLIAMSON,2025-04-07,C - POSSIBLE INJURY,0,NO DATA,37 - CEDAR PARK REGIONAL MEDICAL CENTER,3.656,,15 - DISREGARD STOP AND GO SIGNAL,No Data,No Data,78717,78752,No,JHLRD78873C000095,55,1 - MALE,N - NOT INJURED,0,1,1 - FRONT LEFT OR MOTORCYCLE DRIVER
20742714,Yes,CEDAR PARK POLICE DEPARTMENT,2504-0110,CEDAR PARK,DISREGARD STOP AND GO SIGNAL,WILLIAMSON,2025-04-07,C - POSSIBLE INJURY,0,NO DATA,37 - CEDAR PARK REGIONAL MEDICAL CENTER,3.656,,No Data,No Data,No Data,78613,63011,No,1GTR1LECXHZ301567,39,2 - FEMALE,C - POSSIBLE INJURY,0,1,1 - FRONT LEFT OR MOTORCYCLE DRIVER
20742739,Yes,PROSPER POLICE DEPARTMENT,25008744,PROSPER,FAILED TO YIELD RIGHT OF WAY - STOP SIGN;IMPAIRED VISIBILITY (EXPLAIN IN NARRATIVE),DENTON,2025-04-07,C - POSSIBLE INJURY,0,NO DATA,"154 - MEDICAL CITY FRISCO, A MEDICAL CENTER OF PLANO FACILITY",6.745,,48 - IMPAIRED VISIBILITY (EXPLAIN IN NARRATIVE),35 - FAILED TO YIELD RIGHT OF WAY - STOP SIGN,No Data,76227,75075,No,KNAGM4A70B5121779,36,1 - MALE,N - NOT INJURED,0,1,1 - FRONT LEFT OR MOTORCYCLE DRIVER
20742739,Yes,PROSPER POLICE DEPARTMENT,25008744,PROSPER,FAILED TO YIELD RIGHT OF WAY - STOP SIGN;IMPAIRED VISIBILITY (EXPLAIN IN NARRATIVE),DENTON,2025-04-07,C - POSSIBLE INJURY,0,NO DATA,"154 - MEDICAL CITY FRISCO, A MEDICAL CENTER OF PLANO FACILITY",6.745,,No Data,No Data,No Data,76227,76227,No,JTDBT923571110235,30,2 - FEMALE,C - POSSIBLE INJURY,0,1,1 - FRONT LEFT OR MOTORCYCLE DRIVER
20742739,Yes,PROSPER POLICE DEPARTMENT,25008744,PROSPER,FAILED TO YIELD RIGHT OF WAY - STOP SIGN;IMPAIRED VISIBILITY (EXPLAIN IN NARRATIVE),DENTON,2025-04-07,C - POSSIBLE INJURY,0,NO DATA,"154 - MEDICAL CITY FRISCO, A MEDICAL CENTER OF PLANO FACILITY",6.745,,No Data,No Data,No Data,76227,76227,No,JTDBT923571110235,8,1 - MALE,C - POSSIBLE INJURY,0,2,5 - SECOND SEAT CENTER
20742739,Yes,PROSPER POLICE DEPARTMENT,25008744,PROSPER,FAILED TO YIELD RIGHT OF WAY - STOP SIGN;IMPAIRED VISIBILITY (EXPLAIN IN NARRATIVE),DENTON,2025-04-07,C - POSSIBLE INJURY,0,NO DATA,"154 - MEDICAL CITY FRISCO, A MEDICAL CENTER OF PLANO FACILITY",6.745,,No Data,No Data,No Data,76227,76227,No,JTDBT923571110235,5,1 - MALE,C - POSSIBLE INJURY,0,3,7 - THIRD SEAT LEFT
20742739,Yes,PROSPER POLICE DEPARTMENT,25008744,PROSPER,FAILED TO YIELD RIGHT OF WAY - STOP SIGN;IMPAIRED VISIBILITY (EXPLAIN IN NARRATIVE),DENTON,2025-04-07,C - POSSIBLE INJURY,0,NO DATA,"154 - MEDICAL CITY FRISCO, A MEDICAL CENTER OF PLANO FACILITY",6.745,,No Data,No Data,No Data,76227,76227,No,JTDBT923571110235,4,1 - MALE,C - POSSIBLE INJURY,0,4,6 - SECOND SEAT RIGHT
20742752,No,GILMER POLICE DEPARTMENT,25-050,GILMER,DRIVER INATTENTION; FAILED TO CONTROL SPEED,UPSHUR,2025-04-07,N - NOT INJURED,0,NO DATA,149 - LONGVIEW REGIONAL MEDICAL CENTER,18.664,,20 - DRIVER INATTENTION,22 - FAILED TO CONTROL SPEED,No Data,75644,75644,No,1G1ND52J52M539280,46,1 - MALE,N - NOT INJURED,0,1,1 - FRONT LEFT OR MOTORCYCLE DRIVER
20742752,No,GILMER POLICE DEPARTMENT,25-050,GILMER,DRIVER INATTENTION; FAILED TO CONTROL SPEED,UPSHUR,2025-04-07,N - NOT INJURED,0,NO DATA,149 - LONGVIEW REGIONAL MEDICAL CENTER,18.664,,20 - DRIVER INATTENTION,22 - FAILED TO CONTROL SPEED,No Data,75644,75644,No,1G1ND52J52M539280,9,2 - FEMALE,N - NOT INJURED,0,2,6 - SECOND SEAT RIGHT
20742752,No,GILMER POLICE DEPARTMENT,25-050,GILMER,DRIVER INATTENTION; FAILED TO CONTROL SPEED,UPSHUR,2025-04-07,N - NOT INJURED,0,NO DATA,149 - LONGVIEW REGIONAL MEDICAL CENTER,18.664,,No Data,No Data,No Data,75656,75656,No,1FTEW1C53KFA64552,20,1 - MALE,N - NOT INJURED,0,1,1 - FRONT LEFT OR MOTORCYCLE DRIVER
20742755,Yes,"DEPARTMENT OF PUBLIC SAFETY, STATE OF TEXAS",25-536802,OUTSIDE CITY LIMITS,ANIMAL ON ROAD - WILD,VAN ZANDT,2025-04-07,N - NOT INJURED,0,NO DATA,283 - UT HEALTH EAST TEXAS QUITMAN HOSPITAL,15.356,1B,2 - ANIMAL ON ROAD - WILD,No Data,No Data,75771,75771,No,2GCUDEED9R1201329,42,1 - MALE,N - NOT INJURED,0,1,1 - FRONT LEFT OR MOTORCYCLE DRIVER
20742800,Yes,SAN ANTONIO POLICE DEPARTMENT,SAPD25068700,SAN ANTONIO,DRIVER INATTENTION; FAILED TO CONTROL SPEED; FAULTY EVASIVE ACTION; FOLLOWED TOO CLOSELY,BEXAR,2025-04-07,N - NOT INJURED,0,NO DATA,34 - BROOKE ARMY MEDICAL CENTER,1.883,40,20 - DRIVER INATTENTION,22 - FAILED TO CONTROL SPEED,41 - FAULTY EVASIVE ACTION,78220,78220,No,JN8AS5MT6DW551668,51,2 - FEMALE,N - NOT INJURED,0,1,1 - FRONT LEFT OR MOTORCYCLE DRIVER
20742800,Yes,SAN ANTONIO POLICE DEPARTMENT,SAPD25068700,SAN ANTONIO,DRIVER INATTENTION; FAILED TO CONTROL SPEED; FAULTY EVASIVE ACTION; FOLLOWED TOO CLOSELY,BEXAR,2025-04-07,N - NOT INJURED,0,NO DATA,34 - BROOKE ARMY MEDICAL CENTER,1.883,40,No Data,No Data,No Data,78220,78220,No,3GCEC13CX8G277237,65,1 - MALE,N - NOT INJURED,0,1,1 - FRONT LEFT OR MOTORCYCLE DRIVER
20742800,Yes,SAN ANTONIO POLICE DEPARTMENT,SAPD25068700,SAN ANTONIO,DRIVER INATTENTION; FAILED TO CONTROL SPEED; FAULTY EVASIVE ACTION; FOLLOWED TOO CLOSELY,BEXAR,2025-04-07,N - NOT INJURED,0,NO DATA,34 - BROOKE ARMY MEDICAL CENTER,1.883,40,No Data,No Data,No Data,78220,78220,No,3GCEC13CX8G277237,64,2 - FEMALE,N - NOT INJURED,0,2,3 - FRONT RIGHT
20742800,Yes,SAN ANTONIO POLICE DEPARTMENT,SAPD25068700,SAN ANTONIO,DRIVER INATTENTION; FAILED TO CONTROL SPEED; FAULTY EVASIVE ACTION; FOLLOWED TOO CLOSELY,BEXAR,2025-04-07,N - NOT INJURED,0,NO DATA,34 - BROOKE ARMY MEDICAL CENTER,1.883,40,No Data,No Data,No Data,78220,78220,No,3GCEC13CX8G277237,14,2 - FEMALE,N - NOT INJURED,0,3,6 - SECOND SEAT RIGHT
20742810,No,CANTON POLICE DEPARTMENT,25-001875,CANTON,FAILED TO DRIVE IN SINGLE LANE,VAN ZANDT,2025-04-07,N - NOT INJURED,0,NO DATA,283 - UT HEALTH EAST TEXAS QUITMAN HOSPITAL,26.726,,No Data,No Data,No Data,75169,75604,No,1GB3CYCG7HF193238,25,1 - MALE,N - NOT INJURED,0,1,1 - FRONT LEFT OR MOTORCYCLE DRIVER
20742810,No,CANTON POLICE DEPARTMENT,25-001875,CANTON,FAILED TO DRIVE IN SINGLE LANE,VAN ZANDT,2025-04-07,N - NOT INJURED,0,NO DATA,283 - UT HEALTH EAST TEXAS QUITMAN HOSPITAL,26.726,,No Data,No Data,No Data,75790,75604,No,1HA3GRC78MN011550,40,1 - MALE,N - NOT INJURED,0,1,1 - FRONT LEFT OR MOTORCYCLE DRIVER
20742810,No,CANTON POLICE DEPARTMENT,25-001875,CANTON,FAILED TO DRIVE IN SINGLE LANE,VAN ZANDT,2025-04-07,N - NOT INJURED,0,NO DATA,283 - UT HEALTH EAST TEXAS QUITMAN HOSPITAL,26.726,,No Data,No Data,No Data,75790,75604,No,1HA3GRC78MN011550,52,1 - MALE,N - NOT INJURED,0,2,3 - FRONT RIGHT
20742810,No,CANTON POLICE DEPARTMENT,25-001875,CANTON,FAILED TO DRIVE IN SINGLE LANE,VAN ZANDT,2025-04-07,N - NOT INJURED,0,NO DATA,283 - UT HEALTH EAST TEXAS QUITMAN HOSPITAL,26.726,,No Data,No Data,No Data,75790,75604,No,1HA3GRC78MN011550,19,1 - MALE,N - NOT INJURED,0,3,13 - OTHER IN VEHICLE
20742850,Yes,HOUSTON POLICE DEPARTMENT,0044362425L,HOUSTON,TURNED WHEN UNSAFE,HARRIS,2025-04-07,N - NOT INJURED,0,NO DATA,No Data,No Data,F,66 - TURNED WHEN UNSAFE,No Data,No Data,,77083,No,1GC1CUEGXHF176894,No Data,99 - UNKNOWN,99 - UNKNOWN,0,1,99 - UNKNOWN
20742850,Yes,HOUSTON POLICE DEPARTMENT,0044362425L,HOUSTON,TURNED WHEN UNSAFE,HARRIS,2025-04-07,N - NOT INJURED,0,NO DATA,No Data,No Data,F,No Data,No Data,No Data,77041,77041,No,3MZBN1L36JM255981,30,2 - FEMALE,N - NOT INJURED,0,1,1 - FRONT LEFT OR MOTORCYCLE DRIVER
20742940,No,LEWISVILLE POLICE DEPARTMENT,25-02743,LEWISVILLE,CHANGED LANE WHEN UNSAFE,DENTON,2025-04-07,N - NOT INJURED,0,NO DATA,156 - MEDICAL CITY LEWISVILLE,0.194,,No Data,No Data,No Data,75028,60143,No,1FTEW1EPXMKE17295,53,1 - MALE,N - NOT INJURED,0,1,1 - FRONT LEFT OR MOTORCYCLE DRIVER
20742940,No,LEWISVILLE POLICE DEPARTMENT,25-02743,LEWISVILLE,CHANGED LANE WHEN UNSAFE,DENTON,2025-04-07,N - NOT INJURED,0,NO DATA,156 - MEDICAL CITY LEWISVILLE,0.194,,No Data,No Data,No Data,75065,75022,No,1FT8W2BM2REC03629,29,1 - MALE,N - NOT INJURED,0,1,1 - FRONT LEFT OR MOTORCYCLE DRIVER
20742957,Yes,HEREFORD POLICE DEPARTMENT,2025-003973,HEREFORD,FAILED TO CONTROL SPEED; FAILED TO DRIVE IN SINGLE LANE,DEAF SMITH,2025-04-07,99 - UNKNOWN,0,NO DATA,129 - HEREFORD REGIONAL MEDICAL CENTER,1.84,,23 - FAILED TO DRIVE IN SINGLE LANE,22 - FAILED TO CONTROL SPEED,No Data,,79045,Yes,1N6HD16S5SC456080,No Data,99 - UNKNOWN,99 - UNKNOWN,0,1,1 - FRONT LEFT OR MOTORCYCLE DRIVER
20742968,Yes,DENTON POLICE DEPARTMENT,25057137,DENTON,DISTRACTION IN VEHICLE; FAILED TO CONTROL SPEED,DENTON,2025-04-07,N - NOT INJURED,0,NO DATA,152 - MEDICAL CITY DENTON,1.513,,22 - FAILED TO CONTROL SPEED,19 - DISTRACTION IN VEHICLE,No Data,76208,76208,No,2FMTK3J92FBB04384,32,1 - MALE,N - NOT INJURED,0,1,1 - FRONT LEFT OR MOTORCYCLE DRIVER
20742968,Yes,DENTON POLICE DEPARTMENT,25057137,DENTON,DISTRACTION IN VEHICLE; FAILED TO CONTROL SPEED,DENTON,2025-04-07,N - NOT INJURED,0,NO DATA,152 - MEDICAL CITY DENTON,1.513,,22 - FAILED TO CONTROL SPEED,19 - DISTRACTION IN VEHICLE,No Data,76208,76208,No,2FMTK3J92FBB04384,0,2 - FEMALE,N - NOT INJURED,0,2,4 - SECOND SEAT LEFT OR MOTORCYCLE BACK PASSENGER
20742968,Yes,DENTON POLICE DEPARTMENT,25057137,DENTON,DISTRACTION IN VEHICLE; FAILED TO CONTROL SPEED,DENTON,2025-04-07,N - NOT INJURED,0,NO DATA,152 - MEDICAL CITY DENTON,1.513,,22 - FAILED TO CONTROL SPEED,19 - DISTRACTION IN VEHICLE,No Data,76208,76208,No,2FMTK3J92FBB04384,4,2 - FEMALE,N - NOT INJURED,0,3,6 - SECOND SEAT RIGHT
20742968,Yes,DENTON POLICE DEPARTMENT,25057137,DENTON,DISTRACTION IN VEHICLE; FAILED TO CONTROL SPEED,DENTON,2025-04-07,N - NOT INJURED,0,NO DATA,152 - MEDICAL CITY DENTON,1.513,,No Data,No Data,No Data,75077,75077,No,5NPDH4AE9EH515732,43,2 - FEMALE,N - NOT INJURED,0,1,1 - FRONT LEFT OR MOTORCYCLE DRIVER
20742968,Yes,DENTON POLICE DEPARTMENT,25057137,DENTON,DISTRACTION IN VEHICLE; FAILED TO CONTROL SPEED,DENTON,2025-04-07,N - NOT INJURED,0,NO DATA,152 - MEDICAL CITY DENTON,1.513,,No Data,No Data,No Data,75077,75077,No,5NPDH4AE9EH515732,67,2 - FEMALE,N - NOT INJURED,0,2,6 - SECOND SEAT RIGHT
20742998,Yes,HEREFORD POLICE DEPARTMENT,c2025-003977,HEREFORD,DRIVER INATTENTION;FAILED TO YIELD RIGHT OF WAY - STOP SIGN,DEAF SMITH,2025-04-07,N - NOT INJURED,0,NO DATA,129 - HEREFORD REGIONAL MEDICAL CENTER,1.305,,35 - FAILED TO YIELD RIGHT OF WAY - STOP SIGN,No Data,No Data,79045,79045,No,JN8AZ1MU1BW060175,45,2 - FEMALE,N - NOT INJURED,0,1,1 - FRONT LEFT OR MOTORCYCLE DRIVER
20742998,Yes,HEREFORD POLICE DEPARTMENT,c2025-003977,HEREFORD,DRIVER INATTENTION;FAILED TO YIELD RIGHT OF WAY - STOP SIGN,DEAF SMITH,2025-04-07,N - NOT INJURED,0,NO DATA,129 - HEREFORD REGIONAL MEDICAL CENTER,1.305,,No Data,No Data,No Data,79045,79045,No,5GAKRDED5CJ158450,29,2 - FEMALE,N - NOT INJURED,0,1,1 - FRONT LEFT OR MOTORCYCLE DRIVER
20743017,Yes,"DEPARTMENT OF PUBLIC SAFETY, STATE OF TEXAS",TX2025-537187,OUTSIDE CITY LIMITS,FAILED TO GIVE HALF OF ROADWAY,JOHNSON,2025-04-07,N - NOT INJURED,0,NO DATA,251 - TEXAS HEALTH HARRIS METHODIST HOSPITAL CLEBURNE,9.279,1C,24 - FAILED TO GIVE HALF OF ROADWAY,No Data,No Data,76009,76009,No,JNKAY21D7SM215475,50,1 - MALE,N - NOT INJURED,0,1,1 - FRONT LEFT OR MOTORCYCLE DRIVER
20743017,Yes,"DEPARTMENT OF PUBLIC SAFETY, STATE OF TEXAS",TX2025-537187,OUTSIDE CITY LIMITS,FAILED TO GIVE HALF OF ROADWAY,JOHNSON,2025-04-07,N - NOT INJURED,0,NO DATA,251 - TEXAS HEALTH HARRIS METHODIST HOSPITAL CLEBURNE,9.279,1C,No Data,No Data,No Data,76059,76059,No,KNDJP3A51G7346474,19,2 - FEMALE,N - NOT INJURED,0,1,1 - FRONT LEFT OR MOTORCYCLE DRIVER
20743024,Yes,GRAND PRAIRIE POLICE DEPARTMENT,2500005450,GRAND PRAIRIE,FAILED TO YIELD RIGHT OF WAY - TURNING LEFT,DALLAS,2025-04-07,C - POSSIBLE INJURY,0,NO DATA,254 - TEXAS HEALTH ARLINGTON MEMORIAL HOSPITAL,5.804,,37 - FAILED TO YIELD RIGHT OF WAY - TURNING LEFT,No Data,No Data,75050,75050,No,2GNALDEK6C1157917,38,2 - FEMALE,N - NOT INJURED,0,1,1 - FRONT LEFT OR MOTORCYCLE DRIVER
20743024,Yes,GRAND PRAIRIE POLICE DEPARTMENT,2500005450,GRAND PRAIRIE,FAILED TO YIELD RIGHT OF WAY - TURNING LEFT,DALLAS,2025-04-07,C - POSSIBLE INJURY,0,NO DATA,254 - TEXAS HEALTH ARLINGTON MEMORIAL HOSPITAL,5.804,,37 - FAILED TO YIELD RIGHT OF WAY - TURNING LEFT,No Data,No Data,75050,75050,No,2GNALDEK6C1157917,3,1 - MALE,N - NOT INJURED,0,2,5 - SECOND SEAT CENTER
20743024,Yes,GRAND PRAIRIE POLICE DEPARTMENT,2500005450,GRAND PRAIRIE,FAILED TO YIELD RIGHT OF WAY - TURNING LEFT,DALLAS,2025-04-07,C - POSSIBLE INJURY,0,NO DATA,254 - TEXAS HEALTH ARLINGTON MEMORIAL HOSPITAL,5.804,,No Data,No Data,No Data,75309,71601,No,1ZVBP8AM7E5210073,26,1 - MALE,C - POSSIBLE INJURY,0,1,1 - FRONT LEFT OR MOTORCYCLE DRIVER
20743025,Yes,GRAND PRAIRIE POLICE DEPARTMENT,2500005454,GRAND PRAIRIE,FAILED TO YIELD RIGHT OF WAY - TURNING LEFT,DALLAS,2025-04-07,B - SUSPECTED MINOR INJURY,0,NO DATA,257 - TEXAS HEALTH HARRIS METHODIST HOSPITAL HURST-EULESS-BEDFORD,5.458,,37 - FAILED TO YIELD RIGHT OF WAY - TURNING LEFT,No Data,No Data,75060,75061,No,KMHCU4AE6DU350942,33,2 - FEMALE,N - NOT INJURED,0,1,1 - FRONT LEFT OR MOTORCYCLE DRIVER
20743025,Yes,GRAND PRAIRIE POLICE DEPARTMENT,2500005454,GRAND PRAIRIE,FAILED TO YIELD RIGHT OF WAY - TURNING LEFT,DALLAS,2025-04-07,B - SUSPECTED MINOR INJURY,0,NO DATA,257 - TEXAS HEALTH HARRIS METHODIST HOSPITAL HURST-EULESS-BEDFORD,5.458,,37 - FAILED TO YIELD RIGHT OF WAY - TURNING LEFT,No Data,No Data,75060,75061,No,KMHCU4AE6DU350942,8,1 - MALE,B - SUSPECTED MINOR INJURY,1,2,3 - FRONT RIGHT
20743025,Yes,GRAND PRAIRIE POLICE DEPARTMENT,2500005454,GRAND PRAIRIE,FAILED TO YIELD RIGHT OF WAY - TURNING LEFT,DALLAS,2025-04-07,B - SUSPECTED MINOR INJURY,0,NO DATA,257 - TEXAS HEALTH HARRIS METHODIST HOSPITAL HURST-EULESS-BEDFORD,5.458,,No Data,No Data,No Data,75050,75050,No,5TEKU72N46Z294381,38,1 - MALE,N - NOT INJURED,0,1,1 - FRONT LEFT OR MOTORCYCLE DRIVER
20743026,Yes,GRAND PRAIRIE POLICE DEPARTMENT,2500005453,GRAND PRAIRIE,FAILED TO CONTROL SPEED,TARRANT,2025-04-07,N - NOT INJURED,0,NO DATA,150 - MEDICAL CITY ARLINGTON,4.439,,22 - FAILED TO CONTROL SPEED,No Data,No Data,75052,75052,No,1FTFW1CT4DKE55190,80,1 - MALE,N - NOT INJURED,0,1,1 - FRONT LEFT OR MOTORCYCLE DRIVER
20743026,Yes,GRAND PRAIRIE POLICE DEPARTMENT,2500005453,GRAND PRAIRIE,FAILED TO CONTROL SPEED,TARRANT,2025-04-07,N - NOT INJURED,0,NO DATA,150 - MEDICAL CITY ARLINGTON,4.439,,22 - FAILED TO CONTROL SPEED,No Data,No Data,75052,75052,No,1FTFW1CT4DKE55190,61,2 - FEMALE,N - NOT INJURED,0,2,4 - SECOND SEAT LEFT OR MOTORCYCLE BACK PASSENGER
20743026,Yes,GRAND PRAIRIE POLICE DEPARTMENT,2500005453,GRAND PRAIRIE,FAILED TO CONTROL SPEED,TARRANT,2025-04-07,N - NOT INJURED,0,NO DATA,150 - MEDICAL CITY ARLINGTON,4.439,,22 - FAILED TO CONTROL SPEED,No Data,No Data,75052,75052,No,1FTFW1CT4DKE55190,4,2 - FEMALE,N - NOT INJURED,0,3,4 - SECOND SEAT LEFT OR MOTORCYCLE BACK PASSENGER
20743026,Yes,GRAND PRAIRIE POLICE DEPARTMENT,2500005453,GRAND PRAIRIE,FAILED TO CONTROL SPEED,TARRANT,2025-04-07,N - NOT INJURED,0,NO DATA,150 - MEDICAL CITY ARLINGTON,4.439,,No Data,No Data,No Data,76140,76036,No,4T1BG22K9VU801021,60,2 - FEMALE,N - NOT INJURED,0,1,1 - FRONT LEFT OR MOTORCYCLE DRIVER
20743026,Yes,GRAND PRAIRIE POLICE DEPARTMENT,2500005453,GRAND PRAIRIE,FAILED TO CONTROL SPEED,TARRANT,2025-04-07,N - NOT INJURED,0,NO DATA,150 - MEDICAL CITY ARLINGTON,4.439,,No Data,No Data,No Data,75052,75052,No,5TDYK3DC9BS074388,42,1 - MALE,N - NOT INJURED,0,1,1 - FRONT LEFT OR MOTORCYCLE DRIVER
20743026,Yes,GRAND PRAIRIE POLICE DEPARTMENT,2500005453,GRAND PRAIRIE,FAILED TO CONTROL SPEED,TARRANT,2025-04-07,N - NOT INJURED,0,NO DATA,150 - MEDICAL CITY ARLINGTON,4.439,,No Data,No Data,No Data,75052,75052,No,5TDYK3DC9BS074388,10,2 - FEMALE,N - NOT INJURED,0,2,6 - SECOND SEAT RIGHT
20743026,Yes,GRAND PRAIRIE POLICE DEPARTMENT,2500005453,GRAND PRAIRIE,FAILED TO CONTROL SPEED,TARRANT,2025-04-07,N - NOT INJURED,0,NO DATA,150 - MEDICAL CITY ARLINGTON,4.439,,No Data,No Data,No Data,75052,75052,No,5TDYK3DC9BS074388,8,1 - MALE,N - NOT INJURED,0,3,4 - SECOND SEAT LEFT OR MOTORCYCLE BACK PASSENGER
20743050,No,"DEPARTMENT OF PUBLIC SAFETY, STATE OF TEXAS",TX 2025-537678,OUTSIDE CITY LIMITS,FAILED TO CONTROL SPEED,COLLIN,2025-04-07,C - POSSIBLE INJURY,0,NO DATA,157 - MEDICAL CITY MCKINNEY,4.716,1A,22 - FAILED TO CONTROL SPEED,No Data,No Data,75497,75497,No,1FT7W2BT6MEE07409,87,1 - MALE,N - NOT INJURED,0,1,1 - FRONT LEFT OR MOTORCYCLE DRIVER
20743050,No,"DEPARTMENT OF PUBLIC SAFETY, STATE OF TEXAS",TX 2025-537678,OUTSIDE CITY LIMITS,FAILED TO CONTROL SPEED,COLLIN,2025-04-07,C - POSSIBLE INJURY,0,NO DATA,157 - MEDICAL CITY MCKINNEY,4.716,1A,22 - FAILED TO CONTROL SPEED,No Data,No Data,75497,75497,No,1FT7W2BT6MEE07409,76,2 - FEMALE,N - NOT INJURED,0,2,3 - FRONT RIGHT
20743050,No,"DEPARTMENT OF PUBLIC SAFETY, STATE OF TEXAS",TX 2025-537678,OUTSIDE CITY LIMITS,FAILED TO CONTROL SPEED,COLLIN,2025-04-07,C - POSSIBLE INJURY,0,NO DATA,157 - MEDICAL CITY MCKINNEY,4.716,1A,No Data,No Data,No Data,75407,75407,No,5FNRL38648B079274,64,1 - MALE,C - POSSIBLE INJURY,0,1,1 - FRONT LEFT OR MOTORCYCLE DRIVER
20743083,Yes,LONGVIEW POLICE DEPARTMENT,25-4565,LONGVIEW,CHANGED LANE WHEN UNSAFE,GREGG,2025-04-07,N - NOT INJURED,0,NO DATA,149 - LONGVIEW REGIONAL MEDICAL CENTER,1.988,,No Data,No Data,No Data,75662,75662,No,1C3CCCAB2FN753597,20,2 - FEMALE,N - NOT INJURED,0,1,1 - FRONT LEFT OR MOTORCYCLE DRIVER
20743083,Yes,LONGVIEW POLICE DEPARTMENT,25-4565,LONGVIEW,CHANGED LANE WHEN UNSAFE,GREGG,2025-04-07,N - NOT INJURED,0,NO DATA,149 - LONGVIEW REGIONAL MEDICAL CENTER,1.988,,No Data,No Data,No Data,75662,75662,No,1C3CCCAB2FN753597,19,1 - MALE,N - NOT INJURED,0,2,3 - FRONT RIGHT
20743083,Yes,LONGVIEW POLICE DEPARTMENT,25-4565,LONGVIEW,CHANGED LANE WHEN UNSAFE,GREGG,2025-04-07,N - NOT INJURED,0,NO DATA,149 - LONGVIEW REGIONAL MEDICAL CENTER,1.988,,4 - CHANGED LANE WHEN UNSAFE,No Data,No Data,75603,75603,No,2G1WG5EK0B1154124,83,2 - FEMALE,N - NOT INJURED,0,1,1 - FRONT LEFT OR MOTORCYCLE DRIVER
20743084,Yes,EL PASO POLICE DEPARTMENT,25-097089,EL PASO,OTHER (EXPLAIN IN NARRATIVE),EL PASO,2025-04-07,N - NOT INJURED,0,NO DATA,"88 - DEL SOL MEDICAL CENTER, A CAMPUS OF LPDS HEALTHCARE",2.963,,98 - OTHER (EXPLAIN IN NARRATIVE),No Data,No Data,79928,79928,No,1FTEW1CP6PKF61823,25,2 - FEMALE,N - NOT INJURED,0,1,1 - FRONT LEFT OR MOTORCYCLE DRIVER
20743084,Yes,EL PASO POLICE DEPARTMENT,25-097089,EL PASO,OTHER (EXPLAIN IN NARRATIVE),EL PASO,2025-04-07,N - NOT INJURED,0,NO DATA,"88 - DEL SOL MEDICAL CENTER, A CAMPUS OF LPDS HEALTHCARE",2.963,,98 - OTHER (EXPLAIN IN NARRATIVE),No Data,No Data,79928,79928,No,1FTEW1CP6PKF61823,0,2 - FEMALE,N - NOT INJURED,0,2,99 - UNKNOWN
20743084,Yes,EL PASO POLICE DEPARTMENT,25-097089,EL PASO,OTHER (EXPLAIN IN NARRATIVE),EL PASO,2025-04-07,N - NOT INJURED,0,NO DATA,"88 - DEL SOL MEDICAL CENTER, A CAMPUS OF LPDS HEALTHCARE",2.963,,98 - OTHER (EXPLAIN IN NARRATIVE),No Data,No Data,79927,79927,No,1GNERFKWXLJ267670,47,1 - MALE,N - NOT INJURED,0,1,1 - FRONT LEFT OR MOTORCYCLE DRIVER
20743084,Yes,EL PASO POLICE DEPARTMENT,25-097089,EL PASO,OTHER (EXPLAIN IN NARRATIVE),EL PASO,2025-04-07,N - NOT INJURED,0,NO DATA,"88 - DEL SOL MEDICAL CENTER, A CAMPUS OF LPDS HEALTHCARE",2.963,,98 - OTHER (EXPLAIN IN NARRATIVE),No Data,No Data,79927,79927,No,1GNERFKWXLJ267670,40,2 - FEMALE,N - NOT INJURED,0,2,3 - FRONT RIGHT
20743094,Yes,"DEPARTMENT OF PUBLIC SAFETY, STATE OF TEXAS",2025-537526,WINONA,FAILED TO GIVE HALF OF ROADWAY,SMITH,2025-04-07,N - NOT INJURED,0,NO DATA,281 - UNIVERSITY OF TEXAS HEALTH SCIENCE CENTER AT TYLER,5.201,1B,No Data,No Data,No Data,75792,75792,No,1GCHK23U33F217888,23,1 - MALE,N - NOT INJURED,0,1,1 - FRONT LEFT OR MOTORCYCLE DRIVER
20743094,Yes,"DEPARTMENT OF PUBLIC SAFETY, STATE OF TEXAS",2025-537526,WINONA,FAILED TO GIVE HALF OF ROADWAY,SMITH,2025-04-07,N - NOT INJURED,0,NO DATA,281 - UNIVERSITY OF TEXAS HEALTH SCIENCE CENTER AT TYLER,5.201,1B,24 - FAILED TO GIVE HALF OF ROADWAY,No Data,No Data,,,No,1FMCU0DG1CKA64819,65,2 - FEMALE,N - NOT INJURED,0,1,1 - FRONT LEFT OR MOTORCYCLE DRIVER
20743103,Yes,SUGAR LAND POLICE DEPARTMENT,25-02490,SUGAR LAND,FAILED TO CONTROL SPEED,FORT BEND,2025-04-07,N - NOT INJURED,0,NO DATA,180 - MEMORIAL HERMANN SUGAR LAND HOSPITAL,6.53,,22 - FAILED TO CONTROL SPEED,No Data,No Data,,No Data,Yes,No Data,No Data,99 - UNKNOWN,99 - UNKNOWN,0,1,1 - FRONT LEFT OR MOTORCYCLE DRIVER
20743103,Yes,SUGAR LAND POLICE DEPARTMENT,25-02490,SUGAR LAND,FAILED TO CONTROL SPEED,FORT BEND,2025-04-07,N - NOT INJURED,0,NO DATA,180 - MEMORIAL HERMANN SUGAR LAND HOSPITAL,6.53,,No Data,No Data,No Data,77498,77498,No,JTMC1RFV6MD063829,26,2 - FEMALE,N - NOT INJURED,0,1,1 - FRONT LEFT OR MOTORCYCLE DRIVER
20743134,Yes,DICKINSON POLICE DEPARTMENT,DKPD25-0523,DICKINSON,ROAD RAGE,GALVESTON,2025-04-07,N - NOT INJURED,0,NO DATA,289 - UTMB HEALTH LEAGUE CITY CAMPUS,2.579,,73 - ROAD RAGE,No Data,No Data,77511,77511,No,3C6UR5KL6NG379026,45,2 - FEMALE,N - NOT INJURED,0,1,1 - FRONT LEFT OR MOTORCYCLE DRIVER
20743134,Yes,DICKINSON POLICE DEPARTMENT,DKPD25-0523,DICKINSON,ROAD RAGE,GALVESTON,2025-04-07,N - NOT INJURED,0,NO DATA,289 - UTMB HEALTH LEAGUE CITY CAMPUS,2.579,,No Data,No Data,No Data,77539,77539,No,KL7CJLSB2LB008438,34,2 - FEMALE,N - NOT INJURED,0,1,1 - FRONT LEFT OR MOTORCYCLE DRIVER
20743155,Yes,SUGAR LAND POLICE DEPARTMENT,25-2491,SUGAR LAND,PASSED IN NO PASSING LANE,FORT BEND,2025-04-07,N - NOT INJURED,0,NO DATA,180 - MEMORIAL HERMANN SUGAR LAND HOSPITAL,5.059,,57 - PASSED IN NO PASSING LANE,No Data,No Data,77479,77479,No,5NTJC4AE5NH010001,48,2 - FEMALE,N - NOT INJURED,0,1,1 - FRONT LEFT OR MOTORCYCLE DRIVER
20743155,Yes,SUGAR LAND POLICE DEPARTMENT,25-2491,SUGAR LAND,PASSED IN NO PASSING LANE,FORT BEND,2025-04-07,N - NOT INJURED,0,NO DATA,180 - MEMORIAL HERMANN SUGAR LAND HOSPITAL,5.059,,No Data,No Data,No Data,77479,77479,No,3CZRZ1H55RM703164,31,1 - MALE,N - NOT INJURED,0,1,1 - FRONT LEFT OR MOTORCYCLE DRIVER
20743159,Yes,TYLER POLICE DEPARTMENT,25-004992,TYLER,NONE,SMITH,2025-04-07,99 - UNKNOWN,0,NO DATA,288 - UT HEALTH EAST TEXAS TYLER REGIONAL HOSPITAL,6.239,,No Data,No Data,No Data,,No Data,Yes,No Data,No Data,99 - UNKNOWN,99 - UNKNOWN,0,1,1 - FRONT LEFT OR MOTORCYCLE DRIVER
20743163,Yes,LAREDO POLICE DEPARTMENT,2025-00055102,LAREDO,BACKED WITHOUT SAFETY; DRIVER INATTENTION,WEBB,2025-04-07,N - NOT INJURED,0,NO DATA,No Data,No Data,,No Data,No Data,No Data,78559,78570,No,1FVACWFCXRHVB0371,47,1 - MALE,N - NOT INJURED,0,1,1 - FRONT LEFT OR MOTORCYCLE DRIVER
20743163,Yes,LAREDO POLICE DEPARTMENT,2025-00055102,LAREDO,BACKED WITHOUT SAFETY; DRIVER INATTENTION,WEBB,2025-04-07,N - NOT INJURED,0,NO DATA,No Data,No Data,,No Data,No Data,No Data,78046,78046,No,JTDEPMAEXNJ208861,35,2 - FEMALE,N - NOT INJURED,0,1,1 - FRONT LEFT OR MOTORCYCLE DRIVER
20743169,Yes,TYLER POLICE DEPARTMENT,25-004994,TYLER,DISREGARD STOP AND GO SIGNAL,SMITH,2025-04-07,N - NOT INJURED,0,NO DATA,288 - UT HEALTH EAST TEXAS TYLER REGIONAL HOSPITAL,3.117,,15 - DISREGARD STOP AND GO SIGNAL,No Data,No Data,75703,75703,No,1C4RJFJG9EC301911,83,1 - MALE,N - NOT INJURED,0,1,1 - FRONT LEFT OR MOTORCYCLE DRIVER
20743169,Yes,TYLER POLICE DEPARTMENT,25-004994,TYLER,DISREGARD STOP AND GO SIGNAL,SMITH,2025-04-07,N - NOT INJURED,0,NO DATA,288 - UT HEALTH EAST TEXAS TYLER REGIONAL HOSPITAL,3.117,,No Data,No Data,No Data,75703,75703,No,2T2BK1BA6AC044716,47,2 - FEMALE,N - NOT INJURED,0,1,1 - FRONT LEFT OR MOTORCYCLE DRIVER
20743188,Yes,RICHMOND POLICE DEPARTMENT,202500003860,RICHMOND,FAILED TO YIELD RIGHT OF WAY - TURNING LEFT;TURNED IMPROPERLY - WIDE RIGHT,FORT BEND,2025-04-07,N - NOT INJURED,0,NO DATA,203 - OAKBEND MEDICAL CENTER ***JS MAIN CAMPUS,0.319,,64 - TURNED IMPROPERLY - WIDE RIGHT,No Data,No Data,77627,77627,No,1C4RJEBG9FC749785,29,2 - FEMALE,N - NOT INJURED,0,1,1 - FRONT LEFT OR MOTORCYCLE DRIVER
20743188,Yes,RICHMOND POLICE DEPARTMENT,202500003860,RICHMOND,FAILED TO YIELD RIGHT OF WAY - TURNING LEFT;TURNED IMPROPERLY - WIDE RIGHT,FORT BEND,2025-04-07,N - NOT INJURED,0,NO DATA,203 - OAKBEND MEDICAL CENTER ***JS MAIN CAMPUS,0.319,,64 - TURNED IMPROPERLY - WIDE RIGHT,No Data,No Data,77627,77627,No,1C4RJEBG9FC749785,34,1 - MALE,N - NOT INJURED,0,2,3 - FRONT RIGHT
20743188,Yes,RICHMOND POLICE DEPARTMENT,202500003860,RICHMOND,FAILED TO YIELD RIGHT OF WAY - TURNING LEFT;TURNED IMPROPERLY - WIDE RIGHT,FORT BEND,2025-04-07,N - NOT INJURED,0,NO DATA,203 - OAKBEND MEDICAL CENTER ***JS MAIN CAMPUS,0.319,,64 - TURNED IMPROPERLY - WIDE RIGHT,No Data,No Data,77627,77627,No,1C4RJEBG9FC749785,1,1 - MALE,N - NOT INJURED,0,3,5 - SECOND SEAT CENTER
20743188,Yes,RICHMOND POLICE DEPARTMENT,202500003860,RICHMOND,FAILED TO YIELD RIGHT OF WAY - TURNING LEFT;TURNED IMPROPERLY - WIDE RIGHT,FORT BEND,2025-04-07,N - NOT INJURED,0,NO DATA,203 - OAKBEND MEDICAL CENTER ***JS MAIN CAMPUS,0.319,,37 - FAILED TO YIELD RIGHT OF WAY - TURNING LEFT,No Data,No Data,77407,77407,No,1HGCY1F39PA002056,20,2 - FEMALE,N - NOT INJURED,0,1,1 - FRONT LEFT OR MOTORCYCLE DRIVER
20743195,Yes,LAREDO POLICE DEPARTMENT,2025-00055057,LAREDO,FAILED TO YIELD RIGHT OF WAY - TURNING LEFT,WEBB,2025-04-07,C - POSSIBLE INJURY,0,NO DATA,141 - LAREDO MEDICAL CENTER,2.085,,37 - FAILED TO YIELD RIGHT OF WAY - TURNING LEFT,No Data,No Data,78043,78043,No,1GCNCNEC5JZ379555,43,1 - MALE,N - NOT INJURED,0,1,1 - FRONT LEFT OR MOTORCYCLE DRIVER
20743195,Yes,LAREDO POLICE DEPARTMENT,2025-00055057,LAREDO,FAILED TO YIELD RIGHT OF WAY - TURNING LEFT,WEBB,2025-04-07,C - POSSIBLE INJURY,0,NO DATA,141 - LAREDO MEDICAL CENTER,2.085,,No Data,No Data,No Data,78046,78046,No,5GAKRAED8BJ192881,31,2 - FEMALE,C - POSSIBLE INJURY,0,1,1 - FRONT LEFT OR MOTORCYCLE DRIVER
20743195,Yes,LAREDO POLICE DEPARTMENT,2025-00055057,LAREDO,FAILED TO YIELD RIGHT OF WAY - TURNING LEFT,WEBB,2025-04-07,C - POSSIBLE INJURY,0,NO DATA,141 - LAREDO MEDICAL CENTER,2.085,,No Data,No Data,No Data,78046,78046,No,5GAKRAED8BJ192881,10,2 - FEMALE,C - POSSIBLE INJURY,0,2,6 - SECOND SEAT RIGHT
20743196,Yes,LAREDO POLICE DEPARTMENT,2025-00055182,LAREDO,OTHER (EXPLAIN IN NARRATIVE),WEBB,2025-04-07,N - NOT INJURED,0,NO DATA,99 - DOCTORS HOSPITAL OF LAREDO,2.012,AT,98 - OTHER (EXPLAIN IN NARRATIVE),No Data,No Data,78040,78043,No,1FT7W2A63EEB52957,58,1 - MALE,N - NOT INJURED,0,1,1 - FRONT LEFT OR MOTORCYCLE DRIVER
20743196,Yes,LAREDO POLICE DEPARTMENT,2025-00055182,LAREDO,OTHER (EXPLAIN IN NARRATIVE),WEBB,2025-04-07,N - NOT INJURED,0,NO DATA,99 - DOCTORS HOSPITAL OF LAREDO,2.012,AT,98 - OTHER (EXPLAIN IN NARRATIVE),No Data,No Data,78040,78043,No,1FT7W2A63EEB52957,43,1 - MALE,N - NOT INJURED,0,2,3 - FRONT RIGHT
20743196,Yes,LAREDO POLICE DEPARTMENT,2025-00055182,LAREDO,OTHER (EXPLAIN IN NARRATIVE),WEBB,2025-04-07,N - NOT INJURED,0,NO DATA,99 - DOCTORS HOSPITAL OF LAREDO,2.012,AT,98 - OTHER (EXPLAIN IN NARRATIVE),No Data,No Data,78040,78043,No,1FT7W2A63EEB52957,61,1 - MALE,N - NOT INJURED,0,3,6 - SECOND SEAT RIGHT
20743225,Yes,WESLACO POLICE DEPARTMENT,25-8712,WESLACO,BACKED WITHOUT SAFETY,HIDALGO,2025-04-07,N - NOT INJURED,0,NO DATA,No Data,No Data,,3 - BACKED WITHOUT SAFETY,No Data,No Data,78596,78570,No,2GTEK19T0X1545925,17,1 - MALE,N - NOT INJURED,0,1,1 - FRONT LEFT OR MOTORCYCLE DRIVER
20743225,Yes,WESLACO POLICE DEPARTMENT,25-8712,WESLACO,BACKED WITHOUT SAFETY,HIDALGO,2025-04-07,N - NOT INJURED,0,NO DATA,No Data,No Data,,3 - BACKED WITHOUT SAFETY,No Data,No Data,78596,78570,No,2GTEK19T0X1545925,17,1 - MALE,N - NOT INJURED,0,2,3 - FRONT RIGHT
20743225,Yes,WESLACO POLICE DEPARTMENT,25-8712,WESLACO,BACKED WITHOUT SAFETY,HIDALGO,2025-04-07,N - NOT INJURED,0,NO DATA,No Data,No Data,,No Data,No Data,No Data,78596,75024,No,WBA8E9C58GK647807,18,1 - MALE,N - NOT INJURED,0,1,1 - FRONT LEFT OR MOTORCYCLE DRIVER
20743230,Yes,MINERAL WELLS POLICE DEPARTMENT,250000636,MINERAL WELLS,FAILED TO YIELD RIGHT OF WAY - TURNING LEFT,PALO PINTO,2025-04-07,N - NOT INJURED,0,NO DATA,211 - PALO PINTO GENERAL HOSPITAL,1.801,,37 - FAILED TO YIELD RIGHT OF WAY - TURNING LEFT,No Data,No Data,76067,76067,No,3GNAXUEVXNL200896,26,1 - MALE,N - NOT INJURED,0,1,1 - FRONT LEFT OR MOTORCYCLE DRIVER
20743230,Yes,MINERAL WELLS POLICE DEPARTMENT,250000636,MINERAL WELLS,FAILED TO YIELD RIGHT OF WAY - TURNING LEFT,PALO PINTO,2025-04-07,N - NOT INJURED,0,NO DATA,211 - PALO PINTO GENERAL HOSPITAL,1.801,,37 - FAILED TO YIELD RIGHT OF WAY - TURNING LEFT,No Data,No Data,76067,76067,No,3GNAXUEVXNL200896,23,2 - FEMALE,N - NOT INJURED,0,2,3 - FRONT RIGHT
20743230,Yes,MINERAL WELLS POLICE DEPARTMENT,250000636,MINERAL WELLS,FAILED TO YIELD RIGHT OF WAY - TURNING LEFT,PALO PINTO,2025-04-07,N - NOT INJURED,0,NO DATA,211 - PALO PINTO GENERAL HOSPITAL,1.801,,37 - FAILED TO YIELD RIGHT OF WAY - TURNING LEFT,No Data,No Data,76067,76067,No,3GNAXUEVXNL200896,20,1 - MALE,N - NOT INJURED,0,3,6 - SECOND SEAT RIGHT
20743230,Yes,MINERAL WELLS POLICE DEPARTMENT,250000636,MINERAL WELLS,FAILED TO YIELD RIGHT OF WAY - TURNING LEFT,PALO PINTO,2025-04-07,N - NOT INJURED,0,NO DATA,211 - PALO PINTO GENERAL HOSPITAL,1.801,,No Data,No Data,No Data,76067,76067,No,1B7MF36C7RS531619,29,1 - MALE,N - NOT INJURED,0,1,1 - FRONT LEFT OR MOTORCYCLE DRIVER
20743230,Yes,MINERAL WELLS POLICE DEPARTMENT,250000636,MINERAL WELLS,FAILED TO YIELD RIGHT OF WAY - TURNING LEFT,PALO PINTO,2025-04-07,N - NOT INJURED,0,NO DATA,211 - PALO PINTO GENERAL HOSPITAL,1.801,,No Data,No Data,No Data,76067,76067,No,1B7MF36C7RS531619,29,1 - MALE,N - NOT INJURED,0,2,3 - FRONT RIGHT
20743233,Yes,LUFKIN POLICE DEPARTMENT,2500011076,LUFKIN,FAILED TO YIELD RIGHT OF WAY - YIELD SIGN,ANGELINA,2025-04-07,B - SUSPECTED MINOR INJURY,0,NO DATA,40 - CHI ST. LUKES HEALTH MEMORIAL LUFKIN,1.541,01,39 - FAILED TO YIELD RIGHT OF WAY - YIELD SIGN,No Data,No Data,75901,75901,No,1G1ZD5ST4KF171620,23,1 - MALE,B - SUSPECTED MINOR INJURY,1,1,1 - FRONT LEFT OR MOTORCYCLE DRIVER
20743233,Yes,LUFKIN POLICE DEPARTMENT,2500011076,LUFKIN,FAILED TO YIELD RIGHT OF WAY - YIELD SIGN,ANGELINA,2025-04-07,B - SUSPECTED MINOR INJURY,0,NO DATA,40 - CHI ST. LUKES HEALTH MEMORIAL LUFKIN,1.541,01,39 - FAILED TO YIELD RIGHT OF WAY - YIELD SIGN,No Data,No Data,75901,75901,No,1G1ZD5ST4KF171620,2,1 - MALE,N - NOT INJURED,0,2,6 - SECOND SEAT RIGHT
20743233,Yes,LUFKIN POLICE DEPARTMENT,2500011076,LUFKIN,FAILED TO YIELD RIGHT OF WAY - YIELD SIGN,ANGELINA,2025-04-07,B - SUSPECTED MINOR INJURY,0,NO DATA,40 - CHI ST. LUKES HEALTH MEMORIAL LUFKIN,1.541,01,No Data,No Data,No Data,75904,75901,No,2C4GM68455R285238,18,1 - MALE,B - SUSPECTED MINOR INJURY,1,1,1 - FRONT LEFT OR MOTORCYCLE DRIVER
20743235,Yes,LUFKIN POLICE DEPARTMENT,2500011084,LUFKIN,FAILED TO YIELD RIGHT OF WAY - STOP SIGN,ANGELINA,2025-04-07,B - SUSPECTED MINOR INJURY,0,NO DATA,40 - CHI ST. LUKES HEALTH MEMORIAL LUFKIN,1.625,01,35 - FAILED TO YIELD RIGHT OF WAY - STOP SIGN,No Data,No Data,75901,75901,No,KL8CB6SA7JC419830,68,2 - FEMALE,B - SUSPECTED MINOR INJURY,1,1,1 - FRONT LEFT OR MOTORCYCLE DRIVER
20743235,Yes,LUFKIN POLICE DEPARTMENT,2500011084,LUFKIN,FAILED TO YIELD RIGHT OF WAY - STOP SIGN,ANGELINA,2025-04-07,B - SUSPECTED MINOR INJURY,0,NO DATA,40 - CHI ST. LUKES HEALTH MEMORIAL LUFKIN,1.625,01,No Data,No Data,No Data,75901,75901,No,JN8AS5MT5AW503798,36,1 - MALE,B - SUSPECTED MINOR INJURY,1,1,1 - FRONT LEFT OR MOTORCYCLE DRIVER
20743266,Yes,DICKINSON POLICE DEPARTMENT,DKPD25-0524,DICKINSON,FAILED TO CONTROL SPEED,GALVESTON,2025-04-07,B - SUSPECTED MINOR INJURY,0,NO DATA,289 - UTMB HEALTH LEAGUE CITY CAMPUS,2.105,,22 - FAILED TO CONTROL SPEED,No Data,No Data,77505,77505,No,3N1BC1CP7BL419289,18,2 - FEMALE,B - SUSPECTED MINOR INJURY,1,1,1 - FRONT LEFT OR MOTORCYCLE DRIVER
20743266,Yes,DICKINSON POLICE DEPARTMENT,DKPD25-0524,DICKINSON,FAILED TO CONTROL SPEED,GALVESTON,2025-04-07,B - SUSPECTED MINOR INJURY,0,NO DATA,289 - UTMB HEALTH LEAGUE CITY CAMPUS,2.105,,22 - FAILED TO CONTROL SPEED,No Data,No Data,77505,77505,No,3N1BC1CP7BL419289,18,2 - FEMALE,B - SUSPECTED MINOR INJURY,1,2,3 - FRONT RIGHT
20743266,Yes,DICKINSON POLICE DEPARTMENT,DKPD25-0524,DICKINSON,FAILED TO CONTROL SPEED,GALVESTON,2025-04-07,B - SUSPECTED MINOR INJURY,0,NO DATA,289 - UTMB HEALTH LEAGUE CITY CAMPUS,2.105,,22 - FAILED TO CONTROL SPEED,No Data,No Data,77505,77505,No,3N1BC1CP7BL419289,17,2 - FEMALE,B - SUSPECTED MINOR INJURY,1,3,4 - SECOND SEAT LEFT OR MOTORCYCLE BACK PASSENGER
20743281,Yes,SHERMAN POLICE DEPARTMENT,250001414,SHERMAN,CHANGED LANE WHEN UNSAFE,GRAYSON,2025-04-07,N - NOT INJURED,0,NO DATA,303 - WILSON N. JONES REGIONAL MEDICAL CENTER,0.42,,4 - CHANGED LANE WHEN UNSAFE,No Data,No Data,75006,76207,No,5YFEPRAE1LP099678,38,2 - FEMALE,N - NOT INJURED,0,1,1 - FRONT LEFT OR MOTORCYCLE DRIVER
20743281,Yes,SHERMAN POLICE DEPARTMENT,250001414,SHERMAN,CHANGED LANE WHEN UNSAFE,GRAYSON,2025-04-07,N - NOT INJURED,0,NO DATA,303 - WILSON N. JONES REGIONAL MEDICAL CENTER,0.42,,No Data,No Data,No Data,75090,76258,No,WA1WGBFP1EA009162,39,2 - FEMALE,N - NOT INJURED,0,1,1 - FRONT LEFT OR MOTORCYCLE DRIVER
20743283,Yes,"DEPARTMENT OF PUBLIC SAFETY, STATE OF TEXAS",TX25-537406,OUTSIDE CITY LIMITS,FAILED TO DRIVE IN SINGLE LANE; ILL (EXPLAIN IN NARRATIVE),BROWN,2025-04-07,A - SUSPECTED SERIOUS INJURY,0,NO DATA,128 - HENDRICK MEDICAL CENTER BROWNWOOD,16.251,5C,47 - ILL (EXPLAIN IN NARRATIVE),23 - FAILED TO DRIVE IN SINGLE LANE,No Data,76903,75901,No,1T7Y82E28J1128583,49,2 - FEMALE,A - SUSPECTED SERIOUS INJURY,0,1,1 - FRONT LEFT OR MOTORCYCLE DRIVER
20743283,Yes,"DEPARTMENT OF PUBLIC SAFETY, STATE OF TEXAS",TX25-537406,OUTSIDE CITY LIMITS,FAILED TO DRIVE IN SINGLE LANE; ILL (EXPLAIN IN NARRATIVE),BROWN,2025-04-07,A - SUSPECTED SERIOUS INJURY,0,NO DATA,128 - HENDRICK MEDICAL CENTER BROWNWOOD,16.251,5C,47 - ILL (EXPLAIN IN NARRATIVE),23 - FAILED TO DRIVE IN SINGLE LANE,No Data,76903,75901,No,1T7Y82E28J1128583,62,1 - MALE,C - POSSIBLE INJURY,0,2,14 - PASSENGER IN BUS
20743307,Yes,TRAVIS COUNTY SHERIFF'S OFFICE,250970211,OUTSIDE CITY LIMITS,DRIVER INATTENTION,TRAVIS,2025-04-07,C - POSSIBLE INJURY,0,NO DATA,243 - ST. DAVIDS SOUTH AUSTIN MEDICAL CENTER,6.494,10,20 - DRIVER INATTENTION,No Data,No Data,78130,78130,No,KL8CB6SA8MC739274,19,1 - MALE,C - POSSIBLE INJURY,0,1,1 - FRONT LEFT OR MOTORCYCLE DRIVER
20743307,Yes,TRAVIS COUNTY SHERIFF'S OFFICE,250970211,OUTSIDE CITY LIMITS,DRIVER INATTENTION,TRAVIS,2025-04-07,C - POSSIBLE INJURY,0,NO DATA,243 - ST. DAVIDS SOUTH AUSTIN MEDICAL CENTER,6.494,10,No Data,No Data,No Data,78744,78744,No,1FAHP2E83DG218168,55,1 - MALE,N - NOT INJURED,0,1,1 - FRONT LEFT OR MOTORCYCLE DRIVER
20743364,Yes,RICHMOND POLICE DEPARTMENT,202500003858,RICHMOND,DISTRACTION IN VEHICLE; FOLLOWED TOO CLOSELY,FORT BEND,2025-04-07,N - NOT INJURED,0,NO DATA,203 - OAKBEND MEDICAL CENTER ***JS MAIN CAMPUS,1.316,,44 - FOLLOWED TOO CLOSELY,19 - DISTRACTION IN VEHICLE,No Data,77407,77407,No,1C4BJWDG8HL745539,50,1 - MALE,N - NOT INJURED,0,1,1 - FRONT LEFT OR MOTORCYCLE DRIVER
20743364,Yes,RICHMOND POLICE DEPARTMENT,202500003858,RICHMOND,DISTRACTION IN VEHICLE; FOLLOWED TOO CLOSELY,FORT BEND,2025-04-07,N - NOT INJURED,0,NO DATA,203 - OAKBEND MEDICAL CENTER ***JS MAIN CAMPUS,1.316,,44 - FOLLOWED TOO CLOSELY,19 - DISTRACTION IN VEHICLE,No Data,77407,77407,No,1C4BJWDG8HL745539,3,1 - MALE,N - NOT INJURED,0,2,4 - SECOND SEAT LEFT OR MOTORCYCLE BACK PASSENGER
20743364,Yes,RICHMOND POLICE DEPARTMENT,202500003858,RICHMOND,DISTRACTION IN VEHICLE; FOLLOWED TOO CLOSELY,FORT BEND,2025-04-07,N - NOT INJURED,0,NO DATA,203 - OAKBEND MEDICAL CENTER ***JS MAIN CAMPUS,1.316,,No Data,No Data,No Data,77083,77407,No,4T3B6RFV2PU119480,45,2 - FEMALE,N - NOT INJURED,0,1,1 - FRONT LEFT OR MOTORCYCLE DRIVER
20743365,Yes,HARLINGEN POLICE DEPARTMENT,2025-25099,HARLINGEN,FAILED TO CONTROL SPEED,CAMERON,2025-04-07,N - NOT INJURED,0,NO DATA,119 - HARLINGEN MEDICAL CENTER,2.894,B1,22 - FAILED TO CONTROL SPEED,No Data,No Data,78552,78552,No,1FTFW1ETXDKE87266,41,2 - FEMALE,N - NOT INJURED,0,1,1 - FRONT LEFT OR MOTORCYCLE DRIVER
20743365,Yes,HARLINGEN POLICE DEPARTMENT,2025-25099,HARLINGEN,FAILED TO CONTROL SPEED,CAMERON,2025-04-07,N - NOT INJURED,0,NO DATA,119 - HARLINGEN MEDICAL CENTER,2.894,B1,22 - FAILED TO CONTROL SPEED,No Data,No Data,78552,78552,No,1FTFW1ETXDKE87266,17,1 - MALE,N - NOT INJURED,0,2,3 - FRONT RIGHT
20743365,Yes,HARLINGEN POLICE DEPARTMENT,2025-25099,HARLINGEN,FAILED TO CONTROL SPEED,CAMERON,2025-04-07,N - NOT INJURED,0,NO DATA,119 - HARLINGEN MEDICAL CENTER,2.894,B1,No Data,No Data,No Data,78552,78552,No,19XFC1F30HE017294,44,2 - FEMALE,N - NOT INJURED,0,1,1 - FRONT LEFT OR MOTORCYCLE DRIVER
20743365,Yes,HARLINGEN POLICE DEPARTMENT,2025-25099,HARLINGEN,FAILED TO CONTROL SPEED,CAMERON,2025-04-07,N - NOT INJURED,0,NO DATA,119 - HARLINGEN MEDICAL CENTER,2.894,B1,No Data,No Data,No Data,78552,78552,No,19XFC1F30HE017294,11,2 - FEMALE,N - NOT INJURED,0,2,3 - FRONT RIGHT
20743367,Yes,HARLINGEN POLICE DEPARTMENT,2025-25088,HARLINGEN,DISREGARD STOP AND GO SIGNAL,CAMERON,2025-04-07,C - POSSIBLE INJURY,0,NO DATA,290 - VALLEY BAPTIST MEDICAL CENTER,2.224,B2,15 - DISREGARD STOP AND GO SIGNAL,No Data,No Data,78586,78586,No,3N1CP5BV2ML476289,61,1 - MALE,C - POSSIBLE INJURY,0,1,1 - FRONT LEFT OR MOTORCYCLE DRIVER
20743367,Yes,HARLINGEN POLICE DEPARTMENT,2025-25088,HARLINGEN,DISREGARD STOP AND GO SIGNAL,CAMERON,2025-04-07,C - POSSIBLE INJURY,0,NO DATA,290 - VALLEY BAPTIST MEDICAL CENTER,2.224,B2,No Data,No Data,No Data,78552,78552,No,1C4PJLCB1HW574447,46,2 - FEMALE,C - POSSIBLE INJURY,0,1,1 - FRONT LEFT OR MOTORCYCLE DRIVER
20743373,Yes,DALLAS POLICE DEPARTMENT,48384-2025,DALLAS,FAILED TO YIELD RIGHT OF WAY - TURNING LEFT,DALLAS,2025-04-07,N - NOT INJURED,0,NO DATA,258 - TEXAS HEALTH PRESBYTERIAN HOSPITAL DALLAS,0.281,,37 - FAILED TO YIELD RIGHT OF WAY - TURNING LEFT,No Data,No Data,75098,91316,No,WA1LXBF76PD024521,38,1 - MALE,N - NOT INJURED,0,1,1 - FRONT LEFT OR MOTORCYCLE DRIVER
20743373,Yes,DALLAS POLICE DEPARTMENT,48384-2025,DALLAS,FAILED TO YIELD RIGHT OF WAY - TURNING LEFT,DALLAS,2025-04-07,N - NOT INJURED,0,NO DATA,258 - TEXAS HEALTH PRESBYTERIAN HOSPITAL DALLAS,0.281,,37 - FAILED TO YIELD RIGHT OF WAY - TURNING LEFT,No Data,No Data,75098,91316,No,WA1LXBF76PD024521,26,2 - FEMALE,N - NOT INJURED,0,2,3 - FRONT RIGHT
20743373,Yes,DALLAS POLICE DEPARTMENT,48384-2025,DALLAS,FAILED TO YIELD RIGHT OF WAY - TURNING LEFT,DALLAS,2025-04-07,N - NOT INJURED,0,NO DATA,258 - TEXAS HEALTH PRESBYTERIAN HOSPITAL DALLAS,0.281,,No Data,No Data,No Data,75068,75068,No,5FNRL5H29FB032327,74,2 - FEMALE,N - NOT INJURED,0,1,1 - FRONT LEFT OR MOTORCYCLE DRIVER
20743373,Yes,DALLAS POLICE DEPARTMENT,48384-2025,DALLAS,FAILED TO YIELD RIGHT OF WAY - TURNING LEFT,DALLAS,2025-04-07,N - NOT INJURED,0,NO DATA,258 - TEXAS HEALTH PRESBYTERIAN HOSPITAL DALLAS,0.281,,No Data,No Data,No Data,75068,75068,No,5FNRL5H29FB032327,66,1 - MALE,N - NOT INJURED,0,2,3 - FRONT RIGHT
20743415,Yes,IRVING POLICE DEPARTMENT,25-7121,IRVING,CHANGED LANE WHEN UNSAFE,DALLAS,2025-04-07,N - NOT INJURED,0,NO DATA,155 - MEDICAL CITY LAS COLINAS,4.458,,4 - CHANGED LANE WHEN UNSAFE,No Data,No Data,76208,75093,No,SAL1L9FU5RA168906,38,1 - MALE,N - NOT INJURED,0,1,1 - FRONT LEFT OR MOTORCYCLE DRIVER
20743415,Yes,IRVING POLICE DEPARTMENT,25-7121,IRVING,CHANGED LANE WHEN UNSAFE,DALLAS,2025-04-07,N - NOT INJURED,0,NO DATA,155 - MEDICAL CITY LAS COLINAS,4.458,,No Data,No Data,No Data,75062,75062,No,1GCGSCEN0K1345640,56,1 - MALE,N - NOT INJURED,0,1,1 - FRONT LEFT OR MOTORCYCLE DRIVER
20743417,Yes,"DEPARTMENT OF PUBLIC SAFETY, STATE OF TEXAS",TX 2025-537262,NIEDERWALD,FAILED TO YIELD RIGHT OF WAY - STOP SIGN;FAULTY EVASIVE ACTION,CALDWELL,2025-04-07,N - NOT INJURED,0,NO DATA,4 - ASCENSION SETON HAYS,6.214,6B,35 - FAILED TO YIELD RIGHT OF WAY - STOP SIGN,No Data,No Data,78640,78744,No,1N4AL3AP6EC183666,27,1 - MALE,N - NOT INJURED,0,1,1 - FRONT LEFT OR MOTORCYCLE DRIVER
20743417,Yes,"DEPARTMENT OF PUBLIC SAFETY, STATE OF TEXAS",TX 2025-537262,NIEDERWALD,FAILED TO YIELD RIGHT OF WAY - STOP SIGN;FAULTY EVASIVE ACTION,CALDWELL,2025-04-07,N - NOT INJURED,0,NO DATA,4 - ASCENSION SETON HAYS,6.214,6B,41 - FAULTY EVASIVE ACTION,No Data,No Data,78656,78656,No,JM1BL1SF2A1350359,29,1 - MALE,N - NOT INJURED,0,1,1 - FRONT LEFT OR MOTORCYCLE DRIVER
20743418,Yes,ROCKWALL POLICE DEPARTMENT,2025-12233,ROCKWALL,FAILED TO PASS TO RIGHT SAFELY,ROCKWALL,2025-04-07,N - NOT INJURED,0,NO DATA,19 - BAYLOR SCOTT & WHITE MEDICAL CENTER - LAKE POINTE,5.793,1,27 - FAILED TO PASS TO RIGHT SAFELY,No Data,No Data,75032,75032,No,1GD42VCG8JF183157,52,1 - MALE,N - NOT INJURED,0,1,1 - FRONT LEFT OR MOTORCYCLE DRIVER
20743418,Yes,ROCKWALL POLICE DEPARTMENT,2025-12233,ROCKWALL,FAILED TO PASS TO RIGHT SAFELY,ROCKWALL,2025-04-07,N - NOT INJURED,0,NO DATA,19 - BAYLOR SCOTT & WHITE MEDICAL CENTER - LAKE POINTE,5.793,1,No Data,No Data,No Data,75087,75087,No,3C6UR5HJ4JG145516,44,1 - MALE,N - NOT INJURED,0,1,1 - FRONT LEFT OR MOTORCYCLE DRIVER
20743420,Yes,ROUND ROCK POLICE DEPARTMENT,25-0407-0003,ROUND ROCK,FAILED TO YIELD RIGHT OF WAY - PRIVATE DRIVE,WILLIAMSON,2025-04-07,N - NOT INJURED,0,NO DATA,224 - ROUND ROCK MEDICAL CENTER,3.371,KE,34 - FAILED TO YIELD RIGHT OF WAY - PRIVATE DRIVE,No Data,No Data,78664,78664,No,1GNDS13S942371318,61,2 - FEMALE,N - NOT INJURED,0,1,1 - FRONT LEFT OR MOTORCYCLE DRIVER
20743420,Yes,ROUND ROCK POLICE DEPARTMENT,25-0407-0003,ROUND ROCK,FAILED TO YIELD RIGHT OF WAY - PRIVATE DRIVE,WILLIAMSON,2025-04-07,N - NOT INJURED,0,NO DATA,224 - ROUND ROCK MEDICAL CENTER,3.371,KE,No Data,No Data,No Data,78681,78681,No,5TDKK3DC9FS570433,42,1 - MALE,N - NOT INJURED,0,1,1 - FRONT LEFT OR MOTORCYCLE DRIVER
20743441,Yes,TRAVIS COUNTY SHERIFF'S OFFICE,250970141,OUTSIDE CITY LIMITS,FAILED TO DRIVE IN SINGLE LANE,TRAVIS,2025-04-07,N - NOT INJURED,0,NO DATA,87 - DELL CHILDRENS MEDICAL CENTER,4.603,40,23 - FAILED TO DRIVE IN SINGLE LANE,No Data,No Data,78705,78753,No,3FADP4BJ5DM155906,55,1 - MALE,N - NOT INJURED,0,1,1 - FRONT LEFT OR MOTORCYCLE DRIVER
20743441,Yes,TRAVIS COUNTY SHERIFF'S OFFICE,250970141,OUTSIDE CITY LIMITS,FAILED TO DRIVE IN SINGLE LANE,TRAVIS,2025-04-07,N - NOT INJURED,0,NO DATA,87 - DELL CHILDRENS MEDICAL CENTER,4.603,40,No Data,No Data,No Data,78753,75043,No,KNADN4A36C6047793,23,1 - MALE,N - NOT INJURED,0,1,1 - FRONT LEFT OR MOTORCYCLE DRIVER
20743446,Yes,EL PASO POLICE DEPARTMENT,25-097099,EL PASO,OTHER (EXPLAIN IN NARRATIVE),EL PASO,2025-04-07,99 - UNKNOWN,0,NO DATA,276 - UNIVERSITY MEDICAL CENTER OF EL PASO,1.322,,98 - OTHER (EXPLAIN IN NARRATIVE),No Data,No Data,,No Data,Yes,No Data,No Data,99 - UNKNOWN,99 - UNKNOWN,0,1,1 - FRONT LEFT OR MOTORCYCLE DRIVER
20743451,Yes,EMORY POLICE DEPARTMENT,,EMORY,DRIVER INATTENTION,RAINS,2025-04-07,N - NOT INJURED,0,NO DATA,283 - UT HEALTH EAST TEXAS QUITMAN HOSPITAL,19.486,,20 - DRIVER INATTENTION,No Data,No Data,75440,75440,No,1C6SRFHM3NN402380,73,1 - MALE,N - NOT INJURED,0,1,1 - FRONT LEFT OR MOTORCYCLE DRIVER
20743451,Yes,EMORY POLICE DEPARTMENT,,EMORY,DRIVER INATTENTION,RAINS,2025-04-07,N - NOT INJURED,0,NO DATA,283 - UT HEALTH EAST TEXAS QUITMAN HOSPITAL,19.486,,No Data,No Data,No Data,75440,75440,No,1GCGTCEN2H1308286,70,1 - MALE,N - NOT INJURED,0,1,1 - FRONT LEFT OR MOTORCYCLE DRIVER
20743456,Yes,HUTTO POLICE DEPARTMENT,2025103367,HUTTO,FAILED TO YIELD RIGHT OF WAY - STOP SIGN,WILLIAMSON,2025-04-07,B - SUSPECTED MINOR INJURY,0,NO DATA,24 - BAYLOR SCOTT & WHITE MEDICAL CENTER - TAYLOR,7.277,,35 - FAILED TO YIELD RIGHT OF WAY - STOP SIGN,No Data,No Data,78634,78634,No,5TDYRKEC1NS125049,37,2 - FEMALE,N - NOT INJURED,0,1,1 - FRONT LEFT OR MOTORCYCLE DRIVER
20743456,Yes,HUTTO POLICE DEPARTMENT,2025103367,HUTTO,FAILED TO YIELD RIGHT OF WAY - STOP SIGN,WILLIAMSON,2025-04-07,B - SUSPECTED MINOR INJURY,0,NO DATA,24 - BAYLOR SCOTT & WHITE MEDICAL CENTER - TAYLOR,7.277,,No Data,No Data,No Data,76574,78612,No,1GNSKBKCXFR627838,28,1 - MALE,B - SUSPECTED MINOR INJURY,1,1,1 - FRONT LEFT OR MOTORCYCLE DRIVER
20743456,Yes,HUTTO POLICE DEPARTMENT,2025103367,HUTTO,FAILED TO YIELD RIGHT OF WAY - STOP SIGN,WILLIAMSON,2025-04-07,B - SUSPECTED MINOR INJURY,0,NO DATA,24 - BAYLOR SCOTT & WHITE MEDICAL CENTER - TAYLOR,7.277,,No Data,No Data,No Data,76574,78612,No,1GNSKBKCXFR627838,6,1 - MALE,N - NOT INJURED,0,2,4 - SECOND SEAT LEFT OR MOTORCYCLE BACK PASSENGER
20743456,Yes,HUTTO POLICE DEPARTMENT,2025103367,HUTTO,FAILED TO YIELD RIGHT OF WAY - STOP SIGN,WILLIAMSON,2025-04-07,B - SUSPECTED MINOR INJURY,0,NO DATA,24 - BAYLOR SCOTT & WHITE MEDICAL CENTER - TAYLOR,7.277,,No Data,No Data,No Data,,78634,No,1V2HE2CA3NC230933,57,2 - FEMALE,N - NOT INJURED,0,1,1 - FRONT LEFT OR MOTORCYCLE DRIVER
20743458,Yes,LANCASTER POLICE DEPARTMENT,25-001422,LANCASTER,DRIVER INATTENTION,DALLAS,2025-04-07,N - NOT INJURED,0,NO DATA,No Data,No Data,,20 - DRIVER INATTENTION,No Data,No Data,75154,75154,No,1N6ED1EJ8NN622435,41,1 - MALE,N - NOT INJURED,0,1,1 - FRONT LEFT OR MOTORCYCLE DRIVER
20743458,Yes,LANCASTER POLICE DEPARTMENT,25-001422,LANCASTER,DRIVER INATTENTION,DALLAS,2025-04-07,N - NOT INJURED,0,NO DATA,No Data,No Data,,20 - DRIVER INATTENTION,No Data,No Data,,75134,Yes,1GNEC16Z42J126116,No Data,99 - UNKNOWN,99 - UNKNOWN,0,1,1 - FRONT LEFT OR MOTORCYCLE DRIVER
20743467,Yes,SAN ANTONIO POLICE DEPARTMENT,SAPD25068866,SAN ANTONIO,DRIVER INATTENTION; FOLLOWED TOO CLOSELY,BEXAR,2025-04-07,N - NOT INJURED,0,NO DATA,181 - METHODIST SPECIALTY & TRANSPLANT HOSPITAL,5.433,70,44 - FOLLOWED TOO CLOSELY,20 - DRIVER INATTENTION,No Data,78213,75022,No,1GC1CREG4KF108675,29,1 - MALE,N - NOT INJURED,0,1,1 - FRONT LEFT OR MOTORCYCLE DRIVER
20743467,Yes,SAN ANTONIO POLICE DEPARTMENT,SAPD25068866,SAN ANTONIO,DRIVER INATTENTION; FOLLOWED TOO CLOSELY,BEXAR,2025-04-07,N - NOT INJURED,0,NO DATA,181 - METHODIST SPECIALTY & TRANSPLANT HOSPITAL,5.433,70,44 - FOLLOWED TOO CLOSELY,20 - DRIVER INATTENTION,No Data,78213,75022,No,1GC1CREG4KF108675,21,1 - MALE,N - NOT INJURED,0,2,3 - FRONT RIGHT
20743467,Yes,SAN ANTONIO POLICE DEPARTMENT,SAPD25068866,SAN ANTONIO,DRIVER INATTENTION; FOLLOWED TOO CLOSELY,BEXAR,2025-04-07,N - NOT INJURED,0,NO DATA,181 - METHODIST SPECIALTY & TRANSPLANT HOSPITAL,5.433,70,No Data,No Data,No Data,78254,78254,No,1GTP9EEL1MZ302936,39,1 - MALE,N - NOT INJURED,0,1,1 - FRONT LEFT OR MOTORCYCLE DRIVER
20743467,Yes,SAN ANTONIO POLICE DEPARTMENT,SAPD25068866,SAN ANTONIO,DRIVER INATTENTION; FOLLOWED TOO CLOSELY,BEXAR,2025-04-07,N - NOT INJURED,0,NO DATA,181 - METHODIST SPECIALTY & TRANSPLANT HOSPITAL,5.433,70,No Data,No Data,No Data,,No Data,Yes,No Data,No Data,99 - UNKNOWN,99 - UNKNOWN,0,1,1 - FRONT LEFT OR MOTORCYCLE DRIVER
20743473,Yes,SAN ANTONIO POLICE DEPARTMENT,SAPD25068829,SAN ANTONIO,OTHER (EXPLAIN IN NARRATIVE),BEXAR,2025-04-07,B - SUSPECTED MINOR INJURY,0,NO DATA,34 - BROOKE ARMY MEDICAL CENTER,3.658,40,98 - OTHER (EXPLAIN IN NARRATIVE),No Data,No Data,78220,75061,No,1FTFW1CF7BFC37535,30,1 - MALE,B - SUSPECTED MINOR INJURY,1,1,1 - FRONT LEFT OR MOTORCYCLE DRIVER
20743495,Yes,WAXAHACHIE POLICE DEPARTMENT,240407-15005,WAXAHACHIE,OTHER (EXPLAIN IN NARRATIVE),ELLIS,2025-04-07,C - POSSIBLE INJURY,0,NO DATA,30 - BAYLOR SCOTT & WHITE MEDICAL CENTER AT WAXAHACHIE,4.27,,98 - OTHER (EXPLAIN IN NARRATIVE),No Data,No Data,75119,75119,No,1C4BJWDG3HL646031,30,2 - FEMALE,C - POSSIBLE INJURY,0,1,1 - FRONT LEFT OR MOTORCYCLE DRIVER
20743495,Yes,WAXAHACHIE POLICE DEPARTMENT,240407-15005,WAXAHACHIE,OTHER (EXPLAIN IN NARRATIVE),ELLIS,2025-04-07,C - POSSIBLE INJURY,0,NO DATA,30 - BAYLOR SCOTT & WHITE MEDICAL CENTER AT WAXAHACHIE,4.27,,No Data,No Data,No Data,75119,75119,No,1C4NJPBB8FD429463,36,1 - MALE,N - NOT INJURED,0,1,1 - FRONT LEFT OR MOTORCYCLE DRIVER
20743502,Yes,TEMPLE POLICE DEPARTMENT,25000522,TEMPLE,CHANGED LANE WHEN UNSAFE,BELL,2025-04-07,N - NOT INJURED,0,NO DATA,27 - BAYLOR SCOTT & WHITE MEDICAL CENTER - TEMPLE,1.762,,4 - CHANGED LANE WHEN UNSAFE,No Data,No Data,77803,77803,No,4T1C11AK2RU850360,66,2 - FEMALE,N - NOT INJURED,0,1,1 - FRONT LEFT OR MOTORCYCLE DRIVER
20743502,Yes,TEMPLE POLICE DEPARTMENT,25000522,TEMPLE,CHANGED LANE WHEN UNSAFE,BELL,2025-04-07,N - NOT INJURED,0,NO DATA,27 - BAYLOR SCOTT & WHITE MEDICAL CENTER - TEMPLE,1.762,,4 - CHANGED LANE WHEN UNSAFE,No Data,No Data,77803,77803,No,4T1C11AK2RU850360,70,1 - MALE,N - NOT INJURED,0,2,3 - FRONT RIGHT
20743502,Yes,TEMPLE POLICE DEPARTMENT,25000522,TEMPLE,CHANGED LANE WHEN UNSAFE,BELL,2025-04-07,N - NOT INJURED,0,NO DATA,27 - BAYLOR SCOTT & WHITE MEDICAL CENTER - TEMPLE,1.762,,No Data,No Data,No Data,76656,76656,No,1GYKNCRS4KZ125785,68,2 - FEMALE,N - NOT INJURED,0,1,1 - FRONT LEFT OR MOTORCYCLE DRIVER
20743503,Yes,TEMPLE POLICE DEPARTMENT,25000524,TEMPLE,FAILED TO CONTROL SPEED,BELL,2025-04-07,B - SUSPECTED MINOR INJURY,0,NO DATA,27 - BAYLOR SCOTT & WHITE MEDICAL CENTER - TEMPLE,2.801,,22 - FAILED TO CONTROL SPEED,No Data,No Data,76502,76502,No,1GCVKSECXEZ233272,41,2 - FEMALE,C - POSSIBLE INJURY,0,1,1 - FRONT LEFT OR MOTORCYCLE DRIVER
20743503,Yes,TEMPLE POLICE DEPARTMENT,25000524,TEMPLE,FAILED TO CONTROL SPEED,BELL,2025-04-07,B - SUSPECTED MINOR INJURY,0,NO DATA,27 - BAYLOR SCOTT & WHITE MEDICAL CENTER - TEMPLE,2.801,,22 - FAILED TO CONTROL SPEED,No Data,No Data,76502,76502,No,1GCVKSECXEZ233272,59,1 - MALE,C - POSSIBLE INJURY,0,2,3 - FRONT RIGHT
20743503,Yes,TEMPLE POLICE DEPARTMENT,25000524,TEMPLE,FAILED TO CONTROL SPEED,BELL,2025-04-07,B - SUSPECTED MINOR INJURY,0,NO DATA,27 - BAYLOR SCOTT & WHITE MEDICAL CENTER - TEMPLE,2.801,,22 - FAILED TO CONTROL SPEED,No Data,No Data,76502,76502,No,1GCVKSECXEZ233272,60,2 - FEMALE,N - NOT INJURED,0,3,4 - SECOND SEAT LEFT OR MOTORCYCLE BACK PASSENGER
20743503,Yes,TEMPLE POLICE DEPARTMENT,25000524,TEMPLE,FAILED TO CONTROL SPEED,BELL,2025-04-07,B - SUSPECTED MINOR INJURY,0,NO DATA,27 - BAYLOR SCOTT & WHITE MEDICAL CENTER - TEMPLE,2.801,,No Data,No Data,No Data,76513,76513,No,1N6AA1EDXPN106467,67,2 - FEMALE,B - SUSPECTED MINOR INJURY,1,1,1 - FRONT LEFT OR MOTORCYCLE DRIVER
20743505,Yes,SAN ANTONIO POLICE DEPARTMENT,SAPD25068912,SAN ANTONIO,FAILED TO CONTROL SPEED,BEXAR,2025-04-07,N - NOT INJURED,0,NO DATA,54 - CHRISTUS SANTA ROSA HOSPITAL - MEDICAL CENTER,5.487,70,22 - FAILED TO CONTROL SPEED,No Data,No Data,78253,78253,No,2GNAXTEV9K6140894,41,2 - FEMALE,N - NOT INJURED,0,1,1 - FRONT LEFT OR MOTORCYCLE DRIVER
20743505,Yes,SAN ANTONIO POLICE DEPARTMENT,SAPD25068912,SAN ANTONIO,FAILED TO CONTROL SPEED,BEXAR,2025-04-07,N - NOT INJURED,0,NO DATA,54 - CHRISTUS SANTA ROSA HOSPITAL - MEDICAL CENTER,5.487,70,No Data,No Data,No Data,78208,78208,No,2T1BURHEXKC137649,56,1 - MALE,N - NOT INJURED,0,1,1 - FRONT LEFT OR MOTORCYCLE DRIVER
20743505,Yes,SAN ANTONIO POLICE DEPARTMENT,SAPD25068912,SAN ANTONIO,FAILED TO CONTROL SPEED,BEXAR,2025-04-07,N - NOT INJURED,0,NO DATA,54 - CHRISTUS SANTA ROSA HOSPITAL - MEDICAL CENTER,5.487,70,No Data,No Data,No Data,78249,78249,No,1N4AA6APXGC900578,32,1 - MALE,N - NOT INJURED,0,1,1 - FRONT LEFT OR MOTORCYCLE DRIVER
20743510,Yes,"DEPARTMENT OF PUBLIC SAFETY, STATE OF TEXAS",TX 2025-537287,OUTSIDE CITY LIMITS,FAILED TO YIELD RIGHT OF WAY - TURNING LEFT,HIDALGO,2025-04-07,N - NOT INJURED,0,NO DATA,231 - SOUTH TEXAS HEALTH SYSTEM HEART,6.645,3D,37 - FAILED TO YIELD RIGHT OF WAY - TURNING LEFT,No Data,No Data,78577,78577,No,2HGES16663H604395,29,2 - FEMALE,N - NOT INJURED,0,1,1 - FRONT LEFT OR MOTORCYCLE DRIVER
20743510,Yes,"DEPARTMENT OF PUBLIC SAFETY, STATE OF TEXAS",TX 2025-537287,OUTSIDE CITY LIMITS,FAILED TO YIELD RIGHT OF WAY - TURNING LEFT,HIDALGO,2025-04-07,N - NOT INJURED,0,NO DATA,231 - SOUTH TEXAS HEALTH SYSTEM HEART,6.645,3D,No Data,No Data,No Data,78521,78521,No,3G1BF6SM8HS525377,51,2 - FEMALE,N - NOT INJURED,0,1,1 - FRONT LEFT OR MOTORCYCLE DRIVER
20743523,Yes,THE COLONY POLICE DEPARTMENT,2025-4901,THE COLONY,CHANGED LANE WHEN UNSAFE,DENTON,2025-04-07,N - NOT INJURED,0,NO DATA,260 - TEXAS HEALTH PRESBYTERIAN HOSPITAL PLANO,3.129,,4 - CHANGED LANE WHEN UNSAFE,No Data,No Data,76078,76076,No,1FD8W3HT3HEE50379,40,1 - MALE,N - NOT INJURED,0,1,1 - FRONT LEFT OR MOTORCYCLE DRIVER
20743523,Yes,THE COLONY POLICE DEPARTMENT,2025-4901,THE COLONY,CHANGED LANE WHEN UNSAFE,DENTON,2025-04-07,N - NOT INJURED,0,NO DATA,260 - TEXAS HEALTH PRESBYTERIAN HOSPITAL PLANO,3.129,,4 - CHANGED LANE WHEN UNSAFE,No Data,No Data,76078,76076,No,1FD8W3HT3HEE50379,25,1 - MALE,N - NOT INJURED,0,2,3 - FRONT RIGHT
20743523,Yes,THE COLONY POLICE DEPARTMENT,2025-4901,THE COLONY,CHANGED LANE WHEN UNSAFE,DENTON,2025-04-07,N - NOT INJURED,0,NO DATA,260 - TEXAS HEALTH PRESBYTERIAN HOSPITAL PLANO,3.129,,4 - CHANGED LANE WHEN UNSAFE,No Data,No Data,76078,76076,No,1FD8W3HT3HEE50379,36,1 - MALE,N - NOT INJURED,0,3,6 - SECOND SEAT RIGHT
20743523,Yes,THE COLONY POLICE DEPARTMENT,2025-4901,THE COLONY,CHANGED LANE WHEN UNSAFE,DENTON,2025-04-07,N - NOT INJURED,0,NO DATA,260 - TEXAS HEALTH PRESBYTERIAN HOSPITAL PLANO,3.129,,4 - CHANGED LANE WHEN UNSAFE,No Data,No Data,76078,76076,No,1FD8W3HT3HEE50379,18,1 - MALE,N - NOT INJURED,0,4,4 - SECOND SEAT LEFT OR MOTORCYCLE BACK PASSENGER
20743523,Yes,THE COLONY POLICE DEPARTMENT,2025-4901,THE COLONY,CHANGED LANE WHEN UNSAFE,DENTON,2025-04-07,N - NOT INJURED,0,NO DATA,260 - TEXAS HEALTH PRESBYTERIAN HOSPITAL PLANO,3.129,,No Data,No Data,No Data,76039,76039,No,1FTYR2CM7JKA34896,71,1 - MALE,N - NOT INJURED,0,1,1 - FRONT LEFT OR MOTORCYCLE DRIVER
20743536,Yes,CANYON POLICE DEPARTMENT,20250403,CANYON,DRIVER INATTENTION; FAILED TO CONTROL SPEED,RANDALL,2025-04-07,N - NOT INJURED,0,NO DATA,31 - BSA HOSPITAL,15.779,AT,22 - FAILED TO CONTROL SPEED,No Data,No Data,79015,79015,No,1D7HU18217J558193,17,1 - MALE,N - NOT INJURED,0,1,1 - FRONT LEFT OR MOTORCYCLE DRIVER
20743536,Yes,CANYON POLICE DEPARTMENT,20250403,CANYON,DRIVER INATTENTION; FAILED TO CONTROL SPEED,RANDALL,2025-04-07,N - NOT INJURED,0,NO DATA,31 - BSA HOSPITAL,15.779,AT,No Data,No Data,No Data,79015,79015,No,5YFEPRAE0LP131116,63,1 - MALE,N - NOT INJURED,0,1,1 - FRONT LEFT OR MOTORCYCLE DRIVER
20743539,Yes,FORT WORTH POLICE DEPARTMENT,250024813,FORT WORTH,ILL (EXPLAIN IN NARRATIVE);OTHER (EXPLAIN IN NARRATIVE),TARRANT,2025-04-07,C - POSSIBLE INJURY,0,NO DATA,161 - MEDICAL CITY NORTH HILLS,4.451,ST,47 - ILL (EXPLAIN IN NARRATIVE),No Data,No Data,76179,37030,No,1HGFA15818L024704,30,1 - MALE,C - POSSIBLE INJURY,0,1,1 - FRONT LEFT OR MOTORCYCLE DRIVER
20743539,Yes,FORT WORTH POLICE DEPARTMENT,250024813,FORT WORTH,ILL (EXPLAIN IN NARRATIVE);OTHER (EXPLAIN IN NARRATIVE),TARRANT,2025-04-07,C - POSSIBLE INJURY,0,NO DATA,161 - MEDICAL CITY NORTH HILLS,4.451,ST,98 - OTHER (EXPLAIN IN NARRATIVE),No Data,No Data,76112,76112,No,4S3BNAH69J3013368,83,2 - FEMALE,N - NOT INJURED,0,1,1 - FRONT LEFT OR MOTORCYCLE DRIVER
20743543,Yes,LEWISVILLE POLICE DEPARTMENT,25-02747,LEWISVILLE,FAILED TO YIELD RIGHT OF WAY - PRIVATE DRIVE,DENTON,2025-04-07,N - NOT INJURED,0,NO DATA,156 - MEDICAL CITY LEWISVILLE,0.936,,34 - FAILED TO YIELD RIGHT OF WAY - PRIVATE DRIVE,No Data,No Data,71202,68138,No,3AKJHHDR0SSVM0841,22,2 - FEMALE,N - NOT INJURED,0,1,1 - FRONT LEFT OR MOTORCYCLE DRIVER
20743543,Yes,LEWISVILLE POLICE DEPARTMENT,25-02747,LEWISVILLE,FAILED TO YIELD RIGHT OF WAY - PRIVATE DRIVE,DENTON,2025-04-07,N - NOT INJURED,0,NO DATA,156 - MEDICAL CITY LEWISVILLE,0.936,,No Data,No Data,No Data,76034,76034,No,SALWR2VFXGA545189,59,2 - FEMALE,N - NOT INJURED,0,1,1 - FRONT LEFT OR MOTORCYCLE DRIVER
20743543,Yes,LEWISVILLE POLICE DEPARTMENT,25-02747,LEWISVILLE,FAILED TO YIELD RIGHT OF WAY - PRIVATE DRIVE,DENTON,2025-04-07,N - NOT INJURED,0,NO DATA,156 - MEDICAL CITY LEWISVILLE,0.936,,No Data,No Data,No Data,76034,76034,No,SALWR2VFXGA545189,87,2 - FEMALE,N - NOT INJURED,0,2,3 - FRONT RIGHT
20743546,Yes,RED OAK POLICE DEPARTMENT,25RP013103,RED OAK,FAILED TO YIELD RIGHT OF WAY - TURNING LEFT,ELLIS,2025-04-07,N - NOT INJURED,0,NO DATA,30 - BAYLOR SCOTT & WHITE MEDICAL CENTER AT WAXAHACHIE,6.003,,37 - FAILED TO YIELD RIGHT OF WAY - TURNING LEFT,No Data,No Data,75115,75237,Yes,3GCPCREC9FG333055,37,1 - MALE,N - NOT INJURED,0,1,1 - FRONT LEFT OR MOTORCYCLE DRIVER
20743546,Yes,RED OAK POLICE DEPARTMENT,25RP013103,RED OAK,FAILED TO YIELD RIGHT OF WAY - TURNING LEFT,ELLIS,2025-04-07,N - NOT INJURED,0,NO DATA,30 - BAYLOR SCOTT & WHITE MEDICAL CENTER AT WAXAHACHIE,6.003,,No Data,No Data,No Data,75154,75154,No,3N1CN8EV2LL865080,17,2 - FEMALE,N - NOT INJURED,0,1,1 - FRONT LEFT OR MOTORCYCLE DRIVER
20743546,Yes,RED OAK POLICE DEPARTMENT,25RP013103,RED OAK,FAILED TO YIELD RIGHT OF WAY - TURNING LEFT,ELLIS,2025-04-07,N - NOT INJURED,0,NO DATA,30 - BAYLOR SCOTT & WHITE MEDICAL CENTER AT WAXAHACHIE,6.003,,No Data,No Data,No Data,75154,75154,No,3N1CN8EV2LL865080,18,1 - MALE,N - NOT INJURED,0,2,3 - FRONT RIGHT
20743564,Yes,CANTON POLICE DEPARTMENT,25-001879,CANTON,FAILED TO CONTROL SPEED;FAILED TO YIELD RIGHT OF WAY - TURNING LEFT;FAULTY EVASIVE ACTION;TURNED WHEN UNSAFE,VAN ZANDT,2025-04-07,N - NOT INJURED,0,NO DATA,279 - UT HEALTH EAST TEXAS ATHENS HOSPITAL,26.654,,No Data,No Data,No Data,75754,75754,No,3GCUDFED4NG655625,37,1 - MALE,N - NOT INJURED,0,1,1 - FRONT LEFT OR MOTORCYCLE DRIVER
20743564,Yes,CANTON POLICE DEPARTMENT,25-001879,CANTON,FAILED TO CONTROL SPEED;FAILED TO YIELD RIGHT OF WAY - TURNING LEFT;FAULTY EVASIVE ACTION;TURNED WHEN UNSAFE,VAN ZANDT,2025-04-07,N - NOT INJURED,0,NO DATA,279 - UT HEALTH EAST TEXAS ATHENS HOSPITAL,26.654,,No Data,No Data,No Data,71971,71971,No,1XP5AR7XXXD507600,31,99 - UNKNOWN,N - NOT INJURED,0,1,1 - FRONT LEFT OR MOTORCYCLE DRIVER
20743570,Yes,SEGUIN POLICE DEPARTMENT,25-P07898,SEGUIN,DRIVER INATTENTION,GUADALUPE,2025-04-07,N - NOT INJURED,0,NO DATA,106 - GUADALUPE REGIONAL MEDICAL CENTER,2.221,,20 - DRIVER INATTENTION,No Data,No Data,78155,78155,No,3GNFC16028G108827,31,2 - FEMALE,N - NOT INJURED,0,1,1 - FRONT LEFT OR MOTORCYCLE DRIVER
20743570,Yes,SEGUIN POLICE DEPARTMENT,25-P07898,SEGUIN,DRIVER INATTENTION,GUADALUPE,2025-04-07,N - NOT INJURED,0,NO DATA,106 - GUADALUPE REGIONAL MEDICAL CENTER,2.221,,20 - DRIVER INATTENTION,No Data,No Data,78155,78155,No,3GNFC16028G108827,7,2 - FEMALE,N - NOT INJURED,0,2,5 - SECOND SEAT CENTER
20743577,Yes,FAIRVIEW POLICE DEPARTMENT,25074448,FAIRVIEW (COLLIN),FAILED TO YIELD RIGHT OF WAY - PRIVATE DRIVE,COLLIN,2025-04-07,N - NOT INJURED,0,NO DATA,157 - MEDICAL CITY MCKINNEY,2.167,,34 - FAILED TO YIELD RIGHT OF WAY - PRIVATE DRIVE,No Data,No Data,75407,75407,No,2C4RC1L79NR151302,62,1 - MALE,N - NOT INJURED,0,1,1 - FRONT LEFT OR MOTORCYCLE DRIVER
20743577,Yes,FAIRVIEW POLICE DEPARTMENT,25074448,FAIRVIEW (COLLIN),FAILED TO YIELD RIGHT OF WAY - PRIVATE DRIVE,COLLIN,2025-04-07,N - NOT INJURED,0,NO DATA,157 - MEDICAL CITY MCKINNEY,2.167,,No Data,No Data,No Data,75002,75002,No,JM3KFBDM8N0620321,58,2 - FEMALE,N - NOT INJURED,0,1,1 - FRONT LEFT OR MOTORCYCLE DRIVER
20743577,Yes,FAIRVIEW POLICE DEPARTMENT,25074448,FAIRVIEW (COLLIN),FAILED TO YIELD RIGHT OF WAY - PRIVATE DRIVE,COLLIN,2025-04-07,N - NOT INJURED,0,NO DATA,157 - MEDICAL CITY MCKINNEY,2.167,,No Data,No Data,No Data,75002,75002,No,JM3KFBDM8N0620321,17,1 - MALE,N - NOT INJURED,0,2,4 - SECOND SEAT LEFT OR MOTORCYCLE BACK PASSENGER
20743577,Yes,FAIRVIEW POLICE DEPARTMENT,25074448,FAIRVIEW (COLLIN),FAILED TO YIELD RIGHT OF WAY - PRIVATE DRIVE,COLLIN,2025-04-07,N - NOT INJURED,0,NO DATA,157 - MEDICAL CITY MCKINNEY,2.167,,No Data,No Data,No Data,75002,75002,No,JM3KFBDM8N0620321,14,1 - MALE,N - NOT INJURED,0,3,6 - SECOND SEAT RIGHT
20743578,No,ANGLETON POLICE DEPARTMENT,2025000554,ANGLETON,DRIVER INATTENTION; FAILED TO CONTROL SPEED,BRAZORIA,2025-04-07,B - SUSPECTED MINOR INJURY,0,NO DATA,No Data,No Data,,20 - DRIVER INATTENTION,22 - FAILED TO CONTROL SPEED,No Data,77566,77566,No,1C4RJEAG3CC258903,45,2 - FEMALE,N - NOT INJURED,0,1,1 - FRONT LEFT OR MOTORCYCLE DRIVER
20743578,No,ANGLETON POLICE DEPARTMENT,2025000554,ANGLETON,DRIVER INATTENTION; FAILED TO CONTROL SPEED,BRAZORIA,2025-04-07,B - SUSPECTED MINOR INJURY,0,NO DATA,No Data,No Data,,No Data,No Data,No Data,No Data,No Data,No Data,No Data,36,1 - MALE,B - SUSPECTED MINOR INJURY,1,1,"16 - PEDESTRIAN, PEDALCYCLIST, OR MOTORIZED CONVEYANCE"
20743582,Yes,HOUSTON POLICE DEPARTMENT,0044539425N,HOUSTON,FAILED TO DRIVE IN SINGLE LANE,HARRIS,2025-04-07,N - NOT INJURED,0,NO DATA,120 - HCA HOUSTON HEALTHCARE NORTHWEST,6.192,I,23 - FAILED TO DRIVE IN SINGLE LANE,No Data,No Data,,,No,W1Z4EGHY8MT077152,No Data,1 - MALE,99 - UNKNOWN,0,1,1 - FRONT LEFT OR MOTORCYCLE DRIVER
20743582,Yes,HOUSTON POLICE DEPARTMENT,0044539425N,HOUSTON,FAILED TO DRIVE IN SINGLE LANE,HARRIS,2025-04-07,N - NOT INJURED,0,NO DATA,120 - HCA HOUSTON HEALTHCARE NORTHWEST,6.192,I,No Data,No Data,No Data,77042,77042,No,5YFEPMAE1NP279488,31,1 - MALE,N - NOT INJURED,0,1,1 - FRONT LEFT OR MOTORCYCLE DRIVER
20743587,Yes,HOUSTON POLICE DEPARTMENT,0044571725Y,HOUSTON,FAILED TO CONTROL SPEED,HARRIS,2025-04-07,N - NOT INJURED,0,NO DATA,No Data,No Data,F,22 - FAILED TO CONTROL SPEED,No Data,No Data,77355,77355,No,JTHBK262972043496,45,1 - MALE,N - NOT INJURED,0,1,1 - FRONT LEFT OR MOTORCYCLE DRIVER
20743587,Yes,HOUSTON POLICE DEPARTMENT,0044571725Y,HOUSTON,FAILED TO CONTROL SPEED,HARRIS,2025-04-07,N - NOT INJURED,0,NO DATA,No Data,No Data,F,22 - FAILED TO CONTROL SPEED,No Data,No Data,77355,77355,No,JTHBK262972043496,33,1 - MALE,N - NOT INJURED,0,2,1 - FRONT LEFT OR MOTORCYCLE DRIVER
20743587,Yes,HOUSTON POLICE DEPARTMENT,0044571725Y,HOUSTON,FAILED TO CONTROL SPEED,HARRIS,2025-04-07,N - NOT INJURED,0,NO DATA,No Data,No Data,F,No Data,No Data,No Data,77530,77530,No,1N4AL3AP6EN213429,21,1 - MALE,N - NOT INJURED,0,1,1 - FRONT LEFT OR MOTORCYCLE DRIVER
20743593,Yes,SAN ANTONIO POLICE DEPARTMENT,SAPD25068943,SAN ANTONIO,BACKED WITHOUT SAFETY; DRIVER INATTENTION,BEXAR,2025-04-07,C - POSSIBLE INJURY,0,NO DATA,No Data,No Data,60,3 - BACKED WITHOUT SAFETY,20 - DRIVER INATTENTION,No Data,,No Data,Yes,No Data,No Data,99 - UNKNOWN,99 - UNKNOWN,0,1,1 - FRONT LEFT OR MOTORCYCLE DRIVER
20743593,Yes,SAN ANTONIO POLICE DEPARTMENT,SAPD25068943,SAN ANTONIO,BACKED WITHOUT SAFETY; DRIVER INATTENTION,BEXAR,2025-04-07,C - POSSIBLE INJURY,0,NO DATA,No Data,No Data,60,No Data,No Data,No Data,No Data,78245,No,2C3CDZAG8FH873568,25,2 - FEMALE,C - POSSIBLE INJURY,0,1,3 - FRONT RIGHT
20743594,Yes,SAN ANTONIO POLICE DEPARTMENT,SAPD25068930,SAN ANTONIO,TURNED WHEN UNSAFE,BEXAR,2025-04-07,N - NOT INJURED,0,NO DATA,46 - CHRISTUS CHILDRENS HOSPITAL OF SAN ANTONIO,9.244,60,66 - TURNED WHEN UNSAFE,No Data,No Data,78242,78242,No,1G6AX5SX9E0117254,32,2 - FEMALE,N - NOT INJURED,0,1,1 - FRONT LEFT OR MOTORCYCLE DRIVER
20743594,Yes,SAN ANTONIO POLICE DEPARTMENT,SAPD25068930,SAN ANTONIO,TURNED WHEN UNSAFE,BEXAR,2025-04-07,N - NOT INJURED,0,NO DATA,46 - CHRISTUS CHILDRENS HOSPITAL OF SAN ANTONIO,9.244,60,66 - TURNED WHEN UNSAFE,No Data,No Data,78242,78242,No,1G6AX5SX9E0117254,13,2 - FEMALE,N - NOT INJURED,0,2,3 - FRONT RIGHT
20743594,Yes,SAN ANTONIO POLICE DEPARTMENT,SAPD25068930,SAN ANTONIO,TURNED WHEN UNSAFE,BEXAR,2025-04-07,N - NOT INJURED,0,NO DATA,46 - CHRISTUS CHILDRENS HOSPITAL OF SAN ANTONIO,9.244,60,66 - TURNED WHEN UNSAFE,No Data,No Data,78242,78242,No,1G6AX5SX9E0117254,7,1 - MALE,N - NOT INJURED,0,3,3 - FRONT RIGHT
20743594,Yes,SAN ANTONIO POLICE DEPARTMENT,SAPD25068930,SAN ANTONIO,TURNED WHEN UNSAFE,BEXAR,2025-04-07,N - NOT INJURED,0,NO DATA,46 - CHRISTUS CHILDRENS HOSPITAL OF SAN ANTONIO,9.244,60,No Data,No Data,No Data,78228,78228,No,3N1CP5BVXRL549142,52,1 - MALE,N - NOT INJURED,0,1,1 - FRONT LEFT OR MOTORCYCLE DRIVER
20743596,Yes,EL PASO POLICE DEPARTMENT,25-097113,EL PASO,OTHER (EXPLAIN IN NARRATIVE),EL PASO,2025-04-07,N - NOT INJURED,0,NO DATA,No Data,No Data,,98 - OTHER (EXPLAIN IN NARRATIVE),No Data,No Data,79924,79924,No,5YFBURHE2EP108702,55,2 - FEMALE,N - NOT INJURED,0,1,1 - FRONT LEFT OR MOTORCYCLE DRIVER
20743596,Yes,EL PASO POLICE DEPARTMENT,25-097113,EL PASO,OTHER (EXPLAIN IN NARRATIVE),EL PASO,2025-04-07,N - NOT INJURED,0,NO DATA,No Data,No Data,,98 - OTHER (EXPLAIN IN NARRATIVE),No Data,No Data,79907,79907,No,1VWBA7A32JC026328,26,1 - MALE,N - NOT INJURED,0,1,1 - FRONT LEFT OR MOTORCYCLE DRIVER
20743596,Yes,EL PASO POLICE DEPARTMENT,25-097113,EL PASO,OTHER (EXPLAIN IN NARRATIVE),EL PASO,2025-04-07,N - NOT INJURED,0,NO DATA,No Data,No Data,,98 - OTHER (EXPLAIN IN NARRATIVE),No Data,No Data,79907,79907,No,1VWBA7A32JC026328,73,1 - MALE,N - NOT INJURED,0,2,3 - FRONT RIGHT
20743598,Yes,DENTON POLICE DEPARTMENT,25057146,DENTON,FAILED TO CONTROL SPEED,DENTON,2025-04-07,C - POSSIBLE INJURY,0,NO DATA,152 - MEDICAL CITY DENTON,0.343,,22 - FAILED TO CONTROL SPEED,No Data,No Data,,No Data,Yes,No Data,No Data,99 - UNKNOWN,99 - UNKNOWN,0,1,1 - FRONT LEFT OR MOTORCYCLE DRIVER
20743598,Yes,DENTON POLICE DEPARTMENT,25057146,DENTON,FAILED TO CONTROL SPEED,DENTON,2025-04-07,C - POSSIBLE INJURY,0,NO DATA,152 - MEDICAL CITY DENTON,0.343,,No Data,No Data,No Data,75081,75081,No,KNDPZDDH5R7137435,38,2 - FEMALE,C - POSSIBLE INJURY,0,1,1 - FRONT LEFT OR MOTORCYCLE DRIVER
20743598,Yes,DENTON POLICE DEPARTMENT,25057146,DENTON,FAILED TO CONTROL SPEED,DENTON,2025-04-07,C - POSSIBLE INJURY,0,NO DATA,152 - MEDICAL CITY DENTON,0.343,,No Data,No Data,No Data,75081,75081,No,KNDPZDDH5R7137435,39,1 - MALE,C - POSSIBLE INJURY,0,2,3 - FRONT RIGHT
20743600,Yes,DENTON POLICE DEPARTMENT,25057299,DENTON,DRIVER INATTENTION,DENTON,2025-04-07,99 - UNKNOWN,0,NO DATA,No Data,No Data,,No Data,No Data,No Data,,No Data,Yes,No Data,No Data,99 - UNKNOWN,99 - UNKNOWN,0,1,1 - FRONT LEFT OR MOTORCYCLE DRIVER
20743605,Yes,UNIVERSITY OF NORTH TEXAS POLICE DEPARTMENT,0270425,DENTON,DISREGARD STOP SIGN OR LIGHT,DENTON,2025-04-07,B - SUSPECTED MINOR INJURY,0,NO DATA,152 - MEDICAL CITY DENTON,4.197,,16 - DISREGARD STOP SIGN OR LIGHT,No Data,No Data,76210,76210,No,5FNRL6H57KB112221,40,2 - FEMALE,N - NOT INJURED,0,1,1 - FRONT LEFT OR MOTORCYCLE DRIVER
20743605,Yes,UNIVERSITY OF NORTH TEXAS POLICE DEPARTMENT,0270425,DENTON,DISREGARD STOP SIGN OR LIGHT,DENTON,2025-04-07,B - SUSPECTED MINOR INJURY,0,NO DATA,152 - MEDICAL CITY DENTON,4.197,,16 - DISREGARD STOP SIGN OR LIGHT,No Data,No Data,No Data,No Data,No Data,No Data,26,1 - MALE,B - SUSPECTED MINOR INJURY,1,1,"16 - PEDESTRIAN, PEDALCYCLIST, OR MOTORIZED CONVEYANCE"
20743613,Yes,ODESSA POLICE DEPARTMENT,25-0003680,ODESSA,FAILED TO CONTROL SPEED,ECTOR,2025-04-07,C - POSSIBLE INJURY,0,NO DATA,204 - ODESSA REGIONAL MEDICAL CENTER,3.768,,22 - FAILED TO CONTROL SPEED,No Data,No Data,79764,79764,No,KMHD35LH2GU319664,27,1 - MALE,N - NOT INJURED,0,1,1 - FRONT LEFT OR MOTORCYCLE DRIVER
20743613,Yes,ODESSA POLICE DEPARTMENT,25-0003680,ODESSA,FAILED TO CONTROL SPEED,ECTOR,2025-04-07,C - POSSIBLE INJURY,0,NO DATA,204 - ODESSA REGIONAL MEDICAL CENTER,3.768,,No Data,No Data,No Data,79707,79705,No,1FTFW1E57NFB56270,26,1 - MALE,C - POSSIBLE INJURY,0,1,1 - FRONT LEFT OR MOTORCYCLE DRIVER
20743615,Yes,TRAVIS COUNTY SHERIFF'S OFFICE,250970468,OUTSIDE CITY LIMITS,FOLLOWED TOO CLOSELY;OTHER (EXPLAIN IN NARRATIVE),TRAVIS,2025-04-07,N - NOT INJURED,0,NO DATA,13 - ASCENSION SETON WILLIAMSON,6.422,10,44 - FOLLOWED TOO CLOSELY,98 - OTHER (EXPLAIN IN NARRATIVE),No Data,78744,78664,No,2FMDK3KC2ABA19861,37,1 - MALE,N - NOT INJURED,0,1,1 - FRONT LEFT OR MOTORCYCLE DRIVER
20743615,Yes,TRAVIS COUNTY SHERIFF'S OFFICE,250970468,OUTSIDE CITY LIMITS,FOLLOWED TOO CLOSELY;OTHER (EXPLAIN IN NARRATIVE),TRAVIS,2025-04-07,N - NOT INJURED,0,NO DATA,13 - ASCENSION SETON WILLIAMSON,6.422,10,No Data,No Data,No Data,78664,78664,No,KL77LKEP5SC048373,21,1 - MALE,N - NOT INJURED,0,1,1 - FRONT LEFT OR MOTORCYCLE DRIVER
20743615,Yes,TRAVIS COUNTY SHERIFF'S OFFICE,250970468,OUTSIDE CITY LIMITS,FOLLOWED TOO CLOSELY;OTHER (EXPLAIN IN NARRATIVE),TRAVIS,2025-04-07,N - NOT INJURED,0,NO DATA,13 - ASCENSION SETON WILLIAMSON,6.422,10,No Data,No Data,No Data,78664,78664,No,KL77LKEP5SC048373,22,1 - MALE,N - NOT INJURED,0,2,3 - FRONT RIGHT
20743615,Yes,TRAVIS COUNTY SHERIFF'S OFFICE,250970468,OUTSIDE CITY LIMITS,FOLLOWED TOO CLOSELY;OTHER (EXPLAIN IN NARRATIVE),TRAVIS,2025-04-07,N - NOT INJURED,0,NO DATA,13 - ASCENSION SETON WILLIAMSON,6.422,10,No Data,No Data,No Data,78664,78664,No,KL77LKEP5SC048373,18,1 - MALE,N - NOT INJURED,0,3,6 - SECOND SEAT RIGHT
20743620,Yes,ODESSA POLICE DEPARTMENT,25-0003690,ODESSA,DISREGARD TURN MARKS AT INTERSECTION,ECTOR,2025-04-07,N - NOT INJURED,0,NO DATA,204 - ODESSA REGIONAL MEDICAL CENTER,6.342,,17 - DISREGARD TURN MARKS AT INTERSECTION,No Data,No Data,79762,79762,No,2T3C1RFV1RC281267,36,1 - MALE,N - NOT INJURED,0,1,1 - FRONT LEFT OR MOTORCYCLE DRIVER
20743620,Yes,ODESSA POLICE DEPARTMENT,25-0003690,ODESSA,DISREGARD TURN MARKS AT INTERSECTION,ECTOR,2025-04-07,N - NOT INJURED,0,NO DATA,204 - ODESSA REGIONAL MEDICAL CENTER,6.342,,No Data,No Data,No Data,79762,79762,No,2C3CDXBG5LH117050,21,1 - MALE,N - NOT INJURED,0,1,1 - FRONT LEFT OR MOTORCYCLE DRIVER
20743622,Yes,ODESSA POLICE DEPARTMENT,25-0003696,ODESSA,BACKED WITHOUT SAFETY,ECTOR,2025-04-07,N - NOT INJURED,0,NO DATA,204 - ODESSA REGIONAL MEDICAL CENTER,6.205,,3 - BACKED WITHOUT SAFETY,No Data,No Data,79903,79765,No,3GNEK13T92G122812,45,1 - MALE,N - NOT INJURED,0,1,1 - FRONT LEFT OR MOTORCYCLE DRIVER
20743627,Yes,ODESSA POLICE DEPARTMENT,25-0003697,ODESSA,FAILED TO YIELD RIGHT OF WAY - PRIVATE DRIVE,ECTOR,2025-04-07,N - NOT INJURED,0,NO DATA,204 - ODESSA REGIONAL MEDICAL CENTER,2.011,,34 - FAILED TO YIELD RIGHT OF WAY - PRIVATE DRIVE,No Data,No Data,79707,79707,No,1N4BL4DV0NN401416,34,2 - FEMALE,N - NOT INJURED,0,1,1 - FRONT LEFT OR MOTORCYCLE DRIVER
20743627,Yes,ODESSA POLICE DEPARTMENT,25-0003697,ODESSA,FAILED TO YIELD RIGHT OF WAY - PRIVATE DRIVE,ECTOR,2025-04-07,N - NOT INJURED,0,NO DATA,204 - ODESSA REGIONAL MEDICAL CENTER,2.011,,34 - FAILED TO YIELD RIGHT OF WAY - PRIVATE DRIVE,No Data,No Data,79707,79707,No,1N4BL4DV0NN401416,36,1 - MALE,N - NOT INJURED,0,2,3 - FRONT RIGHT
20743627,Yes,ODESSA POLICE DEPARTMENT,25-0003697,ODESSA,FAILED TO YIELD RIGHT OF WAY - PRIVATE DRIVE,ECTOR,2025-04-07,N - NOT INJURED,0,NO DATA,204 - ODESSA REGIONAL MEDICAL CENTER,2.011,,No Data,No Data,No Data,79763,79763,No,1FT8W3BTXCEB15688,35,2 - FEMALE,N - NOT INJURED,0,1,1 - FRONT LEFT OR MOTORCYCLE DRIVER
20743629,No,BROWNSVILLE POLICE DEPARTMENT,202504070089,BROWNSVILLE,FAILED TO CONTROL SPEED,CAMERON,2025-04-07,N - NOT INJURED,0,NO DATA,293 - VALLEY BAPTIST MEDICAL CENTER - BROWNSVILLE,1.256,SW,22 - FAILED TO CONTROL SPEED,No Data,No Data,78566,78526,No,1HGCS12318A005851,22,2 - FEMALE,N - NOT INJURED,0,1,1 - FRONT LEFT OR MOTORCYCLE DRIVER
20743629,No,BROWNSVILLE POLICE DEPARTMENT,202504070089,BROWNSVILLE,FAILED TO CONTROL SPEED,CAMERON,2025-04-07,N - NOT INJURED,0,NO DATA,293 - VALLEY BAPTIST MEDICAL CENTER - BROWNSVILLE,1.256,SW,No Data,No Data,No Data,78521,63146,No,1FTEX1EB6LFB69460,56,1 - MALE,N - NOT INJURED,0,1,1 - FRONT LEFT OR MOTORCYCLE DRIVER
20743629,No,BROWNSVILLE POLICE DEPARTMENT,202504070089,BROWNSVILLE,FAILED TO CONTROL SPEED,CAMERON,2025-04-07,N - NOT INJURED,0,NO DATA,293 - VALLEY BAPTIST MEDICAL CENTER - BROWNSVILLE,1.256,SW,No Data,No Data,No Data,78521,63146,No,1FTEX1EB6LFB69460,43,1 - MALE,N - NOT INJURED,0,2,3 - FRONT RIGHT
20743629,No,BROWNSVILLE POLICE DEPARTMENT,202504070089,BROWNSVILLE,FAILED TO CONTROL SPEED,CAMERON,2025-04-07,N - NOT INJURED,0,NO DATA,293 - VALLEY BAPTIST MEDICAL CENTER - BROWNSVILLE,1.256,SW,No Data,No Data,No Data,78521,63146,No,1FTEX1EB6LFB69460,60,1 - MALE,N - NOT INJURED,0,3,6 - SECOND SEAT RIGHT
20743634,Yes,TRAVIS COUNTY SHERIFF'S OFFICE,250970559,OUTSIDE CITY LIMITS,FAILED TO YIELD RIGHT OF WAY - PRIVATE DRIVE;IMPAIRED VISIBILITY (EXPLAIN IN NARRATIVE),TRAVIS,2025-04-07,N - NOT INJURED,0,NO DATA,243 - ST. DAVIDS SOUTH AUSTIN MEDICAL CENTER,6.832,10,34 - FAILED TO YIELD RIGHT OF WAY - PRIVATE DRIVE,48 - IMPAIRED VISIBILITY (EXPLAIN IN NARRATIVE),No Data,78610,78610,No,1G1BD5SM8H7260166,20,1 - MALE,N - NOT INJURED,0,1,1 - FRONT LEFT OR MOTORCYCLE DRIVER
20743634,Yes,TRAVIS COUNTY SHERIFF'S OFFICE,250970559,OUTSIDE CITY LIMITS,FAILED TO YIELD RIGHT OF WAY - PRIVATE DRIVE;IMPAIRED VISIBILITY (EXPLAIN IN NARRATIVE),TRAVIS,2025-04-07,N - NOT INJURED,0,NO DATA,243 - ST. DAVIDS SOUTH AUSTIN MEDICAL CENTER,6.832,10,No Data,No Data,No Data,78616,78644,No,1FTEW1EP2NKD56042,36,1 - MALE,N - NOT INJURED,0,1,1 - FRONT LEFT OR MOTORCYCLE DRIVER
20743636,Yes,BROWNSVILLE POLICE DEPARTMENT,202504070051,BROWNSVILLE,IMPROPER START FROM PARKED POSITION,CAMERON,2025-04-07,C - POSSIBLE INJURY,0,NO DATA,293 - VALLEY BAPTIST MEDICAL CENTER - BROWNSVILLE,1.376,SE,"49 - IMPROPER START FROM A STOPPED, STANDING, OR PARKED POSITION",No Data,No Data,78521,78521,No,2G1105SA7G9169870,25,2 - FEMALE,N - NOT INJURED,0,1,1 - FRONT LEFT OR MOTORCYCLE DRIVER
20743636,Yes,BROWNSVILLE POLICE DEPARTMENT,202504070051,BROWNSVILLE,IMPROPER START FROM PARKED POSITION,CAMERON,2025-04-07,C - POSSIBLE INJURY,0,NO DATA,293 - VALLEY BAPTIST MEDICAL CENTER - BROWNSVILLE,1.376,SE,No Data,No Data,No Data,78520,78521,No,1HGCV1F34MA109648,21,2 - FEMALE,C - POSSIBLE INJURY,0,1,1 - FRONT LEFT OR MOTORCYCLE DRIVER
20743651,Yes,TRAVIS COUNTY SHERIFF'S OFFICE,250970527,OUTSIDE CITY LIMITS,DRIVER INATTENTION,TRAVIS,2025-04-07,N - NOT INJURED,0,NO DATA,195 - NORTH AUSTIN MEDICAL CENTER,7.427,,20 - DRIVER INATTENTION,No Data,No Data,78665,78665,No,1G1JB5SH5H4176408,24,1 - MALE,N - NOT INJURED,0,1,1 - FRONT LEFT OR MOTORCYCLE DRIVER
20743651,Yes,TRAVIS COUNTY SHERIFF'S OFFICE,250970527,OUTSIDE CITY LIMITS,DRIVER INATTENTION,TRAVIS,2025-04-07,N - NOT INJURED,0,NO DATA,195 - NORTH AUSTIN MEDICAL CENTER,7.427,,No Data,No Data,No Data,44147,74134,No,KL79MPSP9SB170294,63,1 - MALE,N - NOT INJURED,0,1,1 - FRONT LEFT OR MOTORCYCLE DRIVER
20743657,No,SAN ANTONIO POLICE DEPARTMENT,SAPD25069017,SAN ANTONIO,DRIVER INATTENTION;FAILED TO DRIVE IN SINGLE LANE;DROVE ON IMPROVED SHOULDER,BEXAR,2025-04-07,N - NOT INJURED,0,NO DATA,187 - MISSION TRAIL BAPTIST HOSPITAL,7.148,60,20 - DRIVER INATTENTION,23 - FAILED TO DRIVE IN SINGLE LANE,79 - DROVE ON IMPROVED SHOULDER,78221,78245,No,4T1DAACK7SU563037,34,2 - FEMALE,N - NOT INJURED,0,1,1 - FRONT LEFT OR MOTORCYCLE DRIVER
20743657,No,SAN ANTONIO POLICE DEPARTMENT,SAPD25069017,SAN ANTONIO,DRIVER INATTENTION;FAILED TO DRIVE IN SINGLE LANE;DROVE ON IMPROVED SHOULDER,BEXAR,2025-04-07,N - NOT INJURED,0,NO DATA,187 - MISSION TRAIL BAPTIST HOSPITAL,7.148,60,20 - DRIVER INATTENTION,23 - FAILED TO DRIVE IN SINGLE LANE,79 - DROVE ON IMPROVED SHOULDER,78221,78245,No,4T1DAACK7SU563037,9,2 - FEMALE,N - NOT INJURED,0,2,6 - SECOND SEAT RIGHT
20743657,No,SAN ANTONIO POLICE DEPARTMENT,SAPD25069017,SAN ANTONIO,DRIVER INATTENTION;FAILED TO DRIVE IN SINGLE LANE;DROVE ON IMPROVED SHOULDER,BEXAR,2025-04-07,N - NOT INJURED,0,NO DATA,187 - MISSION TRAIL BAPTIST HOSPITAL,7.148,60,20 - DRIVER INATTENTION,23 - FAILED TO DRIVE IN SINGLE LANE,79 - DROVE ON IMPROVED SHOULDER,78221,78245,No,4T1DAACK7SU563037,13,1 - MALE,N - NOT INJURED,0,3,3 - FRONT RIGHT
20743658,No,SAN ANTONIO POLICE DEPARTMENT,SAPD25069048,SAN ANTONIO,DRIVER INATTENTION; FAILED TO STOP AT PROPER PLACE,BEXAR,2025-04-07,N - NOT INJURED,0,NO DATA,187 - MISSION TRAIL BAPTIST HOSPITAL,3.455,60,No Data,No Data,No Data,78264,78264,No,3G1BE6SM6HS551883,18,2 - FEMALE,N - NOT INJURED,0,1,1 - FRONT LEFT OR MOTORCYCLE DRIVER
20743658,No,SAN ANTONIO POLICE DEPARTMENT,SAPD25069048,SAN ANTONIO,DRIVER INATTENTION; FAILED TO STOP AT PROPER PLACE,BEXAR,2025-04-07,N - NOT INJURED,0,NO DATA,187 - MISSION TRAIL BAPTIST HOSPITAL,3.455,60,No Data,No Data,No Data,78264,78264,No,3G1BE6SM6HS551883,18,2 - FEMALE,N - NOT INJURED,0,2,3 - FRONT RIGHT
20743658,No,SAN ANTONIO POLICE DEPARTMENT,SAPD25069048,SAN ANTONIO,DRIVER INATTENTION; FAILED TO STOP AT PROPER PLACE,BEXAR,2025-04-07,N - NOT INJURED,0,NO DATA,187 - MISSION TRAIL BAPTIST HOSPITAL,3.455,60,No Data,No Data,No Data,78264,78264,No,3G1BE6SM6HS551883,15,2 - FEMALE,N - NOT INJURED,0,3,4 - SECOND SEAT LEFT OR MOTORCYCLE BACK PASSENGER
20743658,No,SAN ANTONIO POLICE DEPARTMENT,SAPD25069048,SAN ANTONIO,DRIVER INATTENTION; FAILED TO STOP AT PROPER PLACE,BEXAR,2025-04-07,N - NOT INJURED,0,NO DATA,187 - MISSION TRAIL BAPTIST HOSPITAL,3.455,60,No Data,No Data,No Data,78264,78264,No,3G1BE6SM6HS551883,17,2 - FEMALE,N - NOT INJURED,0,4,6 - SECOND SEAT RIGHT
20743658,No,SAN ANTONIO POLICE DEPARTMENT,SAPD25069048,SAN ANTONIO,DRIVER INATTENTION; FAILED TO STOP AT PROPER PLACE,BEXAR,2025-04-07,N - NOT INJURED,0,NO DATA,187 - MISSION TRAIL BAPTIST HOSPITAL,3.455,60,20 - DRIVER INATTENTION,29 - FAILED TO STOP AT PROPER PLACE,No Data,,78222,Yes,1N4AL3AP1DN536107,17,2 - FEMALE,99 - UNKNOWN,0,1,1 - FRONT LEFT OR MOTORCYCLE DRIVER
20743666,No,TRAVIS COUNTY SHERIFF'S OFFICE,250970544,JONESTOWN,FAILED TO CONTROL SPEED,TRAVIS,2025-04-07,N - NOT INJURED,0,NO DATA,37 - CEDAR PARK REGIONAL MEDICAL CENTER,6.111,20,22 - FAILED TO CONTROL SPEED,No Data,No Data,78641,78641,No,4F4YR12D97PM02042,28,1 - MALE,N - NOT INJURED,0,1,1 - FRONT LEFT OR MOTORCYCLE DRIVER
20743666,No,TRAVIS COUNTY SHERIFF'S OFFICE,250970544,JONESTOWN,FAILED TO CONTROL SPEED,TRAVIS,2025-04-07,N - NOT INJURED,0,NO DATA,37 - CEDAR PARK REGIONAL MEDICAL CENTER,6.111,20,No Data,No Data,No Data,78641,78641,No,1FTKR1EE2BPA03081,74,1 - MALE,N - NOT INJURED,0,1,1 - FRONT LEFT OR MOTORCYCLE DRIVER
20743670,Yes,SAN ANTONIO POLICE DEPARTMENT,SAPD25068982,SAN ANTONIO,BACKED WITHOUT SAFETY; TURNED WHEN UNSAFE,BEXAR,2025-04-07,N - NOT INJURED,0,NO DATA,No Data,No Data,40,66 - TURNED WHEN UNSAFE,No Data,No Data,78221,78221,No,1FMCU0J91HUE07338,32,1 - MALE,N - NOT INJURED,0,1,1 - FRONT LEFT OR MOTORCYCLE DRIVER
20743670,Yes,SAN ANTONIO POLICE DEPARTMENT,SAPD25068982,SAN ANTONIO,BACKED WITHOUT SAFETY; TURNED WHEN UNSAFE,BEXAR,2025-04-07,N - NOT INJURED,0,NO DATA,No Data,No Data,40,3 - BACKED WITHOUT SAFETY,No Data,No Data,,78227,Yes,1GCGSCE36G1146064,No Data,2 - FEMALE,99 - UNKNOWN,0,1,1 - FRONT LEFT OR MOTORCYCLE DRIVER
20743671,Yes,SAN ANTONIO POLICE DEPARTMENT,SAPD25069065,SAN ANTONIO,CHANGED LANE WHEN UNSAFE; FOLLOWED TOO CLOSELY,BEXAR,2025-04-07,N - NOT INJURED,0,NO DATA,182 - METROPOLITAN METHODIST HOSPITAL,1.443,40,No Data,No Data,No Data,78233,78233,No,5GAERBKW1LJ107907,57,2 - FEMALE,N - NOT INJURED,0,1,1 - FRONT LEFT OR MOTORCYCLE DRIVER
20743671,Yes,SAN ANTONIO POLICE DEPARTMENT,SAPD25069065,SAN ANTONIO,CHANGED LANE WHEN UNSAFE; FOLLOWED TOO CLOSELY,BEXAR,2025-04-07,N - NOT INJURED,0,NO DATA,182 - METROPOLITAN METHODIST HOSPITAL,1.443,40,No Data,No Data,No Data,78212,78212,No,1FD7X2A61KEG80940,32,1 - MALE,N - NOT INJURED,0,1,1 - FRONT LEFT OR MOTORCYCLE DRIVER
20743672,Yes,SAN ANTONIO POLICE DEPARTMENT,SAPD25069067,SAN ANTONIO,FOLLOWED TOO CLOSELY,BEXAR,2025-04-07,N - NOT INJURED,0,NO DATA,12 - BAPTIST MEDICAL CENTER,0.179,40,44 - FOLLOWED TOO CLOSELY,No Data,No Data,,78332,Yes,1FT7W2BT8KEE52574,No Data,1 - MALE,99 - UNKNOWN,0,1,1 - FRONT LEFT OR MOTORCYCLE DRIVER
20743672,Yes,SAN ANTONIO POLICE DEPARTMENT,SAPD25069067,SAN ANTONIO,FOLLOWED TOO CLOSELY,BEXAR,2025-04-07,N - NOT INJURED,0,NO DATA,12 - BAPTIST MEDICAL CENTER,0.179,40,No Data,No Data,No Data,78109,78109,No,JN8AS58T49W043975,40,2 - FEMALE,N - NOT INJURED,0,1,1 - FRONT LEFT OR MOTORCYCLE DRIVER
20743672,Yes,SAN ANTONIO POLICE DEPARTMENT,SAPD25069067,SAN ANTONIO,FOLLOWED TOO CLOSELY,BEXAR,2025-04-07,N - NOT INJURED,0,NO DATA,12 - BAPTIST MEDICAL CENTER,0.179,40,No Data,No Data,No Data,78109,78109,No,JN8AS58T49W043975,16,2 - FEMALE,N - NOT INJURED,0,2,3 - FRONT RIGHT
20743680,Yes,HARRIS COUNTY SHERIFF'S OFFICE,2504-02539,OUTSIDE CITY LIMITS,FAULTY EVASIVE ACTION,HARRIS,2025-04-07,C - POSSIBLE INJURY,0,NO DATA,114 - HARRIS HEALTH SYSTEM LYNDON B. JOHNSON HOSPITAL,7.112,PD,No Data,No Data,No Data,77071,77032,No,5YFB4MDE1SP263651,37,2 - FEMALE,C - POSSIBLE INJURY,0,1,1 - FRONT LEFT OR MOTORCYCLE DRIVER
20743680,Yes,HARRIS COUNTY SHERIFF'S OFFICE,2504-02539,OUTSIDE CITY LIMITS,FAULTY EVASIVE ACTION,HARRIS,2025-04-07,C - POSSIBLE INJURY,0,NO DATA,114 - HARRIS HEALTH SYSTEM LYNDON B. JOHNSON HOSPITAL,7.112,PD,No Data,No Data,No Data,77044,77013,No,1GCDS136968148725,17,2 - FEMALE,N - NOT INJURED,0,1,1 - FRONT LEFT OR MOTORCYCLE DRIVER
20743683,Yes,GEORGETOWN POLICE DEPARTMENT,2025-097-002,GEORGETOWN,FAILED TO CONTROL SPEED,WILLIAMSON,2025-04-07,C - POSSIBLE INJURY,0,NO DATA,"235 - ST. DAVIDS GEORGETOWN HOSPITAL, A ST. DAVIDS MEDICAL CENTER FACILITY",2.554,,22 - FAILED TO CONTROL SPEED,No Data,No Data,76527,76527,No,1FT7W2BT9JEB49639,42,1 - MALE,N - NOT INJURED,0,1,1 - FRONT LEFT OR MOTORCYCLE DRIVER
20743683,Yes,GEORGETOWN POLICE DEPARTMENT,2025-097-002,GEORGETOWN,FAILED TO CONTROL SPEED,WILLIAMSON,2025-04-07,C - POSSIBLE INJURY,0,NO DATA,"235 - ST. DAVIDS GEORGETOWN HOSPITAL, A ST. DAVIDS MEDICAL CENTER FACILITY",2.554,,No Data,No Data,No Data,78628,78628,No,3MZBN1W32JM164055,64,2 - FEMALE,C - POSSIBLE INJURY,0,1,1 - FRONT LEFT OR MOTORCYCLE DRIVER
20743684,Yes,HIGHLAND PARK DEPARTMENT OF PUBLIC SAFETY,25-5915,HIGHLAND PARK,DRIVER INATTENTION,DALLAS,2025-04-07,N - NOT INJURED,0,NO DATA,215 - PARKLAND MEMORIAL HOSPITAL,2.094,,No Data,No Data,No Data,75023,75023,No,4S4BSANC5H3245328,76,1 - MALE,N - NOT INJURED,0,1,1 - FRONT LEFT OR MOTORCYCLE DRIVER
20743684,Yes,HIGHLAND PARK DEPARTMENT OF PUBLIC SAFETY,25-5915,HIGHLAND PARK,DRIVER INATTENTION,DALLAS,2025-04-07,N - NOT INJURED,0,NO DATA,215 - PARKLAND MEMORIAL HOSPITAL,2.094,,No Data,No Data,No Data,75023,75023,No,4S4BSANC5H3245328,71,2 - FEMALE,N - NOT INJURED,0,2,3 - FRONT RIGHT
20743684,Yes,HIGHLAND PARK DEPARTMENT OF PUBLIC SAFETY,25-5915,HIGHLAND PARK,DRIVER INATTENTION,DALLAS,2025-04-07,N - NOT INJURED,0,NO DATA,215 - PARKLAND MEMORIAL HOSPITAL,2.094,,20 - DRIVER INATTENTION,No Data,No Data,76011,76011,No,KMHRB8A32LU057060,30,1 - MALE,N - NOT INJURED,0,1,1 - FRONT LEFT OR MOTORCYCLE DRIVER
20743686,Yes,HARRIS COUNTY SHERIFF'S OFFICE,2504-02445,OUTSIDE CITY LIMITS,FAILED TO YIELD RIGHT OF WAY - PRIVATE DRIVE,HARRIS,2025-04-07,N - NOT INJURED,0,NO DATA,114 - HARRIS HEALTH SYSTEM LYNDON B. JOHNSON HOSPITAL,7.84,PD,No Data,No Data,No Data,77049,77049,No,JN8AT3CA7MW027995,71,2 - FEMALE,N - NOT INJURED,0,1,1 - FRONT LEFT OR MOTORCYCLE DRIVER
20743686,Yes,HARRIS COUNTY SHERIFF'S OFFICE,2504-02445,OUTSIDE CITY LIMITS,FAILED TO YIELD RIGHT OF WAY - PRIVATE DRIVE,HARRIS,2025-04-07,N - NOT INJURED,0,NO DATA,114 - HARRIS HEALTH SYSTEM LYNDON B. JOHNSON HOSPITAL,7.84,PD,No Data,No Data,No Data,77049,77049,No,JN8AT3CA7MW027995,18,1 - MALE,N - NOT INJURED,0,2,6 - SECOND SEAT RIGHT
20743686,Yes,HARRIS COUNTY SHERIFF'S OFFICE,2504-02445,OUTSIDE CITY LIMITS,FAILED TO YIELD RIGHT OF WAY - PRIVATE DRIVE,HARRIS,2025-04-07,N - NOT INJURED,0,NO DATA,114 - HARRIS HEALTH SYSTEM LYNDON B. JOHNSON HOSPITAL,7.84,PD,No Data,No Data,No Data,77049,77049,No,JN8AT3CA7MW027995,5,2 - FEMALE,N - NOT INJURED,0,3,5 - SECOND SEAT CENTER
20743686,Yes,HARRIS COUNTY SHERIFF'S OFFICE,2504-02445,OUTSIDE CITY LIMITS,FAILED TO YIELD RIGHT OF WAY - PRIVATE DRIVE,HARRIS,2025-04-07,N - NOT INJURED,0,NO DATA,114 - HARRIS HEALTH SYSTEM LYNDON B. JOHNSON HOSPITAL,7.84,PD,34 - FAILED TO YIELD RIGHT OF WAY - PRIVATE DRIVE,No Data,No Data,77015,77015,No,4T1BF3EK7BU196934,58,2 - FEMALE,N - NOT INJURED,0,1,1 - FRONT LEFT OR MOTORCYCLE DRIVER
20743697,Yes,ODESSA POLICE DEPARTMENT,25-0003698,ODESSA,DISREGARD STOP AND GO SIGNAL,ECTOR,2025-04-07,N - NOT INJURED,0,NO DATA,204 - ODESSA REGIONAL MEDICAL CENTER,3.221,,15 - DISREGARD STOP AND GO SIGNAL,No Data,No Data,79761,79761,No,1FMEE5DH7NLB31965,40,2 - FEMALE,N - NOT INJURED,0,1,1 - FRONT LEFT OR MOTORCYCLE DRIVER
20743697,Yes,ODESSA POLICE DEPARTMENT,25-0003698,ODESSA,DISREGARD STOP AND GO SIGNAL,ECTOR,2025-04-07,N - NOT INJURED,0,NO DATA,204 - ODESSA REGIONAL MEDICAL CENTER,3.221,,No Data,No Data,No Data,79762,79762,No,1FMCU0G67NUB83713,18,2 - FEMALE,N - NOT INJURED,0,1,1 - FRONT LEFT OR MOTORCYCLE DRIVER
20743698,Yes,ABILENE POLICE DEPARTMENT,25-027934,ABILENE,FAILED TO CONTROL SPEED,TAYLOR,2025-04-07,N - NOT INJURED,0,NO DATA,126 - HENDRICK MEDICAL CENTER,2.776,,22 - FAILED TO CONTROL SPEED,No Data,No Data,79602,79602,No,3B7HC13Y41M539088,67,1 - MALE,N - NOT INJURED,0,1,1 - FRONT LEFT OR MOTORCYCLE DRIVER
20743698,Yes,ABILENE POLICE DEPARTMENT,25-027934,ABILENE,FAILED TO CONTROL SPEED,TAYLOR,2025-04-07,N - NOT INJURED,0,NO DATA,126 - HENDRICK MEDICAL CENTER,2.776,,No Data,No Data,No Data,79510,79510,No,7FARW1H85HE022809,59,2 - FEMALE,N - NOT INJURED,0,1,1 - FRONT LEFT OR MOTORCYCLE DRIVER
20743698,Yes,ABILENE POLICE DEPARTMENT,25-027934,ABILENE,FAILED TO CONTROL SPEED,TAYLOR,2025-04-07,N - NOT INJURED,0,NO DATA,126 - HENDRICK MEDICAL CENTER,2.776,,No Data,No Data,No Data,79510,79510,No,7FARW1H85HE022809,68,1 - MALE,N - NOT INJURED,0,2,3 - FRONT RIGHT
20743701,Yes,DALLAS POLICE DEPARTMENT,48532-2025,DALLAS,FAILED TO YIELD RIGHT OF WAY - OPEN INTERSECTION,DALLAS,2025-04-07,N - NOT INJURED,0,NO DATA,174 - METHODIST DALLAS MEDICAL CENTER,3.46,,33 - FAILED TO YIELD RIGHT OF WAY - OPEN INTERSECTION,No Data,No Data,75211,75211,No,2T3C1RFVXMW138003,30,2 - FEMALE,N - NOT INJURED,0,1,1 - FRONT LEFT OR MOTORCYCLE DRIVER
20743701,Yes,DALLAS POLICE DEPARTMENT,48532-2025,DALLAS,FAILED TO YIELD RIGHT OF WAY - OPEN INTERSECTION,DALLAS,2025-04-07,N - NOT INJURED,0,NO DATA,174 - METHODIST DALLAS MEDICAL CENTER,3.46,,33 - FAILED TO YIELD RIGHT OF WAY - OPEN INTERSECTION,No Data,No Data,75211,75211,No,2T3C1RFVXMW138003,2,1 - MALE,N - NOT INJURED,0,2,6 - SECOND SEAT RIGHT
20743701,Yes,DALLAS POLICE DEPARTMENT,48532-2025,DALLAS,FAILED TO YIELD RIGHT OF WAY - OPEN INTERSECTION,DALLAS,2025-04-07,N - NOT INJURED,0,NO DATA,174 - METHODIST DALLAS MEDICAL CENTER,3.46,,No Data,No Data,No Data,75038,75243,No,5NPDH4AE7GH687695,20,1 - MALE,N - NOT INJURED,0,1,1 - FRONT LEFT OR MOTORCYCLE DRIVER
20743708,No,BOERNE POLICE DEPARTMENT,B2501366,BOERNE,FOLLOWED TOO CLOSELY,KENDALL,2025-04-07,N - NOT INJURED,0,NO DATA,196 - NORTH CENTRAL BAPTIST HOSPITAL,16.741,,44 - FOLLOWED TOO CLOSELY,No Data,No Data,78015,78015,No,3VW4S7AJ0GM389254,24,1 - MALE,N - NOT INJURED,0,1,1 - FRONT LEFT OR MOTORCYCLE DRIVER
20743708,No,BOERNE POLICE DEPARTMENT,B2501366,BOERNE,FOLLOWED TOO CLOSELY,KENDALL,2025-04-07,N - NOT INJURED,0,NO DATA,196 - NORTH CENTRAL BAPTIST HOSPITAL,16.741,,No Data,No Data,No Data,78028,78028,No,3GNKBERS6PS100960,25,2 - FEMALE,N - NOT INJURED,0,1,1 - FRONT LEFT OR MOTORCYCLE DRIVER
20743710,Yes,HOUSTON POLICE DEPARTMENT,0044574225X,HOUSTON,FAILED TO CONTROL SPEED,HARRIS,2025-04-07,N - NOT INJURED,0,NO DATA,242 - ST. JOSEPH MEDICAL CENTER,1.328,A,22 - FAILED TO CONTROL SPEED,No Data,No Data,77063,77057,No,5TDCZRAHXLS508585,32,1 - MALE,99 - UNKNOWN,0,1,1 - FRONT LEFT OR MOTORCYCLE DRIVER
20743710,Yes,HOUSTON POLICE DEPARTMENT,0044574225X,HOUSTON,FAILED TO CONTROL SPEED,HARRIS,2025-04-07,N - NOT INJURED,0,NO DATA,242 - ST. JOSEPH MEDICAL CENTER,1.328,A,No Data,No Data,No Data,77008,77006,No,7SAYGDEE8PA042731,29,2 - FEMALE,N - NOT INJURED,0,1,1 - FRONT LEFT OR MOTORCYCLE DRIVER
20743711,Yes,WACO POLICE DEPARTMENT,25-4428,WACO,CELL/MOBILE DEVICE USE - OTHER,MCLENNAN,2025-04-07,C - POSSIBLE INJURY,0,NO DATA,2 - ASCENSION PROVIDENCE HOSPITAL,1.337,,No Data,No Data,No Data,76712,76712,No,3N1AB7AP4KY379079,37,2 - FEMALE,C - POSSIBLE INJURY,0,1,1 - FRONT LEFT OR MOTORCYCLE DRIVER
20743711,Yes,WACO POLICE DEPARTMENT,25-4428,WACO,CELL/MOBILE DEVICE USE - OTHER,MCLENNAN,2025-04-07,C - POSSIBLE INJURY,0,NO DATA,2 - ASCENSION PROVIDENCE HOSPITAL,1.337,,No Data,No Data,No Data,76706,76706,No,3N1AB7AP4KY379079,21,2 - FEMALE,N - NOT INJURED,0,1,1 - FRONT LEFT OR MOTORCYCLE DRIVER
20743712,Yes,"DEPARTMENT OF PUBLIC SAFETY, STATE OF TEXAS",TX2025-537263,OUTSIDE CITY LIMITS,FAILED TO CONTROL SPEED; FOLLOWED TOO CLOSELY,KERR,2025-04-07,N - NOT INJURED,0,NO DATA,218 - PETERSON REGIONAL MEDICAL CENTER,9.482,6C,No Data,No Data,No Data,78010,78010,No,3GCPCREC4EG247571,40,1 - MALE,N - NOT INJURED,0,1,1 - FRONT LEFT OR MOTORCYCLE DRIVER
20743712,Yes,"DEPARTMENT OF PUBLIC SAFETY, STATE OF TEXAS",TX2025-537263,OUTSIDE CITY LIMITS,FAILED TO CONTROL SPEED; FOLLOWED TOO CLOSELY,KERR,2025-04-07,N - NOT INJURED,0,NO DATA,218 - PETERSON REGIONAL MEDICAL CENTER,9.482,6C,44 - FOLLOWED TOO CLOSELY,No Data,No Data,78028,78028,No,1FT7W2BT3DEA74361,23,1 - MALE,N - NOT INJURED,0,1,1 - FRONT LEFT OR MOTORCYCLE DRIVER
20743712,Yes,"DEPARTMENT OF PUBLIC SAFETY, STATE OF TEXAS",TX2025-537263,OUTSIDE CITY LIMITS,FAILED TO CONTROL SPEED; FOLLOWED TOO CLOSELY,KERR,2025-04-07,N - NOT INJURED,0,NO DATA,218 - PETERSON REGIONAL MEDICAL CENTER,9.482,6C,22 - FAILED TO CONTROL SPEED,No Data,No Data,78010,76401,No,1GCEK19T91E192123,40,2 - FEMALE,N - NOT INJURED,0,1,1 - FRONT LEFT OR MOTORCYCLE DRIVER
20743716,Yes,SUGAR LAND POLICE DEPARTMENT,25-02496,SUGAR LAND,FAILED TO YIELD RIGHT OF WAY - PRIVATE DRIVE,FORT BEND,2025-04-07,N - NOT INJURED,0,NO DATA,180 - MEMORIAL HERMANN SUGAR LAND HOSPITAL,4.297,,34 - FAILED TO YIELD RIGHT OF WAY - PRIVATE DRIVE,No Data,No Data,77083,77083,No,2T2GK31U27C001321,45,1 - MALE,N - NOT INJURED,0,1,1 - FRONT LEFT OR MOTORCYCLE DRIVER
20743716,Yes,SUGAR LAND POLICE DEPARTMENT,25-02496,SUGAR LAND,FAILED TO YIELD RIGHT OF WAY - PRIVATE DRIVE,FORT BEND,2025-04-07,N - NOT INJURED,0,NO DATA,180 - MEMORIAL HERMANN SUGAR LAND HOSPITAL,4.297,,No Data,No Data,No Data,77479,77479,No,2T2GK31UX7C011403,76,1 - MALE,N - NOT INJURED,0,1,1 - FRONT LEFT OR MOTORCYCLE DRIVER
20743717,Yes,SUGAR LAND POLICE DEPARTMENT,25-02489,SUGAR LAND,FAILED TO CONTROL SPEED,FORT BEND,2025-04-07,N - NOT INJURED,0,NO DATA,180 - MEMORIAL HERMANN SUGAR LAND HOSPITAL,6.621,,22 - FAILED TO CONTROL SPEED,No Data,No Data,77489,77489,No,3FA6P0LU8KR118293,36,1 - MALE,N - NOT INJURED,0,1,1 - FRONT LEFT OR MOTORCYCLE DRIVER
20743718,Yes,SAN ANTONIO POLICE DEPARTMENT,SAPD25069122,SAN ANTONIO,FAILED TO YIELD RIGHT OF WAY - TURNING LEFT,BEXAR,2025-04-07,N - NOT INJURED,0,NO DATA,196 - NORTH CENTRAL BAPTIST HOSPITAL,1.573,30,37 - FAILED TO YIELD RIGHT OF WAY - TURNING LEFT,No Data,No Data,78109,65584,No,4S4WMAHD9P3441805,35,2 - FEMALE,N - NOT INJURED,0,1,1 - FRONT LEFT OR MOTORCYCLE DRIVER
20743718,Yes,SAN ANTONIO POLICE DEPARTMENT,SAPD25069122,SAN ANTONIO,FAILED TO YIELD RIGHT OF WAY - TURNING LEFT,BEXAR,2025-04-07,N - NOT INJURED,0,NO DATA,196 - NORTH CENTRAL BAPTIST HOSPITAL,1.573,30,37 - FAILED TO YIELD RIGHT OF WAY - TURNING LEFT,No Data,No Data,78109,65584,No,4S4WMAHD9P3441805,8,1 - MALE,N - NOT INJURED,0,2,6 - SECOND SEAT RIGHT
20743718,Yes,SAN ANTONIO POLICE DEPARTMENT,SAPD25069122,SAN ANTONIO,FAILED TO YIELD RIGHT OF WAY - TURNING LEFT,BEXAR,2025-04-07,N - NOT INJURED,0,NO DATA,196 - NORTH CENTRAL BAPTIST HOSPITAL,1.573,30,37 - FAILED TO YIELD RIGHT OF WAY - TURNING LEFT,No Data,No Data,78109,65584,No,4S4WMAHD9P3441805,4,2 - FEMALE,N - NOT INJURED,0,3,4 - SECOND SEAT LEFT OR MOTORCYCLE BACK PASSENGER
20743718,Yes,SAN ANTONIO POLICE DEPARTMENT,SAPD25069122,SAN ANTONIO,FAILED TO YIELD RIGHT OF WAY - TURNING LEFT,BEXAR,2025-04-07,N - NOT INJURED,0,NO DATA,196 - NORTH CENTRAL BAPTIST HOSPITAL,1.573,30,No Data,No Data,No Data,78260,78260,No,7SAYGDEF2NF460730,16,1 - MALE,N - NOT INJURED,0,1,1 - FRONT LEFT OR MOTORCYCLE DRIVER
20743726,Yes,SUGAR LAND POLICE DEPARTMENT,25-2502,SUGAR LAND,FAILED TO YIELD RIGHT OF WAY - STOP SIGN,FORT BEND,2025-04-07,N - NOT INJURED,0,NO DATA,180 - MEMORIAL HERMANN SUGAR LAND HOSPITAL,4.597,,35 - FAILED TO YIELD RIGHT OF WAY - STOP SIGN,No Data,No Data,77498,77498,No,KNDJ23AU1N7809958,40,2 - FEMALE,N - NOT INJURED,0,1,1 - FRONT LEFT OR MOTORCYCLE DRIVER
20743726,Yes,SUGAR LAND POLICE DEPARTMENT,25-2502,SUGAR LAND,FAILED TO YIELD RIGHT OF WAY - STOP SIGN,FORT BEND,2025-04-07,N - NOT INJURED,0,NO DATA,180 - MEMORIAL HERMANN SUGAR LAND HOSPITAL,4.597,,No Data,No Data,No Data,77479,77479,No,5GAKRCKD4FJ265668,63,2 - FEMALE,N - NOT INJURED,0,1,1 - FRONT LEFT OR MOTORCYCLE DRIVER
20743729,Yes,SACHSE POLICE DEPARTMENT,202507170,SACHSE,IMPAIRED VISIBILITY (EXPLAIN IN NARRATIVE),DALLAS,2025-04-07,N - NOT INJURED,0,NO DATA,19 - BAYLOR SCOTT & WHITE MEDICAL CENTER - LAKE POINTE,5.024,,48 - IMPAIRED VISIBILITY (EXPLAIN IN NARRATIVE),No Data,No Data,75048,75048,No,3N1CP5DV3LL516536,25,2 - FEMALE,N - NOT INJURED,0,1,1 - FRONT LEFT OR MOTORCYCLE DRIVER
20743729,Yes,SACHSE POLICE DEPARTMENT,202507170,SACHSE,IMPAIRED VISIBILITY (EXPLAIN IN NARRATIVE),DALLAS,2025-04-07,N - NOT INJURED,0,NO DATA,19 - BAYLOR SCOTT & WHITE MEDICAL CENTER - LAKE POINTE,5.024,,No Data,No Data,No Data,75048,75048,No,1G1BL52P2TR157559,39,1 - MALE,N - NOT INJURED,0,1,1 - FRONT LEFT OR MOTORCYCLE DRIVER
20743729,Yes,SACHSE POLICE DEPARTMENT,202507170,SACHSE,IMPAIRED VISIBILITY (EXPLAIN IN NARRATIVE),DALLAS,2025-04-07,N - NOT INJURED,0,NO DATA,19 - BAYLOR SCOTT & WHITE MEDICAL CENTER - LAKE POINTE,5.024,,No Data,No Data,No Data,75048,75048,No,1G1BL52P2TR157559,4,1 - MALE,N - NOT INJURED,0,2,4 - SECOND SEAT LEFT OR MOTORCYCLE BACK PASSENGER
20743731,Yes,EL PASO POLICE DEPARTMENT,25-097009,EL PASO,NONE,EL PASO,2025-04-07,99 - UNKNOWN,0,NO DATA,263 - THE HOSPITALS OF PROVIDENCE MEMORIAL CAMPUS,4.176,,No Data,No Data,No Data,,No Data,Yes,No Data,No Data,99 - UNKNOWN,99 - UNKNOWN,0,1,1 - FRONT LEFT OR MOTORCYCLE DRIVER
20743742,Yes,SUGAR LAND POLICE DEPARTMENT,25-02506,SUGAR LAND,DISREGARD STOP AND GO SIGNAL,FORT BEND,2025-04-07,B - SUSPECTED MINOR INJURY,0,NO DATA,180 - MEMORIAL HERMANN SUGAR LAND HOSPITAL,4.258,,15 - DISREGARD STOP AND GO SIGNAL,No Data,No Data,77478,78043,No,2C7WDGBG8JR244071,38,2 - FEMALE,N - NOT INJURED,0,1,1 - FRONT LEFT OR MOTORCYCLE DRIVER
20743742,Yes,SUGAR LAND POLICE DEPARTMENT,25-02506,SUGAR LAND,DISREGARD STOP AND GO SIGNAL,FORT BEND,2025-04-07,B - SUSPECTED MINOR INJURY,0,NO DATA,180 - MEMORIAL HERMANN SUGAR LAND HOSPITAL,4.258,,15 - DISREGARD STOP AND GO SIGNAL,No Data,No Data,77478,78043,No,2C7WDGBG8JR244071,17,2 - FEMALE,B - SUSPECTED MINOR INJURY,1,2,3 - FRONT RIGHT
20743742,Yes,SUGAR LAND POLICE DEPARTMENT,25-02506,SUGAR LAND,DISREGARD STOP AND GO SIGNAL,FORT BEND,2025-04-07,B - SUSPECTED MINOR INJURY,0,NO DATA,180 - MEMORIAL HERMANN SUGAR LAND HOSPITAL,4.258,,15 - DISREGARD STOP AND GO SIGNAL,No Data,No Data,77478,78043,No,2C7WDGBG8JR244071,8,2 - FEMALE,N - NOT INJURED,0,3,4 - SECOND SEAT LEFT OR MOTORCYCLE BACK PASSENGER
20743742,Yes,SUGAR LAND POLICE DEPARTMENT,25-02506,SUGAR LAND,DISREGARD STOP AND GO SIGNAL,FORT BEND,2025-04-07,B - SUSPECTED MINOR INJURY,0,NO DATA,180 - MEMORIAL HERMANN SUGAR LAND HOSPITAL,4.258,,No Data,No Data,No Data,77471,77471,No,1N4AL3APXFC254515,31,2 - FEMALE,N - NOT INJURED,0,1,1 - FRONT LEFT OR MOTORCYCLE DRIVER
20743744,Yes,ABILENE POLICE DEPARTMENT,25-027744,ABILENE,DISREGARD STOP SIGN OR LIGHT,TAYLOR,2025-04-07,B - SUSPECTED MINOR INJURY,0,NO DATA,126 - HENDRICK MEDICAL CENTER,2.291,,16 - DISREGARD STOP SIGN OR LIGHT,No Data,No Data,79605,79605,No,3VWD17AJ8GM294637,53,2 - FEMALE,N - NOT INJURED,0,1,1 - FRONT LEFT OR MOTORCYCLE DRIVER
20743744,Yes,ABILENE POLICE DEPARTMENT,25-027744,ABILENE,DISREGARD STOP SIGN OR LIGHT,TAYLOR,2025-04-07,B - SUSPECTED MINOR INJURY,0,NO DATA,126 - HENDRICK MEDICAL CENTER,2.291,,16 - DISREGARD STOP SIGN OR LIGHT,No Data,No Data,79603,79603,No,1ZVBP8AM1C5205481,26,1 - MALE,B - SUSPECTED MINOR INJURY,1,1,1 - FRONT LEFT OR MOTORCYCLE DRIVER
20743745,Yes,CLUTE POLICE DEPARTMENT,202508743,CLUTE,FAILED TO CONTROL SPEED,BRAZORIA,2025-04-07,N - NOT INJURED,0,NO DATA,285 - UTMB HEALTH ANGLETON DANBURY CAMPUS,10.391,,22 - FAILED TO CONTROL SPEED,No Data,No Data,77566,77566,No,WDCTG4EB0JJ434175,17,2 - FEMALE,N - NOT INJURED,0,1,1 - FRONT LEFT OR MOTORCYCLE DRIVER
20743745,Yes,CLUTE POLICE DEPARTMENT,202508743,CLUTE,FAILED TO CONTROL SPEED,BRAZORIA,2025-04-07,N - NOT INJURED,0,NO DATA,285 - UTMB HEALTH ANGLETON DANBURY CAMPUS,10.391,,No Data,No Data,No Data,77531,77531,No,5J8YE1H48RL023718,47,2 - FEMALE,N - NOT INJURED,0,1,1 - FRONT LEFT OR MOTORCYCLE DRIVER
20743747,Yes,SAN ANTONIO POLICE DEPARTMENT,SAPD25069052,SAN ANTONIO,NONE,BEXAR,2025-04-07,N - NOT INJURED,0,NO DATA,46 - CHRISTUS CHILDRENS HOSPITAL OF SAN ANTONIO,2.228,20,No Data,No Data,No Data,,No Data,Yes,No Data,No Data,99 - UNKNOWN,99 - UNKNOWN,0,1,1 - FRONT LEFT OR MOTORCYCLE DRIVER
20743747,Yes,SAN ANTONIO POLICE DEPARTMENT,SAPD25069052,SAN ANTONIO,NONE,BEXAR,2025-04-07,N - NOT INJURED,0,NO DATA,46 - CHRISTUS CHILDRENS HOSPITAL OF SAN ANTONIO,2.228,20,No Data,No Data,No Data,78250,78250,No,3C4PDCAB5DT611414,26,2 - FEMALE,N - NOT INJURED,0,1,1 - FRONT LEFT OR MOTORCYCLE DRIVER
20743749,No,SAN ANTONIO POLICE DEPARTMENT,SAPD25069098,SAN ANTONIO,NONE,BEXAR,2025-04-07,N - NOT INJURED,0,NO DATA,46 - CHRISTUS CHILDRENS HOSPITAL OF SAN ANTONIO,1.651,20,No Data,No Data,No Data,,No Data,Yes,No Data,No Data,99 - UNKNOWN,99 - UNKNOWN,0,1,1 - FRONT LEFT OR MOTORCYCLE DRIVER
20743749,No,SAN ANTONIO POLICE DEPARTMENT,SAPD25069098,SAN ANTONIO,NONE,BEXAR,2025-04-07,N - NOT INJURED,0,NO DATA,46 - CHRISTUS CHILDRENS HOSPITAL OF SAN ANTONIO,1.651,20,No Data,No Data,No Data,78207,78207,No,1GNERGRS3SJ207723,34,2 - FEMALE,N - NOT INJURED,0,1,1 - FRONT LEFT OR MOTORCYCLE DRIVER
20743749,No,SAN ANTONIO POLICE DEPARTMENT,SAPD25069098,SAN ANTONIO,NONE,BEXAR,2025-04-07,N - NOT INJURED,0,NO DATA,46 - CHRISTUS CHILDRENS HOSPITAL OF SAN ANTONIO,1.651,20,No Data,No Data,No Data,78207,78207,No,1GNERGRS3SJ207723,81,2 - FEMALE,N - NOT INJURED,0,2,3 - FRONT RIGHT
20743761,Yes,LOS FRESNOS POLICE DEPARTMENT,25001660,LOS FRESNOS,FAILED TO CONTROL SPEED,CAMERON,2025-04-07,B - SUSPECTED MINOR INJURY,0,NO DATA,295 - VALLEY REGIONAL MEDICAL CENTER,6.647,,22 - FAILED TO CONTROL SPEED,No Data,No Data,78566,78566,No,1FT7X2A61BEB89904,26,1 - MALE,N - NOT INJURED,0,1,1 - FRONT LEFT OR MOTORCYCLE DRIVER
20743761,Yes,LOS FRESNOS POLICE DEPARTMENT,25001660,LOS FRESNOS,FAILED TO CONTROL SPEED,CAMERON,2025-04-07,B - SUSPECTED MINOR INJURY,0,NO DATA,295 - VALLEY REGIONAL MEDICAL CENTER,6.647,,22 - FAILED TO CONTROL SPEED,No Data,No Data,78566,78566,No,1FT7X2A61BEB89904,17,1 - MALE,N - NOT INJURED,0,2,3 - FRONT RIGHT
20743761,Yes,LOS FRESNOS POLICE DEPARTMENT,25001660,LOS FRESNOS,FAILED TO CONTROL SPEED,CAMERON,2025-04-07,B - SUSPECTED MINOR INJURY,0,NO DATA,295 - VALLEY REGIONAL MEDICAL CENTER,6.647,,No Data,No Data,No Data,78526,78526,No,2GCEC19K0P1141169,36,1 - MALE,B - SUSPECTED MINOR INJURY,1,1,1 - FRONT LEFT OR MOTORCYCLE DRIVER
20743764,Yes,FORT BEND COUNTY SHERIFF'S OFFICE,25-13781,OUTSIDE CITY LIMITS,FAILED TO CONTROL SPEED,FORT BEND,2025-04-07,N - NOT INJURED,0,NO DATA,169 - MEMORIAL HERMANN PEARLAND HOSPITAL,3.831,03,22 - FAILED TO CONTROL SPEED,No Data,No Data,77584,77584,No,WDDGF4HB9EA929850,60,2 - FEMALE,N - NOT INJURED,0,1,1 - FRONT LEFT OR MOTORCYCLE DRIVER
20743764,Yes,FORT BEND COUNTY SHERIFF'S OFFICE,25-13781,OUTSIDE CITY LIMITS,FAILED TO CONTROL SPEED,FORT BEND,2025-04-07,N - NOT INJURED,0,NO DATA,169 - MEMORIAL HERMANN PEARLAND HOSPITAL,3.831,03,No Data,No Data,No Data,295771005,295771005,No,1N4AL3AP1HC241722,27,2 - FEMALE,N - NOT INJURED,0,1,1 - FRONT LEFT OR MOTORCYCLE DRIVER
20743764,Yes,FORT BEND COUNTY SHERIFF'S OFFICE,25-13781,OUTSIDE CITY LIMITS,FAILED TO CONTROL SPEED,FORT BEND,2025-04-07,N - NOT INJURED,0,NO DATA,169 - MEMORIAL HERMANN PEARLAND HOSPITAL,3.831,03,No Data,No Data,No Data,295771005,295771005,No,1N4AL3AP1HC241722,29,1 - MALE,N - NOT INJURED,0,2,3 - FRONT RIGHT
20743764,Yes,FORT BEND COUNTY SHERIFF'S OFFICE,25-13781,OUTSIDE CITY LIMITS,FAILED TO CONTROL SPEED,FORT BEND,2025-04-07,N - NOT INJURED,0,NO DATA,169 - MEMORIAL HERMANN PEARLAND HOSPITAL,3.831,03,No Data,No Data,No Data,77045,77045,No,5YFEPMAE4MP238030,30,2 - FEMALE,N - NOT INJURED,0,1,1 - FRONT LEFT OR MOTORCYCLE DRIVER
20743764,Yes,FORT BEND COUNTY SHERIFF'S OFFICE,25-13781,OUTSIDE CITY LIMITS,FAILED TO CONTROL SPEED,FORT BEND,2025-04-07,N - NOT INJURED,0,NO DATA,169 - MEMORIAL HERMANN PEARLAND HOSPITAL,3.831,03,No Data,No Data,No Data,77045,77045,No,5YFEPMAE4MP238030,11,2 - FEMALE,N - NOT INJURED,0,2,4 - SECOND SEAT LEFT OR MOTORCYCLE BACK PASSENGER
20743769,Yes,EL PASO POLICE DEPARTMENT,25-097018,EL PASO,NONE,EL PASO,2025-04-07,N - NOT INJURED,0,NO DATA,"88 - DEL SOL MEDICAL CENTER, A CAMPUS OF LPDS HEALTHCARE",3.574,,No Data,No Data,No Data,,No Data,Yes,No Data,No Data,99 - UNKNOWN,99 - UNKNOWN,0,1,1 - FRONT LEFT OR MOTORCYCLE DRIVER
20743769,Yes,EL PASO POLICE DEPARTMENT,25-097018,EL PASO,NONE,EL PASO,2025-04-07,N - NOT INJURED,0,NO DATA,"88 - DEL SOL MEDICAL CENTER, A CAMPUS OF LPDS HEALTHCARE",3.574,,No Data,No Data,No Data,79907,79907,No,4T1G11AK8NV067779,41,2 - FEMALE,N - NOT INJURED,0,1,1 - FRONT LEFT OR MOTORCYCLE DRIVER
20743773,Yes,SACHSE POLICE DEPARTMENT,202507219,SACHSE,BACKED WITHOUT SAFETY; PARKED IN TRAFFIC LANE,COLLIN,2025-04-07,C - POSSIBLE INJURY,0,NO DATA,No Data,No Data,,3 - BACKED WITHOUT SAFETY,No Data,No Data,75048,75460,No,1G4GF5G31EF188117,41,1 - MALE,C - POSSIBLE INJURY,0,1,1 - FRONT LEFT OR MOTORCYCLE DRIVER
20743773,Yes,SACHSE POLICE DEPARTMENT,202507219,SACHSE,BACKED WITHOUT SAFETY; PARKED IN TRAFFIC LANE,COLLIN,2025-04-07,C - POSSIBLE INJURY,0,NO DATA,No Data,No Data,,55 - PARKED IN TRAFFIC LANE,No Data,No Data,75254,75080,No,5NPDH4AE3GH733944,39,2 - FEMALE,C - POSSIBLE INJURY,0,1,1 - FRONT LEFT OR MOTORCYCLE DRIVER
20743780,Yes,ABILENE POLICE DEPARTMENT,25-027892,ABILENE,DRIVER INATTENTION;FAILED TO YIELD RIGHT OF WAY - PRIVATE DRIVE,TAYLOR,2025-04-07,C - POSSIBLE INJURY,0,NO DATA,131 - HENDRICK MEDICAL CENTER SOUTH,1.546,,34 - FAILED TO YIELD RIGHT OF WAY - PRIVATE DRIVE,20 - DRIVER INATTENTION,No Data,79601,79601,No,3FMCR9D92PRE24754,53,2 - FEMALE,C - POSSIBLE INJURY,0,1,1 - FRONT LEFT OR MOTORCYCLE DRIVER
20743780,Yes,ABILENE POLICE DEPARTMENT,25-027892,ABILENE,DRIVER INATTENTION;FAILED TO YIELD RIGHT OF WAY - PRIVATE DRIVE,TAYLOR,2025-04-07,C - POSSIBLE INJURY,0,NO DATA,131 - HENDRICK MEDICAL CENTER SOUTH,1.546,,No Data,No Data,No Data,79606,79606,No,JTJTBCDX5R5000900,60,2 - FEMALE,C - POSSIBLE INJURY,0,1,1 - FRONT LEFT OR MOTORCYCLE DRIVER
20743782,Yes,HOUSTON POLICE DEPARTMENT,0044613625B,HOUSTON,FAILED TO CONTROL SPEED,HARRIS,2025-04-07,C - POSSIBLE INJURY,0,NO DATA,166 - MEMORIAL HERMANN SOUTHEAST HOSPITAL,4.925,D,22 - FAILED TO CONTROL SPEED,No Data,No Data,77078,77078,No,3D7KR26D17G828638,46,1 - MALE,N - NOT INJURED,0,1,1 - FRONT LEFT OR MOTORCYCLE DRIVER
20743782,Yes,HOUSTON POLICE DEPARTMENT,0044613625B,HOUSTON,FAILED TO CONTROL SPEED,HARRIS,2025-04-07,C - POSSIBLE INJURY,0,NO DATA,166 - MEMORIAL HERMANN SOUTHEAST HOSPITAL,4.925,D,No Data,No Data,No Data,77459,77459,No,JTEZU5JR1D5058984,69,1 - MALE,N - NOT INJURED,0,1,1 - FRONT LEFT OR MOTORCYCLE DRIVER
20743782,Yes,HOUSTON POLICE DEPARTMENT,0044613625B,HOUSTON,FAILED TO CONTROL SPEED,HARRIS,2025-04-07,C - POSSIBLE INJURY,0,NO DATA,166 - MEMORIAL HERMANN SOUTHEAST HOSPITAL,4.925,D,No Data,No Data,No Data,77459,77459,No,JTEZU5JR1D5058984,70,2 - FEMALE,C - POSSIBLE INJURY,0,2,3 - FRONT RIGHT
20743784,Yes,ABILENE POLICE DEPARTMENT,25-027974,ABILENE,DISREGARD STOP AND GO SIGNAL,TAYLOR,2025-04-07,B - SUSPECTED MINOR INJURY,0,NO DATA,126 - HENDRICK MEDICAL CENTER,0.359,,No Data,No Data,No Data,79601,79601,No,JM1BL1V77C1672146,26,2 - FEMALE,B - SUSPECTED MINOR INJURY,1,1,1 - FRONT LEFT OR MOTORCYCLE DRIVER
20743784,Yes,ABILENE POLICE DEPARTMENT,25-027974,ABILENE,DISREGARD STOP AND GO SIGNAL,TAYLOR,2025-04-07,B - SUSPECTED MINOR INJURY,0,NO DATA,126 - HENDRICK MEDICAL CENTER,0.359,,No Data,No Data,No Data,79603,79603,No,1HGCV1F39LA155975,42,2 - FEMALE,N - NOT INJURED,0,1,1 - FRONT LEFT OR MOTORCYCLE DRIVER
20743790,Yes,CONVERSE POLICE DEPARTMENT,25001083,CONVERSE,DRIVER INATTENTION;OTHER (EXPLAIN IN NARRATIVE),BEXAR,2025-04-07,N - NOT INJURED,0,NO DATA,No Data,No Data,,20 - DRIVER INATTENTION,No Data,No Data,78109,78109,No,2G1WF5E34C1272738,32,1 - MALE,N - NOT INJURED,0,1,1 - FRONT LEFT OR MOTORCYCLE DRIVER
20743790,Yes,CONVERSE POLICE DEPARTMENT,25001083,CONVERSE,DRIVER INATTENTION;OTHER (EXPLAIN IN NARRATIVE),BEXAR,2025-04-07,N - NOT INJURED,0,NO DATA,No Data,No Data,,98 - OTHER (EXPLAIN IN NARRATIVE),No Data,No Data,78109,78109,No,5NPDH4AE9DH332684,28,2 - FEMALE,N - NOT INJURED,0,1,1 - FRONT LEFT OR MOTORCYCLE DRIVER
20743791,Yes,HARRIS COUNTY SHERIFF'S OFFICE,2504-02240,OUTSIDE CITY LIMITS,DISTRACTION IN VEHICLE; FAILED TO CONTROL SPEED,HARRIS,2025-04-07,N - NOT INJURED,0,NO DATA,167 - MEMORIAL HERMANN CYPRESS HOSPITAL,8.731,PD,22 - FAILED TO CONTROL SPEED,19 - DISTRACTION IN VEHICLE,No Data,77065,77065,No,1N4AL3AP0DN418209,20,2 - FEMALE,N - NOT INJURED,0,1,1 - FRONT LEFT OR MOTORCYCLE DRIVER
20743791,Yes,HARRIS COUNTY SHERIFF'S OFFICE,2504-02240,OUTSIDE CITY LIMITS,DISTRACTION IN VEHICLE; FAILED TO CONTROL SPEED,HARRIS,2025-04-07,N - NOT INJURED,0,NO DATA,167 - MEMORIAL HERMANN CYPRESS HOSPITAL,8.731,PD,No Data,No Data,No Data,77447,77447,No,1HTMMMML0GH220027,37,1 - MALE,N - NOT INJURED,0,1,1 - FRONT LEFT OR MOTORCYCLE DRIVER
20743795,No,LAREDO POLICE DEPARTMENT,2025-00055506,LAREDO,FOLLOWED TOO CLOSELY,WEBB,2025-04-07,N - NOT INJURED,0,NO DATA,No Data,No Data,,No Data,No Data,No Data,78043,78043,No,1GNSCAKC9GR241792,29,2 - FEMALE,N - NOT INJURED,0,1,1 - FRONT LEFT OR MOTORCYCLE DRIVER
20743795,No,LAREDO POLICE DEPARTMENT,2025-00055506,LAREDO,FOLLOWED TOO CLOSELY,WEBB,2025-04-07,N - NOT INJURED,0,NO DATA,No Data,No Data,,No Data,No Data,No Data,78043,78043,No,2C3CDXCT6MH563267,55,2 - FEMALE,N - NOT INJURED,0,1,1 - FRONT LEFT OR MOTORCYCLE DRIVER
20743796,Yes,LAREDO POLICE DEPARTMENT,2025-00055319,LAREDO,CHANGED LANE WHEN UNSAFE; DRIVER INATTENTION,WEBB,2025-04-07,C - POSSIBLE INJURY,0,NO DATA,141 - LAREDO MEDICAL CENTER,2.581,,4 - CHANGED LANE WHEN UNSAFE,20 - DRIVER INATTENTION,No Data,78046,78046,No,2C3CCAAG3MH657550,34,1 - MALE,N - NOT INJURED,0,1,1 - FRONT LEFT OR MOTORCYCLE DRIVER
20743796,Yes,LAREDO POLICE DEPARTMENT,2025-00055319,LAREDO,CHANGED LANE WHEN UNSAFE; DRIVER INATTENTION,WEBB,2025-04-07,C - POSSIBLE INJURY,0,NO DATA,141 - LAREDO MEDICAL CENTER,2.581,,No Data,No Data,No Data,75056,75056,No,5TDKRKEC2SS233830,53,2 - FEMALE,C - POSSIBLE INJURY,0,1,1 - FRONT LEFT OR MOTORCYCLE DRIVER
20743796,Yes,LAREDO POLICE DEPARTMENT,2025-00055319,LAREDO,CHANGED LANE WHEN UNSAFE; DRIVER INATTENTION,WEBB,2025-04-07,C - POSSIBLE INJURY,0,NO DATA,141 - LAREDO MEDICAL CENTER,2.581,,No Data,No Data,No Data,75056,75056,No,5TDKRKEC2SS233830,23,1 - MALE,N - NOT INJURED,0,2,3 - FRONT RIGHT
20743801,Yes,WEBSTER POLICE DEPARTMENT,WBPD2500826,WEBSTER,FAILED TO CONTROL SPEED,HARRIS,2025-04-07,N - NOT INJURED,0,NO DATA,289 - UTMB HEALTH LEAGUE CITY CAMPUS,2.176,,22 - FAILED TO CONTROL SPEED,No Data,No Data,77573,77573,No,WMWXS5C59FT828534,44,2 - FEMALE,N - NOT INJURED,0,1,1 - FRONT LEFT OR MOTORCYCLE DRIVER
20743801,Yes,WEBSTER POLICE DEPARTMENT,WBPD2500826,WEBSTER,FAILED TO CONTROL SPEED,HARRIS,2025-04-07,N - NOT INJURED,0,NO DATA,289 - UTMB HEALTH LEAGUE CITY CAMPUS,2.176,,No Data,No Data,No Data,77510,77511,No,1GTHK23G62F110326,30,1 - MALE,N - NOT INJURED,0,1,1 - FRONT LEFT OR MOTORCYCLE DRIVER
20743801,Yes,WEBSTER POLICE DEPARTMENT,WBPD2500826,WEBSTER,FAILED TO CONTROL SPEED,HARRIS,2025-04-07,N - NOT INJURED,0,NO DATA,289 - UTMB HEALTH LEAGUE CITY CAMPUS,2.176,,No Data,No Data,No Data,77510,77511,No,1GTHK23G62F110326,32,1 - MALE,N - NOT INJURED,0,2,3 - FRONT RIGHT
20743801,Yes,WEBSTER POLICE DEPARTMENT,WBPD2500826,WEBSTER,FAILED TO CONTROL SPEED,HARRIS,2025-04-07,N - NOT INJURED,0,NO DATA,289 - UTMB HEALTH LEAGUE CITY CAMPUS,2.176,,No Data,No Data,No Data,77510,77511,No,1GTHK23G62F110326,49,1 - MALE,N - NOT INJURED,0,3,6 - SECOND SEAT RIGHT
20743809,Yes,ABILENE POLICE DEPARTMENT,25-027961,ABILENE,DRIVER INATTENTION; FAILED TO CONTROL SPEED,TAYLOR,2025-04-07,N - NOT INJURED,0,NO DATA,126 - HENDRICK MEDICAL CENTER,2.828,,22 - FAILED TO CONTROL SPEED,No Data,No Data,79603,90025,No,5PVNJ8JV1H4S63579,53,1 - MALE,N - NOT INJURED,0,1,1 - FRONT LEFT OR MOTORCYCLE DRIVER
20743809,Yes,ABILENE POLICE DEPARTMENT,25-027961,ABILENE,DRIVER INATTENTION; FAILED TO CONTROL SPEED,TAYLOR,2025-04-07,N - NOT INJURED,0,NO DATA,126 - HENDRICK MEDICAL CENTER,2.828,,No Data,No Data,No Data,79602,79602,No,4T1B11HK2KU679598,73,1 - MALE,N - NOT INJURED,0,1,1 - FRONT LEFT OR MOTORCYCLE DRIVER
20743809,Yes,ABILENE POLICE DEPARTMENT,25-027961,ABILENE,DRIVER INATTENTION; FAILED TO CONTROL SPEED,TAYLOR,2025-04-07,N - NOT INJURED,0,NO DATA,126 - HENDRICK MEDICAL CENTER,2.828,,No Data,No Data,No Data,77316,77316,No,3FA6P0HD5JR144874,18,2 - FEMALE,N - NOT INJURED,0,1,1 - FRONT LEFT OR MOTORCYCLE DRIVER
20743811,Yes,HARRIS COUNTY SHERIFF'S OFFICE,2504-02264,HOUSTON,FAILED TO CONTROL SPEED,HARRIS,2025-04-07,C - POSSIBLE INJURY,0,NO DATA,242 - ST. JOSEPH MEDICAL CENTER,2.987,MA,22 - FAILED TO CONTROL SPEED,No Data,No Data,77011,77011,No,2GCEC13T651304227,23,1 - MALE,C - POSSIBLE INJURY,0,1,1 - FRONT LEFT OR MOTORCYCLE DRIVER
20743811,Yes,HARRIS COUNTY SHERIFF'S OFFICE,2504-02264,HOUSTON,FAILED TO CONTROL SPEED,HARRIS,2025-04-07,C - POSSIBLE INJURY,0,NO DATA,242 - ST. JOSEPH MEDICAL CENTER,2.987,MA,No Data,No Data,No Data,77028,77028,No,1FTFW1CF4BFA40239,42,2 - FEMALE,N - NOT INJURED,0,1,1 - FRONT LEFT OR MOTORCYCLE DRIVER
20743811,Yes,HARRIS COUNTY SHERIFF'S OFFICE,2504-02264,HOUSTON,FAILED TO CONTROL SPEED,HARRIS,2025-04-07,C - POSSIBLE INJURY,0,NO DATA,242 - ST. JOSEPH MEDICAL CENTER,2.987,MA,No Data,No Data,No Data,77058,77058,No,5NMJA3DE1SH536967,44,1 - MALE,N - NOT INJURED,0,1,1 - FRONT LEFT OR MOTORCYCLE DRIVER
20743812,Yes,"DEPARTMENT OF PUBLIC SAFETY, STATE OF TEXAS",25-542024,OUTSIDE CITY LIMITS,FAULTY EVASIVE ACTION,SMITH,2025-04-07,N - NOT INJURED,0,NO DATA,288 - UT HEALTH EAST TEXAS TYLER REGIONAL HOSPITAL,10.097,1B,41 - FAULTY EVASIVE ACTION,No Data,No Data,75762,75287,No,5XXGM4A77EG258544,22,2 - FEMALE,N - NOT INJURED,0,1,1 - FRONT LEFT OR MOTORCYCLE DRIVER
20743812,Yes,"DEPARTMENT OF PUBLIC SAFETY, STATE OF TEXAS",25-542024,OUTSIDE CITY LIMITS,FAULTY EVASIVE ACTION,SMITH,2025-04-07,N - NOT INJURED,0,NO DATA,288 - UT HEALTH EAST TEXAS TYLER REGIONAL HOSPITAL,10.097,1B,41 - FAULTY EVASIVE ACTION,No Data,No Data,75762,75287,No,5XXGM4A77EG258544,20,1 - MALE,N - NOT INJURED,0,2,4 - SECOND SEAT LEFT OR MOTORCYCLE BACK PASSENGER
20743812,Yes,"DEPARTMENT OF PUBLIC SAFETY, STATE OF TEXAS",25-542024,OUTSIDE CITY LIMITS,FAULTY EVASIVE ACTION,SMITH,2025-04-07,N - NOT INJURED,0,NO DATA,288 - UT HEALTH EAST TEXAS TYLER REGIONAL HOSPITAL,10.097,1B,41 - FAULTY EVASIVE ACTION,No Data,No Data,75762,75287,No,5XXGM4A77EG258544,25,1 - MALE,N - NOT INJURED,0,3,6 - SECOND SEAT RIGHT
20743812,Yes,"DEPARTMENT OF PUBLIC SAFETY, STATE OF TEXAS",25-542024,OUTSIDE CITY LIMITS,FAULTY EVASIVE ACTION,SMITH,2025-04-07,N - NOT INJURED,0,NO DATA,288 - UT HEALTH EAST TEXAS TYLER REGIONAL HOSPITAL,10.097,1B,41 - FAULTY EVASIVE ACTION,No Data,No Data,75762,75287,No,5XXGM4A77EG258544,34,1 - MALE,N - NOT INJURED,0,4,3 - FRONT RIGHT
20743819,Yes,"DEPARTMENT OF PUBLIC SAFETY, STATE OF TEXAS",25-541615,OUTSIDE CITY LIMITS,CHANGED LANE WHEN UNSAFE; FAILED TO PASS TO RIGHT SAFELY; FAILED TO SIGNAL OR GAVE WRONG SIGNAL,VAN ZANDT,2025-04-07,N - NOT INJURED,0,NO DATA,279 - UT HEALTH EAST TEXAS ATHENS HOSPITAL,24.544,1B,28 - FAILED TO SIGNAL OR GAVE WRONG SIGNAL,No Data,No Data,75142,75790,No,4T1CA30P46U099265,45,1 - MALE,N - NOT INJURED,0,1,1 - FRONT LEFT OR MOTORCYCLE DRIVER
20743819,Yes,"DEPARTMENT OF PUBLIC SAFETY, STATE OF TEXAS",25-541615,OUTSIDE CITY LIMITS,CHANGED LANE WHEN UNSAFE; FAILED TO PASS TO RIGHT SAFELY; FAILED TO SIGNAL OR GAVE WRONG SIGNAL,VAN ZANDT,2025-04-07,N - NOT INJURED,0,NO DATA,279 - UT HEALTH EAST TEXAS ATHENS HOSPITAL,24.544,1B,28 - FAILED TO SIGNAL OR GAVE WRONG SIGNAL,No Data,No Data,75142,75790,No,4T1CA30P46U099265,43,2 - FEMALE,N - NOT INJURED,0,2,3 - FRONT RIGHT
20743819,Yes,"DEPARTMENT OF PUBLIC SAFETY, STATE OF TEXAS",25-541615,OUTSIDE CITY LIMITS,CHANGED LANE WHEN UNSAFE; FAILED TO PASS TO RIGHT SAFELY; FAILED TO SIGNAL OR GAVE WRONG SIGNAL,VAN ZANDT,2025-04-07,N - NOT INJURED,0,NO DATA,279 - UT HEALTH EAST TEXAS ATHENS HOSPITAL,24.544,1B,No Data,No Data,No Data,75103,75103,No,1GC4KYEYXSF195226,39,1 - MALE,N - NOT INJURED,0,1,1 - FRONT LEFT OR MOTORCYCLE DRIVER
20743819,Yes,"DEPARTMENT OF PUBLIC SAFETY, STATE OF TEXAS",25-541615,OUTSIDE CITY LIMITS,CHANGED LANE WHEN UNSAFE; FAILED TO PASS TO RIGHT SAFELY; FAILED TO SIGNAL OR GAVE WRONG SIGNAL,VAN ZANDT,2025-04-07,N - NOT INJURED,0,NO DATA,279 - UT HEALTH EAST TEXAS ATHENS HOSPITAL,24.544,1B,No Data,No Data,No Data,75103,75103,No,1GC4KYEYXSF195226,10,2 - FEMALE,N - NOT INJURED,0,2,3 - FRONT RIGHT
20743821,Yes,ALLEN POLICE DEPARTMENT,2025-01967,ALLEN,FAILED TO YIELD RIGHT OF WAY - PRIVATE DRIVE;TURNED WHEN UNSAFE,COLLIN,2025-04-07,N - NOT INJURED,0,NO DATA,157 - MEDICAL CITY MCKINNEY,4.18,,34 - FAILED TO YIELD RIGHT OF WAY - PRIVATE DRIVE,No Data,No Data,75002,75002,No,3N1CN7AP4HL822319,59,1 - MALE,N - NOT INJURED,0,1,1 - FRONT LEFT OR MOTORCYCLE DRIVER
20743821,Yes,ALLEN POLICE DEPARTMENT,2025-01967,ALLEN,FAILED TO YIELD RIGHT OF WAY - PRIVATE DRIVE;TURNED WHEN UNSAFE,COLLIN,2025-04-07,N - NOT INJURED,0,NO DATA,157 - MEDICAL CITY MCKINNEY,4.18,,34 - FAILED TO YIELD RIGHT OF WAY - PRIVATE DRIVE,No Data,No Data,75002,75002,No,3N1CN7AP4HL822319,60,2 - FEMALE,N - NOT INJURED,0,2,1 - FRONT LEFT OR MOTORCYCLE DRIVER
20743821,Yes,ALLEN POLICE DEPARTMENT,2025-01967,ALLEN,FAILED TO YIELD RIGHT OF WAY - PRIVATE DRIVE;TURNED WHEN UNSAFE,COLLIN,2025-04-07,N - NOT INJURED,0,NO DATA,157 - MEDICAL CITY MCKINNEY,4.18,,No Data,No Data,No Data,75002,75002,No,1C4NJCBA7CD553896,18,1 - MALE,N - NOT INJURED,0,1,1 - FRONT LEFT OR MOTORCYCLE DRIVER
20743822,Yes,MIDLAND POLICE DEPARTMENT,250407023,MIDLAND,DISREGARD STOP SIGN OR LIGHT,MIDLAND,2025-04-07,B - SUSPECTED MINOR INJURY,0,NO DATA,190 - MIDLAND MEMORIAL HOSPITAL,0.762,,16 - DISREGARD STOP SIGN OR LIGHT,No Data,No Data,79707,79707,No,1FTEW1CP5JKC93838,53,1 - MALE,B - SUSPECTED MINOR INJURY,1,1,1 - FRONT LEFT OR MOTORCYCLE DRIVER
20743822,Yes,MIDLAND POLICE DEPARTMENT,250407023,MIDLAND,DISREGARD STOP SIGN OR LIGHT,MIDLAND,2025-04-07,B - SUSPECTED MINOR INJURY,0,NO DATA,190 - MIDLAND MEMORIAL HOSPITAL,0.762,,No Data,No Data,No Data,79701,79705,No,1GKS2DKL3RR316670,74,1 - MALE,N - NOT INJURED,0,1,1 - FRONT LEFT OR MOTORCYCLE DRIVER
20743827,Yes,FORT WORTH POLICE DEPARTMENT,250024947,FORT WORTH,FAILED TO CONTROL SPEED,TARRANT,2025-04-07,B - SUSPECTED MINOR INJURY,0,NO DATA,259 - TEXAS HEALTH HUGULEY HOSPITAL,3.884,UT,22 - FAILED TO CONTROL SPEED,No Data,No Data,76028,76028,No,ZACCJABT6GPD23996,41,2 - FEMALE,B - SUSPECTED MINOR INJURY,1,1,1 - FRONT LEFT OR MOTORCYCLE DRIVER
20743827,Yes,FORT WORTH POLICE DEPARTMENT,250024947,FORT WORTH,FAILED TO CONTROL SPEED,TARRANT,2025-04-07,B - SUSPECTED MINOR INJURY,0,NO DATA,259 - TEXAS HEALTH HUGULEY HOSPITAL,3.884,UT,No Data,No Data,No Data,76131,76131,No,3VWC57BU6KM133026,39,2 - FEMALE,B - SUSPECTED MINOR INJURY,1,1,1 - FRONT LEFT OR MOTORCYCLE DRIVER
20743827,Yes,FORT WORTH POLICE DEPARTMENT,250024947,FORT WORTH,FAILED TO CONTROL SPEED,TARRANT,2025-04-07,B - SUSPECTED MINOR INJURY,0,NO DATA,259 - TEXAS HEALTH HUGULEY HOSPITAL,3.884,UT,No Data,No Data,No Data,76131,76131,No,3VWC57BU6KM133026,16,2 - FEMALE,B - SUSPECTED MINOR INJURY,1,2,3 - FRONT RIGHT
20743829,Yes,FORT WORTH POLICE DEPARTMENT,250024658,FORT WORTH,FAILED TO CONTROL SPEED,TARRANT,2025-04-07,C - POSSIBLE INJURY,0,NO DATA,136 - JOHN PETER SMITH HOSPITAL,6.114,ST,No Data,No Data,No Data,76119,76119,No,JNKBV61E37M711829,21,1 - MALE,N - NOT INJURED,0,1,1 - FRONT LEFT OR MOTORCYCLE DRIVER
20743829,Yes,FORT WORTH POLICE DEPARTMENT,250024658,FORT WORTH,FAILED TO CONTROL SPEED,TARRANT,2025-04-07,C - POSSIBLE INJURY,0,NO DATA,136 - JOHN PETER SMITH HOSPITAL,6.114,ST,No Data,No Data,No Data,76001,76001,No,4T1BF3EK0BU185869,42,1 - MALE,C - POSSIBLE INJURY,0,1,1 - FRONT LEFT OR MOTORCYCLE DRIVER
20743830,Yes,FORT WORTH POLICE DEPARTMENT,250024819,FORT WORTH,DISREGARD STOP AND GO SIGNAL,TARRANT,2025-04-07,B - SUSPECTED MINOR INJURY,0,NO DATA,78 - COOK CHILDRENS MEDICAL CENTER,2.024,WE,15 - DISREGARD STOP AND GO SIGNAL,No Data,No Data,76110,76110,No,1GNFC13057R376659,28,2 - FEMALE,N - NOT INJURED,0,1,1 - FRONT LEFT OR MOTORCYCLE DRIVER
20743830,Yes,FORT WORTH POLICE DEPARTMENT,250024819,FORT WORTH,DISREGARD STOP AND GO SIGNAL,TARRANT,2025-04-07,B - SUSPECTED MINOR INJURY,0,NO DATA,78 - COOK CHILDRENS MEDICAL CENTER,2.024,WE,15 - DISREGARD STOP AND GO SIGNAL,No Data,No Data,76110,76110,No,1GNFC13057R376659,26,2 - FEMALE,N - NOT INJURED,0,2,3 - FRONT RIGHT
20743830,Yes,FORT WORTH POLICE DEPARTMENT,250024819,FORT WORTH,DISREGARD STOP AND GO SIGNAL,TARRANT,2025-04-07,B - SUSPECTED MINOR INJURY,0,NO DATA,78 - COOK CHILDRENS MEDICAL CENTER,2.024,WE,15 - DISREGARD STOP AND GO SIGNAL,No Data,No Data,76110,76110,No,1GNFC13057R376659,11,1 - MALE,N - NOT INJURED,0,3,4 - SECOND SEAT LEFT OR MOTORCYCLE BACK PASSENGER
20743830,Yes,FORT WORTH POLICE DEPARTMENT,250024819,FORT WORTH,DISREGARD STOP AND GO SIGNAL,TARRANT,2025-04-07,B - SUSPECTED MINOR INJURY,0,NO DATA,78 - COOK CHILDRENS MEDICAL CENTER,2.024,WE,No Data,No Data,No Data,76164,78216,No,1N4BL4BVXRN361998,53,1 - MALE,N - NOT INJURED,0,1,1 - FRONT LEFT OR MOTORCYCLE DRIVER
20743830,Yes,FORT WORTH POLICE DEPARTMENT,250024819,FORT WORTH,DISREGARD STOP AND GO SIGNAL,TARRANT,2025-04-07,B - SUSPECTED MINOR INJURY,0,NO DATA,78 - COOK CHILDRENS MEDICAL CENTER,2.024,WE,No Data,No Data,No Data,76164,78216,No,1N4BL4BVXRN361998,47,2 - FEMALE,B - SUSPECTED MINOR INJURY,1,2,3 - FRONT RIGHT
20743838,No,LAREDO POLICE DEPARTMENT,2025-00055269,LAREDO,BACKED WITHOUT SAFETY,WEBB,2025-04-07,N - NOT INJURED,0,NO DATA,No Data,No Data,,3 - BACKED WITHOUT SAFETY,No Data,No Data,79029,79029,No,5TFAX5GN2GX068249,72,1 - MALE,N - NOT INJURED,0,1,1 - FRONT LEFT OR MOTORCYCLE DRIVER
20743838,No,LAREDO POLICE DEPARTMENT,2025-00055269,LAREDO,BACKED WITHOUT SAFETY,WEBB,2025-04-07,N - NOT INJURED,0,NO DATA,No Data,No Data,,3 - BACKED WITHOUT SAFETY,No Data,No Data,79029,79029,No,5TFAX5GN2GX068249,47,2 - FEMALE,N - NOT INJURED,0,2,3 - FRONT RIGHT
20743838,No,LAREDO POLICE DEPARTMENT,2025-00055269,LAREDO,BACKED WITHOUT SAFETY,WEBB,2025-04-07,N - NOT INJURED,0,NO DATA,No Data,No Data,,No Data,No Data,No Data,No Data,78040,No,JN8AZ2KR9BT211916,56,2 - FEMALE,N - NOT INJURED,0,1,13 - OTHER IN VEHICLE
20743838,No,LAREDO POLICE DEPARTMENT,2025-00055269,LAREDO,BACKED WITHOUT SAFETY,WEBB,2025-04-07,N - NOT INJURED,0,NO DATA,No Data,No Data,,No Data,No Data,No Data,No Data,78040,No,JN8AZ2KR9BT211916,18,2 - FEMALE,N - NOT INJURED,0,2,6 - SECOND SEAT RIGHT
20743839,Yes,LAREDO POLICE DEPARTMENT,2025-00055294,LAREDO,FAILED TO CONTROL SPEED,WEBB,2025-04-07,C - POSSIBLE INJURY,0,NO DATA,No Data,No Data,AT,22 - FAILED TO CONTROL SPEED,No Data,No Data,78211,78244,No,1XPBDP9X0HD387822,50,1 - MALE,N - NOT INJURED,0,1,1 - FRONT LEFT OR MOTORCYCLE DRIVER
20743839,Yes,LAREDO POLICE DEPARTMENT,2025-00055294,LAREDO,FAILED TO CONTROL SPEED,WEBB,2025-04-07,C - POSSIBLE INJURY,0,NO DATA,No Data,No Data,AT,No Data,No Data,No Data,78046,78046,No,5YFEPMAE6MP180549,24,2 - FEMALE,C - POSSIBLE INJURY,0,1,1 - FRONT LEFT OR MOTORCYCLE DRIVER
20743844,Yes,DALLAS POLICE DEPARTMENT,48505-2025,DALLAS,FAILED TO YIELD RIGHT OF WAY - TURNING LEFT,DALLAS,2025-04-07,C - POSSIBLE INJURY,0,NO DATA,215 - PARKLAND MEMORIAL HOSPITAL,0.088,,37 - FAILED TO YIELD RIGHT OF WAY - TURNING LEFT,No Data,No Data,75063,75063,No,5XXGT4L37KG351086,25,2 - FEMALE,N - NOT INJURED,0,1,1 - FRONT LEFT OR MOTORCYCLE DRIVER
20743844,Yes,DALLAS POLICE DEPARTMENT,48505-2025,DALLAS,FAILED TO YIELD RIGHT OF WAY - TURNING LEFT,DALLAS,2025-04-07,C - POSSIBLE INJURY,0,NO DATA,215 - PARKLAND MEMORIAL HOSPITAL,0.088,,37 - FAILED TO YIELD RIGHT OF WAY - TURNING LEFT,No Data,No Data,75063,75063,No,5XXGT4L37KG351086,56,2 - FEMALE,C - POSSIBLE INJURY,0,2,3 - FRONT RIGHT
20743844,Yes,DALLAS POLICE DEPARTMENT,48505-2025,DALLAS,FAILED TO YIELD RIGHT OF WAY - TURNING LEFT,DALLAS,2025-04-07,C - POSSIBLE INJURY,0,NO DATA,215 - PARKLAND MEMORIAL HOSPITAL,0.088,,No Data,No Data,No Data,75249,75249,No,1HGCY1F34RA001173,24,2 - FEMALE,N - NOT INJURED,0,1,1 - FRONT LEFT OR MOTORCYCLE DRIVER
20743846,Yes,LAREDO POLICE DEPARTMENT,2025-00055302,LAREDO,BACKED WITHOUT SAFETY,WEBB,2025-04-07,N - NOT INJURED,0,NO DATA,No Data,No Data,,No Data,No Data,No Data,78043,78043,No,3N1CN7AP2HK433538,18,1 - MALE,N - NOT INJURED,0,1,1 - FRONT LEFT OR MOTORCYCLE DRIVER
20743846,Yes,LAREDO POLICE DEPARTMENT,2025-00055302,LAREDO,BACKED WITHOUT SAFETY,WEBB,2025-04-07,N - NOT INJURED,0,NO DATA,No Data,No Data,,No Data,No Data,No Data,78043,78043,No,3N1CN7AP2HK433538,18,2 - FEMALE,N - NOT INJURED,0,2,3 - FRONT RIGHT
20743846,Yes,LAREDO POLICE DEPARTMENT,2025-00055302,LAREDO,BACKED WITHOUT SAFETY,WEBB,2025-04-07,N - NOT INJURED,0,NO DATA,No Data,No Data,,No Data,No Data,No Data,78045,78041,No,1C4RDJAG5FC741300,50,1 - MALE,N - NOT INJURED,0,1,1 - FRONT LEFT OR MOTORCYCLE DRIVER
20743847,Yes,LAREDO POLICE DEPARTMENT,2025-00055401,LAREDO,DRIVER INATTENTION,WEBB,2025-04-07,N - NOT INJURED,0,NO DATA,141 - LAREDO MEDICAL CENTER,2.168,,20 - DRIVER INATTENTION,No Data,No Data,78076,78076,No,5XYP5DGC7PG408216,30,1 - MALE,N - NOT INJURED,0,1,1 - FRONT LEFT OR MOTORCYCLE DRIVER
20743847,Yes,LAREDO POLICE DEPARTMENT,2025-00055401,LAREDO,DRIVER INATTENTION,WEBB,2025-04-07,N - NOT INJURED,0,NO DATA,141 - LAREDO MEDICAL CENTER,2.168,,20 - DRIVER INATTENTION,No Data,No Data,78076,78076,No,5XYP5DGC7PG408216,39,2 - FEMALE,N - NOT INJURED,0,2,3 - FRONT RIGHT
20743847,Yes,LAREDO POLICE DEPARTMENT,2025-00055401,LAREDO,DRIVER INATTENTION,WEBB,2025-04-07,N - NOT INJURED,0,NO DATA,141 - LAREDO MEDICAL CENTER,2.168,,20 - DRIVER INATTENTION,No Data,No Data,78076,78076,No,5XYP5DGC7PG408216,2,1 - MALE,N - NOT INJURED,0,3,7 - THIRD SEAT LEFT
20743847,Yes,LAREDO POLICE DEPARTMENT,2025-00055401,LAREDO,DRIVER INATTENTION,WEBB,2025-04-07,N - NOT INJURED,0,NO DATA,141 - LAREDO MEDICAL CENTER,2.168,,No Data,No Data,No Data,78043,78043,No,2G1WB58K879296515,58,2 - FEMALE,N - NOT INJURED,0,1,1 - FRONT LEFT OR MOTORCYCLE DRIVER
20743848,Yes,LAREDO POLICE DEPARTMENT,2025-0055456,LAREDO,DISREGARD STOP SIGN OR LIGHT,WEBB,2025-04-07,C - POSSIBLE INJURY,0,NO DATA,141 - LAREDO MEDICAL CENTER,3.094,,16 - DISREGARD STOP SIGN OR LIGHT,No Data,No Data,78043,78043,No,5NPD84LF0JH324376,28,2 - FEMALE,C - POSSIBLE INJURY,0,1,1 - FRONT LEFT OR MOTORCYCLE DRIVER
20743848,Yes,LAREDO POLICE DEPARTMENT,2025-0055456,LAREDO,DISREGARD STOP SIGN OR LIGHT,WEBB,2025-04-07,C - POSSIBLE INJURY,0,NO DATA,141 - LAREDO MEDICAL CENTER,3.094,,16 - DISREGARD STOP SIGN OR LIGHT,No Data,No Data,78043,78043,No,5NPD84LF0JH324376,29,1 - MALE,C - POSSIBLE INJURY,0,2,3 - FRONT RIGHT
20743848,Yes,LAREDO POLICE DEPARTMENT,2025-0055456,LAREDO,DISREGARD STOP SIGN OR LIGHT,WEBB,2025-04-07,C - POSSIBLE INJURY,0,NO DATA,141 - LAREDO MEDICAL CENTER,3.094,,16 - DISREGARD STOP SIGN OR LIGHT,No Data,No Data,78043,78043,No,5NPD84LF0JH324376,3,1 - MALE,C - POSSIBLE INJURY,0,3,4 - SECOND SEAT LEFT OR MOTORCYCLE BACK PASSENGER
20743848,Yes,LAREDO POLICE DEPARTMENT,2025-0055456,LAREDO,DISREGARD STOP SIGN OR LIGHT,WEBB,2025-04-07,C - POSSIBLE INJURY,0,NO DATA,141 - LAREDO MEDICAL CENTER,3.094,,16 - DISREGARD STOP SIGN OR LIGHT,No Data,No Data,78043,78043,No,5NPD84LF0JH324376,4,2 - FEMALE,C - POSSIBLE INJURY,0,4,6 - SECOND SEAT RIGHT
20743848,Yes,LAREDO POLICE DEPARTMENT,2025-0055456,LAREDO,DISREGARD STOP SIGN OR LIGHT,WEBB,2025-04-07,C - POSSIBLE INJURY,0,NO DATA,141 - LAREDO MEDICAL CENTER,3.094,,No Data,No Data,No Data,78043,78043,No,1FTEX1CM6DKF55633,21,1 - MALE,N - NOT INJURED,0,1,1 - FRONT LEFT OR MOTORCYCLE DRIVER
20743848,Yes,LAREDO POLICE DEPARTMENT,2025-0055456,LAREDO,DISREGARD STOP SIGN OR LIGHT,WEBB,2025-04-07,C - POSSIBLE INJURY,0,NO DATA,141 - LAREDO MEDICAL CENTER,3.094,,No Data,No Data,No Data,78043,78043,No,1FTEX1CM6DKF55633,30,1 - MALE,N - NOT INJURED,0,2,3 - FRONT RIGHT
20743856,Yes,DAYTON POLICE DEPARTMENT,25-0193,DAYTON,ILL (EXPLAIN IN NARRATIVE),LIBERTY,2025-04-07,C - POSSIBLE INJURY,0,NO DATA,No Data,No Data,,47 - ILL (EXPLAIN IN NARRATIVE),No Data,No Data,77535,77535,No,3GTU2VEC2EG126777,77,1 - MALE,C - POSSIBLE INJURY,0,1,1 - FRONT LEFT OR MOTORCYCLE DRIVER
20743856,Yes,DAYTON POLICE DEPARTMENT,25-0193,DAYTON,ILL (EXPLAIN IN NARRATIVE),LIBERTY,2025-04-07,C - POSSIBLE INJURY,0,NO DATA,No Data,No Data,,47 - ILL (EXPLAIN IN NARRATIVE),No Data,No Data,77535,77535,No,3GTU2VEC2EG126777,56,2 - FEMALE,C - POSSIBLE INJURY,0,2,3 - FRONT RIGHT
20743860,Yes,SAN ANTONIO POLICE DEPARTMENT,SAPD25069260,SAN ANTONIO,FAILED TO YIELD RIGHT OF WAY - PRIVATE DRIVE,BEXAR,2025-04-07,B - SUSPECTED MINOR INJURY,0,NO DATA,46 - CHRISTUS CHILDRENS HOSPITAL OF SAN ANTONIO,6.872,60,34 - FAILED TO YIELD RIGHT OF WAY - PRIVATE DRIVE,No Data,No Data,78242,78242,No,1FM5K7F86FGB01481,34,2 - FEMALE,C - POSSIBLE INJURY,0,1,1 - FRONT LEFT OR MOTORCYCLE DRIVER
20743860,Yes,SAN ANTONIO POLICE DEPARTMENT,SAPD25069260,SAN ANTONIO,FAILED TO YIELD RIGHT OF WAY - PRIVATE DRIVE,BEXAR,2025-04-07,B - SUSPECTED MINOR INJURY,0,NO DATA,46 - CHRISTUS CHILDRENS HOSPITAL OF SAN ANTONIO,6.872,60,34 - FAILED TO YIELD RIGHT OF WAY - PRIVATE DRIVE,No Data,No Data,78242,78242,No,1FM5K7F86FGB01481,16,2 - FEMALE,C - POSSIBLE INJURY,0,2,3 - FRONT RIGHT
20743860,Yes,SAN ANTONIO POLICE DEPARTMENT,SAPD25069260,SAN ANTONIO,FAILED TO YIELD RIGHT OF WAY - PRIVATE DRIVE,BEXAR,2025-04-07,B - SUSPECTED MINOR INJURY,0,NO DATA,46 - CHRISTUS CHILDRENS HOSPITAL OF SAN ANTONIO,6.872,60,No Data,No Data,No Data,78073,78073,No,2C3CDXBG5NH130075,18,2 - FEMALE,C - POSSIBLE INJURY,0,1,1 - FRONT LEFT OR MOTORCYCLE DRIVER
20743860,Yes,SAN ANTONIO POLICE DEPARTMENT,SAPD25069260,SAN ANTONIO,FAILED TO YIELD RIGHT OF WAY - PRIVATE DRIVE,BEXAR,2025-04-07,B - SUSPECTED MINOR INJURY,0,NO DATA,46 - CHRISTUS CHILDRENS HOSPITAL OF SAN ANTONIO,6.872,60,No Data,No Data,No Data,78242,78242,No,5XXGT4L38KG293294,52,2 - FEMALE,B - SUSPECTED MINOR INJURY,1,1,1 - FRONT LEFT OR MOTORCYCLE DRIVER
20743860,Yes,SAN ANTONIO POLICE DEPARTMENT,SAPD25069260,SAN ANTONIO,FAILED TO YIELD RIGHT OF WAY - PRIVATE DRIVE,BEXAR,2025-04-07,B - SUSPECTED MINOR INJURY,0,NO DATA,46 - CHRISTUS CHILDRENS HOSPITAL OF SAN ANTONIO,6.872,60,No Data,No Data,No Data,78242,78242,No,5XXGT4L38KG293294,48,2 - FEMALE,C - POSSIBLE INJURY,0,2,3 - FRONT RIGHT
20743861,No,SAN ANTONIO POLICE DEPARTMENT,SAPD25069137,SAN ANTONIO,NONE,BEXAR,2025-04-07,N - NOT INJURED,0,NO DATA,46 - CHRISTUS CHILDRENS HOSPITAL OF SAN ANTONIO,3.508,60,No Data,No Data,No Data,,No Data,Yes,No Data,No Data,99 - UNKNOWN,99 - UNKNOWN,0,1,1 - FRONT LEFT OR MOTORCYCLE DRIVER
20743861,No,SAN ANTONIO POLICE DEPARTMENT,SAPD25069137,SAN ANTONIO,NONE,BEXAR,2025-04-07,N - NOT INJURED,0,NO DATA,46 - CHRISTUS CHILDRENS HOSPITAL OF SAN ANTONIO,3.508,60,No Data,No Data,No Data,78207,78207,No,JTEFU5JR8M5248283,51,2 - FEMALE,N - NOT INJURED,0,1,1 - FRONT LEFT OR MOTORCYCLE DRIVER
20743862,Yes,SAN ANTONIO POLICE DEPARTMENT,SAPD25069118,SAN ANTONIO,DRIVER INATTENTION,BEXAR,2025-04-07,B - SUSPECTED MINOR INJURY,0,NO DATA,46 - CHRISTUS CHILDRENS HOSPITAL OF SAN ANTONIO,2.291,60,20 - DRIVER INATTENTION,No Data,No Data,78232,78232,No,2C4RDGEG5LR186154,73,1 - MALE,N - NOT INJURED,0,1,1 - FRONT LEFT OR MOTORCYCLE DRIVER
20743862,Yes,SAN ANTONIO POLICE DEPARTMENT,SAPD25069118,SAN ANTONIO,DRIVER INATTENTION,BEXAR,2025-04-07,B - SUSPECTED MINOR INJURY,0,NO DATA,46 - CHRISTUS CHILDRENS HOSPITAL OF SAN ANTONIO,2.291,60,No Data,No Data,No Data,78223,78223,No,1GC1YNEY7MF148190,59,1 - MALE,N - NOT INJURED,0,1,1 - FRONT LEFT OR MOTORCYCLE DRIVER
20743862,Yes,SAN ANTONIO POLICE DEPARTMENT,SAPD25069118,SAN ANTONIO,DRIVER INATTENTION,BEXAR,2025-04-07,B - SUSPECTED MINOR INJURY,0,NO DATA,46 - CHRISTUS CHILDRENS HOSPITAL OF SAN ANTONIO,2.291,60,No Data,No Data,No Data,78223,78223,No,1GC1YNEY7MF148190,29,1 - MALE,B - SUSPECTED MINOR INJURY,1,2,3 - FRONT RIGHT
20743862,Yes,SAN ANTONIO POLICE DEPARTMENT,SAPD25069118,SAN ANTONIO,DRIVER INATTENTION,BEXAR,2025-04-07,B - SUSPECTED MINOR INJURY,0,NO DATA,46 - CHRISTUS CHILDRENS HOSPITAL OF SAN ANTONIO,2.291,60,No Data,No Data,No Data,78223,78223,No,1GC1YNEY7MF148190,48,1 - MALE,N - NOT INJURED,0,3,6 - SECOND SEAT RIGHT
20743866,Yes,FORT WORTH POLICE DEPARTMENT,250024662,FORT WORTH,FAILED TO YIELD RIGHT OF WAY - STOP SIGN,TARRANT,2025-04-07,N - NOT INJURED,0,NO DATA,14 - BAYLOR SCOTT & WHITE ALL SAINTS MEDICAL CENTER - FORT WORTH,1.096,UT,35 - FAILED TO YIELD RIGHT OF WAY - STOP SIGN,No Data,No Data,76123,76123,No,2G1FB3D36E9292043,61,2 - FEMALE,N - NOT INJURED,0,1,1 - FRONT LEFT OR MOTORCYCLE DRIVER
20743866,Yes,FORT WORTH POLICE DEPARTMENT,250024662,FORT WORTH,FAILED TO YIELD RIGHT OF WAY - STOP SIGN,TARRANT,2025-04-07,N - NOT INJURED,0,NO DATA,14 - BAYLOR SCOTT & WHITE ALL SAINTS MEDICAL CENTER - FORT WORTH,1.096,UT,No Data,No Data,No Data,76133,76133,No,5TDZM5G17AS002172,58,2 - FEMALE,N - NOT INJURED,0,1,1 - FRONT LEFT OR MOTORCYCLE DRIVER
20743867,Yes,FORT WORTH POLICE DEPARTMENT,250024684,FORT WORTH,FAILED TO YIELD RIGHT OF WAY - PRIVATE DRIVE,TARRANT,2025-04-07,N - NOT INJURED,0,NO DATA,14 - BAYLOR SCOTT & WHITE ALL SAINTS MEDICAL CENTER - FORT WORTH,3.155,UT,34 - FAILED TO YIELD RIGHT OF WAY - PRIVATE DRIVE,No Data,No Data,76104,76104,No,1FMSK7DHXLGB20679,30,2 - FEMALE,N - NOT INJURED,0,1,1 - FRONT LEFT OR MOTORCYCLE DRIVER
20743867,Yes,FORT WORTH POLICE DEPARTMENT,250024684,FORT WORTH,FAILED TO YIELD RIGHT OF WAY - PRIVATE DRIVE,TARRANT,2025-04-07,N - NOT INJURED,0,NO DATA,14 - BAYLOR SCOTT & WHITE ALL SAINTS MEDICAL CENTER - FORT WORTH,3.155,UT,No Data,No Data,No Data,76110,76110,No,JA4AR3AU9LU031316,67,1 - MALE,N - NOT INJURED,0,1,1 - FRONT LEFT OR MOTORCYCLE DRIVER
20743875,Yes,LEWISVILLE POLICE DEPARTMENT,25-02750,LEWISVILLE,DISREGARD TURN MARKS AT INTERSECTION,DENTON,2025-04-07,N - NOT INJURED,0,NO DATA,156 - MEDICAL CITY LEWISVILLE,4.101,,17 - DISREGARD TURN MARKS AT INTERSECTION,No Data,No Data,75067,75067,No,KNDJT2A60C7445280,31,2 - FEMALE,N - NOT INJURED,0,1,1 - FRONT LEFT OR MOTORCYCLE DRIVER
20743875,Yes,LEWISVILLE POLICE DEPARTMENT,25-02750,LEWISVILLE,DISREGARD TURN MARKS AT INTERSECTION,DENTON,2025-04-07,N - NOT INJURED,0,NO DATA,156 - MEDICAL CITY LEWISVILLE,4.101,,No Data,No Data,No Data,75228,75228,No,5TFEM5F14CX050984,54,1 - MALE,N - NOT INJURED,0,1,1 - FRONT LEFT OR MOTORCYCLE DRIVER
20743877,Yes,TRAVIS COUNTY SHERIFF'S OFFICE,250970010,OUTSIDE CITY LIMITS,DISTRACTION IN VEHICLE; UNDER INFLUENCE - ALCOHOL,TRAVIS,2025-04-07,B - SUSPECTED MINOR INJURY,0,NO DATA,243 - ST. DAVIDS SOUTH AUSTIN MEDICAL CENTER,7.054,10,No Data,No Data,No Data,78610,78610,No,5TFJU4GN1FX073105,27,1 - MALE,B - SUSPECTED MINOR INJURY,1,1,1 - FRONT LEFT OR MOTORCYCLE DRIVER
20743878,Yes,LEWISVILLE POLICE DEPARTMENT,25-02759,LEWISVILLE,FAILED TO CONTROL SPEED,DENTON,2025-04-07,N - NOT INJURED,0,NO DATA,No Data,No Data,,22 - FAILED TO CONTROL SPEED,No Data,No Data,75067,75181,No,ZACCJABBXJPH05303,16,2 - FEMALE,N - NOT INJURED,0,1,1 - FRONT LEFT OR MOTORCYCLE DRIVER
20743878,Yes,LEWISVILLE POLICE DEPARTMENT,25-02759,LEWISVILLE,FAILED TO CONTROL SPEED,DENTON,2025-04-07,N - NOT INJURED,0,NO DATA,No Data,No Data,,No Data,No Data,No Data,75067,75067,No,5FNYF5H39JB018285,61,1 - MALE,N - NOT INJURED,0,1,1 - FRONT LEFT OR MOTORCYCLE DRIVER
20743887,Yes,SAN ANTONIO POLICE DEPARTMENT,SAPD25068619,SAN ANTONIO,DRIVER INATTENTION; TURNED WHEN UNSAFE,BEXAR,2025-04-07,99 - UNKNOWN,0,NO DATA,No Data,No Data,50,20 - DRIVER INATTENTION,66 - TURNED WHEN UNSAFE,No Data,,,Yes,No Data,No Data,99 - UNKNOWN,99 - UNKNOWN,0,1,1 - FRONT LEFT OR MOTORCYCLE DRIVER
20743898,Yes,EAGLE PASS POLICE DEPARTMENT,202500007388,EAGLE PASS,CHANGED LANE WHEN UNSAFE,MAVERICK,2025-04-07,N - NOT INJURED,0,NO DATA,No Data,No Data,,No Data,No Data,No Data,78852,78852,No,1GKKNMLS1HZ144666,36,2 - FEMALE,N - NOT INJURED,0,1,1 - FRONT LEFT OR MOTORCYCLE DRIVER
20743898,Yes,EAGLE PASS POLICE DEPARTMENT,202500007388,EAGLE PASS,CHANGED LANE WHEN UNSAFE,MAVERICK,2025-04-07,N - NOT INJURED,0,NO DATA,No Data,No Data,,No Data,No Data,No Data,78852,78852,No,1H57V6Z487486,42,1 - MALE,N - NOT INJURED,0,1,1 - FRONT LEFT OR MOTORCYCLE DRIVER
20743898,Yes,EAGLE PASS POLICE DEPARTMENT,202500007388,EAGLE PASS,CHANGED LANE WHEN UNSAFE,MAVERICK,2025-04-07,N - NOT INJURED,0,NO DATA,No Data,No Data,,No Data,No Data,No Data,78852,78852,No,1H57V6Z487486,20,1 - MALE,N - NOT INJURED,0,2,3 - FRONT RIGHT
20743902,No,DENTON POLICE DEPARTMENT,25057531,DENTON,DRIVER INATTENTION,DENTON,2025-04-07,B - SUSPECTED MINOR INJURY,0,NO DATA,No Data,No Data,,20 - DRIVER INATTENTION,No Data,No Data,76201,76201,No,2HNYD2H36CH540562,29,1 - MALE,N - NOT INJURED,0,1,1 - FRONT LEFT OR MOTORCYCLE DRIVER
20743902,No,DENTON POLICE DEPARTMENT,25057531,DENTON,DRIVER INATTENTION,DENTON,2025-04-07,B - SUSPECTED MINOR INJURY,0,NO DATA,No Data,No Data,,No Data,No Data,No Data,No Data,No Data,No Data,No Data,54,2 - FEMALE,B - SUSPECTED MINOR INJURY,1,1,"16 - PEDESTRIAN, PEDALCYCLIST, OR MOTORIZED CONVEYANCE"
20743905,Yes,HOUSTON POLICE DEPARTMENT,0044294625J,HOUSTON,FAILED TO CONTROL SPEED,HARRIS,2025-04-07,N - NOT INJURED,0,NO DATA,163 - MEMORIAL HERMANN GREATER HEIGHTS HOSPITAL,3.123,B,No Data,No Data,No Data,,,No,1HGFA16856L021624,23,1 - MALE,N - NOT INJURED,0,1,1 - FRONT LEFT OR MOTORCYCLE DRIVER
20743905,Yes,HOUSTON POLICE DEPARTMENT,0044294625J,HOUSTON,FAILED TO CONTROL SPEED,HARRIS,2025-04-07,N - NOT INJURED,0,NO DATA,163 - MEMORIAL HERMANN GREATER HEIGHTS HOSPITAL,3.123,B,No Data,No Data,No Data,,,No,4T1BF1FK0CU626159,29,2 - FEMALE,N - NOT INJURED,0,1,1 - FRONT LEFT OR MOTORCYCLE DRIVER
20743909,Yes,HARRIS COUNTY CONSTABLE PRECINCT 1,250400178-C1,HOUSTON,FAILED TO YIELD RIGHT OF WAY - PRIVATE DRIVE,HARRIS,2025-04-07,N - NOT INJURED,0,NO DATA,160 - MEMORIAL HERMANN - TEXAS MEDICAL CENTER,3.691,,34 - FAILED TO YIELD RIGHT OF WAY - PRIVATE DRIVE,No Data,No Data,77041,77041,No,1D7HA18N83S145338,45,1 - MALE,N - NOT INJURED,0,1,1 - FRONT LEFT OR MOTORCYCLE DRIVER
20743909,Yes,HARRIS COUNTY CONSTABLE PRECINCT 1,250400178-C1,HOUSTON,FAILED TO YIELD RIGHT OF WAY - PRIVATE DRIVE,HARRIS,2025-04-07,N - NOT INJURED,0,NO DATA,160 - MEMORIAL HERMANN - TEXAS MEDICAL CENTER,3.691,,34 - FAILED TO YIELD RIGHT OF WAY - PRIVATE DRIVE,No Data,No Data,77041,77041,No,1D7HA18N83S145338,20,1 - MALE,N - NOT INJURED,0,2,3 - FRONT RIGHT
20743909,Yes,HARRIS COUNTY CONSTABLE PRECINCT 1,250400178-C1,HOUSTON,FAILED TO YIELD RIGHT OF WAY - PRIVATE DRIVE,HARRIS,2025-04-07,N - NOT INJURED,0,NO DATA,160 - MEMORIAL HERMANN - TEXAS MEDICAL CENTER,3.691,,34 - FAILED TO YIELD RIGHT OF WAY - PRIVATE DRIVE,No Data,No Data,77041,77041,No,1D7HA18N83S145338,20,1 - MALE,N - NOT INJURED,0,3,6 - SECOND SEAT RIGHT
20743909,Yes,HARRIS COUNTY CONSTABLE PRECINCT 1,250400178-C1,HOUSTON,FAILED TO YIELD RIGHT OF WAY - PRIVATE DRIVE,HARRIS,2025-04-07,N - NOT INJURED,0,NO DATA,160 - MEMORIAL HERMANN - TEXAS MEDICAL CENTER,3.691,,No Data,No Data,No Data,77563,77563,No,SHHFK7H65KU204656,35,1 - MALE,N - NOT INJURED,0,1,1 - FRONT LEFT OR MOTORCYCLE DRIVER
20743910,Yes,ROBINSON POLICE DEPARTMENT,25RPD03277,ROBINSON,DRIVER INATTENTION,MCLENNAN,2025-04-07,B - SUSPECTED MINOR INJURY,0,NO DATA,28 - BAYLOR SCOTT & WHITE MEDICAL CENTER - HILLCREST,3.566,,20 - DRIVER INATTENTION,No Data,No Data,76706,76706,No,1FTHX25F4SKB61854,16,1 - MALE,N - NOT INJURED,0,1,1 - FRONT LEFT OR MOTORCYCLE DRIVER
20743910,Yes,ROBINSON POLICE DEPARTMENT,25RPD03277,ROBINSON,DRIVER INATTENTION,MCLENNAN,2025-04-07,B - SUSPECTED MINOR INJURY,0,NO DATA,28 - BAYLOR SCOTT & WHITE MEDICAL CENTER - HILLCREST,3.566,,No Data,No Data,No Data,76712,76712,No,KL77LKE23RC092855,65,1 - MALE,B - SUSPECTED MINOR INJURY,1,1,1 - FRONT LEFT OR MOTORCYCLE DRIVER
20743912,Yes,ROBINSON POLICE DEPARTMENT,25RPD03302,OUTSIDE CITY LIMITS,FAILED TO YIELD RIGHT OF WAY - OPEN INTERSECTION;TURNED WHEN UNSAFE,MCLENNAN,2025-04-07,B - SUSPECTED MINOR INJURY,0,NO DATA,28 - BAYLOR SCOTT & WHITE MEDICAL CENTER - HILLCREST,3.836,,66 - TURNED WHEN UNSAFE,33 - FAILED TO YIELD RIGHT OF WAY - OPEN INTERSECTION,No Data,76706,76706,No,5NPDH4AE3DH385400,17,2 - FEMALE,B - SUSPECTED MINOR INJURY,1,1,1 - FRONT LEFT OR MOTORCYCLE DRIVER
20743912,Yes,ROBINSON POLICE DEPARTMENT,25RPD03302,OUTSIDE CITY LIMITS,FAILED TO YIELD RIGHT OF WAY - OPEN INTERSECTION;TURNED WHEN UNSAFE,MCLENNAN,2025-04-07,B - SUSPECTED MINOR INJURY,0,NO DATA,28 - BAYLOR SCOTT & WHITE MEDICAL CENTER - HILLCREST,3.836,,No Data,No Data,No Data,76706,76501,No,1GCEC19X69Z291714,54,1 - MALE,B - SUSPECTED MINOR INJURY,1,1,1 - FRONT LEFT OR MOTORCYCLE DRIVER
20743917,Yes,FORT WORTH POLICE DEPARTMENT,250024704,FORT WORTH,FAILED TO YIELD RIGHT OF WAY - TURNING LEFT,TARRANT,2025-04-07,C - POSSIBLE INJURY,0,NO DATA,257 - TEXAS HEALTH HARRIS METHODIST HOSPITAL HURST-EULESS-BEDFORD,3.938,ST,37 - FAILED TO YIELD RIGHT OF WAY - TURNING LEFT,No Data,No Data,76155,75051,No,5YFBU4EE6DP186695,30,2 - FEMALE,N - NOT INJURED,0,1,1 - FRONT LEFT OR MOTORCYCLE DRIVER
20743917,Yes,FORT WORTH POLICE DEPARTMENT,250024704,FORT WORTH,FAILED TO YIELD RIGHT OF WAY - TURNING LEFT,TARRANT,2025-04-07,C - POSSIBLE INJURY,0,NO DATA,257 - TEXAS HEALTH HARRIS METHODIST HOSPITAL HURST-EULESS-BEDFORD,3.938,ST,37 - FAILED TO YIELD RIGHT OF WAY - TURNING LEFT,No Data,No Data,76155,75051,No,5YFBU4EE6DP186695,4,2 - FEMALE,N - NOT INJURED,0,2,6 - SECOND SEAT RIGHT
20743917,Yes,FORT WORTH POLICE DEPARTMENT,250024704,FORT WORTH,FAILED TO YIELD RIGHT OF WAY - TURNING LEFT,TARRANT,2025-04-07,C - POSSIBLE INJURY,0,NO DATA,257 - TEXAS HEALTH HARRIS METHODIST HOSPITAL HURST-EULESS-BEDFORD,3.938,ST,No Data,No Data,No Data,76109,76180,No,JA4AD3A34JZ045694,22,2 - FEMALE,C - POSSIBLE INJURY,0,1,1 - FRONT LEFT OR MOTORCYCLE DRIVER
20743918,Yes,FORT WORTH POLICE DEPARTMENT,250024735,FORT WORTH,DRIVER INATTENTION,TARRANT,2025-04-07,N - NOT INJURED,0,NO DATA,254 - TEXAS HEALTH ARLINGTON MEMORIAL HOSPITAL,3.31,ST,20 - DRIVER INATTENTION,No Data,No Data,76112,76112,No,1FMCU0GX7GUB97445,42,1 - MALE,N - NOT INJURED,0,1,1 - FRONT LEFT OR MOTORCYCLE DRIVER
20743918,Yes,FORT WORTH POLICE DEPARTMENT,250024735,FORT WORTH,DRIVER INATTENTION,TARRANT,2025-04-07,N - NOT INJURED,0,NO DATA,254 - TEXAS HEALTH ARLINGTON MEMORIAL HOSPITAL,3.31,ST,No Data,No Data,No Data,76040,76040,No,3N1AB7AP3JY207978,30,2 - FEMALE,N - NOT INJURED,0,1,1 - FRONT LEFT OR MOTORCYCLE DRIVER
20743919,Yes,FORT WORTH POLICE DEPARTMENT,250024770,FORT WORTH,DRIVER INATTENTION;OTHER (EXPLAIN IN NARRATIVE),TARRANT,2025-04-07,N - NOT INJURED,0,NO DATA,136 - JOHN PETER SMITH HOSPITAL,5.914,ST,20 - DRIVER INATTENTION,No Data,No Data,76119,76119,No,WA1LFAFP1DA027496,24,2 - FEMALE,N - NOT INJURED,0,1,1 - FRONT LEFT OR MOTORCYCLE DRIVER
20743919,Yes,FORT WORTH POLICE DEPARTMENT,250024770,FORT WORTH,DRIVER INATTENTION;OTHER (EXPLAIN IN NARRATIVE),TARRANT,2025-04-07,N - NOT INJURED,0,NO DATA,136 - JOHN PETER SMITH HOSPITAL,5.914,ST,98 - OTHER (EXPLAIN IN NARRATIVE),No Data,No Data,75141,92201,No,1FMZU63K13ZA72669,47,2 - FEMALE,N - NOT INJURED,0,1,1 - FRONT LEFT OR MOTORCYCLE DRIVER
20743921,Yes,DALLAS COUNTY SHERIFF'S OFFICE,25-022068,DALLAS,CHANGED LANE WHEN UNSAFE;UNSAFE SPEED;OTHER (EXPLAIN IN NARRATIVE),DALLAS,2025-04-07,N - NOT INJURED,0,NO DATA,86 - DALLAS MEDICAL CENTER,3.299,1,4 - CHANGED LANE WHEN UNSAFE,60 - UNSAFE SPEED,No Data,,No Data,Yes,No Data,No Data,99 - UNKNOWN,99 - UNKNOWN,0,1,1 - FRONT LEFT OR MOTORCYCLE DRIVER
20743921,Yes,DALLAS COUNTY SHERIFF'S OFFICE,25-022068,DALLAS,CHANGED LANE WHEN UNSAFE;UNSAFE SPEED;OTHER (EXPLAIN IN NARRATIVE),DALLAS,2025-04-07,N - NOT INJURED,0,NO DATA,86 - DALLAS MEDICAL CENTER,3.299,1,No Data,No Data,No Data,13224,7604,No,19XFC2F55GE022948,31,2 - FEMALE,N - NOT INJURED,0,1,1 - FRONT LEFT OR MOTORCYCLE DRIVER
20743921,Yes,DALLAS COUNTY SHERIFF'S OFFICE,25-022068,DALLAS,CHANGED LANE WHEN UNSAFE;UNSAFE SPEED;OTHER (EXPLAIN IN NARRATIVE),DALLAS,2025-04-07,N - NOT INJURED,0,NO DATA,86 - DALLAS MEDICAL CENTER,3.299,1,98 - OTHER (EXPLAIN IN NARRATIVE),No Data,No Data,75219,75219,No,JM1BM1M35F1271047,31,1 - MALE,N - NOT INJURED,0,1,1 - FRONT LEFT OR MOTORCYCLE DRIVER
20743922,Yes,BOERNE POLICE DEPARTMENT,B2501365,BOERNE,FAILED TO CONTROL SPEED; FAULTY EVASIVE ACTION,KENDALL,2025-04-07,N - NOT INJURED,0,NO DATA,196 - NORTH CENTRAL BAPTIST HOSPITAL,16.741,,22 - FAILED TO CONTROL SPEED,41 - FAULTY EVASIVE ACTION,No Data,78237,78224,No,2HJYK16426H574497,30,1 - MALE,N - NOT INJURED,0,1,1 - FRONT LEFT OR MOTORCYCLE DRIVER
20743922,Yes,BOERNE POLICE DEPARTMENT,B2501365,BOERNE,FAILED TO CONTROL SPEED; FAULTY EVASIVE ACTION,KENDALL,2025-04-07,N - NOT INJURED,0,NO DATA,196 - NORTH CENTRAL BAPTIST HOSPITAL,16.741,,No Data,No Data,No Data,78216,78216,No,WVWBR71K36W194312,31,1 - MALE,N - NOT INJURED,0,1,1 - FRONT LEFT OR MOTORCYCLE DRIVER
20743922,Yes,BOERNE POLICE DEPARTMENT,B2501365,BOERNE,FAILED TO CONTROL SPEED; FAULTY EVASIVE ACTION,KENDALL,2025-04-07,N - NOT INJURED,0,NO DATA,196 - NORTH CENTRAL BAPTIST HOSPITAL,16.741,,No Data,No Data,No Data,78217,78217,No,JTMWFREV9JJ727294,32,2 - FEMALE,N - NOT INJURED,0,1,1 - FRONT LEFT OR MOTORCYCLE DRIVER
20743934,Yes,FORT WORTH POLICE DEPARTMENT,250024745,FORT WORTH,DISREGARD STOP SIGN OR LIGHT;OTHER (EXPLAIN IN NARRATIVE),TARRANT,2025-04-07,N - NOT INJURED,0,NO DATA,136 - JOHN PETER SMITH HOSPITAL,0.539,NT,16 - DISREGARD STOP SIGN OR LIGHT,No Data,No Data,76179,76179,No,5GAKRCKD6FJ304244,53,2 - FEMALE,N - NOT INJURED,0,1,1 - FRONT LEFT OR MOTORCYCLE DRIVER
20743934,Yes,FORT WORTH POLICE DEPARTMENT,250024745,FORT WORTH,DISREGARD STOP SIGN OR LIGHT;OTHER (EXPLAIN IN NARRATIVE),TARRANT,2025-04-07,N - NOT INJURED,0,NO DATA,136 - JOHN PETER SMITH HOSPITAL,0.539,NT,98 - OTHER (EXPLAIN IN NARRATIVE),No Data,No Data,76117,76117,No,1G6KT5R62KU145303,23,1 - MALE,N - NOT INJURED,0,1,1 - FRONT LEFT OR MOTORCYCLE DRIVER
20743941,Yes,STEPHENVILLE POLICE DEPARTMENT,25S006430,OUTSIDE CITY LIMITS,FAILED TO YIELD RIGHT OF WAY - STOP SIGN,ERATH,2025-04-07,N - NOT INJURED,0,NO DATA,256 - TEXAS HEALTH HARRIS METHODIST HOSPITAL STEPHENVILLE,1.332,,35 - FAILED TO YIELD RIGHT OF WAY - STOP SIGN,No Data,No Data,78758,76520,No,2CNFLGEY2A6354583,52,1 - MALE,N - NOT INJURED,0,1,1 - FRONT LEFT OR MOTORCYCLE DRIVER
20743941,Yes,STEPHENVILLE POLICE DEPARTMENT,25S006430,OUTSIDE CITY LIMITS,FAILED TO YIELD RIGHT OF WAY - STOP SIGN,ERATH,2025-04-07,N - NOT INJURED,0,NO DATA,256 - TEXAS HEALTH HARRIS METHODIST HOSPITAL STEPHENVILLE,1.332,,No Data,No Data,No Data,76401,76401,No,KL4MMBS26MB063057,21,2 - FEMALE,N - NOT INJURED,0,1,1 - FRONT LEFT OR MOTORCYCLE DRIVER
20743941,Yes,STEPHENVILLE POLICE DEPARTMENT,25S006430,OUTSIDE CITY LIMITS,FAILED TO YIELD RIGHT OF WAY - STOP SIGN,ERATH,2025-04-07,N - NOT INJURED,0,NO DATA,256 - TEXAS HEALTH HARRIS METHODIST HOSPITAL STEPHENVILLE,1.332,,No Data,No Data,No Data,76401,76401,No,KL4MMBS26MB063057,21,1 - MALE,N - NOT INJURED,0,2,3 - FRONT RIGHT
20743945,Yes,FORT WORTH POLICE DEPARTMENT,250024680,FORT WORTH,FAILED TO CONTROL SPEED,TARRANT,2025-04-07,N - NOT INJURED,0,NO DATA,136 - JOHN PETER SMITH HOSPITAL,1.331,NT,22 - FAILED TO CONTROL SPEED,No Data,No Data,76104,76104,No,2T2GK31U98C038528,18,2 - FEMALE,N - NOT INJURED,0,1,1 - FRONT LEFT OR MOTORCYCLE DRIVER
20743945,Yes,FORT WORTH POLICE DEPARTMENT,250024680,FORT WORTH,FAILED TO CONTROL SPEED,TARRANT,2025-04-07,N - NOT INJURED,0,NO DATA,136 - JOHN PETER SMITH HOSPITAL,1.331,NT,No Data,No Data,No Data,76140,76140,No,1D4PU5GK9BW553711,52,2 - FEMALE,N - NOT INJURED,0,1,1 - FRONT LEFT OR MOTORCYCLE DRIVER
20743947,Yes,FORT WORTH POLICE DEPARTMENT,250024669,FORT WORTH,FAILED TO YIELD RIGHT OF WAY - TURNING LEFT,TARRANT,2025-04-07,C - POSSIBLE INJURY,0,NO DATA,136 - JOHN PETER SMITH HOSPITAL,1.332,NT,37 - FAILED TO YIELD RIGHT OF WAY - TURNING LEFT,No Data,No Data,76104,76104,No,3GCRCSE06AG131806,35,1 - MALE,N - NOT INJURED,0,1,1 - FRONT LEFT OR MOTORCYCLE DRIVER
20743947,Yes,FORT WORTH POLICE DEPARTMENT,250024669,FORT WORTH,FAILED TO YIELD RIGHT OF WAY - TURNING LEFT,TARRANT,2025-04-07,C - POSSIBLE INJURY,0,NO DATA,136 - JOHN PETER SMITH HOSPITAL,1.332,NT,37 - FAILED TO YIELD RIGHT OF WAY - TURNING LEFT,No Data,No Data,76104,76104,No,1G1ZD5EU7BF123498,34,1 - MALE,C - POSSIBLE INJURY,0,1,1 - FRONT LEFT OR MOTORCYCLE DRIVER
20743956,Yes,DALLAS COUNTY SHERIFF'S OFFICE,25-022285,DALLAS,FOLLOWED TOO CLOSELY,DALLAS,2025-04-07,N - NOT INJURED,0,NO DATA,174 - METHODIST DALLAS MEDICAL CENTER,1.039,1,No Data,No Data,No Data,76102,76102,No,JTNKHMBX7L1074092,60,2 - FEMALE,N - NOT INJURED,0,1,1 - FRONT LEFT OR MOTORCYCLE DRIVER
20743956,Yes,DALLAS COUNTY SHERIFF'S OFFICE,25-022285,DALLAS,FOLLOWED TOO CLOSELY,DALLAS,2025-04-07,N - NOT INJURED,0,NO DATA,174 - METHODIST DALLAS MEDICAL CENTER,1.039,1,44 - FOLLOWED TOO CLOSELY,No Data,No Data,75224,75224,No,1D7HA18256S606926,51,1 - MALE,N - NOT INJURED,0,1,1 - FRONT LEFT OR MOTORCYCLE DRIVER
20743958,Yes,RED OAK POLICE DEPARTMENT,25RP013191,RED OAK,DISREGARD STOP SIGN OR LIGHT,ELLIS,2025-04-07,N - NOT INJURED,0,NO DATA,30 - BAYLOR SCOTT & WHITE MEDICAL CENTER AT WAXAHACHIE,6.574,,16 - DISREGARD STOP SIGN OR LIGHT,No Data,No Data,,No Data,Yes,No Data,No Data,99 - UNKNOWN,99 - UNKNOWN,0,1,1 - FRONT LEFT OR MOTORCYCLE DRIVER
20743958,Yes,RED OAK POLICE DEPARTMENT,25RP013191,RED OAK,DISREGARD STOP SIGN OR LIGHT,ELLIS,2025-04-07,N - NOT INJURED,0,NO DATA,30 - BAYLOR SCOTT & WHITE MEDICAL CENTER AT WAXAHACHIE,6.574,,No Data,No Data,No Data,75154,75154,No,2G1115S3XG9206926,17,2 - FEMALE,N - NOT INJURED,0,1,1 - FRONT LEFT OR MOTORCYCLE DRIVER
20743958,Yes,RED OAK POLICE DEPARTMENT,25RP013191,RED OAK,DISREGARD STOP SIGN OR LIGHT,ELLIS,2025-04-07,N - NOT INJURED,0,NO DATA,30 - BAYLOR SCOTT & WHITE MEDICAL CENTER AT WAXAHACHIE,6.574,,No Data,No Data,No Data,75154,75154,No,2G1115S3XG9206926,3,2 - FEMALE,N - NOT INJURED,0,2,4 - SECOND SEAT LEFT OR MOTORCYCLE BACK PASSENGER
20743961,Yes,SAN ANTONIO POLICE DEPARTMENT,SAPD25068667,SAN ANTONIO,DRIVER INATTENTION;UNSAFE SPEED,BEXAR,2025-04-07,C - POSSIBLE INJURY,0,NO DATA,46 - CHRISTUS CHILDRENS HOSPITAL OF SAN ANTONIO,4.607,60,60 - UNSAFE SPEED,20 - DRIVER INATTENTION,No Data,78211,77842,No,5TFMC5DB0RX048023,44,2 - FEMALE,N - NOT INJURED,0,1,1 - FRONT LEFT OR MOTORCYCLE DRIVER
20743961,Yes,SAN ANTONIO POLICE DEPARTMENT,SAPD25068667,SAN ANTONIO,DRIVER INATTENTION;UNSAFE SPEED,BEXAR,2025-04-07,C - POSSIBLE INJURY,0,NO DATA,46 - CHRISTUS CHILDRENS HOSPITAL OF SAN ANTONIO,4.607,60,60 - UNSAFE SPEED,20 - DRIVER INATTENTION,No Data,78211,77842,No,5TFMC5DB0RX048023,16,1 - MALE,N - NOT INJURED,0,2,3 - FRONT RIGHT
20743961,Yes,SAN ANTONIO POLICE DEPARTMENT,SAPD25068667,SAN ANTONIO,DRIVER INATTENTION;UNSAFE SPEED,BEXAR,2025-04-07,C - POSSIBLE INJURY,0,NO DATA,46 - CHRISTUS CHILDRENS HOSPITAL OF SAN ANTONIO,4.607,60,60 - UNSAFE SPEED,20 - DRIVER INATTENTION,No Data,78211,77842,No,5TFMC5DB0RX048023,14,2 - FEMALE,N - NOT INJURED,0,3,6 - SECOND SEAT RIGHT
20743961,Yes,SAN ANTONIO POLICE DEPARTMENT,SAPD25068667,SAN ANTONIO,DRIVER INATTENTION;UNSAFE SPEED,BEXAR,2025-04-07,C - POSSIBLE INJURY,0,NO DATA,46 - CHRISTUS CHILDRENS HOSPITAL OF SAN ANTONIO,4.607,60,60 - UNSAFE SPEED,20 - DRIVER INATTENTION,No Data,78211,77842,No,5TFMC5DB0RX048023,7,1 - MALE,N - NOT INJURED,0,4,4 - SECOND SEAT LEFT OR MOTORCYCLE BACK PASSENGER
20743961,Yes,SAN ANTONIO POLICE DEPARTMENT,SAPD25068667,SAN ANTONIO,DRIVER INATTENTION;UNSAFE SPEED,BEXAR,2025-04-07,C - POSSIBLE INJURY,0,NO DATA,46 - CHRISTUS CHILDRENS HOSPITAL OF SAN ANTONIO,4.607,60,No Data,No Data,No Data,78224,78224,No,KNDJ63AU9L7033435,41,2 - FEMALE,C - POSSIBLE INJURY,0,1,1 - FRONT LEFT OR MOTORCYCLE DRIVER
20743962,Yes,SAN ANTONIO POLICE DEPARTMENT,SAPD25068691,SAN ANTONIO,DRIVER INATTENTION,BEXAR,2025-04-07,N - NOT INJURED,0,NO DATA,46 - CHRISTUS CHILDRENS HOSPITAL OF SAN ANTONIO,4.6,60,20 - DRIVER INATTENTION,No Data,No Data,78221,78221,No,5XYZG3AB6CG165117,54,1 - MALE,N - NOT INJURED,0,1,1 - FRONT LEFT OR MOTORCYCLE DRIVER
20743962,Yes,SAN ANTONIO POLICE DEPARTMENT,SAPD25068691,SAN ANTONIO,DRIVER INATTENTION,BEXAR,2025-04-07,N - NOT INJURED,0,NO DATA,46 - CHRISTUS CHILDRENS HOSPITAL OF SAN ANTONIO,4.6,60,No Data,No Data,No Data,78224,78224,No,19XFL2H82PE004611,25,2 - FEMALE,N - NOT INJURED,0,1,1 - FRONT LEFT OR MOTORCYCLE DRIVER
20743964,Yes,SAN ANTONIO POLICE DEPARTMENT,SAPD25068787,SAN ANTONIO,FAILED TO STOP AT PROPER PLACE;FAILED TO YIELD RIGHT OF WAY - STOP SIGN,BEXAR,2025-04-07,N - NOT INJURED,0,NO DATA,46 - CHRISTUS CHILDRENS HOSPITAL OF SAN ANTONIO,2.938,60,29 - FAILED TO STOP AT PROPER PLACE,35 - FAILED TO YIELD RIGHT OF WAY - STOP SIGN,No Data,78223,78223,No,5YFBURHE7KP895433,20,1 - MALE,N - NOT INJURED,0,1,1 - FRONT LEFT OR MOTORCYCLE DRIVER
20743964,Yes,SAN ANTONIO POLICE DEPARTMENT,SAPD25068787,SAN ANTONIO,FAILED TO STOP AT PROPER PLACE;FAILED TO YIELD RIGHT OF WAY - STOP SIGN,BEXAR,2025-04-07,N - NOT INJURED,0,NO DATA,46 - CHRISTUS CHILDRENS HOSPITAL OF SAN ANTONIO,2.938,60,No Data,No Data,No Data,78210,78210,No,NMTKHMBX2LR118408,74,2 - FEMALE,N - NOT INJURED,0,1,1 - FRONT LEFT OR MOTORCYCLE DRIVER
20743965,Yes,SAN ANTONIO POLICE DEPARTMENT,SAPD25068782,SAN ANTONIO,FAILED TO STOP AT PROPER PLACE; FOLLOWED TOO CLOSELY,BEXAR,2025-04-07,N - NOT INJURED,0,NO DATA,46 - CHRISTUS CHILDRENS HOSPITAL OF SAN ANTONIO,8.567,60,29 - FAILED TO STOP AT PROPER PLACE,44 - FOLLOWED TOO CLOSELY,No Data,78239,78390,Yes,JTEZU14R778072153,41,2 - FEMALE,N - NOT INJURED,0,1,1 - FRONT LEFT OR MOTORCYCLE DRIVER
20743965,Yes,SAN ANTONIO POLICE DEPARTMENT,SAPD25068782,SAN ANTONIO,FAILED TO STOP AT PROPER PLACE; FOLLOWED TOO CLOSELY,BEXAR,2025-04-07,N - NOT INJURED,0,NO DATA,46 - CHRISTUS CHILDRENS HOSPITAL OF SAN ANTONIO,8.567,60,No Data,No Data,No Data,78852,78852,No,JTEZU14R778072153,43,1 - MALE,N - NOT INJURED,0,1,1 - FRONT LEFT OR MOTORCYCLE DRIVER
20743969,Yes,SAN ANTONIO POLICE DEPARTMENT,SAPD25068693,SAN ANTONIO,DISREGARD STOP AND GO SIGNAL,BEXAR,2025-04-07,B - SUSPECTED MINOR INJURY,0,NO DATA,182 - METROPOLITAN METHODIST HOSPITAL,0.369,08,15 - DISREGARD STOP AND GO SIGNAL,No Data,No Data,77963,77407,No,JTJHZKEAXL2014533,23,1 - MALE,N - NOT INJURED,0,1,1 - FRONT LEFT OR MOTORCYCLE DRIVER
20743969,Yes,SAN ANTONIO POLICE DEPARTMENT,SAPD25068693,SAN ANTONIO,DISREGARD STOP AND GO SIGNAL,BEXAR,2025-04-07,B - SUSPECTED MINOR INJURY,0,NO DATA,182 - METROPOLITAN METHODIST HOSPITAL,0.369,08,No Data,No Data,No Data,78109,78109,No,JM1GJ1V55G1482734,59,1 - MALE,B - SUSPECTED MINOR INJURY,1,1,1 - FRONT LEFT OR MOTORCYCLE DRIVER
20743971,Yes,DALLAS POLICE DEPARTMENT,48258-2025,DALLAS,OTHER (EXPLAIN IN NARRATIVE),DALLAS,2025-04-07,N - NOT INJURED,0,NO DATA,151 - MEDICAL CITY DALLAS HOSPITAL,1.603,,98 - OTHER (EXPLAIN IN NARRATIVE),No Data,No Data,75214,75214,No,1FTEW1EG5HKE02516,47,1 - MALE,N - NOT INJURED,0,1,1 - FRONT LEFT OR MOTORCYCLE DRIVER
20743971,Yes,DALLAS POLICE DEPARTMENT,48258-2025,DALLAS,OTHER (EXPLAIN IN NARRATIVE),DALLAS,2025-04-07,N - NOT INJURED,0,NO DATA,151 - MEDICAL CITY DALLAS HOSPITAL,1.603,,98 - OTHER (EXPLAIN IN NARRATIVE),No Data,No Data,75214,75214,No,1FTEW1EG5HKE02516,15,2 - FEMALE,N - NOT INJURED,0,2,3 - FRONT RIGHT
20743971,Yes,DALLAS POLICE DEPARTMENT,48258-2025,DALLAS,OTHER (EXPLAIN IN NARRATIVE),DALLAS,2025-04-07,N - NOT INJURED,0,NO DATA,151 - MEDICAL CITY DALLAS HOSPITAL,1.603,,98 - OTHER (EXPLAIN IN NARRATIVE),No Data,No Data,75098,75098,No,JN8AT2MTXJW462029,51,2 - FEMALE,N - NOT INJURED,0,1,1 - FRONT LEFT OR MOTORCYCLE DRIVER
20743973,Yes,SAN ANTONIO POLICE DEPARTMENT,SAPD25068746,SAN ANTONIO,CHANGED LANE WHEN UNSAFE; DRIVER INATTENTION,BEXAR,2025-04-07,N - NOT INJURED,0,NO DATA,199 - NORTHEAST BAPTIST HOSPITAL,1.35,30,4 - CHANGED LANE WHEN UNSAFE,No Data,No Data,,No Data,Yes,No Data,No Data,99 - UNKNOWN,99 - UNKNOWN,0,1,1 - FRONT LEFT OR MOTORCYCLE DRIVER
20743973,Yes,SAN ANTONIO POLICE DEPARTMENT,SAPD25068746,SAN ANTONIO,CHANGED LANE WHEN UNSAFE; DRIVER INATTENTION,BEXAR,2025-04-07,N - NOT INJURED,0,NO DATA,199 - NORTHEAST BAPTIST HOSPITAL,1.35,30,No Data,No Data,No Data,78218,78218,No,1NXBR32E95Z554819,21,1 - MALE,N - NOT INJURED,0,1,1 - FRONT LEFT OR MOTORCYCLE DRIVER
20743974,Yes,SAN ANTONIO POLICE DEPARTMENT,SAPD25068851,SAN ANTONIO,DRIVER INATTENTION; FOLLOWED TOO CLOSELY,BEXAR,2025-04-07,N - NOT INJURED,0,NO DATA,53 - CHRISTUS SANTA ROSA HOSPITAL - ALAMO HEIGHTS,3.384,30,20 - DRIVER INATTENTION,44 - FOLLOWED TOO CLOSELY,No Data,78237,78237,No,4T1B11HK2JU619495,20,2 - FEMALE,N - NOT INJURED,0,1,1 - FRONT LEFT OR MOTORCYCLE DRIVER
20743974,Yes,SAN ANTONIO POLICE DEPARTMENT,SAPD25068851,SAN ANTONIO,DRIVER INATTENTION; FOLLOWED TOO CLOSELY,BEXAR,2025-04-07,N - NOT INJURED,0,NO DATA,53 - CHRISTUS SANTA ROSA HOSPITAL - ALAMO HEIGHTS,3.384,30,20 - DRIVER INATTENTION,44 - FOLLOWED TOO CLOSELY,No Data,78237,78237,No,4T1B11HK2JU619495,20,2 - FEMALE,N - NOT INJURED,0,2,3 - FRONT RIGHT
20743974,Yes,SAN ANTONIO POLICE DEPARTMENT,SAPD25068851,SAN ANTONIO,DRIVER INATTENTION; FOLLOWED TOO CLOSELY,BEXAR,2025-04-07,N - NOT INJURED,0,NO DATA,53 - CHRISTUS SANTA ROSA HOSPITAL - ALAMO HEIGHTS,3.384,30,No Data,No Data,No Data,78245,78245,No,1FTMF1C85HKD34127,31,1 - MALE,N - NOT INJURED,0,1,1 - FRONT LEFT OR MOTORCYCLE DRIVER
20743976,Yes,MONTGOMERY COUNTY SHERIFF'S OFFICE,25A102950,OUTSIDE CITY LIMITS,DRIVER INATTENTION;OTHER (EXPLAIN IN NARRATIVE),MONTGOMERY,2025-04-07,N - NOT INJURED,0,NO DATA,171 - MEMORIAL HERMANN THE WOODLANDS MEDICAL CENTER,2.423,,98 - OTHER (EXPLAIN IN NARRATIVE),No Data,No Data,77386,77386,No,1FMCU0HD4KUA04889,18,2 - FEMALE,N - NOT INJURED,0,1,1 - FRONT LEFT OR MOTORCYCLE DRIVER
20743976,Yes,MONTGOMERY COUNTY SHERIFF'S OFFICE,25A102950,OUTSIDE CITY LIMITS,DRIVER INATTENTION;OTHER (EXPLAIN IN NARRATIVE),MONTGOMERY,2025-04-07,N - NOT INJURED,0,NO DATA,171 - MEMORIAL HERMANN THE WOODLANDS MEDICAL CENTER,2.423,,98 - OTHER (EXPLAIN IN NARRATIVE),No Data,No Data,77386,77386,No,1FMCU0HD4KUA04889,17,1 - MALE,N - NOT INJURED,0,2,3 - FRONT RIGHT
20743976,Yes,MONTGOMERY COUNTY SHERIFF'S OFFICE,25A102950,OUTSIDE CITY LIMITS,DRIVER INATTENTION;OTHER (EXPLAIN IN NARRATIVE),MONTGOMERY,2025-04-07,N - NOT INJURED,0,NO DATA,171 - MEMORIAL HERMANN THE WOODLANDS MEDICAL CENTER,2.423,,98 - OTHER (EXPLAIN IN NARRATIVE),No Data,No Data,77380,77076,No,58ADZ1B10NU135230,47,2 - FEMALE,N - NOT INJURED,0,1,1 - FRONT LEFT OR MOTORCYCLE DRIVER
20743976,Yes,MONTGOMERY COUNTY SHERIFF'S OFFICE,25A102950,OUTSIDE CITY LIMITS,DRIVER INATTENTION;OTHER (EXPLAIN IN NARRATIVE),MONTGOMERY,2025-04-07,N - NOT INJURED,0,NO DATA,171 - MEMORIAL HERMANN THE WOODLANDS MEDICAL CENTER,2.423,,98 - OTHER (EXPLAIN IN NARRATIVE),No Data,No Data,77380,77076,No,58ADZ1B10NU135230,29,2 - FEMALE,N - NOT INJURED,0,2,3 - FRONT RIGHT
20743977,Yes,SAN ANTONIO POLICE DEPARTMENT,SAPD25068677,SAN ANTONIO,CHANGED LANE WHEN UNSAFE,BEXAR,2025-04-07,N - NOT INJURED,0,NO DATA,199 - NORTHEAST BAPTIST HOSPITAL,2.314,30,No Data,No Data,No Data,,No Data,Yes,No Data,No Data,99 - UNKNOWN,99 - UNKNOWN,0,1,1 - FRONT LEFT OR MOTORCYCLE DRIVER
20743977,Yes,SAN ANTONIO POLICE DEPARTMENT,SAPD25068677,SAN ANTONIO,CHANGED LANE WHEN UNSAFE,BEXAR,2025-04-07,N - NOT INJURED,0,NO DATA,199 - NORTHEAST BAPTIST HOSPITAL,2.314,30,No Data,No Data,No Data,35175,54880,No,3AKJHHDR1SSVV1394,33,1 - MALE,N - NOT INJURED,0,1,1 - FRONT LEFT OR MOTORCYCLE DRIVER
20743979,Yes,SAN ANTONIO POLICE DEPARTMENT,SAPD25068885,SAN ANTONIO,OTHER (EXPLAIN IN NARRATIVE),BEXAR,2025-04-07,99 - UNKNOWN,0,NO DATA,No Data,No Data,30,98 - OTHER (EXPLAIN IN NARRATIVE),No Data,No Data,,78258,Yes,1FTFW1CF9DFD02968,No Data,1 - MALE,99 - UNKNOWN,0,1,1 - FRONT LEFT OR MOTORCYCLE DRIVER
20743981,Yes,SAN ANTONIO POLICE DEPARTMENT,SAPD25068865,SAN ANTONIO,FAILED TO YIELD RIGHT OF WAY - PRIVATE DRIVE;OTHER (EXPLAIN IN NARRATIVE),BEXAR,2025-04-07,B - SUSPECTED MINOR INJURY,0,NO DATA,179 - METHODIST HOSPITAL - STONE OAK,0.358,30,98 - OTHER (EXPLAIN IN NARRATIVE),No Data,No Data,,,Yes,No Data,No Data,99 - UNKNOWN,99 - UNKNOWN,0,1,1 - FRONT LEFT OR MOTORCYCLE DRIVER
20743981,Yes,SAN ANTONIO POLICE DEPARTMENT,SAPD25068865,SAN ANTONIO,FAILED TO YIELD RIGHT OF WAY - PRIVATE DRIVE;OTHER (EXPLAIN IN NARRATIVE),BEXAR,2025-04-07,B - SUSPECTED MINOR INJURY,0,NO DATA,179 - METHODIST HOSPITAL - STONE OAK,0.358,30,34 - FAILED TO YIELD RIGHT OF WAY - PRIVATE DRIVE,No Data,No Data,78219,78219,No,LFGTCMGL0R1A00425,46,1 - MALE,B - SUSPECTED MINOR INJURY,1,1,1 - FRONT LEFT OR MOTORCYCLE DRIVER
20743997,Yes,TEXAS CITY POLICE DEPARTMENT,TCPD25-002158,TEXAS CITY,FAILED TO DRIVE IN SINGLE LANE,GALVESTON,2025-04-07,N - NOT INJURED,0,NO DATA,117 - HCA HOUSTON HEALTHCARE MAINLAND,2.134,,23 - FAILED TO DRIVE IN SINGLE LANE,No Data,No Data,77511,77511,No,3N1AB7AP0EY249692,67,1 - MALE,N - NOT INJURED,0,1,1 - FRONT LEFT OR MOTORCYCLE DRIVER
20743997,Yes,TEXAS CITY POLICE DEPARTMENT,TCPD25-002158,TEXAS CITY,FAILED TO DRIVE IN SINGLE LANE,GALVESTON,2025-04-07,N - NOT INJURED,0,NO DATA,117 - HCA HOUSTON HEALTHCARE MAINLAND,2.134,,No Data,No Data,No Data,77568,77568,No,KNDJT2A28B7302279,45,1 - MALE,N - NOT INJURED,0,1,1 - FRONT LEFT OR MOTORCYCLE DRIVER
20744000,Yes,TEXAS CITY POLICE DEPARTMENT,TCPD25-002156,TEXAS CITY,TURNED WHEN UNSAFE,GALVESTON,2025-04-07,N - NOT INJURED,0,NO DATA,117 - HCA HOUSTON HEALTHCARE MAINLAND,3.146,,66 - TURNED WHEN UNSAFE,No Data,No Data,77590,77590,No,KL4CJASB2JB518304,68,2 - FEMALE,N - NOT INJURED,0,1,1 - FRONT LEFT OR MOTORCYCLE DRIVER
20744000,Yes,TEXAS CITY POLICE DEPARTMENT,TCPD25-002156,TEXAS CITY,TURNED WHEN UNSAFE,GALVESTON,2025-04-07,N - NOT INJURED,0,NO DATA,117 - HCA HOUSTON HEALTHCARE MAINLAND,3.146,,No Data,No Data,No Data,77590,77590,No,5TFEM5F17GX098713,66,2 - FEMALE,N - NOT INJURED,0,1,1 - FRONT LEFT OR MOTORCYCLE DRIVER
20744005,Yes,SAN ANTONIO POLICE DEPARTMENT,SAPD25068688,SAN ANTONIO,DISTRACTION IN VEHICLE; FAILED TO CONTROL SPEED,BEXAR,2025-04-07,N - NOT INJURED,0,NO DATA,"185 - METHODIST TEXSAN HOSPITAL, A METHODIST HOSPITAL FACILITY",2.331,50,No Data,No Data,No Data,78228,78228,No,1FTRX07L1XKA55123,74,1 - MALE,N - NOT INJURED,0,1,1 - FRONT LEFT OR MOTORCYCLE DRIVER
20744005,Yes,SAN ANTONIO POLICE DEPARTMENT,SAPD25068688,SAN ANTONIO,DISTRACTION IN VEHICLE; FAILED TO CONTROL SPEED,BEXAR,2025-04-07,N - NOT INJURED,0,NO DATA,"185 - METHODIST TEXSAN HOSPITAL, A METHODIST HOSPITAL FACILITY",2.331,50,19 - DISTRACTION IN VEHICLE,22 - FAILED TO CONTROL SPEED,No Data,78208,78208,No,1FAFP34N07W134047,36,2 - FEMALE,N - NOT INJURED,0,1,1 - FRONT LEFT OR MOTORCYCLE DRIVER
20744011,No,SAN ANTONIO POLICE DEPARTMENT,SAPD25068666,SAN ANTONIO,FAILED TO DRIVE IN SINGLE LANE,BEXAR,2025-04-07,N - NOT INJURED,0,NO DATA,65 - CHRISTUS SANTA ROSA HOSPITAL - WESTOVER HILLS,1.946,50,23 - FAILED TO DRIVE IN SINGLE LANE,No Data,No Data,78207,78063,No,1GTHK23U24F114561,40,1 - MALE,N - NOT INJURED,0,1,1 - FRONT LEFT OR MOTORCYCLE DRIVER
20744011,No,SAN ANTONIO POLICE DEPARTMENT,SAPD25068666,SAN ANTONIO,FAILED TO DRIVE IN SINGLE LANE,BEXAR,2025-04-07,N - NOT INJURED,0,NO DATA,65 - CHRISTUS SANTA ROSA HOSPITAL - WESTOVER HILLS,1.946,50,No Data,No Data,No Data,78251,78251,No,3GNTKGE75DG124828,67,1 - MALE,N - NOT INJURED,0,1,1 - FRONT LEFT OR MOTORCYCLE DRIVER
20744013,Yes,SAN ANTONIO POLICE DEPARTMENT,SAPD25068690,SAN ANTONIO,DISREGARD STOP AND GO SIGNAL; DISTRACTION IN VEHICLE,BEXAR,2025-04-07,B - SUSPECTED MINOR INJURY,0,NO DATA,65 - CHRISTUS SANTA ROSA HOSPITAL - WESTOVER HILLS,2.951,50,15 - DISREGARD STOP AND GO SIGNAL,No Data,No Data,78251,78251,No,JM1GL1WY8M1608888,34,1 - MALE,C - POSSIBLE INJURY,0,1,1 - FRONT LEFT OR MOTORCYCLE DRIVER
20744013,Yes,SAN ANTONIO POLICE DEPARTMENT,SAPD25068690,SAN ANTONIO,DISREGARD STOP AND GO SIGNAL; DISTRACTION IN VEHICLE,BEXAR,2025-04-07,B - SUSPECTED MINOR INJURY,0,NO DATA,65 - CHRISTUS SANTA ROSA HOSPITAL - WESTOVER HILLS,2.951,50,No Data,No Data,No Data,78251,78251,No,1G1ZB5ST2KF187000,21,2 - FEMALE,B - SUSPECTED MINOR INJURY,1,1,1 - FRONT LEFT OR MOTORCYCLE DRIVER
20744013,Yes,SAN ANTONIO POLICE DEPARTMENT,SAPD25068690,SAN ANTONIO,DISREGARD STOP AND GO SIGNAL; DISTRACTION IN VEHICLE,BEXAR,2025-04-07,B - SUSPECTED MINOR INJURY,0,NO DATA,65 - CHRISTUS SANTA ROSA HOSPITAL - WESTOVER HILLS,2.951,50,No Data,No Data,No Data,78251,78251,No,1G1ZB5ST2KF187000,11,1 - MALE,N - NOT INJURED,0,2,3 - FRONT RIGHT
20744013,Yes,SAN ANTONIO POLICE DEPARTMENT,SAPD25068690,SAN ANTONIO,DISREGARD STOP AND GO SIGNAL; DISTRACTION IN VEHICLE,BEXAR,2025-04-07,B - SUSPECTED MINOR INJURY,0,NO DATA,65 - CHRISTUS SANTA ROSA HOSPITAL - WESTOVER HILLS,2.951,50,No Data,No Data,No Data,78251,78249,No,1GCNCNEC7JZ112501,19,1 - MALE,N - NOT INJURED,0,1,1 - FRONT LEFT OR MOTORCYCLE DRIVER
20744014,Yes,EL PASO POLICE DEPARTMENT,25-097077,EL PASO,BACKED WITHOUT SAFETY,EL PASO,2025-04-07,N - NOT INJURED,0,NO DATA,No Data,No Data,,3 - BACKED WITHOUT SAFETY,No Data,No Data,79907,79907,No,1D8HD38P27F567894,36,2 - FEMALE,N - NOT INJURED,0,1,1 - FRONT LEFT OR MOTORCYCLE DRIVER
20744014,Yes,EL PASO POLICE DEPARTMENT,25-097077,EL PASO,BACKED WITHOUT SAFETY,EL PASO,2025-04-07,N - NOT INJURED,0,NO DATA,No Data,No Data,,3 - BACKED WITHOUT SAFETY,No Data,No Data,79907,79907,No,1D8HD38P27F567894,2,2 - FEMALE,N - NOT INJURED,0,2,4 - SECOND SEAT LEFT OR MOTORCYCLE BACK PASSENGER
20744014,Yes,EL PASO POLICE DEPARTMENT,25-097077,EL PASO,BACKED WITHOUT SAFETY,EL PASO,2025-04-07,N - NOT INJURED,0,NO DATA,No Data,No Data,,No Data,No Data,No Data,79928,79928,No,2C3CCAAG5GH235838,46,1 - MALE,N - NOT INJURED,0,1,1 - FRONT LEFT OR MOTORCYCLE DRIVER
20744017,Yes,SAN ANTONIO POLICE DEPARTMENT,SAPD25068710,SAN ANTONIO,FAILED TO STOP AT PROPER PLACE,BEXAR,2025-04-07,N - NOT INJURED,0,NO DATA,54 - CHRISTUS SANTA ROSA HOSPITAL - MEDICAL CENTER,1.788,70,29 - FAILED TO STOP AT PROPER PLACE,No Data,No Data,78217,78201,No,2B3CA3CV1AH214223,29,1 - MALE,N - NOT INJURED,0,1,1 - FRONT LEFT OR MOTORCYCLE DRIVER
20744017,Yes,SAN ANTONIO POLICE DEPARTMENT,SAPD25068710,SAN ANTONIO,FAILED TO STOP AT PROPER PLACE,BEXAR,2025-04-07,N - NOT INJURED,0,NO DATA,54 - CHRISTUS SANTA ROSA HOSPITAL - MEDICAL CENTER,1.788,70,No Data,No Data,No Data,78108,78108,No,ML32FVFJ0MHF05490,35,2 - FEMALE,N - NOT INJURED,0,1,1 - FRONT LEFT OR MOTORCYCLE DRIVER
20744024,Yes,SAN ANTONIO POLICE DEPARTMENT,SAPD25068723,SAN ANTONIO,CHANGED LANE WHEN UNSAFE,BEXAR,2025-04-07,C - POSSIBLE INJURY,0,NO DATA,"185 - METHODIST TEXSAN HOSPITAL, A METHODIST HOSPITAL FACILITY",3.942,50,4 - CHANGED LANE WHEN UNSAFE,No Data,No Data,78228,78228,No,3N8AP6BA6SL324198,72,2 - FEMALE,N - NOT INJURED,0,1,1 - FRONT LEFT OR MOTORCYCLE DRIVER
20744024,Yes,SAN ANTONIO POLICE DEPARTMENT,SAPD25068723,SAN ANTONIO,CHANGED LANE WHEN UNSAFE,BEXAR,2025-04-07,C - POSSIBLE INJURY,0,NO DATA,"185 - METHODIST TEXSAN HOSPITAL, A METHODIST HOSPITAL FACILITY",3.942,50,No Data,No Data,No Data,78238,78238,No,1FMFU175X8LA53090,68,1 - MALE,C - POSSIBLE INJURY,0,1,1 - FRONT LEFT OR MOTORCYCLE DRIVER
20744025,Yes,SAN ANTONIO POLICE DEPARTMENT,SAPD25068778,SAN ANTONIO,FAULTY EVASIVE ACTION,BEXAR,2025-04-07,N - NOT INJURED,0,NO DATA,196 - NORTH CENTRAL BAPTIST HOSPITAL,4.455,70,No Data,No Data,No Data,,No Data,Yes,No Data,No Data,99 - UNKNOWN,99 - UNKNOWN,0,1,1 - FRONT LEFT OR MOTORCYCLE DRIVER
20744025,Yes,SAN ANTONIO POLICE DEPARTMENT,SAPD25068778,SAN ANTONIO,FAULTY EVASIVE ACTION,BEXAR,2025-04-07,N - NOT INJURED,0,NO DATA,196 - NORTH CENTRAL BAPTIST HOSPITAL,4.455,70,41 - FAULTY EVASIVE ACTION,No Data,No Data,78250,78250,No,1GTEC19Z66Z236208,21,2 - FEMALE,N - NOT INJURED,0,1,1 - FRONT LEFT OR MOTORCYCLE DRIVER
20744025,Yes,SAN ANTONIO POLICE DEPARTMENT,SAPD25068778,SAN ANTONIO,FAULTY EVASIVE ACTION,BEXAR,2025-04-07,N - NOT INJURED,0,NO DATA,196 - NORTH CENTRAL BAPTIST HOSPITAL,4.455,70,No Data,No Data,No Data,78254,78232,No,3C6JR6AG5KG501030,40,1 - MALE,N - NOT INJURED,0,1,1 - FRONT LEFT OR MOTORCYCLE DRIVER
20744026,Yes,SAN ANTONIO POLICE DEPARTMENT,SAPD25068727,SAN ANTONIO,DRIVER INATTENTION; FAILED TO STOP AT PROPER PLACE,BEXAR,2025-04-07,N - NOT INJURED,0,NO DATA,181 - METHODIST SPECIALTY & TRANSPLANT HOSPITAL,1.617,70,29 - FAILED TO STOP AT PROPER PLACE,No Data,No Data,78240,78240,No,JTDBU4EE1B9162307,79,2 - FEMALE,N - NOT INJURED,0,1,1 - FRONT LEFT OR MOTORCYCLE DRIVER
20744026,Yes,SAN ANTONIO POLICE DEPARTMENT,SAPD25068727,SAN ANTONIO,DRIVER INATTENTION; FAILED TO STOP AT PROPER PLACE,BEXAR,2025-04-07,N - NOT INJURED,0,NO DATA,181 - METHODIST SPECIALTY & TRANSPLANT HOSPITAL,1.617,70,No Data,No Data,No Data,78233,78245,No,3LN6L5E90LR618084,49,2 - FEMALE,N - NOT INJURED,0,1,1 - FRONT LEFT OR MOTORCYCLE DRIVER
20744030,Yes,SAN ANTONIO POLICE DEPARTMENT,SAPD25068718,SAN ANTONIO,DRIVER INATTENTION,BEXAR,2025-04-07,C - POSSIBLE INJURY,0,NO DATA,181 - METHODIST SPECIALTY & TRANSPLANT HOSPITAL,0.847,70,20 - DRIVER INATTENTION,No Data,No Data,78227,78227,No,1ZVBP8AM1E5201949,25,2 - FEMALE,C - POSSIBLE INJURY,0,1,1 - FRONT LEFT OR MOTORCYCLE DRIVER
20744030,Yes,SAN ANTONIO POLICE DEPARTMENT,SAPD25068718,SAN ANTONIO,DRIVER INATTENTION,BEXAR,2025-04-07,C - POSSIBLE INJURY,0,NO DATA,181 - METHODIST SPECIALTY & TRANSPLANT HOSPITAL,0.847,70,No Data,No Data,No Data,78574,78589,No,1C6RR6MTXES172950,27,1 - MALE,N - NOT INJURED,0,1,1 - FRONT LEFT OR MOTORCYCLE DRIVER
20744030,Yes,SAN ANTONIO POLICE DEPARTMENT,SAPD25068718,SAN ANTONIO,DRIVER INATTENTION,BEXAR,2025-04-07,C - POSSIBLE INJURY,0,NO DATA,181 - METHODIST SPECIALTY & TRANSPLANT HOSPITAL,0.847,70,No Data,No Data,No Data,78574,78589,No,1C6RR6MTXES172950,28,1 - MALE,N - NOT INJURED,0,2,3 - FRONT RIGHT
20744032,Yes,SAN ANTONIO POLICE DEPARTMENT,SAPD25068785,SAN ANTONIO,FAILED TO PASS TO LEFT SAFELY; TURNED IMPROPERLY - WRONG LANE,BEXAR,2025-04-07,N - NOT INJURED,0,NO DATA,65 - CHRISTUS SANTA ROSA HOSPITAL - WESTOVER HILLS,4.497,50,26 - FAILED TO PASS TO LEFT SAFELY,65 - TURNED IMPROPERLY - WRONG LANE,No Data,78211,78211,No,1GNFC13J77R117406,21,2 - FEMALE,N - NOT INJURED,0,1,1 - FRONT LEFT OR MOTORCYCLE DRIVER
20744032,Yes,SAN ANTONIO POLICE DEPARTMENT,SAPD25068785,SAN ANTONIO,FAILED TO PASS TO LEFT SAFELY; TURNED IMPROPERLY - WRONG LANE,BEXAR,2025-04-07,N - NOT INJURED,0,NO DATA,65 - CHRISTUS SANTA ROSA HOSPITAL - WESTOVER HILLS,4.497,50,No Data,No Data,No Data,78254,78243,No,1BAKDCBA6FF308925,68,1 - MALE,N - NOT INJURED,0,1,1 - FRONT LEFT OR MOTORCYCLE DRIVER
20744032,Yes,SAN ANTONIO POLICE DEPARTMENT,SAPD25068785,SAN ANTONIO,FAILED TO PASS TO LEFT SAFELY; TURNED IMPROPERLY - WRONG LANE,BEXAR,2025-04-07,N - NOT INJURED,0,NO DATA,65 - CHRISTUS SANTA ROSA HOSPITAL - WESTOVER HILLS,4.497,50,No Data,No Data,No Data,78254,78243,No,1BAKDCBA6FF308925,43,2 - FEMALE,N - NOT INJURED,0,2,14 - PASSENGER IN BUS
20744032,Yes,SAN ANTONIO POLICE DEPARTMENT,SAPD25068785,SAN ANTONIO,FAILED TO PASS TO LEFT SAFELY; TURNED IMPROPERLY - WRONG LANE,BEXAR,2025-04-07,N - NOT INJURED,0,NO DATA,65 - CHRISTUS SANTA ROSA HOSPITAL - WESTOVER HILLS,4.497,50,No Data,No Data,No Data,78253,78253,No,WAUW3AFC4HN017677,40,1 - MALE,N - NOT INJURED,0,1,1 - FRONT LEFT OR MOTORCYCLE DRIVER
20744032,Yes,SAN ANTONIO POLICE DEPARTMENT,SAPD25068785,SAN ANTONIO,FAILED TO PASS TO LEFT SAFELY; TURNED IMPROPERLY - WRONG LANE,BEXAR,2025-04-07,N - NOT INJURED,0,NO DATA,65 - CHRISTUS SANTA ROSA HOSPITAL - WESTOVER HILLS,4.497,50,No Data,No Data,No Data,78253,78253,No,WAUW3AFC4HN017677,37,2 - FEMALE,N - NOT INJURED,0,2,3 - FRONT RIGHT
20744034,Yes,MESQUITE POLICE DEPARTMENT,25029670,MESQUITE,FAILED TO CONTROL SPEED,DALLAS,2025-04-07,N - NOT INJURED,0,NO DATA,No Data,No Data,,22 - FAILED TO CONTROL SPEED,No Data,No Data,75126,75126,Yes,1FA6P8TH1J5118994,18,1 - MALE,N - NOT INJURED,0,1,1 - FRONT LEFT OR MOTORCYCLE DRIVER
20744035,Yes,SAN ANTONIO POLICE DEPARTMENT,SAPD25068804,SAN ANTONIO,DRIVER INATTENTION,BEXAR,2025-04-07,99 - UNKNOWN,0,NO DATA,No Data,No Data,50,20 - DRIVER INATTENTION,No Data,No Data,,,Yes,No Data,No Data,99 - UNKNOWN,99 - UNKNOWN,0,1,1 - FRONT LEFT OR MOTORCYCLE DRIVER
20744039,Yes,MESQUITE POLICE DEPARTMENT,25029678,MESQUITE,FAULTY EVASIVE ACTION,DALLAS,2025-04-07,N - NOT INJURED,0,NO DATA,85 - DALLAS REGIONAL MEDICAL CENTER,2.539,,41 - FAULTY EVASIVE ACTION,No Data,No Data,75149,75149,Yes,5TDKK3DC4ES451008,34,1 - MALE,N - NOT INJURED,0,1,1 - FRONT LEFT OR MOTORCYCLE DRIVER
20744039,Yes,MESQUITE POLICE DEPARTMENT,25029678,MESQUITE,FAULTY EVASIVE ACTION,DALLAS,2025-04-07,N - NOT INJURED,0,NO DATA,85 - DALLAS REGIONAL MEDICAL CENTER,2.539,,41 - FAULTY EVASIVE ACTION,No Data,No Data,75149,75149,Yes,5TDKK3DC4ES451008,50,1 - MALE,N - NOT INJURED,0,2,3 - FRONT RIGHT
20744039,Yes,MESQUITE POLICE DEPARTMENT,25029678,MESQUITE,FAULTY EVASIVE ACTION,DALLAS,2025-04-07,N - NOT INJURED,0,NO DATA,85 - DALLAS REGIONAL MEDICAL CENTER,2.539,,41 - FAULTY EVASIVE ACTION,No Data,No Data,75149,75149,Yes,5TDKK3DC4ES451008,38,1 - MALE,N - NOT INJURED,0,3,10 - CARGO AREA
20744041,Yes,MESQUITE POLICE DEPARTMENT,25029727,MESQUITE,FAILED TO YIELD RIGHT OF WAY - PRIVATE DRIVE,DALLAS,2025-04-07,B - SUSPECTED MINOR INJURY,0,NO DATA,No Data,No Data,,34 - FAILED TO YIELD RIGHT OF WAY - PRIVATE DRIVE,No Data,No Data,75150,75180,No,1FMCU0H69LUA31315,42,1 - MALE,N - NOT INJURED,0,1,1 - FRONT LEFT OR MOTORCYCLE DRIVER
20744041,Yes,MESQUITE POLICE DEPARTMENT,25029727,MESQUITE,FAILED TO YIELD RIGHT OF WAY - PRIVATE DRIVE,DALLAS,2025-04-07,B - SUSPECTED MINOR INJURY,0,NO DATA,No Data,No Data,,34 - FAILED TO YIELD RIGHT OF WAY - PRIVATE DRIVE,No Data,No Data,75150,75180,No,1FMCU0H69LUA31315,31,2 - FEMALE,B - SUSPECTED MINOR INJURY,1,2,3 - FRONT RIGHT
20744041,Yes,MESQUITE POLICE DEPARTMENT,25029727,MESQUITE,FAILED TO YIELD RIGHT OF WAY - PRIVATE DRIVE,DALLAS,2025-04-07,B - SUSPECTED MINOR INJURY,0,NO DATA,No Data,No Data,,No Data,No Data,No Data,75217,75217,No,1D4HD48K96F147902,16,1 - MALE,N - NOT INJURED,0,1,1 - FRONT LEFT OR MOTORCYCLE DRIVER
20744041,Yes,MESQUITE POLICE DEPARTMENT,25029727,MESQUITE,FAILED TO YIELD RIGHT OF WAY - PRIVATE DRIVE,DALLAS,2025-04-07,B - SUSPECTED MINOR INJURY,0,NO DATA,No Data,No Data,,No Data,No Data,No Data,75217,75217,No,1D4HD48K96F147902,38,2 - FEMALE,N - NOT INJURED,0,2,3 - FRONT RIGHT
20744041,Yes,MESQUITE POLICE DEPARTMENT,25029727,MESQUITE,FAILED TO YIELD RIGHT OF WAY - PRIVATE DRIVE,DALLAS,2025-04-07,B - SUSPECTED MINOR INJURY,0,NO DATA,No Data,No Data,,No Data,No Data,No Data,75217,75217,No,1D4HD48K96F147902,25,1 - MALE,N - NOT INJURED,0,3,4 - SECOND SEAT LEFT OR MOTORCYCLE BACK PASSENGER
20744050,Yes,DALLAS POLICE DEPARTMENT,48265-2025,DALLAS,DISREGARD STOP AND GO SIGNAL,DALLAS,2025-04-07,A - SUSPECTED SERIOUS INJURY,0,NO DATA,41 - CHILDRENS MEDICAL CENTER OF DALLAS,0.802,,15 - DISREGARD STOP AND GO SIGNAL,No Data,No Data,,No Data,Yes,No Data,No Data,99 - UNKNOWN,99 - UNKNOWN,0,1,1 - FRONT LEFT OR MOTORCYCLE DRIVER
20744050,Yes,DALLAS POLICE DEPARTMENT,48265-2025,DALLAS,DISREGARD STOP AND GO SIGNAL,DALLAS,2025-04-07,A - SUSPECTED SERIOUS INJURY,0,NO DATA,41 - CHILDRENS MEDICAL CENTER OF DALLAS,0.802,,No Data,No Data,No Data,No Data,No Data,No Data,No Data,63,1 - MALE,A - SUSPECTED SERIOUS INJURY,0,1,"16 - PEDESTRIAN, PEDALCYCLIST, OR MOTORIZED CONVEYANCE"
20744051,Yes,MESQUITE POLICE DEPARTMENT,25029816,MESQUITE,DRIVER INATTENTION,DALLAS,2025-04-07,N - NOT INJURED,0,NO DATA,85 - DALLAS REGIONAL MEDICAL CENTER,4.117,,20 - DRIVER INATTENTION,No Data,No Data,,75150,Yes,5XYZU3LB6HG497989,99,1 - MALE,99 - UNKNOWN,0,1,1 - FRONT LEFT OR MOTORCYCLE DRIVER
20744051,Yes,MESQUITE POLICE DEPARTMENT,25029816,MESQUITE,DRIVER INATTENTION,DALLAS,2025-04-07,N - NOT INJURED,0,NO DATA,85 - DALLAS REGIONAL MEDICAL CENTER,4.117,,No Data,No Data,No Data,75150,75150,No,3FA6P0HDXLR168008,46,2 - FEMALE,N - NOT INJURED,0,1,1 - FRONT LEFT OR MOTORCYCLE DRIVER
20744052,Yes,HOUSTON POLICE DEPARTMENT,0044445125G,HOUSTON,BACKED WITHOUT SAFETY; DRIVER INATTENTION; FAILED TO PASS TO LEFT SAFELY,HARRIS,2025-04-07,N - NOT INJURED,0,NO DATA,160 - MEMORIAL HERMANN - TEXAS MEDICAL CENTER,0.68,H,20 - DRIVER INATTENTION,3 - BACKED WITHOUT SAFETY,No Data,,,No,5J8TC1H51LL001284,61,1 - MALE,N - NOT INJURED,0,1,1 - FRONT LEFT OR MOTORCYCLE DRIVER
20744052,Yes,HOUSTON POLICE DEPARTMENT,0044445125G,HOUSTON,BACKED WITHOUT SAFETY; DRIVER INATTENTION; FAILED TO PASS TO LEFT SAFELY,HARRIS,2025-04-07,N - NOT INJURED,0,NO DATA,160 - MEMORIAL HERMANN - TEXAS MEDICAL CENTER,0.68,H,20 - DRIVER INATTENTION,3 - BACKED WITHOUT SAFETY,No Data,,,No,5J8TC1H51LL001284,50,2 - FEMALE,N - NOT INJURED,0,2,3 - FRONT RIGHT
20744052,Yes,HOUSTON POLICE DEPARTMENT,0044445125G,HOUSTON,BACKED WITHOUT SAFETY; DRIVER INATTENTION; FAILED TO PASS TO LEFT SAFELY,HARRIS,2025-04-07,N - NOT INJURED,0,NO DATA,160 - MEMORIAL HERMANN - TEXAS MEDICAL CENTER,0.68,H,26 - FAILED TO PASS TO LEFT SAFELY,No Data,No Data,,,No,1FDEE3FN4RDD31175,70,1 - MALE,N - NOT INJURED,0,1,1 - FRONT LEFT OR MOTORCYCLE DRIVER
20744052,Yes,HOUSTON POLICE DEPARTMENT,0044445125G,HOUSTON,BACKED WITHOUT SAFETY; DRIVER INATTENTION; FAILED TO PASS TO LEFT SAFELY,HARRIS,2025-04-07,N - NOT INJURED,0,NO DATA,160 - MEMORIAL HERMANN - TEXAS MEDICAL CENTER,0.68,H,26 - FAILED TO PASS TO LEFT SAFELY,No Data,No Data,,,No,1FDEE3FN4RDD31175,40,2 - FEMALE,N - NOT INJURED,0,2,6 - SECOND SEAT RIGHT
20744057,Yes,EL PASO POLICE DEPARTMENT,25-097186,EL PASO,FAILED TO CONTROL SPEED,EL PASO,2025-04-07,N - NOT INJURED,0,NO DATA,No Data,No Data,,22 - FAILED TO CONTROL SPEED,No Data,No Data,76065,76065,No,JTJBM7FX0F5099051,26,1 - MALE,N - NOT INJURED,0,1,1 - FRONT LEFT OR MOTORCYCLE DRIVER
20744057,Yes,EL PASO POLICE DEPARTMENT,25-097186,EL PASO,FAILED TO CONTROL SPEED,EL PASO,2025-04-07,N - NOT INJURED,0,NO DATA,No Data,No Data,,No Data,No Data,No Data,79912,79912,No,2T2HGCEZ4RC041267,36,1 - MALE,N - NOT INJURED,0,1,1 - FRONT LEFT OR MOTORCYCLE DRIVER
20744059,Yes,TYLER POLICE DEPARTMENT,25-005002,TYLER,DRIVER INATTENTION; FAILED TO CONTROL SPEED,SMITH,2025-04-07,N - NOT INJURED,0,NO DATA,288 - UT HEALTH EAST TEXAS TYLER REGIONAL HOSPITAL,5.355,,No Data,No Data,No Data,75752,75752,No,3GNAXPEG6SL300203,23,2 - FEMALE,N - NOT INJURED,0,1,1 - FRONT LEFT OR MOTORCYCLE DRIVER
20744059,Yes,TYLER POLICE DEPARTMENT,25-005002,TYLER,DRIVER INATTENTION; FAILED TO CONTROL SPEED,SMITH,2025-04-07,N - NOT INJURED,0,NO DATA,288 - UT HEALTH EAST TEXAS TYLER REGIONAL HOSPITAL,5.355,,No Data,No Data,No Data,75752,75752,No,3GNAXPEG6SL300203,17,2 - FEMALE,N - NOT INJURED,0,2,3 - FRONT RIGHT
20744059,Yes,TYLER POLICE DEPARTMENT,25-005002,TYLER,DRIVER INATTENTION; FAILED TO CONTROL SPEED,SMITH,2025-04-07,N - NOT INJURED,0,NO DATA,288 - UT HEALTH EAST TEXAS TYLER REGIONAL HOSPITAL,5.355,,22 - FAILED TO CONTROL SPEED,20 - DRIVER INATTENTION,No Data,75703,75703,No,2MEFM75W25X636785,42,1 - MALE,N - NOT INJURED,0,1,1 - FRONT LEFT OR MOTORCYCLE DRIVER
20744059,Yes,TYLER POLICE DEPARTMENT,25-005002,TYLER,DRIVER INATTENTION; FAILED TO CONTROL SPEED,SMITH,2025-04-07,N - NOT INJURED,0,NO DATA,288 - UT HEALTH EAST TEXAS TYLER REGIONAL HOSPITAL,5.355,,22 - FAILED TO CONTROL SPEED,20 - DRIVER INATTENTION,No Data,75703,75703,No,2MEFM75W25X636785,18,1 - MALE,N - NOT INJURED,0,2,3 - FRONT RIGHT
20744059,Yes,TYLER POLICE DEPARTMENT,25-005002,TYLER,DRIVER INATTENTION; FAILED TO CONTROL SPEED,SMITH,2025-04-07,N - NOT INJURED,0,NO DATA,288 - UT HEALTH EAST TEXAS TYLER REGIONAL HOSPITAL,5.355,,22 - FAILED TO CONTROL SPEED,20 - DRIVER INATTENTION,No Data,75703,75703,No,2MEFM75W25X636785,17,2 - FEMALE,N - NOT INJURED,0,3,6 - SECOND SEAT RIGHT
20744060,Yes,TYLER POLICE DEPARTMENT,25-005005,TYLER,FAILED TO YIELD RIGHT OF WAY - TURNING LEFT,SMITH,2025-04-07,C - POSSIBLE INJURY,0,NO DATA,288 - UT HEALTH EAST TEXAS TYLER REGIONAL HOSPITAL,4.312,,No Data,No Data,No Data,75701,75701,No,2C3CDXBG8HH537375,57,2 - FEMALE,C - POSSIBLE INJURY,0,1,1 - FRONT LEFT OR MOTORCYCLE DRIVER
20744060,Yes,TYLER POLICE DEPARTMENT,25-005005,TYLER,FAILED TO YIELD RIGHT OF WAY - TURNING LEFT,SMITH,2025-04-07,C - POSSIBLE INJURY,0,NO DATA,288 - UT HEALTH EAST TEXAS TYLER REGIONAL HOSPITAL,4.312,,No Data,No Data,No Data,75701,75701,No,2C3CDXBG8HH537375,14,1 - MALE,C - POSSIBLE INJURY,0,2,3 - FRONT RIGHT
20744060,Yes,TYLER POLICE DEPARTMENT,25-005005,TYLER,FAILED TO YIELD RIGHT OF WAY - TURNING LEFT,SMITH,2025-04-07,C - POSSIBLE INJURY,0,NO DATA,288 - UT HEALTH EAST TEXAS TYLER REGIONAL HOSPITAL,4.312,,37 - FAILED TO YIELD RIGHT OF WAY - TURNING LEFT,No Data,No Data,75701,75701,No,2MEHM75V09X616010,81,1 - MALE,N - NOT INJURED,0,1,1 - FRONT LEFT OR MOTORCYCLE DRIVER
20744061,Yes,MESQUITE POLICE DEPARTMENT,25029818,MESQUITE,CHANGED LANE WHEN UNSAFE,DALLAS,2025-04-07,N - NOT INJURED,0,NO DATA,85 - DALLAS REGIONAL MEDICAL CENTER,1.069,,No Data,No Data,No Data,75149,75149,No,WDCGG5HB0EG250361,51,2 - FEMALE,N - NOT INJURED,0,1,1 - FRONT LEFT OR MOTORCYCLE DRIVER
20744062,Yes,MESQUITE POLICE DEPARTMENT,25029895,MESQUITE,FOLLOWED TOO CLOSELY,DALLAS,2025-04-07,B - SUSPECTED MINOR INJURY,0,NO DATA,85 - DALLAS REGIONAL MEDICAL CENTER,0.911,,44 - FOLLOWED TOO CLOSELY,No Data,No Data,75149,75149,No,2C3CCAAG5EH157309,40,1 - MALE,N - NOT INJURED,0,1,1 - FRONT LEFT OR MOTORCYCLE DRIVER
20744062,Yes,MESQUITE POLICE DEPARTMENT,25029895,MESQUITE,FOLLOWED TOO CLOSELY,DALLAS,2025-04-07,B - SUSPECTED MINOR INJURY,0,NO DATA,85 - DALLAS REGIONAL MEDICAL CENTER,0.911,,No Data,No Data,No Data,75126,75126,No,2C3CDXJG7JH230822,19,1 - MALE,B - SUSPECTED MINOR INJURY,1,1,1 - FRONT LEFT OR MOTORCYCLE DRIVER
20744063,No,DALLAS POLICE DEPARTMENT,48318-2025,DALLAS,OTHER (EXPLAIN IN NARRATIVE),DALLAS,2025-04-07,C - POSSIBLE INJURY,0,NO DATA,85 - DALLAS REGIONAL MEDICAL CENTER,4.427,,98 - OTHER (EXPLAIN IN NARRATIVE),No Data,No Data,75217,75217,No,1GCHC24U31E192778,66,1 - MALE,C - POSSIBLE INJURY,0,1,1 - FRONT LEFT OR MOTORCYCLE DRIVER
20744064,Yes,TYLER POLICE DEPARTMENT,25-005011,TYLER,DRIVER INATTENTION;FAILED TO YIELD RIGHT OF WAY - STOP SIGN,SMITH,2025-04-07,N - NOT INJURED,0,NO DATA,49 - CHRISTUS MOTHER FRANCES HOSPITAL - TYLER,0.333,,No Data,No Data,No Data,75771,75771,No,3FTTW8E98NRB07029,82,1 - MALE,N - NOT INJURED,0,1,1 - FRONT LEFT OR MOTORCYCLE DRIVER
20744064,Yes,TYLER POLICE DEPARTMENT,25-005011,TYLER,DRIVER INATTENTION;FAILED TO YIELD RIGHT OF WAY - STOP SIGN,SMITH,2025-04-07,N - NOT INJURED,0,NO DATA,49 - CHRISTUS MOTHER FRANCES HOSPITAL - TYLER,0.333,,35 - FAILED TO YIELD RIGHT OF WAY - STOP SIGN,20 - DRIVER INATTENTION,No Data,75140,75140,No,5GAERCKW2JJ146010,82,1 - MALE,N - NOT INJURED,0,1,1 - FRONT LEFT OR MOTORCYCLE DRIVER
20744064,Yes,TYLER POLICE DEPARTMENT,25-005011,TYLER,DRIVER INATTENTION;FAILED TO YIELD RIGHT OF WAY - STOP SIGN,SMITH,2025-04-07,N - NOT INJURED,0,NO DATA,49 - CHRISTUS MOTHER FRANCES HOSPITAL - TYLER,0.333,,35 - FAILED TO YIELD RIGHT OF WAY - STOP SIGN,20 - DRIVER INATTENTION,No Data,75140,75140,No,5GAERCKW2JJ146010,80,2 - FEMALE,N - NOT INJURED,0,2,3 - FRONT RIGHT
20744067,Yes,SUNNYVALE POLICE DEPARTMENT,25SP04282,SUNNYVALE,CHANGED LANE WHEN UNSAFE,DALLAS,2025-04-07,N - NOT INJURED,0,NO DATA,85 - DALLAS REGIONAL MEDICAL CENTER,2.242,,4 - CHANGED LANE WHEN UNSAFE,No Data,No Data,75160,75160,No,1HGCR2F37GA043787,18,1 - MALE,N - NOT INJURED,0,1,1 - FRONT LEFT OR MOTORCYCLE DRIVER
20744067,Yes,SUNNYVALE POLICE DEPARTMENT,25SP04282,SUNNYVALE,CHANGED LANE WHEN UNSAFE,DALLAS,2025-04-07,N - NOT INJURED,0,NO DATA,85 - DALLAS REGIONAL MEDICAL CENTER,2.242,,No Data,No Data,No Data,75181,75181,No,2HGFG3B88EH509882,31,1 - MALE,N - NOT INJURED,0,1,1 - FRONT LEFT OR MOTORCYCLE DRIVER
20744069,Yes,TYLER POLICE DEPARTMENT,25-005015,TYLER,FAILED TO PASS TO LEFT SAFELY,SMITH,2025-04-07,N - NOT INJURED,0,NO DATA,49 - CHRISTUS MOTHER FRANCES HOSPITAL - TYLER,0.764,,26 - FAILED TO PASS TO LEFT SAFELY,No Data,No Data,75701,75701,No,2FMGK5C83EBD15514,44,1 - MALE,N - NOT INJURED,0,1,1 - FRONT LEFT OR MOTORCYCLE DRIVER
20744069,Yes,TYLER POLICE DEPARTMENT,25-005015,TYLER,FAILED TO PASS TO LEFT SAFELY,SMITH,2025-04-07,N - NOT INJURED,0,NO DATA,49 - CHRISTUS MOTHER FRANCES HOSPITAL - TYLER,0.764,,No Data,No Data,No Data,75706,75706,No,3GCPWBEK8MG370942,30,2 - FEMALE,N - NOT INJURED,0,1,1 - FRONT LEFT OR MOTORCYCLE DRIVER
20744069,Yes,TYLER POLICE DEPARTMENT,25-005015,TYLER,FAILED TO PASS TO LEFT SAFELY,SMITH,2025-04-07,N - NOT INJURED,0,NO DATA,49 - CHRISTUS MOTHER FRANCES HOSPITAL - TYLER,0.764,,No Data,No Data,No Data,75706,75706,No,3GCPWBEK8MG370942,1,2 - FEMALE,N - NOT INJURED,0,2,5 - SECOND SEAT CENTER
20744074,Yes,WYLIE POLICE DEPARTMENT,25013027,WYLIE,IMPAIRED VISIBILITY (EXPLAIN IN NARRATIVE); TURNED WHEN UNSAFE,COLLIN,2025-04-07,N - NOT INJURED,0,NO DATA,186 - METHODIST RICHARDSON MEDICAL CENTER,6.983,3,66 - TURNED WHEN UNSAFE,48 - IMPAIRED VISIBILITY (EXPLAIN IN NARRATIVE),No Data,75098,75098,No,1C6SRFLT3LN402228,39,1 - MALE,N - NOT INJURED,0,1,1 - FRONT LEFT OR MOTORCYCLE DRIVER
20744074,Yes,WYLIE POLICE DEPARTMENT,25013027,WYLIE,IMPAIRED VISIBILITY (EXPLAIN IN NARRATIVE); TURNED WHEN UNSAFE,COLLIN,2025-04-07,N - NOT INJURED,0,NO DATA,186 - METHODIST RICHARDSON MEDICAL CENTER,6.983,3,No Data,No Data,No Data,75098,75098,No,1HGCM56477A029929,18,1 - MALE,N - NOT INJURED,0,1,1 - FRONT LEFT OR MOTORCYCLE DRIVER
20744074,Yes,WYLIE POLICE DEPARTMENT,25013027,WYLIE,IMPAIRED VISIBILITY (EXPLAIN IN NARRATIVE); TURNED WHEN UNSAFE,COLLIN,2025-04-07,N - NOT INJURED,0,NO DATA,186 - METHODIST RICHARDSON MEDICAL CENTER,6.983,3,No Data,No Data,No Data,75098,75098,No,1HGCM56477A029929,19,1 - MALE,N - NOT INJURED,0,2,3 - FRONT RIGHT
20744077,Yes,TYLER POLICE DEPARTMENT,25-005016,TYLER,FAILED TO CONTROL SPEED,SMITH,2025-04-07,N - NOT INJURED,0,NO DATA,288 - UT HEALTH EAST TEXAS TYLER REGIONAL HOSPITAL,0.224,,22 - FAILED TO CONTROL SPEED,No Data,No Data,75783,75783,No,1GYKNDRS7KZ295712,66,2 - FEMALE,N - NOT INJURED,0,1,1 - FRONT LEFT OR MOTORCYCLE DRIVER
20744077,Yes,TYLER POLICE DEPARTMENT,25-005016,TYLER,FAILED TO CONTROL SPEED,SMITH,2025-04-07,N - NOT INJURED,0,NO DATA,288 - UT HEALTH EAST TEXAS TYLER REGIONAL HOSPITAL,0.224,,22 - FAILED TO CONTROL SPEED,No Data,No Data,75783,75783,No,1GYKNDRS7KZ295712,68,1 - MALE,N - NOT INJURED,0,2,3 - FRONT RIGHT
20744077,Yes,TYLER POLICE DEPARTMENT,25-005016,TYLER,FAILED TO CONTROL SPEED,SMITH,2025-04-07,N - NOT INJURED,0,NO DATA,288 - UT HEALTH EAST TEXAS TYLER REGIONAL HOSPITAL,0.224,,No Data,No Data,No Data,75762,75701,No,3GCNAAEKXPG345481,46,1 - MALE,N - NOT INJURED,0,1,1 - FRONT LEFT OR MOTORCYCLE DRIVER
20744078,Yes,TYLER POLICE DEPARTMENT,25-005010,TYLER,FAILED TO YIELD RIGHT OF WAY - PRIVATE DRIVE,SMITH,2025-04-07,N - NOT INJURED,0,NO DATA,49 - CHRISTUS MOTHER FRANCES HOSPITAL - TYLER,2.477,,34 - FAILED TO YIELD RIGHT OF WAY - PRIVATE DRIVE,No Data,No Data,75702,75702,No,5YFBURHEXJP809059,64,1 - MALE,N - NOT INJURED,0,1,1 - FRONT LEFT OR MOTORCYCLE DRIVER
20744078,Yes,TYLER POLICE DEPARTMENT,25-005010,TYLER,FAILED TO YIELD RIGHT OF WAY - PRIVATE DRIVE,SMITH,2025-04-07,N - NOT INJURED,0,NO DATA,49 - CHRISTUS MOTHER FRANCES HOSPITAL - TYLER,2.477,,No Data,No Data,No Data,75702,75702,No,KMHDH4AE9CU261048,37,2 - FEMALE,N - NOT INJURED,0,1,1 - FRONT LEFT OR MOTORCYCLE DRIVER
20744078,Yes,TYLER POLICE DEPARTMENT,25-005010,TYLER,FAILED TO YIELD RIGHT OF WAY - PRIVATE DRIVE,SMITH,2025-04-07,N - NOT INJURED,0,NO DATA,49 - CHRISTUS MOTHER FRANCES HOSPITAL - TYLER,2.477,,No Data,No Data,No Data,75702,75702,No,KMHDH4AE9CU261048,44,2 - FEMALE,N - NOT INJURED,0,2,3 - FRONT RIGHT
20744079,Yes,TYLER POLICE DEPARTMENT,25-005024,TYLER,FAILED TO CONTROL SPEED,SMITH,2025-04-07,B - SUSPECTED MINOR INJURY,0,NO DATA,288 - UT HEALTH EAST TEXAS TYLER REGIONAL HOSPITAL,2.517,,22 - FAILED TO CONTROL SPEED,No Data,No Data,75766,75766,No,KNAGN4A7XB5072202,15,2 - FEMALE,N - NOT INJURED,0,1,1 - FRONT LEFT OR MOTORCYCLE DRIVER
20744079,Yes,TYLER POLICE DEPARTMENT,25-005024,TYLER,FAILED TO CONTROL SPEED,SMITH,2025-04-07,B - SUSPECTED MINOR INJURY,0,NO DATA,288 - UT HEALTH EAST TEXAS TYLER REGIONAL HOSPITAL,2.517,,22 - FAILED TO CONTROL SPEED,No Data,No Data,75766,75766,No,KNAGN4A7XB5072202,14,2 - FEMALE,C - POSSIBLE INJURY,0,2,5 - SECOND SEAT CENTER
20744079,Yes,TYLER POLICE DEPARTMENT,25-005024,TYLER,FAILED TO CONTROL SPEED,SMITH,2025-04-07,B - SUSPECTED MINOR INJURY,0,NO DATA,288 - UT HEALTH EAST TEXAS TYLER REGIONAL HOSPITAL,2.517,,22 - FAILED TO CONTROL SPEED,No Data,No Data,75766,75766,No,KNAGN4A7XB5072202,15,2 - FEMALE,C - POSSIBLE INJURY,0,3,3 - FRONT RIGHT
20744079,Yes,TYLER POLICE DEPARTMENT,25-005024,TYLER,FAILED TO CONTROL SPEED,SMITH,2025-04-07,B - SUSPECTED MINOR INJURY,0,NO DATA,288 - UT HEALTH EAST TEXAS TYLER REGIONAL HOSPITAL,2.517,,No Data,No Data,No Data,75785,75785,No,4S4BSBJC9G3241101,26,2 - FEMALE,B - SUSPECTED MINOR INJURY,1,1,1 - FRONT LEFT OR MOTORCYCLE DRIVER
20744083,Yes,CORPUS CHRISTI POLICE DEPARTMENT,C2501998,CORPUS CHRISTI,DISREGARD STOP AND GO SIGNAL,NUECES,2025-04-07,N - NOT INJURED,0,NO DATA,59 - CHRISTUS SPOHN HOSPITAL CORPUS CHRISTI SHORELINE,4.747,,15 - DISREGARD STOP AND GO SIGNAL,No Data,No Data,78408,78408,No,1FTRE14W35HB15486,69,1 - MALE,N - NOT INJURED,0,1,1 - FRONT LEFT OR MOTORCYCLE DRIVER
20744083,Yes,CORPUS CHRISTI POLICE DEPARTMENT,C2501998,CORPUS CHRISTI,DISREGARD STOP AND GO SIGNAL,NUECES,2025-04-07,N - NOT INJURED,0,NO DATA,59 - CHRISTUS SPOHN HOSPITAL CORPUS CHRISTI SHORELINE,4.747,,No Data,No Data,No Data,78412,78408,No,3HSPCAPR2SN470354,57,1 - MALE,N - NOT INJURED,0,1,1 - FRONT LEFT OR MOTORCYCLE DRIVER
20744087,Yes,TYLER POLICE DEPARTMENT,25-005029,TYLER,FAILED TO YIELD RIGHT OF WAY - TURNING LEFT,SMITH,2025-04-07,C - POSSIBLE INJURY,0,NO DATA,49 - CHRISTUS MOTHER FRANCES HOSPITAL - TYLER,2.794,,37 - FAILED TO YIELD RIGHT OF WAY - TURNING LEFT,No Data,No Data,,No Data,Yes,No Data,No Data,99 - UNKNOWN,99 - UNKNOWN,0,1,1 - FRONT LEFT OR MOTORCYCLE DRIVER
20744087,Yes,TYLER POLICE DEPARTMENT,25-005029,TYLER,FAILED TO YIELD RIGHT OF WAY - TURNING LEFT,SMITH,2025-04-07,C - POSSIBLE INJURY,0,NO DATA,49 - CHRISTUS MOTHER FRANCES HOSPITAL - TYLER,2.794,,No Data,No Data,No Data,75702,75702,No,1GKEK63U34J133194,49,2 - FEMALE,N - NOT INJURED,0,1,1 - FRONT LEFT OR MOTORCYCLE DRIVER
20744087,Yes,TYLER POLICE DEPARTMENT,25-005029,TYLER,FAILED TO YIELD RIGHT OF WAY - TURNING LEFT,SMITH,2025-04-07,C - POSSIBLE INJURY,0,NO DATA,49 - CHRISTUS MOTHER FRANCES HOSPITAL - TYLER,2.794,,No Data,No Data,No Data,75702,75702,No,1GKEK63U34J133194,15,2 - FEMALE,C - POSSIBLE INJURY,0,2,3 - FRONT RIGHT
20744088,Yes,HOUSTON POLICE DEPARTMENT,0044458425J,HOUSTON,FAILED TO CONTROL SPEED,HARRIS,2025-04-07,C - POSSIBLE INJURY,0,NO DATA,168 - MEMORIAL HERMANN SOUTHWEST HOSPITAL,1.615,E,22 - FAILED TO CONTROL SPEED,No Data,No Data,77071,77071,No,1GNSCBKC6FR244508,77,2 - FEMALE,N - NOT INJURED,0,1,1 - FRONT LEFT OR MOTORCYCLE DRIVER
20744088,Yes,HOUSTON POLICE DEPARTMENT,0044458425J,HOUSTON,FAILED TO CONTROL SPEED,HARRIS,2025-04-07,C - POSSIBLE INJURY,0,NO DATA,168 - MEMORIAL HERMANN SOUTHWEST HOSPITAL,1.615,E,No Data,No Data,No Data,77071,77071,No,WDBWK56F75F055139,56,1 - MALE,C - POSSIBLE INJURY,0,1,1 - FRONT LEFT OR MOTORCYCLE DRIVER
20744088,Yes,HOUSTON POLICE DEPARTMENT,0044458425J,HOUSTON,FAILED TO CONTROL SPEED,HARRIS,2025-04-07,C - POSSIBLE INJURY,0,NO DATA,168 - MEMORIAL HERMANN SOUTHWEST HOSPITAL,1.615,E,No Data,No Data,No Data,77071,77071,No,WDBWK56F75F055139,69,1 - MALE,C - POSSIBLE INJURY,0,2,3 - FRONT RIGHT
20744088,Yes,HOUSTON POLICE DEPARTMENT,0044458425J,HOUSTON,FAILED TO CONTROL SPEED,HARRIS,2025-04-07,C - POSSIBLE INJURY,0,NO DATA,168 - MEMORIAL HERMANN SOUTHWEST HOSPITAL,1.615,E,No Data,No Data,No Data,77096,77096,No,1GNSCJKC8GR372051,52,2 - FEMALE,C - POSSIBLE INJURY,0,1,1 - FRONT LEFT OR MOTORCYCLE DRIVER
20744089,Yes,BEAUMONT POLICE DEPARTMENT,2025006504,BEAUMONT,BACKED WITHOUT SAFETY,JEFFERSON,2025-04-07,N - NOT INJURED,0,NO DATA,No Data,No Data,,3 - BACKED WITHOUT SAFETY,No Data,No Data,77701,77701,No,1G11B5SL6EF246406,41,1 - MALE,N - NOT INJURED,0,1,1 - FRONT LEFT OR MOTORCYCLE DRIVER
20744092,Yes,BEAUMONT POLICE DEPARTMENT,2025006492,BEAUMONT,FAILED TO YIELD RIGHT OF WAY - PRIVATE DRIVE;OTHER (EXPLAIN IN NARRATIVE),JEFFERSON,2025-04-07,N - NOT INJURED,0,NO DATA,58 - CHRISTUS SOUTHEAST TEXAS - ST. ELIZABETH,2.125,,34 - FAILED TO YIELD RIGHT OF WAY - PRIVATE DRIVE,No Data,No Data,77706,77706,No,4T1BF1FK8DU225234,23,1 - MALE,N - NOT INJURED,0,1,1 - FRONT LEFT OR MOTORCYCLE DRIVER
20744092,Yes,BEAUMONT POLICE DEPARTMENT,2025006492,BEAUMONT,FAILED TO YIELD RIGHT OF WAY - PRIVATE DRIVE;OTHER (EXPLAIN IN NARRATIVE),JEFFERSON,2025-04-07,N - NOT INJURED,0,NO DATA,58 - CHRISTUS SOUTHEAST TEXAS - ST. ELIZABETH,2.125,,98 - OTHER (EXPLAIN IN NARRATIVE),No Data,No Data,77656,77657,No,1FD8X3E67BEA32703,30,1 - MALE,N - NOT INJURED,0,1,1 - FRONT LEFT OR MOTORCYCLE DRIVER
20744093,No,TYLER POLICE DEPARTMENT,25-005030,TYLER,CHANGED LANE WHEN UNSAFE,SMITH,2025-04-07,N - NOT INJURED,0,NO DATA,288 - UT HEALTH EAST TEXAS TYLER REGIONAL HOSPITAL,2.168,,4 - CHANGED LANE WHEN UNSAFE,No Data,No Data,,No Data,Yes,No Data,No Data,99 - UNKNOWN,99 - UNKNOWN,0,1,1 - FRONT LEFT OR MOTORCYCLE DRIVER
20744093,No,TYLER POLICE DEPARTMENT,25-005030,TYLER,CHANGED LANE WHEN UNSAFE,SMITH,2025-04-07,N - NOT INJURED,0,NO DATA,288 - UT HEALTH EAST TEXAS TYLER REGIONAL HOSPITAL,2.168,,No Data,No Data,No Data,75708,75708,No,1GC4YME73NF112836,27,1 - MALE,N - NOT INJURED,0,1,1 - FRONT LEFT OR MOTORCYCLE DRIVER
20744095,Yes,TYLER POLICE DEPARTMENT,25-005022,TYLER,FAILED TO CONTROL SPEED,SMITH,2025-04-07,N - NOT INJURED,0,NO DATA,49 - CHRISTUS MOTHER FRANCES HOSPITAL - TYLER,0.458,,22 - FAILED TO CONTROL SPEED,No Data,No Data,75792,75792,No,1C3CDFAA5GD750612,26,1 - MALE,N - NOT INJURED,0,1,1 - FRONT LEFT OR MOTORCYCLE DRIVER
20744095,Yes,TYLER POLICE DEPARTMENT,25-005022,TYLER,FAILED TO CONTROL SPEED,SMITH,2025-04-07,N - NOT INJURED,0,NO DATA,49 - CHRISTUS MOTHER FRANCES HOSPITAL - TYLER,0.458,,22 - FAILED TO CONTROL SPEED,No Data,No Data,75792,75792,No,1C3CDFAA5GD750612,23,2 - FEMALE,N - NOT INJURED,0,2,3 - FRONT RIGHT
20744095,Yes,TYLER POLICE DEPARTMENT,25-005022,TYLER,FAILED TO CONTROL SPEED,SMITH,2025-04-07,N - NOT INJURED,0,NO DATA,49 - CHRISTUS MOTHER FRANCES HOSPITAL - TYLER,0.458,,22 - FAILED TO CONTROL SPEED,No Data,No Data,75792,75792,No,1C3CDFAA5GD750612,1,2 - FEMALE,N - NOT INJURED,0,3,5 - SECOND SEAT CENTER
20744095,Yes,TYLER POLICE DEPARTMENT,25-005022,TYLER,FAILED TO CONTROL SPEED,SMITH,2025-04-07,N - NOT INJURED,0,NO DATA,49 - CHRISTUS MOTHER FRANCES HOSPITAL - TYLER,0.458,,No Data,No Data,No Data,75706,75701,No,1FDXE4FN7SDD23589,31,2 - FEMALE,N - NOT INJURED,0,1,1 - FRONT LEFT OR MOTORCYCLE DRIVER
20744095,Yes,TYLER POLICE DEPARTMENT,25-005022,TYLER,FAILED TO CONTROL SPEED,SMITH,2025-04-07,N - NOT INJURED,0,NO DATA,49 - CHRISTUS MOTHER FRANCES HOSPITAL - TYLER,0.458,,No Data,No Data,No Data,75706,75701,No,1FDXE4FN7SDD23589,36,2 - FEMALE,N - NOT INJURED,0,2,3 - FRONT RIGHT
20744095,Yes,TYLER POLICE DEPARTMENT,25-005022,TYLER,FAILED TO CONTROL SPEED,SMITH,2025-04-07,N - NOT INJURED,0,NO DATA,49 - CHRISTUS MOTHER FRANCES HOSPITAL - TYLER,0.458,,No Data,No Data,No Data,75706,75701,No,1FDXE4FN7SDD23589,21,1 - MALE,N - NOT INJURED,0,3,4 - SECOND SEAT LEFT OR MOTORCYCLE BACK PASSENGER
20744096,Yes,BEAUMONT POLICE DEPARTMENT,2025006467,BEAUMONT,FAILED TO CONTROL SPEED;OTHER (EXPLAIN IN NARRATIVE),JEFFERSON,2025-04-07,B - SUSPECTED MINOR INJURY,0,NO DATA,58 - CHRISTUS SOUTHEAST TEXAS - ST. ELIZABETH,3.698,,22 - FAILED TO CONTROL SPEED,No Data,No Data,77662,77707,No,1FTWW31Y59EA16631,18,1 - MALE,N - NOT INJURED,0,1,1 - FRONT LEFT OR MOTORCYCLE DRIVER
20744096,Yes,BEAUMONT POLICE DEPARTMENT,2025006467,BEAUMONT,FAILED TO CONTROL SPEED;OTHER (EXPLAIN IN NARRATIVE),JEFFERSON,2025-04-07,B - SUSPECTED MINOR INJURY,0,NO DATA,58 - CHRISTUS SOUTHEAST TEXAS - ST. ELIZABETH,3.698,,98 - OTHER (EXPLAIN IN NARRATIVE),No Data,No Data,77665,77665,No,1GYKNARSXHZ229646,63,2 - FEMALE,B - SUSPECTED MINOR INJURY,1,1,1 - FRONT LEFT OR MOTORCYCLE DRIVER
20744097,Yes,BEAUMONT POLICE DEPARTMENT,2025006472,BEAUMONT,DRIVER INATTENTION,JEFFERSON,2025-04-07,N - NOT INJURED,0,NO DATA,9 - BAPTIST HOSPITALS OF SOUTHEAST TEXAS,1.727,,20 - DRIVER INATTENTION,No Data,No Data,77701,77701,No,3CZRM3H39FG701503,26,1 - MALE,N - NOT INJURED,0,1,1 - FRONT LEFT OR MOTORCYCLE DRIVER
20744097,Yes,BEAUMONT POLICE DEPARTMENT,2025006472,BEAUMONT,DRIVER INATTENTION,JEFFERSON,2025-04-07,N - NOT INJURED,0,NO DATA,9 - BAPTIST HOSPITALS OF SOUTHEAST TEXAS,1.727,,No Data,No Data,No Data,75951,75951,No,1C4RDHAG3LC338001,37,2 - FEMALE,N - NOT INJURED,0,1,1 - FRONT LEFT OR MOTORCYCLE DRIVER
20744097,Yes,BEAUMONT POLICE DEPARTMENT,2025006472,BEAUMONT,DRIVER INATTENTION,JEFFERSON,2025-04-07,N - NOT INJURED,0,NO DATA,9 - BAPTIST HOSPITALS OF SOUTHEAST TEXAS,1.727,,No Data,No Data,No Data,75951,75951,No,1C4RDHAG3LC338001,34,2 - FEMALE,N - NOT INJURED,0,2,3 - FRONT RIGHT
20744102,Yes,BEAUMONT POLICE DEPARTMENT,2025006463,BEAUMONT,TURNED IMPROPERLY - WRONG LANE,JEFFERSON,2025-04-07,N - NOT INJURED,0,NO DATA,9 - BAPTIST HOSPITALS OF SOUTHEAST TEXAS,1.559,,65 - TURNED IMPROPERLY - WRONG LANE,No Data,No Data,77705,77705,No,KM8NU4CC6CU187714,35,2 - FEMALE,N - NOT INJURED,0,1,1 - FRONT LEFT OR MOTORCYCLE DRIVER
20744102,Yes,BEAUMONT POLICE DEPARTMENT,2025006463,BEAUMONT,TURNED IMPROPERLY - WRONG LANE,JEFFERSON,2025-04-07,N - NOT INJURED,0,NO DATA,9 - BAPTIST HOSPITALS OF SOUTHEAST TEXAS,1.559,,No Data,No Data,No Data,77612,77612,No,5FNYF5H42KB020633,42,2 - FEMALE,N - NOT INJURED,0,1,1 - FRONT LEFT OR MOTORCYCLE DRIVER
20744103,Yes,BEAUMONT POLICE DEPARTMENT,2025006459,BEAUMONT,FAILED TO CONTROL SPEED,JEFFERSON,2025-04-07,N - NOT INJURED,0,NO DATA,58 - CHRISTUS SOUTHEAST TEXAS - ST. ELIZABETH,4.867,,22 - FAILED TO CONTROL SPEED,No Data,No Data,77328,77461,No,3B7HC13Y31G793518,21,1 - MALE,N - NOT INJURED,0,1,1 - FRONT LEFT OR MOTORCYCLE DRIVER
20744103,Yes,BEAUMONT POLICE DEPARTMENT,2025006459,BEAUMONT,FAILED TO CONTROL SPEED,JEFFERSON,2025-04-07,N - NOT INJURED,0,NO DATA,58 - CHRISTUS SOUTHEAST TEXAS - ST. ELIZABETH,4.867,,No Data,No Data,No Data,77706,77706,No,1HGCY1F29SA011419,61,1 - MALE,N - NOT INJURED,0,1,1 - FRONT LEFT OR MOTORCYCLE DRIVER
20744109,Yes,ROCKWALL POLICE DEPARTMENT,2025-12280,ROCKWALL,FAILED TO PASS TO RIGHT SAFELY;FAILED TO YIELD RIGHT OF WAY - TURNING LEFT,ROCKWALL,2025-04-07,N - NOT INJURED,0,NO DATA,19 - BAYLOR SCOTT & WHITE MEDICAL CENTER - LAKE POINTE,2.672,1,37 - FAILED TO YIELD RIGHT OF WAY - TURNING LEFT,No Data,No Data,75169,75169,No,WDCTG4EB8JJ369057,31,2 - FEMALE,N - NOT INJURED,0,1,1 - FRONT LEFT OR MOTORCYCLE DRIVER
20744109,Yes,ROCKWALL POLICE DEPARTMENT,2025-12280,ROCKWALL,FAILED TO PASS TO RIGHT SAFELY;FAILED TO YIELD RIGHT OF WAY - TURNING LEFT,ROCKWALL,2025-04-07,N - NOT INJURED,0,NO DATA,19 - BAYLOR SCOTT & WHITE MEDICAL CENTER - LAKE POINTE,2.672,1,No Data,No Data,No Data,75087,75087,No,1C3CCCAB8GN142555,23,2 - FEMALE,N - NOT INJURED,0,1,1 - FRONT LEFT OR MOTORCYCLE DRIVER
20744117,Yes,"DEPARTMENT OF PUBLIC SAFETY, STATE OF TEXAS",TX25-541958,OUTSIDE CITY LIMITS,FAILED TO CONTROL SPEED,NACOGDOCHES,2025-04-07,B - SUSPECTED MINOR INJURY,0,NO DATA,40 - CHI ST. LUKES HEALTH MEMORIAL LUFKIN,9.239,2B,22 - FAILED TO CONTROL SPEED,No Data,No Data,75965,75961,No,3C4PDCAB2DT730702,47,1 - MALE,N - NOT INJURED,0,1,1 - FRONT LEFT OR MOTORCYCLE DRIVER
20744117,Yes,"DEPARTMENT OF PUBLIC SAFETY, STATE OF TEXAS",TX25-541958,OUTSIDE CITY LIMITS,FAILED TO CONTROL SPEED,NACOGDOCHES,2025-04-07,B - SUSPECTED MINOR INJURY,0,NO DATA,40 - CHI ST. LUKES HEALTH MEMORIAL LUFKIN,9.239,2B,No Data,No Data,No Data,75937,75964,No,1C4HJWDG9GL109057,43,2 - FEMALE,B - SUSPECTED MINOR INJURY,1,1,1 - FRONT LEFT OR MOTORCYCLE DRIVER
20744134,Yes,GARLAND POLICE DEPARTMENT,2025A000773,GARLAND,FOLLOWED TOO CLOSELY,DALLAS,2025-04-07,N - NOT INJURED,0,NO DATA,258 - TEXAS HEALTH PRESBYTERIAN HOSPITAL DALLAS,5.683,43,44 - FOLLOWED TOO CLOSELY,No Data,No Data,75040,75040,Yes,1HGCR2F56EA117005,48,2 - FEMALE,N - NOT INJURED,0,1,1 - FRONT LEFT OR MOTORCYCLE DRIVER
20744134,Yes,GARLAND POLICE DEPARTMENT,2025A000773,GARLAND,FOLLOWED TOO CLOSELY,DALLAS,2025-04-07,N - NOT INJURED,0,NO DATA,258 - TEXAS HEALTH PRESBYTERIAN HOSPITAL DALLAS,5.683,43,No Data,No Data,No Data,75093,75093,No,MAJ3S2GE5KC271860,26,1 - MALE,N - NOT INJURED,0,1,1 - FRONT LEFT OR MOTORCYCLE DRIVER
20744134,Yes,GARLAND POLICE DEPARTMENT,2025A000773,GARLAND,FOLLOWED TOO CLOSELY,DALLAS,2025-04-07,N - NOT INJURED,0,NO DATA,258 - TEXAS HEALTH PRESBYTERIAN HOSPITAL DALLAS,5.683,43,No Data,No Data,No Data,,No Data,Yes,No Data,No Data,99 - UNKNOWN,99 - UNKNOWN,0,1,1 - FRONT LEFT OR MOTORCYCLE DRIVER
20744136,Yes,SAN ANTONIO POLICE DEPARTMENT,SAPD25068722,SAN ANTONIO,FAILED TO YIELD RIGHT OF WAY - TURN ON RED,BEXAR,2025-04-07,N - NOT INJURED,0,NO DATA,54 - CHRISTUS SANTA ROSA HOSPITAL - MEDICAL CENTER,6.445,70,No Data,No Data,No Data,78023,78023,No,4T4BF1FK8ER381958,18,2 - FEMALE,N - NOT INJURED,0,1,1 - FRONT LEFT OR MOTORCYCLE DRIVER
20744136,Yes,SAN ANTONIO POLICE DEPARTMENT,SAPD25068722,SAN ANTONIO,FAILED TO YIELD RIGHT OF WAY - TURN ON RED,BEXAR,2025-04-07,N - NOT INJURED,0,NO DATA,54 - CHRISTUS SANTA ROSA HOSPITAL - MEDICAL CENTER,6.445,70,38 - FAILED TO YIELD RIGHT OF WAY - TURN ON RED,No Data,No Data,,78023,Yes,5FRYD3H49GB021200,No Data,99 - UNKNOWN,99 - UNKNOWN,0,1,1 - FRONT LEFT OR MOTORCYCLE DRIVER
20744139,No,EL PASO POLICE DEPARTMENT,25-097101,EL PASO,FAILED TO CONTROL SPEED;OTHER (EXPLAIN IN NARRATIVE),EL PASO,2025-04-07,B - SUSPECTED MINOR INJURY,0,NO DATA,275 - THE HOSPITALS OF PROVIDENCE TRANSMOUNTAIN CAMPUS,9.368,,22 - FAILED TO CONTROL SPEED,No Data,No Data,88081,88081,No,KNDJN2A25E7745973,25,1 - MALE,N - NOT INJURED,0,1,1 - FRONT LEFT OR MOTORCYCLE DRIVER
20744139,No,EL PASO POLICE DEPARTMENT,25-097101,EL PASO,FAILED TO CONTROL SPEED;OTHER (EXPLAIN IN NARRATIVE),EL PASO,2025-04-07,B - SUSPECTED MINOR INJURY,0,NO DATA,275 - THE HOSPITALS OF PROVIDENCE TRANSMOUNTAIN CAMPUS,9.368,,98 - OTHER (EXPLAIN IN NARRATIVE),No Data,No Data,88081,88081,No,ZACCJAAT1GPD43803,35,2 - FEMALE,B - SUSPECTED MINOR INJURY,1,1,1 - FRONT LEFT OR MOTORCYCLE DRIVER
20744139,No,EL PASO POLICE DEPARTMENT,25-097101,EL PASO,FAILED TO CONTROL SPEED;OTHER (EXPLAIN IN NARRATIVE),EL PASO,2025-04-07,B - SUSPECTED MINOR INJURY,0,NO DATA,275 - THE HOSPITALS OF PROVIDENCE TRANSMOUNTAIN CAMPUS,9.368,,98 - OTHER (EXPLAIN IN NARRATIVE),No Data,No Data,88081,88081,No,ZACCJAAT1GPD43803,50,1 - MALE,B - SUSPECTED MINOR INJURY,1,2,3 - FRONT RIGHT
20744140,Yes,EL PASO POLICE DEPARTMENT,25097035,EL PASO,DRIVER INATTENTION,EL PASO,2025-04-07,N - NOT INJURED,0,NO DATA,276 - UNIVERSITY MEDICAL CENTER OF EL PASO,4.783,,20 - DRIVER INATTENTION,No Data,No Data,79908,79908,No,4S4WMARD2L3439340,44,2 - FEMALE,N - NOT INJURED,0,1,1 - FRONT LEFT OR MOTORCYCLE DRIVER
20744140,Yes,EL PASO POLICE DEPARTMENT,25097035,EL PASO,DRIVER INATTENTION,EL PASO,2025-04-07,N - NOT INJURED,0,NO DATA,276 - UNIVERSITY MEDICAL CENTER OF EL PASO,4.783,,No Data,No Data,No Data,79915,79915,No,1G8JW54R72Y576434,44,1 - MALE,N - NOT INJURED,0,1,1 - FRONT LEFT OR MOTORCYCLE DRIVER
20744146,Yes,GALVESTON COUNTY SHERIFF'S OFFICE,25-00001345,OUTSIDE CITY LIMITS,FATIGUED OR ASLEEP,GALVESTON,2025-04-07,N - NOT INJURED,0,NO DATA,278 - UNIVERSITY OF TEXAS MEDICAL BRANCH,20.14,,40 - FATIGUED OR ASLEEP,No Data,No Data,77627,77650,No,3N6CM0KN7LK697025,24,1 - MALE,N - NOT INJURED,0,1,1 - FRONT LEFT OR MOTORCYCLE DRIVER
20744146,Yes,GALVESTON COUNTY SHERIFF'S OFFICE,25-00001345,OUTSIDE CITY LIMITS,FATIGUED OR ASLEEP,GALVESTON,2025-04-07,N - NOT INJURED,0,NO DATA,278 - UNIVERSITY OF TEXAS MEDICAL BRANCH,20.14,,No Data,No Data,No Data,76524,76524,No,1FTEW1C5XLKD23661,36,1 - MALE,N - NOT INJURED,0,1,1 - FRONT LEFT OR MOTORCYCLE DRIVER
20744146,Yes,GALVESTON COUNTY SHERIFF'S OFFICE,25-00001345,OUTSIDE CITY LIMITS,FATIGUED OR ASLEEP,GALVESTON,2025-04-07,N - NOT INJURED,0,NO DATA,278 - UNIVERSITY OF TEXAS MEDICAL BRANCH,20.14,,No Data,No Data,No Data,76524,76524,No,1FTEW1C5XLKD23661,8,2 - FEMALE,N - NOT INJURED,0,2,4 - SECOND SEAT LEFT OR MOTORCYCLE BACK PASSENGER
20744146,Yes,GALVESTON COUNTY SHERIFF'S OFFICE,25-00001345,OUTSIDE CITY LIMITS,FATIGUED OR ASLEEP,GALVESTON,2025-04-07,N - NOT INJURED,0,NO DATA,278 - UNIVERSITY OF TEXAS MEDICAL BRANCH,20.14,,No Data,No Data,No Data,76524,76524,No,1FTEW1C5XLKD23661,4,1 - MALE,N - NOT INJURED,0,3,6 - SECOND SEAT RIGHT
20744146,Yes,GALVESTON COUNTY SHERIFF'S OFFICE,25-00001345,OUTSIDE CITY LIMITS,FATIGUED OR ASLEEP,GALVESTON,2025-04-07,N - NOT INJURED,0,NO DATA,278 - UNIVERSITY OF TEXAS MEDICAL BRANCH,20.14,,No Data,No Data,No Data,76524,76524,No,1FTEW1C5XLKD23661,6,1 - MALE,N - NOT INJURED,0,4,5 - SECOND SEAT CENTER
20744150,Yes,LUBBOCK POLICE DEPARTMENT,250010699,LUBBOCK,FAILED TO YIELD RIGHT OF WAY - TURNING LEFT,LUBBOCK,2025-04-07,N - NOT INJURED,0,NO DATA,277 - UNIVERSITY MEDICAL CENTER,4.154,1,37 - FAILED TO YIELD RIGHT OF WAY - TURNING LEFT,No Data,No Data,82007,79106,No,1FMCU04G09KB09080,44,1 - MALE,N - NOT INJURED,0,1,1 - FRONT LEFT OR MOTORCYCLE DRIVER
20744150,Yes,LUBBOCK POLICE DEPARTMENT,250010699,LUBBOCK,FAILED TO YIELD RIGHT OF WAY - TURNING LEFT,LUBBOCK,2025-04-07,N - NOT INJURED,0,NO DATA,277 - UNIVERSITY MEDICAL CENTER,4.154,1,37 - FAILED TO YIELD RIGHT OF WAY - TURNING LEFT,No Data,No Data,82007,79106,No,1FMCU04G09KB09080,45,1 - MALE,N - NOT INJURED,0,2,3 - FRONT RIGHT
20744150,Yes,LUBBOCK POLICE DEPARTMENT,250010699,LUBBOCK,FAILED TO YIELD RIGHT OF WAY - TURNING LEFT,LUBBOCK,2025-04-07,N - NOT INJURED,0,NO DATA,277 - UNIVERSITY MEDICAL CENTER,4.154,1,37 - FAILED TO YIELD RIGHT OF WAY - TURNING LEFT,No Data,No Data,82007,79106,No,1FMCU04G09KB09080,36,1 - MALE,N - NOT INJURED,0,3,4 - SECOND SEAT LEFT OR MOTORCYCLE BACK PASSENGER
20744150,Yes,LUBBOCK POLICE DEPARTMENT,250010699,LUBBOCK,FAILED TO YIELD RIGHT OF WAY - TURNING LEFT,LUBBOCK,2025-04-07,N - NOT INJURED,0,NO DATA,277 - UNIVERSITY MEDICAL CENTER,4.154,1,No Data,No Data,No Data,79403,79403,No,1GKS2HKJ2JR223567,39,2 - FEMALE,N - NOT INJURED,0,1,1 - FRONT LEFT OR MOTORCYCLE DRIVER
20744151,Yes,LUBBOCK POLICE DEPARTMENT,250010720,LUBBOCK,FAILED TO CONTROL SPEED,LUBBOCK,2025-04-07,N - NOT INJURED,0,NO DATA,77 - COVENANT CHILDRENS HOSPITAL,2.977,2,22 - FAILED TO CONTROL SPEED,No Data,No Data,,No Data,Yes,No Data,No Data,99 - UNKNOWN,99 - UNKNOWN,0,1,1 - FRONT LEFT OR MOTORCYCLE DRIVER
20744151,Yes,LUBBOCK POLICE DEPARTMENT,250010720,LUBBOCK,FAILED TO CONTROL SPEED,LUBBOCK,2025-04-07,N - NOT INJURED,0,NO DATA,77 - COVENANT CHILDRENS HOSPITAL,2.977,2,No Data,No Data,No Data,79336,79336,No,1FMSK7DH6NGB02960,37,2 - FEMALE,N - NOT INJURED,0,1,1 - FRONT LEFT OR MOTORCYCLE DRIVER
20744151,Yes,LUBBOCK POLICE DEPARTMENT,250010720,LUBBOCK,FAILED TO CONTROL SPEED,LUBBOCK,2025-04-07,N - NOT INJURED,0,NO DATA,77 - COVENANT CHILDRENS HOSPITAL,2.977,2,No Data,No Data,No Data,79336,79336,No,1FMSK7DH6NGB02960,15,2 - FEMALE,N - NOT INJURED,0,2,3 - FRONT RIGHT
20744151,Yes,LUBBOCK POLICE DEPARTMENT,250010720,LUBBOCK,FAILED TO CONTROL SPEED,LUBBOCK,2025-04-07,N - NOT INJURED,0,NO DATA,77 - COVENANT CHILDRENS HOSPITAL,2.977,2,No Data,No Data,No Data,79336,79336,No,1FMSK7DH6NGB02960,16,2 - FEMALE,N - NOT INJURED,0,3,6 - SECOND SEAT RIGHT
20744155,Yes,CORSICANA POLICE DEPARTMENT,6081,CORSICANA,FAILED TO CONTROL SPEED,NAVARRO,2025-04-07,N - NOT INJURED,0,NO DATA,193 - NAVARRO REGIONAL HOSPITAL,0.963,,22 - FAILED TO CONTROL SPEED,No Data,No Data,76693,76693,No,1FTEW1EF7FKD04477,19,2 - FEMALE,N - NOT INJURED,0,1,1 - FRONT LEFT OR MOTORCYCLE DRIVER
20744155,Yes,CORSICANA POLICE DEPARTMENT,6081,CORSICANA,FAILED TO CONTROL SPEED,NAVARRO,2025-04-07,N - NOT INJURED,0,NO DATA,193 - NAVARRO REGIONAL HOSPITAL,0.963,,No Data,No Data,No Data,75110,75144,No,5N1BT3CA5NC725049,59,2 - FEMALE,N - NOT INJURED,0,1,1 - FRONT LEFT OR MOTORCYCLE DRIVER
20744155,Yes,CORSICANA POLICE DEPARTMENT,6081,CORSICANA,FAILED TO CONTROL SPEED,NAVARRO,2025-04-07,N - NOT INJURED,0,NO DATA,193 - NAVARRO REGIONAL HOSPITAL,0.963,,No Data,No Data,No Data,75110,75110,No,1G6DW677760220737,17,1 - MALE,N - NOT INJURED,0,1,1 - FRONT LEFT OR MOTORCYCLE DRIVER
20744168,Yes,ROCKWALL POLICE DEPARTMENT,2025-12231,ROCKWALL,DRIVER INATTENTION; FAILED TO CONTROL SPEED,ROCKWALL,2025-04-07,N - NOT INJURED,0,NO DATA,19 - BAYLOR SCOTT & WHITE MEDICAL CENTER - LAKE POINTE,5.349,1,22 - FAILED TO CONTROL SPEED,20 - DRIVER INATTENTION,No Data,76101,76101,No,1D7HU18247J637678,46,1 - MALE,N - NOT INJURED,0,1,1 - FRONT LEFT OR MOTORCYCLE DRIVER
20744168,Yes,ROCKWALL POLICE DEPARTMENT,2025-12231,ROCKWALL,DRIVER INATTENTION; FAILED TO CONTROL SPEED,ROCKWALL,2025-04-07,N - NOT INJURED,0,NO DATA,19 - BAYLOR SCOTT & WHITE MEDICAL CENTER - LAKE POINTE,5.349,1,No Data,No Data,No Data,75032,75032,No,5XYP3DHC7MG156788,43,2 - FEMALE,N - NOT INJURED,0,1,1 - FRONT LEFT OR MOTORCYCLE DRIVER
20744168,Yes,ROCKWALL POLICE DEPARTMENT,2025-12231,ROCKWALL,DRIVER INATTENTION; FAILED TO CONTROL SPEED,ROCKWALL,2025-04-07,N - NOT INJURED,0,NO DATA,19 - BAYLOR SCOTT & WHITE MEDICAL CENTER - LAKE POINTE,5.349,1,No Data,No Data,No Data,75032,75032,No,3N1AB7AP8DL624417,36,1 - MALE,N - NOT INJURED,0,1,1 - FRONT LEFT OR MOTORCYCLE DRIVER
20744168,Yes,ROCKWALL POLICE DEPARTMENT,2025-12231,ROCKWALL,DRIVER INATTENTION; FAILED TO CONTROL SPEED,ROCKWALL,2025-04-07,N - NOT INJURED,0,NO DATA,19 - BAYLOR SCOTT & WHITE MEDICAL CENTER - LAKE POINTE,5.349,1,No Data,No Data,No Data,75032,75032,No,JTEZU5JR8L5214114,33,2 - FEMALE,N - NOT INJURED,0,1,1 - FRONT LEFT OR MOTORCYCLE DRIVER
20744169,No,ROCKWALL POLICE DEPARTMENT,2025-12286,ROCKWALL,FAILED TO YIELD RIGHT OF WAY - STOP SIGN,ROCKWALL,2025-04-07,N - NOT INJURED,0,NO DATA,19 - BAYLOR SCOTT & WHITE MEDICAL CENTER - LAKE POINTE,9.187,1,35 - FAILED TO YIELD RIGHT OF WAY - STOP SIGN,No Data,No Data,75087,75087,No,4T3RWRFV7RU140102,50,2 - FEMALE,N - NOT INJURED,0,1,1 - FRONT LEFT OR MOTORCYCLE DRIVER
20744169,No,ROCKWALL POLICE DEPARTMENT,2025-12286,ROCKWALL,FAILED TO YIELD RIGHT OF WAY - STOP SIGN,ROCKWALL,2025-04-07,N - NOT INJURED,0,NO DATA,19 - BAYLOR SCOTT & WHITE MEDICAL CENTER - LAKE POINTE,9.187,1,35 - FAILED TO YIELD RIGHT OF WAY - STOP SIGN,No Data,No Data,75087,75087,No,4T3RWRFV7RU140102,49,2 - FEMALE,N - NOT INJURED,0,2,3 - FRONT RIGHT
20744169,No,ROCKWALL POLICE DEPARTMENT,2025-12286,ROCKWALL,FAILED TO YIELD RIGHT OF WAY - STOP SIGN,ROCKWALL,2025-04-07,N - NOT INJURED,0,NO DATA,19 - BAYLOR SCOTT & WHITE MEDICAL CENTER - LAKE POINTE,9.187,1,35 - FAILED TO YIELD RIGHT OF WAY - STOP SIGN,No Data,No Data,75087,75087,No,4T3RWRFV7RU140102,80,1 - MALE,N - NOT INJURED,0,3,4 - SECOND SEAT LEFT OR MOTORCYCLE BACK PASSENGER
20744169,No,ROCKWALL POLICE DEPARTMENT,2025-12286,ROCKWALL,FAILED TO YIELD RIGHT OF WAY - STOP SIGN,ROCKWALL,2025-04-07,N - NOT INJURED,0,NO DATA,19 - BAYLOR SCOTT & WHITE MEDICAL CENTER - LAKE POINTE,9.187,1,No Data,No Data,No Data,75189,75189,No,1FAHP35N38W226133,25,2 - FEMALE,N - NOT INJURED,0,1,1 - FRONT LEFT OR MOTORCYCLE DRIVER
20744170,Yes,GALVESTON POLICE DEPARTMENT,25-001819,GALVESTON,FAILED TO DRIVE IN SINGLE LANE,GALVESTON,2025-04-07,N - NOT INJURED,0,NO DATA,278 - UNIVERSITY OF TEXAS MEDICAL BRANCH,2.449,,23 - FAILED TO DRIVE IN SINGLE LANE,No Data,No Data,77073,74134,No,3C6CRVDG3PE588203,37,1 - MALE,N - NOT INJURED,0,1,1 - FRONT LEFT OR MOTORCYCLE DRIVER
20744170,Yes,GALVESTON POLICE DEPARTMENT,25-001819,GALVESTON,FAILED TO DRIVE IN SINGLE LANE,GALVESTON,2025-04-07,N - NOT INJURED,0,NO DATA,278 - UNIVERSITY OF TEXAS MEDICAL BRANCH,2.449,,No Data,No Data,No Data,77550,77550,No,1FATP8UH0K5134560,52,1 - MALE,N - NOT INJURED,0,1,1 - FRONT LEFT OR MOTORCYCLE DRIVER
20744175,Yes,CROWLEY POLICE DEPARTMENT,2500009416,CROWLEY,DISTRACTION IN VEHICLE,TARRANT,2025-04-07,B - SUSPECTED MINOR INJURY,0,NO DATA,259 - TEXAS HEALTH HUGULEY HOSPITAL,3.368,,19 - DISTRACTION IN VEHICLE,No Data,No Data,76112,76133,No,KNAFK5A8XH5666963,44,2 - FEMALE,N - NOT INJURED,0,1,1 - FRONT LEFT OR MOTORCYCLE DRIVER
20744175,Yes,CROWLEY POLICE DEPARTMENT,2500009416,CROWLEY,DISTRACTION IN VEHICLE,TARRANT,2025-04-07,B - SUSPECTED MINOR INJURY,0,NO DATA,259 - TEXAS HEALTH HUGULEY HOSPITAL,3.368,,19 - DISTRACTION IN VEHICLE,No Data,No Data,76112,76133,No,KNAFK5A8XH5666963,51,1 - MALE,B - SUSPECTED MINOR INJURY,1,2,3 - FRONT RIGHT
20744175,Yes,CROWLEY POLICE DEPARTMENT,2500009416,CROWLEY,DISTRACTION IN VEHICLE,TARRANT,2025-04-07,B - SUSPECTED MINOR INJURY,0,NO DATA,259 - TEXAS HEALTH HUGULEY HOSPITAL,3.368,,19 - DISTRACTION IN VEHICLE,No Data,No Data,76112,76133,No,KNAFK5A8XH5666963,38,1 - MALE,N - NOT INJURED,0,3,6 - SECOND SEAT RIGHT
20744175,Yes,CROWLEY POLICE DEPARTMENT,2500009416,CROWLEY,DISTRACTION IN VEHICLE,TARRANT,2025-04-07,B - SUSPECTED MINOR INJURY,0,NO DATA,259 - TEXAS HEALTH HUGULEY HOSPITAL,3.368,,19 - DISTRACTION IN VEHICLE,No Data,No Data,76112,76133,No,KNAFK5A8XH5666963,34,2 - FEMALE,N - NOT INJURED,0,4,4 - SECOND SEAT LEFT OR MOTORCYCLE BACK PASSENGER
20744181,Yes,DENISON POLICE DEPARTMENT,2024-7721,DENISON,DRIVER INATTENTION,GRAYSON,2025-04-07,99 - UNKNOWN,0,NO DATA,265 - TEXOMA MEDICAL CENTER,3.697,,20 - DRIVER INATTENTION,No Data,No Data,,75092,Yes,5J6TF1H54CL006690,No Data,99 - UNKNOWN,99 - UNKNOWN,0,1,99 - UNKNOWN
20744189,Yes,SAN ANTONIO POLICE DEPARTMENT,SAPD25068774,SAN ANTONIO,DRIVER INATTENTION,BEXAR,2025-04-07,N - NOT INJURED,0,NO DATA,54 - CHRISTUS SANTA ROSA HOSPITAL - MEDICAL CENTER,6.053,70,No Data,No Data,No Data,93936,92509,No,1XKYD49X4GJ485248,37,1 - MALE,N - NOT INJURED,0,1,1 - FRONT LEFT OR MOTORCYCLE DRIVER
20744189,Yes,SAN ANTONIO POLICE DEPARTMENT,SAPD25068774,SAN ANTONIO,DRIVER INATTENTION,BEXAR,2025-04-07,N - NOT INJURED,0,NO DATA,54 - CHRISTUS SANTA ROSA HOSPITAL - MEDICAL CENTER,6.053,70,20 - DRIVER INATTENTION,No Data,No Data,78940,39218,No,1GB4YSEY1NF220440,71,1 - MALE,N - NOT INJURED,0,1,1 - FRONT LEFT OR MOTORCYCLE DRIVER
20744192,Yes,HOUSTON POLICE DEPARTMENT,0044337625X,HOUSTON,FAILED TO DRIVE IN SINGLE LANE,HARRIS,2025-04-07,N - NOT INJURED,0,NO DATA,267 - THE WOMANS HOSPITAL OF TEXAS,1.891,D,23 - FAILED TO DRIVE IN SINGLE LANE,No Data,No Data,,No Data,Yes,No Data,No Data,99 - UNKNOWN,99 - UNKNOWN,0,1,99 - UNKNOWN
20744192,Yes,HOUSTON POLICE DEPARTMENT,0044337625X,HOUSTON,FAILED TO DRIVE IN SINGLE LANE,HARRIS,2025-04-07,N - NOT INJURED,0,NO DATA,267 - THE WOMANS HOSPITAL OF TEXAS,1.891,D,No Data,No Data,No Data,,,No,1G11C5SL5FF102652,38,2 - FEMALE,N - NOT INJURED,0,1,1 - FRONT LEFT OR MOTORCYCLE DRIVER
20744200,Yes,CONVERSE POLICE DEPARTMENT,25001076,CONVERSE,DRIVER INATTENTION,BEXAR,2025-04-07,N - NOT INJURED,0,NO DATA,202 - NORTHEAST METHODIST HOSPITAL,4.916,,20 - DRIVER INATTENTION,No Data,No Data,78109,78109,No,JM3KFACM4M0353821,31,2 - FEMALE,N - NOT INJURED,0,1,1 - FRONT LEFT OR MOTORCYCLE DRIVER
20744200,Yes,CONVERSE POLICE DEPARTMENT,25001076,CONVERSE,DRIVER INATTENTION,BEXAR,2025-04-07,N - NOT INJURED,0,NO DATA,202 - NORTHEAST METHODIST HOSPITAL,4.916,,20 - DRIVER INATTENTION,No Data,No Data,78154,78154,No,1FA6P8CFXF5434304,24,1 - MALE,N - NOT INJURED,0,1,1 - FRONT LEFT OR MOTORCYCLE DRIVER
20744201,No,FORT WORTH POLICE DEPARTMENT,250024771,FORT WORTH,FAILED TO CONTROL SPEED,TARRANT,2025-04-07,A - SUSPECTED SERIOUS INJURY,0,NO DATA,78 - COOK CHILDRENS MEDICAL CENTER,1.969,WE,22 - FAILED TO CONTROL SPEED,No Data,No Data,76108,76108,No,1FMCU0G60LUC45045,31,2 - FEMALE,A - SUSPECTED SERIOUS INJURY,0,1,1 - FRONT LEFT OR MOTORCYCLE DRIVER
20744202,Yes,FORT WORTH POLICE DEPARTMENT,,FORT WORTH,FAILED TO YIELD RIGHT OF WAY - STOP SIGN,TARRANT,2025-04-07,N - NOT INJURED,0,NO DATA,78 - COOK CHILDRENS MEDICAL CENTER,3.362,WE,35 - FAILED TO YIELD RIGHT OF WAY - STOP SIGN,No Data,No Data,76131,76131,No,5XYKT3A13CG193221,47,2 - FEMALE,N - NOT INJURED,0,1,1 - FRONT LEFT OR MOTORCYCLE DRIVER
20744202,Yes,FORT WORTH POLICE DEPARTMENT,,FORT WORTH,FAILED TO YIELD RIGHT OF WAY - STOP SIGN,TARRANT,2025-04-07,N - NOT INJURED,0,NO DATA,78 - COOK CHILDRENS MEDICAL CENTER,3.362,WE,35 - FAILED TO YIELD RIGHT OF WAY - STOP SIGN,No Data,No Data,76131,76131,No,5XYKT3A13CG193221,12,2 - FEMALE,N - NOT INJURED,0,2,3 - FRONT RIGHT
20744202,Yes,FORT WORTH POLICE DEPARTMENT,,FORT WORTH,FAILED TO YIELD RIGHT OF WAY - STOP SIGN,TARRANT,2025-04-07,N - NOT INJURED,0,NO DATA,78 - COOK CHILDRENS MEDICAL CENTER,3.362,WE,No Data,No Data,No Data,76110,76110,No,2C3CDXHG0KH758807,26,2 - FEMALE,N - NOT INJURED,0,1,1 - FRONT LEFT OR MOTORCYCLE DRIVER
20744205,Yes,HOUSTON POLICE DEPARTMENT,0044504525C,HOUSTON,FAILED TO YIELD RIGHT OF WAY - OPEN INTERSECTION,HARRIS,2025-04-07,B - SUSPECTED MINOR INJURY,0,NO DATA,112 - HARRIS HEALTH SYSTEM BEN TAUB HOSPITAL,3.546,D,33 - FAILED TO YIELD RIGHT OF WAY - OPEN INTERSECTION,No Data,No Data,77021,77021,No,1FTEW1CF6HFC04739,58,1 - MALE,N - NOT INJURED,0,1,1 - FRONT LEFT OR MOTORCYCLE DRIVER
20744205,Yes,HOUSTON POLICE DEPARTMENT,0044504525C,HOUSTON,FAILED TO YIELD RIGHT OF WAY - OPEN INTERSECTION,HARRIS,2025-04-07,B - SUSPECTED MINOR INJURY,0,NO DATA,112 - HARRIS HEALTH SYSTEM BEN TAUB HOSPITAL,3.546,D,No Data,No Data,No Data,77021,77021,No,5N1AT2MT2EC763389,40,2 - FEMALE,B - SUSPECTED MINOR INJURY,1,1,1 - FRONT LEFT OR MOTORCYCLE DRIVER
20744206,Yes,LEAGUE CITY POLICE DEPARTMENT,25-01819,LEAGUE CITY,FAILED TO CONTROL SPEED,GALVESTON,2025-04-07,N - NOT INJURED,0,NO DATA,289 - UTMB HEALTH LEAGUE CITY CAMPUS,2.424,,22 - FAILED TO CONTROL SPEED,No Data,No Data,77573,77573,No,4T1BK46KX9U596299,22,2 - FEMALE,N - NOT INJURED,0,1,1 - FRONT LEFT OR MOTORCYCLE DRIVER
20744206,Yes,LEAGUE CITY POLICE DEPARTMENT,25-01819,LEAGUE CITY,FAILED TO CONTROL SPEED,GALVESTON,2025-04-07,N - NOT INJURED,0,NO DATA,289 - UTMB HEALTH LEAGUE CITY CAMPUS,2.424,,No Data,No Data,No Data,77573,77573,No,5J8TB3H5XFL013257,41,2 - FEMALE,N - NOT INJURED,0,1,1 - FRONT LEFT OR MOTORCYCLE DRIVER
20744208,Yes,ROCKWALL POLICE DEPARTMENT,2025-12241,ROCKWALL,FAILED TO YIELD RIGHT OF WAY - TURNING LEFT,ROCKWALL,2025-04-07,N - NOT INJURED,0,NO DATA,19 - BAYLOR SCOTT & WHITE MEDICAL CENTER - LAKE POINTE,2.822,1,37 - FAILED TO YIELD RIGHT OF WAY - TURNING LEFT,No Data,No Data,,,No,1C4RJFBG2LC290925,17,2 - FEMALE,N - NOT INJURED,0,1,1 - FRONT LEFT OR MOTORCYCLE DRIVER
20744208,Yes,ROCKWALL POLICE DEPARTMENT,2025-12241,ROCKWALL,FAILED TO YIELD RIGHT OF WAY - TURNING LEFT,ROCKWALL,2025-04-07,N - NOT INJURED,0,NO DATA,19 - BAYLOR SCOTT & WHITE MEDICAL CENTER - LAKE POINTE,2.822,1,No Data,No Data,No Data,75041,75088,No,KNDPB3AC5F7760119,24,1 - MALE,N - NOT INJURED,0,1,1 - FRONT LEFT OR MOTORCYCLE DRIVER
20744212,Yes,LEAGUE CITY POLICE DEPARTMENT,LCPD25-01829,LEAGUE CITY,FAILED TO YIELD RIGHT OF WAY - PRIVATE DRIVE,GALVESTON,2025-04-07,N - NOT INJURED,0,NO DATA,289 - UTMB HEALTH LEAGUE CITY CAMPUS,3.756,,34 - FAILED TO YIELD RIGHT OF WAY - PRIVATE DRIVE,No Data,No Data,77518,75402,No,5YFBURHE1HP685564,62,2 - FEMALE,N - NOT INJURED,0,1,1 - FRONT LEFT OR MOTORCYCLE DRIVER
20744212,Yes,LEAGUE CITY POLICE DEPARTMENT,LCPD25-01829,LEAGUE CITY,FAILED TO YIELD RIGHT OF WAY - PRIVATE DRIVE,GALVESTON,2025-04-07,N - NOT INJURED,0,NO DATA,289 - UTMB HEALTH LEAGUE CITY CAMPUS,3.756,,No Data,No Data,No Data,77563,63146,No,5NMS1DAJ1PH576825,50,1 - MALE,N - NOT INJURED,0,1,1 - FRONT LEFT OR MOTORCYCLE DRIVER
20744223,Yes,SAN MARCOS POLICE DEPARTMENT,2025-00015028,SAN MARCOS,UNSAFE SPEED,HAYS,2025-04-07,C - POSSIBLE INJURY,0,NO DATA,57 - CHRISTUS SANTA ROSA HOSPITAL - SAN MARCOS,4.02,,60 - UNSAFE SPEED,No Data,No Data,78124,78124,No,5N1DR3DH5PC261041,54,2 - FEMALE,C - POSSIBLE INJURY,0,1,1 - FRONT LEFT OR MOTORCYCLE DRIVER
20744223,Yes,SAN MARCOS POLICE DEPARTMENT,2025-00015028,SAN MARCOS,UNSAFE SPEED,HAYS,2025-04-07,C - POSSIBLE INJURY,0,NO DATA,57 - CHRISTUS SANTA ROSA HOSPITAL - SAN MARCOS,4.02,,No Data,No Data,No Data,78620,78620,No,1G4GA5ED8BF168596,21,1 - MALE,C - POSSIBLE INJURY,0,1,1 - FRONT LEFT OR MOTORCYCLE DRIVER
20744224,Yes,SAN MARCOS POLICE DEPARTMENT,2025-00015035,SAN MARCOS,HAD BEEN DRINKING; SPEEDING - (OVERLIMIT),HAYS,2025-04-07,A - SUSPECTED SERIOUS INJURY,0,NO DATA,57 - CHRISTUS SANTA ROSA HOSPITAL - SAN MARCOS,1.8,,61 - SPEEDING - (OVERLIMIT),No Data,No Data,78666,77406,No,19XFA1F83AE024750,21,1 - MALE,A - SUSPECTED SERIOUS INJURY,0,1,1 - FRONT LEFT OR MOTORCYCLE DRIVER
20744224,Yes,SAN MARCOS POLICE DEPARTMENT,2025-00015035,SAN MARCOS,HAD BEEN DRINKING; SPEEDING - (OVERLIMIT),HAYS,2025-04-07,A - SUSPECTED SERIOUS INJURY,0,NO DATA,57 - CHRISTUS SANTA ROSA HOSPITAL - SAN MARCOS,1.8,,61 - SPEEDING - (OVERLIMIT),No Data,No Data,78666,77406,No,19XFA1F83AE024750,20,2 - FEMALE,B - SUSPECTED MINOR INJURY,1,2,3 - FRONT RIGHT
20744224,Yes,SAN MARCOS POLICE DEPARTMENT,2025-00015035,SAN MARCOS,HAD BEEN DRINKING; SPEEDING - (OVERLIMIT),HAYS,2025-04-07,A - SUSPECTED SERIOUS INJURY,0,NO DATA,57 - CHRISTUS SANTA ROSA HOSPITAL - SAN MARCOS,1.8,,No Data,No Data,No Data,78163,78163,No,1ZVHT82H285150604,23,1 - MALE,B - SUSPECTED MINOR INJURY,1,1,1 - FRONT LEFT OR MOTORCYCLE DRIVER
20744234,Yes,HOUSTON POLICE DEPARTMENT,0044465525C,HOUSTON,TURNED IMPROPERLY - WIDE RIGHT,HARRIS,2025-04-07,N - NOT INJURED,0,NO DATA,No Data,No Data,H,64 - TURNED IMPROPERLY - WIDE RIGHT,No Data,No Data,,75261,No,3C6UR5DJ1RG400334,31,1 - MALE,N - NOT INJURED,0,1,1 - FRONT LEFT OR MOTORCYCLE DRIVER
20744234,Yes,HOUSTON POLICE DEPARTMENT,0044465525C,HOUSTON,TURNED IMPROPERLY - WIDE RIGHT,HARRIS,2025-04-07,N - NOT INJURED,0,NO DATA,No Data,No Data,H,No Data,No Data,No Data,77004,77004,No,1G1YM3D70E5107388,60,1 - MALE,N - NOT INJURED,0,1,1 - FRONT LEFT OR MOTORCYCLE DRIVER
20744236,Yes,MIDLAND POLICE DEPARTMENT,250407008,MIDLAND,FAILED TO CONTROL SPEED,MIDLAND,2025-04-07,99 - UNKNOWN,0,NO DATA,190 - MIDLAND MEMORIAL HOSPITAL,3.901,,22 - FAILED TO CONTROL SPEED,No Data,No Data,,No Data,Yes,No Data,No Data,99 - UNKNOWN,99 - UNKNOWN,0,1,1 - FRONT LEFT OR MOTORCYCLE DRIVER
20744237,Yes,MIDLAND POLICE DEPARTMENT,250407018,MIDLAND,CELL/MOBILE DEVICE USE - OTHER,MIDLAND,2025-04-07,C - POSSIBLE INJURY,0,NO DATA,190 - MIDLAND MEMORIAL HOSPITAL,1.222,,76 - CELL/MOBILE DEVICE USE - OTHER,No Data,No Data,75020,75020,No,1N4AL3APXFC466752,54,2 - FEMALE,N - NOT INJURED,0,1,1 - FRONT LEFT OR MOTORCYCLE DRIVER
20744237,Yes,MIDLAND POLICE DEPARTMENT,250407018,MIDLAND,CELL/MOBILE DEVICE USE - OTHER,MIDLAND,2025-04-07,C - POSSIBLE INJURY,0,NO DATA,190 - MIDLAND MEMORIAL HOSPITAL,1.222,,76 - CELL/MOBILE DEVICE USE - OTHER,No Data,No Data,75020,75020,No,1N4AL3APXFC466752,36,2 - FEMALE,C - POSSIBLE INJURY,0,2,3 - FRONT RIGHT
20744241,Yes,LAGO VISTA POLICE DEPARTMENT,25-04754,LAGO VISTA,UNDER INFLUENCE - ALCOHOL,TRAVIS,2025-04-07,C - POSSIBLE INJURY,0,NO DATA,21 - BAYLOR SCOTT & WHITE MEDICAL CENTER - LAKEWAY,6.889,,67 - INTOXICATED - ALCOHOL,No Data,No Data,70808,78645,No,1FTFW1RG5RFA41314,51,1 - MALE,N - NOT INJURED,0,1,1 - FRONT LEFT OR MOTORCYCLE DRIVER
20744241,Yes,LAGO VISTA POLICE DEPARTMENT,25-04754,LAGO VISTA,UNDER INFLUENCE - ALCOHOL,TRAVIS,2025-04-07,C - POSSIBLE INJURY,0,NO DATA,21 - BAYLOR SCOTT & WHITE MEDICAL CENTER - LAKEWAY,6.889,,67 - INTOXICATED - ALCOHOL,No Data,No Data,70808,78645,No,1FTFW1RG5RFA41314,64,1 - MALE,C - POSSIBLE INJURY,0,2,3 - FRONT RIGHT
20744241,Yes,LAGO VISTA POLICE DEPARTMENT,25-04754,LAGO VISTA,UNDER INFLUENCE - ALCOHOL,TRAVIS,2025-04-07,C - POSSIBLE INJURY,0,NO DATA,21 - BAYLOR SCOTT & WHITE MEDICAL CENTER - LAKEWAY,6.889,,No Data,No Data,No Data,78748,78748,No,5TFRV541X8X040243,41,1 - MALE,N - NOT INJURED,0,1,1 - FRONT LEFT OR MOTORCYCLE DRIVER
20744242,Yes,STAFFORD POLICE DEPARTMENT,25-0872PD,STAFFORD,FAILED TO YIELD RIGHT OF WAY - YIELD SIGN,FORT BEND,2025-04-07,B - SUSPECTED MINOR INJURY,0,NO DATA,168 - MEMORIAL HERMANN SOUTHWEST HOSPITAL,4.631,,39 - FAILED TO YIELD RIGHT OF WAY - YIELD SIGN,No Data,No Data,77459,77459,No,JTMY1RFV3KD515609,36,2 - FEMALE,N - NOT INJURED,0,1,1 - FRONT LEFT OR MOTORCYCLE DRIVER
20744242,Yes,STAFFORD POLICE DEPARTMENT,25-0872PD,STAFFORD,FAILED TO YIELD RIGHT OF WAY - YIELD SIGN,FORT BEND,2025-04-07,B - SUSPECTED MINOR INJURY,0,NO DATA,168 - MEMORIAL HERMANN SOUTHWEST HOSPITAL,4.631,,No Data,No Data,No Data,77498,77469,No,1HTKSSWK0PH057952,55,2 - FEMALE,B - SUSPECTED MINOR INJURY,1,1,1 - FRONT LEFT OR MOTORCYCLE DRIVER
20744242,Yes,STAFFORD POLICE DEPARTMENT,25-0872PD,STAFFORD,FAILED TO YIELD RIGHT OF WAY - YIELD SIGN,FORT BEND,2025-04-07,B - SUSPECTED MINOR INJURY,0,NO DATA,168 - MEMORIAL HERMANN SOUTHWEST HOSPITAL,4.631,,No Data,No Data,No Data,77498,77469,No,1HTKSSWK0PH057952,24,1 - MALE,N - NOT INJURED,0,2,3 - FRONT RIGHT
20744255,Yes,BIG SANDY POLICE DEPARTMENT,25-00075,BIG SANDY,DISTRACTION IN VEHICLE; FAILED TO CONTROL SPEED,UPSHUR,2025-04-07,N - NOT INJURED,0,NO DATA,281 - UNIVERSITY OF TEXAS HEALTH SCIENCE CENTER AT TYLER,12.106,,No Data,No Data,No Data,75750,75706,No,5KJJAVDV3LPKU8021,54,1 - MALE,N - NOT INJURED,0,1,1 - FRONT LEFT OR MOTORCYCLE DRIVER
20744255,Yes,BIG SANDY POLICE DEPARTMENT,25-00075,BIG SANDY,DISTRACTION IN VEHICLE; FAILED TO CONTROL SPEED,UPSHUR,2025-04-07,N - NOT INJURED,0,NO DATA,281 - UNIVERSITY OF TEXAS HEALTH SCIENCE CENTER AT TYLER,12.106,,22 - FAILED TO CONTROL SPEED,No Data,No Data,75778,75778,No,5FNYF5H63KB036843,54,2 - FEMALE,N - NOT INJURED,0,1,1 - FRONT LEFT OR MOTORCYCLE DRIVER
20744270,Yes,HAYS COUNTY SHERIFF'S OFFICE,HCSO 2025-19579,OUTSIDE CITY LIMITS,FOLLOWED TOO CLOSELY;OTHER (EXPLAIN IN NARRATIVE),HAYS,2025-04-07,N - NOT INJURED,0,NO DATA,4 - ASCENSION SETON HAYS,6.733,,98 - OTHER (EXPLAIN IN NARRATIVE),No Data,No Data,78748,78748,No,3CZRE38389G707844,36,2 - FEMALE,N - NOT INJURED,0,1,1 - FRONT LEFT OR MOTORCYCLE DRIVER
20744270,Yes,HAYS COUNTY SHERIFF'S OFFICE,HCSO 2025-19579,OUTSIDE CITY LIMITS,FOLLOWED TOO CLOSELY;OTHER (EXPLAIN IN NARRATIVE),HAYS,2025-04-07,N - NOT INJURED,0,NO DATA,4 - ASCENSION SETON HAYS,6.733,,44 - FOLLOWED TOO CLOSELY,No Data,No Data,78619,78619,No,WBAJB9C50KB289458,61,2 - FEMALE,N - NOT INJURED,0,1,1 - FRONT LEFT OR MOTORCYCLE DRIVER
20744275,Yes,WACO POLICE DEPARTMENT,25-4418,WACO,DRIVER INATTENTION,MCLENNAN,2025-04-07,B - SUSPECTED MINOR INJURY,0,NO DATA,No Data,No Data,,20 - DRIVER INATTENTION,No Data,No Data,76707,76707,No,2T3ZFREV6EW096248,73,1 - MALE,N - NOT INJURED,0,1,1 - FRONT LEFT OR MOTORCYCLE DRIVER
20744275,Yes,WACO POLICE DEPARTMENT,25-4418,WACO,DRIVER INATTENTION,MCLENNAN,2025-04-07,B - SUSPECTED MINOR INJURY,0,NO DATA,No Data,No Data,,No Data,No Data,No Data,No Data,No Data,No Data,No Data,82,2 - FEMALE,B - SUSPECTED MINOR INJURY,1,1,"16 - PEDESTRIAN, PEDALCYCLIST, OR MOTORIZED CONVEYANCE"
20744276,Yes,"DEPARTMENT OF PUBLIC SAFETY, STATE OF TEXAS",,OUTSIDE CITY LIMITS,FIRE IN VEHICLE,TITUS,2025-04-07,N - NOT INJURED,0,NO DATA,271 - TITUS REGIONAL MEDICAL CENTER,3.932,1D,42 - FIRE IN VEHICLE,No Data,No Data,75494,75494,No,2B3CJ7DJ1BH589825,52,1 - MALE,N - NOT INJURED,0,1,1 - FRONT LEFT OR MOTORCYCLE DRIVER
20744289,Yes,WESLACO POLICE DEPARTMENT,25-8707,WESLACO,FAILED TO YIELD RIGHT OF WAY - TURNING LEFT,HIDALGO,2025-04-07,B - SUSPECTED MINOR INJURY,0,NO DATA,137 - KNAPP MEDICAL CENTER,1.197,,37 - FAILED TO YIELD RIGHT OF WAY - TURNING LEFT,No Data,No Data,78537,78232,No,2HGFA16558H342889,17,1 - MALE,N - NOT INJURED,0,1,1 - FRONT LEFT OR MOTORCYCLE DRIVER
20744289,Yes,WESLACO POLICE DEPARTMENT,25-8707,WESLACO,FAILED TO YIELD RIGHT OF WAY - TURNING LEFT,HIDALGO,2025-04-07,B - SUSPECTED MINOR INJURY,0,NO DATA,137 - KNAPP MEDICAL CENTER,1.197,,No Data,No Data,No Data,78596,75038,No,5NMJB3DE7RH427985,23,1 - MALE,B - SUSPECTED MINOR INJURY,1,1,1 - FRONT LEFT OR MOTORCYCLE DRIVER
20744300,Yes,WEBSTER POLICE DEPARTMENT,WBPD2500824,WEBSTER,FAILED TO YIELD RIGHT OF WAY - PRIVATE DRIVE,HARRIS,2025-04-07,N - NOT INJURED,0,NO DATA,115 - HCA HOUSTON HEALTHCARE CLEAR LAKE,0.406,,34 - FAILED TO YIELD RIGHT OF WAY - PRIVATE DRIVE,No Data,No Data,77571,77571,No,1FTFW1E84PFC16115,48,1 - MALE,N - NOT INJURED,0,1,1 - FRONT LEFT OR MOTORCYCLE DRIVER
20744300,Yes,WEBSTER POLICE DEPARTMENT,WBPD2500824,WEBSTER,FAILED TO YIELD RIGHT OF WAY - PRIVATE DRIVE,HARRIS,2025-04-07,N - NOT INJURED,0,NO DATA,115 - HCA HOUSTON HEALTHCARE CLEAR LAKE,0.406,,34 - FAILED TO YIELD RIGHT OF WAY - PRIVATE DRIVE,No Data,No Data,77511,77511,No,4T1BE32K94U266590,No Data,2 - FEMALE,N - NOT INJURED,0,1,1 - FRONT LEFT OR MOTORCYCLE DRIVER
20744300,Yes,WEBSTER POLICE DEPARTMENT,WBPD2500824,WEBSTER,FAILED TO YIELD RIGHT OF WAY - PRIVATE DRIVE,HARRIS,2025-04-07,N - NOT INJURED,0,NO DATA,115 - HCA HOUSTON HEALTHCARE CLEAR LAKE,0.406,,34 - FAILED TO YIELD RIGHT OF WAY - PRIVATE DRIVE,No Data,No Data,77511,77511,No,4T1BE32K94U266590,69,1 - MALE,N - NOT INJURED,0,2,3 - FRONT RIGHT
20744302,Yes,WEBSTER POLICE DEPARTMENT,WBPD2500825,WEBSTER,CHANGED LANE WHEN UNSAFE,HARRIS,2025-04-07,N - NOT INJURED,0,NO DATA,286 - UTMB HEALTH CLEAR LAKE CAMPUS,0.547,,4 - CHANGED LANE WHEN UNSAFE,No Data,No Data,77571,77571,No,1C4RJFBG7LC196491,32,2 - FEMALE,N - NOT INJURED,0,1,1 - FRONT LEFT OR MOTORCYCLE DRIVER
20744302,Yes,WEBSTER POLICE DEPARTMENT,WBPD2500825,WEBSTER,CHANGED LANE WHEN UNSAFE,HARRIS,2025-04-07,N - NOT INJURED,0,NO DATA,286 - UTMB HEALTH CLEAR LAKE CAMPUS,0.547,,4 - CHANGED LANE WHEN UNSAFE,No Data,No Data,77571,77571,No,1C4RJFBG7LC196491,0,1 - MALE,N - NOT INJURED,0,2,5 - SECOND SEAT CENTER
20744302,Yes,WEBSTER POLICE DEPARTMENT,WBPD2500825,WEBSTER,CHANGED LANE WHEN UNSAFE,HARRIS,2025-04-07,N - NOT INJURED,0,NO DATA,286 - UTMB HEALTH CLEAR LAKE CAMPUS,0.547,,No Data,No Data,No Data,77062,77062,No,1G2ZG57B794158661,24,1 - MALE,N - NOT INJURED,0,1,1 - FRONT LEFT OR MOTORCYCLE DRIVER
20744307,Yes,EL PASO POLICE DEPARTMENT,25-097157,EL PASO,FAILED TO CONTROL SPEED,EL PASO,2025-04-07,B - SUSPECTED MINOR INJURY,0,NO DATA,"88 - DEL SOL MEDICAL CENTER, A CAMPUS OF LPDS HEALTHCARE",2.409,,22 - FAILED TO CONTROL SPEED,No Data,No Data,79915,79915,No,JTLKT324664047881,35,2 - FEMALE,B - SUSPECTED MINOR INJURY,1,1,1 - FRONT LEFT OR MOTORCYCLE DRIVER
20744307,Yes,EL PASO POLICE DEPARTMENT,25-097157,EL PASO,FAILED TO CONTROL SPEED,EL PASO,2025-04-07,B - SUSPECTED MINOR INJURY,0,NO DATA,"88 - DEL SOL MEDICAL CENTER, A CAMPUS OF LPDS HEALTHCARE",2.409,,22 - FAILED TO CONTROL SPEED,No Data,No Data,79915,79915,No,JTLKT324664047881,14,2 - FEMALE,B - SUSPECTED MINOR INJURY,1,2,3 - FRONT RIGHT
20744307,Yes,EL PASO POLICE DEPARTMENT,25-097157,EL PASO,FAILED TO CONTROL SPEED,EL PASO,2025-04-07,B - SUSPECTED MINOR INJURY,0,NO DATA,"88 - DEL SOL MEDICAL CENTER, A CAMPUS OF LPDS HEALTHCARE",2.409,,22 - FAILED TO CONTROL SPEED,No Data,No Data,79915,79915,No,JTLKT324664047881,8,1 - MALE,N - NOT INJURED,0,3,5 - SECOND SEAT CENTER
20744307,Yes,EL PASO POLICE DEPARTMENT,25-097157,EL PASO,FAILED TO CONTROL SPEED,EL PASO,2025-04-07,B - SUSPECTED MINOR INJURY,0,NO DATA,"88 - DEL SOL MEDICAL CENTER, A CAMPUS OF LPDS HEALTHCARE",2.409,,No Data,No Data,No Data,79925,79925,No,1FAHP3K2XCL262177,62,2 - FEMALE,N - NOT INJURED,0,1,1 - FRONT LEFT OR MOTORCYCLE DRIVER
20744307,Yes,EL PASO POLICE DEPARTMENT,25-097157,EL PASO,FAILED TO CONTROL SPEED,EL PASO,2025-04-07,B - SUSPECTED MINOR INJURY,0,NO DATA,"88 - DEL SOL MEDICAL CENTER, A CAMPUS OF LPDS HEALTHCARE",2.409,,No Data,No Data,No Data,79925,79925,No,1FAHP3K2XCL262177,62,1 - MALE,N - NOT INJURED,0,2,3 - FRONT RIGHT
20744312,Yes,HOUSTON POLICE DEPARTMENT,0044343925I,HOUSTON,FAILED TO CONTROL SPEED,HARRIS,2025-04-07,A - SUSPECTED SERIOUS INJURY,0,NO DATA,163 - MEMORIAL HERMANN GREATER HEIGHTS HOSPITAL,1.429,A,No Data,No Data,No Data,77434,77434,No,JM2UF3134M0112554,68,1 - MALE,A - SUSPECTED SERIOUS INJURY,0,1,1 - FRONT LEFT OR MOTORCYCLE DRIVER
20744312,Yes,HOUSTON POLICE DEPARTMENT,0044343925I,HOUSTON,FAILED TO CONTROL SPEED,HARRIS,2025-04-07,A - SUSPECTED SERIOUS INJURY,0,NO DATA,163 - MEMORIAL HERMANN GREATER HEIGHTS HOSPITAL,1.429,A,No Data,No Data,No Data,77080,77080,No,3GKEC16T9YG113736,41,1 - MALE,N - NOT INJURED,0,1,1 - FRONT LEFT OR MOTORCYCLE DRIVER
20744312,Yes,HOUSTON POLICE DEPARTMENT,0044343925I,HOUSTON,FAILED TO CONTROL SPEED,HARRIS,2025-04-07,A - SUSPECTED SERIOUS INJURY,0,NO DATA,163 - MEMORIAL HERMANN GREATER HEIGHTS HOSPITAL,1.429,A,No Data,No Data,No Data,77377,77377,No,KM8KH3AC4PU009181,25,1 - MALE,N - NOT INJURED,0,1,1 - FRONT LEFT OR MOTORCYCLE DRIVER
20744315,Yes,BROWNSVILLE POLICE DEPARTMENT,202504070167,BROWNSVILLE,BACKED WITHOUT SAFETY,CAMERON,2025-04-07,N - NOT INJURED,0,NO DATA,No Data,No Data,NW,3 - BACKED WITHOUT SAFETY,No Data,No Data,78520,33430,No,KNDPM3AL7H7232840,16,2 - FEMALE,N - NOT INJURED,0,1,1 - FRONT LEFT OR MOTORCYCLE DRIVER
20744315,Yes,BROWNSVILLE POLICE DEPARTMENT,202504070167,BROWNSVILLE,BACKED WITHOUT SAFETY,CAMERON,2025-04-07,N - NOT INJURED,0,NO DATA,No Data,No Data,NW,3 - BACKED WITHOUT SAFETY,No Data,No Data,78520,33430,No,KNDPM3AL7H7232840,17,1 - MALE,N - NOT INJURED,0,2,3 - FRONT RIGHT
20744315,Yes,BROWNSVILLE POLICE DEPARTMENT,202504070167,BROWNSVILLE,BACKED WITHOUT SAFETY,CAMERON,2025-04-07,N - NOT INJURED,0,NO DATA,No Data,No Data,NW,No Data,No Data,No Data,78520,78520,No,WA1EAAFYXR2023058,43,2 - FEMALE,N - NOT INJURED,0,1,1 - FRONT LEFT OR MOTORCYCLE DRIVER
20744318,No,TEXARKANA POLICE DEPARTMENT,T25-12845,TEXARKANA,DRIVER INATTENTION; FAILED TO CONTROL SPEED,BOWIE,2025-04-07,C - POSSIBLE INJURY,0,NO DATA,64 - CHRISTUS ST. MICHAEL HEALTH SYSTEM,0.511,,20 - DRIVER INATTENTION,22 - FAILED TO CONTROL SPEED,No Data,75503,75503,No,JTEZU14R540020840,56,2 - FEMALE,N - NOT INJURED,0,1,1 - FRONT LEFT OR MOTORCYCLE DRIVER
20744318,No,TEXARKANA POLICE DEPARTMENT,T25-12845,TEXARKANA,DRIVER INATTENTION; FAILED TO CONTROL SPEED,BOWIE,2025-04-07,C - POSSIBLE INJURY,0,NO DATA,64 - CHRISTUS ST. MICHAEL HEALTH SYSTEM,0.511,,No Data,No Data,No Data,71854,71854,No,1HGCT1A74DA022025,49,1 - MALE,C - POSSIBLE INJURY,0,1,1 - FRONT LEFT OR MOTORCYCLE DRIVER
20744319,Yes,PARIS POLICE DEPARTMENT,202508886,PARIS,TURNED IMPROPERLY - WRONG LANE,LAMAR,2025-04-07,N - NOT INJURED,0,NO DATA,209 - PARIS REGIONAL MEDICAL CENTER NORTH CAMPUS,1.825,,65 - TURNED IMPROPERLY - WRONG LANE,No Data,No Data,75432,75432,No,5XYK7CAF2PG132383,42,2 - FEMALE,N - NOT INJURED,0,1,1 - FRONT LEFT OR MOTORCYCLE DRIVER
20744319,Yes,PARIS POLICE DEPARTMENT,202508886,PARIS,TURNED IMPROPERLY - WRONG LANE,LAMAR,2025-04-07,N - NOT INJURED,0,NO DATA,209 - PARIS REGIONAL MEDICAL CENTER NORTH CAMPUS,1.825,,No Data,No Data,No Data,75462,75462,No,JTMABABA9PA013568,56,1 - MALE,N - NOT INJURED,0,1,1 - FRONT LEFT OR MOTORCYCLE DRIVER
20744321,Yes,HARLINGEN POLICE DEPARTMENT,2025-25165,HARLINGEN,FAILED TO YIELD RIGHT OF WAY - YIELD SIGN,CAMERON,2025-04-07,B - SUSPECTED MINOR INJURY,0,NO DATA,290 - VALLEY BAPTIST MEDICAL CENTER,2.266,B2,39 - FAILED TO YIELD RIGHT OF WAY - YIELD SIGN,No Data,No Data,78586,78586,No,4T1G11AK0RU234934,28,2 - FEMALE,N - NOT INJURED,0,1,1 - FRONT LEFT OR MOTORCYCLE DRIVER
20744321,Yes,HARLINGEN POLICE DEPARTMENT,2025-25165,HARLINGEN,FAILED TO YIELD RIGHT OF WAY - YIELD SIGN,CAMERON,2025-04-07,B - SUSPECTED MINOR INJURY,0,NO DATA,290 - VALLEY BAPTIST MEDICAL CENTER,2.266,B2,No Data,No Data,No Data,78550,78550,No,KMHCM46C49U307456,55,2 - FEMALE,B - SUSPECTED MINOR INJURY,1,1,1 - FRONT LEFT OR MOTORCYCLE DRIVER
20744323,Yes,DALLAS ISD POLICE DEPARTMENT,251829,DALLAS,DRIVER INATTENTION,DALLAS,2025-04-07,N - NOT INJURED,0,NO DATA,26 - BAYLOR UNIVERSITY MEDICAL CENTER,0.95,,20 - DRIVER INATTENTION,No Data,No Data,75115,75231,No,4UZABRDT1FCGH2870,41,1 - MALE,N - NOT INJURED,0,1,1 - FRONT LEFT OR MOTORCYCLE DRIVER
20744323,Yes,DALLAS ISD POLICE DEPARTMENT,251829,DALLAS,DRIVER INATTENTION,DALLAS,2025-04-07,N - NOT INJURED,0,NO DATA,26 - BAYLOR UNIVERSITY MEDICAL CENTER,0.95,,20 - DRIVER INATTENTION,No Data,No Data,75115,75231,No,4UZABRDT1FCGH2870,13,1 - MALE,N - NOT INJURED,0,2,14 - PASSENGER IN BUS
20744323,Yes,DALLAS ISD POLICE DEPARTMENT,251829,DALLAS,DRIVER INATTENTION,DALLAS,2025-04-07,N - NOT INJURED,0,NO DATA,26 - BAYLOR UNIVERSITY MEDICAL CENTER,0.95,,20 - DRIVER INATTENTION,No Data,No Data,75115,75231,No,4UZABRDT1FCGH2870,13,2 - FEMALE,N - NOT INJURED,0,3,14 - PASSENGER IN BUS
20744323,Yes,DALLAS ISD POLICE DEPARTMENT,251829,DALLAS,DRIVER INATTENTION,DALLAS,2025-04-07,N - NOT INJURED,0,NO DATA,26 - BAYLOR UNIVERSITY MEDICAL CENTER,0.95,,20 - DRIVER INATTENTION,No Data,No Data,75115,75231,No,4UZABRDT1FCGH2870,13,2 - FEMALE,N - NOT INJURED,0,4,14 - PASSENGER IN BUS
20744325,Yes,CARROLLTON POLICE DEPARTMENT,2025034713,CARROLLTON,DISTRACTION IN VEHICLE; DRIVER INATTENTION; FAILED TO CONTROL SPEED,DALLAS,2025-04-07,N - NOT INJURED,0,NO DATA,86 - DALLAS MEDICAL CENTER,5.072,,22 - FAILED TO CONTROL SPEED,No Data,No Data,75075,75080,No,1NXBU40E39Z143557,31,1 - MALE,N - NOT INJURED,0,1,1 - FRONT LEFT OR MOTORCYCLE DRIVER
20744325,Yes,CARROLLTON POLICE DEPARTMENT,2025034713,CARROLLTON,DISTRACTION IN VEHICLE; DRIVER INATTENTION; FAILED TO CONTROL SPEED,DALLAS,2025-04-07,N - NOT INJURED,0,NO DATA,86 - DALLAS MEDICAL CENTER,5.072,,No Data,No Data,No Data,75287,75287,No,5NPDH4AE1DH275395,20,1 - MALE,N - NOT INJURED,0,1,1 - FRONT LEFT OR MOTORCYCLE DRIVER
20744327,Yes,VICTORIA POLICE DEPARTMENT,2025-002214,VICTORIA,UNDER INFLUENCE - ALCOHOL;OTHER (EXPLAIN IN NARRATIVE),VICTORIA,2025-04-07,N - NOT INJURED,0,NO DATA,No Data,No Data,0,67 - INTOXICATED - ALCOHOL,98 - OTHER (EXPLAIN IN NARRATIVE),No Data,77901,77901,No,1GCUYEEL9NZ147172,44,2 - FEMALE,N - NOT INJURED,0,1,1 - FRONT LEFT OR MOTORCYCLE DRIVER
20744327,Yes,VICTORIA POLICE DEPARTMENT,2025-002214,VICTORIA,UNDER INFLUENCE - ALCOHOL;OTHER (EXPLAIN IN NARRATIVE),VICTORIA,2025-04-07,N - NOT INJURED,0,NO DATA,No Data,No Data,0,No Data,No Data,No Data,77385,77385,No,5TFDW5F12JX690310,48,1 - MALE,N - NOT INJURED,0,1,1 - FRONT LEFT OR MOTORCYCLE DRIVER
20744333,Yes,BROWNSVILLE POLICE DEPARTMENT,202504070169,BROWNSVILLE,TURNED WHEN UNSAFE,CAMERON,2025-04-07,N - NOT INJURED,0,NO DATA,295 - VALLEY REGIONAL MEDICAL CENTER,0.851,NW,66 - TURNED WHEN UNSAFE,No Data,No Data,78520,78520,No,5XXGU4L33GG045944,40,2 - FEMALE,N - NOT INJURED,0,1,1 - FRONT LEFT OR MOTORCYCLE DRIVER
20744336,Yes,"DEPARTMENT OF PUBLIC SAFETY, STATE OF TEXAS",TX2025-536264,OUTSIDE CITY LIMITS,DRIVER INATTENTION; FATIGUED OR ASLEEP; FAULTY EVASIVE ACTION,HOCKLEY,2025-04-07,A - SUSPECTED SERIOUS INJURY,0,NO DATA,80 - COVENANT HOSPITAL LEVELLAND,2.721,5A,20 - DRIVER INATTENTION,41 - FAULTY EVASIVE ACTION,No Data,79336,79336,No,5Y2SL65896Z421107,33,1 - MALE,A - SUSPECTED SERIOUS INJURY,0,1,1 - FRONT LEFT OR MOTORCYCLE DRIVER
20744336,Yes,"DEPARTMENT OF PUBLIC SAFETY, STATE OF TEXAS",TX2025-536264,OUTSIDE CITY LIMITS,DRIVER INATTENTION; FATIGUED OR ASLEEP; FAULTY EVASIVE ACTION,HOCKLEY,2025-04-07,A - SUSPECTED SERIOUS INJURY,0,NO DATA,80 - COVENANT HOSPITAL LEVELLAND,2.721,5A,20 - DRIVER INATTENTION,41 - FAULTY EVASIVE ACTION,No Data,79336,79336,No,5Y2SL65896Z421107,32,2 - FEMALE,B - SUSPECTED MINOR INJURY,1,2,3 - FRONT RIGHT
20744367,Yes,BROWNSVILLE POLICE DEPARTMENT,202504070173,BROWNSVILLE,FAILED TO YIELD RIGHT OF WAY - STOP SIGN,CAMERON,2025-04-07,N - NOT INJURED,0,NO DATA,293 - VALLEY BAPTIST MEDICAL CENTER - BROWNSVILLE,2.508,NE,35 - FAILED TO YIELD RIGHT OF WAY - STOP SIGN,No Data,No Data,78521,78521,No,4T1BF1FK9HU801015,36,2 - FEMALE,N - NOT INJURED,0,1,1 - FRONT LEFT OR MOTORCYCLE DRIVER
20744367,Yes,BROWNSVILLE POLICE DEPARTMENT,202504070173,BROWNSVILLE,FAILED TO YIELD RIGHT OF WAY - STOP SIGN,CAMERON,2025-04-07,N - NOT INJURED,0,NO DATA,293 - VALLEY BAPTIST MEDICAL CENTER - BROWNSVILLE,2.508,NE,35 - FAILED TO YIELD RIGHT OF WAY - STOP SIGN,No Data,No Data,78521,78521,No,4T1BF1FK9HU801015,5,2 - FEMALE,N - NOT INJURED,0,2,4 - SECOND SEAT LEFT OR MOTORCYCLE BACK PASSENGER
20744367,Yes,BROWNSVILLE POLICE DEPARTMENT,202504070173,BROWNSVILLE,FAILED TO YIELD RIGHT OF WAY - STOP SIGN,CAMERON,2025-04-07,N - NOT INJURED,0,NO DATA,293 - VALLEY BAPTIST MEDICAL CENTER - BROWNSVILLE,2.508,NE,No Data,No Data,No Data,78521,78521,No,1FMJU1K59AEA06998,42,1 - MALE,N - NOT INJURED,0,1,1 - FRONT LEFT OR MOTORCYCLE DRIVER
20744378,Yes,VICTORIA POLICE DEPARTMENT,2025-002230,VICTORIA,FAILED TO DRIVE IN SINGLE LANE,VICTORIA,2025-04-07,99 - UNKNOWN,0,NO DATA,93 - DETAR HEALTHCARE SYSTEM ***NORTH,2.521,0,23 - FAILED TO DRIVE IN SINGLE LANE,No Data,No Data,,77904,Yes,3N1CP5DV6ML560449,No Data,99 - UNKNOWN,99 - UNKNOWN,0,1,1 - FRONT LEFT OR MOTORCYCLE DRIVER
20744381,Yes,HOUSTON POLICE DEPARTMENT,0044391525Q,HOUSTON,CHANGED LANE WHEN UNSAFE,HARRIS,2025-04-07,C - POSSIBLE INJURY,0,NO DATA,165 - MEMORIAL HERMANN MEMORIAL CITY MEDICAL CENTER,3.853,G,4 - CHANGED LANE WHEN UNSAFE,No Data,No Data,77449,77449,No,JTDVPMAEXMJ155576,74,1 - MALE,C - POSSIBLE INJURY,0,1,1 - FRONT LEFT OR MOTORCYCLE DRIVER
20744381,Yes,HOUSTON POLICE DEPARTMENT,0044391525Q,HOUSTON,CHANGED LANE WHEN UNSAFE,HARRIS,2025-04-07,C - POSSIBLE INJURY,0,NO DATA,165 - MEMORIAL HERMANN MEMORIAL CITY MEDICAL CENTER,3.853,G,No Data,No Data,No Data,77047,77047,No,1NXBU4EEXAZ195278,45,1 - MALE,N - NOT INJURED,0,1,1 - FRONT LEFT OR MOTORCYCLE DRIVER
20744383,Yes,HOUSTON POLICE DEPARTMENT,0044400425B,HOUSTON,DISREGARD STOP AND GO SIGNAL,HARRIS,2025-04-07,C - POSSIBLE INJURY,0,NO DATA,121 - HCA HOUSTON HEALTHCARE WEST,0.535,G,15 - DISREGARD STOP AND GO SIGNAL,No Data,No Data,77063,77498,No,YV1672MK1C2276381,26,2 - FEMALE,N - NOT INJURED,0,1,1 - FRONT LEFT OR MOTORCYCLE DRIVER
20744383,Yes,HOUSTON POLICE DEPARTMENT,0044400425B,HOUSTON,DISREGARD STOP AND GO SIGNAL,HARRIS,2025-04-07,C - POSSIBLE INJURY,0,NO DATA,121 - HCA HOUSTON HEALTHCARE WEST,0.535,G,No Data,No Data,No Data,77082,77082,No,4T1B11HK6KU164037,28,1 - MALE,N - NOT INJURED,0,1,1 - FRONT LEFT OR MOTORCYCLE DRIVER
20744383,Yes,HOUSTON POLICE DEPARTMENT,0044400425B,HOUSTON,DISREGARD STOP AND GO SIGNAL,HARRIS,2025-04-07,C - POSSIBLE INJURY,0,NO DATA,121 - HCA HOUSTON HEALTHCARE WEST,0.535,G,No Data,No Data,No Data,77082,77082,No,4T1B11HK6KU164037,2,1 - MALE,C - POSSIBLE INJURY,0,2,4 - SECOND SEAT LEFT OR MOTORCYCLE BACK PASSENGER
20744387,Yes,BROWNSVILLE POLICE DEPARTMENT,202504070190,BROWNSVILLE,CHANGED LANE WHEN UNSAFE,CAMERON,2025-04-07,N - NOT INJURED,0,NO DATA,293 - VALLEY BAPTIST MEDICAL CENTER - BROWNSVILLE,5.758,NE,4 - CHANGED LANE WHEN UNSAFE,No Data,No Data,,78521,No,3HSDJAPR1HN486935,38,1 - MALE,N - NOT INJURED,0,1,1 - FRONT LEFT OR MOTORCYCLE DRIVER
20744387,Yes,BROWNSVILLE POLICE DEPARTMENT,202504070190,BROWNSVILLE,CHANGED LANE WHEN UNSAFE,CAMERON,2025-04-07,N - NOT INJURED,0,NO DATA,293 - VALLEY BAPTIST MEDICAL CENTER - BROWNSVILLE,5.758,NE,No Data,No Data,No Data,78521,,No,3N1CB51D16L470901,19,1 - MALE,N - NOT INJURED,0,1,1 - FRONT LEFT OR MOTORCYCLE DRIVER
20744401,Yes,NEW BRAUNFELS POLICE DEPARTMENT,25-17348,NEW BRAUNFELS,DISTRACTION IN VEHICLE; FAILED TO CONTROL SPEED,GUADALUPE,2025-04-07,C - POSSIBLE INJURY,0,NO DATA,217 - RESOLUTE BAPTIST HOSPITAL,2.143,,19 - DISTRACTION IN VEHICLE,22 - FAILED TO CONTROL SPEED,No Data,78155,08054,No,1C6RR7ST0PS539494,49,1 - MALE,C - POSSIBLE INJURY,0,1,1 - FRONT LEFT OR MOTORCYCLE DRIVER
20744401,Yes,NEW BRAUNFELS POLICE DEPARTMENT,25-17348,NEW BRAUNFELS,DISTRACTION IN VEHICLE; FAILED TO CONTROL SPEED,GUADALUPE,2025-04-07,C - POSSIBLE INJURY,0,NO DATA,217 - RESOLUTE BAPTIST HOSPITAL,2.143,,No Data,No Data,No Data,78130,78130,No,1GCHC23628F147791,38,1 - MALE,N - NOT INJURED,0,1,1 - FRONT LEFT OR MOTORCYCLE DRIVER
20744413,Yes,CONROE POLICE DEPARTMENT,25040215,CONROE,FAILED TO CONTROL SPEED,MONTGOMERY,2025-04-07,N - NOT INJURED,0,NO DATA,116 - HCA HOUSTON HEALTHCARE CONROE,3.342,,22 - FAILED TO CONTROL SPEED,No Data,No Data,77304,77304,No,KMHDN46D76U362490,58,1 - MALE,N - NOT INJURED,0,1,1 - FRONT LEFT OR MOTORCYCLE DRIVER
20744413,Yes,CONROE POLICE DEPARTMENT,25040215,CONROE,FAILED TO CONTROL SPEED,MONTGOMERY,2025-04-07,N - NOT INJURED,0,NO DATA,116 - HCA HOUSTON HEALTHCARE CONROE,3.342,,No Data,No Data,No Data,77302,77373,No,1C6RR6LT3HS570359,46,1 - MALE,N - NOT INJURED,0,1,1 - FRONT LEFT OR MOTORCYCLE DRIVER
20744414,Yes,CONROE POLICE DEPARTMENT,25040231,CONROE,FAILED TO YIELD RIGHT OF WAY - PRIVATE DRIVE,MONTGOMERY,2025-04-07,N - NOT INJURED,0,NO DATA,116 - HCA HOUSTON HEALTHCARE CONROE,4.137,,34 - FAILED TO YIELD RIGHT OF WAY - PRIVATE DRIVE,No Data,No Data,77378,77378,No,KNAFE121385015546,19,2 - FEMALE,N - NOT INJURED,0,1,1 - FRONT LEFT OR MOTORCYCLE DRIVER
20744414,Yes,CONROE POLICE DEPARTMENT,25040231,CONROE,FAILED TO YIELD RIGHT OF WAY - PRIVATE DRIVE,MONTGOMERY,2025-04-07,N - NOT INJURED,0,NO DATA,116 - HCA HOUSTON HEALTHCARE CONROE,4.137,,No Data,No Data,No Data,77301,77301,No,1GNS6RRL6SR192989,45,2 - FEMALE,N - NOT INJURED,0,1,1 - FRONT LEFT OR MOTORCYCLE DRIVER
20744415,Yes,CONROE POLICE DEPARTMENT,25030233,CONROE,FAILED TO CONTROL SPEED,MONTGOMERY,2025-04-07,N - NOT INJURED,0,NO DATA,116 - HCA HOUSTON HEALTHCARE CONROE,3.773,,22 - FAILED TO CONTROL SPEED,No Data,No Data,77301,77301,No,19UUB1F57FA024031,42,1 - MALE,N - NOT INJURED,0,1,1 - FRONT LEFT OR MOTORCYCLE DRIVER
20744415,Yes,CONROE POLICE DEPARTMENT,25030233,CONROE,FAILED TO CONTROL SPEED,MONTGOMERY,2025-04-07,N - NOT INJURED,0,NO DATA,116 - HCA HOUSTON HEALTHCARE CONROE,3.773,,No Data,No Data,No Data,77303,76903,No,2C3CDXBG2MH643444,45,2 - FEMALE,N - NOT INJURED,0,1,1 - FRONT LEFT OR MOTORCYCLE DRIVER
20744416,Yes,CONROE POLICE DEPARTMENT,25040240,CONROE,FAILED TO DRIVE IN SINGLE LANE,MONTGOMERY,2025-04-07,N - NOT INJURED,0,NO DATA,116 - HCA HOUSTON HEALTHCARE CONROE,1.749,,23 - FAILED TO DRIVE IN SINGLE LANE,No Data,No Data,77302,77302,No,WMWXP5C58J3C65439,28,1 - MALE,N - NOT INJURED,0,1,1 - FRONT LEFT OR MOTORCYCLE DRIVER
20744416,Yes,CONROE POLICE DEPARTMENT,25040240,CONROE,FAILED TO DRIVE IN SINGLE LANE,MONTGOMERY,2025-04-07,N - NOT INJURED,0,NO DATA,116 - HCA HOUSTON HEALTHCARE CONROE,1.749,,No Data,No Data,No Data,77302,77302,No,3TYAX5GNXNT050184,23,1 - MALE,N - NOT INJURED,0,1,1 - FRONT LEFT OR MOTORCYCLE DRIVER
20744417,Yes,CONROE POLICE DEPARTMENT,25040241,CONROE,BACKED WITHOUT SAFETY; DRIVER INATTENTION,MONTGOMERY,2025-04-07,99 - UNKNOWN,0,NO DATA,No Data,No Data,,3 - BACKED WITHOUT SAFETY,No Data,No Data,,74134,Yes,2FMPK4J99RBA86381,No Data,99 - UNKNOWN,99 - UNKNOWN,0,1,1 - FRONT LEFT OR MOTORCYCLE DRIVER
20744448,Yes,DEL RIO POLICE DEPARTMENT,202500010122,DEL RIO,FAILED TO YIELD RIGHT OF WAY - STOP SIGN,VAL VERDE,2025-04-07,N - NOT INJURED,0,NO DATA,291 - VAL VERDE REGIONAL MEDICAL CENTER,0.666,,35 - FAILED TO YIELD RIGHT OF WAY - STOP SIGN,No Data,No Data,78840,78840,No,3MYDLBYV2HY177575,43,1 - MALE,N - NOT INJURED,0,1,1 - FRONT LEFT OR MOTORCYCLE DRIVER
20744448,Yes,DEL RIO POLICE DEPARTMENT,202500010122,DEL RIO,FAILED TO YIELD RIGHT OF WAY - STOP SIGN,VAL VERDE,2025-04-07,N - NOT INJURED,0,NO DATA,291 - VAL VERDE REGIONAL MEDICAL CENTER,0.666,,No Data,No Data,No Data,78840,78840,No,1C4PJLAK6CW155070,42,2 - FEMALE,N - NOT INJURED,0,1,1 - FRONT LEFT OR MOTORCYCLE DRIVER
20744454,Yes,KERRVILLE POLICE DEPARTMENT,2500736,KERRVILLE,FATIGUED OR ASLEEP; FAULTY EVASIVE ACTION,KERR,2025-04-07,N - NOT INJURED,0,NO DATA,218 - PETERSON REGIONAL MEDICAL CENTER,2.505,,40 - FATIGUED OR ASLEEP,41 - FAULTY EVASIVE ACTION,No Data,78254,78254,No,1FTPW14575FB56923,20,1 - MALE,N - NOT INJURED,0,1,1 - FRONT LEFT OR MOTORCYCLE DRIVER
20744458,Yes,ABILENE POLICE DEPARTMENT,25-027766,ABILENE,FAILED TO YIELD RIGHT OF WAY - PRIVATE DRIVE,TAYLOR,2025-04-07,N - NOT INJURED,0,NO DATA,131 - HENDRICK MEDICAL CENTER SOUTH,3.187,,34 - FAILED TO YIELD RIGHT OF WAY - PRIVATE DRIVE,No Data,No Data,79521,79521,No,JM3ER2W54A0307819,42,1 - MALE,N - NOT INJURED,0,1,1 - FRONT LEFT OR MOTORCYCLE DRIVER
20744458,Yes,ABILENE POLICE DEPARTMENT,25-027766,ABILENE,FAILED TO YIELD RIGHT OF WAY - PRIVATE DRIVE,TAYLOR,2025-04-07,N - NOT INJURED,0,NO DATA,131 - HENDRICK MEDICAL CENTER SOUTH,3.187,,No Data,No Data,No Data,79606,79606,No,4T1BZ1FB2KU034316,76,2 - FEMALE,N - NOT INJURED,0,1,1 - FRONT LEFT OR MOTORCYCLE DRIVER
20744461,Yes,ABILENE POLICE DEPARTMENT,25-027796,ABILENE,FAILED TO YIELD RIGHT OF WAY - TURNING LEFT,TAYLOR,2025-04-07,C - POSSIBLE INJURY,0,NO DATA,131 - HENDRICK MEDICAL CENTER SOUTH,2.328,,37 - FAILED TO YIELD RIGHT OF WAY - TURNING LEFT,No Data,No Data,79563,76933,No,1C6RR6LT3ES113806,24,2 - FEMALE,N - NOT INJURED,0,1,1 - FRONT LEFT OR MOTORCYCLE DRIVER
20744461,Yes,ABILENE POLICE DEPARTMENT,25-027796,ABILENE,FAILED TO YIELD RIGHT OF WAY - TURNING LEFT,TAYLOR,2025-04-07,C - POSSIBLE INJURY,0,NO DATA,131 - HENDRICK MEDICAL CENTER SOUTH,2.328,,37 - FAILED TO YIELD RIGHT OF WAY - TURNING LEFT,No Data,No Data,79563,76933,No,1C6RR6LT3ES113806,18,1 - MALE,N - NOT INJURED,0,2,3 - FRONT RIGHT
20744461,Yes,ABILENE POLICE DEPARTMENT,25-027796,ABILENE,FAILED TO YIELD RIGHT OF WAY - TURNING LEFT,TAYLOR,2025-04-07,C - POSSIBLE INJURY,0,NO DATA,131 - HENDRICK MEDICAL CENTER SOUTH,2.328,,No Data,No Data,No Data,79606,79606,No,1C4RJFBG0LC417980,69,2 - FEMALE,N - NOT INJURED,0,1,1 - FRONT LEFT OR MOTORCYCLE DRIVER
20744461,Yes,ABILENE POLICE DEPARTMENT,25-027796,ABILENE,FAILED TO YIELD RIGHT OF WAY - TURNING LEFT,TAYLOR,2025-04-07,C - POSSIBLE INJURY,0,NO DATA,131 - HENDRICK MEDICAL CENTER SOUTH,2.328,,No Data,No Data,No Data,79606,79606,No,1C4RJFBG0LC417980,80,1 - MALE,C - POSSIBLE INJURY,0,2,3 - FRONT RIGHT
20744470,Yes,GRAPEVINE POLICE DEPARTMENT,2500013096,GRAPEVINE,DISREGARD STOP AND GO SIGNAL,TARRANT,2025-04-07,B - SUSPECTED MINOR INJURY,0,NO DATA,17 - BAYLOR SCOTT & WHITE MEDICAL CENTER - GRAPEVINE,0.357,,No Data,No Data,No Data,76180,76180,No,KNDJ23AU1L7081779,40,1 - MALE,N - NOT INJURED,0,1,1 - FRONT LEFT OR MOTORCYCLE DRIVER
20744470,Yes,GRAPEVINE POLICE DEPARTMENT,2500013096,GRAPEVINE,DISREGARD STOP AND GO SIGNAL,TARRANT,2025-04-07,B - SUSPECTED MINOR INJURY,0,NO DATA,17 - BAYLOR SCOTT & WHITE MEDICAL CENTER - GRAPEVINE,0.357,,No Data,No Data,No Data,76051,76522,No,2HGFC1E55HH700911,20,2 - FEMALE,B - SUSPECTED MINOR INJURY,1,1,1 - FRONT LEFT OR MOTORCYCLE DRIVER
20744470,Yes,GRAPEVINE POLICE DEPARTMENT,2500013096,GRAPEVINE,DISREGARD STOP AND GO SIGNAL,TARRANT,2025-04-07,B - SUSPECTED MINOR INJURY,0,NO DATA,17 - BAYLOR SCOTT & WHITE MEDICAL CENTER - GRAPEVINE,0.357,,No Data,No Data,No Data,76051,76522,No,2HGFC1E55HH700911,16,2 - FEMALE,C - POSSIBLE INJURY,0,2,3 - FRONT RIGHT
20744473,Yes,MANSFIELD POLICE DEPARTMENT,25040715,MANSFIELD,FAILED TO YIELD RIGHT OF WAY - STOP SIGN,JOHNSON,2025-04-07,N - NOT INJURED,0,NO DATA,264 - TEXAS HEALTH HOSPITAL MANSFIELD,2.219,,35 - FAILED TO YIELD RIGHT OF WAY - STOP SIGN,No Data,No Data,76063,76063,No,19UDE4H38PA013027,40,1 - MALE,N - NOT INJURED,0,1,1 - FRONT LEFT OR MOTORCYCLE DRIVER
20744473,Yes,MANSFIELD POLICE DEPARTMENT,25040715,MANSFIELD,FAILED TO YIELD RIGHT OF WAY - STOP SIGN,JOHNSON,2025-04-07,N - NOT INJURED,0,NO DATA,264 - TEXAS HEALTH HOSPITAL MANSFIELD,2.219,,No Data,No Data,No Data,76063,76063,No,1FMUK7DH8SGA65074,36,2 - FEMALE,N - NOT INJURED,0,1,1 - FRONT LEFT OR MOTORCYCLE DRIVER
20744475,Yes,KENNEDALE POLICE DEPARTMENT,25-00000231,KENNEDALE,DISTRACTION IN VEHICLE; DRIVER INATTENTION,TARRANT,2025-04-07,B - SUSPECTED MINOR INJURY,0,NO DATA,259 - TEXAS HEALTH HUGULEY HOSPITAL,6.384,,20 - DRIVER INATTENTION,No Data,No Data,76118,76118,No,1FAFP34Z44W156969,32,1 - MALE,B - SUSPECTED MINOR INJURY,1,1,1 - FRONT LEFT OR MOTORCYCLE DRIVER
20744480,No,GRAPEVINE POLICE DEPARTMENT,2500013149,GRAPEVINE,DRIVER INATTENTION; ILL (EXPLAIN IN NARRATIVE),TARRANT,2025-04-07,N - NOT INJURED,0,NO DATA,17 - BAYLOR SCOTT & WHITE MEDICAL CENTER - GRAPEVINE,3.06,,20 - DRIVER INATTENTION,No Data,No Data,75006,75006,No,1G6AR5SX4G0102755,63,2 - FEMALE,N - NOT INJURED,0,1,1 - FRONT LEFT OR MOTORCYCLE DRIVER
20744480,No,GRAPEVINE POLICE DEPARTMENT,2500013149,GRAPEVINE,DRIVER INATTENTION; ILL (EXPLAIN IN NARRATIVE),TARRANT,2025-04-07,N - NOT INJURED,0,NO DATA,17 - BAYLOR SCOTT & WHITE MEDICAL CENTER - GRAPEVINE,3.06,,20 - DRIVER INATTENTION,No Data,No Data,75006,75006,No,1G6AR5SX4G0102755,32,2 - FEMALE,N - NOT INJURED,0,2,3 - FRONT RIGHT
20744480,No,GRAPEVINE POLICE DEPARTMENT,2500013149,GRAPEVINE,DRIVER INATTENTION; ILL (EXPLAIN IN NARRATIVE),TARRANT,2025-04-07,N - NOT INJURED,0,NO DATA,17 - BAYLOR SCOTT & WHITE MEDICAL CENTER - GRAPEVINE,3.06,,No Data,No Data,No Data,75067,75067,No,5NPDH4AE8CH148156,42,2 - FEMALE,N - NOT INJURED,0,1,1 - FRONT LEFT OR MOTORCYCLE DRIVER
20744490,No,LUBBOCK POLICE DEPARTMENT,250010724,LUBBOCK,BACKED WITHOUT SAFETY,LUBBOCK,2025-04-07,N - NOT INJURED,0,NO DATA,No Data,No Data,1,3 - BACKED WITHOUT SAFETY,No Data,No Data,79413,79413,No,2T2HZMDAXNC348819,68,2 - FEMALE,N - NOT INJURED,0,1,1 - FRONT LEFT OR MOTORCYCLE DRIVER
20744490,No,LUBBOCK POLICE DEPARTMENT,250010724,LUBBOCK,BACKED WITHOUT SAFETY,LUBBOCK,2025-04-07,N - NOT INJURED,0,NO DATA,No Data,No Data,1,3 - BACKED WITHOUT SAFETY,No Data,No Data,79707,79701,No,3FMCR9B61PRD86622,62,2 - FEMALE,N - NOT INJURED,0,1,1 - FRONT LEFT OR MOTORCYCLE DRIVER
20744509,Yes,HOUSTON POLICE DEPARTMENT,0044362225J,HOUSTON,FAILED TO PASS TO LEFT SAFELY,HARRIS,2025-04-07,C - POSSIBLE INJURY,0,NO DATA,165 - MEMORIAL HERMANN MEMORIAL CITY MEDICAL CENTER,0.923,G,26 - FAILED TO PASS TO LEFT SAFELY,No Data,No Data,,No Data,Yes,No Data,No Data,99 - UNKNOWN,99 - UNKNOWN,0,1,99 - UNKNOWN
20744509,Yes,HOUSTON POLICE DEPARTMENT,0044362225J,HOUSTON,FAILED TO PASS TO LEFT SAFELY,HARRIS,2025-04-07,C - POSSIBLE INJURY,0,NO DATA,165 - MEMORIAL HERMANN MEMORIAL CITY MEDICAL CENTER,0.923,G,No Data,No Data,No Data,,,No,3C6UR5DL0RG296257,19,1 - MALE,N - NOT INJURED,0,1,1 - FRONT LEFT OR MOTORCYCLE DRIVER
20744509,Yes,HOUSTON POLICE DEPARTMENT,0044362225J,HOUSTON,FAILED TO PASS TO LEFT SAFELY,HARRIS,2025-04-07,C - POSSIBLE INJURY,0,NO DATA,165 - MEMORIAL HERMANN MEMORIAL CITY MEDICAL CENTER,0.923,G,No Data,No Data,No Data,,,No,3C6UR5DL0RG296257,55,1 - MALE,C - POSSIBLE INJURY,0,2,3 - FRONT RIGHT
20744511,No,HOUSTON POLICE DEPARTMENT,0044449825B,HOUSTON,DRIVER INATTENTION;PEDESTRIAN FAILED TO YIELD RIGHT OF WAY TO VEHICLE,HARRIS,2025-04-07,A - SUSPECTED SERIOUS INJURY,0,NO DATA,121 - HCA HOUSTON HEALTHCARE WEST,2.145,G,No Data,No Data,No Data,77477,77477,No,WAUDACF57MA014431,36,2 - FEMALE,N - NOT INJURED,0,1,1 - FRONT LEFT OR MOTORCYCLE DRIVER
20744511,No,HOUSTON POLICE DEPARTMENT,0044449825B,HOUSTON,DRIVER INATTENTION;PEDESTRIAN FAILED TO YIELD RIGHT OF WAY TO VEHICLE,HARRIS,2025-04-07,A - SUSPECTED SERIOUS INJURY,0,NO DATA,121 - HCA HOUSTON HEALTHCARE WEST,2.145,G,59 - PEDESTRIAN FAILED TO YIELD RIGHT OF WAY TO VEHICLE,No Data,No Data,No Data,No Data,No Data,No Data,77,2 - FEMALE,A - SUSPECTED SERIOUS INJURY,0,1,"16 - PEDESTRIAN, PEDALCYCLIST, OR MOTORIZED CONVEYANCE"
20744516,Yes,"DEPARTMENT OF PUBLIC SAFETY, STATE OF TEXAS",TX25-537555,OUTSIDE CITY LIMITS,FAILED TO YIELD RIGHT OF WAY - EMERGENCY VEHICLE;TURNED IMPROPERLY - WRONG LANE,DENTON,2025-04-07,N - NOT INJURED,0,NO DATA,152 - MEDICAL CITY DENTON,8.673,1C,32 - FAILED TO YIELD RIGHT OF WAY - EMERGENCY VEHICLE,65 - TURNED IMPROPERLY - WRONG LANE,No Data,76227,76227,No,3MZBN1U77HM103851,17,1 - MALE,N - NOT INJURED,0,1,1 - FRONT LEFT OR MOTORCYCLE DRIVER
20744516,Yes,"DEPARTMENT OF PUBLIC SAFETY, STATE OF TEXAS",TX25-537555,OUTSIDE CITY LIMITS,FAILED TO YIELD RIGHT OF WAY - EMERGENCY VEHICLE;TURNED IMPROPERLY - WRONG LANE,DENTON,2025-04-07,N - NOT INJURED,0,NO DATA,152 - MEDICAL CITY DENTON,8.673,1C,No Data,No Data,No Data,76227,76227,No,3C7WRNCL1RG229978,26,1 - MALE,N - NOT INJURED,0,1,1 - FRONT LEFT OR MOTORCYCLE DRIVER
20744520,Yes,LEWISVILLE POLICE DEPARTMENT,25-02751,LEWISVILLE,DISREGARD STOP AND GO SIGNAL,DENTON,2025-04-07,N - NOT INJURED,0,NO DATA,156 - MEDICAL CITY LEWISVILLE,3.26,,No Data,No Data,No Data,75067,63146,No,5TFAZ5CN9KX075367,63,1 - MALE,N - NOT INJURED,0,1,1 - FRONT LEFT OR MOTORCYCLE DRIVER
20744520,Yes,LEWISVILLE POLICE DEPARTMENT,25-02751,LEWISVILLE,DISREGARD STOP AND GO SIGNAL,DENTON,2025-04-07,N - NOT INJURED,0,NO DATA,156 - MEDICAL CITY LEWISVILLE,3.26,,No Data,No Data,No Data,75067,75057,No,1GCGSBEA6J1251459,34,1 - MALE,N - NOT INJURED,0,1,1 - FRONT LEFT OR MOTORCYCLE DRIVER
20744526,Yes,BEXAR COUNTY LAW ENFORCEMENT,BCSO-2025-0136473,OUTSIDE CITY LIMITS,DRIVER INATTENTION,BEXAR,2025-04-07,N - NOT INJURED,0,NO DATA,No Data,No Data,,20 - DRIVER INATTENTION,No Data,No Data,78253,78253,No,3GCPYBEK3LG362725,71,2 - FEMALE,N - NOT INJURED,0,1,1 - FRONT LEFT OR MOTORCYCLE DRIVER
20744530,Yes,BEXAR COUNTY LAW ENFORCEMENT,BCSO-2025-0136495,OUTSIDE CITY LIMITS,DISREGARD STOP SIGN OR LIGHT; DRIVER INATTENTION,BEXAR,2025-04-07,N - NOT INJURED,0,NO DATA,No Data,No Data,,No Data,No Data,No Data,78121,78121,No,2FMDK4AK1BBA38787,21,1 - MALE,N - NOT INJURED,0,1,1 - FRONT LEFT OR MOTORCYCLE DRIVER
20744530,Yes,BEXAR COUNTY LAW ENFORCEMENT,BCSO-2025-0136495,OUTSIDE CITY LIMITS,DISREGARD STOP SIGN OR LIGHT; DRIVER INATTENTION,BEXAR,2025-04-07,N - NOT INJURED,0,NO DATA,No Data,No Data,,No Data,No Data,No Data,78253,78253,No,3N1CE2CP6GL400289,45,1 - MALE,N - NOT INJURED,0,1,1 - FRONT LEFT OR MOTORCYCLE DRIVER
20744530,Yes,BEXAR COUNTY LAW ENFORCEMENT,BCSO-2025-0136495,OUTSIDE CITY LIMITS,DISREGARD STOP SIGN OR LIGHT; DRIVER INATTENTION,BEXAR,2025-04-07,N - NOT INJURED,0,NO DATA,No Data,No Data,,No Data,No Data,No Data,78253,78253,No,3N1CE2CP6GL400289,23,1 - MALE,N - NOT INJURED,0,2,4 - SECOND SEAT LEFT OR MOTORCYCLE BACK PASSENGER
20744530,Yes,BEXAR COUNTY LAW ENFORCEMENT,BCSO-2025-0136495,OUTSIDE CITY LIMITS,DISREGARD STOP SIGN OR LIGHT; DRIVER INATTENTION,BEXAR,2025-04-07,N - NOT INJURED,0,NO DATA,No Data,No Data,,No Data,No Data,No Data,78253,78253,No,3N1CE2CP6GL400289,44,1 - MALE,N - NOT INJURED,0,3,3 - FRONT RIGHT
20744557,No,AUSTIN POLICE DEPARTMENT,250970124,OUTSIDE CITY LIMITS,OTHER (EXPLAIN IN NARRATIVE),TRAVIS,2025-04-07,N - NOT INJURED,0,NO DATA,87 - DELL CHILDRENS MEDICAL CENTER,6.626,AR,98 - OTHER (EXPLAIN IN NARRATIVE),No Data,No Data,78754,78754,No,1FTRF12W54NA92311,22,1 - MALE,N - NOT INJURED,0,1,1 - FRONT LEFT OR MOTORCYCLE DRIVER
20744557,No,AUSTIN POLICE DEPARTMENT,250970124,OUTSIDE CITY LIMITS,OTHER (EXPLAIN IN NARRATIVE),TRAVIS,2025-04-07,N - NOT INJURED,0,NO DATA,87 - DELL CHILDRENS MEDICAL CENTER,6.626,AR,98 - OTHER (EXPLAIN IN NARRATIVE),No Data,No Data,78754,78754,No,1FTRF12W54NA92311,No Data,1 - MALE,N - NOT INJURED,0,2,3 - FRONT RIGHT
20744558,Yes,AUSTIN POLICE DEPARTMENT,250970142,AUSTIN,UNDER INFLUENCE - ALCOHOL;OTHER (EXPLAIN IN NARRATIVE),TRAVIS,2025-04-07,N - NOT INJURED,0,NO DATA,87 - DELL CHILDRENS MEDICAL CENTER,2.299,A,67 - INTOXICATED - ALCOHOL,No Data,No Data,,,No,1FTYR14V92PB65933,No Data,1 - MALE,N - NOT INJURED,0,1,1 - FRONT LEFT OR MOTORCYCLE DRIVER
20744558,Yes,AUSTIN POLICE DEPARTMENT,250970142,AUSTIN,UNDER INFLUENCE - ALCOHOL;OTHER (EXPLAIN IN NARRATIVE),TRAVIS,2025-04-07,N - NOT INJURED,0,NO DATA,87 - DELL CHILDRENS MEDICAL CENTER,2.299,A,98 - OTHER (EXPLAIN IN NARRATIVE),No Data,No Data,,,No,1FM5K8AB5PGB99512,No Data,1 - MALE,N - NOT INJURED,0,1,1 - FRONT LEFT OR MOTORCYCLE DRIVER
20744560,Yes,AUSTIN POLICE DEPARTMENT,250970178,AUSTIN,UNDER INFLUENCE - ALCOHOL; WRONG WAY - ONE WAY ROAD,TRAVIS,2025-04-07,B - SUSPECTED MINOR INJURY,0,NO DATA,7 - ASCENSION SETON SOUTHWEST,3.557,VI,71 - WRONG WAY - ONE WAY ROAD,No Data,No Data,76106,76106,No,3GCRCSEA6AG176771,24,1 - MALE,B - SUSPECTED MINOR INJURY,1,1,1 - FRONT LEFT OR MOTORCYCLE DRIVER
20744560,Yes,AUSTIN POLICE DEPARTMENT,250970178,AUSTIN,UNDER INFLUENCE - ALCOHOL; WRONG WAY - ONE WAY ROAD,TRAVIS,2025-04-07,B - SUSPECTED MINOR INJURY,0,NO DATA,7 - ASCENSION SETON SOUTHWEST,3.557,VI,71 - WRONG WAY - ONE WAY ROAD,No Data,No Data,76106,76106,No,3GCRCSEA6AG176771,No Data,1 - MALE,B - SUSPECTED MINOR INJURY,1,2,3 - FRONT RIGHT
20744562,Yes,AUSTIN POLICE DEPARTMENT,250970279,AUSTIN,FAULTY EVASIVE ACTION,WILLIAMSON,2025-04-07,B - SUSPECTED MINOR INJURY,0,NO DATA,6 - ASCENSION SETON NORTHWEST,4.597,AM,No Data,No Data,No Data,78729,78734,No,5N1AL0MN2FC527560,20,1 - MALE,B - SUSPECTED MINOR INJURY,1,1,1 - FRONT LEFT OR MOTORCYCLE DRIVER
20744563,Yes,AUSTIN POLICE DEPARTMENT,250970248,AUSTIN,CHANGED LANE WHEN UNSAFE,TRAVIS,2025-04-07,B - SUSPECTED MINOR INJURY,0,NO DATA,195 - NORTH AUSTIN MEDICAL CENTER,3.279,WA,No Data,No Data,No Data,78754,78754,No,JF1GJAA6XFH004979,27,1 - MALE,B - SUSPECTED MINOR INJURY,1,1,1 - FRONT LEFT OR MOTORCYCLE DRIVER
20744564,Yes,AUSTIN POLICE DEPARTMENT,250970346,OUTSIDE CITY LIMITS,DRIVER INATTENTION,TRAVIS,2025-04-07,N - NOT INJURED,0,NO DATA,224 - ROUND ROCK MEDICAL CENTER,4.155,WA,20 - DRIVER INATTENTION,No Data,No Data,78660,78611,No,ZACNJABB4KPK93631,24,2 - FEMALE,99 - UNKNOWN,0,1,1 - FRONT LEFT OR MOTORCYCLE DRIVER
20744564,Yes,AUSTIN POLICE DEPARTMENT,250970346,OUTSIDE CITY LIMITS,DRIVER INATTENTION,TRAVIS,2025-04-07,N - NOT INJURED,0,NO DATA,224 - ROUND ROCK MEDICAL CENTER,4.155,WA,No Data,No Data,No Data,78724,78724,No,5NPEB4AC9BH239097,50,1 - MALE,N - NOT INJURED,0,1,1 - FRONT LEFT OR MOTORCYCLE DRIVER
20744564,Yes,AUSTIN POLICE DEPARTMENT,250970346,OUTSIDE CITY LIMITS,DRIVER INATTENTION,TRAVIS,2025-04-07,N - NOT INJURED,0,NO DATA,224 - ROUND ROCK MEDICAL CENTER,4.155,WA,No Data,No Data,No Data,78724,78724,No,5NPEB4AC9BH239097,34,2 - FEMALE,N - NOT INJURED,0,2,6 - SECOND SEAT RIGHT
20744566,Yes,AUSTIN POLICE DEPARTMENT,250970368,AUSTIN,OTHER (EXPLAIN IN NARRATIVE),TRAVIS,2025-04-07,N - NOT INJURED,0,NO DATA,No Data,No Data,KE,No Data,No Data,No Data,78660,78660,No,LRBFX2SA4LD123156,47,2 - FEMALE,N - NOT INJURED,0,1,1 - FRONT LEFT OR MOTORCYCLE DRIVER
20744566,Yes,AUSTIN POLICE DEPARTMENT,250970368,AUSTIN,OTHER (EXPLAIN IN NARRATIVE),TRAVIS,2025-04-07,N - NOT INJURED,0,NO DATA,No Data,No Data,KE,No Data,No Data,No Data,78723,78719,No,KM8K23AG6PU180583,45,1 - MALE,N - NOT INJURED,0,1,1 - FRONT LEFT OR MOTORCYCLE DRIVER
20744566,Yes,AUSTIN POLICE DEPARTMENT,250970368,AUSTIN,OTHER (EXPLAIN IN NARRATIVE),TRAVIS,2025-04-07,N - NOT INJURED,0,NO DATA,No Data,No Data,KE,No Data,No Data,No Data,78723,78719,No,KM8K23AG6PU180583,24,1 - MALE,N - NOT INJURED,0,2,3 - FRONT RIGHT
20744567,Yes,AUSTIN POLICE DEPARTMENT,250970299,AUSTIN,FAILED TO CONTROL SPEED,TRAVIS,2025-04-07,B - SUSPECTED MINOR INJURY,0,NO DATA,91 - DELL SETON MEDICAL CENTER AT THE UNIVERSITY OF TEXAS,4.803,NR,22 - FAILED TO CONTROL SPEED,No Data,No Data,78723,78723,No,19XFB2F87CE068899,34,1 - MALE,N - NOT INJURED,0,1,1 - FRONT LEFT OR MOTORCYCLE DRIVER
20744567,Yes,AUSTIN POLICE DEPARTMENT,250970299,AUSTIN,FAILED TO CONTROL SPEED,TRAVIS,2025-04-07,B - SUSPECTED MINOR INJURY,0,NO DATA,91 - DELL SETON MEDICAL CENTER AT THE UNIVERSITY OF TEXAS,4.803,NR,No Data,No Data,No Data,78617,78617,No,5FNYF3H24AB006590,39,2 - FEMALE,B - SUSPECTED MINOR INJURY,1,1,1 - FRONT LEFT OR MOTORCYCLE DRIVER
20744567,Yes,AUSTIN POLICE DEPARTMENT,250970299,AUSTIN,FAILED TO CONTROL SPEED,TRAVIS,2025-04-07,B - SUSPECTED MINOR INJURY,0,NO DATA,91 - DELL SETON MEDICAL CENTER AT THE UNIVERSITY OF TEXAS,4.803,NR,No Data,No Data,No Data,78617,78617,No,5FNYF3H24AB006590,46,2 - FEMALE,N - NOT INJURED,0,2,3 - FRONT RIGHT
20744567,Yes,AUSTIN POLICE DEPARTMENT,250970299,AUSTIN,FAILED TO CONTROL SPEED,TRAVIS,2025-04-07,B - SUSPECTED MINOR INJURY,0,NO DATA,91 - DELL SETON MEDICAL CENTER AT THE UNIVERSITY OF TEXAS,4.803,NR,No Data,No Data,No Data,78702,78702,No,SADCK2FX7JA269409,36,1 - MALE,N - NOT INJURED,0,1,1 - FRONT LEFT OR MOTORCYCLE DRIVER
20744567,Yes,AUSTIN POLICE DEPARTMENT,250970299,AUSTIN,FAILED TO CONTROL SPEED,TRAVIS,2025-04-07,B - SUSPECTED MINOR INJURY,0,NO DATA,91 - DELL SETON MEDICAL CENTER AT THE UNIVERSITY OF TEXAS,4.803,NR,No Data,No Data,No Data,78721,78721,No,KM8K22AA3KU388239,33,2 - FEMALE,N - NOT INJURED,0,1,1 - FRONT LEFT OR MOTORCYCLE DRIVER
20744568,Yes,AUSTIN POLICE DEPARTMENT,250970398,AUSTIN,DRIVER INATTENTION,TRAVIS,2025-04-07,N - NOT INJURED,0,NO DATA,4 - ASCENSION SETON HAYS,7.546,AN,20 - DRIVER INATTENTION,No Data,No Data,78610,78610,No,SAJAR4BG6HA963018,44,2 - FEMALE,N - NOT INJURED,0,1,1 - FRONT LEFT OR MOTORCYCLE DRIVER
20744568,Yes,AUSTIN POLICE DEPARTMENT,250970398,AUSTIN,DRIVER INATTENTION,TRAVIS,2025-04-07,N - NOT INJURED,0,NO DATA,4 - ASCENSION SETON HAYS,7.546,AN,No Data,No Data,No Data,78610,78610,No,5N1AT2MT6LC713804,34,2 - FEMALE,N - NOT INJURED,0,1,1 - FRONT LEFT OR MOTORCYCLE DRIVER
20744569,Yes,AUSTIN POLICE DEPARTMENT,250970634,AUSTIN,FOLLOWED TOO CLOSELY,TRAVIS,2025-04-07,N - NOT INJURED,0,NO DATA,195 - NORTH AUSTIN MEDICAL CENTER,3.633,WA,44 - FOLLOWED TOO CLOSELY,No Data,No Data,79936,79936,No,3N1AB8BV7MY230137,21,2 - FEMALE,N - NOT INJURED,0,1,1 - FRONT LEFT OR MOTORCYCLE DRIVER
20744569,Yes,AUSTIN POLICE DEPARTMENT,250970634,AUSTIN,FOLLOWED TOO CLOSELY,TRAVIS,2025-04-07,N - NOT INJURED,0,NO DATA,195 - NORTH AUSTIN MEDICAL CENTER,3.633,WA,44 - FOLLOWED TOO CLOSELY,No Data,No Data,78653,78653,No,1N4AL21E79C102981,21,2 - FEMALE,N - NOT INJURED,0,1,1 - FRONT LEFT OR MOTORCYCLE DRIVER
20744569,Yes,AUSTIN POLICE DEPARTMENT,250970634,AUSTIN,FOLLOWED TOO CLOSELY,TRAVIS,2025-04-07,N - NOT INJURED,0,NO DATA,195 - NORTH AUSTIN MEDICAL CENTER,3.633,WA,No Data,No Data,No Data,78665,78665,No,WDDDJ72X49A153219,44,2 - FEMALE,N - NOT INJURED,0,1,1 - FRONT LEFT OR MOTORCYCLE DRIVER
20744573,Yes,PEARLAND POLICE DEPARTMENT,25-002984,PEARLAND,FATIGUED OR ASLEEP; FOLLOWED TOO CLOSELY,BRAZORIA,2025-04-07,N - NOT INJURED,0,NO DATA,166 - MEMORIAL HERMANN SOUTHEAST HOSPITAL,3.336,,44 - FOLLOWED TOO CLOSELY,No Data,No Data,77581,77581,No,1C4PJLCBXHW649954,20,1 - MALE,N - NOT INJURED,0,1,1 - FRONT LEFT OR MOTORCYCLE DRIVER
20744573,Yes,PEARLAND POLICE DEPARTMENT,25-002984,PEARLAND,FATIGUED OR ASLEEP; FOLLOWED TOO CLOSELY,BRAZORIA,2025-04-07,N - NOT INJURED,0,NO DATA,166 - MEMORIAL HERMANN SOUTHEAST HOSPITAL,3.336,,No Data,No Data,No Data,77048,77048,No,1FMCU0G65MUA01893,76,2 - FEMALE,N - NOT INJURED,0,1,1 - FRONT LEFT OR MOTORCYCLE DRIVER
20744574,Yes,PEARLAND POLICE DEPARTMENT,25-002996,PEARLAND,FAILED TO YIELD RIGHT OF WAY - YIELD SIGN,BRAZORIA,2025-04-07,N - NOT INJURED,0,NO DATA,169 - MEMORIAL HERMANN PEARLAND HOSPITAL,1.067,,39 - FAILED TO YIELD RIGHT OF WAY - YIELD SIGN,No Data,No Data,77583,77583,No,5NPD84LF8LH585192,27,2 - FEMALE,N - NOT INJURED,0,1,1 - FRONT LEFT OR MOTORCYCLE DRIVER
20744574,Yes,PEARLAND POLICE DEPARTMENT,25-002996,PEARLAND,FAILED TO YIELD RIGHT OF WAY - YIELD SIGN,BRAZORIA,2025-04-07,N - NOT INJURED,0,NO DATA,169 - MEMORIAL HERMANN PEARLAND HOSPITAL,1.067,,No Data,No Data,No Data,77584,77584,No,5TDAAAA62RS001607,47,2 - FEMALE,N - NOT INJURED,0,1,1 - FRONT LEFT OR MOTORCYCLE DRIVER
20744574,Yes,PEARLAND POLICE DEPARTMENT,25-002996,PEARLAND,FAILED TO YIELD RIGHT OF WAY - YIELD SIGN,BRAZORIA,2025-04-07,N - NOT INJURED,0,NO DATA,169 - MEMORIAL HERMANN PEARLAND HOSPITAL,1.067,,No Data,No Data,No Data,77584,77584,No,5TDAAAA62RS001607,5,1 - MALE,N - NOT INJURED,0,2,6 - SECOND SEAT RIGHT
20744575,Yes,PEARLAND POLICE DEPARTMENT,25-002991,PEARLAND,CHANGED LANE WHEN UNSAFE,BRAZORIA,2025-04-07,N - NOT INJURED,0,NO DATA,166 - MEMORIAL HERMANN SOUTHEAST HOSPITAL,3.55,,4 - CHANGED LANE WHEN UNSAFE,No Data,No Data,77581,77581,No,1GCRCSE03DZ135400,56,1 - MALE,N - NOT INJURED,0,1,1 - FRONT LEFT OR MOTORCYCLE DRIVER
20744575,Yes,PEARLAND POLICE DEPARTMENT,25-002991,PEARLAND,CHANGED LANE WHEN UNSAFE,BRAZORIA,2025-04-07,N - NOT INJURED,0,NO DATA,166 - MEMORIAL HERMANN SOUTHEAST HOSPITAL,3.55,,No Data,No Data,No Data,76629,76629,No,1FT7W2BT4JEB28276,34,1 - MALE,N - NOT INJURED,0,1,1 - FRONT LEFT OR MOTORCYCLE DRIVER
20744576,Yes,PEARLAND POLICE DEPARTMENT,25-003011,PEARLAND,BACKED WITHOUT SAFETY,BRAZORIA,2025-04-07,N - NOT INJURED,0,NO DATA,166 - MEMORIAL HERMANN SOUTHEAST HOSPITAL,4.478,,3 - BACKED WITHOUT SAFETY,No Data,No Data,77581,77581,No,1FMFU17558LA38853,38,1 - MALE,N - NOT INJURED,0,1,1 - FRONT LEFT OR MOTORCYCLE DRIVER
20744576,Yes,PEARLAND POLICE DEPARTMENT,25-003011,PEARLAND,BACKED WITHOUT SAFETY,BRAZORIA,2025-04-07,N - NOT INJURED,0,NO DATA,166 - MEMORIAL HERMANN SOUTHEAST HOSPITAL,4.478,,No Data,No Data,No Data,77581,77581,No,WDDGF4HB0CR205138,20,1 - MALE,N - NOT INJURED,0,1,1 - FRONT LEFT OR MOTORCYCLE DRIVER
20744577,No,PEARLAND POLICE DEPARTMENT,25-003000,PEARLAND,FAILED TO CONTROL SPEED,BRAZORIA,2025-04-07,N - NOT INJURED,0,NO DATA,169 - MEMORIAL HERMANN PEARLAND HOSPITAL,1.065,,22 - FAILED TO CONTROL SPEED,No Data,No Data,,,Yes,No Data,No Data,1 - MALE,99 - UNKNOWN,0,1,1 - FRONT LEFT OR MOTORCYCLE DRIVER
20744577,No,PEARLAND POLICE DEPARTMENT,25-003000,PEARLAND,FAILED TO CONTROL SPEED,BRAZORIA,2025-04-07,N - NOT INJURED,0,NO DATA,169 - MEMORIAL HERMANN PEARLAND HOSPITAL,1.065,,No Data,No Data,No Data,77061,77061,No,3GNAXHEGXRL215946,52,2 - FEMALE,N - NOT INJURED,0,1,1 - FRONT LEFT OR MOTORCYCLE DRIVER
20744578,Yes,PEARLAND POLICE DEPARTMENT,25-002993,PEARLAND,CHANGED LANE WHEN UNSAFE,BRAZORIA,2025-04-07,N - NOT INJURED,0,NO DATA,124 - HCA HOUSTON HEALTHCARE PEARLAND,0.203,,4 - CHANGED LANE WHEN UNSAFE,No Data,No Data,77583,77583,No,1D4HB48N46F183612,21,2 - FEMALE,N - NOT INJURED,0,1,1 - FRONT LEFT OR MOTORCYCLE DRIVER
20744578,Yes,PEARLAND POLICE DEPARTMENT,25-002993,PEARLAND,CHANGED LANE WHEN UNSAFE,BRAZORIA,2025-04-07,N - NOT INJURED,0,NO DATA,124 - HCA HOUSTON HEALTHCARE PEARLAND,0.203,,No Data,No Data,No Data,77047,77045,No,4T1DAACK8SU569204,55,2 - FEMALE,N - NOT INJURED,0,1,1 - FRONT LEFT OR MOTORCYCLE DRIVER
20744578,Yes,PEARLAND POLICE DEPARTMENT,25-002993,PEARLAND,CHANGED LANE WHEN UNSAFE,BRAZORIA,2025-04-07,N - NOT INJURED,0,NO DATA,124 - HCA HOUSTON HEALTHCARE PEARLAND,0.203,,No Data,No Data,No Data,77047,77045,No,4T1DAACK8SU569204,8,1 - MALE,N - NOT INJURED,0,2,4 - SECOND SEAT LEFT OR MOTORCYCLE BACK PASSENGER
20744610,Yes,"DEPARTMENT OF PUBLIC SAFETY, STATE OF TEXAS",TX2025-540972,OUTSIDE CITY LIMITS,FAILED TO DRIVE IN SINGLE LANE,HASKELL,2025-04-07,N - NOT INJURED,0,NO DATA,140 - KNOX COUNTY HOSPITAL,9.58,5C,23 - FAILED TO DRIVE IN SINGLE LANE,No Data,No Data,76380,76380,No,KL7CJPSB8MB321938,29,1 - MALE,N - NOT INJURED,0,1,1 - FRONT LEFT OR MOTORCYCLE DRIVER
20744622,Yes,AUSTIN POLICE DEPARTMENT,250970823,AUSTIN,DRIVER INATTENTION,TRAVIS,2025-04-07,B - SUSPECTED MINOR INJURY,0,NO DATA,87 - DELL CHILDRENS MEDICAL CENTER,2.085,A,No Data,No Data,No Data,75071,75071,No,5FNYF3H54EB003933,55,2 - FEMALE,N - NOT INJURED,0,1,1 - FRONT LEFT OR MOTORCYCLE DRIVER
20744622,Yes,AUSTIN POLICE DEPARTMENT,250970823,AUSTIN,DRIVER INATTENTION,TRAVIS,2025-04-07,B - SUSPECTED MINOR INJURY,0,NO DATA,87 - DELL CHILDRENS MEDICAL CENTER,2.085,A,No Data,No Data,No Data,75071,75071,No,5FNYF3H54EB003933,82,2 - FEMALE,N - NOT INJURED,0,2,3 - FRONT RIGHT
20744622,Yes,AUSTIN POLICE DEPARTMENT,250970823,AUSTIN,DRIVER INATTENTION,TRAVIS,2025-04-07,B - SUSPECTED MINOR INJURY,0,NO DATA,87 - DELL CHILDRENS MEDICAL CENTER,2.085,A,No Data,No Data,No Data,75071,75071,No,5FNYF3H54EB003933,83,1 - MALE,N - NOT INJURED,0,3,6 - SECOND SEAT RIGHT
20744622,Yes,AUSTIN POLICE DEPARTMENT,250970823,AUSTIN,DRIVER INATTENTION,TRAVIS,2025-04-07,B - SUSPECTED MINOR INJURY,0,NO DATA,87 - DELL CHILDRENS MEDICAL CENTER,2.085,A,No Data,No Data,No Data,78758,78758,No,JM1GL1U5XH1153556,35,2 - FEMALE,B - SUSPECTED MINOR INJURY,1,1,1 - FRONT LEFT OR MOTORCYCLE DRIVER
20744623,No,AUSTIN POLICE DEPARTMENT,250970944,AUSTIN,DRIVER INATTENTION,TRAVIS,2025-04-07,C - POSSIBLE INJURY,0,NO DATA,243 - ST. DAVIDS SOUTH AUSTIN MEDICAL CENTER,3.924,,No Data,No Data,No Data,78253,79701,No,2GCEC19V341308002,31,1 - MALE,N - NOT INJURED,0,1,1 - FRONT LEFT OR MOTORCYCLE DRIVER
20744623,No,AUSTIN POLICE DEPARTMENT,250970944,AUSTIN,DRIVER INATTENTION,TRAVIS,2025-04-07,C - POSSIBLE INJURY,0,NO DATA,243 - ST. DAVIDS SOUTH AUSTIN MEDICAL CENTER,3.924,,No Data,No Data,No Data,78253,79701,No,2GCEC19V341308002,23,1 - MALE,N - NOT INJURED,0,2,3 - FRONT RIGHT
20744623,No,AUSTIN POLICE DEPARTMENT,250970944,AUSTIN,DRIVER INATTENTION,TRAVIS,2025-04-07,C - POSSIBLE INJURY,0,NO DATA,243 - ST. DAVIDS SOUTH AUSTIN MEDICAL CENTER,3.924,,No Data,No Data,No Data,78758,78729,No,1GNFC130X9R154461,41,1 - MALE,N - NOT INJURED,0,1,1 - FRONT LEFT OR MOTORCYCLE DRIVER
20744623,No,AUSTIN POLICE DEPARTMENT,250970944,AUSTIN,DRIVER INATTENTION,TRAVIS,2025-04-07,C - POSSIBLE INJURY,0,NO DATA,243 - ST. DAVIDS SOUTH AUSTIN MEDICAL CENTER,3.924,,No Data,No Data,No Data,78758,78729,No,1GNFC130X9R154461,39,2 - FEMALE,C - POSSIBLE INJURY,0,2,3 - FRONT RIGHT
20744624,No,AUSTIN POLICE DEPARTMENT,250971046,AUSTIN,DRIVER INATTENTION,TRAVIS,2025-04-07,N - NOT INJURED,0,NO DATA,87 - DELL CHILDRENS MEDICAL CENTER,2.467,AR,20 - DRIVER INATTENTION,No Data,No Data,76513,76513,No,1FTYR44U82PA20729,51,1 - MALE,N - NOT INJURED,0,1,1 - FRONT LEFT OR MOTORCYCLE DRIVER
20744624,No,AUSTIN POLICE DEPARTMENT,250971046,AUSTIN,DRIVER INATTENTION,TRAVIS,2025-04-07,N - NOT INJURED,0,NO DATA,87 - DELL CHILDRENS MEDICAL CENTER,2.467,AR,20 - DRIVER INATTENTION,No Data,No Data,78617,78617,No,1FM5K7F81FGC48548,36,1 - MALE,N - NOT INJURED,0,1,1 - FRONT LEFT OR MOTORCYCLE DRIVER
20744625,No,AUSTIN POLICE DEPARTMENT,250971067,AUSTIN,FOLLOWED TOO CLOSELY,TRAVIS,2025-04-07,N - NOT INJURED,0,NO DATA,4 - ASCENSION SETON HAYS,7.402,AN,44 - FOLLOWED TOO CLOSELY,No Data,No Data,78253,78253,No,1G1ZD5ST3NF192995,28,1 - MALE,N - NOT INJURED,0,1,1 - FRONT LEFT OR MOTORCYCLE DRIVER
20744625,No,AUSTIN POLICE DEPARTMENT,250971067,AUSTIN,FOLLOWED TOO CLOSELY,TRAVIS,2025-04-07,N - NOT INJURED,0,NO DATA,4 - ASCENSION SETON HAYS,7.402,AN,No Data,No Data,No Data,78701,78701,No,1FMJU1FT0NEA38236,52,1 - MALE,N - NOT INJURED,0,1,1 - FRONT LEFT OR MOTORCYCLE DRIVER
20744626,Yes,AUSTIN POLICE DEPARTMENT,250971180,AUSTIN,OTHER (EXPLAIN IN NARRATIVE),TRAVIS,2025-04-07,B - SUSPECTED MINOR INJURY,0,NO DATA,87 - DELL CHILDRENS MEDICAL CENTER,1.603,A,98 - OTHER (EXPLAIN IN NARRATIVE),No Data,No Data,78723,78723,No,5XXGM4A72EG334378,77,1 - MALE,B - SUSPECTED MINOR INJURY,1,1,1 - FRONT LEFT OR MOTORCYCLE DRIVER
20744629,Yes,AUSTIN POLICE DEPARTMENT,250971135,AUSTIN,TURNED WHEN UNSAFE,TRAVIS,2025-04-07,B - SUSPECTED MINOR INJURY,0,NO DATA,243 - ST. DAVIDS SOUTH AUSTIN MEDICAL CENTER,2.417,AN,No Data,No Data,No Data,78745,78566,No,JYARM32E1NA002830,38,1 - MALE,B - SUSPECTED MINOR INJURY,1,1,1 - FRONT LEFT OR MOTORCYCLE DRIVER
20744629,Yes,AUSTIN POLICE DEPARTMENT,250971135,AUSTIN,TURNED WHEN UNSAFE,TRAVIS,2025-04-07,B - SUSPECTED MINOR INJURY,0,NO DATA,243 - ST. DAVIDS SOUTH AUSTIN MEDICAL CENTER,2.417,AN,66 - TURNED WHEN UNSAFE,No Data,No Data,78748,78748,No,JTEEU5JR8M5249350,45,1 - MALE,N - NOT INJURED,0,1,1 - FRONT LEFT OR MOTORCYCLE DRIVER
20744629,Yes,AUSTIN POLICE DEPARTMENT,250971135,AUSTIN,TURNED WHEN UNSAFE,TRAVIS,2025-04-07,B - SUSPECTED MINOR INJURY,0,NO DATA,243 - ST. DAVIDS SOUTH AUSTIN MEDICAL CENTER,2.417,AN,No Data,No Data,No Data,78666,78666,No,5TETX62N36Z197940,60,1 - MALE,N - NOT INJURED,0,1,1 - FRONT LEFT OR MOTORCYCLE DRIVER
20744629,Yes,AUSTIN POLICE DEPARTMENT,250971135,AUSTIN,TURNED WHEN UNSAFE,TRAVIS,2025-04-07,B - SUSPECTED MINOR INJURY,0,NO DATA,243 - ST. DAVIDS SOUTH AUSTIN MEDICAL CENTER,2.417,AN,No Data,No Data,No Data,78666,78666,No,5TETX62N36Z197940,49,2 - FEMALE,N - NOT INJURED,0,2,3 - FRONT RIGHT
20744630,Yes,AUSTIN POLICE DEPARTMENT,250971307,AUSTIN,CHANGED LANE WHEN UNSAFE,TRAVIS,2025-04-07,B - SUSPECTED MINOR INJURY,0,NO DATA,243 - ST. DAVIDS SOUTH AUSTIN MEDICAL CENTER,4.581,AN,No Data,No Data,No Data,78610,78610,No,JN8DR09Y14W918167,30,2 - FEMALE,B - SUSPECTED MINOR INJURY,1,1,1 - FRONT LEFT OR MOTORCYCLE DRIVER
20744630,Yes,AUSTIN POLICE DEPARTMENT,250971307,AUSTIN,CHANGED LANE WHEN UNSAFE,TRAVIS,2025-04-07,B - SUSPECTED MINOR INJURY,0,NO DATA,243 - ST. DAVIDS SOUTH AUSTIN MEDICAL CENTER,4.581,AN,No Data,No Data,No Data,78640,78640,No,1D7RB1GTXBS567675,58,2 - FEMALE,N - NOT INJURED,0,1,1 - FRONT LEFT OR MOTORCYCLE DRIVER
20744630,Yes,AUSTIN POLICE DEPARTMENT,250971307,AUSTIN,CHANGED LANE WHEN UNSAFE,TRAVIS,2025-04-07,B - SUSPECTED MINOR INJURY,0,NO DATA,243 - ST. DAVIDS SOUTH AUSTIN MEDICAL CENTER,4.581,AN,No Data,No Data,No Data,78640,78640,No,3C4NJCBB5KT654713,45,2 - FEMALE,N - NOT INJURED,0,1,1 - FRONT LEFT OR MOTORCYCLE DRIVER
20744631,Yes,AUSTIN POLICE DEPARTMENT,250971416,AUSTIN,DRIVER INATTENTION,TRAVIS,2025-04-07,B - SUSPECTED MINOR INJURY,0,NO DATA,243 - ST. DAVIDS SOUTH AUSTIN MEDICAL CENTER,3.211,AN,No Data,No Data,No Data,78763,78763,No,ZACNJAAB7KPK15023,22,1 - MALE,N - NOT INJURED,0,1,1 - FRONT LEFT OR MOTORCYCLE DRIVER
20744631,Yes,AUSTIN POLICE DEPARTMENT,250971416,AUSTIN,DRIVER INATTENTION,TRAVIS,2025-04-07,B - SUSPECTED MINOR INJURY,0,NO DATA,243 - ST. DAVIDS SOUTH AUSTIN MEDICAL CENTER,3.211,AN,No Data,No Data,No Data,78763,78763,No,ZACNJAAB7KPK15023,31,2 - FEMALE,N - NOT INJURED,0,2,3 - FRONT RIGHT
20744631,Yes,AUSTIN POLICE DEPARTMENT,250971416,AUSTIN,DRIVER INATTENTION,TRAVIS,2025-04-07,B - SUSPECTED MINOR INJURY,0,NO DATA,243 - ST. DAVIDS SOUTH AUSTIN MEDICAL CENTER,3.211,AN,No Data,No Data,No Data,78744,78744,No,1HGCR2F72GA213590,21,2 - FEMALE,B - SUSPECTED MINOR INJURY,1,1,1 - FRONT LEFT OR MOTORCYCLE DRIVER
20744631,Yes,AUSTIN POLICE DEPARTMENT,250971416,AUSTIN,DRIVER INATTENTION,TRAVIS,2025-04-07,B - SUSPECTED MINOR INJURY,0,NO DATA,243 - ST. DAVIDS SOUTH AUSTIN MEDICAL CENTER,3.211,AN,No Data,No Data,No Data,78744,78744,No,1HGCR2F72GA213590,0,1 - MALE,N - NOT INJURED,0,2,6 - SECOND SEAT RIGHT
20744631,Yes,AUSTIN POLICE DEPARTMENT,250971416,AUSTIN,DRIVER INATTENTION,TRAVIS,2025-04-07,B - SUSPECTED MINOR INJURY,0,NO DATA,243 - ST. DAVIDS SOUTH AUSTIN MEDICAL CENTER,3.211,AN,No Data,No Data,No Data,78747,78747,No,JN8AF5MRXDT208713,29,2 - FEMALE,B - SUSPECTED MINOR INJURY,1,1,1 - FRONT LEFT OR MOTORCYCLE DRIVER
20744636,Yes,BOWIE POLICE DEPARTMENT,,BOWIE,DRIVER INATTENTION; FAILED TO CONTROL SPEED; FAULTY EVASIVE ACTION,MONTAGUE,2025-04-07,C - POSSIBLE INJURY,0,NO DATA,194 - NOCONA GENERAL HOSPITAL,16.551,,No Data,No Data,No Data,76230,76230,No,5GAERBKW0JJ216310,74,2 - FEMALE,N - NOT INJURED,0,1,1 - FRONT LEFT OR MOTORCYCLE DRIVER
20744636,Yes,BOWIE POLICE DEPARTMENT,,BOWIE,DRIVER INATTENTION; FAILED TO CONTROL SPEED; FAULTY EVASIVE ACTION,MONTAGUE,2025-04-07,C - POSSIBLE INJURY,0,NO DATA,194 - NOCONA GENERAL HOSPITAL,16.551,,No Data,No Data,No Data,76230,76230,No,5GAERBKW0JJ216310,79,1 - MALE,N - NOT INJURED,0,2,3 - FRONT RIGHT
20744636,Yes,BOWIE POLICE DEPARTMENT,,BOWIE,DRIVER INATTENTION; FAILED TO CONTROL SPEED; FAULTY EVASIVE ACTION,MONTAGUE,2025-04-07,C - POSSIBLE INJURY,0,NO DATA,194 - NOCONA GENERAL HOSPITAL,16.551,,20 - DRIVER INATTENTION,41 - FAULTY EVASIVE ACTION,22 - FAILED TO CONTROL SPEED,73569,73569,No,3N1AB7AP9HL652202,17,2 - FEMALE,C - POSSIBLE INJURY,0,1,1 - FRONT LEFT OR MOTORCYCLE DRIVER
20744641,Yes,LA FERIA POLICE DEPARTMENT,2503227,LA FERIA,FAILED TO GIVE HALF OF ROADWAY,CAMERON,2025-04-07,N - NOT INJURED,0,NO DATA,119 - HARLINGEN MEDICAL CENTER,9.126,,24 - FAILED TO GIVE HALF OF ROADWAY,No Data,No Data,78570,78559,No,4DRBUAAN4CB397505,68,1 - MALE,N - NOT INJURED,0,1,1 - FRONT LEFT OR MOTORCYCLE DRIVER
20744641,Yes,LA FERIA POLICE DEPARTMENT,2503227,LA FERIA,FAILED TO GIVE HALF OF ROADWAY,CAMERON,2025-04-07,N - NOT INJURED,0,NO DATA,119 - HARLINGEN MEDICAL CENTER,9.126,,24 - FAILED TO GIVE HALF OF ROADWAY,No Data,No Data,78570,78559,No,4DRBUAAN4CB397505,13,2 - FEMALE,N - NOT INJURED,0,2,14 - PASSENGER IN BUS
20744641,Yes,LA FERIA POLICE DEPARTMENT,2503227,LA FERIA,FAILED TO GIVE HALF OF ROADWAY,CAMERON,2025-04-07,N - NOT INJURED,0,NO DATA,119 - HARLINGEN MEDICAL CENTER,9.126,,24 - FAILED TO GIVE HALF OF ROADWAY,No Data,No Data,78570,78559,No,4DRBUAAN4CB397505,12,2 - FEMALE,N - NOT INJURED,0,3,14 - PASSENGER IN BUS
20744641,Yes,LA FERIA POLICE DEPARTMENT,2503227,LA FERIA,FAILED TO GIVE HALF OF ROADWAY,CAMERON,2025-04-07,N - NOT INJURED,0,NO DATA,119 - HARLINGEN MEDICAL CENTER,9.126,,24 - FAILED TO GIVE HALF OF ROADWAY,No Data,No Data,78570,78559,No,4DRBUAAN4CB397505,14,1 - MALE,N - NOT INJURED,0,4,14 - PASSENGER IN BUS
20744641,Yes,LA FERIA POLICE DEPARTMENT,2503227,LA FERIA,FAILED TO GIVE HALF OF ROADWAY,CAMERON,2025-04-07,N - NOT INJURED,0,NO DATA,119 - HARLINGEN MEDICAL CENTER,9.126,,No Data,No Data,No Data,78559,78599,No,1FT7W2A67JEB27957,68,1 - MALE,N - NOT INJURED,0,1,1 - FRONT LEFT OR MOTORCYCLE DRIVER
20744650,Yes,DALLAS COUNTY SHERIFF'S OFFICE,25-022191,DUNCANVILLE,CHANGED LANE WHEN UNSAFE,DALLAS,2025-04-07,N - NOT INJURED,0,NO DATA,177 - METHODIST CHARLTON MEDICAL CENTER,2.342,2,4 - CHANGED LANE WHEN UNSAFE,No Data,No Data,76137,72745,No,3HSDZAPR8RN362543,45,1 - MALE,N - NOT INJURED,0,1,1 - FRONT LEFT OR MOTORCYCLE DRIVER
20744650,Yes,DALLAS COUNTY SHERIFF'S OFFICE,25-022191,DUNCANVILLE,CHANGED LANE WHEN UNSAFE,DALLAS,2025-04-07,N - NOT INJURED,0,NO DATA,177 - METHODIST CHARLTON MEDICAL CENTER,2.342,2,No Data,No Data,No Data,,75233,Yes,1G6KD54Y02U133916,No Data,1 - MALE,99 - UNKNOWN,0,1,1 - FRONT LEFT OR MOTORCYCLE DRIVER
20744652,Yes,"DEPARTMENT OF PUBLIC SAFETY, STATE OF TEXAS",5471818,OUTSIDE CITY LIMITS,ANIMAL ON ROAD - DOMESTIC,BOSQUE,2025-04-07,N - NOT INJURED,0,NO DATA,105 - GOODALL-WITCHER HOSPITAL,14.379,6A,1 - ANIMAL ON ROAD - DOMESTIC,No Data,No Data,77479,77479,No,VNKKTUD35HA084213,28,2 - FEMALE,N - NOT INJURED,0,1,1 - FRONT LEFT OR MOTORCYCLE DRIVER
20744652,Yes,"DEPARTMENT OF PUBLIC SAFETY, STATE OF TEXAS",5471818,OUTSIDE CITY LIMITS,ANIMAL ON ROAD - DOMESTIC,BOSQUE,2025-04-07,N - NOT INJURED,0,NO DATA,105 - GOODALL-WITCHER HOSPITAL,14.379,6A,1 - ANIMAL ON ROAD - DOMESTIC,No Data,No Data,77479,77479,No,VNKKTUD35HA084213,15,2 - FEMALE,N - NOT INJURED,0,2,3 - FRONT RIGHT
20744652,Yes,"DEPARTMENT OF PUBLIC SAFETY, STATE OF TEXAS",5471818,OUTSIDE CITY LIMITS,ANIMAL ON ROAD - DOMESTIC,BOSQUE,2025-04-07,N - NOT INJURED,0,NO DATA,105 - GOODALL-WITCHER HOSPITAL,14.379,6A,1 - ANIMAL ON ROAD - DOMESTIC,No Data,No Data,,76058,No,1C6RR7PT8HS589151,No Data,2 - FEMALE,N - NOT INJURED,0,1,1 - FRONT LEFT OR MOTORCYCLE DRIVER
20744655,Yes,CELINA POLICE DEPARTMENT,25074607,OUTSIDE CITY LIMITS,DISTRACTION IN VEHICLE; DRIVER INATTENTION,DENTON,2025-04-07,N - NOT INJURED,0,NO DATA,"154 - MEDICAL CITY FRISCO, A MEDICAL CENTER OF PLANO FACILITY",7.848,,No Data,No Data,No Data,76227,76227,No,5TDZK3EH2CS088150,37,2 - FEMALE,N - NOT INJURED,0,1,1 - FRONT LEFT OR MOTORCYCLE DRIVER
20744655,Yes,CELINA POLICE DEPARTMENT,25074607,OUTSIDE CITY LIMITS,DISTRACTION IN VEHICLE; DRIVER INATTENTION,DENTON,2025-04-07,N - NOT INJURED,0,NO DATA,"154 - MEDICAL CITY FRISCO, A MEDICAL CENTER OF PLANO FACILITY",7.848,,No Data,No Data,No Data,76227,76227,No,WA1VAAF72JD033017,44,1 - MALE,N - NOT INJURED,0,1,1 - FRONT LEFT OR MOTORCYCLE DRIVER
20744655,Yes,CELINA POLICE DEPARTMENT,25074607,OUTSIDE CITY LIMITS,DISTRACTION IN VEHICLE; DRIVER INATTENTION,DENTON,2025-04-07,N - NOT INJURED,0,NO DATA,"154 - MEDICAL CITY FRISCO, A MEDICAL CENTER OF PLANO FACILITY",7.848,,No Data,No Data,No Data,76227,76227,No,WA1VAAF72JD033017,17,1 - MALE,N - NOT INJURED,0,2,3 - FRONT RIGHT
20744659,Yes,HOUSTON POLICE DEPARTMENT,0044387025X,HOUSTON,FAILED TO YIELD RIGHT OF WAY - STOP SIGN,HARRIS,2025-04-07,N - NOT INJURED,0,NO DATA,163 - MEMORIAL HERMANN GREATER HEIGHTS HOSPITAL,1.772,B,No Data,No Data,No Data,,No Data,Yes,No Data,No Data,2 - FEMALE,99 - UNKNOWN,0,1,99 - UNKNOWN
20744659,Yes,HOUSTON POLICE DEPARTMENT,0044387025X,HOUSTON,FAILED TO YIELD RIGHT OF WAY - STOP SIGN,HARRIS,2025-04-07,N - NOT INJURED,0,NO DATA,163 - MEMORIAL HERMANN GREATER HEIGHTS HOSPITAL,1.772,B,No Data,No Data,No Data,77022,77022,No,5N1BT3CBXPC812103,32,2 - FEMALE,N - NOT INJURED,0,1,1 - FRONT LEFT OR MOTORCYCLE DRIVER
20744660,Yes,"DEPARTMENT OF PUBLIC SAFETY, STATE OF TEXAS",2025-539353,OUTSIDE CITY LIMITS,DISTRACTION IN VEHICLE; FAILED TO CONTROL SPEED,HARRISON,2025-04-07,B - SUSPECTED MINOR INJURY,0,NO DATA,50 - CHRISTUS GOOD SHEPHERD MEDICAL CENTER - MARSHALL,8.408,1B,22 - FAILED TO CONTROL SPEED,No Data,No Data,75755,75689,No,4V4MC9EG1FN189888,62,1 - MALE,N - NOT INJURED,0,1,1 - FRONT LEFT OR MOTORCYCLE DRIVER
20744660,Yes,"DEPARTMENT OF PUBLIC SAFETY, STATE OF TEXAS",2025-539353,OUTSIDE CITY LIMITS,DISTRACTION IN VEHICLE; FAILED TO CONTROL SPEED,HARRISON,2025-04-07,B - SUSPECTED MINOR INJURY,0,NO DATA,50 - CHRISTUS GOOD SHEPHERD MEDICAL CENTER - MARSHALL,8.408,1B,No Data,No Data,No Data,75672,75672,No,1GC2KUEG2FZ541703,32,1 - MALE,N - NOT INJURED,0,1,1 - FRONT LEFT OR MOTORCYCLE DRIVER
20744660,Yes,"DEPARTMENT OF PUBLIC SAFETY, STATE OF TEXAS",2025-539353,OUTSIDE CITY LIMITS,DISTRACTION IN VEHICLE; FAILED TO CONTROL SPEED,HARRISON,2025-04-07,B - SUSPECTED MINOR INJURY,0,NO DATA,50 - CHRISTUS GOOD SHEPHERD MEDICAL CENTER - MARSHALL,8.408,1B,No Data,No Data,No Data,75672,75672,No,1GC2KUEG2FZ541703,18,1 - MALE,B - SUSPECTED MINOR INJURY,1,2,4 - SECOND SEAT LEFT OR MOTORCYCLE BACK PASSENGER
20744660,Yes,"DEPARTMENT OF PUBLIC SAFETY, STATE OF TEXAS",2025-539353,OUTSIDE CITY LIMITS,DISTRACTION IN VEHICLE; FAILED TO CONTROL SPEED,HARRISON,2025-04-07,B - SUSPECTED MINOR INJURY,0,NO DATA,50 - CHRISTUS GOOD SHEPHERD MEDICAL CENTER - MARSHALL,8.408,1B,No Data,No Data,No Data,75672,75672,No,1GC2KUEG2FZ541703,22,1 - MALE,B - SUSPECTED MINOR INJURY,1,3,6 - SECOND SEAT RIGHT
20744660,Yes,"DEPARTMENT OF PUBLIC SAFETY, STATE OF TEXAS",2025-539353,OUTSIDE CITY LIMITS,DISTRACTION IN VEHICLE; FAILED TO CONTROL SPEED,HARRISON,2025-04-07,B - SUSPECTED MINOR INJURY,0,NO DATA,50 - CHRISTUS GOOD SHEPHERD MEDICAL CENTER - MARSHALL,8.408,1B,No Data,No Data,No Data,75672,75672,No,1GC2KUEG2FZ541703,30,1 - MALE,N - NOT INJURED,0,4,3 - FRONT RIGHT
20744662,Yes,DALLAS COUNTY SHERIFF'S OFFICE,25-022087,DALLAS,FOLLOWED TOO CLOSELY,DALLAS,2025-04-07,C - POSSIBLE INJURY,0,NO DATA,177 - METHODIST CHARLTON MEDICAL CENTER,6.179,2,No Data,No Data,No Data,76063,75154,No,3C6UR5FL6NG119168,30,1 - MALE,N - NOT INJURED,0,1,1 - FRONT LEFT OR MOTORCYCLE DRIVER
20744662,Yes,DALLAS COUNTY SHERIFF'S OFFICE,25-022087,DALLAS,FOLLOWED TOO CLOSELY,DALLAS,2025-04-07,C - POSSIBLE INJURY,0,NO DATA,177 - METHODIST CHARLTON MEDICAL CENTER,6.179,2,No Data,No Data,No Data,76011,76011,No,3C6JR6AG8JG238448,25,1 - MALE,N - NOT INJURED,0,1,1 - FRONT LEFT OR MOTORCYCLE DRIVER
20744662,Yes,DALLAS COUNTY SHERIFF'S OFFICE,25-022087,DALLAS,FOLLOWED TOO CLOSELY,DALLAS,2025-04-07,C - POSSIBLE INJURY,0,NO DATA,177 - METHODIST CHARLTON MEDICAL CENTER,6.179,2,44 - FOLLOWED TOO CLOSELY,No Data,No Data,76018,75057,No,5J8TC2H74KL038156,31,2 - FEMALE,C - POSSIBLE INJURY,0,1,1 - FRONT LEFT OR MOTORCYCLE DRIVER
20744662,Yes,DALLAS COUNTY SHERIFF'S OFFICE,25-022087,DALLAS,FOLLOWED TOO CLOSELY,DALLAS,2025-04-07,C - POSSIBLE INJURY,0,NO DATA,177 - METHODIST CHARLTON MEDICAL CENTER,6.179,2,44 - FOLLOWED TOO CLOSELY,No Data,No Data,76063,10022,No,1C6RR6LT1FS562337,31,1 - MALE,N - NOT INJURED,0,1,1 - FRONT LEFT OR MOTORCYCLE DRIVER
20744667,Yes,LIVINGSTON POLICE DEPARTMENT,TA25-068,LIVINGSTON,FAILED TO YIELD RIGHT OF WAY - TURNING LEFT,POLK,2025-04-07,N - NOT INJURED,0,NO DATA,43 - CHI ST. LUKES HEALTH - MEMORIAL LIVINGSTON,1.5,4,37 - FAILED TO YIELD RIGHT OF WAY - TURNING LEFT,No Data,No Data,77351,77351,No,2HKRW5H3XKH411543,64,2 - FEMALE,N - NOT INJURED,0,1,1 - FRONT LEFT OR MOTORCYCLE DRIVER
20744667,Yes,LIVINGSTON POLICE DEPARTMENT,TA25-068,LIVINGSTON,FAILED TO YIELD RIGHT OF WAY - TURNING LEFT,POLK,2025-04-07,N - NOT INJURED,0,NO DATA,43 - CHI ST. LUKES HEALTH - MEMORIAL LIVINGSTON,1.5,4,No Data,No Data,No Data,77351,77351,No,1GCEK29089Z156276,27,1 - MALE,N - NOT INJURED,0,1,1 - FRONT LEFT OR MOTORCYCLE DRIVER
20744670,Yes,"DEPARTMENT OF PUBLIC SAFETY, STATE OF TEXAS",TX 2025-540281,OUTSIDE CITY LIMITS,OVERSIZED VEHICLE OR LOAD,MIDLAND,2025-04-07,N - NOT INJURED,0,NO DATA,190 - MIDLAND MEMORIAL HOSPITAL,8.864,4A,52 - OVERSIZED VEHICLE OR LOAD,No Data,No Data,79714-7809,75606,No,No Data,55,1 - MALE,N - NOT INJURED,0,1,1 - FRONT LEFT OR MOTORCYCLE DRIVER
20744679,Yes,"DEPARTMENT OF PUBLIC SAFETY, STATE OF TEXAS",TX 2025-540043,OUTSIDE CITY LIMITS,NONE,ECTOR,2025-04-07,N - NOT INJURED,0,NO DATA,147 - MEDICAL CENTER HOSPITAL,18.462,4A,No Data,No Data,No Data,79763,79763,No,4V4MC9GF87N446826,33,1 - MALE,N - NOT INJURED,0,1,1 - FRONT LEFT OR MOTORCYCLE DRIVER
20744701,Yes,ALLEN POLICE DEPARTMENT,2025-01956,ALLEN,FAILED TO CONTROL SPEED,COLLIN,2025-04-07,C - POSSIBLE INJURY,0,NO DATA,157 - MEDICAL CITY MCKINNEY,3.344,,22 - FAILED TO CONTROL SPEED,No Data,No Data,75002,75002,No,1G1PE5SB7G7193737,36,2 - FEMALE,C - POSSIBLE INJURY,0,1,1 - FRONT LEFT OR MOTORCYCLE DRIVER
20744717,Yes,AMARILLO POLICE DEPARTMENT,25-040822,AMARILLO,DISREGARD STOP AND GO SIGNAL,POTTER,2025-04-07,N - NOT INJURED,0,NO DATA,31 - BSA HOSPITAL,4.906,,15 - DISREGARD STOP AND GO SIGNAL,No Data,No Data,79106,79106,No,4T1R11AK3PU187209,21,2 - FEMALE,N - NOT INJURED,0,1,1 - FRONT LEFT OR MOTORCYCLE DRIVER
20744717,Yes,AMARILLO POLICE DEPARTMENT,25-040822,AMARILLO,DISREGARD STOP AND GO SIGNAL,POTTER,2025-04-07,N - NOT INJURED,0,NO DATA,31 - BSA HOSPITAL,4.906,,15 - DISREGARD STOP AND GO SIGNAL,No Data,No Data,79106,79106,No,4T1R11AK3PU187209,21,1 - MALE,N - NOT INJURED,0,2,3 - FRONT RIGHT
20744717,Yes,AMARILLO POLICE DEPARTMENT,25-040822,AMARILLO,DISREGARD STOP AND GO SIGNAL,POTTER,2025-04-07,N - NOT INJURED,0,NO DATA,31 - BSA HOSPITAL,4.906,,No Data,No Data,No Data,33071,33071,No,1C4RJEAG6HC888258,25,1 - MALE,N - NOT INJURED,0,1,1 - FRONT LEFT OR MOTORCYCLE DRIVER
20744717,Yes,AMARILLO POLICE DEPARTMENT,25-040822,AMARILLO,DISREGARD STOP AND GO SIGNAL,POTTER,2025-04-07,N - NOT INJURED,0,NO DATA,31 - BSA HOSPITAL,4.906,,No Data,No Data,No Data,33071,33071,No,1C4RJEAG6HC888258,27,1 - MALE,N - NOT INJURED,0,2,3 - FRONT RIGHT
20744717,Yes,AMARILLO POLICE DEPARTMENT,25-040822,AMARILLO,DISREGARD STOP AND GO SIGNAL,POTTER,2025-04-07,N - NOT INJURED,0,NO DATA,31 - BSA HOSPITAL,4.906,,No Data,No Data,No Data,33071,33071,No,1C4RJEAG6HC888258,24,1 - MALE,N - NOT INJURED,0,3,4 - SECOND SEAT LEFT OR MOTORCYCLE BACK PASSENGER
20744722,Yes,LONGVIEW POLICE DEPARTMENT,25-4559,LONGVIEW,DRIVER INATTENTION; FAILED TO CONTROL SPEED,GREGG,2025-04-07,N - NOT INJURED,0,NO DATA,No Data,No Data,,22 - FAILED TO CONTROL SPEED,20 - DRIVER INATTENTION,No Data,71129,71129,No,1FAFP53U87A134010,26,1 - MALE,N - NOT INJURED,0,1,1 - FRONT LEFT OR MOTORCYCLE DRIVER
20744722,Yes,LONGVIEW POLICE DEPARTMENT,25-4559,LONGVIEW,DRIVER INATTENTION; FAILED TO CONTROL SPEED,GREGG,2025-04-07,N - NOT INJURED,0,NO DATA,No Data,No Data,,No Data,No Data,No Data,75650,75662,No,1GTPHAEK6RZ353942,34,1 - MALE,N - NOT INJURED,0,1,1 - FRONT LEFT OR MOTORCYCLE DRIVER
20744729,Yes,AMARILLO POLICE DEPARTMENT,25-040856,AMARILLO,FAILED TO CONTROL SPEED; FATIGUED OR ASLEEP,RANDALL,2025-04-07,N - NOT INJURED,0,NO DATA,31 - BSA HOSPITAL,4.306,,22 - FAILED TO CONTROL SPEED,No Data,No Data,79110,79110,No,3VVRX7B29NM076624,37,1 - MALE,N - NOT INJURED,0,1,1 - FRONT LEFT OR MOTORCYCLE DRIVER
20744734,Yes,AMARILLO POLICE DEPARTMENT,25-040872,AMARILLO,FAILED TO YIELD RIGHT OF WAY - YIELD SIGN,POTTER,2025-04-07,N - NOT INJURED,0,NO DATA,31 - BSA HOSPITAL,7.953,,39 - FAILED TO YIELD RIGHT OF WAY - YIELD SIGN,No Data,No Data,79106,79106,No,1C4PJLCB8GW243508,23,2 - FEMALE,N - NOT INJURED,0,1,1 - FRONT LEFT OR MOTORCYCLE DRIVER
20744734,Yes,AMARILLO POLICE DEPARTMENT,25-040872,AMARILLO,FAILED TO YIELD RIGHT OF WAY - YIELD SIGN,POTTER,2025-04-07,N - NOT INJURED,0,NO DATA,31 - BSA HOSPITAL,7.953,,39 - FAILED TO YIELD RIGHT OF WAY - YIELD SIGN,No Data,No Data,79106,79106,No,1C4PJLCB8GW243508,0,1 - MALE,N - NOT INJURED,0,2,4 - SECOND SEAT LEFT OR MOTORCYCLE BACK PASSENGER
20744734,Yes,AMARILLO POLICE DEPARTMENT,25-040872,AMARILLO,FAILED TO YIELD RIGHT OF WAY - YIELD SIGN,POTTER,2025-04-07,N - NOT INJURED,0,NO DATA,31 - BSA HOSPITAL,7.953,,No Data,No Data,No Data,79104,79104,No,1GNERFKW5KJ168205,31,2 - FEMALE,N - NOT INJURED,0,1,1 - FRONT LEFT OR MOTORCYCLE DRIVER
20744734,Yes,AMARILLO POLICE DEPARTMENT,25-040872,AMARILLO,FAILED TO YIELD RIGHT OF WAY - YIELD SIGN,POTTER,2025-04-07,N - NOT INJURED,0,NO DATA,31 - BSA HOSPITAL,7.953,,No Data,No Data,No Data,79104,79104,No,1GNERFKW5KJ168205,15,1 - MALE,N - NOT INJURED,0,2,3 - FRONT RIGHT
20744734,Yes,AMARILLO POLICE DEPARTMENT,25-040872,AMARILLO,FAILED TO YIELD RIGHT OF WAY - YIELD SIGN,POTTER,2025-04-07,N - NOT INJURED,0,NO DATA,31 - BSA HOSPITAL,7.953,,No Data,No Data,No Data,79104,79104,No,1GNERFKW5KJ168205,5,1 - MALE,N - NOT INJURED,0,3,4 - SECOND SEAT LEFT OR MOTORCYCLE BACK PASSENGER
20744734,Yes,AMARILLO POLICE DEPARTMENT,25-040872,AMARILLO,FAILED TO YIELD RIGHT OF WAY - YIELD SIGN,POTTER,2025-04-07,N - NOT INJURED,0,NO DATA,31 - BSA HOSPITAL,7.953,,No Data,No Data,No Data,79104,79104,No,1GNERFKW5KJ168205,12,1 - MALE,N - NOT INJURED,0,4,5 - SECOND SEAT CENTER
20744734,Yes,AMARILLO POLICE DEPARTMENT,25-040872,AMARILLO,FAILED TO YIELD RIGHT OF WAY - YIELD SIGN,POTTER,2025-04-07,N - NOT INJURED,0,NO DATA,31 - BSA HOSPITAL,7.953,,No Data,No Data,No Data,79104,79104,No,1GNERFKW5KJ168205,9,1 - MALE,N - NOT INJURED,0,5,6 - SECOND SEAT RIGHT
20744748,Yes,AMARILLO POLICE DEPARTMENT,25-041020,AMARILLO,FAILED TO YIELD RIGHT OF WAY - TURNING LEFT,RANDALL,2025-04-07,C - POSSIBLE INJURY,0,NO DATA,31 - BSA HOSPITAL,3.564,,37 - FAILED TO YIELD RIGHT OF WAY - TURNING LEFT,No Data,No Data,79118,79118,No,1FMJK2AT7JEA63552,84,2 - FEMALE,N - NOT INJURED,0,1,1 - FRONT LEFT OR MOTORCYCLE DRIVER
20744748,Yes,AMARILLO POLICE DEPARTMENT,25-041020,AMARILLO,FAILED TO YIELD RIGHT OF WAY - TURNING LEFT,RANDALL,2025-04-07,C - POSSIBLE INJURY,0,NO DATA,31 - BSA HOSPITAL,3.564,,No Data,No Data,No Data,79118,79118,No,WA1BNAFY4J2008132,55,2 - FEMALE,N - NOT INJURED,0,1,1 - FRONT LEFT OR MOTORCYCLE DRIVER
20744748,Yes,AMARILLO POLICE DEPARTMENT,25-041020,AMARILLO,FAILED TO YIELD RIGHT OF WAY - TURNING LEFT,RANDALL,2025-04-07,C - POSSIBLE INJURY,0,NO DATA,31 - BSA HOSPITAL,3.564,,No Data,No Data,No Data,79118,79118,No,WA1BNAFY4J2008132,59,1 - MALE,C - POSSIBLE INJURY,0,2,3 - FRONT RIGHT
20744752,Yes,AMARILLO POLICE DEPARTMENT,25-041047,AMARILLO,FAILED TO CONTROL SPEED,POTTER,2025-04-07,N - NOT INJURED,0,NO DATA,200 - NORTHWEST TEXAS HOSPITAL,3.114,,22 - FAILED TO CONTROL SPEED,No Data,No Data,79108,79108,No,3GCRKSE38AG267674,38,1 - MALE,N - NOT INJURED,0,1,1 - FRONT LEFT OR MOTORCYCLE DRIVER
20744752,Yes,AMARILLO POLICE DEPARTMENT,25-041047,AMARILLO,FAILED TO CONTROL SPEED,POTTER,2025-04-07,N - NOT INJURED,0,NO DATA,200 - NORTHWEST TEXAS HOSPITAL,3.114,,No Data,No Data,No Data,79107,79107,No,3C63R3EL4DG535977,38,1 - MALE,N - NOT INJURED,0,1,1 - FRONT LEFT OR MOTORCYCLE DRIVER
20744755,Yes,CORINTH POLICE DEPARTMENT,200342,CORINTH (DENTON),DISREGARD TURN MARKS AT INTERSECTION,DENTON,2025-04-07,N - NOT INJURED,0,NO DATA,152 - MEDICAL CITY DENTON,4.452,,17 - DISREGARD TURN MARKS AT INTERSECTION,No Data,No Data,,No Data,Yes,No Data,No Data,99 - UNKNOWN,99 - UNKNOWN,0,1,1 - FRONT LEFT OR MOTORCYCLE DRIVER
20744755,Yes,CORINTH POLICE DEPARTMENT,200342,CORINTH (DENTON),DISREGARD TURN MARKS AT INTERSECTION,DENTON,2025-04-07,N - NOT INJURED,0,NO DATA,152 - MEDICAL CITY DENTON,4.452,,No Data,No Data,No Data,76208,76208,No,WA1EECF36M1060322,43,2 - FEMALE,N - NOT INJURED,0,1,1 - FRONT LEFT OR MOTORCYCLE DRIVER
20744760,Yes,AMARILLO POLICE DEPARTMENT,25-041157,AMARILLO,OTHER (EXPLAIN IN NARRATIVE),POTTER,2025-04-07,N - NOT INJURED,0,NO DATA,No Data,No Data,,98 - OTHER (EXPLAIN IN NARRATIVE),No Data,No Data,79108,79108,No,JN8AS5MT7AW022855,23,2 - FEMALE,N - NOT INJURED,0,1,1 - FRONT LEFT OR MOTORCYCLE DRIVER
20744760,Yes,AMARILLO POLICE DEPARTMENT,25-041157,AMARILLO,OTHER (EXPLAIN IN NARRATIVE),POTTER,2025-04-07,N - NOT INJURED,0,NO DATA,No Data,No Data,,98 - OTHER (EXPLAIN IN NARRATIVE),No Data,No Data,79119,79119,No,2T3WFREV2FW158619,26,2 - FEMALE,N - NOT INJURED,0,1,1 - FRONT LEFT OR MOTORCYCLE DRIVER
20744788,Yes,AMARILLO POLICE DEPARTMENT,25-041170,AMARILLO,FAILED TO YIELD RIGHT OF WAY - PRIVATE DRIVE,POTTER,2025-04-07,B - SUSPECTED MINOR INJURY,0,NO DATA,31 - BSA HOSPITAL,1.216,,34 - FAILED TO YIELD RIGHT OF WAY - PRIVATE DRIVE,No Data,No Data,79109,79109,No,JM1CW2BL8C0139943,53,2 - FEMALE,B - SUSPECTED MINOR INJURY,1,1,1 - FRONT LEFT OR MOTORCYCLE DRIVER
20744788,Yes,AMARILLO POLICE DEPARTMENT,25-041170,AMARILLO,FAILED TO YIELD RIGHT OF WAY - PRIVATE DRIVE,POTTER,2025-04-07,B - SUSPECTED MINOR INJURY,0,NO DATA,31 - BSA HOSPITAL,1.216,,No Data,No Data,No Data,79329,46628,No,1HTKHPVM0PH214491,50,1 - MALE,N - NOT INJURED,0,1,1 - FRONT LEFT OR MOTORCYCLE DRIVER
20744811,Yes,FORT BEND COUNTY CONSTABLE PRECINCT 1,,OUTSIDE CITY LIMITS,FAILED TO YIELD RIGHT OF WAY - YIELD SIGN,FORT BEND,2025-04-07,N - NOT INJURED,0,NO DATA,164 - MEMORIAL HERMANN KATY HOSPITAL,6.312,,No Data,No Data,No Data,77423,77423,No,1FTPW12544KA10682,35,1 - MALE,N - NOT INJURED,0,1,1 - FRONT LEFT OR MOTORCYCLE DRIVER
20744811,Yes,FORT BEND COUNTY CONSTABLE PRECINCT 1,,OUTSIDE CITY LIMITS,FAILED TO YIELD RIGHT OF WAY - YIELD SIGN,FORT BEND,2025-04-07,N - NOT INJURED,0,NO DATA,164 - MEMORIAL HERMANN KATY HOSPITAL,6.312,,39 - FAILED TO YIELD RIGHT OF WAY - YIELD SIGN,No Data,No Data,77494,77494,No,1C4RJHBGXP8825178,31,2 - FEMALE,N - NOT INJURED,0,1,1 - FRONT LEFT OR MOTORCYCLE DRIVER
20744811,Yes,FORT BEND COUNTY CONSTABLE PRECINCT 1,,OUTSIDE CITY LIMITS,FAILED TO YIELD RIGHT OF WAY - YIELD SIGN,FORT BEND,2025-04-07,N - NOT INJURED,0,NO DATA,164 - MEMORIAL HERMANN KATY HOSPITAL,6.312,,39 - FAILED TO YIELD RIGHT OF WAY - YIELD SIGN,No Data,No Data,77494,77494,No,1C4RJHBGXP8825178,34,1 - MALE,N - NOT INJURED,0,2,3 - FRONT RIGHT
20744815,Yes,WILLIAMSON COUNTY SHERIFF'S OFFICE,2025103412,OUTSIDE CITY LIMITS,FAILED TO CONTROL SPEED; UNDER INFLUENCE - ALCOHOL,WILLIAMSON,2025-04-07,N - NOT INJURED,0,NO DATA,"235 - ST. DAVIDS GEORGETOWN HOSPITAL, A ST. DAVIDS MEDICAL CENTER FACILITY",14.634,,22 - FAILED TO CONTROL SPEED,67 - INTOXICATED - ALCOHOL,No Data,78660,78626,No,5TEHN72NX4Z361683,32,1 - MALE,N - NOT INJURED,0,1,1 - FRONT LEFT OR MOTORCYCLE DRIVER
20744828,Yes,AMARILLO POLICE DEPARTMENT,25-041205,AMARILLO,FAILED TO YIELD RIGHT OF WAY - STOP SIGN,RANDALL,2025-04-07,N - NOT INJURED,0,NO DATA,31 - BSA HOSPITAL,5.985,,35 - FAILED TO YIELD RIGHT OF WAY - STOP SIGN,No Data,No Data,79109,79109,No,4A32B3FFXBE005404,39,1 - MALE,N - NOT INJURED,0,1,1 - FRONT LEFT OR MOTORCYCLE DRIVER
20744828,Yes,AMARILLO POLICE DEPARTMENT,25-041205,AMARILLO,FAILED TO YIELD RIGHT OF WAY - STOP SIGN,RANDALL,2025-04-07,N - NOT INJURED,0,NO DATA,31 - BSA HOSPITAL,5.985,,No Data,No Data,No Data,79109,79109,No,2HGFG1B64BH511630,28,1 - MALE,N - NOT INJURED,0,1,1 - FRONT LEFT OR MOTORCYCLE DRIVER
20744828,Yes,AMARILLO POLICE DEPARTMENT,25-041205,AMARILLO,FAILED TO YIELD RIGHT OF WAY - STOP SIGN,RANDALL,2025-04-07,N - NOT INJURED,0,NO DATA,31 - BSA HOSPITAL,5.985,,No Data,No Data,No Data,79109,79109,No,2HGFG1B64BH511630,24,2 - FEMALE,N - NOT INJURED,0,2,3 - FRONT RIGHT
20744838,Yes,AMARILLO POLICE DEPARTMENT,25-041167,AMARILLO,DISREGARD STOP SIGN OR LIGHT,POTTER,2025-04-07,N - NOT INJURED,0,NO DATA,31 - BSA HOSPITAL,12.072,,16 - DISREGARD STOP SIGN OR LIGHT,No Data,No Data,,,No,1FTEW1EP3PKE49073,69,1 - MALE,N - NOT INJURED,0,1,1 - FRONT LEFT OR MOTORCYCLE DRIVER
20744838,Yes,AMARILLO POLICE DEPARTMENT,25-041167,AMARILLO,DISREGARD STOP SIGN OR LIGHT,POTTER,2025-04-07,N - NOT INJURED,0,NO DATA,31 - BSA HOSPITAL,12.072,,No Data,No Data,No Data,79107,79107,No,1GCBS14E1J8121797,41,1 - MALE,N - NOT INJURED,0,1,1 - FRONT LEFT OR MOTORCYCLE DRIVER
20744839,Yes,"DEPARTMENT OF PUBLIC SAFETY, STATE OF TEXAS",TX 2025-537405,OUTSIDE CITY LIMITS,UNSAFE SPEED,RANDALL,2025-04-07,N - NOT INJURED,0,NO DATA,31 - BSA HOSPITAL,8.157,5B,60 - UNSAFE SPEED,No Data,No Data,79108,79108,No,JA4J3UA88NZ010036,31,2 - FEMALE,N - NOT INJURED,0,1,1 - FRONT LEFT OR MOTORCYCLE DRIVER
20744841,Yes,WILLIAMSON COUNTY SHERIFF'S OFFICE,2025103559,OUTSIDE CITY LIMITS,FAILED TO YIELD RIGHT OF WAY - STOP SIGN,WILLIAMSON,2025-04-07,N - NOT INJURED,0,NO DATA,5 - ASCENSION SETON HIGHLAND LAKES,14.119,,35 - FAILED TO YIELD RIGHT OF WAY - STOP SIGN,No Data,No Data,78640,77515,No,1FT7W2BT4CEA78465,31,1 - MALE,N - NOT INJURED,0,1,1 - FRONT LEFT OR MOTORCYCLE DRIVER
20744841,Yes,WILLIAMSON COUNTY SHERIFF'S OFFICE,2025103559,OUTSIDE CITY LIMITS,FAILED TO YIELD RIGHT OF WAY - STOP SIGN,WILLIAMSON,2025-04-07,N - NOT INJURED,0,NO DATA,5 - ASCENSION SETON HIGHLAND LAKES,14.119,,No Data,No Data,No Data,78664,78664,No,1FUJGLBG3DSBY9339,53,1 - MALE,N - NOT INJURED,0,1,1 - FRONT LEFT OR MOTORCYCLE DRIVER
20744842,Yes,"DEPARTMENT OF PUBLIC SAFETY, STATE OF TEXAS",TX 2025-0540190,OUTSIDE CITY LIMITS,OTHER (EXPLAIN IN NARRATIVE),RANDALL,2025-04-07,N - NOT INJURED,0,NO DATA,31 - BSA HOSPITAL,9.58,5B,No Data,No Data,No Data,75454,79119,No,4T1B11HK5JU619393,74,2 - FEMALE,N - NOT INJURED,0,1,1 - FRONT LEFT OR MOTORCYCLE DRIVER
20744842,Yes,"DEPARTMENT OF PUBLIC SAFETY, STATE OF TEXAS",TX 2025-0540190,OUTSIDE CITY LIMITS,OTHER (EXPLAIN IN NARRATIVE),RANDALL,2025-04-07,N - NOT INJURED,0,NO DATA,31 - BSA HOSPITAL,9.58,5B,No Data,No Data,No Data,75454,79119,No,4T1B11HK5JU619393,9,2 - FEMALE,N - NOT INJURED,0,2,3 - FRONT RIGHT
20744842,Yes,"DEPARTMENT OF PUBLIC SAFETY, STATE OF TEXAS",TX 2025-0540190,OUTSIDE CITY LIMITS,OTHER (EXPLAIN IN NARRATIVE),RANDALL,2025-04-07,N - NOT INJURED,0,NO DATA,31 - BSA HOSPITAL,9.58,5B,No Data,No Data,No Data,75454,79119,No,4T1B11HK5JU619393,4,1 - MALE,N - NOT INJURED,0,3,4 - SECOND SEAT LEFT OR MOTORCYCLE BACK PASSENGER
20744842,Yes,"DEPARTMENT OF PUBLIC SAFETY, STATE OF TEXAS",TX 2025-0540190,OUTSIDE CITY LIMITS,OTHER (EXPLAIN IN NARRATIVE),RANDALL,2025-04-07,N - NOT INJURED,0,NO DATA,31 - BSA HOSPITAL,9.58,5B,98 - OTHER (EXPLAIN IN NARRATIVE),No Data,No Data,79371,79371,No,3C63R3EL6JG413312,49,1 - MALE,N - NOT INJURED,0,1,1 - FRONT LEFT OR MOTORCYCLE DRIVER
20744856,Yes,GEORGETOWN POLICE DEPARTMENT,2025-097-010,GEORGETOWN,FAILED TO DRIVE IN SINGLE LANE,WILLIAMSON,2025-04-07,N - NOT INJURED,0,NO DATA,"235 - ST. DAVIDS GEORGETOWN HOSPITAL, A ST. DAVIDS MEDICAL CENTER FACILITY",5.635,,No Data,No Data,No Data,76549,76549,No,JN1BY1AP5BM323106,26,2 - FEMALE,N - NOT INJURED,0,1,1 - FRONT LEFT OR MOTORCYCLE DRIVER
20744856,Yes,GEORGETOWN POLICE DEPARTMENT,2025-097-010,GEORGETOWN,FAILED TO DRIVE IN SINGLE LANE,WILLIAMSON,2025-04-07,N - NOT INJURED,0,NO DATA,"235 - ST. DAVIDS GEORGETOWN HOSPITAL, A ST. DAVIDS MEDICAL CENTER FACILITY",5.635,,No Data,No Data,No Data,76542,76542,No,19XFC2F81LE013524,28,2 - FEMALE,N - NOT INJURED,0,1,1 - FRONT LEFT OR MOTORCYCLE DRIVER
20744856,Yes,GEORGETOWN POLICE DEPARTMENT,2025-097-010,GEORGETOWN,FAILED TO DRIVE IN SINGLE LANE,WILLIAMSON,2025-04-07,N - NOT INJURED,0,NO DATA,"235 - ST. DAVIDS GEORGETOWN HOSPITAL, A ST. DAVIDS MEDICAL CENTER FACILITY",5.635,,No Data,No Data,No Data,76542,76542,No,19XFC2F81LE013524,0,1 - MALE,N - NOT INJURED,0,2,4 - SECOND SEAT LEFT OR MOTORCYCLE BACK PASSENGER
20744856,Yes,GEORGETOWN POLICE DEPARTMENT,2025-097-010,GEORGETOWN,FAILED TO DRIVE IN SINGLE LANE,WILLIAMSON,2025-04-07,N - NOT INJURED,0,NO DATA,"235 - ST. DAVIDS GEORGETOWN HOSPITAL, A ST. DAVIDS MEDICAL CENTER FACILITY",5.635,,No Data,No Data,No Data,76542,76542,No,19XFC2F81LE013524,8,2 - FEMALE,N - NOT INJURED,0,3,5 - SECOND SEAT CENTER
20744856,Yes,GEORGETOWN POLICE DEPARTMENT,2025-097-010,GEORGETOWN,FAILED TO DRIVE IN SINGLE LANE,WILLIAMSON,2025-04-07,N - NOT INJURED,0,NO DATA,"235 - ST. DAVIDS GEORGETOWN HOSPITAL, A ST. DAVIDS MEDICAL CENTER FACILITY",5.635,,No Data,No Data,No Data,76542,76542,No,19XFC2F81LE013524,6,1 - MALE,N - NOT INJURED,0,4,6 - SECOND SEAT RIGHT
20744857,Yes,WILLIAMSON COUNTY SHERIFF'S OFFICE,2025103324,OUTSIDE CITY LIMITS,FAILED TO GIVE HALF OF ROADWAY,WILLIAMSON,2025-04-07,N - NOT INJURED,0,NO DATA,"235 - ST. DAVIDS GEORGETOWN HOSPITAL, A ST. DAVIDS MEDICAL CENTER FACILITY",14.254,,24 - FAILED TO GIVE HALF OF ROADWAY,No Data,No Data,76537,78754,No,5FNYF6H50GB060473,47,2 - FEMALE,N - NOT INJURED,0,1,1 - FRONT LEFT OR MOTORCYCLE DRIVER
20744857,Yes,WILLIAMSON COUNTY SHERIFF'S OFFICE,2025103324,OUTSIDE CITY LIMITS,FAILED TO GIVE HALF OF ROADWAY,WILLIAMSON,2025-04-07,N - NOT INJURED,0,NO DATA,"235 - ST. DAVIDS GEORGETOWN HOSPITAL, A ST. DAVIDS MEDICAL CENTER FACILITY",14.254,,24 - FAILED TO GIVE HALF OF ROADWAY,No Data,No Data,76537,78754,No,5FNYF6H50GB060473,11,2 - FEMALE,N - NOT INJURED,0,2,3 - FRONT RIGHT
20744857,Yes,WILLIAMSON COUNTY SHERIFF'S OFFICE,2025103324,OUTSIDE CITY LIMITS,FAILED TO GIVE HALF OF ROADWAY,WILLIAMSON,2025-04-07,N - NOT INJURED,0,NO DATA,"235 - ST. DAVIDS GEORGETOWN HOSPITAL, A ST. DAVIDS MEDICAL CENTER FACILITY",14.254,,No Data,No Data,No Data,76537,76537,No,1FMUK7DH7SGB29718,34,2 - FEMALE,N - NOT INJURED,0,1,1 - FRONT LEFT OR MOTORCYCLE DRIVER
20744857,Yes,WILLIAMSON COUNTY SHERIFF'S OFFICE,2025103324,OUTSIDE CITY LIMITS,FAILED TO GIVE HALF OF ROADWAY,WILLIAMSON,2025-04-07,N - NOT INJURED,0,NO DATA,"235 - ST. DAVIDS GEORGETOWN HOSPITAL, A ST. DAVIDS MEDICAL CENTER FACILITY",14.254,,No Data,No Data,No Data,76537,76537,No,1FMUK7DH7SGB29718,4,2 - FEMALE,N - NOT INJURED,0,2,6 - SECOND SEAT RIGHT
20744866,Yes,DALLAS COUNTY SHERIFF'S OFFICE,25-022093,DALLAS,OTHER (EXPLAIN IN NARRATIVE),DALLAS,2025-04-07,C - POSSIBLE INJURY,0,NO DATA,174 - METHODIST DALLAS MEDICAL CENTER,4.358,2,98 - OTHER (EXPLAIN IN NARRATIVE),No Data,No Data,75211,75211,No,1C3CCBBG4CN303238,95,2 - FEMALE,C - POSSIBLE INJURY,0,1,1 - FRONT LEFT OR MOTORCYCLE DRIVER
20744870,Yes,DALLAS COUNTY SHERIFF'S OFFICE,25-022112,DALLAS,FAILED TO CONTROL SPEED,DALLAS,2025-04-07,C - POSSIBLE INJURY,0,NO DATA,26 - BAYLOR UNIVERSITY MEDICAL CENTER,2.469,2,22 - FAILED TO CONTROL SPEED,No Data,No Data,75228,75043,No,1C3CDZAB9EN133005,27,1 - MALE,N - NOT INJURED,0,1,1 - FRONT LEFT OR MOTORCYCLE DRIVER
20744870,Yes,DALLAS COUNTY SHERIFF'S OFFICE,25-022112,DALLAS,FAILED TO CONTROL SPEED,DALLAS,2025-04-07,C - POSSIBLE INJURY,0,NO DATA,26 - BAYLOR UNIVERSITY MEDICAL CENTER,2.469,2,22 - FAILED TO CONTROL SPEED,No Data,No Data,75228,75043,No,1C3CDZAB9EN133005,7,2 - FEMALE,N - NOT INJURED,0,2,6 - SECOND SEAT RIGHT
20744870,Yes,DALLAS COUNTY SHERIFF'S OFFICE,25-022112,DALLAS,FAILED TO CONTROL SPEED,DALLAS,2025-04-07,C - POSSIBLE INJURY,0,NO DATA,26 - BAYLOR UNIVERSITY MEDICAL CENTER,2.469,2,22 - FAILED TO CONTROL SPEED,No Data,No Data,75228,75043,No,1C3CDZAB9EN133005,7,2 - FEMALE,N - NOT INJURED,0,3,5 - SECOND SEAT CENTER
20744870,Yes,DALLAS COUNTY SHERIFF'S OFFICE,25-022112,DALLAS,FAILED TO CONTROL SPEED,DALLAS,2025-04-07,C - POSSIBLE INJURY,0,NO DATA,26 - BAYLOR UNIVERSITY MEDICAL CENTER,2.469,2,No Data,No Data,No Data,75232,75232,No,1G1ZB5ST6PF118575,52,2 - FEMALE,C - POSSIBLE INJURY,0,1,1 - FRONT LEFT OR MOTORCYCLE DRIVER
20744871,Yes,DALLAS POLICE DEPARTMENT,48477-2025,DALLAS,DISREGARD STOP AND GO SIGNAL,DALLAS,2025-04-07,C - POSSIBLE INJURY,0,NO DATA,86 - DALLAS MEDICAL CENTER,3.076,,15 - DISREGARD STOP AND GO SIGNAL,No Data,No Data,75154,75229,No,3GCPCSE08DG182252,17,1 - MALE,N - NOT INJURED,0,1,1 - FRONT LEFT OR MOTORCYCLE DRIVER
20744871,Yes,DALLAS POLICE DEPARTMENT,48477-2025,DALLAS,DISREGARD STOP AND GO SIGNAL,DALLAS,2025-04-07,C - POSSIBLE INJURY,0,NO DATA,86 - DALLAS MEDICAL CENTER,3.076,,15 - DISREGARD STOP AND GO SIGNAL,No Data,No Data,75154,75229,No,3GCPCSE08DG182252,18,2 - FEMALE,N - NOT INJURED,0,2,3 - FRONT RIGHT
20744871,Yes,DALLAS POLICE DEPARTMENT,48477-2025,DALLAS,DISREGARD STOP AND GO SIGNAL,DALLAS,2025-04-07,C - POSSIBLE INJURY,0,NO DATA,86 - DALLAS MEDICAL CENTER,3.076,,No Data,No Data,No Data,75067,75067,No,2T3W1RFV8RC273647,77,2 - FEMALE,C - POSSIBLE INJURY,0,1,1 - FRONT LEFT OR MOTORCYCLE DRIVER
20744887,Yes,HARLINGEN POLICE DEPARTMENT,2025-25189,HARLINGEN,FAILED TO YIELD RIGHT OF WAY - PRIVATE DRIVE,CAMERON,2025-04-07,C - POSSIBLE INJURY,0,NO DATA,290 - VALLEY BAPTIST MEDICAL CENTER,3.068,B1,34 - FAILED TO YIELD RIGHT OF WAY - PRIVATE DRIVE,No Data,No Data,78580,78580,No,4S4WMAWD8P3450997,75,1 - MALE,N - NOT INJURED,0,1,1 - FRONT LEFT OR MOTORCYCLE DRIVER
20744887,Yes,HARLINGEN POLICE DEPARTMENT,2025-25189,HARLINGEN,FAILED TO YIELD RIGHT OF WAY - PRIVATE DRIVE,CAMERON,2025-04-07,C - POSSIBLE INJURY,0,NO DATA,290 - VALLEY BAPTIST MEDICAL CENTER,3.068,B1,34 - FAILED TO YIELD RIGHT OF WAY - PRIVATE DRIVE,No Data,No Data,78580,78580,No,4S4WMAWD8P3450997,72,2 - FEMALE,N - NOT INJURED,0,2,3 - FRONT RIGHT
20744887,Yes,HARLINGEN POLICE DEPARTMENT,2025-25189,HARLINGEN,FAILED TO YIELD RIGHT OF WAY - PRIVATE DRIVE,CAMERON,2025-04-07,C - POSSIBLE INJURY,0,NO DATA,290 - VALLEY BAPTIST MEDICAL CENTER,3.068,B1,No Data,No Data,No Data,78552,78552,No,JKBVNCB111B513400,23,1 - MALE,C - POSSIBLE INJURY,0,1,1 - FRONT LEFT OR MOTORCYCLE DRIVER
20744913,Yes,HARLINGEN POLICE DEPARTMENT,2025-25201,HARLINGEN,TURNED WHEN UNSAFE,CAMERON,2025-04-07,N - NOT INJURED,0,NO DATA,290 - VALLEY BAPTIST MEDICAL CENTER,4.737,B4,66 - TURNED WHEN UNSAFE,No Data,No Data,78550,78542,No,1FM5K7D85JGC54090,33,2 - FEMALE,N - NOT INJURED,0,1,1 - FRONT LEFT OR MOTORCYCLE DRIVER
20744913,Yes,HARLINGEN POLICE DEPARTMENT,2025-25201,HARLINGEN,TURNED WHEN UNSAFE,CAMERON,2025-04-07,N - NOT INJURED,0,NO DATA,290 - VALLEY BAPTIST MEDICAL CENTER,4.737,B4,66 - TURNED WHEN UNSAFE,No Data,No Data,78550,78542,No,1FM5K7D85JGC54090,11,1 - MALE,N - NOT INJURED,0,2,3 - FRONT RIGHT
20744913,Yes,HARLINGEN POLICE DEPARTMENT,2025-25201,HARLINGEN,TURNED WHEN UNSAFE,CAMERON,2025-04-07,N - NOT INJURED,0,NO DATA,290 - VALLEY BAPTIST MEDICAL CENTER,4.737,B4,66 - TURNED WHEN UNSAFE,No Data,No Data,78550,78542,No,1FM5K7D85JGC54090,13,2 - FEMALE,N - NOT INJURED,0,3,6 - SECOND SEAT RIGHT
20744913,Yes,HARLINGEN POLICE DEPARTMENT,2025-25201,HARLINGEN,TURNED WHEN UNSAFE,CAMERON,2025-04-07,N - NOT INJURED,0,NO DATA,290 - VALLEY BAPTIST MEDICAL CENTER,4.737,B4,66 - TURNED WHEN UNSAFE,No Data,No Data,78550,78542,No,1FM5K7D85JGC54090,0,2 - FEMALE,N - NOT INJURED,0,4,4 - SECOND SEAT LEFT OR MOTORCYCLE BACK PASSENGER
20744913,Yes,HARLINGEN POLICE DEPARTMENT,2025-25201,HARLINGEN,TURNED WHEN UNSAFE,CAMERON,2025-04-07,N - NOT INJURED,0,NO DATA,290 - VALLEY BAPTIST MEDICAL CENTER,4.737,B4,No Data,No Data,No Data,78583,78583,No,4JGFD6BB4RB218939,34,1 - MALE,N - NOT INJURED,0,1,1 - FRONT LEFT OR MOTORCYCLE DRIVER
20744913,Yes,HARLINGEN POLICE DEPARTMENT,2025-25201,HARLINGEN,TURNED WHEN UNSAFE,CAMERON,2025-04-07,N - NOT INJURED,0,NO DATA,290 - VALLEY BAPTIST MEDICAL CENTER,4.737,B4,No Data,No Data,No Data,78586,78586,No,1GKKNKLA5HZ143631,50,1 - MALE,N - NOT INJURED,0,1,1 - FRONT LEFT OR MOTORCYCLE DRIVER
20744913,Yes,HARLINGEN POLICE DEPARTMENT,2025-25201,HARLINGEN,TURNED WHEN UNSAFE,CAMERON,2025-04-07,N - NOT INJURED,0,NO DATA,290 - VALLEY BAPTIST MEDICAL CENTER,4.737,B4,No Data,No Data,No Data,78586,78586,No,1GKKNKLA5HZ143631,43,2 - FEMALE,N - NOT INJURED,0,2,3 - FRONT RIGHT
20744914,Yes,"DEPARTMENT OF PUBLIC SAFETY, STATE OF TEXAS",TX2025-540265,OUTSIDE CITY LIMITS,FAILED TO PASS TO RIGHT SAFELY,KERR,2025-04-07,N - NOT INJURED,0,NO DATA,218 - PETERSON REGIONAL MEDICAL CENTER,11.211,6C,No Data,No Data,No Data,78024,78024,No,JTEBU5JR3G5362632,56,2 - FEMALE,N - NOT INJURED,0,1,1 - FRONT LEFT OR MOTORCYCLE DRIVER
20744914,Yes,"DEPARTMENT OF PUBLIC SAFETY, STATE OF TEXAS",TX2025-540265,OUTSIDE CITY LIMITS,FAILED TO PASS TO RIGHT SAFELY,KERR,2025-04-07,N - NOT INJURED,0,NO DATA,218 - PETERSON REGIONAL MEDICAL CENTER,11.211,6C,27 - FAILED TO PASS TO RIGHT SAFELY,No Data,No Data,78028,78028,No,1FTER4EH6KLA82402,78,1 - MALE,N - NOT INJURED,0,1,1 - FRONT LEFT OR MOTORCYCLE DRIVER
20744918,Yes,HOUSTON POLICE DEPARTMENT,0044518725O,HOUSTON,FAILED TO YIELD RIGHT OF WAY - TURNING LEFT,HARRIS,2025-04-07,N - NOT INJURED,0,NO DATA,163 - MEMORIAL HERMANN GREATER HEIGHTS HOSPITAL,1.989,A,No Data,No Data,No Data,77091,77091,No,2HGFE2F58NH578894,31,1 - MALE,N - NOT INJURED,0,1,1 - FRONT LEFT OR MOTORCYCLE DRIVER
20744918,Yes,HOUSTON POLICE DEPARTMENT,0044518725O,HOUSTON,FAILED TO YIELD RIGHT OF WAY - TURNING LEFT,HARRIS,2025-04-07,N - NOT INJURED,0,NO DATA,163 - MEMORIAL HERMANN GREATER HEIGHTS HOSPITAL,1.989,A,No Data,No Data,No Data,77091,77091,No,2HGFE2F58NH578894,29,2 - FEMALE,N - NOT INJURED,0,2,3 - FRONT RIGHT
20744918,Yes,HOUSTON POLICE DEPARTMENT,0044518725O,HOUSTON,FAILED TO YIELD RIGHT OF WAY - TURNING LEFT,HARRIS,2025-04-07,N - NOT INJURED,0,NO DATA,163 - MEMORIAL HERMANN GREATER HEIGHTS HOSPITAL,1.989,A,37 - FAILED TO YIELD RIGHT OF WAY - TURNING LEFT,No Data,No Data,77020,77020,No,1GCNCPEA7DZ391799,30,2 - FEMALE,N - NOT INJURED,0,1,1 - FRONT LEFT OR MOTORCYCLE DRIVER
20744918,Yes,HOUSTON POLICE DEPARTMENT,0044518725O,HOUSTON,FAILED TO YIELD RIGHT OF WAY - TURNING LEFT,HARRIS,2025-04-07,N - NOT INJURED,0,NO DATA,163 - MEMORIAL HERMANN GREATER HEIGHTS HOSPITAL,1.989,A,No Data,No Data,No Data,77002,77002,No,2T1BURHE8FC237111,26,1 - MALE,N - NOT INJURED,0,1,1 - FRONT LEFT OR MOTORCYCLE DRIVER
20744925,Yes,CORPUS CHRISTI POLICE DEPARTMENT,C2501993,CORPUS CHRISTI,FAILED TO DRIVE IN SINGLE LANE; FATIGUED OR ASLEEP,NUECES,2025-04-07,N - NOT INJURED,0,NO DATA,81 - CORPUS CHRISTI MEDICAL CENTER - BAY AREA,14.13,,23 - FAILED TO DRIVE IN SINGLE LANE,No Data,No Data,78332,78332,No,1GNSCJE03BR200164,44,2 - FEMALE,N - NOT INJURED,0,1,1 - FRONT LEFT OR MOTORCYCLE DRIVER
20744925,Yes,CORPUS CHRISTI POLICE DEPARTMENT,C2501993,CORPUS CHRISTI,FAILED TO DRIVE IN SINGLE LANE; FATIGUED OR ASLEEP,NUECES,2025-04-07,N - NOT INJURED,0,NO DATA,81 - CORPUS CHRISTI MEDICAL CENTER - BAY AREA,14.13,,23 - FAILED TO DRIVE IN SINGLE LANE,No Data,No Data,78332,78332,No,1GNSCJE03BR200164,31,1 - MALE,N - NOT INJURED,0,2,3 - FRONT RIGHT
20744928,Yes,SAN ANTONIO POLICE DEPARTMENT,SAPD25069106,SAN ANTONIO,DRIVER INATTENTION,BEXAR,2025-04-07,C - POSSIBLE INJURY,0,NO DATA,179 - METHODIST HOSPITAL - STONE OAK,3.772,30,No Data,No Data,No Data,78259,78259,No,WA1AWBF73MD022652,61,1 - MALE,C - POSSIBLE INJURY,0,1,1 - FRONT LEFT OR MOTORCYCLE DRIVER
20744928,Yes,SAN ANTONIO POLICE DEPARTMENT,SAPD25069106,SAN ANTONIO,DRIVER INATTENTION,BEXAR,2025-04-07,C - POSSIBLE INJURY,0,NO DATA,179 - METHODIST HOSPITAL - STONE OAK,3.772,30,20 - DRIVER INATTENTION,No Data,No Data,78258,78258,No,1FMJU1HT7LEA33061,43,2 - FEMALE,C - POSSIBLE INJURY,0,1,1 - FRONT LEFT OR MOTORCYCLE DRIVER
20744928,Yes,SAN ANTONIO POLICE DEPARTMENT,SAPD25069106,SAN ANTONIO,DRIVER INATTENTION,BEXAR,2025-04-07,C - POSSIBLE INJURY,0,NO DATA,179 - METHODIST HOSPITAL - STONE OAK,3.772,30,20 - DRIVER INATTENTION,No Data,No Data,78258,78258,No,1FMJU1HT7LEA33061,9,1 - MALE,N - NOT INJURED,0,2,4 - SECOND SEAT LEFT OR MOTORCYCLE BACK PASSENGER
20744930,Yes,SAN ANTONIO POLICE DEPARTMENT,SAPD25068965,SAN ANTONIO,FAILED TO DRIVE IN SINGLE LANE,BEXAR,2025-04-07,N - NOT INJURED,0,NO DATA,53 - CHRISTUS SANTA ROSA HOSPITAL - ALAMO HEIGHTS,1.856,30,23 - FAILED TO DRIVE IN SINGLE LANE,No Data,No Data,78216,78216,Yes,2A8GP54L16R798950,89,1 - MALE,N - NOT INJURED,0,1,1 - FRONT LEFT OR MOTORCYCLE DRIVER
20744930,Yes,SAN ANTONIO POLICE DEPARTMENT,SAPD25068965,SAN ANTONIO,FAILED TO DRIVE IN SINGLE LANE,BEXAR,2025-04-07,N - NOT INJURED,0,NO DATA,53 - CHRISTUS SANTA ROSA HOSPITAL - ALAMO HEIGHTS,1.856,30,No Data,No Data,No Data,78257,78257,No,3FAHP08117R141820,32,2 - FEMALE,N - NOT INJURED,0,1,1 - FRONT LEFT OR MOTORCYCLE DRIVER
20744931,Yes,BROWNSVILLE POLICE DEPARTMENT,202504070164,BROWNSVILLE,FAILED TO CONTROL SPEED,CAMERON,2025-04-07,N - NOT INJURED,0,NO DATA,293 - VALLEY BAPTIST MEDICAL CENTER - BROWNSVILLE,3.454,NE,22 - FAILED TO CONTROL SPEED,No Data,No Data,78521,78586,No,1FTEW1EP1JKC69355,37,1 - MALE,N - NOT INJURED,0,1,1 - FRONT LEFT OR MOTORCYCLE DRIVER
20744931,Yes,BROWNSVILLE POLICE DEPARTMENT,202504070164,BROWNSVILLE,FAILED TO CONTROL SPEED,CAMERON,2025-04-07,N - NOT INJURED,0,NO DATA,293 - VALLEY BAPTIST MEDICAL CENTER - BROWNSVILLE,3.454,NE,22 - FAILED TO CONTROL SPEED,No Data,No Data,78521,78586,No,1FTEW1EP1JKC69355,21,2 - FEMALE,N - NOT INJURED,0,2,3 - FRONT RIGHT
20744931,Yes,BROWNSVILLE POLICE DEPARTMENT,202504070164,BROWNSVILLE,FAILED TO CONTROL SPEED,CAMERON,2025-04-07,N - NOT INJURED,0,NO DATA,293 - VALLEY BAPTIST MEDICAL CENTER - BROWNSVILLE,3.454,NE,No Data,No Data,No Data,78521,78521,No,1GNSCMKD3PR132268,51,1 - MALE,N - NOT INJURED,0,1,1 - FRONT LEFT OR MOTORCYCLE DRIVER
20744941,Yes,JACKSONVILLE POLICE DEPARTMENT,25007582,JACKSONVILLE,FAILED TO CONTROL SPEED,CHEROKEE,2025-04-07,B - SUSPECTED MINOR INJURY,0,NO DATA,282 - UT HEALTH EAST TEXAS JACKSONVILLE HOSPITAL,0.307,,22 - FAILED TO CONTROL SPEED,No Data,No Data,75766,75766,No,2GBEC19RXW1196163,63,1 - MALE,N - NOT INJURED,0,1,1 - FRONT LEFT OR MOTORCYCLE DRIVER
20744941,Yes,JACKSONVILLE POLICE DEPARTMENT,25007582,JACKSONVILLE,FAILED TO CONTROL SPEED,CHEROKEE,2025-04-07,B - SUSPECTED MINOR INJURY,0,NO DATA,282 - UT HEALTH EAST TEXAS JACKSONVILLE HOSPITAL,0.307,,No Data,No Data,No Data,75766,75766,No,5TFAX5GN2KX161636,17,1 - MALE,B - SUSPECTED MINOR INJURY,1,1,1 - FRONT LEFT OR MOTORCYCLE DRIVER
20744941,Yes,JACKSONVILLE POLICE DEPARTMENT,25007582,JACKSONVILLE,FAILED TO CONTROL SPEED,CHEROKEE,2025-04-07,B - SUSPECTED MINOR INJURY,0,NO DATA,282 - UT HEALTH EAST TEXAS JACKSONVILLE HOSPITAL,0.307,,No Data,No Data,No Data,75766,75766,No,5TFAX5GN2KX161636,28,1 - MALE,B - SUSPECTED MINOR INJURY,1,2,3 - FRONT RIGHT
20744941,Yes,JACKSONVILLE POLICE DEPARTMENT,25007582,JACKSONVILLE,FAILED TO CONTROL SPEED,CHEROKEE,2025-04-07,B - SUSPECTED MINOR INJURY,0,NO DATA,282 - UT HEALTH EAST TEXAS JACKSONVILLE HOSPITAL,0.307,,No Data,No Data,No Data,75681,75681,No,2GTEC13J081190423,42,1 - MALE,N - NOT INJURED,0,1,1 - FRONT LEFT OR MOTORCYCLE DRIVER
20744941,Yes,JACKSONVILLE POLICE DEPARTMENT,25007582,JACKSONVILLE,FAILED TO CONTROL SPEED,CHEROKEE,2025-04-07,B - SUSPECTED MINOR INJURY,0,NO DATA,282 - UT HEALTH EAST TEXAS JACKSONVILLE HOSPITAL,0.307,,No Data,No Data,No Data,75681,75681,No,2GTEC13J081190423,19,2 - FEMALE,N - NOT INJURED,0,2,3 - FRONT RIGHT
20744941,Yes,JACKSONVILLE POLICE DEPARTMENT,25007582,JACKSONVILLE,FAILED TO CONTROL SPEED,CHEROKEE,2025-04-07,B - SUSPECTED MINOR INJURY,0,NO DATA,282 - UT HEALTH EAST TEXAS JACKSONVILLE HOSPITAL,0.307,,No Data,No Data,No Data,75766,75766,No,JTEDU5JR0M5234448,27,2 - FEMALE,N - NOT INJURED,0,1,1 - FRONT LEFT OR MOTORCYCLE DRIVER
20744948,Yes,FORT WORTH POLICE DEPARTMENT,250024786,FORT WORTH,FAILED TO DRIVE IN SINGLE LANE;OTHER (EXPLAIN IN NARRATIVE),TARRANT,2025-04-07,N - NOT INJURED,0,NO DATA,259 - TEXAS HEALTH HUGULEY HOSPITAL,2.973,AF,23 - FAILED TO DRIVE IN SINGLE LANE,No Data,No Data,76028,75051,No,3N1CN7AP6HL846914,21,2 - FEMALE,N - NOT INJURED,0,1,1 - FRONT LEFT OR MOTORCYCLE DRIVER
20744948,Yes,FORT WORTH POLICE DEPARTMENT,250024786,FORT WORTH,FAILED TO DRIVE IN SINGLE LANE;OTHER (EXPLAIN IN NARRATIVE),TARRANT,2025-04-07,N - NOT INJURED,0,NO DATA,259 - TEXAS HEALTH HUGULEY HOSPITAL,2.973,AF,98 - OTHER (EXPLAIN IN NARRATIVE),No Data,No Data,91761,91761,No,4V4NC9EJ8RN640495,40,1 - MALE,N - NOT INJURED,0,1,1 - FRONT LEFT OR MOTORCYCLE DRIVER
20744949,Yes,FORT WORTH POLICE DEPARTMENT,250024709,FORT WORTH,CHANGED LANE WHEN UNSAFE,TARRANT,2025-04-07,N - NOT INJURED,0,NO DATA,259 - TEXAS HEALTH HUGULEY HOSPITAL,0.826,AF,4 - CHANGED LANE WHEN UNSAFE,No Data,No Data,76137,76137,No,SAJBJ4BN5HCY31852,52,1 - MALE,N - NOT INJURED,0,1,1 - FRONT LEFT OR MOTORCYCLE DRIVER
20744949,Yes,FORT WORTH POLICE DEPARTMENT,250024709,FORT WORTH,CHANGED LANE WHEN UNSAFE,TARRANT,2025-04-07,N - NOT INJURED,0,NO DATA,259 - TEXAS HEALTH HUGULEY HOSPITAL,0.826,AF,4 - CHANGED LANE WHEN UNSAFE,No Data,No Data,76137,76137,No,SAJBJ4BN5HCY31852,35,2 - FEMALE,N - NOT INJURED,0,2,3 - FRONT RIGHT
20744949,Yes,FORT WORTH POLICE DEPARTMENT,250024709,FORT WORTH,CHANGED LANE WHEN UNSAFE,TARRANT,2025-04-07,N - NOT INJURED,0,NO DATA,259 - TEXAS HEALTH HUGULEY HOSPITAL,0.826,AF,No Data,No Data,No Data,76009,76028,No,1HTMMMML9HH146110,31,1 - MALE,N - NOT INJURED,0,1,1 - FRONT LEFT OR MOTORCYCLE DRIVER
20744949,Yes,FORT WORTH POLICE DEPARTMENT,250024709,FORT WORTH,CHANGED LANE WHEN UNSAFE,TARRANT,2025-04-07,N - NOT INJURED,0,NO DATA,259 - TEXAS HEALTH HUGULEY HOSPITAL,0.826,AF,No Data,No Data,No Data,76009,76028,No,1HTMMMML9HH146110,47,1 - MALE,N - NOT INJURED,0,2,3 - FRONT RIGHT
20744950,Yes,BROWNSVILLE POLICE DEPARTMENT,202504070078,BROWNSVILLE,FAILED TO YIELD RIGHT OF WAY - STOP SIGN,CAMERON,2025-04-07,N - NOT INJURED,0,NO DATA,293 - VALLEY BAPTIST MEDICAL CENTER - BROWNSVILLE,1.792,SW,35 - FAILED TO YIELD RIGHT OF WAY - STOP SIGN,No Data,No Data,78521,78521,No,2FMDK3KC5CBA58947,72,2 - FEMALE,N - NOT INJURED,0,1,1 - FRONT LEFT OR MOTORCYCLE DRIVER
20744950,Yes,BROWNSVILLE POLICE DEPARTMENT,202504070078,BROWNSVILLE,FAILED TO YIELD RIGHT OF WAY - STOP SIGN,CAMERON,2025-04-07,N - NOT INJURED,0,NO DATA,293 - VALLEY BAPTIST MEDICAL CENTER - BROWNSVILLE,1.792,SW,No Data,No Data,No Data,60025,60025,No,5J6RW6H33JL001449,32,1 - MALE,N - NOT INJURED,0,1,1 - FRONT LEFT OR MOTORCYCLE DRIVER
20744952,Yes,OAK POINT POLICE DEPARTMENT,25040010,OUTSIDE CITY LIMITS,DRIVER INATTENTION; FAILED TO CONTROL SPEED; FOLLOWED TOO CLOSELY,DENTON,2025-04-07,N - NOT INJURED,0,NO DATA,152 - MEDICAL CITY DENTON,6.71,,44 - FOLLOWED TOO CLOSELY,22 - FAILED TO CONTROL SPEED,20 - DRIVER INATTENTION,76210,76210,No,2GKALMEK4G6338908,56,2 - FEMALE,N - NOT INJURED,0,1,1 - FRONT LEFT OR MOTORCYCLE DRIVER
20744952,Yes,OAK POINT POLICE DEPARTMENT,25040010,OUTSIDE CITY LIMITS,DRIVER INATTENTION; FAILED TO CONTROL SPEED; FOLLOWED TOO CLOSELY,DENTON,2025-04-07,N - NOT INJURED,0,NO DATA,152 - MEDICAL CITY DENTON,6.71,,No Data,No Data,No Data,75098,75098,No,04336844647250123,29,2 - FEMALE,N - NOT INJURED,0,1,1 - FRONT LEFT OR MOTORCYCLE DRIVER
20744954,No,BROWNSVILLE POLICE DEPARTMENT,202504070086,BROWNSVILLE,BACKED WITHOUT SAFETY,CAMERON,2025-04-07,N - NOT INJURED,0,NO DATA,No Data,No Data,NE,3 - BACKED WITHOUT SAFETY,No Data,No Data,78521,63146,No,1FTMF1CB7LKE08877,38,2 - FEMALE,N - NOT INJURED,0,1,1 - FRONT LEFT OR MOTORCYCLE DRIVER
20744958,No,BROWNSVILLE POLICE DEPARTMENT,202504070063,BROWNSVILLE,CHANGED LANE WHEN UNSAFE,CAMERON,2025-04-07,N - NOT INJURED,0,NO DATA,293 - VALLEY BAPTIST MEDICAL CENTER - BROWNSVILLE,1.252,SW,4 - CHANGED LANE WHEN UNSAFE,No Data,No Data,78521,78521,No,2FMDK3JC1CBA60678,28,2 - FEMALE,N - NOT INJURED,0,1,1 - FRONT LEFT OR MOTORCYCLE DRIVER
20744958,No,BROWNSVILLE POLICE DEPARTMENT,202504070063,BROWNSVILLE,CHANGED LANE WHEN UNSAFE,CAMERON,2025-04-07,N - NOT INJURED,0,NO DATA,293 - VALLEY BAPTIST MEDICAL CENTER - BROWNSVILLE,1.252,SW,No Data,No Data,No Data,78521,78586,No,3VVRB7AX2RM105740,72,2 - FEMALE,N - NOT INJURED,0,1,1 - FRONT LEFT OR MOTORCYCLE DRIVER
20744968,No,GREENVILLE POLICE DEPARTMENT,25-010114,GREENVILLE,DISREGARD STOP AND GO SIGNAL; DRIVER INATTENTION; FAILED TO CONTROL SPEED,HUNT,2025-04-07,N - NOT INJURED,0,NO DATA,133 - HUNT REGIONAL HEALTHCARE,1.975,,22 - FAILED TO CONTROL SPEED,15 - DISREGARD STOP AND GO SIGNAL,20 - DRIVER INATTENTION,,No Data,Yes,No Data,No Data,99 - UNKNOWN,99 - UNKNOWN,0,1,1 - FRONT LEFT OR MOTORCYCLE DRIVER
20744968,No,GREENVILLE POLICE DEPARTMENT,25-010114,GREENVILLE,DISREGARD STOP AND GO SIGNAL; DRIVER INATTENTION; FAILED TO CONTROL SPEED,HUNT,2025-04-07,N - NOT INJURED,0,NO DATA,133 - HUNT REGIONAL HEALTHCARE,1.975,,No Data,No Data,No Data,75401,75401,No,1G1JC5SH3F4155132,64,1 - MALE,N - NOT INJURED,0,1,1 - FRONT LEFT OR MOTORCYCLE DRIVER
20744968,No,GREENVILLE POLICE DEPARTMENT,25-010114,GREENVILLE,DISREGARD STOP AND GO SIGNAL; DRIVER INATTENTION; FAILED TO CONTROL SPEED,HUNT,2025-04-07,N - NOT INJURED,0,NO DATA,133 - HUNT REGIONAL HEALTHCARE,1.975,,No Data,No Data,No Data,75401,75401,No,1G1JC5SH3F4155132,12,2 - FEMALE,N - NOT INJURED,0,2,4 - SECOND SEAT LEFT OR MOTORCYCLE BACK PASSENGER
20744968,No,GREENVILLE POLICE DEPARTMENT,25-010114,GREENVILLE,DISREGARD STOP AND GO SIGNAL; DRIVER INATTENTION; FAILED TO CONTROL SPEED,HUNT,2025-04-07,N - NOT INJURED,0,NO DATA,133 - HUNT REGIONAL HEALTHCARE,1.975,,No Data,No Data,No Data,75401,75401,No,1G1JC5SH3F4155132,5,2 - FEMALE,N - NOT INJURED,0,3,6 - SECOND SEAT RIGHT
20744971,Yes,TRAVIS COUNTY SHERIFF'S OFFICE,250970256,OUTSIDE CITY LIMITS,FAILED TO CONTROL SPEED,TRAVIS,2025-04-07,N - NOT INJURED,0,NO DATA,21 - BAYLOR SCOTT & WHITE MEDICAL CENTER - LAKEWAY,3.167,10,22 - FAILED TO CONTROL SPEED,No Data,No Data,78702,78669,No,2NP3LN9X1CM160065,46,1 - MALE,N - NOT INJURED,0,1,1 - FRONT LEFT OR MOTORCYCLE DRIVER
20744971,Yes,TRAVIS COUNTY SHERIFF'S OFFICE,250970256,OUTSIDE CITY LIMITS,FAILED TO CONTROL SPEED,TRAVIS,2025-04-07,N - NOT INJURED,0,NO DATA,21 - BAYLOR SCOTT & WHITE MEDICAL CENTER - LAKEWAY,3.167,10,No Data,No Data,No Data,78942,30005,No,3HSDZAPR4PN188015,33,1 - MALE,N - NOT INJURED,0,1,1 - FRONT LEFT OR MOTORCYCLE DRIVER
20744984,Yes,"DEPARTMENT OF PUBLIC SAFETY, STATE OF TEXAS",TX2025-537116,OUTSIDE CITY LIMITS,FAILED TO CONTROL SPEED,WISE,2025-04-07,N - NOT INJURED,0,NO DATA,250 - TEXAS HEALTH HARRIS METHODIST HOSPITAL AZLE,12.073,1C,22 - FAILED TO CONTROL SPEED,No Data,No Data,76071,76071,No,1B7KC2368WJ196381,31,1 - MALE,N - NOT INJURED,0,1,1 - FRONT LEFT OR MOTORCYCLE DRIVER
20744984,Yes,"DEPARTMENT OF PUBLIC SAFETY, STATE OF TEXAS",TX2025-537116,OUTSIDE CITY LIMITS,FAILED TO CONTROL SPEED,WISE,2025-04-07,N - NOT INJURED,0,NO DATA,250 - TEXAS HEALTH HARRIS METHODIST HOSPITAL AZLE,12.073,1C,No Data,No Data,No Data,76023,76023,No,KM8J33AL5LU146392,66,2 - FEMALE,N - NOT INJURED,0,1,1 - FRONT LEFT OR MOTORCYCLE DRIVER
20745000,Yes,GARLAND POLICE DEPARTMENT,2025A000776,GARLAND,DRIVER INATTENTION; FAILED TO CONTROL SPEED,DALLAS,2025-04-07,N - NOT INJURED,0,NO DATA,No Data,No Data,46,20 - DRIVER INATTENTION,22 - FAILED TO CONTROL SPEED,No Data,75041,75041,Yes,2GKALPEKXG6207449,29,2 - FEMALE,N - NOT INJURED,0,1,1 - FRONT LEFT OR MOTORCYCLE DRIVER
20745009,Yes,LUFKIN POLICE DEPARTMENT,2500011111,LUFKIN,FAILED TO YIELD RIGHT OF WAY - PRIVATE DRIVE,ANGELINA,2025-04-07,N - NOT INJURED,0,NO DATA,40 - CHI ST. LUKES HEALTH MEMORIAL LUFKIN,1.819,01,34 - FAILED TO YIELD RIGHT OF WAY - PRIVATE DRIVE,No Data,No Data,75901,75901,No,1N4AL3AP4FC155947,71,2 - FEMALE,N - NOT INJURED,0,1,1 - FRONT LEFT OR MOTORCYCLE DRIVER
20745009,Yes,LUFKIN POLICE DEPARTMENT,2500011111,LUFKIN,FAILED TO YIELD RIGHT OF WAY - PRIVATE DRIVE,ANGELINA,2025-04-07,N - NOT INJURED,0,NO DATA,40 - CHI ST. LUKES HEALTH MEMORIAL LUFKIN,1.819,01,34 - FAILED TO YIELD RIGHT OF WAY - PRIVATE DRIVE,No Data,No Data,75901,75901,No,1N4AL3AP4FC155947,11,2 - FEMALE,N - NOT INJURED,0,2,6 - SECOND SEAT RIGHT
20745009,Yes,LUFKIN POLICE DEPARTMENT,2500011111,LUFKIN,FAILED TO YIELD RIGHT OF WAY - PRIVATE DRIVE,ANGELINA,2025-04-07,N - NOT INJURED,0,NO DATA,40 - CHI ST. LUKES HEALTH MEMORIAL LUFKIN,1.819,01,34 - FAILED TO YIELD RIGHT OF WAY - PRIVATE DRIVE,No Data,No Data,75901,75901,No,1N4AL3AP4FC155947,10,2 - FEMALE,N - NOT INJURED,0,3,4 - SECOND SEAT LEFT OR MOTORCYCLE BACK PASSENGER
20745009,Yes,LUFKIN POLICE DEPARTMENT,2500011111,LUFKIN,FAILED TO YIELD RIGHT OF WAY - PRIVATE DRIVE,ANGELINA,2025-04-07,N - NOT INJURED,0,NO DATA,40 - CHI ST. LUKES HEALTH MEMORIAL LUFKIN,1.819,01,34 - FAILED TO YIELD RIGHT OF WAY - PRIVATE DRIVE,No Data,No Data,75969,75969,No,1C4PJLMX7MD240570,49,2 - FEMALE,N - NOT INJURED,0,1,1 - FRONT LEFT OR MOTORCYCLE DRIVER
20745071,Yes,ROANOKE POLICE DEPARTMENT,25007553,ROANOKE,OTHER (EXPLAIN IN NARRATIVE),DENTON,2025-04-07,C - POSSIBLE INJURY,0,NO DATA,249 - TEXAS HEALTH HARRIS METHODIST HOSPITAL ALLIANCE,7.837,,98 - OTHER (EXPLAIN IN NARRATIVE),No Data,No Data,76078,76078,No,1D7HA18237S219681,51,1 - MALE,N - NOT INJURED,0,1,1 - FRONT LEFT OR MOTORCYCLE DRIVER
20745071,Yes,ROANOKE POLICE DEPARTMENT,25007553,ROANOKE,OTHER (EXPLAIN IN NARRATIVE),DENTON,2025-04-07,C - POSSIBLE INJURY,0,NO DATA,249 - TEXAS HEALTH HARRIS METHODIST HOSPITAL ALLIANCE,7.837,,No Data,No Data,No Data,76262,76262,No,1FMSK7DH0NGB99279,42,2 - FEMALE,C - POSSIBLE INJURY,0,1,1 - FRONT LEFT OR MOTORCYCLE DRIVER
20745073,Yes,WICHITA FALLS POLICE DEPARTMENT,25-040286,WICHITA FALLS,FAILED TO PASS TO LEFT SAFELY,WICHITA,2025-04-07,N - NOT INJURED,0,NO DATA,274 - UNITED REGIONAL HEALTH CARE SYSTEM,4.118,,26 - FAILED TO PASS TO LEFT SAFELY,No Data,No Data,76308,76308,No,KM8J33A46GU242207,71,2 - FEMALE,N - NOT INJURED,0,1,1 - FRONT LEFT OR MOTORCYCLE DRIVER
20745074,Yes,WICHITA FALLS POLICE DEPARTMENT,25-040290,WICHITA FALLS,DRIVER INATTENTION; FAILED TO CONTROL SPEED,WICHITA,2025-04-07,N - NOT INJURED,0,NO DATA,274 - UNITED REGIONAL HEALTH CARE SYSTEM,3.336,,22 - FAILED TO CONTROL SPEED,20 - DRIVER INATTENTION,No Data,76308,76308,No,1C6RR6FG5JS166211,77,1 - MALE,N - NOT INJURED,0,1,1 - FRONT LEFT OR MOTORCYCLE DRIVER
20745074,Yes,WICHITA FALLS POLICE DEPARTMENT,25-040290,WICHITA FALLS,DRIVER INATTENTION; FAILED TO CONTROL SPEED,WICHITA,2025-04-07,N - NOT INJURED,0,NO DATA,274 - UNITED REGIONAL HEALTH CARE SYSTEM,3.336,,No Data,No Data,No Data,73546,73546,No,3GTEC13048G226791,61,1 - MALE,N - NOT INJURED,0,1,1 - FRONT LEFT OR MOTORCYCLE DRIVER
20745083,Yes,LUBBOCK POLICE DEPARTMENT,250010742,LUBBOCK,IMPROPER START FROM PARKED POSITION,LUBBOCK,2025-04-07,C - POSSIBLE INJURY,0,NO DATA,77 - COVENANT CHILDRENS HOSPITAL,0.621,2,"49 - IMPROPER START FROM A STOPPED, STANDING, OR PARKED POSITION",No Data,No Data,79311,79415,No,JN8AS5MT7EW623155,26,2 - FEMALE,N - NOT INJURED,0,1,1 - FRONT LEFT OR MOTORCYCLE DRIVER
20745083,Yes,LUBBOCK POLICE DEPARTMENT,250010742,LUBBOCK,IMPROPER START FROM PARKED POSITION,LUBBOCK,2025-04-07,C - POSSIBLE INJURY,0,NO DATA,77 - COVENANT CHILDRENS HOSPITAL,0.621,2,"49 - IMPROPER START FROM A STOPPED, STANDING, OR PARKED POSITION",No Data,No Data,79311,79415,No,JN8AS5MT7EW623155,27,1 - MALE,N - NOT INJURED,0,2,3 - FRONT RIGHT
20745083,Yes,LUBBOCK POLICE DEPARTMENT,250010742,LUBBOCK,IMPROPER START FROM PARKED POSITION,LUBBOCK,2025-04-07,C - POSSIBLE INJURY,0,NO DATA,77 - COVENANT CHILDRENS HOSPITAL,0.621,2,"49 - IMPROPER START FROM A STOPPED, STANDING, OR PARKED POSITION",No Data,No Data,79311,79415,No,JN8AS5MT7EW623155,27,1 - MALE,N - NOT INJURED,0,3,4 - SECOND SEAT LEFT OR MOTORCYCLE BACK PASSENGER
20745083,Yes,LUBBOCK POLICE DEPARTMENT,250010742,LUBBOCK,IMPROPER START FROM PARKED POSITION,LUBBOCK,2025-04-07,C - POSSIBLE INJURY,0,NO DATA,77 - COVENANT CHILDRENS HOSPITAL,0.621,2,"49 - IMPROPER START FROM A STOPPED, STANDING, OR PARKED POSITION",No Data,No Data,79311,79415,No,JN8AS5MT7EW623155,18,2 - FEMALE,N - NOT INJURED,0,4,6 - SECOND SEAT RIGHT
20745083,Yes,LUBBOCK POLICE DEPARTMENT,250010742,LUBBOCK,IMPROPER START FROM PARKED POSITION,LUBBOCK,2025-04-07,C - POSSIBLE INJURY,0,NO DATA,77 - COVENANT CHILDRENS HOSPITAL,0.621,2,No Data,No Data,No Data,79363,79363,No,5XYRKDLFXPG231999,64,2 - FEMALE,C - POSSIBLE INJURY,0,1,1 - FRONT LEFT OR MOTORCYCLE DRIVER
20745085,Yes,SAN ANTONIO POLICE DEPARTMENT,SAPD25069223,SAN ANTONIO,DRIVER INATTENTION;UNSAFE SPEED,BEXAR,2025-04-07,99 - UNKNOWN,0,NO DATA,187 - MISSION TRAIL BAPTIST HOSPITAL,3.427,60,20 - DRIVER INATTENTION,60 - UNSAFE SPEED,No Data,,No Data,Yes,No Data,No Data,99 - UNKNOWN,99 - UNKNOWN,0,1,1 - FRONT LEFT OR MOTORCYCLE DRIVER
20745087,Yes,IRVING POLICE DEPARTMENT,25-7092,IRVING,IMPAIRED VISIBILITY (EXPLAIN IN NARRATIVE),DALLAS,2025-04-07,N - NOT INJURED,0,NO DATA,155 - MEDICAL CITY LAS COLINAS,5.11,,48 - IMPAIRED VISIBILITY (EXPLAIN IN NARRATIVE),No Data,No Data,75061,78022,No,1FAFP343X2W167810,46,1 - MALE,N - NOT INJURED,0,1,1 - FRONT LEFT OR MOTORCYCLE DRIVER
20745087,Yes,IRVING POLICE DEPARTMENT,25-7092,IRVING,IMPAIRED VISIBILITY (EXPLAIN IN NARRATIVE),DALLAS,2025-04-07,N - NOT INJURED,0,NO DATA,155 - MEDICAL CITY LAS COLINAS,5.11,,No Data,No Data,No Data,75061,75061,No,4T1BF1FK9HU811950,41,2 - FEMALE,N - NOT INJURED,0,1,1 - FRONT LEFT OR MOTORCYCLE DRIVER
20745087,Yes,IRVING POLICE DEPARTMENT,25-7092,IRVING,IMPAIRED VISIBILITY (EXPLAIN IN NARRATIVE),DALLAS,2025-04-07,N - NOT INJURED,0,NO DATA,155 - MEDICAL CITY LAS COLINAS,5.11,,No Data,No Data,No Data,75061,75061,No,4T1BF1FK9HU811950,15,1 - MALE,N - NOT INJURED,0,2,3 - FRONT RIGHT
20745089,Yes,LEAGUE CITY POLICE DEPARTMENT,25-01832,LEAGUE CITY,CHANGED LANE WHEN UNSAFE,GALVESTON,2025-04-07,N - NOT INJURED,0,NO DATA,289 - UTMB HEALTH LEAGUE CITY CAMPUS,0.737,,4 - CHANGED LANE WHEN UNSAFE,No Data,No Data,77536,77536,No,5XYZU3LB7HG484006,25,2 - FEMALE,N - NOT INJURED,0,1,1 - FRONT LEFT OR MOTORCYCLE DRIVER
20745089,Yes,LEAGUE CITY POLICE DEPARTMENT,25-01832,LEAGUE CITY,CHANGED LANE WHEN UNSAFE,GALVESTON,2025-04-07,N - NOT INJURED,0,NO DATA,289 - UTMB HEALTH LEAGUE CITY CAMPUS,0.737,,4 - CHANGED LANE WHEN UNSAFE,No Data,No Data,77536,77536,No,5XYZU3LB7HG484006,26,1 - MALE,N - NOT INJURED,0,2,3 - FRONT RIGHT
20745089,Yes,LEAGUE CITY POLICE DEPARTMENT,25-01832,LEAGUE CITY,CHANGED LANE WHEN UNSAFE,GALVESTON,2025-04-07,N - NOT INJURED,0,NO DATA,289 - UTMB HEALTH LEAGUE CITY CAMPUS,0.737,,No Data,No Data,No Data,77573,77573,No,58ABZ1B19KU048252,44,2 - FEMALE,N - NOT INJURED,0,1,1 - FRONT LEFT OR MOTORCYCLE DRIVER
20745089,Yes,LEAGUE CITY POLICE DEPARTMENT,25-01832,LEAGUE CITY,CHANGED LANE WHEN UNSAFE,GALVESTON,2025-04-07,N - NOT INJURED,0,NO DATA,289 - UTMB HEALTH LEAGUE CITY CAMPUS,0.737,,No Data,No Data,No Data,77573,77573,No,58ABZ1B19KU048252,72,2 - FEMALE,N - NOT INJURED,0,2,3 - FRONT RIGHT
20745089,Yes,LEAGUE CITY POLICE DEPARTMENT,25-01832,LEAGUE CITY,CHANGED LANE WHEN UNSAFE,GALVESTON,2025-04-07,N - NOT INJURED,0,NO DATA,289 - UTMB HEALTH LEAGUE CITY CAMPUS,0.737,,No Data,No Data,No Data,77573,77573,No,58ABZ1B19KU048252,76,1 - MALE,N - NOT INJURED,0,3,4 - SECOND SEAT LEFT OR MOTORCYCLE BACK PASSENGER
20745096,Yes,ROCKWALL POLICE DEPARTMENT,2025-12306,ROCKWALL,IMPROPER START FROM PARKED POSITION,ROCKWALL,2025-04-07,N - NOT INJURED,0,NO DATA,19 - BAYLOR SCOTT & WHITE MEDICAL CENTER - LAKE POINTE,2.799,1,"49 - IMPROPER START FROM A STOPPED, STANDING, OR PARKED POSITION",No Data,No Data,75087,75087,No,2T3ZF4DV5BW080414,54,2 - FEMALE,N - NOT INJURED,0,1,1 - FRONT LEFT OR MOTORCYCLE DRIVER
20745096,Yes,ROCKWALL POLICE DEPARTMENT,2025-12306,ROCKWALL,IMPROPER START FROM PARKED POSITION,ROCKWALL,2025-04-07,N - NOT INJURED,0,NO DATA,19 - BAYLOR SCOTT & WHITE MEDICAL CENTER - LAKE POINTE,2.799,1,No Data,No Data,No Data,75126,75126,No,4S4WMAPD3N3463765,34,2 - FEMALE,N - NOT INJURED,0,1,1 - FRONT LEFT OR MOTORCYCLE DRIVER
20745099,Yes,IRVING POLICE DEPARTMENT,25-7120,IRVING,FAILED TO STOP AT PROPER PLACE,DALLAS,2025-04-07,N - NOT INJURED,0,NO DATA,297 - WILLIAM P. CLEMENTS UNIVERSITY HOSPITAL,4.263,,29 - FAILED TO STOP AT PROPER PLACE,No Data,No Data,17104,45246,No,3HSDZAPR1NN677453,68,1 - MALE,N - NOT INJURED,0,1,1 - FRONT LEFT OR MOTORCYCLE DRIVER
20745099,Yes,IRVING POLICE DEPARTMENT,25-7120,IRVING,FAILED TO STOP AT PROPER PLACE,DALLAS,2025-04-07,N - NOT INJURED,0,NO DATA,297 - WILLIAM P. CLEMENTS UNIVERSITY HOSPITAL,4.263,,No Data,No Data,No Data,79027,79045,No,1XPXD49X6DD185713,22,1 - MALE,N - NOT INJURED,0,1,1 - FRONT LEFT OR MOTORCYCLE DRIVER
20745100,Yes,SAN ANTONIO POLICE DEPARTMENT,SAPD25068877,SAN ANTONIO,ILL (EXPLAIN IN NARRATIVE),BEXAR,2025-04-07,B - SUSPECTED MINOR INJURY,0,NO DATA,53 - CHRISTUS SANTA ROSA HOSPITAL - ALAMO HEIGHTS,2.01,20,47 - ILL (EXPLAIN IN NARRATIVE),No Data,No Data,78213,78676,No,1ZVFT80N775335200,35,1 - MALE,B - SUSPECTED MINOR INJURY,1,1,1 - FRONT LEFT OR MOTORCYCLE DRIVER
20745101,Yes,CEDAR PARK POLICE DEPARTMENT,2504-0119,CEDAR PARK,FAILED TO YIELD RIGHT OF WAY - STOP SIGN,WILLIAMSON,2025-04-07,C - POSSIBLE INJURY,0,NO DATA,37 - CEDAR PARK REGIONAL MEDICAL CENTER,0.36,,35 - FAILED TO YIELD RIGHT OF WAY - STOP SIGN,No Data,No Data,78681,78681,No,7FARS4H46SE001257,68,2 - FEMALE,N - NOT INJURED,0,1,1 - FRONT LEFT OR MOTORCYCLE DRIVER
20745101,Yes,CEDAR PARK POLICE DEPARTMENT,2504-0119,CEDAR PARK,FAILED TO YIELD RIGHT OF WAY - STOP SIGN,WILLIAMSON,2025-04-07,C - POSSIBLE INJURY,0,NO DATA,37 - CEDAR PARK REGIONAL MEDICAL CENTER,0.36,,No Data,No Data,No Data,78665,78665,No,3N1AB6AP1BL697233,30,2 - FEMALE,C - POSSIBLE INJURY,0,1,1 - FRONT LEFT OR MOTORCYCLE DRIVER
20745103,Yes,IRVING POLICE DEPARTMENT,25-7142,IRVING,OTHER (EXPLAIN IN NARRATIVE),DALLAS,2025-04-07,N - NOT INJURED,0,NO DATA,155 - MEDICAL CITY LAS COLINAS,5.019,,98 - OTHER (EXPLAIN IN NARRATIVE),No Data,No Data,75062,75062,No,1FMRU17L6WLA62751,26,1 - MALE,N - NOT INJURED,0,1,1 - FRONT LEFT OR MOTORCYCLE DRIVER
20745110,Yes,PHARR POLICE DEPARTMENT,25-1008,PHARR,FAILED TO CONTROL SPEED,HIDALGO,2025-04-07,N - NOT INJURED,0,NO DATA,231 - SOUTH TEXAS HEALTH SYSTEM HEART,3.514,,22 - FAILED TO CONTROL SPEED,No Data,No Data,78577,78577,No,1FMDU77K35UA11575,34,2 - FEMALE,N - NOT INJURED,0,1,1 - FRONT LEFT OR MOTORCYCLE DRIVER
20745110,Yes,PHARR POLICE DEPARTMENT,25-1008,PHARR,FAILED TO CONTROL SPEED,HIDALGO,2025-04-07,N - NOT INJURED,0,NO DATA,231 - SOUTH TEXAS HEALTH SYSTEM HEART,3.514,,No Data,No Data,No Data,78577,78577,No,3GKALMEV2KL210679,22,2 - FEMALE,N - NOT INJURED,0,1,1 - FRONT LEFT OR MOTORCYCLE DRIVER
20745122,Yes,SAN ANTONIO POLICE DEPARTMENT,SAPD25069556,SAN ANTONIO,OTHER (EXPLAIN IN NARRATIVE),BEXAR,2025-04-07,N - NOT INJURED,0,NO DATA,187 - MISSION TRAIL BAPTIST HOSPITAL,3.206,40,No Data,No Data,No Data,78210,78210,No,1HGCV2F96MA005169,48,2 - FEMALE,N - NOT INJURED,0,1,1 - FRONT LEFT OR MOTORCYCLE DRIVER
20745122,Yes,SAN ANTONIO POLICE DEPARTMENT,SAPD25069556,SAN ANTONIO,OTHER (EXPLAIN IN NARRATIVE),BEXAR,2025-04-07,N - NOT INJURED,0,NO DATA,187 - MISSION TRAIL BAPTIST HOSPITAL,3.206,40,98 - OTHER (EXPLAIN IN NARRATIVE),No Data,No Data,,,Yes,UNKNOWN,No Data,99 - UNKNOWN,99 - UNKNOWN,0,1,1 - FRONT LEFT OR MOTORCYCLE DRIVER
20745145,Yes,SAN ANTONIO POLICE DEPARTMENT,SAPD25068876,SAN ANTONIO,DRIVER INATTENTION; FAILED TO PASS TO RIGHT SAFELY,BEXAR,2025-04-07,C - POSSIBLE INJURY,0,NO DATA,No Data,No Data,50,20 - DRIVER INATTENTION,27 - FAILED TO PASS TO RIGHT SAFELY,No Data,,76502,Yes,2HGFC2F79JH593941,No Data,99 - UNKNOWN,99 - UNKNOWN,0,1,1 - FRONT LEFT OR MOTORCYCLE DRIVER
20745145,Yes,SAN ANTONIO POLICE DEPARTMENT,SAPD25068876,SAN ANTONIO,DRIVER INATTENTION; FAILED TO PASS TO RIGHT SAFELY,BEXAR,2025-04-07,C - POSSIBLE INJURY,0,NO DATA,No Data,No Data,50,No Data,No Data,No Data,78254,78254,No,5LMJJ2LT0KEL14491,49,1 - MALE,C - POSSIBLE INJURY,0,1,1 - FRONT LEFT OR MOTORCYCLE DRIVER
20745145,Yes,SAN ANTONIO POLICE DEPARTMENT,SAPD25068876,SAN ANTONIO,DRIVER INATTENTION; FAILED TO PASS TO RIGHT SAFELY,BEXAR,2025-04-07,C - POSSIBLE INJURY,0,NO DATA,No Data,No Data,50,No Data,No Data,No Data,78254,78254,No,5LMJJ2LT0KEL14491,46,2 - FEMALE,N - NOT INJURED,0,2,3 - FRONT RIGHT
20745147,Yes,SAN ANTONIO POLICE DEPARTMENT,SAPD25069283,SAN ANTONIO,DRIVER INATTENTION;FAILED TO YIELD RIGHT OF WAY - TURNING LEFT,BEXAR,2025-04-07,C - POSSIBLE INJURY,0,NO DATA,273 - UNIVERSITY HOSPITAL,3.198,50,37 - FAILED TO YIELD RIGHT OF WAY - TURNING LEFT,20 - DRIVER INATTENTION,No Data,,No Data,Yes,No Data,No Data,99 - UNKNOWN,99 - UNKNOWN,0,1,1 - FRONT LEFT OR MOTORCYCLE DRIVER
20745147,Yes,SAN ANTONIO POLICE DEPARTMENT,SAPD25069283,SAN ANTONIO,DRIVER INATTENTION;FAILED TO YIELD RIGHT OF WAY - TURNING LEFT,BEXAR,2025-04-07,C - POSSIBLE INJURY,0,NO DATA,273 - UNIVERSITY HOSPITAL,3.198,50,No Data,No Data,No Data,78228,78228,No,4T1G11AK6LU373571,24,2 - FEMALE,C - POSSIBLE INJURY,0,1,1 - FRONT LEFT OR MOTORCYCLE DRIVER
20745147,Yes,SAN ANTONIO POLICE DEPARTMENT,SAPD25069283,SAN ANTONIO,DRIVER INATTENTION;FAILED TO YIELD RIGHT OF WAY - TURNING LEFT,BEXAR,2025-04-07,C - POSSIBLE INJURY,0,NO DATA,273 - UNIVERSITY HOSPITAL,3.198,50,No Data,No Data,No Data,78228,78228,No,4T1G11AK6LU373571,3,2 - FEMALE,C - POSSIBLE INJURY,0,2,4 - SECOND SEAT LEFT OR MOTORCYCLE BACK PASSENGER
20745155,Yes,WESLACO POLICE DEPARTMENT,25-8708,WESLACO,FAILED TO YIELD RIGHT OF WAY - STOP SIGN,HIDALGO,2025-04-07,C - POSSIBLE INJURY,0,NO DATA,137 - KNAPP MEDICAL CENTER,1.291,,35 - FAILED TO YIELD RIGHT OF WAY - STOP SIGN,No Data,No Data,78570,95899,No,3CZRZ1H58RM740693,73,2 - FEMALE,N - NOT INJURED,0,1,1 - FRONT LEFT OR MOTORCYCLE DRIVER
20745155,Yes,WESLACO POLICE DEPARTMENT,25-8708,WESLACO,FAILED TO YIELD RIGHT OF WAY - STOP SIGN,HIDALGO,2025-04-07,C - POSSIBLE INJURY,0,NO DATA,137 - KNAPP MEDICAL CENTER,1.291,,No Data,No Data,No Data,78599,78599,No,3CZRZ1H70RM708113,30,2 - FEMALE,N - NOT INJURED,0,1,1 - FRONT LEFT OR MOTORCYCLE DRIVER
20745155,Yes,WESLACO POLICE DEPARTMENT,25-8708,WESLACO,FAILED TO YIELD RIGHT OF WAY - STOP SIGN,HIDALGO,2025-04-07,C - POSSIBLE INJURY,0,NO DATA,137 - KNAPP MEDICAL CENTER,1.291,,No Data,No Data,No Data,78599,78599,No,3CZRZ1H70RM708113,30,2 - FEMALE,C - POSSIBLE INJURY,0,2,6 - SECOND SEAT RIGHT
20745155,Yes,WESLACO POLICE DEPARTMENT,25-8708,WESLACO,FAILED TO YIELD RIGHT OF WAY - STOP SIGN,HIDALGO,2025-04-07,C - POSSIBLE INJURY,0,NO DATA,137 - KNAPP MEDICAL CENTER,1.291,,No Data,No Data,No Data,78599,78599,No,3CZRZ1H70RM708113,23,2 - FEMALE,C - POSSIBLE INJURY,0,3,3 - FRONT RIGHT
20745157,Yes,SAN ANTONIO POLICE DEPARTMENT,SAPD25069018,SAN ANTONIO,CHANGED LANE WHEN UNSAFE,BEXAR,2025-04-07,C - POSSIBLE INJURY,0,NO DATA,65 - CHRISTUS SANTA ROSA HOSPITAL - WESTOVER HILLS,2.191,50,4 - CHANGED LANE WHEN UNSAFE,No Data,No Data,78245,78245,No,7FARW1H51KE001839,57,2 - FEMALE,N - NOT INJURED,0,1,1 - FRONT LEFT OR MOTORCYCLE DRIVER
20745157,Yes,SAN ANTONIO POLICE DEPARTMENT,SAPD25069018,SAN ANTONIO,CHANGED LANE WHEN UNSAFE,BEXAR,2025-04-07,C - POSSIBLE INJURY,0,NO DATA,65 - CHRISTUS SANTA ROSA HOSPITAL - WESTOVER HILLS,2.191,50,No Data,No Data,No Data,78245,78245,No,1GTEC19ZX5Z278623,62,2 - FEMALE,C - POSSIBLE INJURY,0,1,1 - FRONT LEFT OR MOTORCYCLE DRIVER
20745157,Yes,SAN ANTONIO POLICE DEPARTMENT,SAPD25069018,SAN ANTONIO,CHANGED LANE WHEN UNSAFE,BEXAR,2025-04-07,C - POSSIBLE INJURY,0,NO DATA,65 - CHRISTUS SANTA ROSA HOSPITAL - WESTOVER HILLS,2.191,50,No Data,No Data,No Data,78245,78245,No,1GTEC19ZX5Z278623,10,1 - MALE,N - NOT INJURED,0,2,5 - SECOND SEAT CENTER
20745157,Yes,SAN ANTONIO POLICE DEPARTMENT,SAPD25069018,SAN ANTONIO,CHANGED LANE WHEN UNSAFE,BEXAR,2025-04-07,C - POSSIBLE INJURY,0,NO DATA,65 - CHRISTUS SANTA ROSA HOSPITAL - WESTOVER HILLS,2.191,50,No Data,No Data,No Data,78245,78245,No,1GTEC19ZX5Z278623,7,1 - MALE,N - NOT INJURED,0,3,4 - SECOND SEAT LEFT OR MOTORCYCLE BACK PASSENGER
20745158,Yes,SAN ANTONIO POLICE DEPARTMENT,SAPD25068971,SAN ANTONIO,FAILED TO STOP AT PROPER PLACE,BEXAR,2025-04-07,N - NOT INJURED,0,NO DATA,65 - CHRISTUS SANTA ROSA HOSPITAL - WESTOVER HILLS,3.195,50,29 - FAILED TO STOP AT PROPER PLACE,No Data,No Data,78411,78411,No,JN8AS5MT0DW512610,21,2 - FEMALE,N - NOT INJURED,0,1,1 - FRONT LEFT OR MOTORCYCLE DRIVER
20745158,Yes,SAN ANTONIO POLICE DEPARTMENT,SAPD25068971,SAN ANTONIO,FAILED TO STOP AT PROPER PLACE,BEXAR,2025-04-07,N - NOT INJURED,0,NO DATA,65 - CHRISTUS SANTA ROSA HOSPITAL - WESTOVER HILLS,3.195,50,No Data,No Data,No Data,78245,78245,No,JM1BL1S56A1305478,19,2 - FEMALE,N - NOT INJURED,0,1,1 - FRONT LEFT OR MOTORCYCLE DRIVER
20745159,Yes,ABILENE POLICE DEPARTMENT,25-027759,ABILENE,FAILED TO YIELD RIGHT OF WAY - STOP SIGN,TAYLOR,2025-04-07,N - NOT INJURED,0,NO DATA,126 - HENDRICK MEDICAL CENTER,3.396,,No Data,No Data,No Data,L8BOH2,L8BOH2,No,1FTFW5L89RFB54661,73,2 - FEMALE,N - NOT INJURED,0,1,1 - FRONT LEFT OR MOTORCYCLE DRIVER
20745159,Yes,ABILENE POLICE DEPARTMENT,25-027759,ABILENE,FAILED TO YIELD RIGHT OF WAY - STOP SIGN,TAYLOR,2025-04-07,N - NOT INJURED,0,NO DATA,126 - HENDRICK MEDICAL CENTER,3.396,,No Data,No Data,No Data,L8BOH2,L8BOH2,No,1FTFW5L89RFB54661,71,1 - MALE,N - NOT INJURED,0,2,3 - FRONT RIGHT
20745159,Yes,ABILENE POLICE DEPARTMENT,25-027759,ABILENE,FAILED TO YIELD RIGHT OF WAY - STOP SIGN,TAYLOR,2025-04-07,N - NOT INJURED,0,NO DATA,126 - HENDRICK MEDICAL CENTER,3.396,,No Data,No Data,No Data,78415,79541,No,1GTHC29U77E124047,37,1 - MALE,N - NOT INJURED,0,1,1 - FRONT LEFT OR MOTORCYCLE DRIVER
20745173,Yes,FORT WORTH POLICE DEPARTMENT,250024688,FORT WORTH,NONE,TARRANT,2025-04-07,N - NOT INJURED,0,NO DATA,255 - TEXAS HEALTH HARRIS METHODIST HOSPITAL SOUTHWEST FORT WORTH,7.256,ST,No Data,No Data,No Data,,No Data,Yes,No Data,No Data,99 - UNKNOWN,99 - UNKNOWN,0,1,1 - FRONT LEFT OR MOTORCYCLE DRIVER
20745173,Yes,FORT WORTH POLICE DEPARTMENT,250024688,FORT WORTH,NONE,TARRANT,2025-04-07,N - NOT INJURED,0,NO DATA,255 - TEXAS HEALTH HARRIS METHODIST HOSPITAL SOUTHWEST FORT WORTH,7.256,ST,No Data,No Data,No Data,76035,76035,No,JN1BJ1CP7JW106872,26,2 - FEMALE,N - NOT INJURED,0,1,1 - FRONT LEFT OR MOTORCYCLE DRIVER
20745173,Yes,FORT WORTH POLICE DEPARTMENT,250024688,FORT WORTH,NONE,TARRANT,2025-04-07,N - NOT INJURED,0,NO DATA,255 - TEXAS HEALTH HARRIS METHODIST HOSPITAL SOUTHWEST FORT WORTH,7.256,ST,No Data,No Data,No Data,76108,76108,No,5FNYF5H67NB004966,46,1 - MALE,N - NOT INJURED,0,1,1 - FRONT LEFT OR MOTORCYCLE DRIVER
20745175,No,FORT BEND COUNTY SHERIFF'S OFFICE,25-13797,OUTSIDE CITY LIMITS,OTHER (EXPLAIN IN NARRATIVE),FORT BEND,2025-04-07,99 - UNKNOWN,0,NO DATA,No Data,No Data,01,98 - OTHER (EXPLAIN IN NARRATIVE),No Data,No Data,,No Data,Yes,No Data,No Data,99 - UNKNOWN,99 - UNKNOWN,0,1,1 - FRONT LEFT OR MOTORCYCLE DRIVER
20745179,Yes,FORT BEND COUNTY SHERIFF'S OFFICE,25-13813,OUTSIDE CITY LIMITS,OTHER (EXPLAIN IN NARRATIVE),FORT BEND,2025-04-07,N - NOT INJURED,0,NO DATA,No Data,No Data,01,98 - OTHER (EXPLAIN IN NARRATIVE),No Data,No Data,77498,77498,No,WAUFFAFL6BN022443,78,1 - MALE,N - NOT INJURED,0,1,1 - FRONT LEFT OR MOTORCYCLE DRIVER
20745179,Yes,FORT BEND COUNTY SHERIFF'S OFFICE,25-13813,OUTSIDE CITY LIMITS,OTHER (EXPLAIN IN NARRATIVE),FORT BEND,2025-04-07,N - NOT INJURED,0,NO DATA,No Data,No Data,01,98 - OTHER (EXPLAIN IN NARRATIVE),No Data,No Data,77498,77498,No,1C6SRFHT7PN633017,45,1 - MALE,N - NOT INJURED,0,1,1 - FRONT LEFT OR MOTORCYCLE DRIVER
20745182,Yes,FORT BEND COUNTY SHERIFF'S OFFICE,25-31833,OUTSIDE CITY LIMITS,OTHER (EXPLAIN IN NARRATIVE),FORT BEND,2025-04-07,N - NOT INJURED,0,NO DATA,203 - OAKBEND MEDICAL CENTER ***JS MAIN CAMPUS,6.049,01,98 - OTHER (EXPLAIN IN NARRATIVE),No Data,No Data,77011,60192,No,1NKZXK0X2PJ217337,33,1 - MALE,N - NOT INJURED,0,1,1 - FRONT LEFT OR MOTORCYCLE DRIVER
20745182,Yes,FORT BEND COUNTY SHERIFF'S OFFICE,25-31833,OUTSIDE CITY LIMITS,OTHER (EXPLAIN IN NARRATIVE),FORT BEND,2025-04-07,N - NOT INJURED,0,NO DATA,203 - OAKBEND MEDICAL CENTER ***JS MAIN CAMPUS,6.049,01,98 - OTHER (EXPLAIN IN NARRATIVE),No Data,No Data,77406,77406,No,5TDZZRFH7JS247500,33,2 - FEMALE,N - NOT INJURED,0,1,1 - FRONT LEFT OR MOTORCYCLE DRIVER
20745182,Yes,FORT BEND COUNTY SHERIFF'S OFFICE,25-31833,OUTSIDE CITY LIMITS,OTHER (EXPLAIN IN NARRATIVE),FORT BEND,2025-04-07,N - NOT INJURED,0,NO DATA,203 - OAKBEND MEDICAL CENTER ***JS MAIN CAMPUS,6.049,01,98 - OTHER (EXPLAIN IN NARRATIVE),No Data,No Data,77406,77406,No,5TDZZRFH7JS247500,1,1 - MALE,99 - UNKNOWN,0,2,4 - SECOND SEAT LEFT OR MOTORCYCLE BACK PASSENGER
20745183,Yes,FORT WORTH POLICE DEPARTMENT,250024767,FORT WORTH,NONE,TARRANT,2025-04-07,N - NOT INJURED,0,NO DATA,255 - TEXAS HEALTH HARRIS METHODIST HOSPITAL SOUTHWEST FORT WORTH,6.713,ST,No Data,No Data,No Data,76135,76135,No,3MW5R7J08L8B38900,78,2 - FEMALE,N - NOT INJURED,0,1,1 - FRONT LEFT OR MOTORCYCLE DRIVER
20745183,Yes,FORT WORTH POLICE DEPARTMENT,250024767,FORT WORTH,NONE,TARRANT,2025-04-07,N - NOT INJURED,0,NO DATA,255 - TEXAS HEALTH HARRIS METHODIST HOSPITAL SOUTHWEST FORT WORTH,6.713,ST,No Data,No Data,No Data,76427,76067,No,1M1AN07YXBM007986,24,1 - MALE,N - NOT INJURED,0,1,1 - FRONT LEFT OR MOTORCYCLE DRIVER
20745186,Yes,"DEPARTMENT OF PUBLIC SAFETY, STATE OF TEXAS",TX25-539856,OUTSIDE CITY LIMITS,CHANGED LANE WHEN UNSAFE,BEXAR,2025-04-07,N - NOT INJURED,0,NO DATA,196 - NORTH CENTRAL BAPTIST HOSPITAL,14.269,6C,4 - CHANGED LANE WHEN UNSAFE,No Data,No Data,78006,78006,No,1N4AL3AP2GN327205,30,1 - MALE,N - NOT INJURED,0,1,1 - FRONT LEFT OR MOTORCYCLE DRIVER
20745186,Yes,"DEPARTMENT OF PUBLIC SAFETY, STATE OF TEXAS",TX25-539856,OUTSIDE CITY LIMITS,CHANGED LANE WHEN UNSAFE,BEXAR,2025-04-07,N - NOT INJURED,0,NO DATA,196 - NORTH CENTRAL BAPTIST HOSPITAL,14.269,6C,No Data,No Data,No Data,78015,78015,No,4T3LWRFV2NU070685,40,1 - MALE,N - NOT INJURED,0,1,1 - FRONT LEFT OR MOTORCYCLE DRIVER
20745199,Yes,LAREDO POLICE DEPARTMENT,2025-00055441,LAREDO,DISTRACTION IN VEHICLE; DRIVER INATTENTION; FAILED TO CONTROL SPEED,WEBB,2025-04-07,N - NOT INJURED,0,NO DATA,99 - DOCTORS HOSPITAL OF LAREDO,3.349,,22 - FAILED TO CONTROL SPEED,No Data,No Data,78045,78045,No,3N1AB7APXKL607695,19,2 - FEMALE,N - NOT INJURED,0,1,1 - FRONT LEFT OR MOTORCYCLE DRIVER
20745199,Yes,LAREDO POLICE DEPARTMENT,2025-00055441,LAREDO,DISTRACTION IN VEHICLE; DRIVER INATTENTION; FAILED TO CONTROL SPEED,WEBB,2025-04-07,N - NOT INJURED,0,NO DATA,99 - DOCTORS HOSPITAL OF LAREDO,3.349,,22 - FAILED TO CONTROL SPEED,No Data,No Data,78045,78045,No,3N1AB7APXKL607695,15,1 - MALE,N - NOT INJURED,0,2,3 - FRONT RIGHT
20745199,Yes,LAREDO POLICE DEPARTMENT,2025-00055441,LAREDO,DISTRACTION IN VEHICLE; DRIVER INATTENTION; FAILED TO CONTROL SPEED,WEBB,2025-04-07,N - NOT INJURED,0,NO DATA,99 - DOCTORS HOSPITAL OF LAREDO,3.349,,No Data,No Data,No Data,88136,88136,No,3WKYD49X4RF539302,32,1 - MALE,N - NOT INJURED,0,1,1 - FRONT LEFT OR MOTORCYCLE DRIVER
20745209,Yes,HARRIS COUNTY CONSTABLE PRECINCT 4,2504-00905,OUTSIDE CITY LIMITS,FAILED TO YIELD RIGHT OF WAY - STOP SIGN,HARRIS,2025-04-07,N - NOT INJURED,0,NO DATA,120 - HCA HOUSTON HEALTHCARE NORTHWEST,3.77,,35 - FAILED TO YIELD RIGHT OF WAY - STOP SIGN,No Data,No Data,77095,77095,No,4JGDA5JB1FA584578,65,2 - FEMALE,N - NOT INJURED,0,1,1 - FRONT LEFT OR MOTORCYCLE DRIVER
20745209,Yes,HARRIS COUNTY CONSTABLE PRECINCT 4,2504-00905,OUTSIDE CITY LIMITS,FAILED TO YIELD RIGHT OF WAY - STOP SIGN,HARRIS,2025-04-07,N - NOT INJURED,0,NO DATA,120 - HCA HOUSTON HEALTHCARE NORTHWEST,3.77,,No Data,No Data,No Data,77037,77386,No,JHMGE8H3XCC033991,31,2 - FEMALE,N - NOT INJURED,0,1,1 - FRONT LEFT OR MOTORCYCLE DRIVER
20745209,Yes,HARRIS COUNTY CONSTABLE PRECINCT 4,2504-00905,OUTSIDE CITY LIMITS,FAILED TO YIELD RIGHT OF WAY - STOP SIGN,HARRIS,2025-04-07,N - NOT INJURED,0,NO DATA,120 - HCA HOUSTON HEALTHCARE NORTHWEST,3.77,,No Data,No Data,No Data,77037,77386,No,JHMGE8H3XCC033991,27,2 - FEMALE,N - NOT INJURED,0,2,3 - FRONT RIGHT
20745217,Yes,COLLEGE STATION POLICE DEPARTMENT,2025-002526,COLLEGE STATION,CHANGED LANE WHEN UNSAFE,BRAZOS,2025-04-07,B - SUSPECTED MINOR INJURY,0,NO DATA,239 - ST. JOSEPH REGIONAL HEALTH CENTER,3.167,,4 - CHANGED LANE WHEN UNSAFE,No Data,No Data,77845,77845,No,1GCGSCEN5J1326788,21,1 - MALE,N - NOT INJURED,0,1,1 - FRONT LEFT OR MOTORCYCLE DRIVER
20745217,Yes,COLLEGE STATION POLICE DEPARTMENT,2025-002526,COLLEGE STATION,CHANGED LANE WHEN UNSAFE,BRAZOS,2025-04-07,B - SUSPECTED MINOR INJURY,0,NO DATA,239 - ST. JOSEPH REGIONAL HEALTH CENTER,3.167,,No Data,No Data,No Data,77840,74134,No,3N1AB8CV5SY275072,22,2 - FEMALE,B - SUSPECTED MINOR INJURY,1,1,1 - FRONT LEFT OR MOTORCYCLE DRIVER
20745224,Yes,ABILENE POLICE DEPARTMENT,25-027781,ABILENE,DRIVER INATTENTION,TAYLOR,2025-04-07,N - NOT INJURED,0,NO DATA,131 - HENDRICK MEDICAL CENTER SOUTH,1.473,,20 - DRIVER INATTENTION,No Data,No Data,79603,79603,No,1FTER1EH8NLD51793,48,1 - MALE,N - NOT INJURED,0,1,1 - FRONT LEFT OR MOTORCYCLE DRIVER
20745224,Yes,ABILENE POLICE DEPARTMENT,25-027781,ABILENE,DRIVER INATTENTION,TAYLOR,2025-04-07,N - NOT INJURED,0,NO DATA,131 - HENDRICK MEDICAL CENTER SOUTH,1.473,,No Data,No Data,No Data,79606,79606,No,5TDGZRAH6MS044150,70,2 - FEMALE,N - NOT INJURED,0,1,1 - FRONT LEFT OR MOTORCYCLE DRIVER
20745225,Yes,DEER PARK POLICE DEPARTMENT,2501181,DEER PARK,OTHER (EXPLAIN IN NARRATIVE),HARRIS,2025-04-07,B - SUSPECTED MINOR INJURY,0,NO DATA,No Data,No Data,,98 - OTHER (EXPLAIN IN NARRATIVE),No Data,No Data,77536,77536,No,1GCUYGEL3KZ403393,87,1 - MALE,N - NOT INJURED,0,1,1 - FRONT LEFT OR MOTORCYCLE DRIVER
20745225,Yes,DEER PARK POLICE DEPARTMENT,2501181,DEER PARK,OTHER (EXPLAIN IN NARRATIVE),HARRIS,2025-04-07,B - SUSPECTED MINOR INJURY,0,NO DATA,No Data,No Data,,No Data,No Data,No Data,No Data,No Data,No Data,No Data,51,2 - FEMALE,B - SUSPECTED MINOR INJURY,1,1,"16 - PEDESTRIAN, PEDALCYCLIST, OR MOTORIZED CONVEYANCE"
20745229,Yes,ABILENE POLICE DEPARTMENT,25-027791,ABILENE,OTHER (EXPLAIN IN NARRATIVE),TAYLOR,2025-04-07,N - NOT INJURED,0,NO DATA,126 - HENDRICK MEDICAL CENTER,1.922,,98 - OTHER (EXPLAIN IN NARRATIVE),No Data,No Data,79605,79605,No,1GYEC63828R227015,52,2 - FEMALE,N - NOT INJURED,0,1,1 - FRONT LEFT OR MOTORCYCLE DRIVER
20745229,Yes,ABILENE POLICE DEPARTMENT,25-027791,ABILENE,OTHER (EXPLAIN IN NARRATIVE),TAYLOR,2025-04-07,N - NOT INJURED,0,NO DATA,126 - HENDRICK MEDICAL CENTER,1.922,,No Data,No Data,No Data,79603,79603,No,1B7HE16X1NS506219,76,1 - MALE,N - NOT INJURED,0,1,1 - FRONT LEFT OR MOTORCYCLE DRIVER
20745232,Yes,ABILENE POLICE DEPARTMENT,25-027867,ABILENE,FAILED TO YIELD RIGHT OF WAY - TURNING LEFT,TAYLOR,2025-04-07,B - SUSPECTED MINOR INJURY,0,NO DATA,131 - HENDRICK MEDICAL CENTER SOUTH,3.249,,37 - FAILED TO YIELD RIGHT OF WAY - TURNING LEFT,No Data,No Data,79606,79606,No,5NMS44AL8PH621395,84,2 - FEMALE,B - SUSPECTED MINOR INJURY,1,1,1 - FRONT LEFT OR MOTORCYCLE DRIVER
20745232,Yes,ABILENE POLICE DEPARTMENT,25-027867,ABILENE,FAILED TO YIELD RIGHT OF WAY - TURNING LEFT,TAYLOR,2025-04-07,B - SUSPECTED MINOR INJURY,0,NO DATA,131 - HENDRICK MEDICAL CENTER SOUTH,3.249,,No Data,No Data,No Data,79563,79563,No,1GNSCKE04DR109137,61,2 - FEMALE,C - POSSIBLE INJURY,0,1,1 - FRONT LEFT OR MOTORCYCLE DRIVER
20745235,Yes,ABILENE POLICE DEPARTMENT,25-027880,ABILENE,DISREGARD STOP AND GO SIGNAL,TAYLOR,2025-04-07,N - NOT INJURED,0,NO DATA,126 - HENDRICK MEDICAL CENTER,2.437,,15 - DISREGARD STOP AND GO SIGNAL,No Data,No Data,79602,79602,No,1GKKNPLS5PZ120810,82,2 - FEMALE,N - NOT INJURED,0,1,1 - FRONT LEFT OR MOTORCYCLE DRIVER
20745235,Yes,ABILENE POLICE DEPARTMENT,25-027880,ABILENE,DISREGARD STOP AND GO SIGNAL,TAYLOR,2025-04-07,N - NOT INJURED,0,NO DATA,126 - HENDRICK MEDICAL CENTER,2.437,,15 - DISREGARD STOP AND GO SIGNAL,No Data,No Data,79602,79602,No,1GKKNPLS5PZ120810,87,1 - MALE,N - NOT INJURED,0,2,3 - FRONT RIGHT
20745235,Yes,ABILENE POLICE DEPARTMENT,25-027880,ABILENE,DISREGARD STOP AND GO SIGNAL,TAYLOR,2025-04-07,N - NOT INJURED,0,NO DATA,126 - HENDRICK MEDICAL CENTER,2.437,,No Data,No Data,No Data,79602,79602,No,KNDJN2A21F7134503,33,2 - FEMALE,N - NOT INJURED,0,1,1 - FRONT LEFT OR MOTORCYCLE DRIVER
20745240,Yes,ABILENE POLICE DEPARTMENT,25-027921,ABILENE,FAILED TO YIELD RIGHT OF WAY - PRIVATE DRIVE,TAYLOR,2025-04-07,N - NOT INJURED,0,NO DATA,126 - HENDRICK MEDICAL CENTER,0.328,,34 - FAILED TO YIELD RIGHT OF WAY - PRIVATE DRIVE,No Data,No Data,79605,79601,No,2B3KA43G78H331401,22,1 - MALE,N - NOT INJURED,0,1,1 - FRONT LEFT OR MOTORCYCLE DRIVER
20745240,Yes,ABILENE POLICE DEPARTMENT,25-027921,ABILENE,FAILED TO YIELD RIGHT OF WAY - PRIVATE DRIVE,TAYLOR,2025-04-07,N - NOT INJURED,0,NO DATA,126 - HENDRICK MEDICAL CENTER,0.328,,34 - FAILED TO YIELD RIGHT OF WAY - PRIVATE DRIVE,No Data,No Data,79605,79601,No,2B3KA43G78H331401,19,2 - FEMALE,N - NOT INJURED,0,2,3 - FRONT RIGHT
20745240,Yes,ABILENE POLICE DEPARTMENT,25-027921,ABILENE,FAILED TO YIELD RIGHT OF WAY - PRIVATE DRIVE,TAYLOR,2025-04-07,N - NOT INJURED,0,NO DATA,126 - HENDRICK MEDICAL CENTER,0.328,,34 - FAILED TO YIELD RIGHT OF WAY - PRIVATE DRIVE,No Data,No Data,79605,79601,No,2B3KA43G78H331401,2,2 - FEMALE,N - NOT INJURED,0,3,6 - SECOND SEAT RIGHT
20745240,Yes,ABILENE POLICE DEPARTMENT,25-027921,ABILENE,FAILED TO YIELD RIGHT OF WAY - PRIVATE DRIVE,TAYLOR,2025-04-07,N - NOT INJURED,0,NO DATA,126 - HENDRICK MEDICAL CENTER,0.328,,No Data,No Data,No Data,79602,79602,No,1N6BD0CT8KN736755,60,1 - MALE,N - NOT INJURED,0,1,1 - FRONT LEFT OR MOTORCYCLE DRIVER
20745241,Yes,FORT WORTH POLICE DEPARTMENT,250024730,FORT WORTH,CHANGED LANE WHEN UNSAFE,TARRANT,2025-04-07,N - NOT INJURED,0,NO DATA,78 - COOK CHILDRENS MEDICAL CENTER,7.172,WE,4 - CHANGED LANE WHEN UNSAFE,No Data,No Data,60005,60005,No,4V4NC9GH87N445875,44,1 - MALE,N - NOT INJURED,0,1,1 - FRONT LEFT OR MOTORCYCLE DRIVER
20745241,Yes,FORT WORTH POLICE DEPARTMENT,250024730,FORT WORTH,CHANGED LANE WHEN UNSAFE,TARRANT,2025-04-07,N - NOT INJURED,0,NO DATA,78 - COOK CHILDRENS MEDICAL CENTER,7.172,WE,No Data,No Data,No Data,76108,76196,No,3ALHC5DV5MDMV9233,26,1 - MALE,N - NOT INJURED,0,1,1 - FRONT LEFT OR MOTORCYCLE DRIVER
20745257,Yes,HUMBLE POLICE DEPARTMENT,25-001800,HUMBLE,FAILED TO CONTROL SPEED,HARRIS,2025-04-07,N - NOT INJURED,0,NO DATA,No Data,No Data,,22 - FAILED TO CONTROL SPEED,No Data,No Data,77396,77396,No,1FMCU0G60NUB39617,55,2 - FEMALE,N - NOT INJURED,0,1,1 - FRONT LEFT OR MOTORCYCLE DRIVER
20745265,Yes,HUMBLE POLICE DEPARTMENT,25-001802,HUMBLE,CHANGED LANE WHEN UNSAFE; FAILED TO DRIVE IN SINGLE LANE,HARRIS,2025-04-07,N - NOT INJURED,0,NO DATA,118 - HCA HOUSTON HEALTHCARE KINGWOOD,3.673,,23 - FAILED TO DRIVE IN SINGLE LANE,No Data,No Data,77016,77016,No,1FMJU1K51EEF62356,48,2 - FEMALE,N - NOT INJURED,0,1,1 - FRONT LEFT OR MOTORCYCLE DRIVER
20745265,Yes,HUMBLE POLICE DEPARTMENT,25-001802,HUMBLE,CHANGED LANE WHEN UNSAFE; FAILED TO DRIVE IN SINGLE LANE,HARRIS,2025-04-07,N - NOT INJURED,0,NO DATA,118 - HCA HOUSTON HEALTHCARE KINGWOOD,3.673,,23 - FAILED TO DRIVE IN SINGLE LANE,No Data,No Data,77016,77016,No,1FMJU1K51EEF62356,16,2 - FEMALE,N - NOT INJURED,0,2,3 - FRONT RIGHT
20745265,Yes,HUMBLE POLICE DEPARTMENT,25-001802,HUMBLE,CHANGED LANE WHEN UNSAFE; FAILED TO DRIVE IN SINGLE LANE,HARRIS,2025-04-07,N - NOT INJURED,0,NO DATA,118 - HCA HOUSTON HEALTHCARE KINGWOOD,3.673,,No Data,No Data,No Data,77338,77338,No,2GCRCPEC7K1152018,35,1 - MALE,N - NOT INJURED,0,1,1 - FRONT LEFT OR MOTORCYCLE DRIVER
20745274,Yes,HUMBLE POLICE DEPARTMENT,25-001812,HUMBLE,DISREGARD STOP AND GO SIGNAL,HARRIS,2025-04-07,N - NOT INJURED,0,NO DATA,118 - HCA HOUSTON HEALTHCARE KINGWOOD,3.264,,15 - DISREGARD STOP AND GO SIGNAL,No Data,No Data,77068,77068,No,1FT7W2BT9DEA49061,33,1 - MALE,N - NOT INJURED,0,1,1 - FRONT LEFT OR MOTORCYCLE DRIVER
20745274,Yes,HUMBLE POLICE DEPARTMENT,25-001812,HUMBLE,DISREGARD STOP AND GO SIGNAL,HARRIS,2025-04-07,N - NOT INJURED,0,NO DATA,118 - HCA HOUSTON HEALTHCARE KINGWOOD,3.264,,15 - DISREGARD STOP AND GO SIGNAL,No Data,No Data,77068,77068,No,1FT7W2BT9DEA49061,52,1 - MALE,N - NOT INJURED,0,2,3 - FRONT RIGHT
20745274,Yes,HUMBLE POLICE DEPARTMENT,25-001812,HUMBLE,DISREGARD STOP AND GO SIGNAL,HARRIS,2025-04-07,N - NOT INJURED,0,NO DATA,118 - HCA HOUSTON HEALTHCARE KINGWOOD,3.264,,No Data,No Data,No Data,77338,77338,No,KL4CJASB7GB540162,23,1 - MALE,N - NOT INJURED,0,1,1 - FRONT LEFT OR MOTORCYCLE DRIVER
20745276,Yes,HUMBLE POLICE DEPARTMENT,25-001814,HUMBLE,IMPROPER START FROM PARKED POSITION,HARRIS,2025-04-07,N - NOT INJURED,0,NO DATA,118 - HCA HOUSTON HEALTHCARE KINGWOOD,4.926,,"49 - IMPROPER START FROM A STOPPED, STANDING, OR PARKED POSITION",No Data,No Data,77346,77346,No,JF2SJAEC9HH434544,32,1 - MALE,N - NOT INJURED,0,1,1 - FRONT LEFT OR MOTORCYCLE DRIVER
20745276,Yes,HUMBLE POLICE DEPARTMENT,25-001814,HUMBLE,IMPROPER START FROM PARKED POSITION,HARRIS,2025-04-07,N - NOT INJURED,0,NO DATA,118 - HCA HOUSTON HEALTHCARE KINGWOOD,4.926,,No Data,No Data,No Data,77301,76504,No,1FVHC5DX2EHFM5793,53,1 - MALE,N - NOT INJURED,0,1,1 - FRONT LEFT OR MOTORCYCLE DRIVER
20745278,Yes,HUMBLE POLICE DEPARTMENT,25-001811,HUMBLE,CHANGED LANE WHEN UNSAFE; DISREGARD TURN MARKS AT INTERSECTION,HARRIS,2025-04-07,N - NOT INJURED,0,NO DATA,118 - HCA HOUSTON HEALTHCARE KINGWOOD,3.264,,4 - CHANGED LANE WHEN UNSAFE,17 - DISREGARD TURN MARKS AT INTERSECTION,No Data,77073,77073,No,JTMZFREV9EJ008856,31,2 - FEMALE,N - NOT INJURED,0,1,1 - FRONT LEFT OR MOTORCYCLE DRIVER
20745278,Yes,HUMBLE POLICE DEPARTMENT,25-001811,HUMBLE,CHANGED LANE WHEN UNSAFE; DISREGARD TURN MARKS AT INTERSECTION,HARRIS,2025-04-07,N - NOT INJURED,0,NO DATA,118 - HCA HOUSTON HEALTHCARE KINGWOOD,3.264,,4 - CHANGED LANE WHEN UNSAFE,17 - DISREGARD TURN MARKS AT INTERSECTION,No Data,77073,77073,No,JTMZFREV9EJ008856,22,2 - FEMALE,N - NOT INJURED,0,2,3 - FRONT RIGHT
20745278,Yes,HUMBLE POLICE DEPARTMENT,25-001811,HUMBLE,CHANGED LANE WHEN UNSAFE; DISREGARD TURN MARKS AT INTERSECTION,HARRIS,2025-04-07,N - NOT INJURED,0,NO DATA,118 - HCA HOUSTON HEALTHCARE KINGWOOD,3.264,,No Data,No Data,No Data,77372,77372,No,3GTP1UEA6DG109133,25,2 - FEMALE,N - NOT INJURED,0,1,1 - FRONT LEFT OR MOTORCYCLE DRIVER
20745280,Yes,HUMBLE POLICE DEPARTMENT,25-001823,HUMBLE,DISREGARD STOP SIGN OR LIGHT,HARRIS,2025-04-07,N - NOT INJURED,0,NO DATA,118 - HCA HOUSTON HEALTHCARE KINGWOOD,3.656,,16 - DISREGARD STOP SIGN OR LIGHT,No Data,No Data,77024,77024,No,7MMVABDM2RN187396,29,2 - FEMALE,N - NOT INJURED,0,1,1 - FRONT LEFT OR MOTORCYCLE DRIVER
20745280,Yes,HUMBLE POLICE DEPARTMENT,25-001823,HUMBLE,DISREGARD STOP SIGN OR LIGHT,HARRIS,2025-04-07,N - NOT INJURED,0,NO DATA,118 - HCA HOUSTON HEALTHCARE KINGWOOD,3.656,,16 - DISREGARD STOP SIGN OR LIGHT,No Data,No Data,77024,77024,No,7MMVABDM2RN187396,5,1 - MALE,N - NOT INJURED,0,2,6 - SECOND SEAT RIGHT
20745280,Yes,HUMBLE POLICE DEPARTMENT,25-001823,HUMBLE,DISREGARD STOP SIGN OR LIGHT,HARRIS,2025-04-07,N - NOT INJURED,0,NO DATA,118 - HCA HOUSTON HEALTHCARE KINGWOOD,3.656,,No Data,No Data,No Data,77338,77338,No,JM1BL1SF1A1200565,29,1 - MALE,N - NOT INJURED,0,1,1 - FRONT LEFT OR MOTORCYCLE DRIVER
20745280,Yes,HUMBLE POLICE DEPARTMENT,25-001823,HUMBLE,DISREGARD STOP SIGN OR LIGHT,HARRIS,2025-04-07,N - NOT INJURED,0,NO DATA,118 - HCA HOUSTON HEALTHCARE KINGWOOD,3.656,,No Data,No Data,No Data,77338,77338,No,JM1BL1SF1A1200565,55,1 - MALE,N - NOT INJURED,0,2,3 - FRONT RIGHT
20745283,Yes,HUMBLE POLICE DEPARTMENT,25-001806,HUMBLE,FAILED TO YIELD RIGHT OF WAY - TURN ON RED,HARRIS,2025-04-07,N - NOT INJURED,0,NO DATA,118 - HCA HOUSTON HEALTHCARE KINGWOOD,3.536,,38 - FAILED TO YIELD RIGHT OF WAY - TURN ON RED,No Data,No Data,77706,77706,No,2GKALREK4E6292751,64,1 - MALE,N - NOT INJURED,0,1,1 - FRONT LEFT OR MOTORCYCLE DRIVER
20745283,Yes,HUMBLE POLICE DEPARTMENT,25-001806,HUMBLE,FAILED TO YIELD RIGHT OF WAY - TURN ON RED,HARRIS,2025-04-07,N - NOT INJURED,0,NO DATA,118 - HCA HOUSTON HEALTHCARE KINGWOOD,3.536,,38 - FAILED TO YIELD RIGHT OF WAY - TURN ON RED,No Data,No Data,77706,77706,No,2GKALREK4E6292751,62,2 - FEMALE,N - NOT INJURED,0,2,3 - FRONT RIGHT
20745283,Yes,HUMBLE POLICE DEPARTMENT,25-001806,HUMBLE,FAILED TO YIELD RIGHT OF WAY - TURN ON RED,HARRIS,2025-04-07,N - NOT INJURED,0,NO DATA,118 - HCA HOUSTON HEALTHCARE KINGWOOD,3.536,,No Data,No Data,No Data,77346,77346,No,1GD521CG9FZ103710,40,1 - MALE,N - NOT INJURED,0,1,1 - FRONT LEFT OR MOTORCYCLE DRIVER
20745290,Yes,LUBBOCK POLICE DEPARTMENT,250010689,LUBBOCK,TURNED IMPROPERLY - WRONG LANE,LUBBOCK,2025-04-07,C - POSSIBLE INJURY,0,NO DATA,77 - COVENANT CHILDRENS HOSPITAL,2.36,3,65 - TURNED IMPROPERLY - WRONG LANE,No Data,No Data,79412,79412,No,3GNFK12318G269401,74,1 - MALE,N - NOT INJURED,0,1,1 - FRONT LEFT OR MOTORCYCLE DRIVER
20745290,Yes,LUBBOCK POLICE DEPARTMENT,250010689,LUBBOCK,TURNED IMPROPERLY - WRONG LANE,LUBBOCK,2025-04-07,C - POSSIBLE INJURY,0,NO DATA,77 - COVENANT CHILDRENS HOSPITAL,2.36,3,No Data,No Data,No Data,79414,79414,No,2GCEC19K2N1139453,42,1 - MALE,C - POSSIBLE INJURY,0,1,1 - FRONT LEFT OR MOTORCYCLE DRIVER
20745290,Yes,LUBBOCK POLICE DEPARTMENT,250010689,LUBBOCK,TURNED IMPROPERLY - WRONG LANE,LUBBOCK,2025-04-07,C - POSSIBLE INJURY,0,NO DATA,77 - COVENANT CHILDRENS HOSPITAL,2.36,3,No Data,No Data,No Data,79414,79414,No,2GCEC19K2N1139453,11,1 - MALE,N - NOT INJURED,0,2,3 - FRONT RIGHT
20745290,Yes,LUBBOCK POLICE DEPARTMENT,250010689,LUBBOCK,TURNED IMPROPERLY - WRONG LANE,LUBBOCK,2025-04-07,C - POSSIBLE INJURY,0,NO DATA,77 - COVENANT CHILDRENS HOSPITAL,2.36,3,No Data,No Data,No Data,79414,79414,No,2GCEC19K2N1139453,16,1 - MALE,C - POSSIBLE INJURY,0,3,4 - SECOND SEAT LEFT OR MOTORCYCLE BACK PASSENGER
20745290,Yes,LUBBOCK POLICE DEPARTMENT,250010689,LUBBOCK,TURNED IMPROPERLY - WRONG LANE,LUBBOCK,2025-04-07,C - POSSIBLE INJURY,0,NO DATA,77 - COVENANT CHILDRENS HOSPITAL,2.36,3,No Data,No Data,No Data,79414,79414,No,2GCEC19K2N1139453,13,1 - MALE,N - NOT INJURED,0,4,6 - SECOND SEAT RIGHT
20745301,Yes,HARRIS COUNTY SHERIFF'S OFFICE,2504-02491,OUTSIDE CITY LIMITS,ILL (EXPLAIN IN NARRATIVE),HARRIS,2025-04-07,N - NOT INJURED,0,NO DATA,248 - TEXAS CHILDRENS HOSPITAL WEST CAMPUS,6.394,PD,47 - ILL (EXPLAIN IN NARRATIVE),No Data,No Data,77433,77354,No,1FTJW35F4TEA87281,19,1 - MALE,N - NOT INJURED,0,1,1 - FRONT LEFT OR MOTORCYCLE DRIVER
20745301,Yes,HARRIS COUNTY SHERIFF'S OFFICE,2504-02491,OUTSIDE CITY LIMITS,ILL (EXPLAIN IN NARRATIVE),HARRIS,2025-04-07,N - NOT INJURED,0,NO DATA,248 - TEXAS CHILDRENS HOSPITAL WEST CAMPUS,6.394,PD,47 - ILL (EXPLAIN IN NARRATIVE),No Data,No Data,77433,77354,No,1FTJW35F4TEA87281,17,1 - MALE,N - NOT INJURED,0,2,3 - FRONT RIGHT
20745301,Yes,HARRIS COUNTY SHERIFF'S OFFICE,2504-02491,OUTSIDE CITY LIMITS,ILL (EXPLAIN IN NARRATIVE),HARRIS,2025-04-07,N - NOT INJURED,0,NO DATA,248 - TEXAS CHILDRENS HOSPITAL WEST CAMPUS,6.394,PD,47 - ILL (EXPLAIN IN NARRATIVE),No Data,No Data,77433,77354,No,1FTJW35F4TEA87281,19,1 - MALE,N - NOT INJURED,0,3,5 - SECOND SEAT CENTER
20745310,Yes,HARRIS COUNTY SHERIFF'S OFFICE,2504-02469,OUTSIDE CITY LIMITS,CHANGED LANE WHEN UNSAFE,HARRIS,2025-04-07,N - NOT INJURED,0,NO DATA,248 - TEXAS CHILDRENS HOSPITAL WEST CAMPUS,6.382,PD,4 - CHANGED LANE WHEN UNSAFE,No Data,No Data,,77449,Yes,1FTEX1CB8JKD79985,No Data,99 - UNKNOWN,99 - UNKNOWN,0,1,1 - FRONT LEFT OR MOTORCYCLE DRIVER
20745310,Yes,HARRIS COUNTY SHERIFF'S OFFICE,2504-02469,OUTSIDE CITY LIMITS,CHANGED LANE WHEN UNSAFE,HARRIS,2025-04-07,N - NOT INJURED,0,NO DATA,248 - TEXAS CHILDRENS HOSPITAL WEST CAMPUS,6.382,PD,No Data,No Data,No Data,77449,77449,No,4T1C11AK0PU114854,40,2 - FEMALE,N - NOT INJURED,0,1,1 - FRONT LEFT OR MOTORCYCLE DRIVER
20745313,Yes,MISSION POLICE DEPARTMENT,25-04-4902,MISSION,FAILED TO CONTROL SPEED,HIDALGO,2025-04-07,N - NOT INJURED,0,NO DATA,189 - MISSION REGIONAL MEDICAL CENTER,1.048,UT,22 - FAILED TO CONTROL SPEED,No Data,No Data,78572,78572,No,3N1CB51D72L603395,66,1 - MALE,N - NOT INJURED,0,1,1 - FRONT LEFT OR MOTORCYCLE DRIVER
20745313,Yes,MISSION POLICE DEPARTMENT,25-04-4902,MISSION,FAILED TO CONTROL SPEED,HIDALGO,2025-04-07,N - NOT INJURED,0,NO DATA,189 - MISSION REGIONAL MEDICAL CENTER,1.048,UT,No Data,No Data,No Data,78573,78573,No,1V2FR2CAXNC518444,41,2 - FEMALE,N - NOT INJURED,0,1,1 - FRONT LEFT OR MOTORCYCLE DRIVER
20745335,Yes,KELLER POLICE DEPARTMENT,CFS25068996,KELLER,DISREGARD STOP AND GO SIGNAL; FAILED TO CONTROL SPEED,TARRANT,2025-04-07,N - NOT INJURED,0,NO DATA,249 - TEXAS HEALTH HARRIS METHODIST HOSPITAL ALLIANCE,4.679,,15 - DISREGARD STOP AND GO SIGNAL,No Data,No Data,76248,76248,No,1HGCV1F43NA021586,19,2 - FEMALE,N - NOT INJURED,0,1,1 - FRONT LEFT OR MOTORCYCLE DRIVER
20745335,Yes,KELLER POLICE DEPARTMENT,CFS25068996,KELLER,DISREGARD STOP AND GO SIGNAL; FAILED TO CONTROL SPEED,TARRANT,2025-04-07,N - NOT INJURED,0,NO DATA,249 - TEXAS HEALTH HARRIS METHODIST HOSPITAL ALLIANCE,4.679,,15 - DISREGARD STOP AND GO SIGNAL,No Data,No Data,76248,76248,No,1HGCV1F43NA021586,21,2 - FEMALE,N - NOT INJURED,0,2,4 - SECOND SEAT LEFT OR MOTORCYCLE BACK PASSENGER
20745335,Yes,KELLER POLICE DEPARTMENT,CFS25068996,KELLER,DISREGARD STOP AND GO SIGNAL; FAILED TO CONTROL SPEED,TARRANT,2025-04-07,N - NOT INJURED,0,NO DATA,249 - TEXAS HEALTH HARRIS METHODIST HOSPITAL ALLIANCE,4.679,,15 - DISREGARD STOP AND GO SIGNAL,No Data,No Data,76248,76248,No,1HGCV1F43NA021586,19,2 - FEMALE,N - NOT INJURED,0,3,6 - SECOND SEAT RIGHT
20745335,Yes,KELLER POLICE DEPARTMENT,CFS25068996,KELLER,DISREGARD STOP AND GO SIGNAL; FAILED TO CONTROL SPEED,TARRANT,2025-04-07,N - NOT INJURED,0,NO DATA,249 - TEXAS HEALTH HARRIS METHODIST HOSPITAL ALLIANCE,4.679,,15 - DISREGARD STOP AND GO SIGNAL,No Data,No Data,76248,76248,No,1HGCV1F43NA021586,18,2 - FEMALE,N - NOT INJURED,0,4,5 - SECOND SEAT CENTER
20745335,Yes,KELLER POLICE DEPARTMENT,CFS25068996,KELLER,DISREGARD STOP AND GO SIGNAL; FAILED TO CONTROL SPEED,TARRANT,2025-04-07,N - NOT INJURED,0,NO DATA,249 - TEXAS HEALTH HARRIS METHODIST HOSPITAL ALLIANCE,4.679,,No Data,No Data,No Data,76248,76248,No,3GKALPEV2LL277446,16,2 - FEMALE,N - NOT INJURED,0,1,1 - FRONT LEFT OR MOTORCYCLE DRIVER
20745335,Yes,KELLER POLICE DEPARTMENT,CFS25068996,KELLER,DISREGARD STOP AND GO SIGNAL; FAILED TO CONTROL SPEED,TARRANT,2025-04-07,N - NOT INJURED,0,NO DATA,249 - TEXAS HEALTH HARRIS METHODIST HOSPITAL ALLIANCE,4.679,,No Data,No Data,No Data,76248,76248,No,3GKALPEV2LL277446,15,2 - FEMALE,N - NOT INJURED,0,2,3 - FRONT RIGHT
20745345,Yes,HOUSTON POLICE DEPARTMENT,0044640325I,HOUSTON,FAILED TO YIELD RIGHT OF WAY - OPEN INTERSECTION,HARRIS,2025-04-07,B - SUSPECTED MINOR INJURY,0,NO DATA,163 - MEMORIAL HERMANN GREATER HEIGHTS HOSPITAL,2.7,B,No Data,No Data,No Data,77015,77015,No,1FTRX17282NA04464,49,1 - MALE,N - NOT INJURED,0,1,1 - FRONT LEFT OR MOTORCYCLE DRIVER
20745345,Yes,HOUSTON POLICE DEPARTMENT,0044640325I,HOUSTON,FAILED TO YIELD RIGHT OF WAY - OPEN INTERSECTION,HARRIS,2025-04-07,B - SUSPECTED MINOR INJURY,0,NO DATA,163 - MEMORIAL HERMANN GREATER HEIGHTS HOSPITAL,2.7,B,No Data,No Data,No Data,77091,77091,No,5FNRL5H44CB109733,56,1 - MALE,B - SUSPECTED MINOR INJURY,1,1,1 - FRONT LEFT OR MOTORCYCLE DRIVER
20745345,Yes,HOUSTON POLICE DEPARTMENT,0044640325I,HOUSTON,FAILED TO YIELD RIGHT OF WAY - OPEN INTERSECTION,HARRIS,2025-04-07,B - SUSPECTED MINOR INJURY,0,NO DATA,163 - MEMORIAL HERMANN GREATER HEIGHTS HOSPITAL,2.7,B,No Data,No Data,No Data,77091,77091,No,5FNRL5H44CB109733,7,1 - MALE,B - SUSPECTED MINOR INJURY,1,2,4 - SECOND SEAT LEFT OR MOTORCYCLE BACK PASSENGER
20745345,Yes,HOUSTON POLICE DEPARTMENT,0044640325I,HOUSTON,FAILED TO YIELD RIGHT OF WAY - OPEN INTERSECTION,HARRIS,2025-04-07,B - SUSPECTED MINOR INJURY,0,NO DATA,163 - MEMORIAL HERMANN GREATER HEIGHTS HOSPITAL,2.7,B,No Data,No Data,No Data,77043,77043,No,3VV2X7B27NM055482,29,1 - MALE,N - NOT INJURED,0,1,1 - FRONT LEFT OR MOTORCYCLE DRIVER
20745348,Yes,HOUSTON POLICE DEPARTMENT,0044590725G,HOUSTON,DISREGARD STOP AND GO SIGNAL,HARRIS,2025-04-07,N - NOT INJURED,0,NO DATA,242 - ST. JOSEPH MEDICAL CENTER,0.201,A,15 - DISREGARD STOP AND GO SIGNAL,No Data,No Data,79830,79830,No,5NMP5DG13SH046902,28,1 - MALE,N - NOT INJURED,0,1,1 - FRONT LEFT OR MOTORCYCLE DRIVER
20745348,Yes,HOUSTON POLICE DEPARTMENT,0044590725G,HOUSTON,DISREGARD STOP AND GO SIGNAL,HARRIS,2025-04-07,N - NOT INJURED,0,NO DATA,242 - ST. JOSEPH MEDICAL CENTER,0.201,A,No Data,No Data,No Data,75082,75082,No,3GCUDHEL6PG177925,57,1 - MALE,99 - UNKNOWN,0,1,1 - FRONT LEFT OR MOTORCYCLE DRIVER
20745348,Yes,HOUSTON POLICE DEPARTMENT,0044590725G,HOUSTON,DISREGARD STOP AND GO SIGNAL,HARRIS,2025-04-07,N - NOT INJURED,0,NO DATA,242 - ST. JOSEPH MEDICAL CENTER,0.201,A,No Data,No Data,No Data,75082,75082,No,3GCUDHEL6PG177925,52,2 - FEMALE,N - NOT INJURED,0,2,3 - FRONT RIGHT
20745348,Yes,HOUSTON POLICE DEPARTMENT,0044590725G,HOUSTON,DISREGARD STOP AND GO SIGNAL,HARRIS,2025-04-07,N - NOT INJURED,0,NO DATA,242 - ST. JOSEPH MEDICAL CENTER,0.201,A,No Data,No Data,No Data,75082,75082,No,3GCUDHEL6PG177925,22,2 - FEMALE,N - NOT INJURED,0,3,4 - SECOND SEAT LEFT OR MOTORCYCLE BACK PASSENGER
20745373,Yes,HOUSTON POLICE DEPARTMENT,0044676025B,HOUSTON,CHANGED LANE WHEN UNSAFE,HARRIS,2025-04-07,N - NOT INJURED,0,NO DATA,163 - MEMORIAL HERMANN GREATER HEIGHTS HOSPITAL,3.5,F,4 - CHANGED LANE WHEN UNSAFE,No Data,No Data,,No Data,Yes,No Data,No Data,99 - UNKNOWN,99 - UNKNOWN,0,1,1 - FRONT LEFT OR MOTORCYCLE DRIVER
20745373,Yes,HOUSTON POLICE DEPARTMENT,0044676025B,HOUSTON,CHANGED LANE WHEN UNSAFE,HARRIS,2025-04-07,N - NOT INJURED,0,NO DATA,163 - MEMORIAL HERMANN GREATER HEIGHTS HOSPITAL,3.5,F,No Data,No Data,No Data,78201,78201,No,5TFLA5ABXNX014705,59,1 - MALE,N - NOT INJURED,0,1,1 - FRONT LEFT OR MOTORCYCLE DRIVER
20745383,Yes,PHARR POLICE DEPARTMENT,25-10039,SAN JUAN,FAILED TO CONTROL SPEED,HIDALGO,2025-04-07,C - POSSIBLE INJURY,0,NO DATA,231 - SOUTH TEXAS HEALTH SYSTEM HEART,3.129,,22 - FAILED TO CONTROL SPEED,No Data,No Data,78589,78589,No,1FMCU0F63LUB66132,53,2 - FEMALE,C - POSSIBLE INJURY,0,1,1 - FRONT LEFT OR MOTORCYCLE DRIVER
20745383,Yes,PHARR POLICE DEPARTMENT,25-10039,SAN JUAN,FAILED TO CONTROL SPEED,HIDALGO,2025-04-07,C - POSSIBLE INJURY,0,NO DATA,231 - SOUTH TEXAS HEALTH SYSTEM HEART,3.129,,No Data,No Data,No Data,78577,78577,No,1GCDR14K1HS175690,20,1 - MALE,C - POSSIBLE INJURY,0,1,1 - FRONT LEFT OR MOTORCYCLE DRIVER
20745383,Yes,PHARR POLICE DEPARTMENT,25-10039,SAN JUAN,FAILED TO CONTROL SPEED,HIDALGO,2025-04-07,C - POSSIBLE INJURY,0,NO DATA,231 - SOUTH TEXAS HEALTH SYSTEM HEART,3.129,,No Data,No Data,No Data,78577,78577,No,1GCDR14K1HS175690,22,2 - FEMALE,C - POSSIBLE INJURY,0,2,3 - FRONT RIGHT
20745391,Yes,CORPUS CHRISTI POLICE DEPARTMENT,C2502009,CORPUS CHRISTI,FAILED TO CONTROL SPEED,NUECES,2025-04-07,N - NOT INJURED,0,NO DATA,95 - DRISCOLL CHILDRENS HOSPITAL,2.136,,22 - FAILED TO CONTROL SPEED,No Data,No Data,,,Yes,No Data,No Data,99 - UNKNOWN,99 - UNKNOWN,0,1,1 - FRONT LEFT OR MOTORCYCLE DRIVER
20745391,Yes,CORPUS CHRISTI POLICE DEPARTMENT,C2502009,CORPUS CHRISTI,FAILED TO CONTROL SPEED,NUECES,2025-04-07,N - NOT INJURED,0,NO DATA,95 - DRISCOLL CHILDRENS HOSPITAL,2.136,,No Data,No Data,No Data,78374,78374,No,JTNKHMBX1M1113387,27,1 - MALE,N - NOT INJURED,0,1,1 - FRONT LEFT OR MOTORCYCLE DRIVER
20745412,Yes,HARRIS COUNTY SHERIFF'S OFFICE,2504-02540,OUTSIDE CITY LIMITS,ILL (EXPLAIN IN NARRATIVE),HARRIS,2025-04-07,N - NOT INJURED,0,NO DATA,121 - HCA HOUSTON HEALTHCARE WEST,3.051,PD,47 - ILL (EXPLAIN IN NARRATIVE),No Data,No Data,77083,77083,No,KMHTC6AD5FU244958,65,1 - MALE,N - NOT INJURED,0,1,1 - FRONT LEFT OR MOTORCYCLE DRIVER
20745420,Yes,TEMPLE POLICE DEPARTMENT,25000521,TEMPLE,FAULTY EVASIVE ACTION,BELL,2025-04-07,N - NOT INJURED,0,NO DATA,27 - BAYLOR SCOTT & WHITE MEDICAL CENTER - TEMPLE,3.939,,41 - FAULTY EVASIVE ACTION,No Data,No Data,78741,78717,No,1FTEX1CF6HKE55460,31,1 - MALE,N - NOT INJURED,0,1,1 - FRONT LEFT OR MOTORCYCLE DRIVER
20745420,Yes,TEMPLE POLICE DEPARTMENT,25000521,TEMPLE,FAULTY EVASIVE ACTION,BELL,2025-04-07,N - NOT INJURED,0,NO DATA,27 - BAYLOR SCOTT & WHITE MEDICAL CENTER - TEMPLE,3.939,,No Data,No Data,No Data,,,Yes,No Data,No Data,99 - UNKNOWN,99 - UNKNOWN,0,1,1 - FRONT LEFT OR MOTORCYCLE DRIVER
20745425,Yes,HARRIS COUNTY CONSTABLE PRECINCT 5,2504-00256,HOUSTON,IMPROPER START FROM PARKED POSITION,HARRIS,2025-04-07,B - SUSPECTED MINOR INJURY,0,NO DATA,165 - MEMORIAL HERMANN MEMORIAL CITY MEDICAL CENTER,0.249,PL,"49 - IMPROPER START FROM A STOPPED, STANDING, OR PARKED POSITION",No Data,No Data,77036,77036,No,5TFAZ5CN9HX027988,21,1 - MALE,N - NOT INJURED,0,1,1 - FRONT LEFT OR MOTORCYCLE DRIVER
20745425,Yes,HARRIS COUNTY CONSTABLE PRECINCT 5,2504-00256,HOUSTON,IMPROPER START FROM PARKED POSITION,HARRIS,2025-04-07,B - SUSPECTED MINOR INJURY,0,NO DATA,165 - MEMORIAL HERMANN MEMORIAL CITY MEDICAL CENTER,0.249,PL,No Data,No Data,No Data,77095,77095,No,2T2ZZMCA3GC014270,53,2 - FEMALE,N - NOT INJURED,0,1,1 - FRONT LEFT OR MOTORCYCLE DRIVER
20745425,Yes,HARRIS COUNTY CONSTABLE PRECINCT 5,2504-00256,HOUSTON,IMPROPER START FROM PARKED POSITION,HARRIS,2025-04-07,B - SUSPECTED MINOR INJURY,0,NO DATA,165 - MEMORIAL HERMANN MEMORIAL CITY MEDICAL CENTER,0.249,PL,No Data,No Data,No Data,77095,77095,No,2T2ZZMCA3GC014270,85,2 - FEMALE,N - NOT INJURED,0,2,3 - FRONT RIGHT
20745425,Yes,HARRIS COUNTY CONSTABLE PRECINCT 5,2504-00256,HOUSTON,IMPROPER START FROM PARKED POSITION,HARRIS,2025-04-07,B - SUSPECTED MINOR INJURY,0,NO DATA,165 - MEMORIAL HERMANN MEMORIAL CITY MEDICAL CENTER,0.249,PL,No Data,No Data,No Data,77095,77095,No,2T2ZZMCA3GC014270,14,2 - FEMALE,B - SUSPECTED MINOR INJURY,1,3,6 - SECOND SEAT RIGHT
20745441,No,GARLAND POLICE DEPARTMENT,2025A000777,GARLAND,NONE,DALLAS,2025-04-07,99 - UNKNOWN,0,NO DATA,No Data,No Data,32,No Data,No Data,No Data,,,Yes,No Data,No Data,99 - UNKNOWN,99 - UNKNOWN,0,1,1 - FRONT LEFT OR MOTORCYCLE DRIVER
20745446,Yes,TEMPLE POLICE DEPARTMENT,25000520,TEMPLE,FAILED TO CONTROL SPEED;FAILED TO YIELD RIGHT OF WAY - TURNING LEFT,BELL,2025-04-07,N - NOT INJURED,0,NO DATA,20 - BAYLOR SCOTT & WHITE MCLANE CHILDREN'S MEDICAL CENTER,5.526,,37 - FAILED TO YIELD RIGHT OF WAY - TURNING LEFT,No Data,No Data,76502,79763,No,1FTFW1CT1CKD94766,30,2 - FEMALE,N - NOT INJURED,0,1,1 - FRONT LEFT OR MOTORCYCLE DRIVER
20745446,Yes,TEMPLE POLICE DEPARTMENT,25000520,TEMPLE,FAILED TO CONTROL SPEED;FAILED TO YIELD RIGHT OF WAY - TURNING LEFT,BELL,2025-04-07,N - NOT INJURED,0,NO DATA,20 - BAYLOR SCOTT & WHITE MCLANE CHILDREN'S MEDICAL CENTER,5.526,,22 - FAILED TO CONTROL SPEED,No Data,No Data,76502,76502,No,5YFEPMAE6NP366447,50,2 - FEMALE,N - NOT INJURED,0,1,1 - FRONT LEFT OR MOTORCYCLE DRIVER
20745446,Yes,TEMPLE POLICE DEPARTMENT,25000520,TEMPLE,FAILED TO CONTROL SPEED;FAILED TO YIELD RIGHT OF WAY - TURNING LEFT,BELL,2025-04-07,N - NOT INJURED,0,NO DATA,20 - BAYLOR SCOTT & WHITE MCLANE CHILDREN'S MEDICAL CENTER,5.526,,22 - FAILED TO CONTROL SPEED,No Data,No Data,76502,76502,No,5YFEPMAE6NP366447,15,2 - FEMALE,N - NOT INJURED,0,2,6 - SECOND SEAT RIGHT
20745446,Yes,TEMPLE POLICE DEPARTMENT,25000520,TEMPLE,FAILED TO CONTROL SPEED;FAILED TO YIELD RIGHT OF WAY - TURNING LEFT,BELL,2025-04-07,N - NOT INJURED,0,NO DATA,20 - BAYLOR SCOTT & WHITE MCLANE CHILDREN'S MEDICAL CENTER,5.526,,22 - FAILED TO CONTROL SPEED,No Data,No Data,76502,76502,No,5YFEPMAE6NP366447,3,2 - FEMALE,N - NOT INJURED,0,3,4 - SECOND SEAT LEFT OR MOTORCYCLE BACK PASSENGER
20745448,Yes,TEMPLE POLICE DEPARTMENT,25000523,TEMPLE,BACKED WITHOUT SAFETY; FAILED TO CONTROL SPEED,BELL,2025-04-07,N - NOT INJURED,0,NO DATA,20 - BAYLOR SCOTT & WHITE MCLANE CHILDREN'S MEDICAL CENTER,0.71,,3 - BACKED WITHOUT SAFETY,No Data,No Data,78653,78653,No,3C63RRGL5MG565957,73,1 - MALE,N - NOT INJURED,0,1,1 - FRONT LEFT OR MOTORCYCLE DRIVER
20745448,Yes,TEMPLE POLICE DEPARTMENT,25000523,TEMPLE,BACKED WITHOUT SAFETY; FAILED TO CONTROL SPEED,BELL,2025-04-07,N - NOT INJURED,0,NO DATA,20 - BAYLOR SCOTT & WHITE MCLANE CHILDREN'S MEDICAL CENTER,0.71,,22 - FAILED TO CONTROL SPEED,No Data,No Data,76650,76650,No,3N1CN8EV8ML861214,65,1 - MALE,N - NOT INJURED,0,1,1 - FRONT LEFT OR MOTORCYCLE DRIVER
20745448,Yes,TEMPLE POLICE DEPARTMENT,25000523,TEMPLE,BACKED WITHOUT SAFETY; FAILED TO CONTROL SPEED,BELL,2025-04-07,N - NOT INJURED,0,NO DATA,20 - BAYLOR SCOTT & WHITE MCLANE CHILDREN'S MEDICAL CENTER,0.71,,22 - FAILED TO CONTROL SPEED,No Data,No Data,76650,76650,No,3N1CN8EV8ML861214,54,2 - FEMALE,N - NOT INJURED,0,2,3 - FRONT RIGHT
20745465,Yes,DALLAS COUNTY SHERIFF'S OFFICE,25-022170,DALLAS,FAULTY EVASIVE ACTION,DALLAS,2025-04-07,N - NOT INJURED,0,NO DATA,174 - METHODIST DALLAS MEDICAL CENTER,2.928,2,41 - FAULTY EVASIVE ACTION,No Data,No Data,75232,75232,No,1GKKRPKD0GJ130960,50,1 - MALE,N - NOT INJURED,0,1,1 - FRONT LEFT OR MOTORCYCLE DRIVER
20745475,Yes,DALLAS COUNTY SHERIFF'S OFFICE,25-022204,DALLAS,CHANGED LANE WHEN UNSAFE,DALLAS,2025-04-07,N - NOT INJURED,0,NO DATA,26 - BAYLOR UNIVERSITY MEDICAL CENTER,1.111,3,4 - CHANGED LANE WHEN UNSAFE,No Data,No Data,75766,75756,No,JTDACACU3P3003189,25,2 - FEMALE,N - NOT INJURED,0,1,1 - FRONT LEFT OR MOTORCYCLE DRIVER
20745475,Yes,DALLAS COUNTY SHERIFF'S OFFICE,25-022204,DALLAS,CHANGED LANE WHEN UNSAFE,DALLAS,2025-04-07,N - NOT INJURED,0,NO DATA,26 - BAYLOR UNIVERSITY MEDICAL CENTER,1.111,3,4 - CHANGED LANE WHEN UNSAFE,No Data,No Data,75766,75756,No,JTDACACU3P3003189,27,1 - MALE,N - NOT INJURED,0,2,3 - FRONT RIGHT
20745475,Yes,DALLAS COUNTY SHERIFF'S OFFICE,25-022204,DALLAS,CHANGED LANE WHEN UNSAFE,DALLAS,2025-04-07,N - NOT INJURED,0,NO DATA,26 - BAYLOR UNIVERSITY MEDICAL CENTER,1.111,3,4 - CHANGED LANE WHEN UNSAFE,No Data,No Data,,75217,Yes,5TFAW5F18JX731204,No Data,2 - FEMALE,99 - UNKNOWN,0,1,1 - FRONT LEFT OR MOTORCYCLE DRIVER
20745481,Yes,HARRIS COUNTY SHERIFF'S OFFICE,2504-02525,OUTSIDE CITY LIMITS,BACKED WITHOUT SAFETY,HARRIS,2025-04-07,N - NOT INJURED,0,NO DATA,No Data,No Data,PD,3 - BACKED WITHOUT SAFETY,No Data,No Data,77060,77092,No,5YFBURHE1GP548655,24,1 - MALE,N - NOT INJURED,0,1,1 - FRONT LEFT OR MOTORCYCLE DRIVER
20745481,Yes,HARRIS COUNTY SHERIFF'S OFFICE,2504-02525,OUTSIDE CITY LIMITS,BACKED WITHOUT SAFETY,HARRIS,2025-04-07,N - NOT INJURED,0,NO DATA,No Data,No Data,PD,No Data,No Data,No Data,77060,77060,No,2GCEC19T2X1128268,23,2 - FEMALE,N - NOT INJURED,0,1,1 - FRONT LEFT OR MOTORCYCLE DRIVER
20745499,Yes,CONROE POLICE DEPARTMENT,25040228,CONROE,FAILED TO HEED WARNING SIGN,MONTGOMERY,2025-04-07,N - NOT INJURED,0,NO DATA,116 - HCA HOUSTON HEALTHCARE CONROE,0.635,,25 - FAILED TO HEED WARNING SIGN OR TRAFFIC CONTROL DEVICE,No Data,No Data,77017,77017,No,1FT8W3BT8FEA61795,47,1 - MALE,N - NOT INJURED,0,1,1 - FRONT LEFT OR MOTORCYCLE DRIVER
20745499,Yes,CONROE POLICE DEPARTMENT,25040228,CONROE,FAILED TO HEED WARNING SIGN,MONTGOMERY,2025-04-07,N - NOT INJURED,0,NO DATA,116 - HCA HOUSTON HEALTHCARE CONROE,0.635,,25 - FAILED TO HEED WARNING SIGN OR TRAFFIC CONTROL DEVICE,No Data,No Data,77017,77017,No,1FT8W3BT8FEA61795,26,1 - MALE,N - NOT INJURED,0,2,3 - FRONT RIGHT
20745499,Yes,CONROE POLICE DEPARTMENT,25040228,CONROE,FAILED TO HEED WARNING SIGN,MONTGOMERY,2025-04-07,N - NOT INJURED,0,NO DATA,116 - HCA HOUSTON HEALTHCARE CONROE,0.635,,25 - FAILED TO HEED WARNING SIGN OR TRAFFIC CONTROL DEVICE,No Data,No Data,77017,77017,No,1FT8W3BT8FEA61795,22,1 - MALE,N - NOT INJURED,0,3,6 - SECOND SEAT RIGHT
20745499,Yes,CONROE POLICE DEPARTMENT,25040228,CONROE,FAILED TO HEED WARNING SIGN,MONTGOMERY,2025-04-07,N - NOT INJURED,0,NO DATA,116 - HCA HOUSTON HEALTHCARE CONROE,0.635,,No Data,No Data,No Data,77372,77842,No,KNAG44J86S5322157,23,2 - FEMALE,N - NOT INJURED,0,1,1 - FRONT LEFT OR MOTORCYCLE DRIVER
20745505,Yes,SAN ANTONIO POLICE DEPARTMENT,SAPD25069235,SAN ANTONIO,CHANGED LANE WHEN UNSAFE,BEXAR,2025-04-07,N - NOT INJURED,0,NO DATA,34 - BROOKE ARMY MEDICAL CENTER,4.392,40,4 - CHANGED LANE WHEN UNSAFE,No Data,No Data,,No Data,Yes,No Data,No Data,99 - UNKNOWN,99 - UNKNOWN,0,1,1 - FRONT LEFT OR MOTORCYCLE DRIVER
20745505,Yes,SAN ANTONIO POLICE DEPARTMENT,SAPD25069235,SAN ANTONIO,CHANGED LANE WHEN UNSAFE,BEXAR,2025-04-07,N - NOT INJURED,0,NO DATA,34 - BROOKE ARMY MEDICAL CENTER,4.392,40,No Data,No Data,No Data,78221,78221,No,JF1ZNBC11P8751845,27,1 - MALE,N - NOT INJURED,0,1,1 - FRONT LEFT OR MOTORCYCLE DRIVER
20745506,Yes,HARRIS COUNTY SHERIFF'S OFFICE,2504-02460,OUTSIDE CITY LIMITS,CHANGED LANE WHEN UNSAFE,HARRIS,2025-04-07,N - NOT INJURED,0,NO DATA,167 - MEMORIAL HERMANN CYPRESS HOSPITAL,3.321,PD,4 - CHANGED LANE WHEN UNSAFE,No Data,No Data,77433,77433,No,5TDKDRAHXSS551526,71,1 - MALE,N - NOT INJURED,0,1,1 - FRONT LEFT OR MOTORCYCLE DRIVER
20745506,Yes,HARRIS COUNTY SHERIFF'S OFFICE,2504-02460,OUTSIDE CITY LIMITS,CHANGED LANE WHEN UNSAFE,HARRIS,2025-04-07,N - NOT INJURED,0,NO DATA,167 - MEMORIAL HERMANN CYPRESS HOSPITAL,3.321,PD,4 - CHANGED LANE WHEN UNSAFE,No Data,No Data,77433,77433,No,5TDKDRAHXSS551526,42,2 - FEMALE,N - NOT INJURED,0,2,3 - FRONT RIGHT
20745506,Yes,HARRIS COUNTY SHERIFF'S OFFICE,2504-02460,OUTSIDE CITY LIMITS,CHANGED LANE WHEN UNSAFE,HARRIS,2025-04-07,N - NOT INJURED,0,NO DATA,167 - MEMORIAL HERMANN CYPRESS HOSPITAL,3.321,PD,No Data,No Data,No Data,77445,77445,No,1C6RR6FT7FS669033,19,1 - MALE,N - NOT INJURED,0,1,1 - FRONT LEFT OR MOTORCYCLE DRIVER
20745510,Yes,SAN ANTONIO POLICE DEPARTMENT,SAPD25069132,SAN ANTONIO,FAULTY EVASIVE ACTION,BEXAR,2025-04-07,N - NOT INJURED,0,NO DATA,199 - NORTHEAST BAPTIST HOSPITAL,1.959,40,41 - FAULTY EVASIVE ACTION,No Data,No Data,78239,78239,No,1D7HA18N86S624962,32,1 - MALE,N - NOT INJURED,0,1,1 - FRONT LEFT OR MOTORCYCLE DRIVER
20745510,Yes,SAN ANTONIO POLICE DEPARTMENT,SAPD25069132,SAN ANTONIO,FAULTY EVASIVE ACTION,BEXAR,2025-04-07,N - NOT INJURED,0,NO DATA,199 - NORTHEAST BAPTIST HOSPITAL,1.959,40,41 - FAULTY EVASIVE ACTION,No Data,No Data,78201,78201,No,5TFCZ5AN1MX250841,64,1 - MALE,N - NOT INJURED,0,1,1 - FRONT LEFT OR MOTORCYCLE DRIVER
20745510,Yes,SAN ANTONIO POLICE DEPARTMENT,SAPD25069132,SAN ANTONIO,FAULTY EVASIVE ACTION,BEXAR,2025-04-07,N - NOT INJURED,0,NO DATA,199 - NORTHEAST BAPTIST HOSPITAL,1.959,40,41 - FAULTY EVASIVE ACTION,No Data,No Data,78201,78201,No,5TFCZ5AN1MX250841,62,2 - FEMALE,N - NOT INJURED,0,2,3 - FRONT RIGHT
20745510,Yes,SAN ANTONIO POLICE DEPARTMENT,SAPD25069132,SAN ANTONIO,FAULTY EVASIVE ACTION,BEXAR,2025-04-07,N - NOT INJURED,0,NO DATA,199 - NORTHEAST BAPTIST HOSPITAL,1.959,40,No Data,No Data,No Data,78214,78214,No,1G1JC6SH3C4159019,20,1 - MALE,N - NOT INJURED,0,1,1 - FRONT LEFT OR MOTORCYCLE DRIVER
20745510,Yes,SAN ANTONIO POLICE DEPARTMENT,SAPD25069132,SAN ANTONIO,FAULTY EVASIVE ACTION,BEXAR,2025-04-07,N - NOT INJURED,0,NO DATA,199 - NORTHEAST BAPTIST HOSPITAL,1.959,40,No Data,No Data,No Data,78214,78214,No,1G1JC6SH3C4159019,18,1 - MALE,N - NOT INJURED,0,2,3 - FRONT RIGHT
20745510,Yes,SAN ANTONIO POLICE DEPARTMENT,SAPD25069132,SAN ANTONIO,FAULTY EVASIVE ACTION,BEXAR,2025-04-07,N - NOT INJURED,0,NO DATA,199 - NORTHEAST BAPTIST HOSPITAL,1.959,40,No Data,No Data,No Data,78239,78239,No,3N1AB61E79L695334,19,2 - FEMALE,N - NOT INJURED,0,1,1 - FRONT LEFT OR MOTORCYCLE DRIVER
20745513,Yes,HARRIS COUNTY SHERIFF'S OFFICE,2504-02561,OUTSIDE CITY LIMITS,TURNED IMPROPERLY - WIDE RIGHT,HARRIS,2025-04-07,N - NOT INJURED,0,NO DATA,165 - MEMORIAL HERMANN MEMORIAL CITY MEDICAL CENTER,8.296,PD,64 - TURNED IMPROPERLY - WIDE RIGHT,No Data,No Data,77306,77041,No,1GB4WRE7XMF231697,24,1 - MALE,N - NOT INJURED,0,1,1 - FRONT LEFT OR MOTORCYCLE DRIVER
20745513,Yes,HARRIS COUNTY SHERIFF'S OFFICE,2504-02561,OUTSIDE CITY LIMITS,TURNED IMPROPERLY - WIDE RIGHT,HARRIS,2025-04-07,N - NOT INJURED,0,NO DATA,165 - MEMORIAL HERMANN MEMORIAL CITY MEDICAL CENTER,8.296,PD,No Data,No Data,No Data,14026,14026,No,2G1FT1EW7B9121534,40,1 - MALE,N - NOT INJURED,0,1,1 - FRONT LEFT OR MOTORCYCLE DRIVER
20745524,Yes,WICHITA FALLS POLICE DEPARTMENT,25-040281,WICHITA FALLS,TURNED IMPROPERLY - WRONG LANE,WICHITA,2025-04-07,N - NOT INJURED,0,NO DATA,274 - UNITED REGIONAL HEALTH CARE SYSTEM,1.941,,65 - TURNED IMPROPERLY - WRONG LANE,No Data,No Data,76367,76367,No,3TMAZ5CN9JM073090,39,1 - MALE,N - NOT INJURED,0,1,1 - FRONT LEFT OR MOTORCYCLE DRIVER
20745524,Yes,WICHITA FALLS POLICE DEPARTMENT,25-040281,WICHITA FALLS,TURNED IMPROPERLY - WRONG LANE,WICHITA,2025-04-07,N - NOT INJURED,0,NO DATA,274 - UNITED REGIONAL HEALTH CARE SYSTEM,1.941,,No Data,No Data,No Data,76301,76301,No,2C3CDXCT3EH114128,17,2 - FEMALE,N - NOT INJURED,0,1,1 - FRONT LEFT OR MOTORCYCLE DRIVER
20745524,Yes,WICHITA FALLS POLICE DEPARTMENT,25-040281,WICHITA FALLS,TURNED IMPROPERLY - WRONG LANE,WICHITA,2025-04-07,N - NOT INJURED,0,NO DATA,274 - UNITED REGIONAL HEALTH CARE SYSTEM,1.941,,No Data,No Data,No Data,76301,76301,No,2C3CDXCT3EH114128,18,2 - FEMALE,N - NOT INJURED,0,2,1 - FRONT LEFT OR MOTORCYCLE DRIVER
20745540,Yes,FORT WORTH POLICE DEPARTMENT,250024821,FORT WORTH,DRIVER INATTENTION,TARRANT,2025-04-07,N - NOT INJURED,0,NO DATA,153 - MEDICAL CITY ALLIANCE,5.131,WE,No Data,No Data,No Data,76131,76131,No,1C3CCCBB9GN192329,33,1 - MALE,N - NOT INJURED,0,1,1 - FRONT LEFT OR MOTORCYCLE DRIVER
20745542,Yes,FORT WORTH POLICE DEPARTMENT,250024887,FORT WORTH,TURNED IMPROPERLY - WIDE RIGHT,TARRANT,2025-04-07,N - NOT INJURED,0,NO DATA,78 - COOK CHILDRENS MEDICAL CENTER,6.225,WE,64 - TURNED IMPROPERLY - WIDE RIGHT,No Data,No Data,76179,76106,No,4A32B3FF7CE014854,17,2 - FEMALE,N - NOT INJURED,0,1,1 - FRONT LEFT OR MOTORCYCLE DRIVER
20745544,Yes,FORT WORTH POLICE DEPARTMENT,250024847,FORT WORTH,FAILED TO YIELD RIGHT OF WAY - YIELD SIGN,TARRANT,2025-04-07,N - NOT INJURED,0,NO DATA,78 - COOK CHILDRENS MEDICAL CENTER,6.164,WE,39 - FAILED TO YIELD RIGHT OF WAY - YIELD SIGN,No Data,No Data,76244,76244,No,JTDKN3DU3A0198583,22,2 - FEMALE,N - NOT INJURED,0,1,1 - FRONT LEFT OR MOTORCYCLE DRIVER
20745544,Yes,FORT WORTH POLICE DEPARTMENT,250024847,FORT WORTH,FAILED TO YIELD RIGHT OF WAY - YIELD SIGN,TARRANT,2025-04-07,N - NOT INJURED,0,NO DATA,78 - COOK CHILDRENS MEDICAL CENTER,6.164,WE,39 - FAILED TO YIELD RIGHT OF WAY - YIELD SIGN,No Data,No Data,76244,76244,No,JTDKN3DU3A0198583,22,2 - FEMALE,N - NOT INJURED,0,2,3 - FRONT RIGHT
20745544,Yes,FORT WORTH POLICE DEPARTMENT,250024847,FORT WORTH,FAILED TO YIELD RIGHT OF WAY - YIELD SIGN,TARRANT,2025-04-07,N - NOT INJURED,0,NO DATA,78 - COOK CHILDRENS MEDICAL CENTER,6.164,WE,No Data,No Data,No Data,76135,76101,No,1C6RR6LT1ES366509,18,1 - MALE,N - NOT INJURED,0,1,1 - FRONT LEFT OR MOTORCYCLE DRIVER
20745562,Yes,DENTON POLICE DEPARTMENT,25057372,DENTON,FAULTY EVASIVE ACTION,DENTON,2025-04-07,B - SUSPECTED MINOR INJURY,0,NO DATA,152 - MEDICAL CITY DENTON,2.362,,41 - FAULTY EVASIVE ACTION,No Data,No Data,75501,75501,No,1FMCU0EG3CKC47024,26,1 - MALE,B - SUSPECTED MINOR INJURY,1,1,1 - FRONT LEFT OR MOTORCYCLE DRIVER
20745562,Yes,DENTON POLICE DEPARTMENT,25057372,DENTON,FAULTY EVASIVE ACTION,DENTON,2025-04-07,B - SUSPECTED MINOR INJURY,0,NO DATA,152 - MEDICAL CITY DENTON,2.362,,No Data,No Data,No Data,75056,75056,No,1FT8W2BT5REC91776,29,1 - MALE,N - NOT INJURED,0,1,1 - FRONT LEFT OR MOTORCYCLE DRIVER
20745562,Yes,DENTON POLICE DEPARTMENT,25057372,DENTON,FAULTY EVASIVE ACTION,DENTON,2025-04-07,B - SUSPECTED MINOR INJURY,0,NO DATA,152 - MEDICAL CITY DENTON,2.362,,No Data,No Data,No Data,75232,75220,No,1M1AN4GY1PM028501,62,1 - MALE,N - NOT INJURED,0,1,1 - FRONT LEFT OR MOTORCYCLE DRIVER
20745563,No,LEWISVILLE POLICE DEPARTMENT,25-02754,LEWISVILLE,FAILED TO CONTROL SPEED,DENTON,2025-04-07,N - NOT INJURED,0,NO DATA,156 - MEDICAL CITY LEWISVILLE,1.351,,22 - FAILED TO CONTROL SPEED,No Data,No Data,75067,75067,No,WAUGGAFC0CN101464,35,1 - MALE,N - NOT INJURED,0,1,1 - FRONT LEFT OR MOTORCYCLE DRIVER
20745563,No,LEWISVILLE POLICE DEPARTMENT,25-02754,LEWISVILLE,FAILED TO CONTROL SPEED,DENTON,2025-04-07,N - NOT INJURED,0,NO DATA,156 - MEDICAL CITY LEWISVILLE,1.351,,No Data,No Data,No Data,75067,75067,No,2T3ZFREV0JW482027,38,2 - FEMALE,N - NOT INJURED,0,1,1 - FRONT LEFT OR MOTORCYCLE DRIVER
20745563,No,LEWISVILLE POLICE DEPARTMENT,25-02754,LEWISVILLE,FAILED TO CONTROL SPEED,DENTON,2025-04-07,N - NOT INJURED,0,NO DATA,156 - MEDICAL CITY LEWISVILLE,1.351,,No Data,No Data,No Data,75067,75067,No,2T3ZFREV0JW482027,3,2 - FEMALE,N - NOT INJURED,0,2,4 - SECOND SEAT LEFT OR MOTORCYCLE BACK PASSENGER
20745564,Yes,ODESSA POLICE DEPARTMENT,25-0003705,ODESSA,FAILED TO CONTROL SPEED,ECTOR,2025-04-07,C - POSSIBLE INJURY,0,NO DATA,204 - ODESSA REGIONAL MEDICAL CENTER,3.952,,22 - FAILED TO CONTROL SPEED,No Data,No Data,79765,79765,No,JKBZXVE1XLA004109,21,1 - MALE,C - POSSIBLE INJURY,0,1,1 - FRONT LEFT OR MOTORCYCLE DRIVER
20745568,Yes,DENTON POLICE DEPARTMENT,25057377,DENTON,FAILED TO CONTROL SPEED; HAD BEEN DRINKING,DENTON,2025-04-07,N - NOT INJURED,0,NO DATA,152 - MEDICAL CITY DENTON,2.589,,22 - FAILED TO CONTROL SPEED,45 - HAD BEEN DRINKING,No Data,76209,76209,No,1FTSW20599EB02217,57,1 - MALE,N - NOT INJURED,0,1,1 - FRONT LEFT OR MOTORCYCLE DRIVER
20745568,Yes,DENTON POLICE DEPARTMENT,25057377,DENTON,FAILED TO CONTROL SPEED; HAD BEEN DRINKING,DENTON,2025-04-07,N - NOT INJURED,0,NO DATA,152 - MEDICAL CITY DENTON,2.589,,No Data,No Data,No Data,76209,76209,No,JTMWF4DV3AD019657,22,2 - FEMALE,N - NOT INJURED,0,1,1 - FRONT LEFT OR MOTORCYCLE DRIVER
20745569,Yes,DENTON POLICE DEPARTMENT,25057128,DENTON,DRIVER INATTENTION;FAILED TO YIELD RIGHT OF WAY - STOP SIGN,DENTON,2025-04-07,N - NOT INJURED,0,NO DATA,152 - MEDICAL CITY DENTON,6.173,,35 - FAILED TO YIELD RIGHT OF WAY - STOP SIGN,20 - DRIVER INATTENTION,No Data,75074,75074,No,1FMCU0E75CKC17703,45,1 - MALE,N - NOT INJURED,0,1,1 - FRONT LEFT OR MOTORCYCLE DRIVER
20745569,Yes,DENTON POLICE DEPARTMENT,25057128,DENTON,DRIVER INATTENTION;FAILED TO YIELD RIGHT OF WAY - STOP SIGN,DENTON,2025-04-07,N - NOT INJURED,0,NO DATA,152 - MEDICAL CITY DENTON,6.173,,35 - FAILED TO YIELD RIGHT OF WAY - STOP SIGN,20 - DRIVER INATTENTION,No Data,75074,75074,No,1FMCU0E75CKC17703,29,1 - MALE,N - NOT INJURED,0,2,3 - FRONT RIGHT
20745569,Yes,DENTON POLICE DEPARTMENT,25057128,DENTON,DRIVER INATTENTION;FAILED TO YIELD RIGHT OF WAY - STOP SIGN,DENTON,2025-04-07,N - NOT INJURED,0,NO DATA,152 - MEDICAL CITY DENTON,6.173,,No Data,No Data,No Data,76234,75182,No,1GC0CVCG1CF154098,56,1 - MALE,N - NOT INJURED,0,1,1 - FRONT LEFT OR MOTORCYCLE DRIVER
20745576,Yes,LEWISVILLE POLICE DEPARTMENT,25-02739,LEWISVILLE,FAILED TO YIELD RIGHT OF WAY - PRIVATE DRIVE,DENTON,2025-04-07,C - POSSIBLE INJURY,0,NO DATA,156 - MEDICAL CITY LEWISVILLE,2.252,,34 - FAILED TO YIELD RIGHT OF WAY - PRIVATE DRIVE,No Data,No Data,75067,76904,No,1GKKNKLA6JZ242075,32,2 - FEMALE,C - POSSIBLE INJURY,0,1,1 - FRONT LEFT OR MOTORCYCLE DRIVER
20745576,Yes,LEWISVILLE POLICE DEPARTMENT,25-02739,LEWISVILLE,FAILED TO YIELD RIGHT OF WAY - PRIVATE DRIVE,DENTON,2025-04-07,C - POSSIBLE INJURY,0,NO DATA,156 - MEDICAL CITY LEWISVILLE,2.252,,No Data,No Data,No Data,75067,75067,No,5TDZK3EH9CS075850,46,1 - MALE,N - NOT INJURED,0,1,1 - FRONT LEFT OR MOTORCYCLE DRIVER
20745591,Yes,PASADENA POLICE DEPARTMENT,25-005011,PASADENA,OVERSIZED VEHICLE OR LOAD,HARRIS,2025-04-07,N - NOT INJURED,0,NO DATA,No Data,No Data,,52 - OVERSIZED VEHICLE OR LOAD,No Data,No Data,77088,19603,No,3HAEUMML6RL740914,33,1 - MALE,N - NOT INJURED,0,1,1 - FRONT LEFT OR MOTORCYCLE DRIVER
20745597,Yes,PASADENA POLICE DEPARTMENT,25-005027,PASADENA,DISREGARD STOP AND GO SIGNAL,HARRIS,2025-04-07,B - SUSPECTED MINOR INJURY,0,NO DATA,122 - HCA HOUSTON HEALTHCARE SOUTHEAST,3.568,,15 - DISREGARD STOP AND GO SIGNAL,No Data,No Data,77506,77506,No,1G4GC5GC1BF271051,71,2 - FEMALE,B - SUSPECTED MINOR INJURY,1,1,1 - FRONT LEFT OR MOTORCYCLE DRIVER
20745597,Yes,PASADENA POLICE DEPARTMENT,25-005027,PASADENA,DISREGARD STOP AND GO SIGNAL,HARRIS,2025-04-07,B - SUSPECTED MINOR INJURY,0,NO DATA,122 - HCA HOUSTON HEALTHCARE SOUTHEAST,3.568,,No Data,No Data,No Data,77571,77571,No,1G6DW5RKXM0112301,16,1 - MALE,B - SUSPECTED MINOR INJURY,1,1,1 - FRONT LEFT OR MOTORCYCLE DRIVER
20745612,Yes,HARRIS COUNTY SHERIFF'S OFFICE,2504-02626,OUTSIDE CITY LIMITS,NONE,HARRIS,2025-04-07,N - NOT INJURED,0,NO DATA,164 - MEMORIAL HERMANN KATY HOSPITAL,2.058,PD,No Data,No Data,No Data,,No Data,Yes,No Data,No Data,99 - UNKNOWN,99 - UNKNOWN,0,1,1 - FRONT LEFT OR MOTORCYCLE DRIVER
20745612,Yes,HARRIS COUNTY SHERIFF'S OFFICE,2504-02626,OUTSIDE CITY LIMITS,NONE,HARRIS,2025-04-07,N - NOT INJURED,0,NO DATA,164 - MEMORIAL HERMANN KATY HOSPITAL,2.058,PD,No Data,No Data,No Data,77449,77077,No,5YMJU0C04N9N00273,27,2 - FEMALE,N - NOT INJURED,0,1,1 - FRONT LEFT OR MOTORCYCLE DRIVER
20745629,Yes,SAN ANTONIO POLICE DEPARTMENT,SAPD25068595,SAN ANTONIO,DRIVER INATTENTION;FAILED TO YIELD RIGHT OF WAY - TURN ON RED,BEXAR,2025-04-07,B - SUSPECTED MINOR INJURY,0,NO DATA,46 - CHRISTUS CHILDRENS HOSPITAL OF SAN ANTONIO,0.473,08,No Data,No Data,No Data,78202,78230,No,1HD1GNM19GC320943,29,1 - MALE,B - SUSPECTED MINOR INJURY,1,1,1 - FRONT LEFT OR MOTORCYCLE DRIVER
20745629,Yes,SAN ANTONIO POLICE DEPARTMENT,SAPD25068595,SAN ANTONIO,DRIVER INATTENTION;FAILED TO YIELD RIGHT OF WAY - TURN ON RED,BEXAR,2025-04-07,B - SUSPECTED MINOR INJURY,0,NO DATA,46 - CHRISTUS CHILDRENS HOSPITAL OF SAN ANTONIO,0.473,08,No Data,No Data,No Data,78231,78542,No,KMHTC6AD5GU286712,31,2 - FEMALE,N - NOT INJURED,0,1,1 - FRONT LEFT OR MOTORCYCLE DRIVER
20745632,Yes,HARRIS COUNTY SHERIFF'S OFFICE,2504-02638,OUTSIDE CITY LIMITS,NONE,HARRIS,2025-04-07,N - NOT INJURED,0,NO DATA,248 - TEXAS CHILDRENS HOSPITAL WEST CAMPUS,3.317,PD,No Data,No Data,No Data,,No Data,Yes,No Data,No Data,99 - UNKNOWN,99 - UNKNOWN,0,1,1 - FRONT LEFT OR MOTORCYCLE DRIVER
20745632,Yes,HARRIS COUNTY SHERIFF'S OFFICE,2504-02638,OUTSIDE CITY LIMITS,NONE,HARRIS,2025-04-07,N - NOT INJURED,0,NO DATA,248 - TEXAS CHILDRENS HOSPITAL WEST CAMPUS,3.317,PD,No Data,No Data,No Data,77449,77449,No,1HGCY2F52PA061277,40,2 - FEMALE,N - NOT INJURED,0,1,1 - FRONT LEFT OR MOTORCYCLE DRIVER
20745633,Yes,SAN ANTONIO POLICE DEPARTMENT,SAPD25069140,SAN ANTONIO,DISREGARD STOP SIGN OR LIGHT,BEXAR,2025-04-07,N - NOT INJURED,0,NO DATA,182 - METROPOLITAN METHODIST HOSPITAL,1.81,08,16 - DISREGARD STOP SIGN OR LIGHT,No Data,No Data,78245,78245,No,JTEDS43AX82024695,19,1 - MALE,N - NOT INJURED,0,1,1 - FRONT LEFT OR MOTORCYCLE DRIVER
20745633,Yes,SAN ANTONIO POLICE DEPARTMENT,SAPD25069140,SAN ANTONIO,DISREGARD STOP SIGN OR LIGHT,BEXAR,2025-04-07,N - NOT INJURED,0,NO DATA,182 - METROPOLITAN METHODIST HOSPITAL,1.81,08,No Data,No Data,No Data,78229,78229,No,1C3CDFBA0DD139896,30,2 - FEMALE,N - NOT INJURED,0,1,1 - FRONT LEFT OR MOTORCYCLE DRIVER
20745642,Yes,SAN ANTONIO POLICE DEPARTMENT,SAPD25068972,SAN ANTONIO,DRIVER INATTENTION;OTHER (EXPLAIN IN NARRATIVE),BEXAR,2025-04-07,N - NOT INJURED,0,NO DATA,53 - CHRISTUS SANTA ROSA HOSPITAL - ALAMO HEIGHTS,1.953,30,20 - DRIVER INATTENTION,98 - OTHER (EXPLAIN IN NARRATIVE),No Data,78216,78216,No,2A8GP54L16R798950,90,1 - MALE,N - NOT INJURED,0,1,1 - FRONT LEFT OR MOTORCYCLE DRIVER
20745642,Yes,SAN ANTONIO POLICE DEPARTMENT,SAPD25068972,SAN ANTONIO,DRIVER INATTENTION;OTHER (EXPLAIN IN NARRATIVE),BEXAR,2025-04-07,N - NOT INJURED,0,NO DATA,53 - CHRISTUS SANTA ROSA HOSPITAL - ALAMO HEIGHTS,1.953,30,No Data,No Data,No Data,78249,78249,No,5YFBU4EE9DP095128,21,2 - FEMALE,N - NOT INJURED,0,1,1 - FRONT LEFT OR MOTORCYCLE DRIVER
20745648,Yes,SAN ANTONIO POLICE DEPARTMENT,SAPD25068957,SAN ANTONIO,DISREGARD STOP SIGN OR LIGHT;OTHER (EXPLAIN IN NARRATIVE),BEXAR,2025-04-07,B - SUSPECTED MINOR INJURY,0,NO DATA,179 - METHODIST HOSPITAL - STONE OAK,3.475,30,16 - DISREGARD STOP SIGN OR LIGHT,No Data,No Data,78247,78247,No,1FT7W2B62GEC51044,79,1 - MALE,N - NOT INJURED,0,1,1 - FRONT LEFT OR MOTORCYCLE DRIVER
20745648,Yes,SAN ANTONIO POLICE DEPARTMENT,SAPD25068957,SAN ANTONIO,DISREGARD STOP SIGN OR LIGHT;OTHER (EXPLAIN IN NARRATIVE),BEXAR,2025-04-07,B - SUSPECTED MINOR INJURY,0,NO DATA,179 - METHODIST HOSPITAL - STONE OAK,3.475,30,16 - DISREGARD STOP SIGN OR LIGHT,No Data,No Data,78247,78247,No,1FT7W2B62GEC51044,69,2 - FEMALE,N - NOT INJURED,0,2,3 - FRONT RIGHT
20745648,Yes,SAN ANTONIO POLICE DEPARTMENT,SAPD25068957,SAN ANTONIO,DISREGARD STOP SIGN OR LIGHT;OTHER (EXPLAIN IN NARRATIVE),BEXAR,2025-04-07,B - SUSPECTED MINOR INJURY,0,NO DATA,179 - METHODIST HOSPITAL - STONE OAK,3.475,30,98 - OTHER (EXPLAIN IN NARRATIVE),No Data,No Data,78217,78217,No,1FM5K7F87DGB26712,42,2 - FEMALE,B - SUSPECTED MINOR INJURY,1,1,1 - FRONT LEFT OR MOTORCYCLE DRIVER
20745648,Yes,SAN ANTONIO POLICE DEPARTMENT,SAPD25068957,SAN ANTONIO,DISREGARD STOP SIGN OR LIGHT;OTHER (EXPLAIN IN NARRATIVE),BEXAR,2025-04-07,B - SUSPECTED MINOR INJURY,0,NO DATA,179 - METHODIST HOSPITAL - STONE OAK,3.475,30,98 - OTHER (EXPLAIN IN NARRATIVE),No Data,No Data,78261,78261,No,1GNSCJKC4KR350833,17,1 - MALE,N - NOT INJURED,0,1,1 - FRONT LEFT OR MOTORCYCLE DRIVER
20745653,Yes,SAN ANTONIO POLICE DEPARTMENT,SAPD25068985,SAN ANTONIO,CHANGED LANE WHEN UNSAFE,BEXAR,2025-04-07,C - POSSIBLE INJURY,0,NO DATA,196 - NORTH CENTRAL BAPTIST HOSPITAL,1.57,30,No Data,No Data,No Data,78257,78257,No,3CZRU6H3XNM725889,53,2 - FEMALE,C - POSSIBLE INJURY,0,1,1 - FRONT LEFT OR MOTORCYCLE DRIVER
20745653,Yes,SAN ANTONIO POLICE DEPARTMENT,SAPD25068985,SAN ANTONIO,CHANGED LANE WHEN UNSAFE,BEXAR,2025-04-07,C - POSSIBLE INJURY,0,NO DATA,196 - NORTH CENTRAL BAPTIST HOSPITAL,1.57,30,4 - CHANGED LANE WHEN UNSAFE,No Data,No Data,78258,78258,No,4S4WMAPD7M3457675,54,2 - FEMALE,C - POSSIBLE INJURY,0,1,1 - FRONT LEFT OR MOTORCYCLE DRIVER
20745654,Yes,SAN ANTONIO POLICE DEPARTMENT,SAPD25069014,SAN ANTONIO,DRIVER INATTENTION,BEXAR,2025-04-07,N - NOT INJURED,0,NO DATA,199 - NORTHEAST BAPTIST HOSPITAL,2.444,30,20 - DRIVER INATTENTION,No Data,No Data,,UNKNOWN,Yes,UNKNOWN,No Data,99 - UNKNOWN,99 - UNKNOWN,0,1,1 - FRONT LEFT OR MOTORCYCLE DRIVER
20745654,Yes,SAN ANTONIO POLICE DEPARTMENT,SAPD25069014,SAN ANTONIO,DRIVER INATTENTION,BEXAR,2025-04-07,N - NOT INJURED,0,NO DATA,199 - NORTHEAST BAPTIST HOSPITAL,2.444,30,No Data,No Data,No Data,78233,78212,No,3HAWGTAR2KL090354,35,1 - MALE,N - NOT INJURED,0,1,1 - FRONT LEFT OR MOTORCYCLE DRIVER
20745665,Yes,SAN ANTONIO POLICE DEPARTMENT,SAPD25069034,SAN ANTONIO,FAILED TO CONTROL SPEED,BEXAR,2025-04-07,C - POSSIBLE INJURY,0,NO DATA,196 - NORTH CENTRAL BAPTIST HOSPITAL,0.806,30,No Data,No Data,No Data,78006,78258,No,ZASPAKAN4L7C87766,43,1 - MALE,C - POSSIBLE INJURY,0,1,1 - FRONT LEFT OR MOTORCYCLE DRIVER
20745665,Yes,SAN ANTONIO POLICE DEPARTMENT,SAPD25069034,SAN ANTONIO,FAILED TO CONTROL SPEED,BEXAR,2025-04-07,C - POSSIBLE INJURY,0,NO DATA,196 - NORTH CENTRAL BAPTIST HOSPITAL,0.806,30,No Data,No Data,No Data,78006,78258,No,ZASPAKAN4L7C87766,39,2 - FEMALE,C - POSSIBLE INJURY,0,2,3 - FRONT RIGHT
20745665,Yes,SAN ANTONIO POLICE DEPARTMENT,SAPD25069034,SAN ANTONIO,FAILED TO CONTROL SPEED,BEXAR,2025-04-07,C - POSSIBLE INJURY,0,NO DATA,196 - NORTH CENTRAL BAPTIST HOSPITAL,0.806,30,No Data,No Data,No Data,78006,78258,No,ZASPAKAN4L7C87766,18,1 - MALE,C - POSSIBLE INJURY,0,3,4 - SECOND SEAT LEFT OR MOTORCYCLE BACK PASSENGER
20745665,Yes,SAN ANTONIO POLICE DEPARTMENT,SAPD25069034,SAN ANTONIO,FAILED TO CONTROL SPEED,BEXAR,2025-04-07,C - POSSIBLE INJURY,0,NO DATA,196 - NORTH CENTRAL BAPTIST HOSPITAL,0.806,30,No Data,No Data,No Data,78006,78258,No,ZASPAKAN4L7C87766,1,1 - MALE,C - POSSIBLE INJURY,0,4,6 - SECOND SEAT RIGHT
20745665,Yes,SAN ANTONIO POLICE DEPARTMENT,SAPD25069034,SAN ANTONIO,FAILED TO CONTROL SPEED,BEXAR,2025-04-07,C - POSSIBLE INJURY,0,NO DATA,196 - NORTH CENTRAL BAPTIST HOSPITAL,0.806,30,22 - FAILED TO CONTROL SPEED,No Data,No Data,78209,78247,No,JA4AP4AUXCZ006407,23,1 - MALE,C - POSSIBLE INJURY,0,1,1 - FRONT LEFT OR MOTORCYCLE DRIVER
20745672,Yes,LEANDER POLICE DEPARTMENT,25041001,LEANDER,DRIVER INATTENTION,WILLIAMSON,2025-04-07,N - NOT INJURED,0,NO DATA,37 - CEDAR PARK REGIONAL MEDICAL CENTER,3.49,,20 - DRIVER INATTENTION,No Data,No Data,78665,78665,No,1GCPABEK0NZ606306,38,1 - MALE,N - NOT INJURED,0,1,1 - FRONT LEFT OR MOTORCYCLE DRIVER
20745673,Yes,LEANDER POLICE DEPARTMENT,25040984,LEANDER,FAILED TO YIELD RIGHT OF WAY - TURNING LEFT,WILLIAMSON,2025-04-07,N - NOT INJURED,0,NO DATA,37 - CEDAR PARK REGIONAL MEDICAL CENTER,3.06,,37 - FAILED TO YIELD RIGHT OF WAY - TURNING LEFT,No Data,No Data,78617,78617,No,4T1G11AK8PU825154,35,1 - MALE,N - NOT INJURED,0,1,1 - FRONT LEFT OR MOTORCYCLE DRIVER
20745673,Yes,LEANDER POLICE DEPARTMENT,25040984,LEANDER,FAILED TO YIELD RIGHT OF WAY - TURNING LEFT,WILLIAMSON,2025-04-07,N - NOT INJURED,0,NO DATA,37 - CEDAR PARK REGIONAL MEDICAL CENTER,3.06,,No Data,No Data,No Data,78642,78642,No,3N1CE2CP6GL361817,23,2 - FEMALE,N - NOT INJURED,0,1,1 - FRONT LEFT OR MOTORCYCLE DRIVER
20745688,Yes,PEARLAND POLICE DEPARTMENT,25-002992,PEARLAND,DISREGARD STOP SIGN OR LIGHT; FAILED TO CONTROL SPEED,BRAZORIA,2025-04-07,C - POSSIBLE INJURY,0,NO DATA,124 - HCA HOUSTON HEALTHCARE PEARLAND,0.235,,22 - FAILED TO CONTROL SPEED,16 - DISREGARD STOP SIGN OR LIGHT,No Data,77053,77053,No,1FT7W2BT1BEC85023,65,1 - MALE,N - NOT INJURED,0,1,1 - FRONT LEFT OR MOTORCYCLE DRIVER
20745688,Yes,PEARLAND POLICE DEPARTMENT,25-002992,PEARLAND,DISREGARD STOP SIGN OR LIGHT; FAILED TO CONTROL SPEED,BRAZORIA,2025-04-07,C - POSSIBLE INJURY,0,NO DATA,124 - HCA HOUSTON HEALTHCARE PEARLAND,0.235,,22 - FAILED TO CONTROL SPEED,16 - DISREGARD STOP SIGN OR LIGHT,No Data,77053,77053,No,1FT7W2BT1BEC85023,25,2 - FEMALE,N - NOT INJURED,0,2,3 - FRONT RIGHT
20745688,Yes,PEARLAND POLICE DEPARTMENT,25-002992,PEARLAND,DISREGARD STOP SIGN OR LIGHT; FAILED TO CONTROL SPEED,BRAZORIA,2025-04-07,C - POSSIBLE INJURY,0,NO DATA,124 - HCA HOUSTON HEALTHCARE PEARLAND,0.235,,22 - FAILED TO CONTROL SPEED,16 - DISREGARD STOP SIGN OR LIGHT,No Data,77053,77053,No,1FT7W2BT1BEC85023,47,1 - MALE,N - NOT INJURED,0,3,4 - SECOND SEAT LEFT OR MOTORCYCLE BACK PASSENGER
20745688,Yes,PEARLAND POLICE DEPARTMENT,25-002992,PEARLAND,DISREGARD STOP SIGN OR LIGHT; FAILED TO CONTROL SPEED,BRAZORIA,2025-04-07,C - POSSIBLE INJURY,0,NO DATA,124 - HCA HOUSTON HEALTHCARE PEARLAND,0.235,,No Data,No Data,No Data,77584,77584,No,JN1BY1AP7FM541585,52,2 - FEMALE,C - POSSIBLE INJURY,0,1,1 - FRONT LEFT OR MOTORCYCLE DRIVER
20745688,Yes,PEARLAND POLICE DEPARTMENT,25-002992,PEARLAND,DISREGARD STOP SIGN OR LIGHT; FAILED TO CONTROL SPEED,BRAZORIA,2025-04-07,C - POSSIBLE INJURY,0,NO DATA,124 - HCA HOUSTON HEALTHCARE PEARLAND,0.235,,No Data,No Data,No Data,77584,77584,No,5NMJB3AE6PH230601,39,2 - FEMALE,C - POSSIBLE INJURY,0,1,1 - FRONT LEFT OR MOTORCYCLE DRIVER
20745688,Yes,PEARLAND POLICE DEPARTMENT,25-002992,PEARLAND,DISREGARD STOP SIGN OR LIGHT; FAILED TO CONTROL SPEED,BRAZORIA,2025-04-07,C - POSSIBLE INJURY,0,NO DATA,124 - HCA HOUSTON HEALTHCARE PEARLAND,0.235,,No Data,No Data,No Data,77584,77584,No,5NMJB3AE6PH230601,9,1 - MALE,N - NOT INJURED,0,2,4 - SECOND SEAT LEFT OR MOTORCYCLE BACK PASSENGER
20745688,Yes,PEARLAND POLICE DEPARTMENT,25-002992,PEARLAND,DISREGARD STOP SIGN OR LIGHT; FAILED TO CONTROL SPEED,BRAZORIA,2025-04-07,C - POSSIBLE INJURY,0,NO DATA,124 - HCA HOUSTON HEALTHCARE PEARLAND,0.235,,No Data,No Data,No Data,77048,77048,No,2HKRS3H71SH329316,47,2 - FEMALE,C - POSSIBLE INJURY,0,1,1 - FRONT LEFT OR MOTORCYCLE DRIVER
20745705,No,HOUSTON POLICE DEPARTMENT,0044724025N,HOUSTON,PEDESTRIAN FAILED TO YIELD RIGHT OF WAY TO VEHICLE,HARRIS,2025-04-07,C - POSSIBLE INJURY,0,NO DATA,168 - MEMORIAL HERMANN SOUTHWEST HOSPITAL,2.013,E,No Data,No Data,No Data,,,No,3GCUKSEJ7FG362582,30,1 - MALE,N - NOT INJURED,0,1,1 - FRONT LEFT OR MOTORCYCLE DRIVER
20745705,No,HOUSTON POLICE DEPARTMENT,0044724025N,HOUSTON,PEDESTRIAN FAILED TO YIELD RIGHT OF WAY TO VEHICLE,HARRIS,2025-04-07,C - POSSIBLE INJURY,0,NO DATA,168 - MEMORIAL HERMANN SOUTHWEST HOSPITAL,2.013,E,59 - PEDESTRIAN FAILED TO YIELD RIGHT OF WAY TO VEHICLE,No Data,No Data,No Data,No Data,No Data,No Data,15,2 - FEMALE,C - POSSIBLE INJURY,0,1,"16 - PEDESTRIAN, PEDALCYCLIST, OR MOTORIZED CONVEYANCE"
20745707,Yes,CROSS ROADS POLICE DEPARTMENT,2500127,CROSS ROADS (DENTON),FAILED TO YIELD RIGHT OF WAY - TURNING LEFT,DENTON,2025-04-07,N - NOT INJURED,0,NO DATA,152 - MEDICAL CITY DENTON,6.747,PD,37 - FAILED TO YIELD RIGHT OF WAY - TURNING LEFT,No Data,No Data,76227,76227,No,19XFC1F37ME009753,20,1 - MALE,N - NOT INJURED,0,1,1 - FRONT LEFT OR MOTORCYCLE DRIVER
20745707,Yes,CROSS ROADS POLICE DEPARTMENT,2500127,CROSS ROADS (DENTON),FAILED TO YIELD RIGHT OF WAY - TURNING LEFT,DENTON,2025-04-07,N - NOT INJURED,0,NO DATA,152 - MEDICAL CITY DENTON,6.747,PD,No Data,No Data,No Data,75409,75409,No,3GTEK23369G134019,26,2 - FEMALE,N - NOT INJURED,0,1,1 - FRONT LEFT OR MOTORCYCLE DRIVER
20745714,No,HUNTSVILLE POLICE DEPARTMENT,25013644,HUNTSVILLE,FAILED TO CONTROL SPEED,WALKER,2025-04-07,B - SUSPECTED MINOR INJURY,0,NO DATA,132 - HUNTSVILLE MEMORIAL HOSPITAL,0.378,,22 - FAILED TO CONTROL SPEED,No Data,No Data,77340,77340,No,JN8AS5MV5DW611621,27,1 - MALE,N - NOT INJURED,0,1,1 - FRONT LEFT OR MOTORCYCLE DRIVER
20745714,No,HUNTSVILLE POLICE DEPARTMENT,25013644,HUNTSVILLE,FAILED TO CONTROL SPEED,WALKER,2025-04-07,B - SUSPECTED MINOR INJURY,0,NO DATA,132 - HUNTSVILLE MEMORIAL HOSPITAL,0.378,,No Data,No Data,No Data,77301,77301,No,1FMSK7KH9RGA79909,41,2 - FEMALE,N - NOT INJURED,0,1,1 - FRONT LEFT OR MOTORCYCLE DRIVER
20745714,No,HUNTSVILLE POLICE DEPARTMENT,25013644,HUNTSVILLE,FAILED TO CONTROL SPEED,WALKER,2025-04-07,B - SUSPECTED MINOR INJURY,0,NO DATA,132 - HUNTSVILLE MEMORIAL HOSPITAL,0.378,,No Data,No Data,No Data,77301,77301,No,1FMSK7KH9RGA79909,10,1 - MALE,N - NOT INJURED,0,2,3 - FRONT RIGHT
20745714,No,HUNTSVILLE POLICE DEPARTMENT,25013644,HUNTSVILLE,FAILED TO CONTROL SPEED,WALKER,2025-04-07,B - SUSPECTED MINOR INJURY,0,NO DATA,132 - HUNTSVILLE MEMORIAL HOSPITAL,0.378,,No Data,No Data,No Data,77301,77301,No,1FMSK7KH9RGA79909,8,2 - FEMALE,B - SUSPECTED MINOR INJURY,1,3,6 - SECOND SEAT RIGHT
20745716,Yes,HUNTSVILLE POLICE DEPARTMENT,25013643,HUNTSVILLE,FAILED TO CONTROL SPEED; FOLLOWED TOO CLOSELY,WALKER,2025-04-07,B - SUSPECTED MINOR INJURY,0,NO DATA,132 - HUNTSVILLE MEMORIAL HOSPITAL,1,,22 - FAILED TO CONTROL SPEED,No Data,No Data,77304,77304,No,2C3CDXJGXMH562824,19,1 - MALE,N - NOT INJURED,0,1,1 - FRONT LEFT OR MOTORCYCLE DRIVER
20745716,Yes,HUNTSVILLE POLICE DEPARTMENT,25013643,HUNTSVILLE,FAILED TO CONTROL SPEED; FOLLOWED TOO CLOSELY,WALKER,2025-04-07,B - SUSPECTED MINOR INJURY,0,NO DATA,132 - HUNTSVILLE MEMORIAL HOSPITAL,1,,No Data,No Data,No Data,77340,77340,No,1GKKNMLS3KZ130971,46,2 - FEMALE,B - SUSPECTED MINOR INJURY,1,1,1 - FRONT LEFT OR MOTORCYCLE DRIVER
20745716,Yes,HUNTSVILLE POLICE DEPARTMENT,25013643,HUNTSVILLE,FAILED TO CONTROL SPEED; FOLLOWED TOO CLOSELY,WALKER,2025-04-07,B - SUSPECTED MINOR INJURY,0,NO DATA,132 - HUNTSVILLE MEMORIAL HOSPITAL,1,,No Data,No Data,No Data,77035,77035,No,2GNALCEK5G1117215,24,2 - FEMALE,N - NOT INJURED,0,1,1 - FRONT LEFT OR MOTORCYCLE DRIVER
20745717,Yes,HARRIS COUNTY CONSTABLE PRECINCT 8,250400049,PASADENA,CHANGED LANE WHEN UNSAFE; DRIVER INATTENTION,HARRIS,2025-04-07,N - NOT INJURED,0,NO DATA,122 - HCA HOUSTON HEALTHCARE SOUTHEAST,1.662,,4 - CHANGED LANE WHEN UNSAFE,20 - DRIVER INATTENTION,No Data,77536,77536,No,1GTEC14V5XZ534612,21,1 - MALE,N - NOT INJURED,0,1,1 - FRONT LEFT OR MOTORCYCLE DRIVER
20745717,Yes,HARRIS COUNTY CONSTABLE PRECINCT 8,250400049,PASADENA,CHANGED LANE WHEN UNSAFE; DRIVER INATTENTION,HARRIS,2025-04-07,N - NOT INJURED,0,NO DATA,122 - HCA HOUSTON HEALTHCARE SOUTHEAST,1.662,,4 - CHANGED LANE WHEN UNSAFE,20 - DRIVER INATTENTION,No Data,77536,77536,No,1GTEC14V5XZ534612,19,1 - MALE,N - NOT INJURED,0,2,3 - FRONT RIGHT
20745717,Yes,HARRIS COUNTY CONSTABLE PRECINCT 8,250400049,PASADENA,CHANGED LANE WHEN UNSAFE; DRIVER INATTENTION,HARRIS,2025-04-07,N - NOT INJURED,0,NO DATA,122 - HCA HOUSTON HEALTHCARE SOUTHEAST,1.662,,No Data,No Data,No Data,77521,77521,No,1FA6P8CF4K5203389,23,1 - MALE,N - NOT INJURED,0,1,1 - FRONT LEFT OR MOTORCYCLE DRIVER
20745717,Yes,HARRIS COUNTY CONSTABLE PRECINCT 8,250400049,PASADENA,CHANGED LANE WHEN UNSAFE; DRIVER INATTENTION,HARRIS,2025-04-07,N - NOT INJURED,0,NO DATA,122 - HCA HOUSTON HEALTHCARE SOUTHEAST,1.662,,No Data,No Data,No Data,77521,77521,No,1FA6P8CF4K5203389,19,2 - FEMALE,N - NOT INJURED,0,2,3 - FRONT RIGHT
20745720,Yes,SEGUIN POLICE DEPARTMENT,25-P07959,SEGUIN,FAILED TO YIELD RIGHT OF WAY - STOP SIGN,GUADALUPE,2025-04-07,N - NOT INJURED,0,NO DATA,106 - GUADALUPE REGIONAL MEDICAL CENTER,4.071,,35 - FAILED TO YIELD RIGHT OF WAY - STOP SIGN,No Data,No Data,77447,77447,No,2T2BBMCA2RC036060,31,1 - MALE,N - NOT INJURED,0,1,1 - FRONT LEFT OR MOTORCYCLE DRIVER
20745720,Yes,SEGUIN POLICE DEPARTMENT,25-P07959,SEGUIN,FAILED TO YIELD RIGHT OF WAY - STOP SIGN,GUADALUPE,2025-04-07,N - NOT INJURED,0,NO DATA,106 - GUADALUPE REGIONAL MEDICAL CENTER,4.071,,No Data,No Data,No Data,78121,78121,No,3C6UR5TL3MG594117,42,1 - MALE,N - NOT INJURED,0,1,1 - FRONT LEFT OR MOTORCYCLE DRIVER
20745722,Yes,SEGUIN POLICE DEPARTMENT,25-P07951,SEGUIN,FAILED TO CONTROL SPEED,GUADALUPE,2025-04-07,N - NOT INJURED,0,NO DATA,106 - GUADALUPE REGIONAL MEDICAL CENTER,0.832,,22 - FAILED TO CONTROL SPEED,No Data,No Data,78155,78155,No,1GYFK66838R141523,34,2 - FEMALE,N - NOT INJURED,0,1,1 - FRONT LEFT OR MOTORCYCLE DRIVER
20745722,Yes,SEGUIN POLICE DEPARTMENT,25-P07951,SEGUIN,FAILED TO CONTROL SPEED,GUADALUPE,2025-04-07,N - NOT INJURED,0,NO DATA,106 - GUADALUPE REGIONAL MEDICAL CENTER,0.832,,22 - FAILED TO CONTROL SPEED,No Data,No Data,78155,78155,No,1GYFK66838R141523,13,2 - FEMALE,N - NOT INJURED,0,2,3 - FRONT RIGHT
20745722,Yes,SEGUIN POLICE DEPARTMENT,25-P07951,SEGUIN,FAILED TO CONTROL SPEED,GUADALUPE,2025-04-07,N - NOT INJURED,0,NO DATA,106 - GUADALUPE REGIONAL MEDICAL CENTER,0.832,,22 - FAILED TO CONTROL SPEED,No Data,No Data,78155,78155,No,1GYFK66838R141523,11,2 - FEMALE,N - NOT INJURED,0,3,6 - SECOND SEAT RIGHT
20745722,Yes,SEGUIN POLICE DEPARTMENT,25-P07951,SEGUIN,FAILED TO CONTROL SPEED,GUADALUPE,2025-04-07,N - NOT INJURED,0,NO DATA,106 - GUADALUPE REGIONAL MEDICAL CENTER,0.832,,22 - FAILED TO CONTROL SPEED,No Data,No Data,78155,78155,No,1GYFK66838R141523,2,2 - FEMALE,N - NOT INJURED,0,4,4 - SECOND SEAT LEFT OR MOTORCYCLE BACK PASSENGER
20745722,Yes,SEGUIN POLICE DEPARTMENT,25-P07951,SEGUIN,FAILED TO CONTROL SPEED,GUADALUPE,2025-04-07,N - NOT INJURED,0,NO DATA,106 - GUADALUPE REGIONAL MEDICAL CENTER,0.832,,22 - FAILED TO CONTROL SPEED,No Data,No Data,78155,78155,No,1GYFK66838R141523,7,2 - FEMALE,N - NOT INJURED,0,5,7 - THIRD SEAT LEFT
20745722,Yes,SEGUIN POLICE DEPARTMENT,25-P07951,SEGUIN,FAILED TO CONTROL SPEED,GUADALUPE,2025-04-07,N - NOT INJURED,0,NO DATA,106 - GUADALUPE REGIONAL MEDICAL CENTER,0.832,,No Data,No Data,No Data,78155,78155,No,5NPE34AF4JH612004,20,2 - FEMALE,N - NOT INJURED,0,1,1 - FRONT LEFT OR MOTORCYCLE DRIVER
20745726,Yes,SEGUIN POLICE DEPARTMENT,25-P07955,SEGUIN,CHANGED LANE WHEN UNSAFE,GUADALUPE,2025-04-07,N - NOT INJURED,0,NO DATA,106 - GUADALUPE REGIONAL MEDICAL CENTER,0.59,,4 - CHANGED LANE WHEN UNSAFE,No Data,No Data,78009,78009,No,3C6UR5CL5JG184625,29,1 - MALE,N - NOT INJURED,0,1,1 - FRONT LEFT OR MOTORCYCLE DRIVER
20745726,Yes,SEGUIN POLICE DEPARTMENT,25-P07955,SEGUIN,CHANGED LANE WHEN UNSAFE,GUADALUPE,2025-04-07,N - NOT INJURED,0,NO DATA,106 - GUADALUPE REGIONAL MEDICAL CENTER,0.59,,4 - CHANGED LANE WHEN UNSAFE,No Data,No Data,78009,78009,No,3C6UR5CL5JG184625,49,1 - MALE,N - NOT INJURED,0,2,3 - FRONT RIGHT
20745726,Yes,SEGUIN POLICE DEPARTMENT,25-P07955,SEGUIN,CHANGED LANE WHEN UNSAFE,GUADALUPE,2025-04-07,N - NOT INJURED,0,NO DATA,106 - GUADALUPE REGIONAL MEDICAL CENTER,0.59,,No Data,No Data,No Data,78109,78109,No,5NPE24AF4JH618114,41,2 - FEMALE,N - NOT INJURED,0,1,1 - FRONT LEFT OR MOTORCYCLE DRIVER
20745729,Yes,LEAGUE CITY POLICE DEPARTMENT,LCPD25-01825,LEAGUE CITY,FAILED TO CONTROL SPEED; TURNED IMPROPERLY - WIDE RIGHT,GALVESTON,2025-04-07,N - NOT INJURED,0,NO DATA,289 - UTMB HEALTH LEAGUE CITY CAMPUS,2.89,,22 - FAILED TO CONTROL SPEED,64 - TURNED IMPROPERLY - WIDE RIGHT,No Data,77573,77573,No,1C3CCBBB9DN672828,17,1 - MALE,N - NOT INJURED,0,1,1 - FRONT LEFT OR MOTORCYCLE DRIVER
20745739,Yes,HOUSTON POLICE DEPARTMENT,0044687825P,HOUSTON,FAULTY EVASIVE ACTION,HARRIS,2025-04-07,N - NOT INJURED,0,NO DATA,No Data,No Data,F,41 - FAULTY EVASIVE ACTION,No Data,No Data,,No Data,No,1FA6P8TH1M5148520,20,1 - MALE,N - NOT INJURED,0,1,1 - FRONT LEFT OR MOTORCYCLE DRIVER
20745739,Yes,HOUSTON POLICE DEPARTMENT,0044687825P,HOUSTON,FAULTY EVASIVE ACTION,HARRIS,2025-04-07,N - NOT INJURED,0,NO DATA,No Data,No Data,F,41 - FAULTY EVASIVE ACTION,No Data,No Data,,No Data,No,1FA6P8TH1M5148520,18,1 - MALE,N - NOT INJURED,0,2,3 - FRONT RIGHT
20745739,Yes,HOUSTON POLICE DEPARTMENT,0044687825P,HOUSTON,FAULTY EVASIVE ACTION,HARRIS,2025-04-07,N - NOT INJURED,0,NO DATA,No Data,No Data,F,41 - FAULTY EVASIVE ACTION,No Data,No Data,,No Data,No,1FA6P8TH1M5148520,15,1 - MALE,N - NOT INJURED,0,3,4 - SECOND SEAT LEFT OR MOTORCYCLE BACK PASSENGER
20745739,Yes,HOUSTON POLICE DEPARTMENT,0044687825P,HOUSTON,FAULTY EVASIVE ACTION,HARRIS,2025-04-07,N - NOT INJURED,0,NO DATA,No Data,No Data,F,41 - FAULTY EVASIVE ACTION,No Data,No Data,,No Data,No,1FA6P8TH1M5148520,18,1 - MALE,N - NOT INJURED,0,4,6 - SECOND SEAT RIGHT
20745739,Yes,HOUSTON POLICE DEPARTMENT,0044687825P,HOUSTON,FAULTY EVASIVE ACTION,HARRIS,2025-04-07,N - NOT INJURED,0,NO DATA,No Data,No Data,F,No Data,No Data,No Data,,No Data,Yes,5NPDH4AE4DH295365,No Data,99 - UNKNOWN,99 - UNKNOWN,0,1,99 - UNKNOWN
20745746,Yes,BOERNE POLICE DEPARTMENT,B2501352,BOERNE,FAULTY EVASIVE ACTION,KENDALL,2025-04-07,N - NOT INJURED,0,NO DATA,196 - NORTH CENTRAL BAPTIST HOSPITAL,16.731,,41 - FAULTY EVASIVE ACTION,No Data,No Data,78250,78250,No,3N1AB8DV1PY283241,43,1 - MALE,N - NOT INJURED,0,1,1 - FRONT LEFT OR MOTORCYCLE DRIVER
20745761,No,SAN ANTONIO POLICE DEPARTMENT,SAPD25068911,SAN ANTONIO,CHANGED LANE WHEN UNSAFE;FAILED TO YIELD RIGHT OF WAY - TURNING LEFT,BEXAR,2025-04-07,N - NOT INJURED,0,NO DATA,181 - METHODIST SPECIALTY & TRANSPLANT HOSPITAL,1.238,70,37 - FAILED TO YIELD RIGHT OF WAY - TURNING LEFT,4 - CHANGED LANE WHEN UNSAFE,No Data,78154,78154,No,5YFBURHE1KP860533,31,2 - FEMALE,N - NOT INJURED,0,1,1 - FRONT LEFT OR MOTORCYCLE DRIVER
20745761,No,SAN ANTONIO POLICE DEPARTMENT,SAPD25068911,SAN ANTONIO,CHANGED LANE WHEN UNSAFE;FAILED TO YIELD RIGHT OF WAY - TURNING LEFT,BEXAR,2025-04-07,N - NOT INJURED,0,NO DATA,181 - METHODIST SPECIALTY & TRANSPLANT HOSPITAL,1.238,70,No Data,No Data,No Data,78240,78240,No,1FTEX1CPXKKC67346,70,1 - MALE,N - NOT INJURED,0,1,1 - FRONT LEFT OR MOTORCYCLE DRIVER
20745766,Yes,SAN ANTONIO POLICE DEPARTMENT,sapd25068977,SAN ANTONIO,DRIVER INATTENTION,BEXAR,2025-04-07,N - NOT INJURED,0,NO DATA,"185 - METHODIST TEXSAN HOSPITAL, A METHODIST HOSPITAL FACILITY",0.533,70,20 - DRIVER INATTENTION,No Data,No Data,,78218,Yes,1FTYR10U92PA72584,No Data,99 - UNKNOWN,99 - UNKNOWN,0,1,1 - FRONT LEFT OR MOTORCYCLE DRIVER
20745766,Yes,SAN ANTONIO POLICE DEPARTMENT,sapd25068977,SAN ANTONIO,DRIVER INATTENTION,BEXAR,2025-04-07,N - NOT INJURED,0,NO DATA,"185 - METHODIST TEXSAN HOSPITAL, A METHODIST HOSPITAL FACILITY",0.533,70,No Data,No Data,No Data,78065,78065,No,1GTEK19T47Z117086,53,2 - FEMALE,N - NOT INJURED,0,1,1 - FRONT LEFT OR MOTORCYCLE DRIVER
20745772,Yes,SAN ANTONIO POLICE DEPARTMENT,SAPD25069060,SAN ANTONIO,DRIVER INATTENTION,BEXAR,2025-04-07,N - NOT INJURED,0,NO DATA,187 - MISSION TRAIL BAPTIST HOSPITAL,8.079,60,20 - DRIVER INATTENTION,No Data,No Data,78242,78242,No,1GKEC13Z24J272311,51,1 - MALE,N - NOT INJURED,0,1,1 - FRONT LEFT OR MOTORCYCLE DRIVER
20745772,Yes,SAN ANTONIO POLICE DEPARTMENT,SAPD25069060,SAN ANTONIO,DRIVER INATTENTION,BEXAR,2025-04-07,N - NOT INJURED,0,NO DATA,187 - MISSION TRAIL BAPTIST HOSPITAL,8.079,60,No Data,No Data,No Data,78026,78759,No,1FT7W2BT6JEC56194,28,1 - MALE,N - NOT INJURED,0,1,1 - FRONT LEFT OR MOTORCYCLE DRIVER
20745772,Yes,SAN ANTONIO POLICE DEPARTMENT,SAPD25069060,SAN ANTONIO,DRIVER INATTENTION,BEXAR,2025-04-07,N - NOT INJURED,0,NO DATA,187 - MISSION TRAIL BAPTIST HOSPITAL,8.079,60,No Data,No Data,No Data,78026,78759,No,1FT7W2BT6JEC56194,26,2 - FEMALE,N - NOT INJURED,0,2,3 - FRONT RIGHT
20745772,Yes,SAN ANTONIO POLICE DEPARTMENT,SAPD25069060,SAN ANTONIO,DRIVER INATTENTION,BEXAR,2025-04-07,N - NOT INJURED,0,NO DATA,187 - MISSION TRAIL BAPTIST HOSPITAL,8.079,60,No Data,No Data,No Data,78026,78759,No,1FT7W2BT6JEC56194,7,1 - MALE,N - NOT INJURED,0,3,4 - SECOND SEAT LEFT OR MOTORCYCLE BACK PASSENGER
20745772,Yes,SAN ANTONIO POLICE DEPARTMENT,SAPD25069060,SAN ANTONIO,DRIVER INATTENTION,BEXAR,2025-04-07,N - NOT INJURED,0,NO DATA,187 - MISSION TRAIL BAPTIST HOSPITAL,8.079,60,No Data,No Data,No Data,78026,78759,No,1FT7W2BT6JEC56194,3,1 - MALE,N - NOT INJURED,0,4,6 - SECOND SEAT RIGHT
20745785,Yes,EL PASO POLICE DEPARTMENT,25097213,EL PASO,FAILED TO YIELD RIGHT OF WAY - OPEN INTERSECTION,EL PASO,2025-04-07,N - NOT INJURED,0,NO DATA,275 - THE HOSPITALS OF PROVIDENCE TRANSMOUNTAIN CAMPUS,3.95,,33 - FAILED TO YIELD RIGHT OF WAY - OPEN INTERSECTION,No Data,No Data,79912,79912,No,5XXGT4L31KG296215,24,2 - FEMALE,N - NOT INJURED,0,1,1 - FRONT LEFT OR MOTORCYCLE DRIVER
20745785,Yes,EL PASO POLICE DEPARTMENT,25097213,EL PASO,FAILED TO YIELD RIGHT OF WAY - OPEN INTERSECTION,EL PASO,2025-04-07,N - NOT INJURED,0,NO DATA,275 - THE HOSPITALS OF PROVIDENCE TRANSMOUNTAIN CAMPUS,3.95,,No Data,No Data,No Data,79912,79912,No,1G1RC6S58HU167004,45,1 - MALE,N - NOT INJURED,0,1,1 - FRONT LEFT OR MOTORCYCLE DRIVER
20745787,Yes,HOUSTON POLICE DEPARTMENT,0044295025N,HOUSTON,FOLLOWED TOO CLOSELY,HARRIS,2025-04-07,B - SUSPECTED MINOR INJURY,0,NO DATA,242 - ST. JOSEPH MEDICAL CENTER,2.953,A,No Data,No Data,No Data,77007,77007,No,WP1AA2A59PLB00970,29,2 - FEMALE,B - SUSPECTED MINOR INJURY,1,1,1 - FRONT LEFT OR MOTORCYCLE DRIVER
20745787,Yes,HOUSTON POLICE DEPARTMENT,0044295025N,HOUSTON,FOLLOWED TOO CLOSELY,HARRIS,2025-04-07,B - SUSPECTED MINOR INJURY,0,NO DATA,242 - ST. JOSEPH MEDICAL CENTER,2.953,A,No Data,No Data,No Data,77474,77474,No,ZASFAKPN9J7B85752,58,1 - MALE,N - NOT INJURED,0,1,1 - FRONT LEFT OR MOTORCYCLE DRIVER
20745789,Yes,EL PASO POLICE DEPARTMENT,25-097211,EL PASO,OVERSIZED VEHICLE OR LOAD,EL PASO,2025-04-07,N - NOT INJURED,0,NO DATA,275 - THE HOSPITALS OF PROVIDENCE TRANSMOUNTAIN CAMPUS,2.577,,52 - OVERSIZED VEHICLE OR LOAD,No Data,No Data,30734,32224,No,1XP5D69X8YN499477,69,1 - MALE,N - NOT INJURED,0,1,1 - FRONT LEFT OR MOTORCYCLE DRIVER
20745789,Yes,EL PASO POLICE DEPARTMENT,25-097211,EL PASO,OVERSIZED VEHICLE OR LOAD,EL PASO,2025-04-07,N - NOT INJURED,0,NO DATA,275 - THE HOSPITALS OF PROVIDENCE TRANSMOUNTAIN CAMPUS,2.577,,52 - OVERSIZED VEHICLE OR LOAD,No Data,No Data,79821,79821,No,W04GS56552J110854,53,1 - MALE,N - NOT INJURED,0,1,1 - FRONT LEFT OR MOTORCYCLE DRIVER
20745798,Yes,DALLAS POLICE DEPARTMENT,48401-2025,DUNCANVILLE,FAILED TO YIELD RIGHT OF WAY - TURNING LEFT;IMPAIRED VISIBILITY (EXPLAIN IN NARRATIVE),DALLAS,2025-04-07,C - POSSIBLE INJURY,0,NO DATA,177 - METHODIST CHARLTON MEDICAL CENTER,0.516,,37 - FAILED TO YIELD RIGHT OF WAY - TURNING LEFT,48 - IMPAIRED VISIBILITY (EXPLAIN IN NARRATIVE),No Data,75181,75116,No,2G1WA5E36C1170338,31,2 - FEMALE,C - POSSIBLE INJURY,0,1,1 - FRONT LEFT OR MOTORCYCLE DRIVER
20745798,Yes,DALLAS POLICE DEPARTMENT,48401-2025,DUNCANVILLE,FAILED TO YIELD RIGHT OF WAY - TURNING LEFT;IMPAIRED VISIBILITY (EXPLAIN IN NARRATIVE),DALLAS,2025-04-07,C - POSSIBLE INJURY,0,NO DATA,177 - METHODIST CHARLTON MEDICAL CENTER,0.516,,No Data,No Data,No Data,76120,76120,No,KNDPM3AC1L7709657,42,2 - FEMALE,N - NOT INJURED,0,1,1 - FRONT LEFT OR MOTORCYCLE DRIVER
20745799,Yes,EL PASO COUNTY SHERIFF'S OFFICE,202504571,OUTSIDE CITY LIMITS,FAILED TO CONTROL SPEED;FAILED TO YIELD RIGHT OF WAY - STOP SIGN,EL PASO,2025-04-07,B - SUSPECTED MINOR INJURY,0,NO DATA,261 - THE HOSPITALS OF PROVIDENCE EAST CAMPUS,1.939,,No Data,No Data,No Data,,No Data,Yes,No Data,No Data,99 - UNKNOWN,99 - UNKNOWN,0,1,1 - FRONT LEFT OR MOTORCYCLE DRIVER
20745799,Yes,EL PASO COUNTY SHERIFF'S OFFICE,202504571,OUTSIDE CITY LIMITS,FAILED TO CONTROL SPEED;FAILED TO YIELD RIGHT OF WAY - STOP SIGN,EL PASO,2025-04-07,B - SUSPECTED MINOR INJURY,0,NO DATA,261 - THE HOSPITALS OF PROVIDENCE EAST CAMPUS,1.939,,No Data,No Data,No Data,79927,79927,No,1FTRX14W44NB31724,63,1 - MALE,B - SUSPECTED MINOR INJURY,1,1,1 - FRONT LEFT OR MOTORCYCLE DRIVER
20745802,Yes,SAN ANTONIO POLICE DEPARTMENT,SAPD25069019,SAN ANTONIO,OTHER (EXPLAIN IN NARRATIVE),BEXAR,2025-04-07,N - NOT INJURED,0,NO DATA,54 - CHRISTUS SANTA ROSA HOSPITAL - MEDICAL CENTER,5.026,70,98 - OTHER (EXPLAIN IN NARRATIVE),No Data,No Data,78112,78223,No,2HGFG128X7H511186,29,1 - MALE,N - NOT INJURED,0,1,1 - FRONT LEFT OR MOTORCYCLE DRIVER
20745802,Yes,SAN ANTONIO POLICE DEPARTMENT,SAPD25069019,SAN ANTONIO,OTHER (EXPLAIN IN NARRATIVE),BEXAR,2025-04-07,N - NOT INJURED,0,NO DATA,54 - CHRISTUS SANTA ROSA HOSPITAL - MEDICAL CENTER,5.026,70,98 - OTHER (EXPLAIN IN NARRATIVE),No Data,No Data,78001,78006,No,WBA13AG09MCG23838,41,2 - FEMALE,N - NOT INJURED,0,1,1 - FRONT LEFT OR MOTORCYCLE DRIVER
20745838,Yes,"DEPARTMENT OF PUBLIC SAFETY, STATE OF TEXAS",TX25-541786,OUTSIDE CITY LIMITS,FAILED TO CONTROL SPEED,WARD,2025-04-07,A - SUSPECTED SERIOUS INJURY,0,NO DATA,294 - WARD MEMORIAL HOSPITAL,2.786,4A,No Data,No Data,No Data,33179,79705,No,1XKYDP9X2HJ175554,36,1 - MALE,N - NOT INJURED,0,1,1 - FRONT LEFT OR MOTORCYCLE DRIVER
20745838,Yes,"DEPARTMENT OF PUBLIC SAFETY, STATE OF TEXAS",TX25-541786,OUTSIDE CITY LIMITS,FAILED TO CONTROL SPEED,WARD,2025-04-07,A - SUSPECTED SERIOUS INJURY,0,NO DATA,294 - WARD MEMORIAL HOSPITAL,2.786,4A,No Data,No Data,No Data,33179,79705,No,1XKYDP9X2HJ175554,35,2 - FEMALE,N - NOT INJURED,0,2,3 - FRONT RIGHT
20745838,Yes,"DEPARTMENT OF PUBLIC SAFETY, STATE OF TEXAS",TX25-541786,OUTSIDE CITY LIMITS,FAILED TO CONTROL SPEED,WARD,2025-04-07,A - SUSPECTED SERIOUS INJURY,0,NO DATA,294 - WARD MEMORIAL HOSPITAL,2.786,4A,22 - FAILED TO CONTROL SPEED,No Data,No Data,75160,79772,No,1FTMF1CB1JKF19227,20,1 - MALE,A - SUSPECTED SERIOUS INJURY,0,1,1 - FRONT LEFT OR MOTORCYCLE DRIVER
20745844,Yes,DALLAS POLICE DEPARTMENT,48478-2025,DALLAS,FAILED TO YIELD RIGHT OF WAY - TURNING LEFT;IMPAIRED VISIBILITY (EXPLAIN IN NARRATIVE),DALLAS,2025-04-07,A - SUSPECTED SERIOUS INJURY,0,NO DATA,297 - WILLIAM P. CLEMENTS UNIVERSITY HOSPITAL,2.226,,37 - FAILED TO YIELD RIGHT OF WAY - TURNING LEFT,48 - IMPAIRED VISIBILITY (EXPLAIN IN NARRATIVE),No Data,75223,75235,No,1GC1WLE76LF265937,59,1 - MALE,N - NOT INJURED,0,1,1 - FRONT LEFT OR MOTORCYCLE DRIVER
20745844,Yes,DALLAS POLICE DEPARTMENT,48478-2025,DALLAS,FAILED TO YIELD RIGHT OF WAY - TURNING LEFT;IMPAIRED VISIBILITY (EXPLAIN IN NARRATIVE),DALLAS,2025-04-07,A - SUSPECTED SERIOUS INJURY,0,NO DATA,297 - WILLIAM P. CLEMENTS UNIVERSITY HOSPITAL,2.226,,37 - FAILED TO YIELD RIGHT OF WAY - TURNING LEFT,48 - IMPAIRED VISIBILITY (EXPLAIN IN NARRATIVE),No Data,75223,75235,No,1GC1WLE76LF265937,22,1 - MALE,C - POSSIBLE INJURY,0,2,4 - SECOND SEAT LEFT OR MOTORCYCLE BACK PASSENGER
20745844,Yes,DALLAS POLICE DEPARTMENT,48478-2025,DALLAS,FAILED TO YIELD RIGHT OF WAY - TURNING LEFT;IMPAIRED VISIBILITY (EXPLAIN IN NARRATIVE),DALLAS,2025-04-07,A - SUSPECTED SERIOUS INJURY,0,NO DATA,297 - WILLIAM P. CLEMENTS UNIVERSITY HOSPITAL,2.226,,37 - FAILED TO YIELD RIGHT OF WAY - TURNING LEFT,48 - IMPAIRED VISIBILITY (EXPLAIN IN NARRATIVE),No Data,75223,75235,No,1GC1WLE76LF265937,23,1 - MALE,C - POSSIBLE INJURY,0,3,3 - FRONT RIGHT
20745844,Yes,DALLAS POLICE DEPARTMENT,48478-2025,DALLAS,FAILED TO YIELD RIGHT OF WAY - TURNING LEFT;IMPAIRED VISIBILITY (EXPLAIN IN NARRATIVE),DALLAS,2025-04-07,A - SUSPECTED SERIOUS INJURY,0,NO DATA,297 - WILLIAM P. CLEMENTS UNIVERSITY HOSPITAL,2.226,,37 - FAILED TO YIELD RIGHT OF WAY - TURNING LEFT,48 - IMPAIRED VISIBILITY (EXPLAIN IN NARRATIVE),No Data,75223,75235,No,1GC1WLE76LF265937,21,1 - MALE,C - POSSIBLE INJURY,0,4,6 - SECOND SEAT RIGHT
20745844,Yes,DALLAS POLICE DEPARTMENT,48478-2025,DALLAS,FAILED TO YIELD RIGHT OF WAY - TURNING LEFT;IMPAIRED VISIBILITY (EXPLAIN IN NARRATIVE),DALLAS,2025-04-07,A - SUSPECTED SERIOUS INJURY,0,NO DATA,297 - WILLIAM P. CLEMENTS UNIVERSITY HOSPITAL,2.226,,No Data,No Data,No Data,75209,75209,No,MLHPC6351N5300699,23,1 - MALE,A - SUSPECTED SERIOUS INJURY,0,1,1 - FRONT LEFT OR MOTORCYCLE DRIVER
20745850,Yes,"DEPARTMENT OF PUBLIC SAFETY, STATE OF TEXAS",25-538668,OUTSIDE CITY LIMITS,ILL (EXPLAIN IN NARRATIVE),FANNIN,2025-04-07,A - SUSPECTED SERIOUS INJURY,0,NO DATA,269 - TMC BONHAM HOSPITAL,4.283,1D,47 - ILL (EXPLAIN IN NARRATIVE),No Data,No Data,74859,74859,No,1C6RD6FT0CS212445,48,1 - MALE,A - SUSPECTED SERIOUS INJURY,0,1,1 - FRONT LEFT OR MOTORCYCLE DRIVER
20745850,Yes,"DEPARTMENT OF PUBLIC SAFETY, STATE OF TEXAS",25-538668,OUTSIDE CITY LIMITS,ILL (EXPLAIN IN NARRATIVE),FANNIN,2025-04-07,A - SUSPECTED SERIOUS INJURY,0,NO DATA,269 - TMC BONHAM HOSPITAL,4.283,1D,47 - ILL (EXPLAIN IN NARRATIVE),No Data,No Data,74859,74859,No,1C6RD6FT0CS212445,32,1 - MALE,A - SUSPECTED SERIOUS INJURY,0,2,3 - FRONT RIGHT
20745856,Yes,HOUSTON POLICE DEPARTMENT,0044594025N,HOUSTON,CHANGED LANE WHEN UNSAFE,HARRIS,2025-04-07,N - NOT INJURED,0,NO DATA,118 - HCA HOUSTON HEALTHCARE KINGWOOD,4.192,C,4 - CHANGED LANE WHEN UNSAFE,No Data,No Data,77339,77339,No,1C4RDHDG8PC589597,18,2 - FEMALE,N - NOT INJURED,0,1,1 - FRONT LEFT OR MOTORCYCLE DRIVER
20745856,Yes,HOUSTON POLICE DEPARTMENT,0044594025N,HOUSTON,CHANGED LANE WHEN UNSAFE,HARRIS,2025-04-07,N - NOT INJURED,0,NO DATA,118 - HCA HOUSTON HEALTHCARE KINGWOOD,4.192,C,No Data,No Data,No Data,77346,77346,No,4JGDF6EE0HA876320,34,2 - FEMALE,N - NOT INJURED,0,1,1 - FRONT LEFT OR MOTORCYCLE DRIVER
20745865,Yes,HOUSTON POLICE DEPARTMENT,0044674825P,HOUSTON,FAILED TO CONTROL SPEED,HARRIS,2025-04-07,99 - UNKNOWN,0,NO DATA,242 - ST. JOSEPH MEDICAL CENTER,5.746,D,22 - FAILED TO CONTROL SPEED,No Data,No Data,,No Data,Yes,No Data,No Data,1 - MALE,99 - UNKNOWN,0,1,1 - FRONT LEFT OR MOTORCYCLE DRIVER
20745865,Yes,HOUSTON POLICE DEPARTMENT,0044674825P,HOUSTON,FAILED TO CONTROL SPEED,HARRIS,2025-04-07,99 - UNKNOWN,0,NO DATA,242 - ST. JOSEPH MEDICAL CENTER,5.746,D,No Data,No Data,No Data,77091,77091,No,1C6RR6LT0HS855518,50,1 - MALE,99 - UNKNOWN,0,1,1 - FRONT LEFT OR MOTORCYCLE DRIVER
20745867,Yes,DONNA POLICE DEPARTMENT,25-004607,DONNA,FAILED TO YIELD RIGHT OF WAY - STOP SIGN,HIDALGO,2025-04-07,N - NOT INJURED,0,NO DATA,137 - KNAPP MEDICAL CENTER,4.393,,35 - FAILED TO YIELD RIGHT OF WAY - STOP SIGN,No Data,No Data,78537,78537,No,3FA6P0HD1JR267247,36,1 - MALE,N - NOT INJURED,0,1,1 - FRONT LEFT OR MOTORCYCLE DRIVER
20745867,Yes,DONNA POLICE DEPARTMENT,25-004607,DONNA,FAILED TO YIELD RIGHT OF WAY - STOP SIGN,HIDALGO,2025-04-07,N - NOT INJURED,0,NO DATA,137 - KNAPP MEDICAL CENTER,4.393,,35 - FAILED TO YIELD RIGHT OF WAY - STOP SIGN,No Data,No Data,78537,78537,No,3FA6P0HD1JR267247,15,2 - FEMALE,N - NOT INJURED,0,2,3 - FRONT RIGHT
20745867,Yes,DONNA POLICE DEPARTMENT,25-004607,DONNA,FAILED TO YIELD RIGHT OF WAY - STOP SIGN,HIDALGO,2025-04-07,N - NOT INJURED,0,NO DATA,137 - KNAPP MEDICAL CENTER,4.393,,35 - FAILED TO YIELD RIGHT OF WAY - STOP SIGN,No Data,No Data,78537,78537,No,3FA6P0HD1JR267247,3,2 - FEMALE,N - NOT INJURED,0,3,4 - SECOND SEAT LEFT OR MOTORCYCLE BACK PASSENGER
20745867,Yes,DONNA POLICE DEPARTMENT,25-004607,DONNA,FAILED TO YIELD RIGHT OF WAY - STOP SIGN,HIDALGO,2025-04-07,N - NOT INJURED,0,NO DATA,137 - KNAPP MEDICAL CENTER,4.393,,No Data,No Data,No Data,78541,78543,No,3AKJGND69FDGJ8327,59,1 - MALE,N - NOT INJURED,0,1,1 - FRONT LEFT OR MOTORCYCLE DRIVER
20745901,Yes,SAN ANTONIO POLICE DEPARTMENT,SAPD25069116,SAN ANTONIO,BACKED WITHOUT SAFETY,BEXAR,2025-04-07,99 - UNKNOWN,0,NO DATA,No Data,No Data,50,3 - BACKED WITHOUT SAFETY,No Data,No Data,,No Data,Yes,No Data,No Data,99 - UNKNOWN,99 - UNKNOWN,0,1,1 - FRONT LEFT OR MOTORCYCLE DRIVER
20745908,Yes,"DEPARTMENT OF PUBLIC SAFETY, STATE OF TEXAS",TX2025-537144,OUTSIDE CITY LIMITS,CHANGED LANE WHEN UNSAFE,CHAMBERS,2025-04-07,B - SUSPECTED MINOR INJURY,0,NO DATA,122 - HCA HOUSTON HEALTHCARE SOUTHEAST,23.995,2B,4 - CHANGED LANE WHEN UNSAFE,No Data,No Data,70503,70503,No,5N1AT2MT6GC919419,57,2 - FEMALE,N - NOT INJURED,0,1,1 - FRONT LEFT OR MOTORCYCLE DRIVER
20745908,Yes,"DEPARTMENT OF PUBLIC SAFETY, STATE OF TEXAS",TX2025-537144,OUTSIDE CITY LIMITS,CHANGED LANE WHEN UNSAFE,CHAMBERS,2025-04-07,B - SUSPECTED MINOR INJURY,0,NO DATA,122 - HCA HOUSTON HEALTHCARE SOUTHEAST,23.995,2B,4 - CHANGED LANE WHEN UNSAFE,No Data,No Data,70503,70503,No,5N1AT2MT6GC919419,61,2 - FEMALE,N - NOT INJURED,0,2,3 - FRONT RIGHT
20745908,Yes,"DEPARTMENT OF PUBLIC SAFETY, STATE OF TEXAS",TX2025-537144,OUTSIDE CITY LIMITS,CHANGED LANE WHEN UNSAFE,CHAMBERS,2025-04-07,B - SUSPECTED MINOR INJURY,0,NO DATA,122 - HCA HOUSTON HEALTHCARE SOUTHEAST,23.995,2B,No Data,No Data,No Data,77521,77521,No,WBA13AW07RFP88341,43,1 - MALE,B - SUSPECTED MINOR INJURY,1,1,1 - FRONT LEFT OR MOTORCYCLE DRIVER
20745917,Yes,"DEPARTMENT OF PUBLIC SAFETY, STATE OF TEXAS",TX25-542056,OUTSIDE CITY LIMITS,OTHER (EXPLAIN IN NARRATIVE),POTTER,2025-04-07,N - NOT INJURED,0,NO DATA,31 - BSA HOSPITAL,2.075,5B,98 - OTHER (EXPLAIN IN NARRATIVE),No Data,No Data,79119,79119,No,JM3KKAHD3S1212590,37,1 - MALE,N - NOT INJURED,0,1,1 - FRONT LEFT OR MOTORCYCLE DRIVER
20745930,Yes,HARRIS COUNTY CONSTABLE PRECINCT 3,2504-00155,OUTSIDE CITY LIMITS,FAILED TO PASS TO RIGHT SAFELY,HARRIS,2025-04-07,N - NOT INJURED,0,NO DATA,118 - HCA HOUSTON HEALTHCARE KINGWOOD,9.448,,No Data,No Data,No Data,77044,77044,No,3VW7M7BU2PM038913,17,2 - FEMALE,N - NOT INJURED,0,1,1 - FRONT LEFT OR MOTORCYCLE DRIVER
20745930,Yes,HARRIS COUNTY CONSTABLE PRECINCT 3,2504-00155,OUTSIDE CITY LIMITS,FAILED TO PASS TO RIGHT SAFELY,HARRIS,2025-04-07,N - NOT INJURED,0,NO DATA,118 - HCA HOUSTON HEALTHCARE KINGWOOD,9.448,,No Data,No Data,No Data,77044,77016,No,1G1FH1R79J0141670,29,1 - MALE,N - NOT INJURED,0,1,1 - FRONT LEFT OR MOTORCYCLE DRIVER
20745938,No,KATY POLICE DEPARTMENT,2025-11102,OUTSIDE CITY LIMITS,FAILED TO CONTROL SPEED; FOLLOWED TOO CLOSELY,HARRIS,2025-04-07,N - NOT INJURED,0,NO DATA,164 - MEMORIAL HERMANN KATY HOSPITAL,0.978,,44 - FOLLOWED TOO CLOSELY,22 - FAILED TO CONTROL SPEED,No Data,77493,77493,No,1GNDT13S142297910,63,1 - MALE,N - NOT INJURED,0,1,1 - FRONT LEFT OR MOTORCYCLE DRIVER
20745938,No,KATY POLICE DEPARTMENT,2025-11102,OUTSIDE CITY LIMITS,FAILED TO CONTROL SPEED; FOLLOWED TOO CLOSELY,HARRIS,2025-04-07,N - NOT INJURED,0,NO DATA,164 - MEMORIAL HERMANN KATY HOSPITAL,0.978,,No Data,No Data,No Data,77493,77449,No,1GNSKEKL2NR318655,59,2 - FEMALE,N - NOT INJURED,0,1,1 - FRONT LEFT OR MOTORCYCLE DRIVER
20745939,Yes,TYLER POLICE DEPARTMENT,25-004984,TYLER,FAILED TO YIELD RIGHT OF WAY - STOP SIGN,SMITH,2025-04-07,N - NOT INJURED,0,NO DATA,288 - UT HEALTH EAST TEXAS TYLER REGIONAL HOSPITAL,1.005,,35 - FAILED TO YIELD RIGHT OF WAY - STOP SIGN,No Data,No Data,75707,75707,No,5N1BT3BA2RC731883,31,2 - FEMALE,N - NOT INJURED,0,1,1 - FRONT LEFT OR MOTORCYCLE DRIVER
20745939,Yes,TYLER POLICE DEPARTMENT,25-004984,TYLER,FAILED TO YIELD RIGHT OF WAY - STOP SIGN,SMITH,2025-04-07,N - NOT INJURED,0,NO DATA,288 - UT HEALTH EAST TEXAS TYLER REGIONAL HOSPITAL,1.005,,35 - FAILED TO YIELD RIGHT OF WAY - STOP SIGN,No Data,No Data,75707,75707,No,5N1BT3BA2RC731883,13,2 - FEMALE,N - NOT INJURED,0,2,3 - FRONT RIGHT
20745939,Yes,TYLER POLICE DEPARTMENT,25-004984,TYLER,FAILED TO YIELD RIGHT OF WAY - STOP SIGN,SMITH,2025-04-07,N - NOT INJURED,0,NO DATA,288 - UT HEALTH EAST TEXAS TYLER REGIONAL HOSPITAL,1.005,,No Data,No Data,No Data,75701,75701,No,3GNAXWEG1PS163422,45,2 - FEMALE,N - NOT INJURED,0,1,1 - FRONT LEFT OR MOTORCYCLE DRIVER
20745939,Yes,TYLER POLICE DEPARTMENT,25-004984,TYLER,FAILED TO YIELD RIGHT OF WAY - STOP SIGN,SMITH,2025-04-07,N - NOT INJURED,0,NO DATA,288 - UT HEALTH EAST TEXAS TYLER REGIONAL HOSPITAL,1.005,,No Data,No Data,No Data,75701,75701,No,3GNAXWEG1PS163422,8,1 - MALE,N - NOT INJURED,0,2,6 - SECOND SEAT RIGHT
20745945,Yes,SAN ANTONIO POLICE DEPARTMENT,SAPD25069891,SAN ANTONIO,FOLLOWED TOO CLOSELY,BEXAR,2025-04-07,N - NOT INJURED,0,NO DATA,181 - METHODIST SPECIALTY & TRANSPLANT HOSPITAL,2.282,30,44 - FOLLOWED TOO CLOSELY,No Data,No Data,,78258,Yes,1GNSCJKC1FR297014,No Data,99 - UNKNOWN,99 - UNKNOWN,0,1,1 - FRONT LEFT OR MOTORCYCLE DRIVER
20745945,Yes,SAN ANTONIO POLICE DEPARTMENT,SAPD25069891,SAN ANTONIO,FOLLOWED TOO CLOSELY,BEXAR,2025-04-07,N - NOT INJURED,0,NO DATA,181 - METHODIST SPECIALTY & TRANSPLANT HOSPITAL,2.282,30,No Data,No Data,No Data,78258,78258,No,3MW5R1J04L8B08936,18,1 - MALE,N - NOT INJURED,0,1,1 - FRONT LEFT OR MOTORCYCLE DRIVER
20745948,No,SAN ANTONIO POLICE DEPARTMENT,SAPD25069287,SAN ANTONIO,FAILED TO DRIVE IN SINGLE LANE,BEXAR,2025-04-07,N - NOT INJURED,0,NO DATA,196 - NORTH CENTRAL BAPTIST HOSPITAL,1.477,30,23 - FAILED TO DRIVE IN SINGLE LANE,No Data,No Data,,78232,Yes,1N4AL21E37C126689,No Data,99 - UNKNOWN,99 - UNKNOWN,0,1,1 - FRONT LEFT OR MOTORCYCLE DRIVER
20745948,No,SAN ANTONIO POLICE DEPARTMENT,SAPD25069287,SAN ANTONIO,FAILED TO DRIVE IN SINGLE LANE,BEXAR,2025-04-07,N - NOT INJURED,0,NO DATA,196 - NORTH CENTRAL BAPTIST HOSPITAL,1.477,30,No Data,No Data,No Data,78258,78258,No,1GNSKHKC2KR289266,79,1 - MALE,N - NOT INJURED,0,1,1 - FRONT LEFT OR MOTORCYCLE DRIVER
20745949,Yes,SAN ANTONIO POLICE DEPARTMENT,SAPD25069294,SAN ANTONIO,DISREGARD STOP AND GO SIGNAL,BEXAR,2025-04-07,N - NOT INJURED,0,NO DATA,196 - NORTH CENTRAL BAPTIST HOSPITAL,1.694,30,15 - DISREGARD STOP AND GO SIGNAL,No Data,No Data,78258,78258,No,5N1AN0NW0CC522418,17,1 - MALE,N - NOT INJURED,0,1,1 - FRONT LEFT OR MOTORCYCLE DRIVER
20745949,Yes,SAN ANTONIO POLICE DEPARTMENT,SAPD25069294,SAN ANTONIO,DISREGARD STOP AND GO SIGNAL,BEXAR,2025-04-07,N - NOT INJURED,0,NO DATA,196 - NORTH CENTRAL BAPTIST HOSPITAL,1.694,30,No Data,No Data,No Data,78258,78258,No,1FTEW1EGXJKD18696,49,1 - MALE,N - NOT INJURED,0,1,1 - FRONT LEFT OR MOTORCYCLE DRIVER
20745952,Yes,EL PASO POLICE DEPARTMENT,25-098003,EL PASO,OTHER (EXPLAIN IN NARRATIVE),EL PASO,2025-04-07,A - SUSPECTED SERIOUS INJURY,0,NO DATA,No Data,No Data,,98 - OTHER (EXPLAIN IN NARRATIVE),No Data,No Data,,No Data,Yes,No Data,No Data,1 - MALE,99 - UNKNOWN,0,1,1 - FRONT LEFT OR MOTORCYCLE DRIVER
20745952,Yes,EL PASO POLICE DEPARTMENT,25-098003,EL PASO,OTHER (EXPLAIN IN NARRATIVE),EL PASO,2025-04-07,A - SUSPECTED SERIOUS INJURY,0,NO DATA,No Data,No Data,,No Data,No Data,No Data,No Data,No Data,No Data,No Data,25,2 - FEMALE,A - SUSPECTED SERIOUS INJURY,0,1,"16 - PEDESTRIAN, PEDALCYCLIST, OR MOTORIZED CONVEYANCE"
20745964,Yes,SAN ANTONIO POLICE DEPARTMENT,SAPD25069317,SAN ANTONIO,FOLLOWED TOO CLOSELY,BEXAR,2025-04-07,N - NOT INJURED,0,NO DATA,196 - NORTH CENTRAL BAPTIST HOSPITAL,0.817,30,44 - FOLLOWED TOO CLOSELY,No Data,No Data,78232,78232,No,1HGCV1F98JA011707,32,1 - MALE,N - NOT INJURED,0,1,1 - FRONT LEFT OR MOTORCYCLE DRIVER
20745964,Yes,SAN ANTONIO POLICE DEPARTMENT,SAPD25069317,SAN ANTONIO,FOLLOWED TOO CLOSELY,BEXAR,2025-04-07,N - NOT INJURED,0,NO DATA,196 - NORTH CENTRAL BAPTIST HOSPITAL,0.817,30,No Data,No Data,No Data,78109,75041,No,3KPF24AD8RE776684,23,1 - MALE,N - NOT INJURED,0,1,1 - FRONT LEFT OR MOTORCYCLE DRIVER
20745964,Yes,SAN ANTONIO POLICE DEPARTMENT,SAPD25069317,SAN ANTONIO,FOLLOWED TOO CLOSELY,BEXAR,2025-04-07,N - NOT INJURED,0,NO DATA,196 - NORTH CENTRAL BAPTIST HOSPITAL,0.817,30,No Data,No Data,No Data,78109,75041,No,3KPF24AD8RE776684,No Data,1 - MALE,N - NOT INJURED,0,2,6 - SECOND SEAT RIGHT
20745966,Yes,SAN ANTONIO POLICE DEPARTMENT,sapd25069322,SAN ANTONIO,FAILED TO DRIVE IN SINGLE LANE;FAULTY EVASIVE ACTION;TURNED IMPROPERLY - WRONG LANE;OTHER (EXPLAIN IN NARRATIVE),BEXAR,2025-04-07,N - NOT INJURED,0,NO DATA,199 - NORTHEAST BAPTIST HOSPITAL,1.361,30,23 - FAILED TO DRIVE IN SINGLE LANE,No Data,No Data,78216,78216,No,3N1AB7AP9GY223840,64,1 - MALE,N - NOT INJURED,0,1,1 - FRONT LEFT OR MOTORCYCLE DRIVER
20745966,Yes,SAN ANTONIO POLICE DEPARTMENT,sapd25069322,SAN ANTONIO,FAILED TO DRIVE IN SINGLE LANE;FAULTY EVASIVE ACTION;TURNED IMPROPERLY - WRONG LANE;OTHER (EXPLAIN IN NARRATIVE),BEXAR,2025-04-07,N - NOT INJURED,0,NO DATA,199 - NORTHEAST BAPTIST HOSPITAL,1.361,30,98 - OTHER (EXPLAIN IN NARRATIVE),No Data,No Data,78247,78247,No,5XXGN4A72FG420658,28,1 - MALE,N - NOT INJURED,0,1,1 - FRONT LEFT OR MOTORCYCLE DRIVER
20745971,Yes,SAN ANTONIO POLICE DEPARTMENT,,SAN ANTONIO,OTHER (EXPLAIN IN NARRATIVE),BEXAR,2025-04-07,N - NOT INJURED,0,NO DATA,54 - CHRISTUS SANTA ROSA HOSPITAL - MEDICAL CENTER,5.51,70,98 - OTHER (EXPLAIN IN NARRATIVE),No Data,No Data,78254,78257,Yes,JTHBK262995095938,20,1 - MALE,99 - UNKNOWN,0,1,1 - FRONT LEFT OR MOTORCYCLE DRIVER
20745971,Yes,SAN ANTONIO POLICE DEPARTMENT,,SAN ANTONIO,OTHER (EXPLAIN IN NARRATIVE),BEXAR,2025-04-07,N - NOT INJURED,0,NO DATA,54 - CHRISTUS SANTA ROSA HOSPITAL - MEDICAL CENTER,5.51,70,98 - OTHER (EXPLAIN IN NARRATIVE),No Data,No Data,78252,78252,No,2GCUKDED9S1161551,25,1 - MALE,N - NOT INJURED,0,1,1 - FRONT LEFT OR MOTORCYCLE DRIVER
20745988,Yes,SAN ANTONIO POLICE DEPARTMENT,SAPD25068606,SAN ANTONIO,OTHER (EXPLAIN IN NARRATIVE),BEXAR,2025-04-07,N - NOT INJURED,0,NO DATA,182 - METROPOLITAN METHODIST HOSPITAL,0.246,08,98 - OTHER (EXPLAIN IN NARRATIVE),No Data,No Data,78202,78202,No,2T3W1RFV0RC263842,40,1 - MALE,N - NOT INJURED,0,1,1 - FRONT LEFT OR MOTORCYCLE DRIVER
20745995,Yes,FORT WORTH POLICE DEPARTMENT,250024862,FORT WORTH,FAILED TO CONTROL SPEED,TARRANT,2025-04-07,B - SUSPECTED MINOR INJURY,0,NO DATA,259 - TEXAS HEALTH HUGULEY HOSPITAL,3.225,UT,22 - FAILED TO CONTROL SPEED,No Data,No Data,76133,76133,No,1G1ZD5ST7PF115887,21,1 - MALE,B - SUSPECTED MINOR INJURY,1,1,1 - FRONT LEFT OR MOTORCYCLE DRIVER
20745995,Yes,FORT WORTH POLICE DEPARTMENT,250024862,FORT WORTH,FAILED TO CONTROL SPEED,TARRANT,2025-04-07,B - SUSPECTED MINOR INJURY,0,NO DATA,259 - TEXAS HEALTH HUGULEY HOSPITAL,3.225,UT,22 - FAILED TO CONTROL SPEED,No Data,No Data,76244,,No,1FUJA6CK76LW32320,44,1 - MALE,N - NOT INJURED,0,1,1 - FRONT LEFT OR MOTORCYCLE DRIVER
20745997,Yes,FORT WORTH POLICE DEPARTMENT,250024918,FORT WORTH,FAILED TO YIELD RIGHT OF WAY - TURNING LEFT,TARRANT,2025-04-07,C - POSSIBLE INJURY,0,NO DATA,255 - TEXAS HEALTH HARRIS METHODIST HOSPITAL SOUTHWEST FORT WORTH,3.363,UT,37 - FAILED TO YIELD RIGHT OF WAY - TURNING LEFT,No Data,No Data,76058,76058,No,3GCPKSE79DG361125,18,1 - MALE,N - NOT INJURED,0,1,1 - FRONT LEFT OR MOTORCYCLE DRIVER
20745997,Yes,FORT WORTH POLICE DEPARTMENT,250024918,FORT WORTH,FAILED TO YIELD RIGHT OF WAY - TURNING LEFT,TARRANT,2025-04-07,C - POSSIBLE INJURY,0,NO DATA,255 - TEXAS HEALTH HARRIS METHODIST HOSPITAL SOUTHWEST FORT WORTH,3.363,UT,No Data,No Data,No Data,76123,76123,No,5N1AT2MT5GC859021,28,1 - MALE,C - POSSIBLE INJURY,0,1,1 - FRONT LEFT OR MOTORCYCLE DRIVER
20746001,Yes,FORT WORTH POLICE DEPARTMENT,250024881,FORT WORTH,FAILED TO YIELD RIGHT OF WAY - OPEN INTERSECTION,TARRANT,2025-04-07,N - NOT INJURED,0,NO DATA,136 - JOHN PETER SMITH HOSPITAL,2.983,UT,33 - FAILED TO YIELD RIGHT OF WAY - OPEN INTERSECTION,No Data,No Data,76110,76110,No,1GTEC14X29Z227533,64,1 - MALE,N - NOT INJURED,0,1,1 - FRONT LEFT OR MOTORCYCLE DRIVER
20746001,Yes,FORT WORTH POLICE DEPARTMENT,250024881,FORT WORTH,FAILED TO YIELD RIGHT OF WAY - OPEN INTERSECTION,TARRANT,2025-04-07,N - NOT INJURED,0,NO DATA,136 - JOHN PETER SMITH HOSPITAL,2.983,UT,No Data,No Data,No Data,76115,76115,No,1GKKVTKD3DJ217557,22,1 - MALE,N - NOT INJURED,0,1,1 - FRONT LEFT OR MOTORCYCLE DRIVER
20746001,Yes,FORT WORTH POLICE DEPARTMENT,250024881,FORT WORTH,FAILED TO YIELD RIGHT OF WAY - OPEN INTERSECTION,TARRANT,2025-04-07,N - NOT INJURED,0,NO DATA,136 - JOHN PETER SMITH HOSPITAL,2.983,UT,No Data,No Data,No Data,76123,76115,No,1GNSCBKC8GR317024,33,1 - MALE,N - NOT INJURED,0,1,1 - FRONT LEFT OR MOTORCYCLE DRIVER
20746001,Yes,FORT WORTH POLICE DEPARTMENT,250024881,FORT WORTH,FAILED TO YIELD RIGHT OF WAY - OPEN INTERSECTION,TARRANT,2025-04-07,N - NOT INJURED,0,NO DATA,136 - JOHN PETER SMITH HOSPITAL,2.983,UT,No Data,No Data,No Data,76123,76115,No,1GNSCBKC8GR317024,31,2 - FEMALE,N - NOT INJURED,0,2,3 - FRONT RIGHT
20746001,Yes,FORT WORTH POLICE DEPARTMENT,250024881,FORT WORTH,FAILED TO YIELD RIGHT OF WAY - OPEN INTERSECTION,TARRANT,2025-04-07,N - NOT INJURED,0,NO DATA,136 - JOHN PETER SMITH HOSPITAL,2.983,UT,No Data,No Data,No Data,76123,76115,No,1GNSCBKC8GR317024,0,2 - FEMALE,N - NOT INJURED,0,3,4 - SECOND SEAT LEFT OR MOTORCYCLE BACK PASSENGER
20746001,Yes,FORT WORTH POLICE DEPARTMENT,250024881,FORT WORTH,FAILED TO YIELD RIGHT OF WAY - OPEN INTERSECTION,TARRANT,2025-04-07,N - NOT INJURED,0,NO DATA,136 - JOHN PETER SMITH HOSPITAL,2.983,UT,No Data,No Data,No Data,76123,76115,No,1GNSCBKC8GR317024,0,1 - MALE,N - NOT INJURED,0,4,6 - SECOND SEAT RIGHT
20746041,Yes,HOUSTON POLICE DEPARTMENT,0044760325M,HOUSTON,FAILED TO CONTROL SPEED,HARRIS,2025-04-07,N - NOT INJURED,0,NO DATA,165 - MEMORIAL HERMANN MEMORIAL CITY MEDICAL CENTER,1.638,F,22 - FAILED TO CONTROL SPEED,No Data,No Data,,No Data,Yes,No Data,No Data,2 - FEMALE,99 - UNKNOWN,0,1,99 - UNKNOWN
20746041,Yes,HOUSTON POLICE DEPARTMENT,0044760325M,HOUSTON,FAILED TO CONTROL SPEED,HARRIS,2025-04-07,N - NOT INJURED,0,NO DATA,165 - MEMORIAL HERMANN MEMORIAL CITY MEDICAL CENTER,1.638,F,No Data,No Data,No Data,77070,77070,No,5NPD84LF2JH227132,74,1 - MALE,N - NOT INJURED,0,1,1 - FRONT LEFT OR MOTORCYCLE DRIVER
20746058,Yes,ROUND ROCK POLICE DEPARTMENT,25-0407-0038,ROUND ROCK,FAILED TO HEED WARNING SIGN,WILLIAMSON,2025-04-07,B - SUSPECTED MINOR INJURY,0,NO DATA,224 - ROUND ROCK MEDICAL CENTER,3.679,VI,25 - FAILED TO HEED WARNING SIGN OR TRAFFIC CONTROL DEVICE,No Data,No Data,78664,78664,No,KL4MMESL3MB138243,27,2 - FEMALE,N - NOT INJURED,0,1,1 - FRONT LEFT OR MOTORCYCLE DRIVER
20746058,Yes,ROUND ROCK POLICE DEPARTMENT,25-0407-0038,ROUND ROCK,FAILED TO HEED WARNING SIGN,WILLIAMSON,2025-04-07,B - SUSPECTED MINOR INJURY,0,NO DATA,224 - ROUND ROCK MEDICAL CENTER,3.679,VI,No Data,No Data,No Data,78641,78641,No,1FADP5BU3DL550877,38,1 - MALE,B - SUSPECTED MINOR INJURY,1,1,1 - FRONT LEFT OR MOTORCYCLE DRIVER
20746058,Yes,ROUND ROCK POLICE DEPARTMENT,25-0407-0038,ROUND ROCK,FAILED TO HEED WARNING SIGN,WILLIAMSON,2025-04-07,B - SUSPECTED MINOR INJURY,0,NO DATA,224 - ROUND ROCK MEDICAL CENTER,3.679,VI,No Data,No Data,No Data,78641,78641,No,1FADP5BU3DL550877,34,2 - FEMALE,N - NOT INJURED,0,2,3 - FRONT RIGHT
20746058,Yes,ROUND ROCK POLICE DEPARTMENT,25-0407-0038,ROUND ROCK,FAILED TO HEED WARNING SIGN,WILLIAMSON,2025-04-07,B - SUSPECTED MINOR INJURY,0,NO DATA,224 - ROUND ROCK MEDICAL CENTER,3.679,VI,No Data,No Data,No Data,78641,78641,No,1FADP5BU3DL550877,7,1 - MALE,B - SUSPECTED MINOR INJURY,1,3,6 - SECOND SEAT RIGHT
20746058,Yes,ROUND ROCK POLICE DEPARTMENT,25-0407-0038,ROUND ROCK,FAILED TO HEED WARNING SIGN,WILLIAMSON,2025-04-07,B - SUSPECTED MINOR INJURY,0,NO DATA,224 - ROUND ROCK MEDICAL CENTER,3.679,VI,No Data,No Data,No Data,78641,78641,No,1FADP5BU3DL550877,9,1 - MALE,N - NOT INJURED,0,4,4 - SECOND SEAT LEFT OR MOTORCYCLE BACK PASSENGER
20746080,Yes,PASADENA POLICE DEPARTMENT,25-004996,PASADENA,DRIVER INATTENTION; FAILED TO DRIVE IN SINGLE LANE,HARRIS,2025-04-07,B - SUSPECTED MINOR INJURY,0,NO DATA,122 - HCA HOUSTON HEALTHCARE SOUTHEAST,2.524,,23 - FAILED TO DRIVE IN SINGLE LANE,No Data,No Data,77506,77506,No,4T1G11AK8MU525691,25,2 - FEMALE,B - SUSPECTED MINOR INJURY,1,1,1 - FRONT LEFT OR MOTORCYCLE DRIVER
20746088,Yes,HOUSTON POLICE DEPARTMENT,0044755025L,HOUSTON,FAILED TO CONTROL SPEED,HARRIS,2025-04-07,N - NOT INJURED,0,NO DATA,168 - MEMORIAL HERMANN SOUTHWEST HOSPITAL,1.186,E,22 - FAILED TO CONTROL SPEED,No Data,No Data,77031,77031,No,1G6KF67994U246247,33,1 - MALE,N - NOT INJURED,0,1,1 - FRONT LEFT OR MOTORCYCLE DRIVER
20746088,Yes,HOUSTON POLICE DEPARTMENT,0044755025L,HOUSTON,FAILED TO CONTROL SPEED,HARRIS,2025-04-07,N - NOT INJURED,0,NO DATA,168 - MEMORIAL HERMANN SOUTHWEST HOSPITAL,1.186,E,No Data,No Data,No Data,77031,77031,No,4T1G11AK0MU465423,21,1 - MALE,N - NOT INJURED,0,1,1 - FRONT LEFT OR MOTORCYCLE DRIVER
20746103,Yes,MURPHY POLICE DEPARTMENT,25008843,MURPHY,FAILED TO CONTROL SPEED; FOLLOWED TOO CLOSELY,COLLIN,2025-04-07,N - NOT INJURED,0,NO DATA,186 - METHODIST RICHARDSON MEDICAL CENTER,4.032,,22 - FAILED TO CONTROL SPEED,44 - FOLLOWED TOO CLOSELY,No Data,,No Data,Yes,No Data,No Data,99 - UNKNOWN,99 - UNKNOWN,0,1,1 - FRONT LEFT OR MOTORCYCLE DRIVER
20746103,Yes,MURPHY POLICE DEPARTMENT,25008843,MURPHY,FAILED TO CONTROL SPEED; FOLLOWED TOO CLOSELY,COLLIN,2025-04-07,N - NOT INJURED,0,NO DATA,186 - METHODIST RICHARDSON MEDICAL CENTER,4.032,,22 - FAILED TO CONTROL SPEED,No Data,No Data,75189,75189,No,1C4PJLLBXJD590583,55,2 - FEMALE,N - NOT INJURED,0,1,1 - FRONT LEFT OR MOTORCYCLE DRIVER
20746103,Yes,MURPHY POLICE DEPARTMENT,25008843,MURPHY,FAILED TO CONTROL SPEED; FOLLOWED TOO CLOSELY,COLLIN,2025-04-07,N - NOT INJURED,0,NO DATA,186 - METHODIST RICHARDSON MEDICAL CENTER,4.032,,44 - FOLLOWED TOO CLOSELY,No Data,No Data,75098,75098,No,JTDEPMAE1MJ156258,30,1 - MALE,N - NOT INJURED,0,1,1 - FRONT LEFT OR MOTORCYCLE DRIVER
20746103,Yes,MURPHY POLICE DEPARTMENT,25008843,MURPHY,FAILED TO CONTROL SPEED; FOLLOWED TOO CLOSELY,COLLIN,2025-04-07,N - NOT INJURED,0,NO DATA,186 - METHODIST RICHARDSON MEDICAL CENTER,4.032,,No Data,No Data,No Data,75048,75048,No,1GNSCBKC0LR116583,55,2 - FEMALE,N - NOT INJURED,0,1,1 - FRONT LEFT OR MOTORCYCLE DRIVER
20746104,Yes,UNIVERSAL CITY POLICE DEPARTMENT,250005079,UNIVERSAL CITY,BACKED WITHOUT SAFETY,BEXAR,2025-04-07,N - NOT INJURED,0,NO DATA,202 - NORTHEAST METHODIST HOSPITAL,2.684,,3 - BACKED WITHOUT SAFETY,No Data,No Data,78148,78109,No,1FM5K7BH9HGD53346,30,2 - FEMALE,N - NOT INJURED,0,1,1 - FRONT LEFT OR MOTORCYCLE DRIVER
20746108,Yes,KENDALL COUNTY SHERIFF'S OFFICE,2516345,OUTSIDE CITY LIMITS,DRIVER INATTENTION; FOLLOWED TOO CLOSELY,KENDALL,2025-04-07,N - NOT INJURED,0,NO DATA,196 - NORTH CENTRAL BAPTIST HOSPITAL,15.041,,44 - FOLLOWED TOO CLOSELY,No Data,No Data,78227,78227,No,1FTPW12V67KC12198,30,1 - MALE,N - NOT INJURED,0,1,1 - FRONT LEFT OR MOTORCYCLE DRIVER
20746108,Yes,KENDALL COUNTY SHERIFF'S OFFICE,2516345,OUTSIDE CITY LIMITS,DRIVER INATTENTION; FOLLOWED TOO CLOSELY,KENDALL,2025-04-07,N - NOT INJURED,0,NO DATA,196 - NORTH CENTRAL BAPTIST HOSPITAL,15.041,,20 - DRIVER INATTENTION,No Data,No Data,78006,76179,No,1C4HJXDG6LW252353,17,2 - FEMALE,N - NOT INJURED,0,1,1 - FRONT LEFT OR MOTORCYCLE DRIVER
20746127,No,GEORGETOWN POLICE DEPARTMENT,2025-097-013,GEORGETOWN,DRIVER INATTENTION,WILLIAMSON,2025-04-07,N - NOT INJURED,0,NO DATA,No Data,No Data,,20 - DRIVER INATTENTION,No Data,No Data,,No Data,Yes,No Data,No Data,99 - UNKNOWN,99 - UNKNOWN,0,1,1 - FRONT LEFT OR MOTORCYCLE DRIVER
20746127,No,GEORGETOWN POLICE DEPARTMENT,2025-097-013,GEORGETOWN,DRIVER INATTENTION,WILLIAMSON,2025-04-07,N - NOT INJURED,0,NO DATA,No Data,No Data,,No Data,No Data,No Data,No Data,78633,No,1FA6P8TH2H5213560,20,2 - FEMALE,N - NOT INJURED,0,1,11 - OUTSIDE VEHICLE
20746147,Yes,LEAGUE CITY POLICE DEPARTMENT,LCPD25-01840,LEAGUE CITY,UNDER INFLUENCE - ALCOHOL,GALVESTON,2025-04-07,N - NOT INJURED,0,NO DATA,289 - UTMB HEALTH LEAGUE CITY CAMPUS,1.588,,67 - INTOXICATED - ALCOHOL,No Data,No Data,77573,77573,No,1FMJU1HT6MEA10968,43,2 - FEMALE,N - NOT INJURED,0,1,1 - FRONT LEFT OR MOTORCYCLE DRIVER
20746148,Yes,LEAGUE CITY POLICE DEPARTMENT,LCPD25-01837,LEAGUE CITY,UNSAFE SPEED,GALVESTON,2025-04-07,N - NOT INJURED,0,NO DATA,No Data,No Data,,No Data,No Data,No Data,77573,77573,No,4T1G11AK8LU369716,19,2 - FEMALE,N - NOT INJURED,0,1,1 - FRONT LEFT OR MOTORCYCLE DRIVER
20746148,Yes,LEAGUE CITY POLICE DEPARTMENT,LCPD25-01837,LEAGUE CITY,UNSAFE SPEED,GALVESTON,2025-04-07,N - NOT INJURED,0,NO DATA,No Data,No Data,,No Data,No Data,No Data,77573,77573,No,JTDBU4EE3B9163359,40,2 - FEMALE,N - NOT INJURED,0,1,1 - FRONT LEFT OR MOTORCYCLE DRIVER
20746180,Yes,HENDERSON POLICE DEPARTMENT,H2503415,HENDERSON,FAILED TO DRIVE IN SINGLE LANE,RUSK,2025-04-07,N - NOT INJURED,0,NO DATA,280 - UT HEALTH EAST TEXAS HENDERSON HOSPITAL,1.175,,No Data,No Data,No Data,75647,75647,No,1GC4YLE77DF249115,58,1 - MALE,N - NOT INJURED,0,1,1 - FRONT LEFT OR MOTORCYCLE DRIVER
20746180,Yes,HENDERSON POLICE DEPARTMENT,H2503415,HENDERSON,FAILED TO DRIVE IN SINGLE LANE,RUSK,2025-04-07,N - NOT INJURED,0,NO DATA,280 - UT HEALTH EAST TEXAS HENDERSON HOSPITAL,1.175,,23 - FAILED TO DRIVE IN SINGLE LANE,No Data,No Data,77351,74134,No,5YFB4MDE4SP260095,23,2 - FEMALE,N - NOT INJURED,0,1,1 - FRONT LEFT OR MOTORCYCLE DRIVER
20746197,Yes,SAN ANTONIO POLICE DEPARTMENT,SAPD25068767,SAN ANTONIO,DRIVER INATTENTION; FAILED TO PASS TO RIGHT SAFELY; TURNED IMPROPERLY - WIDE RIGHT,BEXAR,2025-04-07,N - NOT INJURED,0,NO DATA,46 - CHRISTUS CHILDRENS HOSPITAL OF SAN ANTONIO,3.761,60,64 - TURNED IMPROPERLY - WIDE RIGHT,27 - FAILED TO PASS TO RIGHT SAFELY,20 - DRIVER INATTENTION,78214,78221,No,1C4RDHAG8CC202447,32,1 - MALE,N - NOT INJURED,0,1,1 - FRONT LEFT OR MOTORCYCLE DRIVER
20746197,Yes,SAN ANTONIO POLICE DEPARTMENT,SAPD25068767,SAN ANTONIO,DRIVER INATTENTION; FAILED TO PASS TO RIGHT SAFELY; TURNED IMPROPERLY - WIDE RIGHT,BEXAR,2025-04-07,N - NOT INJURED,0,NO DATA,46 - CHRISTUS CHILDRENS HOSPITAL OF SAN ANTONIO,3.761,60,64 - TURNED IMPROPERLY - WIDE RIGHT,27 - FAILED TO PASS TO RIGHT SAFELY,20 - DRIVER INATTENTION,78214,78221,No,1C4RDHAG8CC202447,33,1 - MALE,N - NOT INJURED,0,2,3 - FRONT RIGHT
20746197,Yes,SAN ANTONIO POLICE DEPARTMENT,SAPD25068767,SAN ANTONIO,DRIVER INATTENTION; FAILED TO PASS TO RIGHT SAFELY; TURNED IMPROPERLY - WIDE RIGHT,BEXAR,2025-04-07,N - NOT INJURED,0,NO DATA,46 - CHRISTUS CHILDRENS HOSPITAL OF SAN ANTONIO,3.761,60,No Data,No Data,No Data,78224,78224,No,3KPF24AD6ME312236,20,1 - MALE,N - NOT INJURED,0,1,1 - FRONT LEFT OR MOTORCYCLE DRIVER
20746197,Yes,SAN ANTONIO POLICE DEPARTMENT,SAPD25068767,SAN ANTONIO,DRIVER INATTENTION; FAILED TO PASS TO RIGHT SAFELY; TURNED IMPROPERLY - WIDE RIGHT,BEXAR,2025-04-07,N - NOT INJURED,0,NO DATA,46 - CHRISTUS CHILDRENS HOSPITAL OF SAN ANTONIO,3.761,60,No Data,No Data,No Data,78238,78224,No,1N4AL11D04C178360,21,2 - FEMALE,N - NOT INJURED,0,1,1 - FRONT LEFT OR MOTORCYCLE DRIVER
20746204,Yes,SAN ANTONIO POLICE DEPARTMENT,SAPD25069560,SAN ANTONIO,BACKED WITHOUT SAFETY,BEXAR,2025-04-07,99 - UNKNOWN,0,NO DATA,No Data,No Data,60,3 - BACKED WITHOUT SAFETY,No Data,No Data,,78242,Yes,1GNFC13J77R163852,No Data,99 - UNKNOWN,99 - UNKNOWN,0,1,1 - FRONT LEFT OR MOTORCYCLE DRIVER
20746214,No,EAGLE PASS POLICE DEPARTMENT,202500007441,EAGLE PASS,BACKED WITHOUT SAFETY;OTHER (EXPLAIN IN NARRATIVE),MAVERICK,2025-04-07,N - NOT INJURED,0,NO DATA,101 - FORT DUNCAN REGIONAL MEDICAL CENTER,2.8,,3 - BACKED WITHOUT SAFETY,No Data,No Data,78852,78852,No,1C4RJFAG8FC606897,44,2 - FEMALE,N - NOT INJURED,0,1,1 - FRONT LEFT OR MOTORCYCLE DRIVER
20746214,No,EAGLE PASS POLICE DEPARTMENT,202500007441,EAGLE PASS,BACKED WITHOUT SAFETY;OTHER (EXPLAIN IN NARRATIVE),MAVERICK,2025-04-07,N - NOT INJURED,0,NO DATA,101 - FORT DUNCAN REGIONAL MEDICAL CENTER,2.8,,3 - BACKED WITHOUT SAFETY,No Data,No Data,78852,78852,No,1C4RJFAG8FC606897,14,2 - FEMALE,N - NOT INJURED,0,2,3 - FRONT RIGHT
20746215,Yes,BAYTOWN POLICE DEPARTMENT,2025-16533,BAYTOWN,FOLLOWED TOO CLOSELY,HARRIS,2025-04-07,N - NOT INJURED,0,NO DATA,122 - HCA HOUSTON HEALTHCARE SOUTHEAST,14.011,,44 - FOLLOWED TOO CLOSELY,No Data,No Data,77521,77521,No,2G61U5S35D9167627,35,2 - FEMALE,N - NOT INJURED,0,1,1 - FRONT LEFT OR MOTORCYCLE DRIVER
20746215,Yes,BAYTOWN POLICE DEPARTMENT,2025-16533,BAYTOWN,FOLLOWED TOO CLOSELY,HARRIS,2025-04-07,N - NOT INJURED,0,NO DATA,122 - HCA HOUSTON HEALTHCARE SOUTHEAST,14.011,,No Data,No Data,No Data,77049,77049,No,JM3KFBCM7P0104374,61,1 - MALE,N - NOT INJURED,0,1,1 - FRONT LEFT OR MOTORCYCLE DRIVER
20746215,Yes,BAYTOWN POLICE DEPARTMENT,2025-16533,BAYTOWN,FOLLOWED TOO CLOSELY,HARRIS,2025-04-07,N - NOT INJURED,0,NO DATA,122 - HCA HOUSTON HEALTHCARE SOUTHEAST,14.011,,No Data,No Data,No Data,77049,77049,No,JM3KFBCM7P0104374,54,2 - FEMALE,N - NOT INJURED,0,2,3 - FRONT RIGHT
20746215,Yes,BAYTOWN POLICE DEPARTMENT,2025-16533,BAYTOWN,FOLLOWED TOO CLOSELY,HARRIS,2025-04-07,N - NOT INJURED,0,NO DATA,122 - HCA HOUSTON HEALTHCARE SOUTHEAST,14.011,,No Data,No Data,No Data,77521,77521,No,5XYKW4A28CG290193,46,2 - FEMALE,N - NOT INJURED,0,1,1 - FRONT LEFT OR MOTORCYCLE DRIVER
20746215,Yes,BAYTOWN POLICE DEPARTMENT,2025-16533,BAYTOWN,FOLLOWED TOO CLOSELY,HARRIS,2025-04-07,N - NOT INJURED,0,NO DATA,122 - HCA HOUSTON HEALTHCARE SOUTHEAST,14.011,,No Data,No Data,No Data,77521,77521,No,5XYKW4A28CG290193,54,2 - FEMALE,N - NOT INJURED,0,2,3 - FRONT RIGHT
20746215,Yes,BAYTOWN POLICE DEPARTMENT,2025-16533,BAYTOWN,FOLLOWED TOO CLOSELY,HARRIS,2025-04-07,N - NOT INJURED,0,NO DATA,122 - HCA HOUSTON HEALTHCARE SOUTHEAST,14.011,,No Data,No Data,No Data,77521,77521,No,5XYKW4A28CG290193,82,1 - MALE,N - NOT INJURED,0,3,6 - SECOND SEAT RIGHT
20746218,Yes,SAN ANTONIO POLICE DEPARTMENT,SAPD25068735,SAN ANTONIO,DRIVER INATTENTION,BEXAR,2025-04-07,99 - UNKNOWN,0,NO DATA,No Data,No Data,50,20 - DRIVER INATTENTION,No Data,No Data,,No Data,Yes,No Data,No Data,99 - UNKNOWN,99 - UNKNOWN,0,1,1 - FRONT LEFT OR MOTORCYCLE DRIVER
20746227,Yes,BEE CAVE POLICE DEPARTMENT,BC25-00306,BEE CAVE,FAILED TO CONTROL SPEED,TRAVIS,2025-04-07,N - NOT INJURED,0,NO DATA,21 - BAYLOR SCOTT & WHITE MEDICAL CENTER - LAKEWAY,1.394,71,22 - FAILED TO CONTROL SPEED,No Data,No Data,78726,78726,No,5TFRY5F19LX267257,71,1 - MALE,N - NOT INJURED,0,1,1 - FRONT LEFT OR MOTORCYCLE DRIVER
20746227,Yes,BEE CAVE POLICE DEPARTMENT,BC25-00306,BEE CAVE,FAILED TO CONTROL SPEED,TRAVIS,2025-04-07,N - NOT INJURED,0,NO DATA,21 - BAYLOR SCOTT & WHITE MEDICAL CENTER - LAKEWAY,1.394,71,No Data,No Data,No Data,78734,78734,No,1C4HJXEN9LW121382,50,2 - FEMALE,N - NOT INJURED,0,1,1 - FRONT LEFT OR MOTORCYCLE DRIVER
20746227,Yes,BEE CAVE POLICE DEPARTMENT,BC25-00306,BEE CAVE,FAILED TO CONTROL SPEED,TRAVIS,2025-04-07,N - NOT INJURED,0,NO DATA,21 - BAYLOR SCOTT & WHITE MEDICAL CENTER - LAKEWAY,1.394,71,No Data,No Data,No Data,78734,78734,No,1C4HJXEN9LW121382,51,1 - MALE,N - NOT INJURED,0,2,6 - SECOND SEAT RIGHT
20746231,Yes,LAREDO POLICE DEPARTMENT,2025-00055470,LAREDO,FAILED TO YIELD RIGHT OF WAY - TURNING LEFT,WEBB,2025-04-07,C - POSSIBLE INJURY,0,NO DATA,141 - LAREDO MEDICAL CENTER,1.263,,37 - FAILED TO YIELD RIGHT OF WAY - TURNING LEFT,No Data,No Data,78041,78041,No,1G1JC5SH2D4214166,21,1 - MALE,C - POSSIBLE INJURY,0,1,1 - FRONT LEFT OR MOTORCYCLE DRIVER
20746231,Yes,LAREDO POLICE DEPARTMENT,2025-00055470,LAREDO,FAILED TO YIELD RIGHT OF WAY - TURNING LEFT,WEBB,2025-04-07,C - POSSIBLE INJURY,0,NO DATA,141 - LAREDO MEDICAL CENTER,1.263,,No Data,No Data,No Data,78043,78043,No,1G6AA5RXXE0107422,19,1 - MALE,C - POSSIBLE INJURY,0,1,1 - FRONT LEFT OR MOTORCYCLE DRIVER
20746231,Yes,LAREDO POLICE DEPARTMENT,2025-00055470,LAREDO,FAILED TO YIELD RIGHT OF WAY - TURNING LEFT,WEBB,2025-04-07,C - POSSIBLE INJURY,0,NO DATA,141 - LAREDO MEDICAL CENTER,1.263,,No Data,No Data,No Data,78043,78043,No,1G6AA5RXXE0107422,20,2 - FEMALE,C - POSSIBLE INJURY,0,2,3 - FRONT RIGHT
20746231,Yes,LAREDO POLICE DEPARTMENT,2025-00055470,LAREDO,FAILED TO YIELD RIGHT OF WAY - TURNING LEFT,WEBB,2025-04-07,C - POSSIBLE INJURY,0,NO DATA,141 - LAREDO MEDICAL CENTER,1.263,,No Data,No Data,No Data,78043,78043,No,1G6AA5RXXE0107422,0,2 - FEMALE,C - POSSIBLE INJURY,0,3,4 - SECOND SEAT LEFT OR MOTORCYCLE BACK PASSENGER
20746231,Yes,LAREDO POLICE DEPARTMENT,2025-00055470,LAREDO,FAILED TO YIELD RIGHT OF WAY - TURNING LEFT,WEBB,2025-04-07,C - POSSIBLE INJURY,0,NO DATA,141 - LAREDO MEDICAL CENTER,1.263,,No Data,No Data,No Data,78043,78043,No,1G6AA5RXXE0107422,5,2 - FEMALE,C - POSSIBLE INJURY,0,4,6 - SECOND SEAT RIGHT
20746231,Yes,LAREDO POLICE DEPARTMENT,2025-00055470,LAREDO,FAILED TO YIELD RIGHT OF WAY - TURNING LEFT,WEBB,2025-04-07,C - POSSIBLE INJURY,0,NO DATA,141 - LAREDO MEDICAL CENTER,1.263,,No Data,No Data,No Data,78043,78043,No,1G6AA5RXXE0107422,1,2 - FEMALE,C - POSSIBLE INJURY,0,5,6 - SECOND SEAT RIGHT
20746231,Yes,LAREDO POLICE DEPARTMENT,2025-00055470,LAREDO,FAILED TO YIELD RIGHT OF WAY - TURNING LEFT,WEBB,2025-04-07,C - POSSIBLE INJURY,0,NO DATA,141 - LAREDO MEDICAL CENTER,1.263,,No Data,No Data,No Data,78041,78041,No,3VW2K7AJ8FM220167,33,2 - FEMALE,C - POSSIBLE INJURY,0,1,1 - FRONT LEFT OR MOTORCYCLE DRIVER
20746231,Yes,LAREDO POLICE DEPARTMENT,2025-00055470,LAREDO,FAILED TO YIELD RIGHT OF WAY - TURNING LEFT,WEBB,2025-04-07,C - POSSIBLE INJURY,0,NO DATA,141 - LAREDO MEDICAL CENTER,1.263,,No Data,No Data,No Data,78041,78041,No,3VW2K7AJ8FM220167,5,1 - MALE,C - POSSIBLE INJURY,0,2,4 - SECOND SEAT LEFT OR MOTORCYCLE BACK PASSENGER
20746248,Yes,HOUSTON POLICE DEPARTMENT,0044444925E,HOUSTON,FAILED TO YIELD RIGHT OF WAY - STOP SIGN,HARRIS,2025-04-07,N - NOT INJURED,0,NO DATA,118 - HCA HOUSTON HEALTHCARE KINGWOOD,1.175,C,No Data,No Data,No Data,77573,77573,No,KL1TG66E59B301760,62,1 - MALE,N - NOT INJURED,0,1,1 - FRONT LEFT OR MOTORCYCLE DRIVER
20746248,Yes,HOUSTON POLICE DEPARTMENT,0044444925E,HOUSTON,FAILED TO YIELD RIGHT OF WAY - STOP SIGN,HARRIS,2025-04-07,N - NOT INJURED,0,NO DATA,118 - HCA HOUSTON HEALTHCARE KINGWOOD,1.175,C,35 - FAILED TO YIELD RIGHT OF WAY - STOP SIGN,No Data,No Data,77384,77384,No,YV4A22RK3K1328909,30,1 - MALE,N - NOT INJURED,0,1,1 - FRONT LEFT OR MOTORCYCLE DRIVER
20746261,Yes,HOUSTON POLICE DEPARTMENT,0044494925K,HOUSTON,FAILED TO CONTROL SPEED,HARRIS,2025-04-07,C - POSSIBLE INJURY,0,NO DATA,118 - HCA HOUSTON HEALTHCARE KINGWOOD,5.415,C,22 - FAILED TO CONTROL SPEED,No Data,No Data,77345,77345,No,7SAYGDEE7PA199067,17,1 - MALE,C - POSSIBLE INJURY,0,1,1 - FRONT LEFT OR MOTORCYCLE DRIVER
20746261,Yes,HOUSTON POLICE DEPARTMENT,0044494925K,HOUSTON,FAILED TO CONTROL SPEED,HARRIS,2025-04-07,C - POSSIBLE INJURY,0,NO DATA,118 - HCA HOUSTON HEALTHCARE KINGWOOD,5.415,C,No Data,No Data,No Data,77345,77345,No,1FMCU93118KE21229,73,2 - FEMALE,C - POSSIBLE INJURY,0,1,1 - FRONT LEFT OR MOTORCYCLE DRIVER
20746261,Yes,HOUSTON POLICE DEPARTMENT,0044494925K,HOUSTON,FAILED TO CONTROL SPEED,HARRIS,2025-04-07,C - POSSIBLE INJURY,0,NO DATA,118 - HCA HOUSTON HEALTHCARE KINGWOOD,5.415,C,No Data,No Data,No Data,77345,77345,No,1FMCU93118KE21229,15,1 - MALE,C - POSSIBLE INJURY,0,2,3 - FRONT RIGHT
20746264,Yes,SULPHUR SPRINGS POLICE DEPARTMENT,2500006378,SULPHUR SPRINGS,CHANGED LANE WHEN UNSAFE,HOPKINS,2025-04-07,N - NOT INJURED,0,NO DATA,52 - CHRISTUS MOTHER FRANCES HOSPITAL - SULPHUR SPRINGS,2.132,,4 - CHANGED LANE WHEN UNSAFE,No Data,No Data,79924,79928,No,3HSDZAPR4LN073683,47,1 - MALE,N - NOT INJURED,0,1,1 - FRONT LEFT OR MOTORCYCLE DRIVER
20746264,Yes,SULPHUR SPRINGS POLICE DEPARTMENT,2500006378,SULPHUR SPRINGS,CHANGED LANE WHEN UNSAFE,HOPKINS,2025-04-07,N - NOT INJURED,0,NO DATA,52 - CHRISTUS MOTHER FRANCES HOSPITAL - SULPHUR SPRINGS,2.132,,No Data,No Data,No Data,79504,79504,No,2G1115SL4E9187643,21,1 - MALE,N - NOT INJURED,0,1,1 - FRONT LEFT OR MOTORCYCLE DRIVER
20746264,Yes,SULPHUR SPRINGS POLICE DEPARTMENT,2500006378,SULPHUR SPRINGS,CHANGED LANE WHEN UNSAFE,HOPKINS,2025-04-07,N - NOT INJURED,0,NO DATA,52 - CHRISTUS MOTHER FRANCES HOSPITAL - SULPHUR SPRINGS,2.132,,No Data,No Data,No Data,79504,79504,No,2G1115SL4E9187643,21,2 - FEMALE,N - NOT INJURED,0,2,3 - FRONT RIGHT
20746266,Yes,WACO POLICE DEPARTMENT,25-4439,WACO,HAD BEEN DRINKING,MCLENNAN,2025-04-07,N - NOT INJURED,0,NO DATA,No Data,No Data,,45 - HAD BEEN DRINKING,No Data,No Data,76710,76710,No,4T1BK1FK6CU513876,34,1 - MALE,N - NOT INJURED,0,1,1 - FRONT LEFT OR MOTORCYCLE DRIVER
20746273,Yes,SAN ANTONIO POLICE DEPARTMENT,SAPD25068745,SAN ANTONIO,FAILED TO HEED WARNING SIGN,BEXAR,2025-04-07,N - NOT INJURED,0,NO DATA,54 - CHRISTUS SANTA ROSA HOSPITAL - MEDICAL CENTER,0.498,70,25 - FAILED TO HEED WARNING SIGN OR TRAFFIC CONTROL DEVICE,No Data,No Data,78256,78256,No,WBXYJ3C39JEP76299,18,1 - MALE,N - NOT INJURED,0,1,1 - FRONT LEFT OR MOTORCYCLE DRIVER
20746273,Yes,SAN ANTONIO POLICE DEPARTMENT,SAPD25068745,SAN ANTONIO,FAILED TO HEED WARNING SIGN,BEXAR,2025-04-07,N - NOT INJURED,0,NO DATA,54 - CHRISTUS SANTA ROSA HOSPITAL - MEDICAL CENTER,0.498,70,No Data,No Data,No Data,78253,78253,No,5NMS44AL6MH334925,48,1 - MALE,N - NOT INJURED,0,1,1 - FRONT LEFT OR MOTORCYCLE DRIVER
20746275,Yes,FRIENDSWOOD POLICE DEPARTMENT,25013218,FRIENDSWOOD,FAILED TO YIELD RIGHT OF WAY - YIELD SIGN,GALVESTON,2025-04-07,N - NOT INJURED,0,NO DATA,166 - MEMORIAL HERMANN SOUTHEAST HOSPITAL,3.522,,39 - FAILED TO YIELD RIGHT OF WAY - YIELD SIGN,No Data,No Data,77546,77546,No,WDDUG8CB5GA258498,44,2 - FEMALE,N - NOT INJURED,0,1,1 - FRONT LEFT OR MOTORCYCLE DRIVER
20746275,Yes,FRIENDSWOOD POLICE DEPARTMENT,25013218,FRIENDSWOOD,FAILED TO YIELD RIGHT OF WAY - YIELD SIGN,GALVESTON,2025-04-07,N - NOT INJURED,0,NO DATA,166 - MEMORIAL HERMANN SOUTHEAST HOSPITAL,3.522,,39 - FAILED TO YIELD RIGHT OF WAY - YIELD SIGN,No Data,No Data,77546,77546,No,WDDUG8CB5GA258498,13,2 - FEMALE,N - NOT INJURED,0,2,4 - SECOND SEAT LEFT OR MOTORCYCLE BACK PASSENGER
20746275,Yes,FRIENDSWOOD POLICE DEPARTMENT,25013218,FRIENDSWOOD,FAILED TO YIELD RIGHT OF WAY - YIELD SIGN,GALVESTON,2025-04-07,N - NOT INJURED,0,NO DATA,166 - MEMORIAL HERMANN SOUTHEAST HOSPITAL,3.522,,No Data,No Data,No Data,77546,77546,No,3A4FY48B96T215964,41,2 - FEMALE,N - NOT INJURED,0,1,1 - FRONT LEFT OR MOTORCYCLE DRIVER
20746295,Yes,ROSENBERG POLICE DEPARTMENT,25-13779,ROSENBERG,CHANGED LANE WHEN UNSAFE,FORT BEND,2025-04-07,N - NOT INJURED,0,NO DATA,203 - OAKBEND MEDICAL CENTER ***JS MAIN CAMPUS,3.798,2,4 - CHANGED LANE WHEN UNSAFE,No Data,No Data,77434,77434,No,1GNSCBE01DR113579,48,2 - FEMALE,N - NOT INJURED,0,1,1 - FRONT LEFT OR MOTORCYCLE DRIVER
20746295,Yes,ROSENBERG POLICE DEPARTMENT,25-13779,ROSENBERG,CHANGED LANE WHEN UNSAFE,FORT BEND,2025-04-07,N - NOT INJURED,0,NO DATA,203 - OAKBEND MEDICAL CENTER ***JS MAIN CAMPUS,3.798,2,4 - CHANGED LANE WHEN UNSAFE,No Data,No Data,77434,77434,No,1GNSCBE01DR113579,50,1 - MALE,N - NOT INJURED,0,2,3 - FRONT RIGHT
20746295,Yes,ROSENBERG POLICE DEPARTMENT,25-13779,ROSENBERG,CHANGED LANE WHEN UNSAFE,FORT BEND,2025-04-07,N - NOT INJURED,0,NO DATA,203 - OAKBEND MEDICAL CENTER ***JS MAIN CAMPUS,3.798,2,No Data,No Data,No Data,77461,77461,No,1FTWW31P17EA82775,72,1 - MALE,N - NOT INJURED,0,1,1 - FRONT LEFT OR MOTORCYCLE DRIVER
20746302,Yes,MONTGOMERY COUNTY SHERIFF'S OFFICE,25A102452,OUTSIDE CITY LIMITS,FAILED TO CONTROL SPEED,MONTGOMERY,2025-04-07,C - POSSIBLE INJURY,0,NO DATA,253 - TEXAS CHILDRENS HOSPITAL THE WOODLANDS,2.118,,22 - FAILED TO CONTROL SPEED,No Data,No Data,77379,77379,No,1FT7W2BT6EEB01151,55,1 - MALE,N - NOT INJURED,0,1,1 - FRONT LEFT OR MOTORCYCLE DRIVER
20746302,Yes,MONTGOMERY COUNTY SHERIFF'S OFFICE,25A102452,OUTSIDE CITY LIMITS,FAILED TO CONTROL SPEED,MONTGOMERY,2025-04-07,C - POSSIBLE INJURY,0,NO DATA,253 - TEXAS CHILDRENS HOSPITAL THE WOODLANDS,2.118,,No Data,No Data,No Data,77382,77382,No,JHLRE48798C023128,53,2 - FEMALE,C - POSSIBLE INJURY,0,1,1 - FRONT LEFT OR MOTORCYCLE DRIVER
20746303,Yes,MONTGOMERY COUNTY SHERIFF'S OFFICE,25A102402,OUTSIDE CITY LIMITS,FAILED TO CONTROL SPEED,MONTGOMERY,2025-04-07,N - NOT INJURED,0,NO DATA,253 - TEXAS CHILDRENS HOSPITAL THE WOODLANDS,1.48,,22 - FAILED TO CONTROL SPEED,No Data,No Data,77389,77389,No,5TDYK4CC8AS334737,52,1 - MALE,N - NOT INJURED,0,1,1 - FRONT LEFT OR MOTORCYCLE DRIVER
20746303,Yes,MONTGOMERY COUNTY SHERIFF'S OFFICE,25A102402,OUTSIDE CITY LIMITS,FAILED TO CONTROL SPEED,MONTGOMERY,2025-04-07,N - NOT INJURED,0,NO DATA,253 - TEXAS CHILDRENS HOSPITAL THE WOODLANDS,1.48,,No Data,No Data,No Data,77389,77389,No,1FMSK7DH0MGA60753,46,2 - FEMALE,N - NOT INJURED,0,1,1 - FRONT LEFT OR MOTORCYCLE DRIVER
20746304,Yes,MONTGOMERY COUNTY SHERIFF'S OFFICE,25A102762,OUTSIDE CITY LIMITS,FAILED TO CONTROL SPEED,MONTGOMERY,2025-04-07,N - NOT INJURED,0,NO DATA,123 - HCA HOUSTON HEALTHCARE TOMBALL,6.799,,22 - FAILED TO CONTROL SPEED,No Data,No Data,77382,77382,No,WBA3R1C50FK194460,24,1 - MALE,N - NOT INJURED,0,1,1 - FRONT LEFT OR MOTORCYCLE DRIVER
20746304,Yes,MONTGOMERY COUNTY SHERIFF'S OFFICE,25A102762,OUTSIDE CITY LIMITS,FAILED TO CONTROL SPEED,MONTGOMERY,2025-04-07,N - NOT INJURED,0,NO DATA,123 - HCA HOUSTON HEALTHCARE TOMBALL,6.799,,No Data,No Data,No Data,77382,77382,No,2T2BAMBA8PC013366,73,2 - FEMALE,N - NOT INJURED,0,1,1 - FRONT LEFT OR MOTORCYCLE DRIVER
20746311,Yes,"DEPARTMENT OF PUBLIC SAFETY, STATE OF TEXAS",TX25-541636,OUTSIDE CITY LIMITS,TURNED WHEN UNSAFE,UPTON,2025-04-07,C - POSSIBLE INJURY,0,NO DATA,223 - REAGAN MEMORIAL HOSPITAL,22.919,4A,66 - TURNED WHEN UNSAFE,No Data,No Data,77020,77339,No,3TMLU4EN8DM131239,35,1 - MALE,N - NOT INJURED,0,1,1 - FRONT LEFT OR MOTORCYCLE DRIVER
20746311,Yes,"DEPARTMENT OF PUBLIC SAFETY, STATE OF TEXAS",TX25-541636,OUTSIDE CITY LIMITS,TURNED WHEN UNSAFE,UPTON,2025-04-07,C - POSSIBLE INJURY,0,NO DATA,223 - REAGAN MEMORIAL HOSPITAL,22.919,4A,No Data,No Data,No Data,78332,78332,No,5TFEW5F15GX205624,33,1 - MALE,C - POSSIBLE INJURY,0,1,1 - FRONT LEFT OR MOTORCYCLE DRIVER
20746317,Yes,FORT WORTH POLICE DEPARTMENT,250024723,FORT WORTH,OTHER (EXPLAIN IN NARRATIVE),TARRANT,2025-04-07,N - NOT INJURED,0,NO DATA,255 - TEXAS HEALTH HARRIS METHODIST HOSPITAL SOUTHWEST FORT WORTH,0.839,ST,98 - OTHER (EXPLAIN IN NARRATIVE),No Data,No Data,76132,76132,No,STDKY3DC9BS064041,38,2 - FEMALE,N - NOT INJURED,0,1,1 - FRONT LEFT OR MOTORCYCLE DRIVER
20746317,Yes,FORT WORTH POLICE DEPARTMENT,250024723,FORT WORTH,OTHER (EXPLAIN IN NARRATIVE),TARRANT,2025-04-07,N - NOT INJURED,0,NO DATA,255 - TEXAS HEALTH HARRIS METHODIST HOSPITAL SOUTHWEST FORT WORTH,0.839,ST,98 - OTHER (EXPLAIN IN NARRATIVE),No Data,No Data,76132,,No,5J6RW1H80NA007810,74,2 - FEMALE,N - NOT INJURED,0,1,1 - FRONT LEFT OR MOTORCYCLE DRIVER
20746321,Yes,COLLIN COUNTY SHERIFF'S OFFICE,25074419,LAVON,FAILED TO YIELD RIGHT OF WAY - TURNING LEFT,COLLIN,2025-04-07,B - SUSPECTED MINOR INJURY,0,NO DATA,19 - BAYLOR SCOTT & WHITE MEDICAL CENTER - LAKE POINTE,9.989,1,37 - FAILED TO YIELD RIGHT OF WAY - TURNING LEFT,No Data,No Data,75173,75173,No,1FMCU0GX2FUB29617,77,2 - FEMALE,B - SUSPECTED MINOR INJURY,1,1,1 - FRONT LEFT OR MOTORCYCLE DRIVER
20746321,Yes,COLLIN COUNTY SHERIFF'S OFFICE,25074419,LAVON,FAILED TO YIELD RIGHT OF WAY - TURNING LEFT,COLLIN,2025-04-07,B - SUSPECTED MINOR INJURY,0,NO DATA,19 - BAYLOR SCOTT & WHITE MEDICAL CENTER - LAKE POINTE,9.989,1,No Data,No Data,No Data,75042,75042,No,3GCUDFED1NG614501,40,1 - MALE,N - NOT INJURED,0,1,1 - FRONT LEFT OR MOTORCYCLE DRIVER
20746324,Yes,"DEPARTMENT OF PUBLIC SAFETY, STATE OF TEXAS",TX2025-538556,OUTSIDE CITY LIMITS,FAILED TO CONTROL SPEED,CALLAHAN,2025-04-07,N - NOT INJURED,0,NO DATA,68 - COLEMAN COUNTY MEDICAL CENTER COMPANY,24.297,5C,22 - FAILED TO CONTROL SPEED,No Data,No Data,75159,75159,No,1FUJA6CG46PW41500,49,1 - MALE,N - NOT INJURED,0,1,1 - FRONT LEFT OR MOTORCYCLE DRIVER
20746324,Yes,"DEPARTMENT OF PUBLIC SAFETY, STATE OF TEXAS",TX2025-538556,OUTSIDE CITY LIMITS,FAILED TO CONTROL SPEED,CALLAHAN,2025-04-07,N - NOT INJURED,0,NO DATA,68 - COLEMAN COUNTY MEDICAL CENTER COMPANY,24.297,5C,No Data,No Data,No Data,76903,76903,No,3PCAJ5BA9MF107379,72,2 - FEMALE,N - NOT INJURED,0,1,1 - FRONT LEFT OR MOTORCYCLE DRIVER
20746324,Yes,"DEPARTMENT OF PUBLIC SAFETY, STATE OF TEXAS",TX2025-538556,OUTSIDE CITY LIMITS,FAILED TO CONTROL SPEED,CALLAHAN,2025-04-07,N - NOT INJURED,0,NO DATA,68 - COLEMAN COUNTY MEDICAL CENTER COMPANY,24.297,5C,No Data,No Data,No Data,76903,76903,No,3PCAJ5BA9MF107379,47,2 - FEMALE,N - NOT INJURED,0,2,3 - FRONT RIGHT
20746335,Yes,BAYTOWN POLICE DEPARTMENT,2025-16571,OUTSIDE CITY LIMITS,FAILED TO YIELD RIGHT OF WAY - STOP SIGN,HARRIS,2025-04-07,C - POSSIBLE INJURY,0,NO DATA,122 - HCA HOUSTON HEALTHCARE SOUTHEAST,14.188,,35 - FAILED TO YIELD RIGHT OF WAY - STOP SIGN,No Data,No Data,77520,77520,No,JF2SJGEC7HH807597,81,2 - FEMALE,C - POSSIBLE INJURY,0,1,1 - FRONT LEFT OR MOTORCYCLE DRIVER
20746335,Yes,BAYTOWN POLICE DEPARTMENT,2025-16571,OUTSIDE CITY LIMITS,FAILED TO YIELD RIGHT OF WAY - STOP SIGN,HARRIS,2025-04-07,C - POSSIBLE INJURY,0,NO DATA,122 - HCA HOUSTON HEALTHCARE SOUTHEAST,14.188,,No Data,No Data,No Data,77521,77521,No,1GNSCCKC8HR255664,30,2 - FEMALE,C - POSSIBLE INJURY,0,1,1 - FRONT LEFT OR MOTORCYCLE DRIVER
20746335,Yes,BAYTOWN POLICE DEPARTMENT,2025-16571,OUTSIDE CITY LIMITS,FAILED TO YIELD RIGHT OF WAY - STOP SIGN,HARRIS,2025-04-07,C - POSSIBLE INJURY,0,NO DATA,122 - HCA HOUSTON HEALTHCARE SOUTHEAST,14.188,,No Data,No Data,No Data,77521,77521,No,1GNSCCKC8HR255664,9,1 - MALE,C - POSSIBLE INJURY,0,2,4 - SECOND SEAT LEFT OR MOTORCYCLE BACK PASSENGER
20746335,Yes,BAYTOWN POLICE DEPARTMENT,2025-16571,OUTSIDE CITY LIMITS,FAILED TO YIELD RIGHT OF WAY - STOP SIGN,HARRIS,2025-04-07,C - POSSIBLE INJURY,0,NO DATA,122 - HCA HOUSTON HEALTHCARE SOUTHEAST,14.188,,No Data,No Data,No Data,77521,77521,No,1GNSCCKC8HR255664,4,2 - FEMALE,C - POSSIBLE INJURY,0,3,6 - SECOND SEAT RIGHT
20746335,Yes,BAYTOWN POLICE DEPARTMENT,2025-16571,OUTSIDE CITY LIMITS,FAILED TO YIELD RIGHT OF WAY - STOP SIGN,HARRIS,2025-04-07,C - POSSIBLE INJURY,0,NO DATA,122 - HCA HOUSTON HEALTHCARE SOUTHEAST,14.188,,No Data,No Data,No Data,77521,77521,No,1GNSCCKC8HR255664,7,1 - MALE,C - POSSIBLE INJURY,0,4,8 - THIRD SEAT CENTER
20746342,Yes,"DEPARTMENT OF PUBLIC SAFETY, STATE OF TEXAS",,OUTSIDE CITY LIMITS,DRIVER INATTENTION; FAILED TO CONTROL SPEED,CAMERON,2025-04-07,N - NOT INJURED,0,NO DATA,295 - VALLEY REGIONAL MEDICAL CENTER,15.658,3A,22 - FAILED TO CONTROL SPEED,No Data,No Data,78572,78572,No,1FTRF12W39KB02925,26,1 - MALE,N - NOT INJURED,0,1,1 - FRONT LEFT OR MOTORCYCLE DRIVER
20746342,Yes,"DEPARTMENT OF PUBLIC SAFETY, STATE OF TEXAS",,OUTSIDE CITY LIMITS,DRIVER INATTENTION; FAILED TO CONTROL SPEED,CAMERON,2025-04-07,N - NOT INJURED,0,NO DATA,295 - VALLEY REGIONAL MEDICAL CENTER,15.658,3A,No Data,No Data,No Data,78520,78520,No,5NMSK4AG0AH352910,No Data,2 - FEMALE,N - NOT INJURED,0,1,1 - FRONT LEFT OR MOTORCYCLE DRIVER
20746343,Yes,COLLIN COUNTY SHERIFF'S OFFICE,25074485,OUTSIDE CITY LIMITS,DRIVER INATTENTION,COLLIN,2025-04-07,N - NOT INJURED,0,NO DATA,157 - MEDICAL CITY MCKINNEY,9.762,1,20 - DRIVER INATTENTION,No Data,No Data,75407,75407,No,JF2GUADC6RH274204,26,2 - FEMALE,N - NOT INJURED,0,1,1 - FRONT LEFT OR MOTORCYCLE DRIVER
20746343,Yes,COLLIN COUNTY SHERIFF'S OFFICE,25074485,OUTSIDE CITY LIMITS,DRIVER INATTENTION,COLLIN,2025-04-07,N - NOT INJURED,0,NO DATA,157 - MEDICAL CITY MCKINNEY,9.762,1,20 - DRIVER INATTENTION,No Data,No Data,75407,75407,No,JF2GUADC6RH274204,9,2 - FEMALE,N - NOT INJURED,0,2,3 - FRONT RIGHT
20746356,Yes,GREENVILLE POLICE DEPARTMENT,25-010060,GREENVILLE,FAILED TO YIELD RIGHT OF WAY - TURNING LEFT,HUNT,2025-04-07,N - NOT INJURED,0,NO DATA,133 - HUNT REGIONAL HEALTHCARE,2.109,,37 - FAILED TO YIELD RIGHT OF WAY - TURNING LEFT,No Data,No Data,75453,75803,No,1FTFW1EF6DKD34247,47,1 - MALE,N - NOT INJURED,0,1,1 - FRONT LEFT OR MOTORCYCLE DRIVER
20746356,Yes,GREENVILLE POLICE DEPARTMENT,25-010060,GREENVILLE,FAILED TO YIELD RIGHT OF WAY - TURNING LEFT,HUNT,2025-04-07,N - NOT INJURED,0,NO DATA,133 - HUNT REGIONAL HEALTHCARE,2.109,,No Data,No Data,No Data,75491,75418,No,JTDBL40E999025040,39,1 - MALE,N - NOT INJURED,0,1,1 - FRONT LEFT OR MOTORCYCLE DRIVER
20746366,Yes,LUBBOCK POLICE DEPARTMENT,250010781,LUBBOCK,FAILED TO YIELD RIGHT OF WAY - STOP SIGN;FAULTY EVASIVE ACTION,LUBBOCK,2025-04-07,C - POSSIBLE INJURY,0,NO DATA,77 - COVENANT CHILDRENS HOSPITAL,1.213,2,35 - FAILED TO YIELD RIGHT OF WAY - STOP SIGN,No Data,No Data,79413,79064,No,KNMAT2MT0HP552855,22,1 - MALE,C - POSSIBLE INJURY,0,1,1 - FRONT LEFT OR MOTORCYCLE DRIVER
20746366,Yes,LUBBOCK POLICE DEPARTMENT,250010781,LUBBOCK,FAILED TO YIELD RIGHT OF WAY - STOP SIGN;FAULTY EVASIVE ACTION,LUBBOCK,2025-04-07,C - POSSIBLE INJURY,0,NO DATA,77 - COVENANT CHILDRENS HOSPITAL,1.213,2,41 - FAULTY EVASIVE ACTION,No Data,No Data,79404,79404,Yes,1GYEC638X7R393023,21,1 - MALE,99 - UNKNOWN,0,1,1 - FRONT LEFT OR MOTORCYCLE DRIVER
20746396,Yes,BEAUMONT POLICE DEPARTMENT,2025006526,BEAUMONT,DRIVER INATTENTION; FAILED TO DRIVE IN SINGLE LANE,JEFFERSON,2025-04-07,N - NOT INJURED,0,NO DATA,9 - BAPTIST HOSPITALS OF SOUTHEAST TEXAS,0.795,,23 - FAILED TO DRIVE IN SINGLE LANE,20 - DRIVER INATTENTION,No Data,77662,77662,No,JF2SJAEC0HH590293,54,1 - MALE,N - NOT INJURED,0,1,1 - FRONT LEFT OR MOTORCYCLE DRIVER
20746404,Yes,BEAUMONT POLICE DEPARTMENT,2025006518,BEAUMONT,FAILED TO DRIVE IN SINGLE LANE,JEFFERSON,2025-04-07,99 - UNKNOWN,0,NO DATA,9 - BAPTIST HOSPITALS OF SOUTHEAST TEXAS,1.618,,23 - FAILED TO DRIVE IN SINGLE LANE,No Data,No Data,,,Yes,No Data,No Data,99 - UNKNOWN,99 - UNKNOWN,0,1,1 - FRONT LEFT OR MOTORCYCLE DRIVER
20746416,Yes,SAGINAW POLICE DEPARTMENT,25SG06503,SAGINAW,FAILED TO CONTROL SPEED;FAILED TO YIELD RIGHT OF WAY - OPEN INTERSECTION,TARRANT,2025-04-07,C - POSSIBLE INJURY,0,NO DATA,153 - MEDICAL CITY ALLIANCE,4.535,,33 - FAILED TO YIELD RIGHT OF WAY - OPEN INTERSECTION,No Data,No Data,76179,76179,No,3TMBZ5DN8NM033317,23,2 - FEMALE,N - NOT INJURED,0,1,1 - FRONT LEFT OR MOTORCYCLE DRIVER
20746416,Yes,SAGINAW POLICE DEPARTMENT,25SG06503,SAGINAW,FAILED TO CONTROL SPEED;FAILED TO YIELD RIGHT OF WAY - OPEN INTERSECTION,TARRANT,2025-04-07,C - POSSIBLE INJURY,0,NO DATA,153 - MEDICAL CITY ALLIANCE,4.535,,22 - FAILED TO CONTROL SPEED,No Data,No Data,76244,76244,No,2HGFC2F69LH566068,23,2 - FEMALE,C - POSSIBLE INJURY,0,1,1 - FRONT LEFT OR MOTORCYCLE DRIVER
20746423,Yes,PLUM GROVE POLICE DEPARTMENT,25-00033,PLUM GROVE,DISREGARD STOP SIGN OR LIGHT,LIBERTY,2025-04-07,C - POSSIBLE INJURY,0,NO DATA,118 - HCA HOUSTON HEALTHCARE KINGWOOD,14.671,,16 - DISREGARD STOP SIGN OR LIGHT,No Data,No Data,77327,77327,No,WBA1F5C55EVV98861,20,1 - MALE,N - NOT INJURED,0,1,1 - FRONT LEFT OR MOTORCYCLE DRIVER
20746423,Yes,PLUM GROVE POLICE DEPARTMENT,25-00033,PLUM GROVE,DISREGARD STOP SIGN OR LIGHT,LIBERTY,2025-04-07,C - POSSIBLE INJURY,0,NO DATA,118 - HCA HOUSTON HEALTHCARE KINGWOOD,14.671,,No Data,No Data,No Data,77327,77327,No,JA4AZ3A31GZ038471,46,2 - FEMALE,C - POSSIBLE INJURY,0,1,1 - FRONT LEFT OR MOTORCYCLE DRIVER
20746427,Yes,WEATHERFORD POLICE DEPARTMENT,250015442,WEATHERFORD,FAILED TO CONTROL SPEED,PARKER,2025-04-07,N - NOT INJURED,0,NO DATA,158 - MEDICAL CITY WEATHERFORD,1.988,,22 - FAILED TO CONTROL SPEED,No Data,No Data,76086,76086,No,2GNAXKEV6M6165197,44,2 - FEMALE,N - NOT INJURED,0,1,1 - FRONT LEFT OR MOTORCYCLE DRIVER
20746427,Yes,WEATHERFORD POLICE DEPARTMENT,250015442,WEATHERFORD,FAILED TO CONTROL SPEED,PARKER,2025-04-07,N - NOT INJURED,0,NO DATA,158 - MEDICAL CITY WEATHERFORD,1.988,,No Data,No Data,No Data,76108,76108,No,3N1CN7AP3HL849964,34,1 - MALE,N - NOT INJURED,0,1,1 - FRONT LEFT OR MOTORCYCLE DRIVER
20746429,Yes,WEATHERFORD POLICE DEPARTMENT,250015550,WEATHERFORD,IMPAIRED VISIBILITY (EXPLAIN IN NARRATIVE); TURNED WHEN UNSAFE,PARKER,2025-04-07,B - SUSPECTED MINOR INJURY,0,NO DATA,158 - MEDICAL CITY WEATHERFORD,0.75,,66 - TURNED WHEN UNSAFE,48 - IMPAIRED VISIBILITY (EXPLAIN IN NARRATIVE),No Data,76088,76086,No,1C4PJMDS0FW726882,25,2 - FEMALE,N - NOT INJURED,0,1,1 - FRONT LEFT OR MOTORCYCLE DRIVER
20746429,Yes,WEATHERFORD POLICE DEPARTMENT,250015550,WEATHERFORD,IMPAIRED VISIBILITY (EXPLAIN IN NARRATIVE); TURNED WHEN UNSAFE,PARKER,2025-04-07,B - SUSPECTED MINOR INJURY,0,NO DATA,158 - MEDICAL CITY WEATHERFORD,0.75,,66 - TURNED WHEN UNSAFE,48 - IMPAIRED VISIBILITY (EXPLAIN IN NARRATIVE),No Data,76088,76086,No,1C4PJMDS0FW726882,28,1 - MALE,N - NOT INJURED,0,2,3 - FRONT RIGHT
20746429,Yes,WEATHERFORD POLICE DEPARTMENT,250015550,WEATHERFORD,IMPAIRED VISIBILITY (EXPLAIN IN NARRATIVE); TURNED WHEN UNSAFE,PARKER,2025-04-07,B - SUSPECTED MINOR INJURY,0,NO DATA,158 - MEDICAL CITY WEATHERFORD,0.75,,66 - TURNED WHEN UNSAFE,48 - IMPAIRED VISIBILITY (EXPLAIN IN NARRATIVE),No Data,76088,76086,No,1C4PJMDS0FW726882,2,2 - FEMALE,N - NOT INJURED,0,3,4 - SECOND SEAT LEFT OR MOTORCYCLE BACK PASSENGER
20746429,Yes,WEATHERFORD POLICE DEPARTMENT,250015550,WEATHERFORD,IMPAIRED VISIBILITY (EXPLAIN IN NARRATIVE); TURNED WHEN UNSAFE,PARKER,2025-04-07,B - SUSPECTED MINOR INJURY,0,NO DATA,158 - MEDICAL CITY WEATHERFORD,0.75,,66 - TURNED WHEN UNSAFE,48 - IMPAIRED VISIBILITY (EXPLAIN IN NARRATIVE),No Data,76088,76086,No,1C4PJMDS0FW726882,0,2 - FEMALE,N - NOT INJURED,0,4,6 - SECOND SEAT RIGHT
20746429,Yes,WEATHERFORD POLICE DEPARTMENT,250015550,WEATHERFORD,IMPAIRED VISIBILITY (EXPLAIN IN NARRATIVE); TURNED WHEN UNSAFE,PARKER,2025-04-07,B - SUSPECTED MINOR INJURY,0,NO DATA,158 - MEDICAL CITY WEATHERFORD,0.75,,No Data,No Data,No Data,76086,76086,No,JKBZXJK10SA009220,26,1 - MALE,B - SUSPECTED MINOR INJURY,1,1,1 - FRONT LEFT OR MOTORCYCLE DRIVER
20746430,Yes,WEATHERFORD POLICE DEPARTMENT,250015523,WEATHERFORD,DRIVER INATTENTION,PARKER,2025-04-07,99 - UNKNOWN,0,NO DATA,158 - MEDICAL CITY WEATHERFORD,1.517,,20 - DRIVER INATTENTION,No Data,No Data,76087,76087,No,3LNHL2GC1AR636770,89,2 - FEMALE,99 - UNKNOWN,0,1,1 - FRONT LEFT OR MOTORCYCLE DRIVER
20746430,Yes,WEATHERFORD POLICE DEPARTMENT,250015523,WEATHERFORD,DRIVER INATTENTION,PARKER,2025-04-07,99 - UNKNOWN,0,NO DATA,158 - MEDICAL CITY WEATHERFORD,1.517,,No Data,No Data,No Data,76087,76087,No,1FT8W4DT8NED51875,53,1 - MALE,99 - UNKNOWN,0,1,1 - FRONT LEFT OR MOTORCYCLE DRIVER
20746434,Yes,LONGVIEW POLICE DEPARTMENT,25-4578,LONGVIEW,FAILED TO YIELD RIGHT OF WAY - TURNING LEFT,GREGG,2025-04-07,B - SUSPECTED MINOR INJURY,0,NO DATA,149 - LONGVIEW REGIONAL MEDICAL CENTER,2.377,,No Data,No Data,No Data,75693,75693,No,KNAGM4A71B5056974,49,2 - FEMALE,B - SUSPECTED MINOR INJURY,1,1,1 - FRONT LEFT OR MOTORCYCLE DRIVER
20746434,Yes,LONGVIEW POLICE DEPARTMENT,25-4578,LONGVIEW,FAILED TO YIELD RIGHT OF WAY - TURNING LEFT,GREGG,2025-04-07,B - SUSPECTED MINOR INJURY,0,NO DATA,149 - LONGVIEW REGIONAL MEDICAL CENTER,2.377,,37 - FAILED TO YIELD RIGHT OF WAY - TURNING LEFT,No Data,No Data,75604,75604,No,1G1ZE5ST6HF218734,16,2 - FEMALE,B - SUSPECTED MINOR INJURY,1,1,1 - FRONT LEFT OR MOTORCYCLE DRIVER
20746440,Yes,TEMPLE POLICE DEPARTMENT,25000525,TEMPLE,CHANGED LANE WHEN UNSAFE,BELL,2025-04-07,N - NOT INJURED,0,NO DATA,27 - BAYLOR SCOTT & WHITE MEDICAL CENTER - TEMPLE,1.297,,4 - CHANGED LANE WHEN UNSAFE,No Data,No Data,75159,75234,Yes,1XP5DB9X15N878227,36,1 - MALE,N - NOT INJURED,0,1,1 - FRONT LEFT OR MOTORCYCLE DRIVER
20746440,Yes,TEMPLE POLICE DEPARTMENT,25000525,TEMPLE,CHANGED LANE WHEN UNSAFE,BELL,2025-04-07,N - NOT INJURED,0,NO DATA,27 - BAYLOR SCOTT & WHITE MEDICAL CENTER - TEMPLE,1.297,,No Data,No Data,No Data,75605,75605,No,1GTUAAEDXRZ388466,51,1 - MALE,N - NOT INJURED,0,1,1 - FRONT LEFT OR MOTORCYCLE DRIVER
20746461,Yes,TRINITY POLICE DEPARTMENT,25040215,TRINITY,DRIVER INATTENTION;FAILED TO YIELD RIGHT OF WAY - STOP SIGN,TRINITY,2025-04-07,N - NOT INJURED,0,NO DATA,132 - HUNTSVILLE MEMORIAL HOSPITAL,20.344,,35 - FAILED TO YIELD RIGHT OF WAY - STOP SIGN,20 - DRIVER INATTENTION,No Data,75862,75862,No,27627045707092955,42,1 - MALE,N - NOT INJURED,0,1,1 - FRONT LEFT OR MOTORCYCLE DRIVER
20746461,Yes,TRINITY POLICE DEPARTMENT,25040215,TRINITY,DRIVER INATTENTION;FAILED TO YIELD RIGHT OF WAY - STOP SIGN,TRINITY,2025-04-07,N - NOT INJURED,0,NO DATA,132 - HUNTSVILLE MEMORIAL HOSPITAL,20.344,,No Data,No Data,No Data,77378,77378,No,1NP5DB9X77D734328,46,1 - MALE,N - NOT INJURED,0,1,1 - FRONT LEFT OR MOTORCYCLE DRIVER
20746461,Yes,TRINITY POLICE DEPARTMENT,25040215,TRINITY,DRIVER INATTENTION;FAILED TO YIELD RIGHT OF WAY - STOP SIGN,TRINITY,2025-04-07,N - NOT INJURED,0,NO DATA,132 - HUNTSVILLE MEMORIAL HOSPITAL,20.344,,No Data,No Data,No Data,75862,75862,No,1G4PP5SK1C4201534,82,2 - FEMALE,N - NOT INJURED,0,1,1 - FRONT LEFT OR MOTORCYCLE DRIVER
20746461,Yes,TRINITY POLICE DEPARTMENT,25040215,TRINITY,DRIVER INATTENTION;FAILED TO YIELD RIGHT OF WAY - STOP SIGN,TRINITY,2025-04-07,N - NOT INJURED,0,NO DATA,132 - HUNTSVILLE MEMORIAL HOSPITAL,20.344,,No Data,No Data,No Data,75862,75862,No,5J6YH18378L006219,48,2 - FEMALE,N - NOT INJURED,0,1,1 - FRONT LEFT OR MOTORCYCLE DRIVER
20746463,Yes,EARLY POLICE DEPARTMENT,25-010712,EARLY,OTHER (EXPLAIN IN NARRATIVE),BROWN,2025-04-07,N - NOT INJURED,0,NO DATA,No Data,No Data,,98 - OTHER (EXPLAIN IN NARRATIVE),No Data,No Data,76802,76821,No,3GCEC13078G238479,33,2 - FEMALE,N - NOT INJURED,0,1,1 - FRONT LEFT OR MOTORCYCLE DRIVER
20746463,Yes,EARLY POLICE DEPARTMENT,25-010712,EARLY,OTHER (EXPLAIN IN NARRATIVE),BROWN,2025-04-07,N - NOT INJURED,0,NO DATA,No Data,No Data,,98 - OTHER (EXPLAIN IN NARRATIVE),No Data,No Data,76802,76821,No,3GCEC13078G238479,5,2 - FEMALE,N - NOT INJURED,0,2,4 - SECOND SEAT LEFT OR MOTORCYCLE BACK PASSENGER
20746463,Yes,EARLY POLICE DEPARTMENT,25-010712,EARLY,OTHER (EXPLAIN IN NARRATIVE),BROWN,2025-04-07,N - NOT INJURED,0,NO DATA,No Data,No Data,,98 - OTHER (EXPLAIN IN NARRATIVE),No Data,No Data,76802,76821,No,3GCEC13078G238479,7,1 - MALE,N - NOT INJURED,0,3,6 - SECOND SEAT RIGHT
20746463,Yes,EARLY POLICE DEPARTMENT,25-010712,EARLY,OTHER (EXPLAIN IN NARRATIVE),BROWN,2025-04-07,N - NOT INJURED,0,NO DATA,No Data,No Data,,98 - OTHER (EXPLAIN IN NARRATIVE),No Data,No Data,76802,76802,No,1GNERFKW9NJ109145,52,2 - FEMALE,N - NOT INJURED,0,1,1 - FRONT LEFT OR MOTORCYCLE DRIVER
20746470,Yes,SAN ANGELO POLICE DEPARTMENT,20250003789,SAN ANGELO,FAILED TO DRIVE IN SINGLE LANE,TOM GREEN,2025-04-07,99 - UNKNOWN,0,NO DATA,233 - SHANNON MEDICAL CENTER SOUTH,1.47,,23 - FAILED TO DRIVE IN SINGLE LANE,No Data,No Data,,76904,Yes,3N1AB7AP4HL636201,No Data,99 - UNKNOWN,99 - UNKNOWN,0,1,1 - FRONT LEFT OR MOTORCYCLE DRIVER
20746475,Yes,SAN MARCOS POLICE DEPARTMENT,2025-00014912,SAN MARCOS,FAILED TO CONTROL SPEED,HAYS,2025-04-07,N - NOT INJURED,0,NO DATA,57 - CHRISTUS SANTA ROSA HOSPITAL - SAN MARCOS,2.054,,22 - FAILED TO CONTROL SPEED,No Data,No Data,75935,75935,No,KM8JU3AG8FU055234,21,2 - FEMALE,N - NOT INJURED,0,1,1 - FRONT LEFT OR MOTORCYCLE DRIVER
20746475,Yes,SAN MARCOS POLICE DEPARTMENT,2025-00014912,SAN MARCOS,FAILED TO CONTROL SPEED,HAYS,2025-04-07,N - NOT INJURED,0,NO DATA,57 - CHRISTUS SANTA ROSA HOSPITAL - SAN MARCOS,2.054,,No Data,No Data,No Data,78645,78645,No,2GCEC13T641400454,24,1 - MALE,N - NOT INJURED,0,1,1 - FRONT LEFT OR MOTORCYCLE DRIVER
20746476,Yes,SAN MARCOS POLICE DEPARTMENT,2025-00014923,SAN MARCOS,FAILED TO YIELD RIGHT OF WAY - TURNING LEFT,HAYS,2025-04-07,N - NOT INJURED,0,NO DATA,57 - CHRISTUS SANTA ROSA HOSPITAL - SAN MARCOS,1.375,,37 - FAILED TO YIELD RIGHT OF WAY - TURNING LEFT,No Data,No Data,78666,78666,No,5N1DR2MN9JC643001,59,1 - MALE,N - NOT INJURED,0,1,1 - FRONT LEFT OR MOTORCYCLE DRIVER
20746476,Yes,SAN MARCOS POLICE DEPARTMENT,2025-00014923,SAN MARCOS,FAILED TO YIELD RIGHT OF WAY - TURNING LEFT,HAYS,2025-04-07,N - NOT INJURED,0,NO DATA,57 - CHRISTUS SANTA ROSA HOSPITAL - SAN MARCOS,1.375,,No Data,No Data,No Data,78666,78666,No,1GKS2EKL0PR465606,37,1 - MALE,N - NOT INJURED,0,1,1 - FRONT LEFT OR MOTORCYCLE DRIVER
20746476,Yes,SAN MARCOS POLICE DEPARTMENT,2025-00014923,SAN MARCOS,FAILED TO YIELD RIGHT OF WAY - TURNING LEFT,HAYS,2025-04-07,N - NOT INJURED,0,NO DATA,57 - CHRISTUS SANTA ROSA HOSPITAL - SAN MARCOS,1.375,,No Data,No Data,No Data,78666,78666,No,1GKS2EKL0PR465606,25,1 - MALE,N - NOT INJURED,0,2,3 - FRONT RIGHT
20746484,Yes,FORT BEND COUNTY CONSTABLE PRECINCT 4,25-13838,OUTSIDE CITY LIMITS,FAILED TO CONTROL SPEED,FORT BEND,2025-04-07,N - NOT INJURED,0,NO DATA,203 - OAKBEND MEDICAL CENTER ***JS MAIN CAMPUS,6.541,,22 - FAILED TO CONTROL SPEED,No Data,No Data,77479,77479,No,4T1BF1FK7HU375776,59,2 - FEMALE,N - NOT INJURED,0,1,1 - FRONT LEFT OR MOTORCYCLE DRIVER
20746484,Yes,FORT BEND COUNTY CONSTABLE PRECINCT 4,25-13838,OUTSIDE CITY LIMITS,FAILED TO CONTROL SPEED,FORT BEND,2025-04-07,N - NOT INJURED,0,NO DATA,203 - OAKBEND MEDICAL CENTER ***JS MAIN CAMPUS,6.541,,No Data,No Data,No Data,77498,77498,No,5NPD84LF8HH210006,38,2 - FEMALE,N - NOT INJURED,0,1,1 - FRONT LEFT OR MOTORCYCLE DRIVER
20746487,Yes,CIBOLO POLICE DEPARTMENT,2025-19002,CIBOLO,DRIVER INATTENTION;FAILED TO YIELD RIGHT OF WAY - PRIVATE DRIVE,GUADALUPE,2025-04-07,N - NOT INJURED,0,NO DATA,202 - NORTHEAST METHODIST HOSPITAL,6.957,,34 - FAILED TO YIELD RIGHT OF WAY - PRIVATE DRIVE,No Data,No Data,78108,78108,No,JT3GN86R910192934,17,1 - MALE,N - NOT INJURED,0,1,1 - FRONT LEFT OR MOTORCYCLE DRIVER
20746487,Yes,CIBOLO POLICE DEPARTMENT,2025-19002,CIBOLO,DRIVER INATTENTION;FAILED TO YIELD RIGHT OF WAY - PRIVATE DRIVE,GUADALUPE,2025-04-07,N - NOT INJURED,0,NO DATA,202 - NORTHEAST METHODIST HOSPITAL,6.957,,34 - FAILED TO YIELD RIGHT OF WAY - PRIVATE DRIVE,No Data,No Data,78108,78108,No,JT3GN86R910192934,17,1 - MALE,N - NOT INJURED,0,2,2 - FRONT CENTER OR MOTORCYCLE SIDECAR PASSENGER
20746487,Yes,CIBOLO POLICE DEPARTMENT,2025-19002,CIBOLO,DRIVER INATTENTION;FAILED TO YIELD RIGHT OF WAY - PRIVATE DRIVE,GUADALUPE,2025-04-07,N - NOT INJURED,0,NO DATA,202 - NORTHEAST METHODIST HOSPITAL,6.957,,No Data,No Data,No Data,78108,78108,No,1GTG5BE31F1190232,16,2 - FEMALE,N - NOT INJURED,0,1,1 - FRONT LEFT OR MOTORCYCLE DRIVER
20746489,Yes,VICTORIA POLICE DEPARTMENT,2025-002220,VICTORIA,DISREGARD STOP AND GO SIGNAL,VICTORIA,2025-04-07,N - NOT INJURED,0,NO DATA,66 - CITIZENS MEDICAL CENTER,0.674,0,15 - DISREGARD STOP AND GO SIGNAL,No Data,No Data,77901,77901,No,1FTFW1EDXNFA89350,61,1 - MALE,N - NOT INJURED,0,1,1 - FRONT LEFT OR MOTORCYCLE DRIVER
20746489,Yes,VICTORIA POLICE DEPARTMENT,2025-002220,VICTORIA,DISREGARD STOP AND GO SIGNAL,VICTORIA,2025-04-07,N - NOT INJURED,0,NO DATA,66 - CITIZENS MEDICAL CENTER,0.674,0,No Data,No Data,No Data,77901,77901,No,2G1105S35H9114319,34,2 - FEMALE,N - NOT INJURED,0,1,1 - FRONT LEFT OR MOTORCYCLE DRIVER
20746489,Yes,VICTORIA POLICE DEPARTMENT,2025-002220,VICTORIA,DISREGARD STOP AND GO SIGNAL,VICTORIA,2025-04-07,N - NOT INJURED,0,NO DATA,66 - CITIZENS MEDICAL CENTER,0.674,0,No Data,No Data,No Data,77901,77901,No,2G1105S35H9114319,32,1 - MALE,N - NOT INJURED,0,2,3 - FRONT RIGHT
20746499,Yes,HARRIS COUNTY SHERIFF'S OFFICE,2504-02388,OUTSIDE CITY LIMITS,CHANGED LANE WHEN UNSAFE,HARRIS,2025-04-07,N - NOT INJURED,0,NO DATA,164 - MEMORIAL HERMANN KATY HOSPITAL,0.546,PD,4 - CHANGED LANE WHEN UNSAFE,No Data,No Data,77449,77449,No,1FUJA6CK45LV10027,46,1 - MALE,N - NOT INJURED,0,1,1 - FRONT LEFT OR MOTORCYCLE DRIVER
20746499,Yes,HARRIS COUNTY SHERIFF'S OFFICE,2504-02388,OUTSIDE CITY LIMITS,CHANGED LANE WHEN UNSAFE,HARRIS,2025-04-07,N - NOT INJURED,0,NO DATA,164 - MEMORIAL HERMANN KATY HOSPITAL,0.546,PD,No Data,No Data,No Data,77040,77040,No,1FT7W2BT3KEC96797,62,2 - FEMALE,N - NOT INJURED,0,1,1 - FRONT LEFT OR MOTORCYCLE DRIVER
20746501,Yes,"DEPARTMENT OF PUBLIC SAFETY, STATE OF TEXAS",TX25-541556,OUTSIDE CITY LIMITS,CHANGED LANE WHEN UNSAFE,NOLAN,2025-04-07,N - NOT INJURED,0,NO DATA,197 - MITCHELL COUNTY HOSPITAL,13.38,5C,4 - CHANGED LANE WHEN UNSAFE,No Data,No Data,44107,44056,No,3C7WRVLG3NE138204,46,1 - MALE,N - NOT INJURED,0,1,1 - FRONT LEFT OR MOTORCYCLE DRIVER
20746501,Yes,"DEPARTMENT OF PUBLIC SAFETY, STATE OF TEXAS",TX25-541556,OUTSIDE CITY LIMITS,CHANGED LANE WHEN UNSAFE,NOLAN,2025-04-07,N - NOT INJURED,0,NO DATA,197 - MITCHELL COUNTY HOSPITAL,13.38,5C,No Data,No Data,No Data,75605,75605,No,3GCUDHEL3RG426233,26,1 - MALE,N - NOT INJURED,0,1,1 - FRONT LEFT OR MOTORCYCLE DRIVER
20746504,Yes,EL PASO POLICE DEPARTMENT,25-097031,EL PASO,DRIVER INATTENTION;FAILED TO YIELD RIGHT OF WAY - PRIVATE DRIVE,EL PASO,2025-04-07,B - SUSPECTED MINOR INJURY,0,NO DATA,261 - THE HOSPITALS OF PROVIDENCE EAST CAMPUS,1.103,,34 - FAILED TO YIELD RIGHT OF WAY - PRIVATE DRIVE,20 - DRIVER INATTENTION,No Data,79938,79938,No,KNADM4A35D6279015,19,2 - FEMALE,N - NOT INJURED,0,1,1 - FRONT LEFT OR MOTORCYCLE DRIVER
20746504,Yes,EL PASO POLICE DEPARTMENT,25-097031,EL PASO,DRIVER INATTENTION;FAILED TO YIELD RIGHT OF WAY - PRIVATE DRIVE,EL PASO,2025-04-07,B - SUSPECTED MINOR INJURY,0,NO DATA,261 - THE HOSPITALS OF PROVIDENCE EAST CAMPUS,1.103,,34 - FAILED TO YIELD RIGHT OF WAY - PRIVATE DRIVE,20 - DRIVER INATTENTION,No Data,79938,79938,No,KNADM4A35D6279015,19,1 - MALE,N - NOT INJURED,0,2,3 - FRONT RIGHT
20746504,Yes,EL PASO POLICE DEPARTMENT,25-097031,EL PASO,DRIVER INATTENTION;FAILED TO YIELD RIGHT OF WAY - PRIVATE DRIVE,EL PASO,2025-04-07,B - SUSPECTED MINOR INJURY,0,NO DATA,261 - THE HOSPITALS OF PROVIDENCE EAST CAMPUS,1.103,,No Data,No Data,No Data,79928,79928,No,2HKYF18454H606918,53,1 - MALE,B - SUSPECTED MINOR INJURY,1,1,1 - FRONT LEFT OR MOTORCYCLE DRIVER
20746506,Yes,HARRIS COUNTY SHERIFF'S OFFICE,2504-02297,OUTSIDE CITY LIMITS,FAILED TO YIELD RIGHT OF WAY - TURNING LEFT,HARRIS,2025-04-07,N - NOT INJURED,0,NO DATA,248 - TEXAS CHILDRENS HOSPITAL WEST CAMPUS,3.544,PD,No Data,No Data,No Data,77080,77080,No,1HGFA16536L146269,20,1 - MALE,N - NOT INJURED,0,1,1 - FRONT LEFT OR MOTORCYCLE DRIVER
20746506,Yes,HARRIS COUNTY SHERIFF'S OFFICE,2504-02297,OUTSIDE CITY LIMITS,FAILED TO YIELD RIGHT OF WAY - TURNING LEFT,HARRIS,2025-04-07,N - NOT INJURED,0,NO DATA,248 - TEXAS CHILDRENS HOSPITAL WEST CAMPUS,3.544,PD,37 - FAILED TO YIELD RIGHT OF WAY - TURNING LEFT,No Data,No Data,,No Data,Yes,No Data,No Data,99 - UNKNOWN,99 - UNKNOWN,0,1,1 - FRONT LEFT OR MOTORCYCLE DRIVER
20746517,Yes,"DEPARTMENT OF PUBLIC SAFETY, STATE OF TEXAS",TX2025-540826,OUTSIDE CITY LIMITS,FAILED TO HEED WARNING SIGN;UNSAFE SPEED,GRIMES,2025-04-07,A - SUSPECTED SERIOUS INJURY,0,NO DATA,38 - CHI ST. JOSEPH HEALTH GRIMES HOSPITAL,16.874,2C,60 - UNSAFE SPEED,No Data,No Data,77356,77356,No,1HD1KBM19CB603081,55,1 - MALE,A - SUSPECTED SERIOUS INJURY,0,1,1 - FRONT LEFT OR MOTORCYCLE DRIVER
20746521,Yes,EL PASO POLICE DEPARTMENT,25-097037,EL PASO,DRIVER INATTENTION; FAILED TO CONTROL SPEED,EL PASO,2025-04-07,N - NOT INJURED,0,NO DATA,"88 - DEL SOL MEDICAL CENTER, A CAMPUS OF LPDS HEALTHCARE",3.856,,22 - FAILED TO CONTROL SPEED,No Data,No Data,79936,79936,No,1J4BA3H1XBL583550,47,1 - MALE,N - NOT INJURED,0,1,1 - FRONT LEFT OR MOTORCYCLE DRIVER
20746521,Yes,EL PASO POLICE DEPARTMENT,25-097037,EL PASO,DRIVER INATTENTION; FAILED TO CONTROL SPEED,EL PASO,2025-04-07,N - NOT INJURED,0,NO DATA,"88 - DEL SOL MEDICAL CENTER, A CAMPUS OF LPDS HEALTHCARE",3.856,,No Data,No Data,No Data,79912,79912,No,KL4MMBS29PB109145,50,2 - FEMALE,N - NOT INJURED,0,1,1 - FRONT LEFT OR MOTORCYCLE DRIVER
20746527,Yes,EL PASO POLICE DEPARTMENT,25-097097,EL PASO,DRIVER INATTENTION;FAILED TO YIELD RIGHT OF WAY - TURNING LEFT,EL PASO,2025-04-07,B - SUSPECTED MINOR INJURY,0,NO DATA,261 - THE HOSPITALS OF PROVIDENCE EAST CAMPUS,2.841,,37 - FAILED TO YIELD RIGHT OF WAY - TURNING LEFT,20 - DRIVER INATTENTION,No Data,79936,79936,No,1LNHM82W714680033,52,2 - FEMALE,N - NOT INJURED,0,1,1 - FRONT LEFT OR MOTORCYCLE DRIVER
20746527,Yes,EL PASO POLICE DEPARTMENT,25-097097,EL PASO,DRIVER INATTENTION;FAILED TO YIELD RIGHT OF WAY - TURNING LEFT,EL PASO,2025-04-07,B - SUSPECTED MINOR INJURY,0,NO DATA,261 - THE HOSPITALS OF PROVIDENCE EAST CAMPUS,2.841,,37 - FAILED TO YIELD RIGHT OF WAY - TURNING LEFT,20 - DRIVER INATTENTION,No Data,79936,79936,No,1LNHM82W714680033,25,1 - MALE,N - NOT INJURED,0,2,3 - FRONT RIGHT
20746527,Yes,EL PASO POLICE DEPARTMENT,25-097097,EL PASO,DRIVER INATTENTION;FAILED TO YIELD RIGHT OF WAY - TURNING LEFT,EL PASO,2025-04-07,B - SUSPECTED MINOR INJURY,0,NO DATA,261 - THE HOSPITALS OF PROVIDENCE EAST CAMPUS,2.841,,No Data,No Data,No Data,79928,79928,No,JTDJT923185159549,42,1 - MALE,B - SUSPECTED MINOR INJURY,1,1,1 - FRONT LEFT OR MOTORCYCLE DRIVER
20746527,Yes,EL PASO POLICE DEPARTMENT,25-097097,EL PASO,DRIVER INATTENTION;FAILED TO YIELD RIGHT OF WAY - TURNING LEFT,EL PASO,2025-04-07,B - SUSPECTED MINOR INJURY,0,NO DATA,261 - THE HOSPITALS OF PROVIDENCE EAST CAMPUS,2.841,,No Data,No Data,No Data,79928,79928,No,JTDJT923185159549,55,2 - FEMALE,B - SUSPECTED MINOR INJURY,1,2,3 - FRONT RIGHT
20746528,Yes,HARLINGEN POLICE DEPARTMENT,2025-25213,HARLINGEN,DRIVER INATTENTION; FAILED TO CONTROL SPEED,CAMERON,2025-04-07,C - POSSIBLE INJURY,0,NO DATA,290 - VALLEY BAPTIST MEDICAL CENTER,0.107,B4,22 - FAILED TO CONTROL SPEED,No Data,No Data,78521,78521,No,2C3CDXBG8PH531042,37,1 - MALE,N - NOT INJURED,0,1,1 - FRONT LEFT OR MOTORCYCLE DRIVER
20746528,Yes,HARLINGEN POLICE DEPARTMENT,2025-25213,HARLINGEN,DRIVER INATTENTION; FAILED TO CONTROL SPEED,CAMERON,2025-04-07,C - POSSIBLE INJURY,0,NO DATA,290 - VALLEY BAPTIST MEDICAL CENTER,0.107,B4,22 - FAILED TO CONTROL SPEED,No Data,No Data,78521,78521,No,2C3CDXBG8PH531042,30,2 - FEMALE,N - NOT INJURED,0,2,3 - FRONT RIGHT
20746528,Yes,HARLINGEN POLICE DEPARTMENT,2025-25213,HARLINGEN,DRIVER INATTENTION; FAILED TO CONTROL SPEED,CAMERON,2025-04-07,C - POSSIBLE INJURY,0,NO DATA,290 - VALLEY BAPTIST MEDICAL CENTER,0.107,B4,22 - FAILED TO CONTROL SPEED,No Data,No Data,78521,78521,No,2C3CDXBG8PH531042,4,2 - FEMALE,N - NOT INJURED,0,3,4 - SECOND SEAT LEFT OR MOTORCYCLE BACK PASSENGER
20746528,Yes,HARLINGEN POLICE DEPARTMENT,2025-25213,HARLINGEN,DRIVER INATTENTION; FAILED TO CONTROL SPEED,CAMERON,2025-04-07,C - POSSIBLE INJURY,0,NO DATA,290 - VALLEY BAPTIST MEDICAL CENTER,0.107,B4,22 - FAILED TO CONTROL SPEED,No Data,No Data,78521,78521,No,2C3CDXBG8PH531042,10,1 - MALE,N - NOT INJURED,0,4,6 - SECOND SEAT RIGHT
20746528,Yes,HARLINGEN POLICE DEPARTMENT,2025-25213,HARLINGEN,DRIVER INATTENTION; FAILED TO CONTROL SPEED,CAMERON,2025-04-07,C - POSSIBLE INJURY,0,NO DATA,290 - VALLEY BAPTIST MEDICAL CENTER,0.107,B4,No Data,No Data,No Data,78520,78586,No,MLHJC9218P5102937,29,2 - FEMALE,C - POSSIBLE INJURY,0,1,1 - FRONT LEFT OR MOTORCYCLE DRIVER
20746536,Yes,HARLINGEN POLICE DEPARTMENT,2025-25194,HARLINGEN,DISREGARD STOP AND GO SIGNAL; DRIVER INATTENTION,CAMERON,2025-04-07,N - NOT INJURED,0,NO DATA,290 - VALLEY BAPTIST MEDICAL CENTER,1.281,B3,20 - DRIVER INATTENTION,No Data,No Data,78566,78566,No,WDDGF54XX9R051974,25,2 - FEMALE,N - NOT INJURED,0,1,1 - FRONT LEFT OR MOTORCYCLE DRIVER
20746536,Yes,HARLINGEN POLICE DEPARTMENT,2025-25194,HARLINGEN,DISREGARD STOP AND GO SIGNAL; DRIVER INATTENTION,CAMERON,2025-04-07,N - NOT INJURED,0,NO DATA,290 - VALLEY BAPTIST MEDICAL CENTER,1.281,B3,20 - DRIVER INATTENTION,No Data,No Data,78566,78566,No,WDDGF54XX9R051974,19,2 - FEMALE,N - NOT INJURED,0,2,3 - FRONT RIGHT
20746536,Yes,HARLINGEN POLICE DEPARTMENT,2025-25194,HARLINGEN,DISREGARD STOP AND GO SIGNAL; DRIVER INATTENTION,CAMERON,2025-04-07,N - NOT INJURED,0,NO DATA,290 - VALLEY BAPTIST MEDICAL CENTER,1.281,B3,20 - DRIVER INATTENTION,No Data,No Data,78550,78550,No,2G1WF55E219350823,67,1 - MALE,N - NOT INJURED,0,1,1 - FRONT LEFT OR MOTORCYCLE DRIVER
20746536,Yes,HARLINGEN POLICE DEPARTMENT,2025-25194,HARLINGEN,DISREGARD STOP AND GO SIGNAL; DRIVER INATTENTION,CAMERON,2025-04-07,N - NOT INJURED,0,NO DATA,290 - VALLEY BAPTIST MEDICAL CENTER,1.281,B3,20 - DRIVER INATTENTION,No Data,No Data,78550,78550,No,2G1WF55E219350823,43,2 - FEMALE,N - NOT INJURED,0,2,3 - FRONT RIGHT
20746543,Yes,VAN ALSTYNE POLICE DEPARTMENT,2500008498,VAN ALSTYNE,DRIVER INATTENTION; FAILED TO CONTROL SPEED,GRAYSON,2025-04-07,N - NOT INJURED,0,NO DATA,303 - WILSON N. JONES REGIONAL MEDICAL CENTER,12.451,,20 - DRIVER INATTENTION,22 - FAILED TO CONTROL SPEED,No Data,74457,74457,No,1GCPYFED4NZ207869,48,1 - MALE,N - NOT INJURED,0,1,1 - FRONT LEFT OR MOTORCYCLE DRIVER
20746543,Yes,VAN ALSTYNE POLICE DEPARTMENT,2500008498,VAN ALSTYNE,DRIVER INATTENTION; FAILED TO CONTROL SPEED,GRAYSON,2025-04-07,N - NOT INJURED,0,NO DATA,303 - WILSON N. JONES REGIONAL MEDICAL CENTER,12.451,,20 - DRIVER INATTENTION,22 - FAILED TO CONTROL SPEED,No Data,74457,74457,No,1GCPYFED4NZ207869,4,2 - FEMALE,N - NOT INJURED,0,2,5 - SECOND SEAT CENTER
20746543,Yes,VAN ALSTYNE POLICE DEPARTMENT,2500008498,VAN ALSTYNE,DRIVER INATTENTION; FAILED TO CONTROL SPEED,GRAYSON,2025-04-07,N - NOT INJURED,0,NO DATA,303 - WILSON N. JONES REGIONAL MEDICAL CENTER,12.451,,No Data,No Data,No Data,75090,75090,No,1FMCU0F71DUB45838,33,1 - MALE,N - NOT INJURED,0,1,1 - FRONT LEFT OR MOTORCYCLE DRIVER
20746544,Yes,HARRIS COUNTY SHERIFF'S OFFICE,2504-02414,OUTSIDE CITY LIMITS,BACKED WITHOUT SAFETY,HARRIS,2025-04-07,N - NOT INJURED,0,NO DATA,No Data,No Data,PD,3 - BACKED WITHOUT SAFETY,No Data,No Data,77095,77095,No,3GCPCSEA5DG264139,30,1 - MALE,N - NOT INJURED,0,1,1 - FRONT LEFT OR MOTORCYCLE DRIVER
20746544,Yes,HARRIS COUNTY SHERIFF'S OFFICE,2504-02414,OUTSIDE CITY LIMITS,BACKED WITHOUT SAFETY,HARRIS,2025-04-07,N - NOT INJURED,0,NO DATA,No Data,No Data,PD,No Data,No Data,No Data,77493,77493,No,SALYT2EX1MA326829,36,2 - FEMALE,N - NOT INJURED,0,1,1 - FRONT LEFT OR MOTORCYCLE DRIVER
20746568,Yes,DALLAS FT WORTH AIRPORT POLICE DEPARTMENT,25-01264,IRVING,DRIVER INATTENTION,DALLAS,2025-04-07,N - NOT INJURED,0,NO DATA,155 - MEDICAL CITY LAS COLINAS,2.787,,20 - DRIVER INATTENTION,No Data,No Data,75001,75001,No,1GCZGUCG5F1284005,43,1 - MALE,N - NOT INJURED,0,1,1 - FRONT LEFT OR MOTORCYCLE DRIVER
20746568,Yes,DALLAS FT WORTH AIRPORT POLICE DEPARTMENT,25-01264,IRVING,DRIVER INATTENTION,DALLAS,2025-04-07,N - NOT INJURED,0,NO DATA,155 - MEDICAL CITY LAS COLINAS,2.787,,No Data,No Data,No Data,75028,75247,No,1FVACWDT6GHGX5373,62,1 - MALE,N - NOT INJURED,0,1,1 - FRONT LEFT OR MOTORCYCLE DRIVER
20746569,Yes,COMAL COUNTY SHERIFF'S OFFICE,2504-1599,SAN MARCOS,FAILED TO CONTROL SPEED; FLEEING OR EVADING POLICE,HAYS,2025-04-07,N - NOT INJURED,0,NO DATA,57 - CHRISTUS SANTA ROSA HOSPITAL - SAN MARCOS,4.956,,22 - FAILED TO CONTROL SPEED,43 - FLEEING OR EVADING POLICE,No Data,78728,78728,Yes,WDDGF54XX9R065499,25,1 - MALE,N - NOT INJURED,0,1,1 - FRONT LEFT OR MOTORCYCLE DRIVER
20746569,Yes,COMAL COUNTY SHERIFF'S OFFICE,2504-1599,SAN MARCOS,FAILED TO CONTROL SPEED; FLEEING OR EVADING POLICE,HAYS,2025-04-07,N - NOT INJURED,0,NO DATA,57 - CHRISTUS SANTA ROSA HOSPITAL - SAN MARCOS,4.956,,22 - FAILED TO CONTROL SPEED,43 - FLEEING OR EVADING POLICE,No Data,78728,78728,Yes,WDDGF54XX9R065499,26,2 - FEMALE,N - NOT INJURED,0,2,3 - FRONT RIGHT
20746569,Yes,COMAL COUNTY SHERIFF'S OFFICE,2504-1599,SAN MARCOS,FAILED TO CONTROL SPEED; FLEEING OR EVADING POLICE,HAYS,2025-04-07,N - NOT INJURED,0,NO DATA,57 - CHRISTUS SANTA ROSA HOSPITAL - SAN MARCOS,4.956,,22 - FAILED TO CONTROL SPEED,43 - FLEEING OR EVADING POLICE,No Data,78728,78728,Yes,WDDGF54XX9R065499,42,1 - MALE,N - NOT INJURED,0,3,6 - SECOND SEAT RIGHT
20746572,Yes,COMAL COUNTY SHERIFF'S OFFICE,2504-1456,OUTSIDE CITY LIMITS,FAILED TO DRIVE IN SINGLE LANE,COMAL,2025-04-07,B - SUSPECTED MINOR INJURY,0,NO DATA,56 - CHRISTUS SANTA ROSA HOSPITAL - NEW BRAUNFELS,15.529,,23 - FAILED TO DRIVE IN SINGLE LANE,No Data,No Data,78133,78133,No,3GCPCREC7HG395752,65,1 - MALE,N - NOT INJURED,0,1,1 - FRONT LEFT OR MOTORCYCLE DRIVER
20746572,Yes,COMAL COUNTY SHERIFF'S OFFICE,2504-1456,OUTSIDE CITY LIMITS,FAILED TO DRIVE IN SINGLE LANE,COMAL,2025-04-07,B - SUSPECTED MINOR INJURY,0,NO DATA,56 - CHRISTUS SANTA ROSA HOSPITAL - NEW BRAUNFELS,15.529,,No Data,No Data,No Data,78133,78133,No,4T1BF32K13U566300,37,2 - FEMALE,B - SUSPECTED MINOR INJURY,1,1,1 - FRONT LEFT OR MOTORCYCLE DRIVER
20746584,Yes,CORSICANA POLICE DEPARTMENT,6064,CORSICANA,FAILED TO YIELD RIGHT OF WAY - STOP SIGN,NAVARRO,2025-04-07,N - NOT INJURED,0,NO DATA,193 - NAVARRO REGIONAL HOSPITAL,2.689,,35 - FAILED TO YIELD RIGHT OF WAY - STOP SIGN,No Data,No Data,75110,76712,No,1FDUF4GNXMDA00185,66,1 - MALE,N - NOT INJURED,0,1,1 - FRONT LEFT OR MOTORCYCLE DRIVER
20746584,Yes,CORSICANA POLICE DEPARTMENT,6064,CORSICANA,FAILED TO YIELD RIGHT OF WAY - STOP SIGN,NAVARRO,2025-04-07,N - NOT INJURED,0,NO DATA,193 - NAVARRO REGIONAL HOSPITAL,2.689,,No Data,No Data,No Data,75110,75062,No,1N6BA0EJ8BN316093,36,1 - MALE,N - NOT INJURED,0,1,1 - FRONT LEFT OR MOTORCYCLE DRIVER
20746584,Yes,CORSICANA POLICE DEPARTMENT,6064,CORSICANA,FAILED TO YIELD RIGHT OF WAY - STOP SIGN,NAVARRO,2025-04-07,N - NOT INJURED,0,NO DATA,193 - NAVARRO REGIONAL HOSPITAL,2.689,,No Data,No Data,No Data,75110,75062,No,1N6BA0EJ8BN316093,40,1 - MALE,N - NOT INJURED,0,2,3 - FRONT RIGHT
20746584,Yes,CORSICANA POLICE DEPARTMENT,6064,CORSICANA,FAILED TO YIELD RIGHT OF WAY - STOP SIGN,NAVARRO,2025-04-07,N - NOT INJURED,0,NO DATA,193 - NAVARRO REGIONAL HOSPITAL,2.689,,No Data,No Data,No Data,75110,75062,No,1N6BA0EJ8BN316093,19,1 - MALE,N - NOT INJURED,0,3,6 - SECOND SEAT RIGHT
20746587,Yes,DEL RIO POLICE DEPARTMENT,202500010054,DEL RIO,UNSAFE SPEED;TURNED IMPROPERLY - WIDE RIGHT,VAL VERDE,2025-04-07,N - NOT INJURED,0,NO DATA,291 - VAL VERDE REGIONAL MEDICAL CENTER,0.023,,64 - TURNED IMPROPERLY - WIDE RIGHT,No Data,No Data,78840,78840,No,1FTRX07W9YKB30307,67,1 - MALE,N - NOT INJURED,0,1,1 - FRONT LEFT OR MOTORCYCLE DRIVER
20746587,Yes,DEL RIO POLICE DEPARTMENT,202500010054,DEL RIO,UNSAFE SPEED;TURNED IMPROPERLY - WIDE RIGHT,VAL VERDE,2025-04-07,N - NOT INJURED,0,NO DATA,291 - VAL VERDE REGIONAL MEDICAL CENTER,0.023,,60 - UNSAFE SPEED,No Data,No Data,78840,78840,No,1V2SE2CA9PC208427,45,2 - FEMALE,N - NOT INJURED,0,1,1 - FRONT LEFT OR MOTORCYCLE DRIVER
20746609,Yes,COLLEGE STATION POLICE DEPARTMENT,2025-002514,COLLEGE STATION,FAILED TO CONTROL SPEED,BRAZOS,2025-04-07,B - SUSPECTED MINOR INJURY,0,NO DATA,39 - CHI ST JOSEPH HEALTH - COLLEGE STATION HOSPITAL,1.649,,22 - FAILED TO CONTROL SPEED,No Data,No Data,77845,78963,No,1D3HV13T79S760824,16,1 - MALE,N - NOT INJURED,0,1,1 - FRONT LEFT OR MOTORCYCLE DRIVER
20746609,Yes,COLLEGE STATION POLICE DEPARTMENT,2025-002514,COLLEGE STATION,FAILED TO CONTROL SPEED,BRAZOS,2025-04-07,B - SUSPECTED MINOR INJURY,0,NO DATA,39 - CHI ST JOSEPH HEALTH - COLLEGE STATION HOSPITAL,1.649,,22 - FAILED TO CONTROL SPEED,No Data,No Data,77845,78963,No,1D3HV13T79S760824,17,2 - FEMALE,C - POSSIBLE INJURY,0,2,3 - FRONT RIGHT
20746609,Yes,COLLEGE STATION POLICE DEPARTMENT,2025-002514,COLLEGE STATION,FAILED TO CONTROL SPEED,BRAZOS,2025-04-07,B - SUSPECTED MINOR INJURY,0,NO DATA,39 - CHI ST JOSEPH HEALTH - COLLEGE STATION HOSPITAL,1.649,,22 - FAILED TO CONTROL SPEED,No Data,No Data,77845,78963,No,1D3HV13T79S760824,14,2 - FEMALE,N - NOT INJURED,0,3,3 - FRONT RIGHT
20746609,Yes,COLLEGE STATION POLICE DEPARTMENT,2025-002514,COLLEGE STATION,FAILED TO CONTROL SPEED,BRAZOS,2025-04-07,B - SUSPECTED MINOR INJURY,0,NO DATA,39 - CHI ST JOSEPH HEALTH - COLLEGE STATION HOSPITAL,1.649,,No Data,No Data,No Data,77840,77840,No,5FNRL5H48DB008213,48,1 - MALE,N - NOT INJURED,0,1,1 - FRONT LEFT OR MOTORCYCLE DRIVER
20746609,Yes,COLLEGE STATION POLICE DEPARTMENT,2025-002514,COLLEGE STATION,FAILED TO CONTROL SPEED,BRAZOS,2025-04-07,B - SUSPECTED MINOR INJURY,0,NO DATA,39 - CHI ST JOSEPH HEALTH - COLLEGE STATION HOSPITAL,1.649,,No Data,No Data,No Data,77840,77840,No,5FNRL5H48DB008213,17,2 - FEMALE,B - SUSPECTED MINOR INJURY,1,2,6 - SECOND SEAT RIGHT
20746609,Yes,COLLEGE STATION POLICE DEPARTMENT,2025-002514,COLLEGE STATION,FAILED TO CONTROL SPEED,BRAZOS,2025-04-07,B - SUSPECTED MINOR INJURY,0,NO DATA,39 - CHI ST JOSEPH HEALTH - COLLEGE STATION HOSPITAL,1.649,,No Data,No Data,No Data,77845,77845,No,5XYP5DGC6RG459113,53,2 - FEMALE,N - NOT INJURED,0,1,1 - FRONT LEFT OR MOTORCYCLE DRIVER
20746609,Yes,COLLEGE STATION POLICE DEPARTMENT,2025-002514,COLLEGE STATION,FAILED TO CONTROL SPEED,BRAZOS,2025-04-07,B - SUSPECTED MINOR INJURY,0,NO DATA,39 - CHI ST JOSEPH HEALTH - COLLEGE STATION HOSPITAL,1.649,,No Data,No Data,No Data,77845,77845,No,5XYP5DGC6RG459113,14,2 - FEMALE,N - NOT INJURED,0,2,3 - FRONT RIGHT
20746615,Yes,PROSPER POLICE DEPARTMENT,25008806,PROSPER,BACKED WITHOUT SAFETY,COLLIN,2025-04-07,N - NOT INJURED,0,NO DATA,22 - BAYLOR SCOTT & WHITE MEDICAL CENTER - MCKINNEY,6.175,,3 - BACKED WITHOUT SAFETY,No Data,No Data,75072,75072,No,JN8AY2NDXJ9053407,82,2 - FEMALE,N - NOT INJURED,0,1,1 - FRONT LEFT OR MOTORCYCLE DRIVER
20746631,Yes,MANSFIELD POLICE DEPARTMENT,25040709,MANSFIELD,DRIVER INATTENTION; FOLLOWED TOO CLOSELY,TARRANT,2025-04-07,C - POSSIBLE INJURY,0,NO DATA,184 - METHODIST MANSFIELD MEDICAL CENTER,2.913,,44 - FOLLOWED TOO CLOSELY,No Data,No Data,75052,75052,No,4T1BE32K03U762957,56,1 - MALE,N - NOT INJURED,0,1,1 - FRONT LEFT OR MOTORCYCLE DRIVER
20746631,Yes,MANSFIELD POLICE DEPARTMENT,25040709,MANSFIELD,DRIVER INATTENTION; FOLLOWED TOO CLOSELY,TARRANT,2025-04-07,C - POSSIBLE INJURY,0,NO DATA,184 - METHODIST MANSFIELD MEDICAL CENTER,2.913,,No Data,No Data,No Data,76013,97217,No,3N1AB8BV6RY280275,56,2 - FEMALE,C - POSSIBLE INJURY,0,1,1 - FRONT LEFT OR MOTORCYCLE DRIVER
20746631,Yes,MANSFIELD POLICE DEPARTMENT,25040709,MANSFIELD,DRIVER INATTENTION; FOLLOWED TOO CLOSELY,TARRANT,2025-04-07,C - POSSIBLE INJURY,0,NO DATA,184 - METHODIST MANSFIELD MEDICAL CENTER,2.913,,No Data,No Data,No Data,76013,97217,No,3N1AB8BV6RY280275,46,1 - MALE,C - POSSIBLE INJURY,0,2,3 - FRONT RIGHT
20746641,Yes,EL PASO POLICE DEPARTMENT,25-097046,EL PASO,FAILED TO DRIVE IN SINGLE LANE,EL PASO,2025-04-07,99 - UNKNOWN,0,NO DATA,275 - THE HOSPITALS OF PROVIDENCE TRANSMOUNTAIN CAMPUS,3.298,,23 - FAILED TO DRIVE IN SINGLE LANE,No Data,No Data,,No Data,Yes,No Data,No Data,99 - UNKNOWN,99 - UNKNOWN,0,1,1 - FRONT LEFT OR MOTORCYCLE DRIVER
20746646,Yes,EL PASO POLICE DEPARTMENT,25-097125,EL PASO,FAILED TO YIELD RIGHT OF WAY - STOP SIGN,EL PASO,2025-04-07,C - POSSIBLE INJURY,0,NO DATA,275 - THE HOSPITALS OF PROVIDENCE TRANSMOUNTAIN CAMPUS,4.131,,35 - FAILED TO YIELD RIGHT OF WAY - STOP SIGN,No Data,No Data,79932,79932,No,3N1AB8CV6PY320558,20,2 - FEMALE,N - NOT INJURED,0,1,1 - FRONT LEFT OR MOTORCYCLE DRIVER
20746646,Yes,EL PASO POLICE DEPARTMENT,25-097125,EL PASO,FAILED TO YIELD RIGHT OF WAY - STOP SIGN,EL PASO,2025-04-07,C - POSSIBLE INJURY,0,NO DATA,275 - THE HOSPITALS OF PROVIDENCE TRANSMOUNTAIN CAMPUS,4.131,,No Data,No Data,No Data,79922,79922,No,5J6RM3H97GL001780,55,2 - FEMALE,C - POSSIBLE INJURY,0,1,1 - FRONT LEFT OR MOTORCYCLE DRIVER
20746657,Yes,KILLEEN POLICE DEPARTMENT,C25-0604,KILLEEN,FAILED TO YIELD RIGHT OF WAY - PRIVATE DRIVE;FAILED TO YIELD RIGHT OF WAY - STOP SIGN,BELL,2025-04-07,N - NOT INJURED,0,NO DATA,11 - ADVENTHEALTH CENTRAL TEXAS,2.286,,34 - FAILED TO YIELD RIGHT OF WAY - PRIVATE DRIVE,No Data,No Data,76549,76549,No,3C4PDCABXKT810259,30,2 - FEMALE,N - NOT INJURED,0,1,1 - FRONT LEFT OR MOTORCYCLE DRIVER
20746657,Yes,KILLEEN POLICE DEPARTMENT,C25-0604,KILLEEN,FAILED TO YIELD RIGHT OF WAY - PRIVATE DRIVE;FAILED TO YIELD RIGHT OF WAY - STOP SIGN,BELL,2025-04-07,N - NOT INJURED,0,NO DATA,11 - ADVENTHEALTH CENTRAL TEXAS,2.286,,35 - FAILED TO YIELD RIGHT OF WAY - STOP SIGN,No Data,No Data,76549,76549,No,3CP4DCBB9GT167313,69,2 - FEMALE,N - NOT INJURED,0,1,1 - FRONT LEFT OR MOTORCYCLE DRIVER
20746675,Yes,"DEPARTMENT OF PUBLIC SAFETY, STATE OF TEXAS",TX 25-540760,OUTSIDE CITY LIMITS,FAILED TO YIELD RIGHT OF WAY - STOP SIGN,LIBERTY,2025-04-07,N - NOT INJURED,0,NO DATA,118 - HCA HOUSTON HEALTHCARE KINGWOOD,15.615,2C,35 - FAILED TO YIELD RIGHT OF WAY - STOP SIGN,No Data,No Data,77535,77327,No,4UZABRFC1NCMU1867,67,2 - FEMALE,N - NOT INJURED,0,1,1 - FRONT LEFT OR MOTORCYCLE DRIVER
20746675,Yes,"DEPARTMENT OF PUBLIC SAFETY, STATE OF TEXAS",TX 25-540760,OUTSIDE CITY LIMITS,FAILED TO YIELD RIGHT OF WAY - STOP SIGN,LIBERTY,2025-04-07,N - NOT INJURED,0,NO DATA,118 - HCA HOUSTON HEALTHCARE KINGWOOD,15.615,2C,35 - FAILED TO YIELD RIGHT OF WAY - STOP SIGN,No Data,No Data,77535,77327,No,4UZABRFC1NCMU1867,14,1 - MALE,N - NOT INJURED,0,2,14 - PASSENGER IN BUS
20746675,Yes,"DEPARTMENT OF PUBLIC SAFETY, STATE OF TEXAS",TX 25-540760,OUTSIDE CITY LIMITS,FAILED TO YIELD RIGHT OF WAY - STOP SIGN,LIBERTY,2025-04-07,N - NOT INJURED,0,NO DATA,118 - HCA HOUSTON HEALTHCARE KINGWOOD,15.615,2C,35 - FAILED TO YIELD RIGHT OF WAY - STOP SIGN,No Data,No Data,77535,77327,No,4UZABRFC1NCMU1867,12,2 - FEMALE,N - NOT INJURED,0,3,14 - PASSENGER IN BUS
20746675,Yes,"DEPARTMENT OF PUBLIC SAFETY, STATE OF TEXAS",TX 25-540760,OUTSIDE CITY LIMITS,FAILED TO YIELD RIGHT OF WAY - STOP SIGN,LIBERTY,2025-04-07,N - NOT INJURED,0,NO DATA,118 - HCA HOUSTON HEALTHCARE KINGWOOD,15.615,2C,35 - FAILED TO YIELD RIGHT OF WAY - STOP SIGN,No Data,No Data,77535,77327,No,4UZABRFC1NCMU1867,12,2 - FEMALE,N - NOT INJURED,0,4,14 - PASSENGER IN BUS
20746675,Yes,"DEPARTMENT OF PUBLIC SAFETY, STATE OF TEXAS",TX 25-540760,OUTSIDE CITY LIMITS,FAILED TO YIELD RIGHT OF WAY - STOP SIGN,LIBERTY,2025-04-07,N - NOT INJURED,0,NO DATA,118 - HCA HOUSTON HEALTHCARE KINGWOOD,15.615,2C,35 - FAILED TO YIELD RIGHT OF WAY - STOP SIGN,No Data,No Data,77535,77327,No,4UZABRFC1NCMU1867,11,2 - FEMALE,N - NOT INJURED,0,5,14 - PASSENGER IN BUS
20746675,Yes,"DEPARTMENT OF PUBLIC SAFETY, STATE OF TEXAS",TX 25-540760,OUTSIDE CITY LIMITS,FAILED TO YIELD RIGHT OF WAY - STOP SIGN,LIBERTY,2025-04-07,N - NOT INJURED,0,NO DATA,118 - HCA HOUSTON HEALTHCARE KINGWOOD,15.615,2C,35 - FAILED TO YIELD RIGHT OF WAY - STOP SIGN,No Data,No Data,77535,77327,No,4UZABRFC1NCMU1867,14,2 - FEMALE,N - NOT INJURED,0,6,14 - PASSENGER IN BUS
20746675,Yes,"DEPARTMENT OF PUBLIC SAFETY, STATE OF TEXAS",TX 25-540760,OUTSIDE CITY LIMITS,FAILED TO YIELD RIGHT OF WAY - STOP SIGN,LIBERTY,2025-04-07,N - NOT INJURED,0,NO DATA,118 - HCA HOUSTON HEALTHCARE KINGWOOD,15.615,2C,35 - FAILED TO YIELD RIGHT OF WAY - STOP SIGN,No Data,No Data,77535,77327,No,4UZABRFC1NCMU1867,12,2 - FEMALE,N - NOT INJURED,0,7,14 - PASSENGER IN BUS
20746675,Yes,"DEPARTMENT OF PUBLIC SAFETY, STATE OF TEXAS",TX 25-540760,OUTSIDE CITY LIMITS,FAILED TO YIELD RIGHT OF WAY - STOP SIGN,LIBERTY,2025-04-07,N - NOT INJURED,0,NO DATA,118 - HCA HOUSTON HEALTHCARE KINGWOOD,15.615,2C,35 - FAILED TO YIELD RIGHT OF WAY - STOP SIGN,No Data,No Data,77535,77327,No,4UZABRFC1NCMU1867,12,1 - MALE,N - NOT INJURED,0,8,14 - PASSENGER IN BUS
20746675,Yes,"DEPARTMENT OF PUBLIC SAFETY, STATE OF TEXAS",TX 25-540760,OUTSIDE CITY LIMITS,FAILED TO YIELD RIGHT OF WAY - STOP SIGN,LIBERTY,2025-04-07,N - NOT INJURED,0,NO DATA,118 - HCA HOUSTON HEALTHCARE KINGWOOD,15.615,2C,35 - FAILED TO YIELD RIGHT OF WAY - STOP SIGN,No Data,No Data,77535,77327,No,4UZABRFC1NCMU1867,12,2 - FEMALE,N - NOT INJURED,0,9,14 - PASSENGER IN BUS
20746675,Yes,"DEPARTMENT OF PUBLIC SAFETY, STATE OF TEXAS",TX 25-540760,OUTSIDE CITY LIMITS,FAILED TO YIELD RIGHT OF WAY - STOP SIGN,LIBERTY,2025-04-07,N - NOT INJURED,0,NO DATA,118 - HCA HOUSTON HEALTHCARE KINGWOOD,15.615,2C,35 - FAILED TO YIELD RIGHT OF WAY - STOP SIGN,No Data,No Data,77535,77327,No,4UZABRFC1NCMU1867,11,2 - FEMALE,N - NOT INJURED,0,10,14 - PASSENGER IN BUS
20746675,Yes,"DEPARTMENT OF PUBLIC SAFETY, STATE OF TEXAS",TX 25-540760,OUTSIDE CITY LIMITS,FAILED TO YIELD RIGHT OF WAY - STOP SIGN,LIBERTY,2025-04-07,N - NOT INJURED,0,NO DATA,118 - HCA HOUSTON HEALTHCARE KINGWOOD,15.615,2C,35 - FAILED TO YIELD RIGHT OF WAY - STOP SIGN,No Data,No Data,77535,77327,No,4UZABRFC1NCMU1867,13,1 - MALE,N - NOT INJURED,0,11,14 - PASSENGER IN BUS
20746675,Yes,"DEPARTMENT OF PUBLIC SAFETY, STATE OF TEXAS",TX 25-540760,OUTSIDE CITY LIMITS,FAILED TO YIELD RIGHT OF WAY - STOP SIGN,LIBERTY,2025-04-07,N - NOT INJURED,0,NO DATA,118 - HCA HOUSTON HEALTHCARE KINGWOOD,15.615,2C,35 - FAILED TO YIELD RIGHT OF WAY - STOP SIGN,No Data,No Data,77535,77327,No,4UZABRFC1NCMU1867,13,2 - FEMALE,N - NOT INJURED,0,12,14 - PASSENGER IN BUS
20746675,Yes,"DEPARTMENT OF PUBLIC SAFETY, STATE OF TEXAS",TX 25-540760,OUTSIDE CITY LIMITS,FAILED TO YIELD RIGHT OF WAY - STOP SIGN,LIBERTY,2025-04-07,N - NOT INJURED,0,NO DATA,118 - HCA HOUSTON HEALTHCARE KINGWOOD,15.615,2C,35 - FAILED TO YIELD RIGHT OF WAY - STOP SIGN,No Data,No Data,77535,77327,No,4UZABRFC1NCMU1867,12,1 - MALE,N - NOT INJURED,0,13,14 - PASSENGER IN BUS
20746675,Yes,"DEPARTMENT OF PUBLIC SAFETY, STATE OF TEXAS",TX 25-540760,OUTSIDE CITY LIMITS,FAILED TO YIELD RIGHT OF WAY - STOP SIGN,LIBERTY,2025-04-07,N - NOT INJURED,0,NO DATA,118 - HCA HOUSTON HEALTHCARE KINGWOOD,15.615,2C,35 - FAILED TO YIELD RIGHT OF WAY - STOP SIGN,No Data,No Data,77535,77327,No,4UZABRFC1NCMU1867,12,2 - FEMALE,N - NOT INJURED,0,14,14 - PASSENGER IN BUS
20746675,Yes,"DEPARTMENT OF PUBLIC SAFETY, STATE OF TEXAS",TX 25-540760,OUTSIDE CITY LIMITS,FAILED TO YIELD RIGHT OF WAY - STOP SIGN,LIBERTY,2025-04-07,N - NOT INJURED,0,NO DATA,118 - HCA HOUSTON HEALTHCARE KINGWOOD,15.615,2C,35 - FAILED TO YIELD RIGHT OF WAY - STOP SIGN,No Data,No Data,77535,77327,No,4UZABRFC1NCMU1867,11,1 - MALE,N - NOT INJURED,0,15,14 - PASSENGER IN BUS
20746675,Yes,"DEPARTMENT OF PUBLIC SAFETY, STATE OF TEXAS",TX 25-540760,OUTSIDE CITY LIMITS,FAILED TO YIELD RIGHT OF WAY - STOP SIGN,LIBERTY,2025-04-07,N - NOT INJURED,0,NO DATA,118 - HCA HOUSTON HEALTHCARE KINGWOOD,15.615,2C,35 - FAILED TO YIELD RIGHT OF WAY - STOP SIGN,No Data,No Data,77535,77327,No,4UZABRFC1NCMU1867,13,1 - MALE,N - NOT INJURED,0,16,14 - PASSENGER IN BUS
20746675,Yes,"DEPARTMENT OF PUBLIC SAFETY, STATE OF TEXAS",TX 25-540760,OUTSIDE CITY LIMITS,FAILED TO YIELD RIGHT OF WAY - STOP SIGN,LIBERTY,2025-04-07,N - NOT INJURED,0,NO DATA,118 - HCA HOUSTON HEALTHCARE KINGWOOD,15.615,2C,35 - FAILED TO YIELD RIGHT OF WAY - STOP SIGN,No Data,No Data,77535,77327,No,4UZABRFC1NCMU1867,12,1 - MALE,N - NOT INJURED,0,17,14 - PASSENGER IN BUS
20746675,Yes,"DEPARTMENT OF PUBLIC SAFETY, STATE OF TEXAS",TX 25-540760,OUTSIDE CITY LIMITS,FAILED TO YIELD RIGHT OF WAY - STOP SIGN,LIBERTY,2025-04-07,N - NOT INJURED,0,NO DATA,118 - HCA HOUSTON HEALTHCARE KINGWOOD,15.615,2C,35 - FAILED TO YIELD RIGHT OF WAY - STOP SIGN,No Data,No Data,77535,77327,No,4UZABRFC1NCMU1867,13,2 - FEMALE,N - NOT INJURED,0,18,14 - PASSENGER IN BUS
20746675,Yes,"DEPARTMENT OF PUBLIC SAFETY, STATE OF TEXAS",TX 25-540760,OUTSIDE CITY LIMITS,FAILED TO YIELD RIGHT OF WAY - STOP SIGN,LIBERTY,2025-04-07,N - NOT INJURED,0,NO DATA,118 - HCA HOUSTON HEALTHCARE KINGWOOD,15.615,2C,35 - FAILED TO YIELD RIGHT OF WAY - STOP SIGN,No Data,No Data,77535,77327,No,4UZABRFC1NCMU1867,13,1 - MALE,N - NOT INJURED,0,19,14 - PASSENGER IN BUS
20746675,Yes,"DEPARTMENT OF PUBLIC SAFETY, STATE OF TEXAS",TX 25-540760,OUTSIDE CITY LIMITS,FAILED TO YIELD RIGHT OF WAY - STOP SIGN,LIBERTY,2025-04-07,N - NOT INJURED,0,NO DATA,118 - HCA HOUSTON HEALTHCARE KINGWOOD,15.615,2C,35 - FAILED TO YIELD RIGHT OF WAY - STOP SIGN,No Data,No Data,77535,77327,No,4UZABRFC1NCMU1867,14,1 - MALE,N - NOT INJURED,0,20,14 - PASSENGER IN BUS
20746675,Yes,"DEPARTMENT OF PUBLIC SAFETY, STATE OF TEXAS",TX 25-540760,OUTSIDE CITY LIMITS,FAILED TO YIELD RIGHT OF WAY - STOP SIGN,LIBERTY,2025-04-07,N - NOT INJURED,0,NO DATA,118 - HCA HOUSTON HEALTHCARE KINGWOOD,15.615,2C,35 - FAILED TO YIELD RIGHT OF WAY - STOP SIGN,No Data,No Data,77535,77327,No,4UZABRFC1NCMU1867,13,2 - FEMALE,N - NOT INJURED,0,21,14 - PASSENGER IN BUS
20746675,Yes,"DEPARTMENT OF PUBLIC SAFETY, STATE OF TEXAS",TX 25-540760,OUTSIDE CITY LIMITS,FAILED TO YIELD RIGHT OF WAY - STOP SIGN,LIBERTY,2025-04-07,N - NOT INJURED,0,NO DATA,118 - HCA HOUSTON HEALTHCARE KINGWOOD,15.615,2C,35 - FAILED TO YIELD RIGHT OF WAY - STOP SIGN,No Data,No Data,77535,77327,No,4UZABRFC1NCMU1867,11,1 - MALE,N - NOT INJURED,0,22,14 - PASSENGER IN BUS
20746675,Yes,"DEPARTMENT OF PUBLIC SAFETY, STATE OF TEXAS",TX 25-540760,OUTSIDE CITY LIMITS,FAILED TO YIELD RIGHT OF WAY - STOP SIGN,LIBERTY,2025-04-07,N - NOT INJURED,0,NO DATA,118 - HCA HOUSTON HEALTHCARE KINGWOOD,15.615,2C,35 - FAILED TO YIELD RIGHT OF WAY - STOP SIGN,No Data,No Data,77535,77327,No,4UZABRFC1NCMU1867,11,1 - MALE,N - NOT INJURED,0,23,14 - PASSENGER IN BUS
20746675,Yes,"DEPARTMENT OF PUBLIC SAFETY, STATE OF TEXAS",TX 25-540760,OUTSIDE CITY LIMITS,FAILED TO YIELD RIGHT OF WAY - STOP SIGN,LIBERTY,2025-04-07,N - NOT INJURED,0,NO DATA,118 - HCA HOUSTON HEALTHCARE KINGWOOD,15.615,2C,35 - FAILED TO YIELD RIGHT OF WAY - STOP SIGN,No Data,No Data,77535,77327,No,4UZABRFC1NCMU1867,13,2 - FEMALE,N - NOT INJURED,0,24,14 - PASSENGER IN BUS
20746675,Yes,"DEPARTMENT OF PUBLIC SAFETY, STATE OF TEXAS",TX 25-540760,OUTSIDE CITY LIMITS,FAILED TO YIELD RIGHT OF WAY - STOP SIGN,LIBERTY,2025-04-07,N - NOT INJURED,0,NO DATA,118 - HCA HOUSTON HEALTHCARE KINGWOOD,15.615,2C,35 - FAILED TO YIELD RIGHT OF WAY - STOP SIGN,No Data,No Data,77535,77327,No,4UZABRFC1NCMU1867,12,1 - MALE,N - NOT INJURED,0,25,14 - PASSENGER IN BUS
20746675,Yes,"DEPARTMENT OF PUBLIC SAFETY, STATE OF TEXAS",TX 25-540760,OUTSIDE CITY LIMITS,FAILED TO YIELD RIGHT OF WAY - STOP SIGN,LIBERTY,2025-04-07,N - NOT INJURED,0,NO DATA,118 - HCA HOUSTON HEALTHCARE KINGWOOD,15.615,2C,35 - FAILED TO YIELD RIGHT OF WAY - STOP SIGN,No Data,No Data,77535,77327,No,4UZABRFC1NCMU1867,12,2 - FEMALE,N - NOT INJURED,0,26,14 - PASSENGER IN BUS
20746675,Yes,"DEPARTMENT OF PUBLIC SAFETY, STATE OF TEXAS",TX 25-540760,OUTSIDE CITY LIMITS,FAILED TO YIELD RIGHT OF WAY - STOP SIGN,LIBERTY,2025-04-07,N - NOT INJURED,0,NO DATA,118 - HCA HOUSTON HEALTHCARE KINGWOOD,15.615,2C,35 - FAILED TO YIELD RIGHT OF WAY - STOP SIGN,No Data,No Data,77535,77327,No,4UZABRFC1NCMU1867,11,1 - MALE,N - NOT INJURED,0,27,14 - PASSENGER IN BUS
20746675,Yes,"DEPARTMENT OF PUBLIC SAFETY, STATE OF TEXAS",TX 25-540760,OUTSIDE CITY LIMITS,FAILED TO YIELD RIGHT OF WAY - STOP SIGN,LIBERTY,2025-04-07,N - NOT INJURED,0,NO DATA,118 - HCA HOUSTON HEALTHCARE KINGWOOD,15.615,2C,35 - FAILED TO YIELD RIGHT OF WAY - STOP SIGN,No Data,No Data,77535,77327,No,4UZABRFC1NCMU1867,12,1 - MALE,N - NOT INJURED,0,28,14 - PASSENGER IN BUS
20746675,Yes,"DEPARTMENT OF PUBLIC SAFETY, STATE OF TEXAS",TX 25-540760,OUTSIDE CITY LIMITS,FAILED TO YIELD RIGHT OF WAY - STOP SIGN,LIBERTY,2025-04-07,N - NOT INJURED,0,NO DATA,118 - HCA HOUSTON HEALTHCARE KINGWOOD,15.615,2C,35 - FAILED TO YIELD RIGHT OF WAY - STOP SIGN,No Data,No Data,77535,77327,No,4UZABRFC1NCMU1867,13,2 - FEMALE,N - NOT INJURED,0,29,14 - PASSENGER IN BUS
20746675,Yes,"DEPARTMENT OF PUBLIC SAFETY, STATE OF TEXAS",TX 25-540760,OUTSIDE CITY LIMITS,FAILED TO YIELD RIGHT OF WAY - STOP SIGN,LIBERTY,2025-04-07,N - NOT INJURED,0,NO DATA,118 - HCA HOUSTON HEALTHCARE KINGWOOD,15.615,2C,35 - FAILED TO YIELD RIGHT OF WAY - STOP SIGN,No Data,No Data,77535,77327,No,4UZABRFC1NCMU1867,13,2 - FEMALE,N - NOT INJURED,0,30,14 - PASSENGER IN BUS
20746675,Yes,"DEPARTMENT OF PUBLIC SAFETY, STATE OF TEXAS",TX 25-540760,OUTSIDE CITY LIMITS,FAILED TO YIELD RIGHT OF WAY - STOP SIGN,LIBERTY,2025-04-07,N - NOT INJURED,0,NO DATA,118 - HCA HOUSTON HEALTHCARE KINGWOOD,15.615,2C,35 - FAILED TO YIELD RIGHT OF WAY - STOP SIGN,No Data,No Data,77535,77327,No,4UZABRFC1NCMU1867,13,2 - FEMALE,N - NOT INJURED,0,31,14 - PASSENGER IN BUS
20746675,Yes,"DEPARTMENT OF PUBLIC SAFETY, STATE OF TEXAS",TX 25-540760,OUTSIDE CITY LIMITS,FAILED TO YIELD RIGHT OF WAY - STOP SIGN,LIBERTY,2025-04-07,N - NOT INJURED,0,NO DATA,118 - HCA HOUSTON HEALTHCARE KINGWOOD,15.615,2C,No Data,No Data,No Data,77327,77327,No,1GKS1BKD2MR247110,31,2 - FEMALE,N - NOT INJURED,0,1,1 - FRONT LEFT OR MOTORCYCLE DRIVER
20746675,Yes,"DEPARTMENT OF PUBLIC SAFETY, STATE OF TEXAS",TX 25-540760,OUTSIDE CITY LIMITS,FAILED TO YIELD RIGHT OF WAY - STOP SIGN,LIBERTY,2025-04-07,N - NOT INJURED,0,NO DATA,118 - HCA HOUSTON HEALTHCARE KINGWOOD,15.615,2C,No Data,No Data,No Data,77327,77327,No,1GKS1BKD2MR247110,13,1 - MALE,N - NOT INJURED,0,2,3 - FRONT RIGHT
20746683,No,KILLEEN POLICE DEPARTMENT,C25-0606,KILLEEN,OTHER (EXPLAIN IN NARRATIVE),BELL,2025-04-07,N - NOT INJURED,0,NO DATA,35 - CARL R. DARNALL ARMY MEDICAL CENTER,2.293,,98 - OTHER (EXPLAIN IN NARRATIVE),No Data,No Data,76522,76522,No,KNDJP3A52F7150428,50,1 - MALE,N - NOT INJURED,0,1,1 - FRONT LEFT OR MOTORCYCLE DRIVER
20746694,No,KYLE POLICE DEPARTMENT,2025-11287,KYLE,DRIVER INATTENTION,HAYS,2025-04-07,99 - UNKNOWN,0,NO DATA,No Data,No Data,,20 - DRIVER INATTENTION,No Data,No Data,,78640,Yes,2GKALMEK9H6313777,48,2 - FEMALE,99 - UNKNOWN,0,1,1 - FRONT LEFT OR MOTORCYCLE DRIVER
20746702,Yes,MISSION POLICE DEPARTMENT,25-04-4929,MISSION,DISTRACTION IN VEHICLE; FAILED TO CONTROL SPEED,HIDALGO,2025-04-07,C - POSSIBLE INJURY,0,NO DATA,189 - MISSION REGIONAL MEDICAL CENTER,0.963,UT,22 - FAILED TO CONTROL SPEED,No Data,No Data,78572,78572,No,3GNEC16T31G125129,79,1 - MALE,C - POSSIBLE INJURY,0,1,1 - FRONT LEFT OR MOTORCYCLE DRIVER
20746702,Yes,MISSION POLICE DEPARTMENT,25-04-4929,MISSION,DISTRACTION IN VEHICLE; FAILED TO CONTROL SPEED,HIDALGO,2025-04-07,C - POSSIBLE INJURY,0,NO DATA,189 - MISSION REGIONAL MEDICAL CENTER,0.963,UT,No Data,No Data,No Data,78572,78572,No,2GNALDEK2C6368616,69,1 - MALE,N - NOT INJURED,0,1,1 - FRONT LEFT OR MOTORCYCLE DRIVER
20746702,Yes,MISSION POLICE DEPARTMENT,25-04-4929,MISSION,DISTRACTION IN VEHICLE; FAILED TO CONTROL SPEED,HIDALGO,2025-04-07,C - POSSIBLE INJURY,0,NO DATA,189 - MISSION REGIONAL MEDICAL CENTER,0.963,UT,No Data,No Data,No Data,78572,78572,No,2GNALDEK2C6368616,67,2 - FEMALE,N - NOT INJURED,0,2,3 - FRONT RIGHT
20746706,Yes,PLANO POLICE DEPARTMENT,25-72127,PLANO,FAILED TO CONTROL SPEED,COLLIN,2025-04-07,C - POSSIBLE INJURY,0,NO DATA,16 - BAYLOR SCOTT & WHITE MEDICAL CENTER - CENTENNIAL,2.171,,22 - FAILED TO CONTROL SPEED,No Data,No Data,75025,75025,No,1N4AA5AP3BC810868,18,1 - MALE,N - NOT INJURED,0,1,1 - FRONT LEFT OR MOTORCYCLE DRIVER
20746706,Yes,PLANO POLICE DEPARTMENT,25-72127,PLANO,FAILED TO CONTROL SPEED,COLLIN,2025-04-07,C - POSSIBLE INJURY,0,NO DATA,16 - BAYLOR SCOTT & WHITE MEDICAL CENTER - CENTENNIAL,2.171,,No Data,No Data,No Data,75034,75036,No,3C6RR7KG3MG664690,27,1 - MALE,C - POSSIBLE INJURY,0,1,1 - FRONT LEFT OR MOTORCYCLE DRIVER
20746716,Yes,PEARLAND POLICE DEPARTMENT,25-003006,PEARLAND,FAILED TO DRIVE IN SINGLE LANE,BRAZORIA,2025-04-07,N - NOT INJURED,0,NO DATA,169 - MEMORIAL HERMANN PEARLAND HOSPITAL,1.067,,23 - FAILED TO DRIVE IN SINGLE LANE,No Data,No Data,77047,77047,No,2HGFC2F60KH560044,24,2 - FEMALE,N - NOT INJURED,0,1,1 - FRONT LEFT OR MOTORCYCLE DRIVER
20746716,Yes,PEARLAND POLICE DEPARTMENT,25-003006,PEARLAND,FAILED TO DRIVE IN SINGLE LANE,BRAZORIA,2025-04-07,N - NOT INJURED,0,NO DATA,169 - MEMORIAL HERMANN PEARLAND HOSPITAL,1.067,,No Data,No Data,No Data,77047,77047,No,JTHBA30G455110630,20,1 - MALE,N - NOT INJURED,0,1,1 - FRONT LEFT OR MOTORCYCLE DRIVER
20746718,Yes,PEARLAND POLICE DEPARTMENT,25-002987,PEARLAND,FAILED TO YIELD RIGHT OF WAY - PRIVATE DRIVE;TURNED WHEN UNSAFE,BRAZORIA,2025-04-07,N - NOT INJURED,0,NO DATA,166 - MEMORIAL HERMANN SOUTHEAST HOSPITAL,3.98,,34 - FAILED TO YIELD RIGHT OF WAY - PRIVATE DRIVE,No Data,No Data,77584,77023,No,1GAZGPFG3K1193864,27,2 - FEMALE,N - NOT INJURED,0,1,1 - FRONT LEFT OR MOTORCYCLE DRIVER
20746718,Yes,PEARLAND POLICE DEPARTMENT,25-002987,PEARLAND,FAILED TO YIELD RIGHT OF WAY - PRIVATE DRIVE;TURNED WHEN UNSAFE,BRAZORIA,2025-04-07,N - NOT INJURED,0,NO DATA,166 - MEMORIAL HERMANN SOUTHEAST HOSPITAL,3.98,,34 - FAILED TO YIELD RIGHT OF WAY - PRIVATE DRIVE,No Data,No Data,77584,77023,No,1GAZGPFG3K1193864,No Data,1 - MALE,N - NOT INJURED,0,2,7 - THIRD SEAT LEFT
20746718,Yes,PEARLAND POLICE DEPARTMENT,25-002987,PEARLAND,FAILED TO YIELD RIGHT OF WAY - PRIVATE DRIVE;TURNED WHEN UNSAFE,BRAZORIA,2025-04-07,N - NOT INJURED,0,NO DATA,166 - MEMORIAL HERMANN SOUTHEAST HOSPITAL,3.98,,No Data,No Data,No Data,77584,77584,No,KMHLL4AG8PU634890,45,1 - MALE,N - NOT INJURED,0,1,1 - FRONT LEFT OR MOTORCYCLE DRIVER
20746725,Yes,HEDWIG VILLAGE POLICE DEPARTMENT,202507595,HEDWIG VILLAGE,OTHER (EXPLAIN IN NARRATIVE),HARRIS,2025-04-07,99 - UNKNOWN,0,NO DATA,No Data,No Data,,98 - OTHER (EXPLAIN IN NARRATIVE),No Data,No Data,,No Data,Yes,No Data,No Data,99 - UNKNOWN,99 - UNKNOWN,0,1,1 - FRONT LEFT OR MOTORCYCLE DRIVER
20746757,Yes,PALMHURST POLICE DEPARTMENT,2025-0397,MCALLEN,DISREGARD STOP SIGN OR LIGHT,HIDALGO,2025-04-07,N - NOT INJURED,0,NO DATA,94 - DOCTORS HOSPITAL AT RENAISSANCE,4.081,,16 - DISREGARD STOP SIGN OR LIGHT,No Data,No Data,78501,78501,No,KNADN4A33C6047783,53,2 - FEMALE,N - NOT INJURED,0,1,1 - FRONT LEFT OR MOTORCYCLE DRIVER
20746757,Yes,PALMHURST POLICE DEPARTMENT,2025-0397,MCALLEN,DISREGARD STOP SIGN OR LIGHT,HIDALGO,2025-04-07,N - NOT INJURED,0,NO DATA,94 - DOCTORS HOSPITAL AT RENAISSANCE,4.081,,No Data,No Data,No Data,78573,78573,No,1GKS1DKC8KR187267,41,2 - FEMALE,N - NOT INJURED,0,1,1 - FRONT LEFT OR MOTORCYCLE DRIVER
20746757,Yes,PALMHURST POLICE DEPARTMENT,2025-0397,MCALLEN,DISREGARD STOP SIGN OR LIGHT,HIDALGO,2025-04-07,N - NOT INJURED,0,NO DATA,94 - DOCTORS HOSPITAL AT RENAISSANCE,4.081,,No Data,No Data,No Data,78573,78573,No,1GKS1DKC8KR187267,4,2 - FEMALE,N - NOT INJURED,0,2,6 - SECOND SEAT RIGHT
20746757,Yes,PALMHURST POLICE DEPARTMENT,2025-0397,MCALLEN,DISREGARD STOP SIGN OR LIGHT,HIDALGO,2025-04-07,N - NOT INJURED,0,NO DATA,94 - DOCTORS HOSPITAL AT RENAISSANCE,4.081,,No Data,No Data,No Data,78573,78573,No,1GKS1DKC8KR187267,7,1 - MALE,N - NOT INJURED,0,3,4 - SECOND SEAT LEFT OR MOTORCYCLE BACK PASSENGER
20746766,Yes,KENEDY POLICE DEPARTMENT,250407-02203,KENEDY,DRIVER INATTENTION;FAILED TO YIELD RIGHT OF WAY - STOP SIGN;TURNED WHEN UNSAFE,KARNES,2025-04-07,N - NOT INJURED,0,NO DATA,206 - OTTO KAISER MEMORIAL HOSPITAL,1.987,,35 - FAILED TO YIELD RIGHT OF WAY - STOP SIGN,66 - TURNED WHEN UNSAFE,No Data,43228,51510,No,3HSDZAPR9KN527750,40,1 - MALE,N - NOT INJURED,0,1,1 - FRONT LEFT OR MOTORCYCLE DRIVER
20746766,Yes,KENEDY POLICE DEPARTMENT,250407-02203,KENEDY,DRIVER INATTENTION;FAILED TO YIELD RIGHT OF WAY - STOP SIGN;TURNED WHEN UNSAFE,KARNES,2025-04-07,N - NOT INJURED,0,NO DATA,206 - OTTO KAISER MEMORIAL HOSPITAL,1.987,,No Data,No Data,No Data,78125,73102,No,1GCRDAED1PZ137290,34,1 - MALE,N - NOT INJURED,0,1,1 - FRONT LEFT OR MOTORCYCLE DRIVER
20746778,Yes,CARTHAGE POLICE DEPARTMENT,20251432,CARTHAGE,BACKED WITHOUT SAFETY; DRIVER INATTENTION,PANOLA,2025-04-07,N - NOT INJURED,0,NO DATA,284 - UT HEALTH EAST TEXAS CARTHAGE HOSPITAL,0.689,,3 - BACKED WITHOUT SAFETY,No Data,No Data,75633,75601,No,1GYFK66897R201626,34,2 - FEMALE,N - NOT INJURED,0,1,1 - FRONT LEFT OR MOTORCYCLE DRIVER
20746778,Yes,CARTHAGE POLICE DEPARTMENT,20251432,CARTHAGE,BACKED WITHOUT SAFETY; DRIVER INATTENTION,PANOLA,2025-04-07,N - NOT INJURED,0,NO DATA,284 - UT HEALTH EAST TEXAS CARTHAGE HOSPITAL,0.689,,3 - BACKED WITHOUT SAFETY,No Data,No Data,75633,75601,No,1GYFK66897R201626,15,1 - MALE,N - NOT INJURED,0,2,3 - FRONT RIGHT
20746778,Yes,CARTHAGE POLICE DEPARTMENT,20251432,CARTHAGE,BACKED WITHOUT SAFETY; DRIVER INATTENTION,PANOLA,2025-04-07,N - NOT INJURED,0,NO DATA,284 - UT HEALTH EAST TEXAS CARTHAGE HOSPITAL,0.689,,3 - BACKED WITHOUT SAFETY,No Data,No Data,75633,75601,No,1GYFK66897R201626,13,2 - FEMALE,N - NOT INJURED,0,3,4 - SECOND SEAT LEFT OR MOTORCYCLE BACK PASSENGER
20746778,Yes,CARTHAGE POLICE DEPARTMENT,20251432,CARTHAGE,BACKED WITHOUT SAFETY; DRIVER INATTENTION,PANOLA,2025-04-07,N - NOT INJURED,0,NO DATA,284 - UT HEALTH EAST TEXAS CARTHAGE HOSPITAL,0.689,,No Data,No Data,No Data,75633,75973,No,3GTP2VE75DG247401,40,1 - MALE,N - NOT INJURED,0,1,1 - FRONT LEFT OR MOTORCYCLE DRIVER
20746793,Yes,MONTGOMERY COUNTY SHERIFF'S OFFICE,25A102872,OUTSIDE CITY LIMITS,FAILED TO YIELD RIGHT OF WAY - PRIVATE DRIVE,MONTGOMERY,2025-04-07,N - NOT INJURED,0,NO DATA,123 - HCA HOUSTON HEALTHCARE TOMBALL,8.972,,34 - FAILED TO YIELD RIGHT OF WAY - PRIVATE DRIVE,No Data,No Data,77354,77354,No,1G11E5SL9EF127806,47,2 - FEMALE,N - NOT INJURED,0,1,1 - FRONT LEFT OR MOTORCYCLE DRIVER
20746793,Yes,MONTGOMERY COUNTY SHERIFF'S OFFICE,25A102872,OUTSIDE CITY LIMITS,FAILED TO YIELD RIGHT OF WAY - PRIVATE DRIVE,MONTGOMERY,2025-04-07,N - NOT INJURED,0,NO DATA,123 - HCA HOUSTON HEALTHCARE TOMBALL,8.972,,No Data,No Data,No Data,77362,77362,No,JN1FV7DP5MM850509,39,1 - MALE,N - NOT INJURED,0,1,1 - FRONT LEFT OR MOTORCYCLE DRIVER
20746793,Yes,MONTGOMERY COUNTY SHERIFF'S OFFICE,25A102872,OUTSIDE CITY LIMITS,FAILED TO YIELD RIGHT OF WAY - PRIVATE DRIVE,MONTGOMERY,2025-04-07,N - NOT INJURED,0,NO DATA,123 - HCA HOUSTON HEALTHCARE TOMBALL,8.972,,No Data,No Data,No Data,77362,77362,No,JN1FV7DP5MM850509,4,1 - MALE,N - NOT INJURED,0,2,6 - SECOND SEAT RIGHT
20746801,Yes,DALLAS POLICE DEPARTMENT,48366-2025,DALLAS,TURNED IMPROPERLY - WRONG LANE,COLLIN,2025-04-07,N - NOT INJURED,0,NO DATA,260 - TEXAS HEALTH PRESBYTERIAN HOSPITAL PLANO,3.767,,65 - TURNED IMPROPERLY - WRONG LANE,No Data,No Data,75077,75077,No,5YFB4MDE1SP239561,46,1 - MALE,N - NOT INJURED,0,1,1 - FRONT LEFT OR MOTORCYCLE DRIVER
20746801,Yes,DALLAS POLICE DEPARTMENT,48366-2025,DALLAS,TURNED IMPROPERLY - WRONG LANE,COLLIN,2025-04-07,N - NOT INJURED,0,NO DATA,260 - TEXAS HEALTH PRESBYTERIAN HOSPITAL PLANO,3.767,,No Data,No Data,No Data,75001,75001,No,1GC5WNE70LF264408,30,1 - MALE,N - NOT INJURED,0,1,1 - FRONT LEFT OR MOTORCYCLE DRIVER
20746814,Yes,HOUSTON POLICE DEPARTMENT,0044362025H,HOUSTON,FAILED TO CONTROL SPEED,HARRIS,2025-04-07,C - POSSIBLE INJURY,0,NO DATA,168 - MEMORIAL HERMANN SOUTHWEST HOSPITAL,3.007,G,22 - FAILED TO CONTROL SPEED,No Data,No Data,77407,77407,No,2T3WFREV0JW508628,30,1 - MALE,N - NOT INJURED,0,1,1 - FRONT LEFT OR MOTORCYCLE DRIVER
20746814,Yes,HOUSTON POLICE DEPARTMENT,0044362025H,HOUSTON,FAILED TO CONTROL SPEED,HARRIS,2025-04-07,C - POSSIBLE INJURY,0,NO DATA,168 - MEMORIAL HERMANN SOUTHWEST HOSPITAL,3.007,G,No Data,No Data,No Data,77095,77095,No,W1YV0BEYXL3760757,29,1 - MALE,C - POSSIBLE INJURY,0,1,1 - FRONT LEFT OR MOTORCYCLE DRIVER
20746814,Yes,HOUSTON POLICE DEPARTMENT,0044362025H,HOUSTON,FAILED TO CONTROL SPEED,HARRIS,2025-04-07,C - POSSIBLE INJURY,0,NO DATA,168 - MEMORIAL HERMANN SOUTHWEST HOSPITAL,3.007,G,No Data,No Data,No Data,77095,77095,No,W1YV0BEYXL3760757,56,2 - FEMALE,N - NOT INJURED,0,2,3 - FRONT RIGHT
20746814,Yes,HOUSTON POLICE DEPARTMENT,0044362025H,HOUSTON,FAILED TO CONTROL SPEED,HARRIS,2025-04-07,C - POSSIBLE INJURY,0,NO DATA,168 - MEMORIAL HERMANN SOUTHWEST HOSPITAL,3.007,G,No Data,No Data,No Data,77095,77095,No,W1YV0BEYXL3760757,4,1 - MALE,N - NOT INJURED,0,3,5 - SECOND SEAT CENTER
20746825,Yes,ALIEF ISD POLICE DEPARTMENT,2500277,SUGAR LAND,CHANGED LANE WHEN UNSAFE;DISREGARD TURN MARKS AT INTERSECTION;OTHER (EXPLAIN IN NARRATIVE),FORT BEND,2025-04-07,N - NOT INJURED,0,NO DATA,168 - MEMORIAL HERMANN SOUTHWEST HOSPITAL,6.447,0,4 - CHANGED LANE WHEN UNSAFE,17 - DISREGARD TURN MARKS AT INTERSECTION,No Data,77045,77478,No,11VJ813A9NA002439,65,1 - MALE,N - NOT INJURED,0,1,1 - FRONT LEFT OR MOTORCYCLE DRIVER
20746825,Yes,ALIEF ISD POLICE DEPARTMENT,2500277,SUGAR LAND,CHANGED LANE WHEN UNSAFE;DISREGARD TURN MARKS AT INTERSECTION;OTHER (EXPLAIN IN NARRATIVE),FORT BEND,2025-04-07,N - NOT INJURED,0,NO DATA,168 - MEMORIAL HERMANN SOUTHWEST HOSPITAL,6.447,0,98 - OTHER (EXPLAIN IN NARRATIVE),No Data,No Data,77072,77083,No,4UZABRFC7SCUR0955,34,2 - FEMALE,N - NOT INJURED,0,1,1 - FRONT LEFT OR MOTORCYCLE DRIVER
20746825,Yes,ALIEF ISD POLICE DEPARTMENT,2500277,SUGAR LAND,CHANGED LANE WHEN UNSAFE;DISREGARD TURN MARKS AT INTERSECTION;OTHER (EXPLAIN IN NARRATIVE),FORT BEND,2025-04-07,N - NOT INJURED,0,NO DATA,168 - MEMORIAL HERMANN SOUTHWEST HOSPITAL,6.447,0,98 - OTHER (EXPLAIN IN NARRATIVE),No Data,No Data,77072,77083,No,4UZABRFC7SCUR0955,48,1 - MALE,N - NOT INJURED,0,2,14 - PASSENGER IN BUS
20746827,Yes,HALTOM CITY POLICE DEPARTMENT,25H11479,HALTOM CITY,FAILED TO CONTROL SPEED; FOLLOWED TOO CLOSELY,TARRANT,2025-04-07,N - NOT INJURED,0,NO DATA,161 - MEDICAL CITY NORTH HILLS,3.519,,No Data,No Data,No Data,76022,76022,No,5GAKRCEDXCJ297774,43,2 - FEMALE,N - NOT INJURED,0,1,1 - FRONT LEFT OR MOTORCYCLE DRIVER
20746827,Yes,HALTOM CITY POLICE DEPARTMENT,25H11479,HALTOM CITY,FAILED TO CONTROL SPEED; FOLLOWED TOO CLOSELY,TARRANT,2025-04-07,N - NOT INJURED,0,NO DATA,161 - MEDICAL CITY NORTH HILLS,3.519,,No Data,No Data,No Data,,No Data,Yes,No Data,No Data,2 - FEMALE,99 - UNKNOWN,0,1,1 - FRONT LEFT OR MOTORCYCLE DRIVER
20746870,Yes,HOUSTON POLICE DEPARTMENT,0044341825N,HOUSTON,FAILED TO DRIVE IN SINGLE LANE,HARRIS,2025-04-07,99 - UNKNOWN,0,NO DATA,168 - MEMORIAL HERMANN SOUTHWEST HOSPITAL,2.2,G,23 - FAILED TO DRIVE IN SINGLE LANE,No Data,No Data,,No Data,Yes,No Data,No Data,99 - UNKNOWN,99 - UNKNOWN,0,1,1 - FRONT LEFT OR MOTORCYCLE DRIVER
20746892,Yes,"DEPARTMENT OF PUBLIC SAFETY, STATE OF TEXAS",TX25-538413,OUTSIDE CITY LIMITS,FAULTY EVASIVE ACTION; WRONG SIDE - NOT PASSING,NACOGDOCHES,2025-04-07,A - SUSPECTED SERIOUS INJURY,0,NO DATA,192 - NACOGDOCHES MEDICAL CENTER,10.408,2B,41 - FAULTY EVASIVE ACTION,70 - WRONG SIDE - NOT PASSING,No Data,37218,37218,No,3N1AB8CVXNY313951,29,2 - FEMALE,A - SUSPECTED SERIOUS INJURY,0,1,1 - FRONT LEFT OR MOTORCYCLE DRIVER
20746892,Yes,"DEPARTMENT OF PUBLIC SAFETY, STATE OF TEXAS",TX25-538413,OUTSIDE CITY LIMITS,FAULTY EVASIVE ACTION; WRONG SIDE - NOT PASSING,NACOGDOCHES,2025-04-07,A - SUSPECTED SERIOUS INJURY,0,NO DATA,192 - NACOGDOCHES MEDICAL CENTER,10.408,2B,41 - FAULTY EVASIVE ACTION,70 - WRONG SIDE - NOT PASSING,No Data,37218,37218,No,3N1AB8CVXNY313951,25,2 - FEMALE,A - SUSPECTED SERIOUS INJURY,0,2,3 - FRONT RIGHT
20746892,Yes,"DEPARTMENT OF PUBLIC SAFETY, STATE OF TEXAS",TX25-538413,OUTSIDE CITY LIMITS,FAULTY EVASIVE ACTION; WRONG SIDE - NOT PASSING,NACOGDOCHES,2025-04-07,A - SUSPECTED SERIOUS INJURY,0,NO DATA,192 - NACOGDOCHES MEDICAL CENTER,10.408,2B,41 - FAULTY EVASIVE ACTION,70 - WRONG SIDE - NOT PASSING,No Data,37218,37218,No,3N1AB8CVXNY313951,4,1 - MALE,B - SUSPECTED MINOR INJURY,1,3,4 - SECOND SEAT LEFT OR MOTORCYCLE BACK PASSENGER
20746892,Yes,"DEPARTMENT OF PUBLIC SAFETY, STATE OF TEXAS",TX25-538413,OUTSIDE CITY LIMITS,FAULTY EVASIVE ACTION; WRONG SIDE - NOT PASSING,NACOGDOCHES,2025-04-07,A - SUSPECTED SERIOUS INJURY,0,NO DATA,192 - NACOGDOCHES MEDICAL CENTER,10.408,2B,41 - FAULTY EVASIVE ACTION,70 - WRONG SIDE - NOT PASSING,No Data,37218,37218,No,3N1AB8CVXNY313951,4,1 - MALE,B - SUSPECTED MINOR INJURY,1,4,6 - SECOND SEAT RIGHT
20746892,Yes,"DEPARTMENT OF PUBLIC SAFETY, STATE OF TEXAS",TX25-538413,OUTSIDE CITY LIMITS,FAULTY EVASIVE ACTION; WRONG SIDE - NOT PASSING,NACOGDOCHES,2025-04-07,A - SUSPECTED SERIOUS INJURY,0,NO DATA,192 - NACOGDOCHES MEDICAL CENTER,10.408,2B,No Data,No Data,No Data,75681,75901,No,3TYLB5JN4RT023360,67,2 - FEMALE,B - SUSPECTED MINOR INJURY,1,1,1 - FRONT LEFT OR MOTORCYCLE DRIVER
20746902,Yes,TYLER POLICE DEPARTMENT,25-005019,TYLER,FAILED TO YIELD RIGHT OF WAY - TURNING LEFT,SMITH,2025-04-07,N - NOT INJURED,0,NO DATA,49 - CHRISTUS MOTHER FRANCES HOSPITAL - TYLER,0.307,,37 - FAILED TO YIELD RIGHT OF WAY - TURNING LEFT,No Data,No Data,75756,75756,No,JM3KFADM0L0805048,26,2 - FEMALE,N - NOT INJURED,0,1,1 - FRONT LEFT OR MOTORCYCLE DRIVER
20746902,Yes,TYLER POLICE DEPARTMENT,25-005019,TYLER,FAILED TO YIELD RIGHT OF WAY - TURNING LEFT,SMITH,2025-04-07,N - NOT INJURED,0,NO DATA,49 - CHRISTUS MOTHER FRANCES HOSPITAL - TYLER,0.307,,No Data,No Data,No Data,75791,75791,No,KL7CJLSB6JB675672,24,2 - FEMALE,N - NOT INJURED,0,1,1 - FRONT LEFT OR MOTORCYCLE DRIVER
20746903,Yes,TYLER POLICE DEPARTMENT,25-005021,TYLER,DISREGARD STOP SIGN OR LIGHT,SMITH,2025-04-07,C - POSSIBLE INJURY,0,NO DATA,288 - UT HEALTH EAST TEXAS TYLER REGIONAL HOSPITAL,2.757,,16 - DISREGARD STOP SIGN OR LIGHT,No Data,No Data,75702,75702,No,1FAHP2E88FG143809,49,2 - FEMALE,C - POSSIBLE INJURY,0,1,1 - FRONT LEFT OR MOTORCYCLE DRIVER
20746903,Yes,TYLER POLICE DEPARTMENT,25-005021,TYLER,DISREGARD STOP SIGN OR LIGHT,SMITH,2025-04-07,C - POSSIBLE INJURY,0,NO DATA,288 - UT HEALTH EAST TEXAS TYLER REGIONAL HOSPITAL,2.757,,16 - DISREGARD STOP SIGN OR LIGHT,No Data,No Data,75707,74134,No,KMHL64JA6RA411495,42,1 - MALE,C - POSSIBLE INJURY,0,1,1 - FRONT LEFT OR MOTORCYCLE DRIVER
20746915,Yes,ABILENE POLICE DEPARTMENT,25-027903,ABILENE,FAILED TO PASS TO LEFT SAFELY,TAYLOR,2025-04-07,N - NOT INJURED,0,NO DATA,131 - HENDRICK MEDICAL CENTER SOUTH,3.217,,26 - FAILED TO PASS TO LEFT SAFELY,No Data,No Data,79606,79606,No,SALFR2BG5EH387698,55,2 - FEMALE,N - NOT INJURED,0,1,1 - FRONT LEFT OR MOTORCYCLE DRIVER
20746915,Yes,ABILENE POLICE DEPARTMENT,25-027903,ABILENE,FAILED TO PASS TO LEFT SAFELY,TAYLOR,2025-04-07,N - NOT INJURED,0,NO DATA,131 - HENDRICK MEDICAL CENTER SOUTH,3.217,,No Data,No Data,No Data,79606,79606,No,1FTEW1CP1GKD53008,34,1 - MALE,N - NOT INJURED,0,1,1 - FRONT LEFT OR MOTORCYCLE DRIVER
20746923,Yes,"DEPARTMENT OF PUBLIC SAFETY, STATE OF TEXAS",,OUTSIDE CITY LIMITS,CHANGED LANE WHEN UNSAFE,SMITH,2025-04-07,N - NOT INJURED,0,NO DATA,49 - CHRISTUS MOTHER FRANCES HOSPITAL - TYLER,6.336,1B,4 - CHANGED LANE WHEN UNSAFE,No Data,No Data,,,No,JHLRE38308C042075,17,1 - MALE,N - NOT INJURED,0,1,1 - FRONT LEFT OR MOTORCYCLE DRIVER
20746923,Yes,"DEPARTMENT OF PUBLIC SAFETY, STATE OF TEXAS",,OUTSIDE CITY LIMITS,CHANGED LANE WHEN UNSAFE,SMITH,2025-04-07,N - NOT INJURED,0,NO DATA,49 - CHRISTUS MOTHER FRANCES HOSPITAL - TYLER,6.336,1B,4 - CHANGED LANE WHEN UNSAFE,No Data,No Data,,,No,JHLRE38308C042075,17,1 - MALE,N - NOT INJURED,0,2,3 - FRONT RIGHT
20746923,Yes,"DEPARTMENT OF PUBLIC SAFETY, STATE OF TEXAS",,OUTSIDE CITY LIMITS,CHANGED LANE WHEN UNSAFE,SMITH,2025-04-07,N - NOT INJURED,0,NO DATA,49 - CHRISTUS MOTHER FRANCES HOSPITAL - TYLER,6.336,1B,No Data,No Data,No Data,,,No,ML32F3FJ3KHF10927,25,2 - FEMALE,N - NOT INJURED,0,1,1 - FRONT LEFT OR MOTORCYCLE DRIVER
20746932,Yes,DALLAS POLICE DEPARTMENT,48368-2025,DALLAS,DISREGARD STOP AND GO SIGNAL;OTHER (EXPLAIN IN NARRATIVE),DALLAS,2025-04-07,B - SUSPECTED MINOR INJURY,0,NO DATA,26 - BAYLOR UNIVERSITY MEDICAL CENTER,1.671,,15 - DISREGARD STOP AND GO SIGNAL,98 - OTHER (EXPLAIN IN NARRATIVE),No Data,75218,75218,No,JF2SKAMC8PH410507,58,1 - MALE,N - NOT INJURED,0,1,1 - FRONT LEFT OR MOTORCYCLE DRIVER
20746932,Yes,DALLAS POLICE DEPARTMENT,48368-2025,DALLAS,DISREGARD STOP AND GO SIGNAL;OTHER (EXPLAIN IN NARRATIVE),DALLAS,2025-04-07,B - SUSPECTED MINOR INJURY,0,NO DATA,26 - BAYLOR UNIVERSITY MEDICAL CENTER,1.671,,No Data,No Data,No Data,76063,76063,No,KM8K62AA4JU077180,22,2 - FEMALE,B - SUSPECTED MINOR INJURY,1,1,1 - FRONT LEFT OR MOTORCYCLE DRIVER
20746941,Yes,RICHARDSON POLICE DEPARTMENT,202500023418,RICHARDSON,FAILED TO DRIVE IN SINGLE LANE,COLLIN,2025-04-07,C - POSSIBLE INJURY,0,NO DATA,186 - METHODIST RICHARDSON MEDICAL CENTER,2.33,40,23 - FAILED TO DRIVE IN SINGLE LANE,No Data,No Data,75401,76248,No,1FDXE4FN4PDD15165,34,1 - MALE,C - POSSIBLE INJURY,0,1,1 - FRONT LEFT OR MOTORCYCLE DRIVER
20746942,Yes,RICHARDSON POLICE DEPARTMENT,202500023406,RICHARDSON,FAILED TO YIELD RIGHT OF WAY - TURNING LEFT,DALLAS,2025-04-07,A - SUSPECTED SERIOUS INJURY,0,NO DATA,186 - METHODIST RICHARDSON MEDICAL CENTER,3.464,60,37 - FAILED TO YIELD RIGHT OF WAY - TURNING LEFT,No Data,No Data,75040,75040,No,2T3C1RFV0MC090836,48,2 - FEMALE,N - NOT INJURED,0,1,1 - FRONT LEFT OR MOTORCYCLE DRIVER
20746942,Yes,RICHARDSON POLICE DEPARTMENT,202500023406,RICHARDSON,FAILED TO YIELD RIGHT OF WAY - TURNING LEFT,DALLAS,2025-04-07,A - SUSPECTED SERIOUS INJURY,0,NO DATA,186 - METHODIST RICHARDSON MEDICAL CENTER,3.464,60,No Data,No Data,No Data,75243,75243,No,4T4BF3EK5AR052657,48,2 - FEMALE,A - SUSPECTED SERIOUS INJURY,0,1,1 - FRONT LEFT OR MOTORCYCLE DRIVER
20746958,Yes,LAREDO POLICE DEPARTMENT,2025-00055086,LAREDO,DRIVER INATTENTION,WEBB,2025-04-07,N - NOT INJURED,0,NO DATA,No Data,No Data,,No Data,No Data,No Data,78045,78045,No,1FT7W2BT0HEB76674,40,2 - FEMALE,N - NOT INJURED,0,1,1 - FRONT LEFT OR MOTORCYCLE DRIVER
20746959,Yes,"DEPARTMENT OF PUBLIC SAFETY, STATE OF TEXAS",TX2025-540207,OUTSIDE CITY LIMITS,DISREGARD STOP SIGN OR LIGHT,JOHNSON,2025-04-07,B - SUSPECTED MINOR INJURY,0,NO DATA,259 - TEXAS HEALTH HUGULEY HOSPITAL,7.725,1C,16 - DISREGARD STOP SIGN OR LIGHT,No Data,No Data,75054,75054,No,1GYS3PKL0MR210481,48,2 - FEMALE,B - SUSPECTED MINOR INJURY,1,1,1 - FRONT LEFT OR MOTORCYCLE DRIVER
20746959,Yes,"DEPARTMENT OF PUBLIC SAFETY, STATE OF TEXAS",TX2025-540207,OUTSIDE CITY LIMITS,DISREGARD STOP SIGN OR LIGHT,JOHNSON,2025-04-07,B - SUSPECTED MINOR INJURY,0,NO DATA,259 - TEXAS HEALTH HUGULEY HOSPITAL,7.725,1C,16 - DISREGARD STOP SIGN OR LIGHT,No Data,No Data,76028,76028,No,1FT7W2BT0REF93181,17,1 - MALE,B - SUSPECTED MINOR INJURY,1,1,1 - FRONT LEFT OR MOTORCYCLE DRIVER
20746968,Yes,"DEPARTMENT OF PUBLIC SAFETY, STATE OF TEXAS",TX2025-540407,OUTSIDE CITY LIMITS,TURNED IMPROPERLY - CUT CORNER ON LEFT,JOHNSON,2025-04-07,N - NOT INJURED,0,NO DATA,264 - TEXAS HEALTH HOSPITAL MANSFIELD,5.853,1C,63 - TURNED IMPROPERLY - CUT CORNER ON LEFT,No Data,No Data,76084,76010,No,1GKFC13J97R275047,44,1 - MALE,N - NOT INJURED,0,1,1 - FRONT LEFT OR MOTORCYCLE DRIVER
20746968,Yes,"DEPARTMENT OF PUBLIC SAFETY, STATE OF TEXAS",TX2025-540407,OUTSIDE CITY LIMITS,TURNED IMPROPERLY - CUT CORNER ON LEFT,JOHNSON,2025-04-07,N - NOT INJURED,0,NO DATA,264 - TEXAS HEALTH HOSPITAL MANSFIELD,5.853,1C,No Data,No Data,No Data,76084,76084,No,4T3BK11A99U020370,20,2 - FEMALE,N - NOT INJURED,0,1,1 - FRONT LEFT OR MOTORCYCLE DRIVER
20746978,Yes,HOUSTON POLICE DEPARTMENT,0044990325Y,HOUSTON,CHANGED LANE WHEN UNSAFE,HARRIS,2025-04-07,N - NOT INJURED,0,NO DATA,165 - MEMORIAL HERMANN MEMORIAL CITY MEDICAL CENTER,4.274,F,4 - CHANGED LANE WHEN UNSAFE,No Data,No Data,,77057,Yes,1FMSK8FH7LGA61769,No Data,1 - MALE,99 - UNKNOWN,0,1,1 - FRONT LEFT OR MOTORCYCLE DRIVER
20746978,Yes,HOUSTON POLICE DEPARTMENT,0044990325Y,HOUSTON,CHANGED LANE WHEN UNSAFE,HARRIS,2025-04-07,N - NOT INJURED,0,NO DATA,165 - MEMORIAL HERMANN MEMORIAL CITY MEDICAL CENTER,4.274,F,No Data,No Data,No Data,77055,77055,No,2T3WFREV5DW036155,38,1 - MALE,N - NOT INJURED,0,1,1 - FRONT LEFT OR MOTORCYCLE DRIVER
20746991,Yes,ROSENBERG POLICE DEPARTMENT,25-13759,ROSENBERG,FAILED TO CONTROL SPEED,FORT BEND,2025-04-07,N - NOT INJURED,0,NO DATA,203 - OAKBEND MEDICAL CENTER ***JS MAIN CAMPUS,2.528,4,22 - FAILED TO CONTROL SPEED,No Data,No Data,32170,74134,No,1GYFZCR41SF136672,47,1 - MALE,N - NOT INJURED,0,1,1 - FRONT LEFT OR MOTORCYCLE DRIVER
20746991,Yes,ROSENBERG POLICE DEPARTMENT,25-13759,ROSENBERG,FAILED TO CONTROL SPEED,FORT BEND,2025-04-07,N - NOT INJURED,0,NO DATA,203 - OAKBEND MEDICAL CENTER ***JS MAIN CAMPUS,2.528,4,No Data,No Data,No Data,77469,77469,No,5TDZK23CX8S125437,51,1 - MALE,N - NOT INJURED,0,1,1 - FRONT LEFT OR MOTORCYCLE DRIVER
20746994,Yes,AMARILLO POLICE DEPARTMENT,25-504890,AMARILLO,DRIVER INATTENTION,POTTER,2025-04-07,N - NOT INJURED,0,NO DATA,200 - NORTHWEST TEXAS HOSPITAL,5.966,,20 - DRIVER INATTENTION,No Data,No Data,,No Data,Yes,No Data,No Data,99 - UNKNOWN,99 - UNKNOWN,0,1,1 - FRONT LEFT OR MOTORCYCLE DRIVER
20746994,Yes,AMARILLO POLICE DEPARTMENT,25-504890,AMARILLO,DRIVER INATTENTION,POTTER,2025-04-07,N - NOT INJURED,0,NO DATA,200 - NORTHWEST TEXAS HOSPITAL,5.966,,No Data,No Data,No Data,79107,79107,No,1V2CP2CAXJC597262,30,2 - FEMALE,N - NOT INJURED,0,1,1 - FRONT LEFT OR MOTORCYCLE DRIVER
20747012,Yes,RICHARDSON POLICE DEPARTMENT,202500023548,RICHARDSON,FAILED TO DRIVE IN SINGLE LANE; FATIGUED OR ASLEEP,DALLAS,2025-04-07,C - POSSIBLE INJURY,0,NO DATA,186 - METHODIST RICHARDSON MEDICAL CENTER,3.637,00,23 - FAILED TO DRIVE IN SINGLE LANE,40 - FATIGUED OR ASLEEP,No Data,75081,75081,No,1FAHP2E85JG131528,54,1 - MALE,C - POSSIBLE INJURY,0,1,1 - FRONT LEFT OR MOTORCYCLE DRIVER
20747021,Yes,KRUM POLICE DEPARTMENT,250128318,KRUM,FAILED TO YIELD RIGHT OF WAY - STOP SIGN,DENTON,2025-04-07,N - NOT INJURED,0,NO DATA,152 - MEDICAL CITY DENTON,10.266,,35 - FAILED TO YIELD RIGHT OF WAY - STOP SIGN,No Data,No Data,76266,76266,No,2T3H1RFV3MW151231,30,2 - FEMALE,N - NOT INJURED,0,1,1 - FRONT LEFT OR MOTORCYCLE DRIVER
20747021,Yes,KRUM POLICE DEPARTMENT,250128318,KRUM,FAILED TO YIELD RIGHT OF WAY - STOP SIGN,DENTON,2025-04-07,N - NOT INJURED,0,NO DATA,152 - MEDICAL CITY DENTON,10.266,,No Data,No Data,No Data,76249,76249,No,JM1BPBLM5R1710047,16,1 - MALE,N - NOT INJURED,0,1,1 - FRONT LEFT OR MOTORCYCLE DRIVER
20747027,Yes,PONDER POLICE DEPARTMENT,250037,PONDER,DISTRACTION IN VEHICLE,DENTON,2025-04-07,N - NOT INJURED,0,NO DATA,152 - MEDICAL CITY DENTON,11.317,,19 - DISTRACTION IN VEHICLE,No Data,No Data,76257,76257,No,JT2BF28K410307528,30,1 - MALE,N - NOT INJURED,0,1,1 - FRONT LEFT OR MOTORCYCLE DRIVER
20747027,Yes,PONDER POLICE DEPARTMENT,250037,PONDER,DISTRACTION IN VEHICLE,DENTON,2025-04-07,N - NOT INJURED,0,NO DATA,152 - MEDICAL CITY DENTON,11.317,,No Data,No Data,No Data,76247,76247,No,1C4RJJBG9P8714127,16,1 - MALE,N - NOT INJURED,0,1,1 - FRONT LEFT OR MOTORCYCLE DRIVER
20747031,Yes,EL PASO POLICE DEPARTMENT,25097170,EL PASO,FAILED TO CONTROL SPEED,EL PASO,2025-04-07,N - NOT INJURED,0,NO DATA,275 - THE HOSPITALS OF PROVIDENCE TRANSMOUNTAIN CAMPUS,4.593,,22 - FAILED TO CONTROL SPEED,No Data,No Data,79930,79930,No,1N6BD0CT7FN730984,66,1 - MALE,N - NOT INJURED,0,1,1 - FRONT LEFT OR MOTORCYCLE DRIVER
20747031,Yes,EL PASO POLICE DEPARTMENT,25097170,EL PASO,FAILED TO CONTROL SPEED,EL PASO,2025-04-07,N - NOT INJURED,0,NO DATA,275 - THE HOSPITALS OF PROVIDENCE TRANSMOUNTAIN CAMPUS,4.593,,No Data,No Data,No Data,79907,88021,No,3C6MR5AJ2GG281484,40,1 - MALE,N - NOT INJURED,0,1,1 - FRONT LEFT OR MOTORCYCLE DRIVER
20747032,Yes,"DEPARTMENT OF PUBLIC SAFETY, STATE OF TEXAS",TX25-537548,OUTSIDE CITY LIMITS,FAILED TO DRIVE IN SINGLE LANE,SAN PATRICIO,2025-04-07,N - NOT INJURED,0,NO DATA,262 - THE CORPUS CHRISTI MEDICAL CENTER - NORTHWEST,8.513,3C,23 - FAILED TO DRIVE IN SINGLE LANE,No Data,No Data,78410,78410,No,WDDHF5KB1EB062683,21,1 - MALE,N - NOT INJURED,0,1,1 - FRONT LEFT OR MOTORCYCLE DRIVER
20747032,Yes,"DEPARTMENT OF PUBLIC SAFETY, STATE OF TEXAS",TX25-537548,OUTSIDE CITY LIMITS,FAILED TO DRIVE IN SINGLE LANE,SAN PATRICIO,2025-04-07,N - NOT INJURED,0,NO DATA,262 - THE CORPUS CHRISTI MEDICAL CENTER - NORTHWEST,8.513,3C,23 - FAILED TO DRIVE IN SINGLE LANE,No Data,No Data,78410,78410,No,WDDHF5KB1EB062683,22,1 - MALE,N - NOT INJURED,0,2,3 - FRONT RIGHT
20747032,Yes,"DEPARTMENT OF PUBLIC SAFETY, STATE OF TEXAS",TX25-537548,OUTSIDE CITY LIMITS,FAILED TO DRIVE IN SINGLE LANE,SAN PATRICIO,2025-04-07,N - NOT INJURED,0,NO DATA,262 - THE CORPUS CHRISTI MEDICAL CENTER - NORTHWEST,8.513,3C,No Data,No Data,No Data,78109,78109,No,JTDKAMFU9N3154199,57,1 - MALE,N - NOT INJURED,0,1,1 - FRONT LEFT OR MOTORCYCLE DRIVER
20747060,Yes,PONDER POLICE DEPARTMENT,250038,PONDER,FATIGUED OR ASLEEP,DENTON,2025-04-07,C - POSSIBLE INJURY,0,NO DATA,152 - MEDICAL CITY DENTON,11.292,,40 - FATIGUED OR ASLEEP,No Data,No Data,76247,76207,No,WBXHU7C31H5H33748,18,1 - MALE,N - NOT INJURED,0,1,1 - FRONT LEFT OR MOTORCYCLE DRIVER
20747060,Yes,PONDER POLICE DEPARTMENT,250038,PONDER,FATIGUED OR ASLEEP,DENTON,2025-04-07,C - POSSIBLE INJURY,0,NO DATA,152 - MEDICAL CITY DENTON,11.292,,No Data,No Data,No Data,76259,76259,No,1GCPABEK7NZ556083,63,1 - MALE,C - POSSIBLE INJURY,0,1,1 - FRONT LEFT OR MOTORCYCLE DRIVER
20747061,Yes,"DEPARTMENT OF PUBLIC SAFETY, STATE OF TEXAS",TX25537118,OUTSIDE CITY LIMITS,FAILED TO CONTROL SPEED,FALLS,2025-04-07,C - POSSIBLE INJURY,0,NO DATA,28 - BAYLOR SCOTT & WHITE MEDICAL CENTER - HILLCREST,14.136,6A,22 - FAILED TO CONTROL SPEED,No Data,No Data,76177,76177,No,JHLRD78866C056047,65,1 - MALE,N - NOT INJURED,0,1,1 - FRONT LEFT OR MOTORCYCLE DRIVER
20747061,Yes,"DEPARTMENT OF PUBLIC SAFETY, STATE OF TEXAS",TX25537118,OUTSIDE CITY LIMITS,FAILED TO CONTROL SPEED,FALLS,2025-04-07,C - POSSIBLE INJURY,0,NO DATA,28 - BAYLOR SCOTT & WHITE MEDICAL CENTER - HILLCREST,14.136,6A,No Data,No Data,No Data,76661,76661,No,JM3ER2B57B0381520,44,2 - FEMALE,C - POSSIBLE INJURY,0,1,1 - FRONT LEFT OR MOTORCYCLE DRIVER
20747063,Yes,RICHARDSON POLICE DEPARTMENT,202500023536,RICHARDSON,FAILED TO CONTROL SPEED; UNDER INFLUENCE - ALCOHOL,DALLAS,2025-04-07,N - NOT INJURED,0,NO DATA,186 - METHODIST RICHARDSON MEDICAL CENTER,3.599,00,67 - INTOXICATED - ALCOHOL,22 - FAILED TO CONTROL SPEED,No Data,75081,75208,No,1HGCR2F5XEA257204,26,1 - MALE,N - NOT INJURED,0,1,1 - FRONT LEFT OR MOTORCYCLE DRIVER
20747063,Yes,RICHARDSON POLICE DEPARTMENT,202500023536,RICHARDSON,FAILED TO CONTROL SPEED; UNDER INFLUENCE - ALCOHOL,DALLAS,2025-04-07,N - NOT INJURED,0,NO DATA,186 - METHODIST RICHARDSON MEDICAL CENTER,3.599,00,No Data,No Data,No Data,75068,75068,No,1HTSCAAM7WH565530,48,1 - MALE,N - NOT INJURED,0,1,1 - FRONT LEFT OR MOTORCYCLE DRIVER
20747064,Yes,RICHARDSON POLICE DEPARTMENT,202500023562,RICHARDSON,FAILED TO YIELD RIGHT OF WAY - TURNING LEFT,DALLAS,2025-04-07,C - POSSIBLE INJURY,0,NO DATA,151 - MEDICAL CITY DALLAS HOSPITAL,4.141,10,37 - FAILED TO YIELD RIGHT OF WAY - TURNING LEFT,No Data,No Data,75071,75071,No,KNDPU3AF2P7063402,21,2 - FEMALE,N - NOT INJURED,0,1,1 - FRONT LEFT OR MOTORCYCLE DRIVER
20747064,Yes,RICHARDSON POLICE DEPARTMENT,202500023562,RICHARDSON,FAILED TO YIELD RIGHT OF WAY - TURNING LEFT,DALLAS,2025-04-07,C - POSSIBLE INJURY,0,NO DATA,151 - MEDICAL CITY DALLAS HOSPITAL,4.141,10,37 - FAILED TO YIELD RIGHT OF WAY - TURNING LEFT,No Data,No Data,75071,75071,No,KNDPU3AF2P7063402,12,2 - FEMALE,N - NOT INJURED,0,2,6 - SECOND SEAT RIGHT
20747064,Yes,RICHARDSON POLICE DEPARTMENT,202500023562,RICHARDSON,FAILED TO YIELD RIGHT OF WAY - TURNING LEFT,DALLAS,2025-04-07,C - POSSIBLE INJURY,0,NO DATA,151 - MEDICAL CITY DALLAS HOSPITAL,4.141,10,No Data,No Data,No Data,75080,75080,No,5YJ3E1EA6RF761197,25,2 - FEMALE,C - POSSIBLE INJURY,0,1,1 - FRONT LEFT OR MOTORCYCLE DRIVER
20747067,Yes,ANGLETON POLICE DEPARTMENT,2025000556,ANGLETON,DRIVER INATTENTION;FAILED TO YIELD RIGHT OF WAY - PRIVATE DRIVE,BRAZORIA,2025-04-07,B - SUSPECTED MINOR INJURY,0,NO DATA,285 - UTMB HEALTH ANGLETON DANBURY CAMPUS,3.31,,34 - FAILED TO YIELD RIGHT OF WAY - PRIVATE DRIVE,No Data,No Data,77515,77515,No,5N1DR2MN6KC613519,16,1 - MALE,N - NOT INJURED,0,1,1 - FRONT LEFT OR MOTORCYCLE DRIVER
20747067,Yes,ANGLETON POLICE DEPARTMENT,2025000556,ANGLETON,DRIVER INATTENTION;FAILED TO YIELD RIGHT OF WAY - PRIVATE DRIVE,BRAZORIA,2025-04-07,B - SUSPECTED MINOR INJURY,0,NO DATA,285 - UTMB HEALTH ANGLETON DANBURY CAMPUS,3.31,,No Data,No Data,No Data,77486,77486,No,3GKALMEG2RL263197,54,2 - FEMALE,B - SUSPECTED MINOR INJURY,1,1,1 - FRONT LEFT OR MOTORCYCLE DRIVER
20747086,Yes,FORT WORTH POLICE DEPARTMENT,250024854,FORT WORTH,DISREGARD STOP AND GO SIGNAL,TARRANT,2025-04-07,C - POSSIBLE INJURY,0,NO DATA,252 - TEXAS HEALTH HARRIS METHODIST HOSPITAL FORT WORTH,0.449,NT,No Data,No Data,No Data,76103,76103,No,2G1FB3D39E9247128,21,1 - MALE,C - POSSIBLE INJURY,0,1,1 - FRONT LEFT OR MOTORCYCLE DRIVER
20747086,Yes,FORT WORTH POLICE DEPARTMENT,250024854,FORT WORTH,DISREGARD STOP AND GO SIGNAL,TARRANT,2025-04-07,C - POSSIBLE INJURY,0,NO DATA,252 - TEXAS HEALTH HARRIS METHODIST HOSPITAL FORT WORTH,0.449,NT,No Data,No Data,No Data,76103,76103,No,2G1FB3D39E9247128,15,2 - FEMALE,N - NOT INJURED,0,2,4 - SECOND SEAT LEFT OR MOTORCYCLE BACK PASSENGER
20747086,Yes,FORT WORTH POLICE DEPARTMENT,250024854,FORT WORTH,DISREGARD STOP AND GO SIGNAL,TARRANT,2025-04-07,C - POSSIBLE INJURY,0,NO DATA,252 - TEXAS HEALTH HARRIS METHODIST HOSPITAL FORT WORTH,0.449,NT,No Data,No Data,No Data,76103,76103,No,2G1FB3D39E9247128,36,2 - FEMALE,N - NOT INJURED,0,3,3 - FRONT RIGHT
20747086,Yes,FORT WORTH POLICE DEPARTMENT,250024854,FORT WORTH,DISREGARD STOP AND GO SIGNAL,TARRANT,2025-04-07,C - POSSIBLE INJURY,0,NO DATA,252 - TEXAS HEALTH HARRIS METHODIST HOSPITAL FORT WORTH,0.449,NT,No Data,No Data,No Data,76248,76248,No,4S4WMAMD2K3411009,42,2 - FEMALE,N - NOT INJURED,0,1,1 - FRONT LEFT OR MOTORCYCLE DRIVER
20747123,Yes,DESOTO POLICE DEPARTMENT,2504108,DESOTO,DRIVER INATTENTION;OTHER (EXPLAIN IN NARRATIVE),DALLAS,2025-04-07,B - SUSPECTED MINOR INJURY,0,NO DATA,177 - METHODIST CHARLTON MEDICAL CENTER,2.071,,98 - OTHER (EXPLAIN IN NARRATIVE),No Data,No Data,THS9903,THS9903,No,5XYP5DHC2MG167501,23,1 - MALE,B - SUSPECTED MINOR INJURY,1,1,1 - FRONT LEFT OR MOTORCYCLE DRIVER
20747131,Yes,SAN ANTONIO POLICE DEPARTMENT,SAPD25068857,SAN ANTONIO,BACKED WITHOUT SAFETY; DRIVER INATTENTION,BEXAR,2025-04-07,C - POSSIBLE INJURY,0,NO DATA,53 - CHRISTUS SANTA ROSA HOSPITAL - ALAMO HEIGHTS,0.955,AP,3 - BACKED WITHOUT SAFETY,20 - DRIVER INATTENTION,No Data,78224,78202,No,2MG3JMBA0HW068072,65,1 - MALE,N - NOT INJURED,0,1,1 - FRONT LEFT OR MOTORCYCLE DRIVER
20747131,Yes,SAN ANTONIO POLICE DEPARTMENT,SAPD25068857,SAN ANTONIO,BACKED WITHOUT SAFETY; DRIVER INATTENTION,BEXAR,2025-04-07,C - POSSIBLE INJURY,0,NO DATA,53 - CHRISTUS SANTA ROSA HOSPITAL - ALAMO HEIGHTS,0.955,AP,No Data,No Data,No Data,78253,78253,No,7SAYGAEE6PF943095,52,1 - MALE,N - NOT INJURED,0,1,1 - FRONT LEFT OR MOTORCYCLE DRIVER
20747131,Yes,SAN ANTONIO POLICE DEPARTMENT,SAPD25068857,SAN ANTONIO,BACKED WITHOUT SAFETY; DRIVER INATTENTION,BEXAR,2025-04-07,C - POSSIBLE INJURY,0,NO DATA,53 - CHRISTUS SANTA ROSA HOSPITAL - ALAMO HEIGHTS,0.955,AP,No Data,No Data,No Data,78253,78253,No,7SAYGAEE6PF943095,36,1 - MALE,C - POSSIBLE INJURY,0,2,6 - SECOND SEAT RIGHT
20747133,No,SAN ANTONIO POLICE DEPARTMENT,SAPD25069162,SAN ANTONIO,DRIVER INATTENTION,BEXAR,2025-04-07,N - NOT INJURED,0,NO DATA,182 - METROPOLITAN METHODIST HOSPITAL,1.801,08,20 - DRIVER INATTENTION,No Data,No Data,78212,78212,No,1FTFW1ET0EFB98469,18,1 - MALE,N - NOT INJURED,0,1,1 - FRONT LEFT OR MOTORCYCLE DRIVER
20747133,No,SAN ANTONIO POLICE DEPARTMENT,SAPD25069162,SAN ANTONIO,DRIVER INATTENTION,BEXAR,2025-04-07,N - NOT INJURED,0,NO DATA,182 - METROPOLITAN METHODIST HOSPITAL,1.801,08,No Data,No Data,No Data,78212,78212,No,1G6AA5RA7E0124870,44,2 - FEMALE,N - NOT INJURED,0,1,1 - FRONT LEFT OR MOTORCYCLE DRIVER
20747133,No,SAN ANTONIO POLICE DEPARTMENT,SAPD25069162,SAN ANTONIO,DRIVER INATTENTION,BEXAR,2025-04-07,N - NOT INJURED,0,NO DATA,182 - METROPOLITAN METHODIST HOSPITAL,1.801,08,No Data,No Data,No Data,78212,78212,No,2FMPK3J92LBA46032,37,1 - MALE,N - NOT INJURED,0,1,1 - FRONT LEFT OR MOTORCYCLE DRIVER
20747147,Yes,"DEPARTMENT OF PUBLIC SAFETY, STATE OF TEXAS",TX2025-539999,OUTSIDE CITY LIMITS,UNSAFE SPEED,COLORADO,2025-04-07,C - POSSIBLE INJURY,0,NO DATA,70 - COLUMBUS COMMUNITY HOSPITAL,1.526,2D,60 - UNSAFE SPEED,No Data,No Data,76630,76630,No,1NP5D69X91N534320,47,1 - MALE,C - POSSIBLE INJURY,0,1,1 - FRONT LEFT OR MOTORCYCLE DRIVER
20747164,Yes,WHARTON POLICE DEPARTMENT,25012280,WHARTON,BACKED WITHOUT SAFETY,WHARTON,2025-04-07,N - NOT INJURED,0,NO DATA,No Data,No Data,,3 - BACKED WITHOUT SAFETY,No Data,No Data,77488,77488,No,1G1ZG57B08F254669,68,2 - FEMALE,N - NOT INJURED,0,1,1 - FRONT LEFT OR MOTORCYCLE DRIVER
20747164,Yes,WHARTON POLICE DEPARTMENT,25012280,WHARTON,BACKED WITHOUT SAFETY,WHARTON,2025-04-07,N - NOT INJURED,0,NO DATA,No Data,No Data,,No Data,No Data,No Data,77488,77488,No,1GNSCAKC9JR112507,31,2 - FEMALE,N - NOT INJURED,0,1,1 - FRONT LEFT OR MOTORCYCLE DRIVER
20747176,Yes,SAN ANTONIO POLICE DEPARTMENT,SAPD25069220,SAN ANTONIO,DRIVER INATTENTION,BEXAR,2025-04-07,99 - UNKNOWN,0,NO DATA,No Data,No Data,50,20 - DRIVER INATTENTION,No Data,No Data,,No Data,Yes,No Data,No Data,99 - UNKNOWN,99 - UNKNOWN,0,1,1 - FRONT LEFT OR MOTORCYCLE DRIVER
20747185,Yes,LAKE WORTH POLICE DEPARTMENT,25LW06537,LAKE WORTH,DRIVER INATTENTION;FAILED TO YIELD RIGHT OF WAY - TURN ON RED;TURNED IMPROPERLY - WIDE RIGHT,TARRANT,2025-04-07,N - NOT INJURED,0,NO DATA,78 - COOK CHILDRENS MEDICAL CENTER,6.517,,38 - FAILED TO YIELD RIGHT OF WAY - TURN ON RED,64 - TURNED IMPROPERLY - WIDE RIGHT,No Data,76106,76123,No,JH4KA96694C007411,17,2 - FEMALE,N - NOT INJURED,0,1,1 - FRONT LEFT OR MOTORCYCLE DRIVER
20747185,Yes,LAKE WORTH POLICE DEPARTMENT,25LW06537,LAKE WORTH,DRIVER INATTENTION;FAILED TO YIELD RIGHT OF WAY - TURN ON RED;TURNED IMPROPERLY - WIDE RIGHT,TARRANT,2025-04-07,N - NOT INJURED,0,NO DATA,78 - COOK CHILDRENS MEDICAL CENTER,6.517,,38 - FAILED TO YIELD RIGHT OF WAY - TURN ON RED,64 - TURNED IMPROPERLY - WIDE RIGHT,No Data,76106,76123,No,JH4KA96694C007411,14,1 - MALE,N - NOT INJURED,0,2,3 - FRONT RIGHT
20747185,Yes,LAKE WORTH POLICE DEPARTMENT,25LW06537,LAKE WORTH,DRIVER INATTENTION;FAILED TO YIELD RIGHT OF WAY - TURN ON RED;TURNED IMPROPERLY - WIDE RIGHT,TARRANT,2025-04-07,N - NOT INJURED,0,NO DATA,78 - COOK CHILDRENS MEDICAL CENTER,6.517,,No Data,No Data,No Data,76082,76082,No,3C63RRJL7DG572904,52,1 - MALE,N - NOT INJURED,0,1,1 - FRONT LEFT OR MOTORCYCLE DRIVER
20747207,Yes,EAGLE PASS POLICE DEPARTMENT,202500007392,EAGLE PASS,DRIVER INATTENTION,MAVERICK,2025-04-07,99 - UNKNOWN,0,NO DATA,101 - FORT DUNCAN REGIONAL MEDICAL CENTER,2.435,,No Data,No Data,No Data,78852,78852,No,JTHBA1D21G5025198,48,1 - MALE,99 - UNKNOWN,0,1,1 - FRONT LEFT OR MOTORCYCLE DRIVER
20747207,Yes,EAGLE PASS POLICE DEPARTMENT,202500007392,EAGLE PASS,DRIVER INATTENTION,MAVERICK,2025-04-07,99 - UNKNOWN,0,NO DATA,101 - FORT DUNCAN REGIONAL MEDICAL CENTER,2.435,,No Data,No Data,No Data,78852,78852,No,1GKFC13J27R218897,27,2 - FEMALE,99 - UNKNOWN,0,1,1 - FRONT LEFT OR MOTORCYCLE DRIVER
20747207,Yes,EAGLE PASS POLICE DEPARTMENT,202500007392,EAGLE PASS,DRIVER INATTENTION,MAVERICK,2025-04-07,99 - UNKNOWN,0,NO DATA,101 - FORT DUNCAN REGIONAL MEDICAL CENTER,2.435,,No Data,No Data,No Data,78852,78852,No,1GKFC13J27R218897,10,2 - FEMALE,99 - UNKNOWN,0,2,4 - SECOND SEAT LEFT OR MOTORCYCLE BACK PASSENGER
20747207,Yes,EAGLE PASS POLICE DEPARTMENT,202500007392,EAGLE PASS,DRIVER INATTENTION,MAVERICK,2025-04-07,99 - UNKNOWN,0,NO DATA,101 - FORT DUNCAN REGIONAL MEDICAL CENTER,2.435,,No Data,No Data,No Data,78852,78852,No,1GKFC13J27R218897,1,1 - MALE,99 - UNKNOWN,0,3,5 - SECOND SEAT CENTER
20747207,Yes,EAGLE PASS POLICE DEPARTMENT,202500007392,EAGLE PASS,DRIVER INATTENTION,MAVERICK,2025-04-07,99 - UNKNOWN,0,NO DATA,101 - FORT DUNCAN REGIONAL MEDICAL CENTER,2.435,,No Data,No Data,No Data,78852,78852,No,1GKFC13J27R218897,8,1 - MALE,99 - UNKNOWN,0,4,6 - SECOND SEAT RIGHT
20747207,Yes,EAGLE PASS POLICE DEPARTMENT,202500007392,EAGLE PASS,DRIVER INATTENTION,MAVERICK,2025-04-07,99 - UNKNOWN,0,NO DATA,101 - FORT DUNCAN REGIONAL MEDICAL CENTER,2.435,,No Data,No Data,No Data,78852,78852,No,1GKFC13J27R218897,3,1 - MALE,99 - UNKNOWN,0,5,7 - THIRD SEAT LEFT
20747207,Yes,EAGLE PASS POLICE DEPARTMENT,202500007392,EAGLE PASS,DRIVER INATTENTION,MAVERICK,2025-04-07,99 - UNKNOWN,0,NO DATA,101 - FORT DUNCAN REGIONAL MEDICAL CENTER,2.435,,No Data,No Data,No Data,78852,78852,No,1FM5K7BH5GGC33011,56,2 - FEMALE,99 - UNKNOWN,0,1,1 - FRONT LEFT OR MOTORCYCLE DRIVER
20747207,Yes,EAGLE PASS POLICE DEPARTMENT,202500007392,EAGLE PASS,DRIVER INATTENTION,MAVERICK,2025-04-07,99 - UNKNOWN,0,NO DATA,101 - FORT DUNCAN REGIONAL MEDICAL CENTER,2.435,,No Data,No Data,No Data,78852,78852,No,1FM5K7BH5GGC33011,7,1 - MALE,99 - UNKNOWN,0,2,6 - SECOND SEAT RIGHT
20747218,Yes,"DEPARTMENT OF PUBLIC SAFETY, STATE OF TEXAS",TX2025-537501,OUTSIDE CITY LIMITS,CHANGED LANE WHEN UNSAFE,FAYETTE,2025-04-07,N - NOT INJURED,0,NO DATA,144 - LAVACA MEDICAL CENTER,16.236,2D,No Data,No Data,No Data,78108,78108,No,2T3C1RFV2MC138322,19,2 - FEMALE,N - NOT INJURED,0,1,1 - FRONT LEFT OR MOTORCYCLE DRIVER
20747218,Yes,"DEPARTMENT OF PUBLIC SAFETY, STATE OF TEXAS",TX2025-537501,OUTSIDE CITY LIMITS,CHANGED LANE WHEN UNSAFE,FAYETTE,2025-04-07,N - NOT INJURED,0,NO DATA,144 - LAVACA MEDICAL CENTER,16.236,2D,4 - CHANGED LANE WHEN UNSAFE,No Data,No Data,77433,33607,No,1FVACWFC1LHLY2632,37,1 - MALE,N - NOT INJURED,0,1,1 - FRONT LEFT OR MOTORCYCLE DRIVER
20747219,Yes,LEAGUE CITY POLICE DEPARTMENT,25-01831,LEAGUE CITY,FAILED TO CONTROL SPEED,GALVESTON,2025-04-07,N - NOT INJURED,0,NO DATA,289 - UTMB HEALTH LEAGUE CITY CAMPUS,1.728,,22 - FAILED TO CONTROL SPEED,No Data,No Data,77598,77598,No,1FTEX1C89GKD95365,29,1 - MALE,N - NOT INJURED,0,1,1 - FRONT LEFT OR MOTORCYCLE DRIVER
20747219,Yes,LEAGUE CITY POLICE DEPARTMENT,25-01831,LEAGUE CITY,FAILED TO CONTROL SPEED,GALVESTON,2025-04-07,N - NOT INJURED,0,NO DATA,289 - UTMB HEALTH LEAGUE CITY CAMPUS,1.728,,22 - FAILED TO CONTROL SPEED,No Data,No Data,77598,77598,No,1FTEX1C89GKD95365,25,1 - MALE,N - NOT INJURED,0,2,3 - FRONT RIGHT
20747219,Yes,LEAGUE CITY POLICE DEPARTMENT,25-01831,LEAGUE CITY,FAILED TO CONTROL SPEED,GALVESTON,2025-04-07,N - NOT INJURED,0,NO DATA,289 - UTMB HEALTH LEAGUE CITY CAMPUS,1.728,,No Data,No Data,No Data,77502,77502,No,5YGBURHE0EP175301,61,2 - FEMALE,N - NOT INJURED,0,1,1 - FRONT LEFT OR MOTORCYCLE DRIVER
20747219,Yes,LEAGUE CITY POLICE DEPARTMENT,25-01831,LEAGUE CITY,FAILED TO CONTROL SPEED,GALVESTON,2025-04-07,N - NOT INJURED,0,NO DATA,289 - UTMB HEALTH LEAGUE CITY CAMPUS,1.728,,No Data,No Data,No Data,77502,77502,No,5YGBURHE0EP175301,63,1 - MALE,N - NOT INJURED,0,2,3 - FRONT RIGHT
20747261,Yes,BEXAR COUNTY LAW ENFORCEMENT,2025-CO3-000175,SAN ANTONIO,DRIVER INATTENTION;UNSAFE SPEED,BEXAR,2025-04-07,N - NOT INJURED,0,NO DATA,199 - NORTHEAST BAPTIST HOSPITAL,1.292,,20 - DRIVER INATTENTION,No Data,No Data,78228,78201,No,JTHBJ46G672120576,26,2 - FEMALE,N - NOT INJURED,0,1,1 - FRONT LEFT OR MOTORCYCLE DRIVER
20747261,Yes,BEXAR COUNTY LAW ENFORCEMENT,2025-CO3-000175,SAN ANTONIO,DRIVER INATTENTION;UNSAFE SPEED,BEXAR,2025-04-07,N - NOT INJURED,0,NO DATA,199 - NORTHEAST BAPTIST HOSPITAL,1.292,,No Data,No Data,No Data,78247,78247,No,JM1BM1U70G1325522,66,1 - MALE,N - NOT INJURED,0,1,1 - FRONT LEFT OR MOTORCYCLE DRIVER
20747265,Yes,METRO TRANSIT POLICE DEPARTMENT,2500030362,HOUSTON,FAILED TO CONTROL SPEED; FOLLOWED TOO CLOSELY,HARRIS,2025-04-07,B - SUSPECTED MINOR INJURY,0,NO DATA,165 - MEMORIAL HERMANN MEMORIAL CITY MEDICAL CENTER,4.56,02,22 - FAILED TO CONTROL SPEED,44 - FOLLOWED TOO CLOSELY,No Data,77065,77065,No,2T3ZF4DV9BW100468,64,1 - MALE,N - NOT INJURED,0,1,1 - FRONT LEFT OR MOTORCYCLE DRIVER
20747265,Yes,METRO TRANSIT POLICE DEPARTMENT,2500030362,HOUSTON,FAILED TO CONTROL SPEED; FOLLOWED TOO CLOSELY,HARRIS,2025-04-07,B - SUSPECTED MINOR INJURY,0,NO DATA,165 - MEMORIAL HERMANN MEMORIAL CITY MEDICAL CENTER,4.56,02,No Data,No Data,No Data,77047,77098,No,1N9040557EA140587,66,2 - FEMALE,B - SUSPECTED MINOR INJURY,1,1,1 - FRONT LEFT OR MOTORCYCLE DRIVER
20747270,Yes,TYLER POLICE DEPARTMENT,25-004985,TYLER,FAILED TO CONTROL SPEED,SMITH,2025-04-07,N - NOT INJURED,0,NO DATA,288 - UT HEALTH EAST TEXAS TYLER REGIONAL HOSPITAL,0.935,,22 - FAILED TO CONTROL SPEED,No Data,No Data,75702,75702,No,JTHBA30G155110908,17,2 - FEMALE,N - NOT INJURED,0,1,1 - FRONT LEFT OR MOTORCYCLE DRIVER
20747270,Yes,TYLER POLICE DEPARTMENT,25-004985,TYLER,FAILED TO CONTROL SPEED,SMITH,2025-04-07,N - NOT INJURED,0,NO DATA,288 - UT HEALTH EAST TEXAS TYLER REGIONAL HOSPITAL,0.935,,22 - FAILED TO CONTROL SPEED,No Data,No Data,75702,75702,No,JTHBA30G155110908,14,1 - MALE,N - NOT INJURED,0,2,3 - FRONT RIGHT
20747270,Yes,TYLER POLICE DEPARTMENT,25-004985,TYLER,FAILED TO CONTROL SPEED,SMITH,2025-04-07,N - NOT INJURED,0,NO DATA,288 - UT HEALTH EAST TEXAS TYLER REGIONAL HOSPITAL,0.935,,No Data,No Data,No Data,75702,75702,No,4T1BE46K29U362374,24,2 - FEMALE,N - NOT INJURED,0,1,1 - FRONT LEFT OR MOTORCYCLE DRIVER
20747281,Yes,HOUSTON POLICE DEPARTMENT,0044615925Y,HOUSTON,FAILED TO YIELD RIGHT OF WAY - PRIVATE DRIVE,HARRIS,2025-04-07,N - NOT INJURED,0,NO DATA,No Data,No Data,C,34 - FAILED TO YIELD RIGHT OF WAY - PRIVATE DRIVE,No Data,No Data,,No Data,Yes,No Data,No Data,99 - UNKNOWN,99 - UNKNOWN,0,1,99 - UNKNOWN
20747281,Yes,HOUSTON POLICE DEPARTMENT,0044615925Y,HOUSTON,FAILED TO YIELD RIGHT OF WAY - PRIVATE DRIVE,HARRIS,2025-04-07,N - NOT INJURED,0,NO DATA,No Data,No Data,C,No Data,No Data,No Data,77032,77032,No,JN8AY2BA7M9370205,19,1 - MALE,N - NOT INJURED,0,1,1 - FRONT LEFT OR MOTORCYCLE DRIVER
20747285,Yes,METRO TRANSIT POLICE DEPARTMENT,2500030343,OUTSIDE CITY LIMITS,FAILED TO CONTROL SPEED,HARRIS,2025-04-07,B - SUSPECTED MINOR INJURY,0,NO DATA,248 - TEXAS CHILDRENS HOSPITAL WEST CAMPUS,1.522,01,22 - FAILED TO CONTROL SPEED,No Data,No Data,77080,77086,No,1GCEC19027E601946,22,1 - MALE,N - NOT INJURED,0,1,1 - FRONT LEFT OR MOTORCYCLE DRIVER
20747285,Yes,METRO TRANSIT POLICE DEPARTMENT,2500030343,OUTSIDE CITY LIMITS,FAILED TO CONTROL SPEED,HARRIS,2025-04-07,B - SUSPECTED MINOR INJURY,0,NO DATA,248 - TEXAS CHILDRENS HOSPITAL WEST CAMPUS,1.522,01,No Data,No Data,No Data,77002,77002,No,1M8PDMBAXFP013520,37,2 - FEMALE,B - SUSPECTED MINOR INJURY,1,1,1 - FRONT LEFT OR MOTORCYCLE DRIVER
20720571,Yes,BASTROP POLICE DEPARTMENT,25-031318,BASTROP,DRIVER INATTENTION; FAILED TO CONTROL SPEED,BASTROP,2025-04-08,N - NOT INJURED,0,NO DATA,87 - DELL CHILDRENS MEDICAL CENTER,24.873,,22 - FAILED TO CONTROL SPEED,20 - DRIVER INATTENTION,No Data,78942,78942,No,1GCRWBEK3NZ217945,43,1 - MALE,N - NOT INJURED,0,1,1 - FRONT LEFT OR MOTORCYCLE DRIVER
20720571,Yes,BASTROP POLICE DEPARTMENT,25-031318,BASTROP,DRIVER INATTENTION; FAILED TO CONTROL SPEED,BASTROP,2025-04-08,N - NOT INJURED,0,NO DATA,87 - DELL CHILDRENS MEDICAL CENTER,24.873,,No Data,No Data,No Data,78602,78602,No,2C4RDGCG5HR600284,44,2 - FEMALE,N - NOT INJURED,0,1,1 - FRONT LEFT OR MOTORCYCLE DRIVER
20744072,Yes,LAREDO POLICE DEPARTMENT,2025-00055623,LAREDO,FAILED TO CONTROL SPEED,WEBB,2025-04-08,B - SUSPECTED MINOR INJURY,0,NO DATA,99 - DOCTORS HOSPITAL OF LAREDO,5.366,,22 - FAILED TO CONTROL SPEED,No Data,No Data,78045,78572,No,1GCNCNEHXGZ407029,42,1 - MALE,B - SUSPECTED MINOR INJURY,1,1,1 - FRONT LEFT OR MOTORCYCLE DRIVER
20744072,Yes,LAREDO POLICE DEPARTMENT,2025-00055623,LAREDO,FAILED TO CONTROL SPEED,WEBB,2025-04-08,B - SUSPECTED MINOR INJURY,0,NO DATA,99 - DOCTORS HOSPITAL OF LAREDO,5.366,,No Data,No Data,No Data,No Data,77013,No,4V4NC9TG78N492586,72,1 - MALE,N - NOT INJURED,0,1,13 - OTHER IN VEHICLE
20744274,Yes,LEANDER POLICE DEPARTMENT,25041176,LEANDER,FAILED TO YIELD RIGHT OF WAY - TURNING LEFT,WILLIAMSON,2025-04-08,C - POSSIBLE INJURY,0,NO DATA,37 - CEDAR PARK REGIONAL MEDICAL CENTER,5.504,,37 - FAILED TO YIELD RIGHT OF WAY - TURNING LEFT,No Data,No Data,78641,78641,No,JM1GJ1U52G1442080,34,2 - FEMALE,C - POSSIBLE INJURY,0,1,1 - FRONT LEFT OR MOTORCYCLE DRIVER
20744274,Yes,LEANDER POLICE DEPARTMENT,25041176,LEANDER,FAILED TO YIELD RIGHT OF WAY - TURNING LEFT,WILLIAMSON,2025-04-08,C - POSSIBLE INJURY,0,NO DATA,37 - CEDAR PARK REGIONAL MEDICAL CENTER,5.504,,No Data,No Data,No Data,78613,78641,No,1FTSW21Y68EB02246,27,1 - MALE,N - NOT INJURED,0,1,1 - FRONT LEFT OR MOTORCYCLE DRIVER
20744274,Yes,LEANDER POLICE DEPARTMENT,25041176,LEANDER,FAILED TO YIELD RIGHT OF WAY - TURNING LEFT,WILLIAMSON,2025-04-08,C - POSSIBLE INJURY,0,NO DATA,37 - CEDAR PARK REGIONAL MEDICAL CENTER,5.504,,No Data,No Data,No Data,78613,78641,No,1FTSW21Y68EB02246,54,1 - MALE,N - NOT INJURED,0,2,3 - FRONT RIGHT
20744274,Yes,LEANDER POLICE DEPARTMENT,25041176,LEANDER,FAILED TO YIELD RIGHT OF WAY - TURNING LEFT,WILLIAMSON,2025-04-08,C - POSSIBLE INJURY,0,NO DATA,37 - CEDAR PARK REGIONAL MEDICAL CENTER,5.504,,No Data,No Data,No Data,78613,78641,No,1FTSW21Y68EB02246,29,1 - MALE,N - NOT INJURED,0,3,4 - SECOND SEAT LEFT OR MOTORCYCLE BACK PASSENGER
20744287,Yes,CEDAR PARK POLICE DEPARTMENT,2504-0123,CEDAR PARK,WRONG SIDE - NOT PASSING,WILLIAMSON,2025-04-08,N - NOT INJURED,0,NO DATA,37 - CEDAR PARK REGIONAL MEDICAL CENTER,0.556,,70 - WRONG SIDE - NOT PASSING,No Data,No Data,78759,78759,No,JTEZU17R38K019272,55,2 - FEMALE,N - NOT INJURED,0,1,1 - FRONT LEFT OR MOTORCYCLE DRIVER
20744287,Yes,CEDAR PARK POLICE DEPARTMENT,2504-0123,CEDAR PARK,WRONG SIDE - NOT PASSING,WILLIAMSON,2025-04-08,N - NOT INJURED,0,NO DATA,37 - CEDAR PARK REGIONAL MEDICAL CENTER,0.556,,No Data,No Data,No Data,78641,78641,No,1C4RJFBG8JC454742,23,2 - FEMALE,N - NOT INJURED,0,1,1 - FRONT LEFT OR MOTORCYCLE DRIVER
20744314,Yes,MONTGOMERY COUNTY SHERIFF'S OFFICE,25A103339,OUTSIDE CITY LIMITS,CHANGED LANE WHEN UNSAFE,MONTGOMERY,2025-04-08,N - NOT INJURED,0,NO DATA,171 - MEMORIAL HERMANN THE WOODLANDS MEDICAL CENTER,3.07,,4 - CHANGED LANE WHEN UNSAFE,No Data,No Data,77382,77382,No,1C6RR7LT4KS627679,No Data,1 - MALE,N - NOT INJURED,0,1,1 - FRONT LEFT OR MOTORCYCLE DRIVER
20744314,Yes,MONTGOMERY COUNTY SHERIFF'S OFFICE,25A103339,OUTSIDE CITY LIMITS,CHANGED LANE WHEN UNSAFE,MONTGOMERY,2025-04-08,N - NOT INJURED,0,NO DATA,171 - MEMORIAL HERMANN THE WOODLANDS MEDICAL CENTER,3.07,,No Data,No Data,No Data,77381,77381,No,1G6D35R62R0810520,No Data,1 - MALE,N - NOT INJURED,0,1,1 - FRONT LEFT OR MOTORCYCLE DRIVER
20744337,Yes,SOUTHLAKE POLICE DEPARTMENT,CFS25069307,SOUTHLAKE,FAILED TO DRIVE IN SINGLE LANE;UNSAFE SPEED,TARRANT,2025-04-08,N - NOT INJURED,0,NO DATA,17 - BAYLOR SCOTT & WHITE MEDICAL CENTER - GRAPEVINE,4.999,,No Data,No Data,No Data,76262,76262,No,58ADZ1B15NU130671,47,1 - MALE,N - NOT INJURED,0,1,1 - FRONT LEFT OR MOTORCYCLE DRIVER
20744337,Yes,SOUTHLAKE POLICE DEPARTMENT,CFS25069307,SOUTHLAKE,FAILED TO DRIVE IN SINGLE LANE;UNSAFE SPEED,TARRANT,2025-04-08,N - NOT INJURED,0,NO DATA,17 - BAYLOR SCOTT & WHITE MEDICAL CENTER - GRAPEVINE,4.999,,No Data,No Data,No Data,76262,76262,No,58ADZ1B15NU130671,12,1 - MALE,N - NOT INJURED,0,2,3 - FRONT RIGHT
20744337,Yes,SOUTHLAKE POLICE DEPARTMENT,CFS25069307,SOUTHLAKE,FAILED TO DRIVE IN SINGLE LANE;UNSAFE SPEED,TARRANT,2025-04-08,N - NOT INJURED,0,NO DATA,17 - BAYLOR SCOTT & WHITE MEDICAL CENTER - GRAPEVINE,4.999,,No Data,No Data,No Data,76244,76244,No,2FMPK3K80HBB68417,34,2 - FEMALE,N - NOT INJURED,0,1,1 - FRONT LEFT OR MOTORCYCLE DRIVER
20744337,Yes,SOUTHLAKE POLICE DEPARTMENT,CFS25069307,SOUTHLAKE,FAILED TO DRIVE IN SINGLE LANE;UNSAFE SPEED,TARRANT,2025-04-08,N - NOT INJURED,0,NO DATA,17 - BAYLOR SCOTT & WHITE MEDICAL CENTER - GRAPEVINE,4.999,,No Data,No Data,No Data,76244,76244,No,2FMPK3K80HBB68417,12,1 - MALE,N - NOT INJURED,0,2,3 - FRONT RIGHT
20744384,Yes,DALLAS POLICE DEPARTMENT,48731-2025,DALLAS,OTHER (EXPLAIN IN NARRATIVE),DALLAS,2025-04-08,C - POSSIBLE INJURY,0,NO DATA,86 - DALLAS MEDICAL CENTER,3.073,,98 - OTHER (EXPLAIN IN NARRATIVE),No Data,No Data,75224,75224,No,1FTYR14UX4PA26078,67,2 - FEMALE,C - POSSIBLE INJURY,0,1,1 - FRONT LEFT OR MOTORCYCLE DRIVER
20744384,Yes,DALLAS POLICE DEPARTMENT,48731-2025,DALLAS,OTHER (EXPLAIN IN NARRATIVE),DALLAS,2025-04-08,C - POSSIBLE INJURY,0,NO DATA,86 - DALLAS MEDICAL CENTER,3.073,,98 - OTHER (EXPLAIN IN NARRATIVE),No Data,No Data,75234,75234,No,2T1BURHE8HC778372,24,2 - FEMALE,C - POSSIBLE INJURY,0,1,1 - FRONT LEFT OR MOTORCYCLE DRIVER
20744410,Yes,CONROE POLICE DEPARTMENT,25040246,CONROE,FAILED TO CONTROL SPEED,MONTGOMERY,2025-04-08,N - NOT INJURED,0,NO DATA,116 - HCA HOUSTON HEALTHCARE CONROE,1.206,,22 - FAILED TO CONTROL SPEED,No Data,No Data,77033,77009,Yes,1G11C5SL2EF300684,48,2 - FEMALE,N - NOT INJURED,0,1,1 - FRONT LEFT OR MOTORCYCLE DRIVER
20744410,Yes,CONROE POLICE DEPARTMENT,25040246,CONROE,FAILED TO CONTROL SPEED,MONTGOMERY,2025-04-08,N - NOT INJURED,0,NO DATA,116 - HCA HOUSTON HEALTHCARE CONROE,1.206,,No Data,No Data,No Data,77864,77864,No,1GCUYHEL1KZ403088,29,1 - MALE,N - NOT INJURED,0,1,1 - FRONT LEFT OR MOTORCYCLE DRIVER
20744466,Yes,MUSTANG RIDGE POLICE DEPARTMENT,250970112,MUSTANG RIDGE,DRIVER INATTENTION; FOLLOWED TOO CLOSELY,CALDWELL,2025-04-08,N - NOT INJURED,0,NO DATA,4 - ASCENSION SETON HAYS,10.013,,44 - FOLLOWED TOO CLOSELY,20 - DRIVER INATTENTION,No Data,78616,78616,No,3VV5X7B27RM042931,27,2 - FEMALE,N - NOT INJURED,0,1,1 - FRONT LEFT OR MOTORCYCLE DRIVER
20744466,Yes,MUSTANG RIDGE POLICE DEPARTMENT,250970112,MUSTANG RIDGE,DRIVER INATTENTION; FOLLOWED TOO CLOSELY,CALDWELL,2025-04-08,N - NOT INJURED,0,NO DATA,4 - ASCENSION SETON HAYS,10.013,,No Data,No Data,No Data,78616,78616,No,1GKS1BKD3PR237111,40,2 - FEMALE,N - NOT INJURED,0,1,1 - FRONT LEFT OR MOTORCYCLE DRIVER
20744474,Yes,MANSFIELD POLICE DEPARTMENT,25040802,MANSFIELD,DRIVER INATTENTION,TARRANT,2025-04-08,B - SUSPECTED MINOR INJURY,0,NO DATA,184 - METHODIST MANSFIELD MEDICAL CENTER,3.68,,20 - DRIVER INATTENTION,No Data,No Data,76063,76063,No,JN1BV7AP8FM343352,30,2 - FEMALE,N - NOT INJURED,0,1,1 - FRONT LEFT OR MOTORCYCLE DRIVER
20744474,Yes,MANSFIELD POLICE DEPARTMENT,25040802,MANSFIELD,DRIVER INATTENTION,TARRANT,2025-04-08,B - SUSPECTED MINOR INJURY,0,NO DATA,184 - METHODIST MANSFIELD MEDICAL CENTER,3.68,,No Data,No Data,No Data,76111,76011,No,1GNERGKW0PJ113058,43,2 - FEMALE,B - SUSPECTED MINOR INJURY,1,1,1 - FRONT LEFT OR MOTORCYCLE DRIVER
20744474,Yes,MANSFIELD POLICE DEPARTMENT,25040802,MANSFIELD,DRIVER INATTENTION,TARRANT,2025-04-08,B - SUSPECTED MINOR INJURY,0,NO DATA,184 - METHODIST MANSFIELD MEDICAL CENTER,3.68,,No Data,No Data,No Data,76111,76011,No,1GNERGKW0PJ113058,42,1 - MALE,N - NOT INJURED,0,2,3 - FRONT RIGHT
20744496,Yes,DALLAS POLICE DEPARTMENT,48730-2025,DALLAS,OTHER (EXPLAIN IN NARRATIVE),DALLAS,2025-04-08,C - POSSIBLE INJURY,0,NO DATA,174 - METHODIST DALLAS MEDICAL CENTER,1.499,,98 - OTHER (EXPLAIN IN NARRATIVE),No Data,No Data,75150,75150,No,5NTJCDAE3PH068465,51,1 - MALE,C - POSSIBLE INJURY,0,1,1 - FRONT LEFT OR MOTORCYCLE DRIVER
20744496,Yes,DALLAS POLICE DEPARTMENT,48730-2025,DALLAS,OTHER (EXPLAIN IN NARRATIVE),DALLAS,2025-04-08,C - POSSIBLE INJURY,0,NO DATA,174 - METHODIST DALLAS MEDICAL CENTER,1.499,,98 - OTHER (EXPLAIN IN NARRATIVE),No Data,No Data,76018,76018,No,ZACNDFBN8P3A06842,41,2 - FEMALE,C - POSSIBLE INJURY,0,1,1 - FRONT LEFT OR MOTORCYCLE DRIVER
20744521,Yes,LEWISVILLE POLICE DEPARTMENT,25-02773,LEWISVILLE,FAILED TO CONTROL SPEED,DENTON,2025-04-08,N - NOT INJURED,0,NO DATA,156 - MEDICAL CITY LEWISVILLE,1.195,,22 - FAILED TO CONTROL SPEED,No Data,No Data,76209,76209,No,1FTRF12278KB70026,34,1 - MALE,N - NOT INJURED,0,1,1 - FRONT LEFT OR MOTORCYCLE DRIVER
20744521,Yes,LEWISVILLE POLICE DEPARTMENT,25-02773,LEWISVILLE,FAILED TO CONTROL SPEED,DENTON,2025-04-08,N - NOT INJURED,0,NO DATA,156 - MEDICAL CITY LEWISVILLE,1.195,,No Data,No Data,No Data,76226,76226,No,4S4WMARD7L3421903,37,2 - FEMALE,N - NOT INJURED,0,1,1 - FRONT LEFT OR MOTORCYCLE DRIVER
20744522,Yes,LEWISVILLE POLICE DEPARTMENT,25-02777,LEWISVILLE,CHANGED LANE WHEN UNSAFE,DENTON,2025-04-08,N - NOT INJURED,0,NO DATA,156 - MEDICAL CITY LEWISVILLE,4.244,,4 - CHANGED LANE WHEN UNSAFE,No Data,No Data,76208,76208,No,2T3ZFREV5JW478684,55,2 - FEMALE,N - NOT INJURED,0,1,1 - FRONT LEFT OR MOTORCYCLE DRIVER
20744522,Yes,LEWISVILLE POLICE DEPARTMENT,25-02777,LEWISVILLE,CHANGED LANE WHEN UNSAFE,DENTON,2025-04-08,N - NOT INJURED,0,NO DATA,156 - MEDICAL CITY LEWISVILLE,4.244,,No Data,No Data,No Data,75077,75077,No,WVGJV7AX1FW553087,52,2 - FEMALE,N - NOT INJURED,0,1,1 - FRONT LEFT OR MOTORCYCLE DRIVER
20744528,Yes,BEXAR COUNTY LAW ENFORCEMENT,BCSO-2025-0137517,OUTSIDE CITY LIMITS,DRIVER INATTENTION;OTHER (EXPLAIN IN NARRATIVE),BEXAR,2025-04-08,N - NOT INJURED,0,NO DATA,65 - CHRISTUS SANTA ROSA HOSPITAL - WESTOVER HILLS,7.01,,20 - DRIVER INATTENTION,No Data,No Data,78223,78223,No,5YFBURHE3GP467298,29,2 - FEMALE,N - NOT INJURED,0,1,1 - FRONT LEFT OR MOTORCYCLE DRIVER
20744528,Yes,BEXAR COUNTY LAW ENFORCEMENT,BCSO-2025-0137517,OUTSIDE CITY LIMITS,DRIVER INATTENTION;OTHER (EXPLAIN IN NARRATIVE),BEXAR,2025-04-08,N - NOT INJURED,0,NO DATA,65 - CHRISTUS SANTA ROSA HOSPITAL - WESTOVER HILLS,7.01,,98 - OTHER (EXPLAIN IN NARRATIVE),No Data,No Data,78252,78252,No,7FARW1H52HE020148,25,2 - FEMALE,N - NOT INJURED,0,1,1 - FRONT LEFT OR MOTORCYCLE DRIVER
20744531,Yes,LUMBERTON POLICE DEPARTMENT,,LUMBERTON,TURNED IMPROPERLY - WRONG LANE,HARDIN,2025-04-08,N - NOT INJURED,0,NO DATA,58 - CHRISTUS SOUTHEAST TEXAS - ST. ELIZABETH,13.451,,65 - TURNED IMPROPERLY - WRONG LANE,No Data,No Data,77657,77657,No,1FMDE5DH8NLB32490,72,2 - FEMALE,N - NOT INJURED,0,1,1 - FRONT LEFT OR MOTORCYCLE DRIVER
20744531,Yes,LUMBERTON POLICE DEPARTMENT,,LUMBERTON,TURNED IMPROPERLY - WRONG LANE,HARDIN,2025-04-08,N - NOT INJURED,0,NO DATA,58 - CHRISTUS SOUTHEAST TEXAS - ST. ELIZABETH,13.451,,No Data,No Data,No Data,77656,77664,No,5XTRL4JC0SG368397,31,2 - FEMALE,N - NOT INJURED,0,1,1 - FRONT LEFT OR MOTORCYCLE DRIVER
20744543,Yes,SAN JACINTO COUNTY SHERIFF'S OFFICE,25S-05211,SHEPHERD,DISABLED IN TRAFFIC LANE;FAILED TO YIELD RIGHT OF WAY - TURNING LEFT,SAN JACINTO,2025-04-08,N - NOT INJURED,0,NO DATA,43 - CHI ST. LUKES HEALTH - MEMORIAL LIVINGSTON,16.317,,37 - FAILED TO YIELD RIGHT OF WAY - TURNING LEFT,14 - DISABLED IN TRAFFIC LANE,No Data,77371,77328,No,2GCEC13J081193029,39,1 - MALE,N - NOT INJURED,0,1,1 - FRONT LEFT OR MOTORCYCLE DRIVER
20744543,Yes,SAN JACINTO COUNTY SHERIFF'S OFFICE,25S-05211,SHEPHERD,DISABLED IN TRAFFIC LANE;FAILED TO YIELD RIGHT OF WAY - TURNING LEFT,SAN JACINTO,2025-04-08,N - NOT INJURED,0,NO DATA,43 - CHI ST. LUKES HEALTH - MEMORIAL LIVINGSTON,16.317,,37 - FAILED TO YIELD RIGHT OF WAY - TURNING LEFT,14 - DISABLED IN TRAFFIC LANE,No Data,77371,77328,No,2GCEC13J081193029,36,2 - FEMALE,N - NOT INJURED,0,2,3 - FRONT RIGHT
20744543,Yes,SAN JACINTO COUNTY SHERIFF'S OFFICE,25S-05211,SHEPHERD,DISABLED IN TRAFFIC LANE;FAILED TO YIELD RIGHT OF WAY - TURNING LEFT,SAN JACINTO,2025-04-08,N - NOT INJURED,0,NO DATA,43 - CHI ST. LUKES HEALTH - MEMORIAL LIVINGSTON,16.317,,37 - FAILED TO YIELD RIGHT OF WAY - TURNING LEFT,14 - DISABLED IN TRAFFIC LANE,No Data,77371,77328,No,2GCEC13J081193029,14,1 - MALE,N - NOT INJURED,0,3,6 - SECOND SEAT RIGHT
20744543,Yes,SAN JACINTO COUNTY SHERIFF'S OFFICE,25S-05211,SHEPHERD,DISABLED IN TRAFFIC LANE;FAILED TO YIELD RIGHT OF WAY - TURNING LEFT,SAN JACINTO,2025-04-08,N - NOT INJURED,0,NO DATA,43 - CHI ST. LUKES HEALTH - MEMORIAL LIVINGSTON,16.317,,No Data,No Data,No Data,77328,77328,No,1FMCU0J90EUA21537,19,2 - FEMALE,N - NOT INJURED,0,1,1 - FRONT LEFT OR MOTORCYCLE DRIVER
20744581,Yes,TRAVIS COUNTY SHERIFF'S OFFICE,250980088,OUTSIDE CITY LIMITS,UNSAFE SPEED,TRAVIS,2025-04-08,B - SUSPECTED MINOR INJURY,0,NO DATA,195 - NORTH AUSTIN MEDICAL CENTER,12.346,20,60 - UNSAFE SPEED,No Data,No Data,78741,78741,No,1C4RDHDG8MC627034,40,1 - MALE,B - SUSPECTED MINOR INJURY,1,1,1 - FRONT LEFT OR MOTORCYCLE DRIVER
20744582,Yes,SUGAR LAND POLICE DEPARTMENT,25-02515,SUGAR LAND,FAILED TO CONTROL SPEED,FORT BEND,2025-04-08,N - NOT INJURED,0,NO DATA,180 - MEMORIAL HERMANN SUGAR LAND HOSPITAL,5.63,,22 - FAILED TO CONTROL SPEED,No Data,No Data,77469,77469,No,3TMAZ5CN9LM139186,50,2 - FEMALE,N - NOT INJURED,0,1,1 - FRONT LEFT OR MOTORCYCLE DRIVER
20744582,Yes,SUGAR LAND POLICE DEPARTMENT,25-02515,SUGAR LAND,FAILED TO CONTROL SPEED,FORT BEND,2025-04-08,N - NOT INJURED,0,NO DATA,180 - MEMORIAL HERMANN SUGAR LAND HOSPITAL,5.63,,No Data,No Data,No Data,77469,77469,No,1FTEW1CP5JKC45188,51,1 - MALE,N - NOT INJURED,0,1,1 - FRONT LEFT OR MOTORCYCLE DRIVER
20744589,Yes,DALLAS POLICE DEPARTMENT,48728-2025,DALLAS,DISREGARD STOP AND GO SIGNAL,DALLAS,2025-04-08,N - NOT INJURED,0,NO DATA,258 - TEXAS HEALTH PRESBYTERIAN HOSPITAL DALLAS,0.367,,15 - DISREGARD STOP AND GO SIGNAL,No Data,No Data,75206,75206,No,5NMS23AD9KH037539,25,2 - FEMALE,N - NOT INJURED,0,1,1 - FRONT LEFT OR MOTORCYCLE DRIVER
20744589,Yes,DALLAS POLICE DEPARTMENT,48728-2025,DALLAS,DISREGARD STOP AND GO SIGNAL,DALLAS,2025-04-08,N - NOT INJURED,0,NO DATA,258 - TEXAS HEALTH PRESBYTERIAN HOSPITAL DALLAS,0.367,,No Data,No Data,No Data,81233,74134,No,1G1ZD5ST7SF117955,62,1 - MALE,N - NOT INJURED,0,1,1 - FRONT LEFT OR MOTORCYCLE DRIVER
20744633,Yes,AUSTIN POLICE DEPARTMENT,250980229,AUSTIN,OTHER (EXPLAIN IN NARRATIVE),TRAVIS,2025-04-08,C - POSSIBLE INJURY,0,NO DATA,243 - ST. DAVIDS SOUTH AUSTIN MEDICAL CENTER,1.864,NR,98 - OTHER (EXPLAIN IN NARRATIVE),No Data,No Data,78741,78741,No,2HGFA16588H333538,23,1 - MALE,C - POSSIBLE INJURY,0,1,1 - FRONT LEFT OR MOTORCYCLE DRIVER
20744633,Yes,AUSTIN POLICE DEPARTMENT,250980229,AUSTIN,OTHER (EXPLAIN IN NARRATIVE),TRAVIS,2025-04-08,C - POSSIBLE INJURY,0,NO DATA,243 - ST. DAVIDS SOUTH AUSTIN MEDICAL CENTER,1.864,NR,No Data,No Data,No Data,78741,78741,No,KMHTC6AD9FU231131,30,2 - FEMALE,C - POSSIBLE INJURY,0,1,1 - FRONT LEFT OR MOTORCYCLE DRIVER
20744640,Yes,SPRINGTOWN POLICE DEPARTMENT,25-06903,SPRINGTOWN (PARKER),DRIVER INATTENTION; PASSED IN NO PASSING LANE,PARKER,2025-04-08,N - NOT INJURED,0,NO DATA,250 - TEXAS HEALTH HARRIS METHODIST HOSPITAL AZLE,10.586,,57 - PASSED IN NO PASSING LANE,No Data,No Data,76105,75062,No,1FTMF1C82GKD83641,22,1 - MALE,N - NOT INJURED,0,1,1 - FRONT LEFT OR MOTORCYCLE DRIVER
20744640,Yes,SPRINGTOWN POLICE DEPARTMENT,25-06903,SPRINGTOWN (PARKER),DRIVER INATTENTION; PASSED IN NO PASSING LANE,PARKER,2025-04-08,N - NOT INJURED,0,NO DATA,250 - TEXAS HEALTH HARRIS METHODIST HOSPITAL AZLE,10.586,,57 - PASSED IN NO PASSING LANE,No Data,No Data,76105,75062,No,1FTMF1C82GKD83641,25,1 - MALE,N - NOT INJURED,0,2,3 - FRONT RIGHT
20744640,Yes,SPRINGTOWN POLICE DEPARTMENT,25-06903,SPRINGTOWN (PARKER),DRIVER INATTENTION; PASSED IN NO PASSING LANE,PARKER,2025-04-08,N - NOT INJURED,0,NO DATA,250 - TEXAS HEALTH HARRIS METHODIST HOSPITAL AZLE,10.586,,No Data,No Data,No Data,76082,76020,No,1FT8W3DT7KEE81829,38,2 - FEMALE,N - NOT INJURED,0,1,1 - FRONT LEFT OR MOTORCYCLE DRIVER
20744654,Yes,MANOR POLICE DEPARTMENT,250980150,MANOR,FAILED TO CONTROL SPEED,TRAVIS,2025-04-08,N - NOT INJURED,0,NO DATA,87 - DELL CHILDRENS MEDICAL CENTER,9.054,,22 - FAILED TO CONTROL SPEED,No Data,No Data,78723,76577,No,JF2GTAAC3J9281178,34,2 - FEMALE,N - NOT INJURED,0,1,1 - FRONT LEFT OR MOTORCYCLE DRIVER
20744654,Yes,MANOR POLICE DEPARTMENT,250980150,MANOR,FAILED TO CONTROL SPEED,TRAVIS,2025-04-08,N - NOT INJURED,0,NO DATA,87 - DELL CHILDRENS MEDICAL CENTER,9.054,,No Data,No Data,No Data,78724,78724,No,2C3CDXHG3NH114268,26,2 - FEMALE,N - NOT INJURED,0,1,1 - FRONT LEFT OR MOTORCYCLE DRIVER
20744688,Yes,"DEPARTMENT OF PUBLIC SAFETY, STATE OF TEXAS",TX 2025-543560,OUTSIDE CITY LIMITS,FAILED TO CONTROL SPEED,MIDLAND,2025-04-08,N - NOT INJURED,0,NO DATA,204 - ODESSA REGIONAL MEDICAL CENTER,7.64,4A,22 - FAILED TO CONTROL SPEED,No Data,No Data,79764,79764,No,1FT8W3BT3HEC53242,47,1 - MALE,N - NOT INJURED,0,1,1 - FRONT LEFT OR MOTORCYCLE DRIVER
20744688,Yes,"DEPARTMENT OF PUBLIC SAFETY, STATE OF TEXAS",TX 2025-543560,OUTSIDE CITY LIMITS,FAILED TO CONTROL SPEED,MIDLAND,2025-04-08,N - NOT INJURED,0,NO DATA,204 - ODESSA REGIONAL MEDICAL CENTER,7.64,4A,No Data,No Data,No Data,79763,79763,No,1FMDE8BH2RLB40739,25,2 - FEMALE,N - NOT INJURED,0,1,1 - FRONT LEFT OR MOTORCYCLE DRIVER
20744702,Yes,LUFKIN POLICE DEPARTMENT,2500011173,LUFKIN,FAILED TO CONTROL SPEED,ANGELINA,2025-04-08,N - NOT INJURED,0,NO DATA,302 - WOODLAND HEIGHTS MEDICAL CENTER,0.997,01,22 - FAILED TO CONTROL SPEED,No Data,No Data,75949,03106,No,1GCWGAFP7P1228985,30,1 - MALE,N - NOT INJURED,0,1,1 - FRONT LEFT OR MOTORCYCLE DRIVER
20744702,Yes,LUFKIN POLICE DEPARTMENT,2500011173,LUFKIN,FAILED TO CONTROL SPEED,ANGELINA,2025-04-08,N - NOT INJURED,0,NO DATA,302 - WOODLAND HEIGHTS MEDICAL CENTER,0.997,01,No Data,No Data,No Data,75904,75904,No,KMHRC8A31PU254014,45,2 - FEMALE,N - NOT INJURED,0,1,1 - FRONT LEFT OR MOTORCYCLE DRIVER
20744715,Yes,WEBSTER POLICE DEPARTMENT,WBPD2500831,WEBSTER,FAILED TO YIELD RIGHT OF WAY - PRIVATE DRIVE,HARRIS,2025-04-08,N - NOT INJURED,0,NO DATA,115 - HCA HOUSTON HEALTHCARE CLEAR LAKE,0.261,,34 - FAILED TO YIELD RIGHT OF WAY - PRIVATE DRIVE,No Data,No Data,77021,77021,No,5N1AR2MN0EC702834,50,2 - FEMALE,N - NOT INJURED,0,1,1 - FRONT LEFT OR MOTORCYCLE DRIVER
20744715,Yes,WEBSTER POLICE DEPARTMENT,WBPD2500831,WEBSTER,FAILED TO YIELD RIGHT OF WAY - PRIVATE DRIVE,HARRIS,2025-04-08,N - NOT INJURED,0,NO DATA,115 - HCA HOUSTON HEALTHCARE CLEAR LAKE,0.261,,No Data,No Data,No Data,77517,77517,No,1G4GF5E31DF165437,61,2 - FEMALE,N - NOT INJURED,0,1,1 - FRONT LEFT OR MOTORCYCLE DRIVER
20744720,Yes,RICHMOND POLICE DEPARTMENT,202500003887,RICHMOND,FAILED TO YIELD RIGHT OF WAY - STOP SIGN,FORT BEND,2025-04-08,N - NOT INJURED,0,NO DATA,203 - OAKBEND MEDICAL CENTER ***JS MAIN CAMPUS,0.288,,35 - FAILED TO YIELD RIGHT OF WAY - STOP SIGN,No Data,No Data,77469,77469,No,1G11B5SA9GF109607,17,2 - FEMALE,N - NOT INJURED,0,1,1 - FRONT LEFT OR MOTORCYCLE DRIVER
20744720,Yes,RICHMOND POLICE DEPARTMENT,202500003887,RICHMOND,FAILED TO YIELD RIGHT OF WAY - STOP SIGN,FORT BEND,2025-04-08,N - NOT INJURED,0,NO DATA,203 - OAKBEND MEDICAL CENTER ***JS MAIN CAMPUS,0.288,,35 - FAILED TO YIELD RIGHT OF WAY - STOP SIGN,No Data,No Data,77469,77469,No,1G11B5SA9GF109607,5,2 - FEMALE,N - NOT INJURED,0,2,4 - SECOND SEAT LEFT OR MOTORCYCLE BACK PASSENGER
20744720,Yes,RICHMOND POLICE DEPARTMENT,202500003887,RICHMOND,FAILED TO YIELD RIGHT OF WAY - STOP SIGN,FORT BEND,2025-04-08,N - NOT INJURED,0,NO DATA,203 - OAKBEND MEDICAL CENTER ***JS MAIN CAMPUS,0.288,,No Data,No Data,No Data,77479,77479,No,1HGCR2F39FA071413,26,1 - MALE,N - NOT INJURED,0,1,1 - FRONT LEFT OR MOTORCYCLE DRIVER
20744753,Yes,DENTON POLICE DEPARTMENT,25057659,DENTON,FAILED TO CONTROL SPEED,DENTON,2025-04-08,N - NOT INJURED,0,NO DATA,152 - MEDICAL CITY DENTON,0.768,,22 - FAILED TO CONTROL SPEED,No Data,No Data,76227,76227,No,JTLKE50E391093613,36,1 - MALE,N - NOT INJURED,0,1,1 - FRONT LEFT OR MOTORCYCLE DRIVER
20744753,Yes,DENTON POLICE DEPARTMENT,25057659,DENTON,FAILED TO CONTROL SPEED,DENTON,2025-04-08,N - NOT INJURED,0,NO DATA,152 - MEDICAL CITY DENTON,0.768,,No Data,No Data,No Data,76227,77842,No,5XYK5CDF7RG190493,46,2 - FEMALE,N - NOT INJURED,0,1,1 - FRONT LEFT OR MOTORCYCLE DRIVER
20744764,Yes,SAN ANTONIO POLICE DEPARTMENT,SAPD25069447,SAN ANTONIO,FAILED TO SIGNAL OR GAVE WRONG SIGNAL;FAILED TO YIELD RIGHT OF WAY - STOP SIGN,BEXAR,2025-04-08,B - SUSPECTED MINOR INJURY,0,NO DATA,34 - BROOKE ARMY MEDICAL CENTER,5.684,40,35 - FAILED TO YIELD RIGHT OF WAY - STOP SIGN,No Data,No Data,78240,78240,No,1HGCM56786A140059,43,1 - MALE,B - SUSPECTED MINOR INJURY,1,1,1 - FRONT LEFT OR MOTORCYCLE DRIVER
20744764,Yes,SAN ANTONIO POLICE DEPARTMENT,SAPD25069447,SAN ANTONIO,FAILED TO SIGNAL OR GAVE WRONG SIGNAL;FAILED TO YIELD RIGHT OF WAY - STOP SIGN,BEXAR,2025-04-08,B - SUSPECTED MINOR INJURY,0,NO DATA,34 - BROOKE ARMY MEDICAL CENTER,5.684,40,28 - FAILED TO SIGNAL OR GAVE WRONG SIGNAL,No Data,No Data,78154,78154,No,4V4NC9EH1JN998488,58,1 - MALE,N - NOT INJURED,0,1,1 - FRONT LEFT OR MOTORCYCLE DRIVER
20744832,Yes,DALLAS POLICE DEPARTMENT,48753-2025,DALLAS,FAILED TO CONTROL SPEED,DALLAS,2025-04-08,B - SUSPECTED MINOR INJURY,0,NO DATA,297 - WILLIAM P. CLEMENTS UNIVERSITY HOSPITAL,1.791,,22 - FAILED TO CONTROL SPEED,No Data,No Data,76180,76180,No,3GTUUFELXPG214964,66,1 - MALE,B - SUSPECTED MINOR INJURY,1,1,1 - FRONT LEFT OR MOTORCYCLE DRIVER
20744832,Yes,DALLAS POLICE DEPARTMENT,48753-2025,DALLAS,FAILED TO CONTROL SPEED,DALLAS,2025-04-08,B - SUSPECTED MINOR INJURY,0,NO DATA,297 - WILLIAM P. CLEMENTS UNIVERSITY HOSPITAL,1.791,,No Data,No Data,No Data,76054,76054,No,3MW69FF06R8E60452,40,1 - MALE,B - SUSPECTED MINOR INJURY,1,1,1 - FRONT LEFT OR MOTORCYCLE DRIVER
20744832,Yes,DALLAS POLICE DEPARTMENT,48753-2025,DALLAS,FAILED TO CONTROL SPEED,DALLAS,2025-04-08,B - SUSPECTED MINOR INJURY,0,NO DATA,297 - WILLIAM P. CLEMENTS UNIVERSITY HOSPITAL,1.791,,No Data,No Data,No Data,76053,76053,No,2T3H1RFV5KW034652,41,1 - MALE,B - SUSPECTED MINOR INJURY,1,1,1 - FRONT LEFT OR MOTORCYCLE DRIVER
20744832,Yes,DALLAS POLICE DEPARTMENT,48753-2025,DALLAS,FAILED TO CONTROL SPEED,DALLAS,2025-04-08,B - SUSPECTED MINOR INJURY,0,NO DATA,297 - WILLIAM P. CLEMENTS UNIVERSITY HOSPITAL,1.791,,No Data,No Data,No Data,76034,76034,No,1FTER4EH1LLA66917,53,2 - FEMALE,B - SUSPECTED MINOR INJURY,1,1,1 - FRONT LEFT OR MOTORCYCLE DRIVER
20744832,Yes,DALLAS POLICE DEPARTMENT,48753-2025,DALLAS,FAILED TO CONTROL SPEED,DALLAS,2025-04-08,B - SUSPECTED MINOR INJURY,0,NO DATA,297 - WILLIAM P. CLEMENTS UNIVERSITY HOSPITAL,1.791,,No Data,No Data,No Data,76034,76034,No,1FTER4EH1LLA66917,48,2 - FEMALE,B - SUSPECTED MINOR INJURY,1,2,3 - FRONT RIGHT
20744832,Yes,DALLAS POLICE DEPARTMENT,48753-2025,DALLAS,FAILED TO CONTROL SPEED,DALLAS,2025-04-08,B - SUSPECTED MINOR INJURY,0,NO DATA,297 - WILLIAM P. CLEMENTS UNIVERSITY HOSPITAL,1.791,,No Data,No Data,No Data,75019,75019,No,1FMCU0H65LUB65772,32,1 - MALE,B - SUSPECTED MINOR INJURY,1,1,1 - FRONT LEFT OR MOTORCYCLE DRIVER
20744847,Yes,SAN ANTONIO POLICE DEPARTMENT,SAPD25069426,SAN ANTONIO,FAILED TO YIELD RIGHT OF WAY - TURNING LEFT,BEXAR,2025-04-08,N - NOT INJURED,0,NO DATA,46 - CHRISTUS CHILDRENS HOSPITAL OF SAN ANTONIO,7.723,60,37 - FAILED TO YIELD RIGHT OF WAY - TURNING LEFT,No Data,No Data,78242,78242,No,3GCPABEKXRG223544,31,2 - FEMALE,N - NOT INJURED,0,1,1 - FRONT LEFT OR MOTORCYCLE DRIVER
20744847,Yes,SAN ANTONIO POLICE DEPARTMENT,SAPD25069426,SAN ANTONIO,FAILED TO YIELD RIGHT OF WAY - TURNING LEFT,BEXAR,2025-04-08,N - NOT INJURED,0,NO DATA,46 - CHRISTUS CHILDRENS HOSPITAL OF SAN ANTONIO,7.723,60,No Data,No Data,No Data,78242,78254,No,2HGFG12808H529181,38,1 - MALE,N - NOT INJURED,0,1,1 - FRONT LEFT OR MOTORCYCLE DRIVER
20744863,Yes,UNIVERSITY PARK POLICE DEPARTMENT,2025-007598,UNIVERSITY PARK,FAILED TO YIELD RIGHT OF WAY - STOP SIGN,DALLAS,2025-04-08,N - NOT INJURED,0,NO DATA,258 - TEXAS HEALTH PRESBYTERIAN HOSPITAL DALLAS,1.714,,35 - FAILED TO YIELD RIGHT OF WAY - STOP SIGN,No Data,No Data,75225,75225,No,5YJSA1E59NF474103,49,2 - FEMALE,N - NOT INJURED,0,1,1 - FRONT LEFT OR MOTORCYCLE DRIVER
20744863,Yes,UNIVERSITY PARK POLICE DEPARTMENT,2025-007598,UNIVERSITY PARK,FAILED TO YIELD RIGHT OF WAY - STOP SIGN,DALLAS,2025-04-08,N - NOT INJURED,0,NO DATA,258 - TEXAS HEALTH PRESBYTERIAN HOSPITAL DALLAS,1.714,,No Data,No Data,No Data,75240,75407,No,1FD8X3A68JED03840,44,1 - MALE,N - NOT INJURED,0,1,1 - FRONT LEFT OR MOTORCYCLE DRIVER
20744863,Yes,UNIVERSITY PARK POLICE DEPARTMENT,2025-007598,UNIVERSITY PARK,FAILED TO YIELD RIGHT OF WAY - STOP SIGN,DALLAS,2025-04-08,N - NOT INJURED,0,NO DATA,258 - TEXAS HEALTH PRESBYTERIAN HOSPITAL DALLAS,1.714,,No Data,No Data,No Data,75240,75407,No,1FD8X3A68JED03840,47,1 - MALE,N - NOT INJURED,0,2,3 - FRONT RIGHT
20744873,Yes,WILLIAMSON COUNTY SHERIFF'S OFFICE,2025104434,OUTSIDE CITY LIMITS,FAILED TO CONTROL SPEED,WILLIAMSON,2025-04-08,C - POSSIBLE INJURY,0,NO DATA,13 - ASCENSION SETON WILLIAMSON,7.46,,22 - FAILED TO CONTROL SPEED,No Data,No Data,78660,78660,No,1FTEW1CP9KKC30713,35,1 - MALE,N - NOT INJURED,0,1,1 - FRONT LEFT OR MOTORCYCLE DRIVER
20744873,Yes,WILLIAMSON COUNTY SHERIFF'S OFFICE,2025104434,OUTSIDE CITY LIMITS,FAILED TO CONTROL SPEED,WILLIAMSON,2025-04-08,C - POSSIBLE INJURY,0,NO DATA,13 - ASCENSION SETON WILLIAMSON,7.46,,No Data,No Data,No Data,78660,78754,No,2T3RWRFV9RW242999,40,1 - MALE,C - POSSIBLE INJURY,0,1,1 - FRONT LEFT OR MOTORCYCLE DRIVER
20744880,Yes,WILLIAMSON COUNTY SHERIFF'S OFFICE,2025104579,OUTSIDE CITY LIMITS,FOLLOWED TOO CLOSELY,WILLIAMSON,2025-04-08,N - NOT INJURED,0,NO DATA,13 - ASCENSION SETON WILLIAMSON,5.943,,44 - FOLLOWED TOO CLOSELY,No Data,No Data,78644,78660,No,1N6BF0LY1GN809235,41,1 - MALE,N - NOT INJURED,0,1,1 - FRONT LEFT OR MOTORCYCLE DRIVER
20744880,Yes,WILLIAMSON COUNTY SHERIFF'S OFFICE,2025104579,OUTSIDE CITY LIMITS,FOLLOWED TOO CLOSELY,WILLIAMSON,2025-04-08,N - NOT INJURED,0,NO DATA,13 - ASCENSION SETON WILLIAMSON,5.943,,44 - FOLLOWED TOO CLOSELY,No Data,No Data,78644,78660,No,1N6BF0LY1GN809235,18,1 - MALE,N - NOT INJURED,0,2,3 - FRONT RIGHT
20744880,Yes,WILLIAMSON COUNTY SHERIFF'S OFFICE,2025104579,OUTSIDE CITY LIMITS,FOLLOWED TOO CLOSELY,WILLIAMSON,2025-04-08,N - NOT INJURED,0,NO DATA,13 - ASCENSION SETON WILLIAMSON,5.943,,No Data,No Data,No Data,78642,78664,No,1XKDP4TX5JR215453,41,1 - MALE,N - NOT INJURED,0,1,1 - FRONT LEFT OR MOTORCYCLE DRIVER
20744892,Yes,TRAVIS COUNTY SHERIFF'S OFFICE,250980241,OUTSIDE CITY LIMITS,FAILED TO DRIVE IN SINGLE LANE;OTHER (EXPLAIN IN NARRATIVE),TRAVIS,2025-04-08,N - NOT INJURED,0,NO DATA,21 - BAYLOR SCOTT & WHITE MEDICAL CENTER - LAKEWAY,4.148,10,23 - FAILED TO DRIVE IN SINGLE LANE,No Data,No Data,,No Data,Yes,No Data,No Data,99 - UNKNOWN,99 - UNKNOWN,0,1,1 - FRONT LEFT OR MOTORCYCLE DRIVER
20744892,Yes,TRAVIS COUNTY SHERIFF'S OFFICE,250980241,OUTSIDE CITY LIMITS,FAILED TO DRIVE IN SINGLE LANE;OTHER (EXPLAIN IN NARRATIVE),TRAVIS,2025-04-08,N - NOT INJURED,0,NO DATA,21 - BAYLOR SCOTT & WHITE MEDICAL CENTER - LAKEWAY,4.148,10,98 - OTHER (EXPLAIN IN NARRATIVE),No Data,No Data,78669,78669,No,5TDERKEC5RS205740,31,2 - FEMALE,N - NOT INJURED,0,1,1 - FRONT LEFT OR MOTORCYCLE DRIVER
20744921,Yes,AMARILLO POLICE DEPARTMENT,25-041404,AMARILLO,DISREGARD STOP AND GO SIGNAL,RANDALL,2025-04-08,N - NOT INJURED,0,NO DATA,31 - BSA HOSPITAL,3.643,,15 - DISREGARD STOP AND GO SIGNAL,No Data,No Data,79119,79119,No,2G1FB1E30F9241092,20,2 - FEMALE,N - NOT INJURED,0,1,1 - FRONT LEFT OR MOTORCYCLE DRIVER
20744921,Yes,AMARILLO POLICE DEPARTMENT,25-041404,AMARILLO,DISREGARD STOP AND GO SIGNAL,RANDALL,2025-04-08,N - NOT INJURED,0,NO DATA,31 - BSA HOSPITAL,3.643,,No Data,No Data,No Data,79109,79109,No,5NPDH4AE3BH016839,18,2 - FEMALE,N - NOT INJURED,0,1,1 - FRONT LEFT OR MOTORCYCLE DRIVER
20744921,Yes,AMARILLO POLICE DEPARTMENT,25-041404,AMARILLO,DISREGARD STOP AND GO SIGNAL,RANDALL,2025-04-08,N - NOT INJURED,0,NO DATA,31 - BSA HOSPITAL,3.643,,No Data,No Data,No Data,79109,79109,No,5NPDH4AE3BH016839,21,1 - MALE,N - NOT INJURED,0,2,3 - FRONT RIGHT
20744923,Yes,LAREDO POLICE DEPARTMENT,2025-00055664,LAREDO,FAILED TO CONTROL SPEED,WEBB,2025-04-08,99 - UNKNOWN,0,NO DATA,141 - LAREDO MEDICAL CENTER,2.337,,22 - FAILED TO CONTROL SPEED,No Data,No Data,,No Data,Yes,No Data,No Data,99 - UNKNOWN,99 - UNKNOWN,0,1,99 - UNKNOWN
20744924,Yes,LAREDO POLICE DEPARTMENT,2025-00055678,LAREDO,FAILED TO STOP AT PROPER PLACE,WEBB,2025-04-08,B - SUSPECTED MINOR INJURY,0,NO DATA,141 - LAREDO MEDICAL CENTER,1.167,,29 - FAILED TO STOP AT PROPER PLACE,No Data,No Data,78046,78046,No,3N1AB7AP0EY302276,21,1 - MALE,N - NOT INJURED,0,1,1 - FRONT LEFT OR MOTORCYCLE DRIVER
20744924,Yes,LAREDO POLICE DEPARTMENT,2025-00055678,LAREDO,FAILED TO STOP AT PROPER PLACE,WEBB,2025-04-08,B - SUSPECTED MINOR INJURY,0,NO DATA,141 - LAREDO MEDICAL CENTER,1.167,,No Data,No Data,No Data,78043,78043,No,5FNYF8H6XPB026464,59,2 - FEMALE,N - NOT INJURED,0,1,1 - FRONT LEFT OR MOTORCYCLE DRIVER
20744924,Yes,LAREDO POLICE DEPARTMENT,2025-00055678,LAREDO,FAILED TO STOP AT PROPER PLACE,WEBB,2025-04-08,B - SUSPECTED MINOR INJURY,0,NO DATA,141 - LAREDO MEDICAL CENTER,1.167,,No Data,No Data,No Data,78043,78043,No,5FNYF8H6XPB026464,24,2 - FEMALE,B - SUSPECTED MINOR INJURY,1,2,3 - FRONT RIGHT
20744933,Yes,AMARILLO POLICE DEPARTMENT,24-041414,AMARILLO,DRIVER INATTENTION,POTTER,2025-04-08,B - SUSPECTED MINOR INJURY,0,NO DATA,200 - NORTHWEST TEXAS HOSPITAL,2.427,,20 - DRIVER INATTENTION,No Data,No Data,79106,79106,No,3CZRU6H79GM721788,25,2 - FEMALE,N - NOT INJURED,0,1,1 - FRONT LEFT OR MOTORCYCLE DRIVER
20744933,Yes,AMARILLO POLICE DEPARTMENT,24-041414,AMARILLO,DRIVER INATTENTION,POTTER,2025-04-08,B - SUSPECTED MINOR INJURY,0,NO DATA,200 - NORTHWEST TEXAS HOSPITAL,2.427,,No Data,No Data,No Data,79106,79106,No,5FNRL5H6XFB123366,44,2 - FEMALE,B - SUSPECTED MINOR INJURY,1,1,1 - FRONT LEFT OR MOTORCYCLE DRIVER
20744933,Yes,AMARILLO POLICE DEPARTMENT,24-041414,AMARILLO,DRIVER INATTENTION,POTTER,2025-04-08,B - SUSPECTED MINOR INJURY,0,NO DATA,200 - NORTHWEST TEXAS HOSPITAL,2.427,,No Data,No Data,No Data,79106,79106,No,5FNRL5H6XFB123366,6,2 - FEMALE,N - NOT INJURED,0,2,6 - SECOND SEAT RIGHT
20744933,Yes,AMARILLO POLICE DEPARTMENT,24-041414,AMARILLO,DRIVER INATTENTION,POTTER,2025-04-08,B - SUSPECTED MINOR INJURY,0,NO DATA,200 - NORTHWEST TEXAS HOSPITAL,2.427,,No Data,No Data,No Data,79106,79106,No,5FNRL5H6XFB123366,3,1 - MALE,N - NOT INJURED,0,3,7 - THIRD SEAT LEFT
20744935,Yes,CYPRESS-FAIRBANKS ISD POLICE DEPARTMENT,25C043696,OUTSIDE CITY LIMITS,CHANGED LANE WHEN UNSAFE; FAULTY EVASIVE ACTION,HARRIS,2025-04-08,N - NOT INJURED,0,NO DATA,167 - MEMORIAL HERMANN CYPRESS HOSPITAL,3.923,,4 - CHANGED LANE WHEN UNSAFE,No Data,No Data,77433,77433,No,3VV1B7AX7LM088745,16,2 - FEMALE,N - NOT INJURED,0,1,1 - FRONT LEFT OR MOTORCYCLE DRIVER
20744935,Yes,CYPRESS-FAIRBANKS ISD POLICE DEPARTMENT,25C043696,OUTSIDE CITY LIMITS,CHANGED LANE WHEN UNSAFE; FAULTY EVASIVE ACTION,HARRIS,2025-04-08,N - NOT INJURED,0,NO DATA,167 - MEMORIAL HERMANN CYPRESS HOSPITAL,3.923,,41 - FAULTY EVASIVE ACTION,No Data,No Data,77433,77842,No,5TDKDRAH9RS535523,52,1 - MALE,N - NOT INJURED,0,1,1 - FRONT LEFT OR MOTORCYCLE DRIVER
20744935,Yes,CYPRESS-FAIRBANKS ISD POLICE DEPARTMENT,25C043696,OUTSIDE CITY LIMITS,CHANGED LANE WHEN UNSAFE; FAULTY EVASIVE ACTION,HARRIS,2025-04-08,N - NOT INJURED,0,NO DATA,167 - MEMORIAL HERMANN CYPRESS HOSPITAL,3.923,,41 - FAULTY EVASIVE ACTION,No Data,No Data,77433,77842,No,5TDKDRAH9RS535523,17,2 - FEMALE,N - NOT INJURED,0,2,3 - FRONT RIGHT
20744939,Yes,AMARILLO POLICE DEPARTMENT,25-041421,AMARILLO,DISREGARD STOP SIGN OR LIGHT,RANDALL,2025-04-08,N - NOT INJURED,0,NO DATA,31 - BSA HOSPITAL,4.612,,16 - DISREGARD STOP SIGN OR LIGHT,No Data,No Data,,,No,KL1TD5DE7BB195064,17,1 - MALE,N - NOT INJURED,0,1,1 - FRONT LEFT OR MOTORCYCLE DRIVER
20744939,Yes,AMARILLO POLICE DEPARTMENT,25-041421,AMARILLO,DISREGARD STOP SIGN OR LIGHT,RANDALL,2025-04-08,N - NOT INJURED,0,NO DATA,31 - BSA HOSPITAL,4.612,,No Data,No Data,No Data,,,No,5YFBU4EE6DP082384,42,2 - FEMALE,N - NOT INJURED,0,1,1 - FRONT LEFT OR MOTORCYCLE DRIVER
20744939,Yes,AMARILLO POLICE DEPARTMENT,25-041421,AMARILLO,DISREGARD STOP SIGN OR LIGHT,RANDALL,2025-04-08,N - NOT INJURED,0,NO DATA,31 - BSA HOSPITAL,4.612,,No Data,No Data,No Data,,,No,5YFBU4EE6DP082384,5,1 - MALE,N - NOT INJURED,0,2,4 - SECOND SEAT LEFT OR MOTORCYCLE BACK PASSENGER
20744964,Yes,LAREDO POLICE DEPARTMENT,20250055681,LAREDO,FAILED TO CONTROL SPEED,WEBB,2025-04-08,C - POSSIBLE INJURY,0,NO DATA,99 - DOCTORS HOSPITAL OF LAREDO,2.287,,22 - FAILED TO CONTROL SPEED,No Data,No Data,78045,78045,No,1HGCV3F15JA015347,47,2 - FEMALE,N - NOT INJURED,0,1,1 - FRONT LEFT OR MOTORCYCLE DRIVER
20744964,Yes,LAREDO POLICE DEPARTMENT,20250055681,LAREDO,FAILED TO CONTROL SPEED,WEBB,2025-04-08,C - POSSIBLE INJURY,0,NO DATA,99 - DOCTORS HOSPITAL OF LAREDO,2.287,,22 - FAILED TO CONTROL SPEED,No Data,No Data,78045,78045,No,1HGCV3F15JA015347,12,2 - FEMALE,N - NOT INJURED,0,2,6 - SECOND SEAT RIGHT
20744964,Yes,LAREDO POLICE DEPARTMENT,20250055681,LAREDO,FAILED TO CONTROL SPEED,WEBB,2025-04-08,C - POSSIBLE INJURY,0,NO DATA,99 - DOCTORS HOSPITAL OF LAREDO,2.287,,No Data,No Data,No Data,78045,78045,No,KL47LBEP6SB076685,29,2 - FEMALE,C - POSSIBLE INJURY,0,1,1 - FRONT LEFT OR MOTORCYCLE DRIVER
20744972,Yes,AMARILLO POLICE DEPARTMENT,25-041436,AMARILLO,CHANGED LANE WHEN UNSAFE,RANDALL,2025-04-08,N - NOT INJURED,0,NO DATA,31 - BSA HOSPITAL,5.541,,4 - CHANGED LANE WHEN UNSAFE,No Data,No Data,60435,60501,No,4V4NC9EH0MN288003,61,1 - MALE,N - NOT INJURED,0,1,1 - FRONT LEFT OR MOTORCYCLE DRIVER
20744972,Yes,AMARILLO POLICE DEPARTMENT,25-041436,AMARILLO,CHANGED LANE WHEN UNSAFE,RANDALL,2025-04-08,N - NOT INJURED,0,NO DATA,31 - BSA HOSPITAL,5.541,,No Data,No Data,No Data,79119,79119,No,1V2WP2CA3LC500760,33,2 - FEMALE,N - NOT INJURED,0,1,1 - FRONT LEFT OR MOTORCYCLE DRIVER
20745031,Yes,FAIRVIEW POLICE DEPARTMENT,25075525,FAIRVIEW (COLLIN),DRIVER INATTENTION,COLLIN,2025-04-08,N - NOT INJURED,0,NO DATA,157 - MEDICAL CITY MCKINNEY,1.822,,20 - DRIVER INATTENTION,No Data,No Data,75013,75013,No,5FNYG2H73PB005653,61,1 - MALE,N - NOT INJURED,0,1,1 - FRONT LEFT OR MOTORCYCLE DRIVER
20745031,Yes,FAIRVIEW POLICE DEPARTMENT,25075525,FAIRVIEW (COLLIN),DRIVER INATTENTION,COLLIN,2025-04-08,N - NOT INJURED,0,NO DATA,157 - MEDICAL CITY MCKINNEY,1.822,,No Data,No Data,No Data,75287,75287,No,3HGGK5H49LM706299,39,1 - MALE,N - NOT INJURED,0,1,1 - FRONT LEFT OR MOTORCYCLE DRIVER
20745056,Yes,FORT WORTH POLICE DEPARTMENT,250025004,OUTSIDE CITY LIMITS,CHANGED LANE WHEN UNSAFE;OTHER (EXPLAIN IN NARRATIVE),PARKER,2025-04-08,N - NOT INJURED,0,NO DATA,158 - MEDICAL CITY WEATHERFORD,10.31,ST,4 - CHANGED LANE WHEN UNSAFE,No Data,No Data,76018,76010,No,3AKJGBDV9GDHM9913,40,1 - MALE,N - NOT INJURED,0,1,1 - FRONT LEFT OR MOTORCYCLE DRIVER
20745056,Yes,FORT WORTH POLICE DEPARTMENT,250025004,OUTSIDE CITY LIMITS,CHANGED LANE WHEN UNSAFE;OTHER (EXPLAIN IN NARRATIVE),PARKER,2025-04-08,N - NOT INJURED,0,NO DATA,158 - MEDICAL CITY WEATHERFORD,10.31,ST,No Data,No Data,No Data,76008,76008,No,4T1BK36B65U011528,35,1 - MALE,N - NOT INJURED,0,1,1 - FRONT LEFT OR MOTORCYCLE DRIVER
20745061,Yes,OAK RIDGE NORTH POLICE DEPARTMENT,25P002907,OAK RIDGE NORTH,DRIVER INATTENTION; FAULTY EVASIVE ACTION,MONTGOMERY,2025-04-08,N - NOT INJURED,0,NO DATA,171 - MEMORIAL HERMANN THE WOODLANDS MEDICAL CENTER,1.547,,41 - FAULTY EVASIVE ACTION,No Data,No Data,77385,77385,No,1HGEM22994L080096,33,2 - FEMALE,N - NOT INJURED,0,1,1 - FRONT LEFT OR MOTORCYCLE DRIVER
20745061,Yes,OAK RIDGE NORTH POLICE DEPARTMENT,25P002907,OAK RIDGE NORTH,DRIVER INATTENTION; FAULTY EVASIVE ACTION,MONTGOMERY,2025-04-08,N - NOT INJURED,0,NO DATA,171 - MEMORIAL HERMANN THE WOODLANDS MEDICAL CENTER,1.547,,41 - FAULTY EVASIVE ACTION,No Data,No Data,77385,77385,No,1HGEM22994L080096,21,1 - MALE,N - NOT INJURED,0,2,3 - FRONT RIGHT
20745061,Yes,OAK RIDGE NORTH POLICE DEPARTMENT,25P002907,OAK RIDGE NORTH,DRIVER INATTENTION; FAULTY EVASIVE ACTION,MONTGOMERY,2025-04-08,N - NOT INJURED,0,NO DATA,171 - MEMORIAL HERMANN THE WOODLANDS MEDICAL CENTER,1.547,,No Data,No Data,No Data,77386,77386,No,1FTFW1EF1CKE15896,75,1 - MALE,N - NOT INJURED,0,1,1 - FRONT LEFT OR MOTORCYCLE DRIVER
20745063,Yes,"DEPARTMENT OF PUBLIC SAFETY, STATE OF TEXAS",TX2025-542931,OUTSIDE CITY LIMITS,DRIVER INATTENTION; FAILED TO CONTROL SPEED,CHAMBERS,2025-04-08,N - NOT INJURED,0,NO DATA,122 - HCA HOUSTON HEALTHCARE SOUTHEAST,16.426,2B,22 - FAILED TO CONTROL SPEED,20 - DRIVER INATTENTION,No Data,77028,77077,No,JT2BG22K9Y0485869,48,1 - MALE,N - NOT INJURED,0,1,1 - FRONT LEFT OR MOTORCYCLE DRIVER
20745063,Yes,"DEPARTMENT OF PUBLIC SAFETY, STATE OF TEXAS",TX2025-542931,OUTSIDE CITY LIMITS,DRIVER INATTENTION; FAILED TO CONTROL SPEED,CHAMBERS,2025-04-08,N - NOT INJURED,0,NO DATA,122 - HCA HOUSTON HEALTHCARE SOUTHEAST,16.426,2B,No Data,No Data,No Data,77520,77015,No,1FADP3L91HL214102,28,1 - MALE,N - NOT INJURED,0,1,1 - FRONT LEFT OR MOTORCYCLE DRIVER
20745065,Yes,SAN ANTONIO POLICE DEPARTMENT,SAPD25069444,SAN ANTONIO,FAILED TO YIELD RIGHT OF WAY - PRIVATE DRIVE,BEXAR,2025-04-08,N - NOT INJURED,0,NO DATA,179 - METHODIST HOSPITAL - STONE OAK,3.296,30,34 - FAILED TO YIELD RIGHT OF WAY - PRIVATE DRIVE,No Data,No Data,78217,78217,No,4T4BF1FK0FR452376,45,1 - MALE,N - NOT INJURED,0,1,1 - FRONT LEFT OR MOTORCYCLE DRIVER
20745065,Yes,SAN ANTONIO POLICE DEPARTMENT,SAPD25069444,SAN ANTONIO,FAILED TO YIELD RIGHT OF WAY - PRIVATE DRIVE,BEXAR,2025-04-08,N - NOT INJURED,0,NO DATA,179 - METHODIST HOSPITAL - STONE OAK,3.296,30,No Data,No Data,No Data,78247,78247,No,1FM5K8GC3LGB52974,48,1 - MALE,N - NOT INJURED,0,1,1 - FRONT LEFT OR MOTORCYCLE DRIVER
20745066,Yes,SAN ANTONIO POLICE DEPARTMENT,SAPD25069583,SAN ANTONIO,FAILED TO YIELD RIGHT OF WAY - OPEN INTERSECTION,BEXAR,2025-04-08,N - NOT INJURED,0,NO DATA,179 - METHODIST HOSPITAL - STONE OAK,1.633,30,33 - FAILED TO YIELD RIGHT OF WAY - OPEN INTERSECTION,No Data,No Data,78232,78232,No,1FTRX18LX2NA93400,68,1 - MALE,N - NOT INJURED,0,1,1 - FRONT LEFT OR MOTORCYCLE DRIVER
20745066,Yes,SAN ANTONIO POLICE DEPARTMENT,SAPD25069583,SAN ANTONIO,FAILED TO YIELD RIGHT OF WAY - OPEN INTERSECTION,BEXAR,2025-04-08,N - NOT INJURED,0,NO DATA,179 - METHODIST HOSPITAL - STONE OAK,1.633,30,No Data,No Data,No Data,78230,78230,No,3MVDMBEY3NM437459,36,2 - FEMALE,N - NOT INJURED,0,1,1 - FRONT LEFT OR MOTORCYCLE DRIVER
20745066,Yes,SAN ANTONIO POLICE DEPARTMENT,SAPD25069583,SAN ANTONIO,FAILED TO YIELD RIGHT OF WAY - OPEN INTERSECTION,BEXAR,2025-04-08,N - NOT INJURED,0,NO DATA,179 - METHODIST HOSPITAL - STONE OAK,1.633,30,No Data,No Data,No Data,78230,78230,No,3MVDMBEY3NM437459,34,1 - MALE,N - NOT INJURED,0,2,3 - FRONT RIGHT
20745075,Yes,DALLAS POLICE DEPARTMENT,48772-2025,DALLAS,FAILED TO CONTROL SPEED; TURNED WHEN UNSAFE,DALLAS,2025-04-08,C - POSSIBLE INJURY,0,NO DATA,26 - BAYLOR UNIVERSITY MEDICAL CENTER,1.25,,22 - FAILED TO CONTROL SPEED,No Data,No Data,75181,75181,No,7MUCAAAGXPV045651,30,1 - MALE,C - POSSIBLE INJURY,0,1,1 - FRONT LEFT OR MOTORCYCLE DRIVER
20745075,Yes,DALLAS POLICE DEPARTMENT,48772-2025,DALLAS,FAILED TO CONTROL SPEED; TURNED WHEN UNSAFE,DALLAS,2025-04-08,C - POSSIBLE INJURY,0,NO DATA,26 - BAYLOR UNIVERSITY MEDICAL CENTER,1.25,,66 - TURNED WHEN UNSAFE,No Data,No Data,75214,75214,No,5TDZKRFH7GS166851,79,1 - MALE,N - NOT INJURED,0,1,1 - FRONT LEFT OR MOTORCYCLE DRIVER
20745075,Yes,DALLAS POLICE DEPARTMENT,48772-2025,DALLAS,FAILED TO CONTROL SPEED; TURNED WHEN UNSAFE,DALLAS,2025-04-08,C - POSSIBLE INJURY,0,NO DATA,26 - BAYLOR UNIVERSITY MEDICAL CENTER,1.25,,No Data,No Data,No Data,75204,75204,No,7MUCAAAGXPV045651,78,2 - FEMALE,N - NOT INJURED,0,1,1 - FRONT LEFT OR MOTORCYCLE DRIVER
20745076,Yes,TRAVIS COUNTY SHERIFF'S OFFICE,250980145,OUTSIDE CITY LIMITS,OTHER (EXPLAIN IN NARRATIVE),TRAVIS,2025-04-08,N - NOT INJURED,0,NO DATA,195 - NORTH AUSTIN MEDICAL CENTER,3.995,10,98 - OTHER (EXPLAIN IN NARRATIVE),No Data,No Data,,UNKNOWN,Yes,No Data,No Data,99 - UNKNOWN,99 - UNKNOWN,0,1,1 - FRONT LEFT OR MOTORCYCLE DRIVER
20745076,Yes,TRAVIS COUNTY SHERIFF'S OFFICE,250980145,OUTSIDE CITY LIMITS,OTHER (EXPLAIN IN NARRATIVE),TRAVIS,2025-04-08,N - NOT INJURED,0,NO DATA,195 - NORTH AUSTIN MEDICAL CENTER,3.995,10,No Data,No Data,No Data,78758,78758,No,3VW2T7BUXNM016765,20,1 - MALE,N - NOT INJURED,0,1,1 - FRONT LEFT OR MOTORCYCLE DRIVER
20745076,Yes,TRAVIS COUNTY SHERIFF'S OFFICE,250980145,OUTSIDE CITY LIMITS,OTHER (EXPLAIN IN NARRATIVE),TRAVIS,2025-04-08,N - NOT INJURED,0,NO DATA,195 - NORTH AUSTIN MEDICAL CENTER,3.995,10,No Data,No Data,No Data,78754,78854,No,1GCGSCEN0J1285499,28,1 - MALE,N - NOT INJURED,0,1,1 - FRONT LEFT OR MOTORCYCLE DRIVER
20745076,Yes,TRAVIS COUNTY SHERIFF'S OFFICE,250980145,OUTSIDE CITY LIMITS,OTHER (EXPLAIN IN NARRATIVE),TRAVIS,2025-04-08,N - NOT INJURED,0,NO DATA,195 - NORTH AUSTIN MEDICAL CENTER,3.995,10,No Data,No Data,No Data,78728,78728,No,1C4RDHAG6JC228655,24,2 - FEMALE,N - NOT INJURED,0,1,1 - FRONT LEFT OR MOTORCYCLE DRIVER
20745076,Yes,TRAVIS COUNTY SHERIFF'S OFFICE,250980145,OUTSIDE CITY LIMITS,OTHER (EXPLAIN IN NARRATIVE),TRAVIS,2025-04-08,N - NOT INJURED,0,NO DATA,195 - NORTH AUSTIN MEDICAL CENTER,3.995,10,No Data,No Data,No Data,78758,78758,No,3CZRU5H55HM725217,33,2 - FEMALE,N - NOT INJURED,0,1,1 - FRONT LEFT OR MOTORCYCLE DRIVER
20745092,Yes,"DEPARTMENT OF PUBLIC SAFETY, STATE OF TEXAS",TX 25-542769,OUTSIDE CITY LIMITS,FAILED TO CONTROL SPEED,ERATH,2025-04-08,N - NOT INJURED,0,NO DATA,256 - TEXAS HEALTH HARRIS METHODIST HOSPITAL STEPHENVILLE,22.673,1C,22 - FAILED TO CONTROL SPEED,No Data,No Data,75407,60090,No,4V4NC9EH6RN662623,36,1 - MALE,N - NOT INJURED,0,1,1 - FRONT LEFT OR MOTORCYCLE DRIVER
20745092,Yes,"DEPARTMENT OF PUBLIC SAFETY, STATE OF TEXAS",TX 25-542769,OUTSIDE CITY LIMITS,FAILED TO CONTROL SPEED,ERATH,2025-04-08,N - NOT INJURED,0,NO DATA,256 - TEXAS HEALTH HARRIS METHODIST HOSPITAL STEPHENVILLE,22.673,1C,No Data,No Data,No Data,76117,77441,No,3ALACWDT3FDGR7271,72,1 - MALE,N - NOT INJURED,0,1,1 - FRONT LEFT OR MOTORCYCLE DRIVER
20745115,Yes,SAN ANTONIO POLICE DEPARTMENT,SAPD25069551,SAN ANTONIO,DRIVER INATTENTION,BEXAR,2025-04-08,N - NOT INJURED,0,NO DATA,34 - BROOKE ARMY MEDICAL CENTER,3.211,40,20 - DRIVER INATTENTION,No Data,No Data,78758,77081,No,3C7WRKFL8KG705787,34,1 - MALE,N - NOT INJURED,0,1,1 - FRONT LEFT OR MOTORCYCLE DRIVER
20745119,Yes,SAN ANTONIO POLICE DEPARTMENT,SAPD25069549,SAN ANTONIO,DRIVER INATTENTION,BEXAR,2025-04-08,C - POSSIBLE INJURY,0,NO DATA,187 - MISSION TRAIL BAPTIST HOSPITAL,2.869,40,20 - DRIVER INATTENTION,No Data,No Data,78232,78232,No,1FTRX07WXXKB32419,76,1 - MALE,99 - UNKNOWN,0,1,1 - FRONT LEFT OR MOTORCYCLE DRIVER
20745119,Yes,SAN ANTONIO POLICE DEPARTMENT,SAPD25069549,SAN ANTONIO,DRIVER INATTENTION,BEXAR,2025-04-08,C - POSSIBLE INJURY,0,NO DATA,187 - MISSION TRAIL BAPTIST HOSPITAL,2.869,40,No Data,No Data,No Data,78203,78203,No,3C3CFFCH2JT420772,52,2 - FEMALE,C - POSSIBLE INJURY,0,1,1 - FRONT LEFT OR MOTORCYCLE DRIVER
20745131,Yes,ABILENE POLICE DEPARTMENT,25-028127,ABILENE,FOLLOWED TOO CLOSELY,TAYLOR,2025-04-08,N - NOT INJURED,0,NO DATA,126 - HENDRICK MEDICAL CENTER,1.83,,44 - FOLLOWED TOO CLOSELY,No Data,No Data,79601,79601,No,5FNYF18348B023803,34,2 - FEMALE,N - NOT INJURED,0,1,1 - FRONT LEFT OR MOTORCYCLE DRIVER
20745131,Yes,ABILENE POLICE DEPARTMENT,25-028127,ABILENE,FOLLOWED TOO CLOSELY,TAYLOR,2025-04-08,N - NOT INJURED,0,NO DATA,126 - HENDRICK MEDICAL CENTER,1.83,,No Data,No Data,No Data,79606,79606,No,KNDPU3AFXP7101135,70,2 - FEMALE,N - NOT INJURED,0,1,1 - FRONT LEFT OR MOTORCYCLE DRIVER
20745132,Yes,COMMERCE POLICE DEPARTMENT,2025-04-03,COMMERCE,DRIVER INATTENTION;FAILED TO YIELD RIGHT OF WAY - TURNING LEFT,HUNT,2025-04-08,N - NOT INJURED,0,NO DATA,133 - HUNT REGIONAL HEALTHCARE,15.079,,20 - DRIVER INATTENTION,No Data,No Data,75428,75428,No,1J4FY19SXVP486161,80,1 - MALE,N - NOT INJURED,0,1,1 - FRONT LEFT OR MOTORCYCLE DRIVER
20745132,Yes,COMMERCE POLICE DEPARTMENT,2025-04-03,COMMERCE,DRIVER INATTENTION;FAILED TO YIELD RIGHT OF WAY - TURNING LEFT,HUNT,2025-04-08,N - NOT INJURED,0,NO DATA,133 - HUNT REGIONAL HEALTHCARE,15.079,,20 - DRIVER INATTENTION,No Data,No Data,75496,75496,No,5TFGY5F17EX156071,51,1 - MALE,N - NOT INJURED,0,1,1 - FRONT LEFT OR MOTORCYCLE DRIVER
20745136,Yes,ABILENE POLICE DEPARTMENT,25-028098,ABILENE,CHANGED LANE WHEN UNSAFE,TAYLOR,2025-04-08,N - NOT INJURED,0,NO DATA,131 - HENDRICK MEDICAL CENTER SOUTH,2.942,,4 - CHANGED LANE WHEN UNSAFE,No Data,No Data,79602,79602,No,2C3CCAAG1LH175691,44,2 - FEMALE,N - NOT INJURED,0,1,1 - FRONT LEFT OR MOTORCYCLE DRIVER
20745136,Yes,ABILENE POLICE DEPARTMENT,25-028098,ABILENE,CHANGED LANE WHEN UNSAFE,TAYLOR,2025-04-08,N - NOT INJURED,0,NO DATA,131 - HENDRICK MEDICAL CENTER SOUTH,2.942,,No Data,No Data,No Data,79602,79602,No,3C6UR5ML7HG667610,28,1 - MALE,N - NOT INJURED,0,1,1 - FRONT LEFT OR MOTORCYCLE DRIVER
20745146,Yes,FORT WORTH POLICE DEPARTMENT,250025002,FORT WORTH,FAILED TO CONTROL SPEED,TARRANT,2025-04-08,N - NOT INJURED,0,NO DATA,249 - TEXAS HEALTH HARRIS METHODIST HOSPITAL ALLIANCE,0.668,RT,22 - FAILED TO CONTROL SPEED,No Data,No Data,76137,76137,No,4T1BF28BX1U173524,64,1 - MALE,N - NOT INJURED,0,1,1 - FRONT LEFT OR MOTORCYCLE DRIVER
20745146,Yes,FORT WORTH POLICE DEPARTMENT,250025002,FORT WORTH,FAILED TO CONTROL SPEED,TARRANT,2025-04-08,N - NOT INJURED,0,NO DATA,249 - TEXAS HEALTH HARRIS METHODIST HOSPITAL ALLIANCE,0.668,RT,No Data,No Data,No Data,76137,76137,No,WDDSJ4GB7KN718676,32,1 - MALE,N - NOT INJURED,0,1,1 - FRONT LEFT OR MOTORCYCLE DRIVER
20745152,Yes,FORT WORTH POLICE DEPARTMENT,250025050,FORT WORTH,FAILED TO CONTROL SPEED; TURNED IMPROPERLY - WIDE RIGHT,TARRANT,2025-04-08,N - NOT INJURED,0,NO DATA,153 - MEDICAL CITY ALLIANCE,1.384,RT,22 - FAILED TO CONTROL SPEED,64 - TURNED IMPROPERLY - WIDE RIGHT,No Data,76131,76131,No,5NPE24AF9GH385856,24,2 - FEMALE,N - NOT INJURED,0,1,1 - FRONT LEFT OR MOTORCYCLE DRIVER
20745152,Yes,FORT WORTH POLICE DEPARTMENT,250025050,FORT WORTH,FAILED TO CONTROL SPEED; TURNED IMPROPERLY - WIDE RIGHT,TARRANT,2025-04-08,N - NOT INJURED,0,NO DATA,153 - MEDICAL CITY ALLIANCE,1.384,RT,No Data,No Data,No Data,76137,76137,No,5UX43DP03N9L00073,51,2 - FEMALE,N - NOT INJURED,0,1,1 - FRONT LEFT OR MOTORCYCLE DRIVER
20745161,Yes,LONGVIEW POLICE DEPARTMENT,25-4597,LONGVIEW,DISREGARD STOP AND GO SIGNAL,GREGG,2025-04-08,C - POSSIBLE INJURY,0,NO DATA,45 - CHRISTUS GOOD SHEPHERD MEDICAL CENTER - LONGVIEW,2.715,,No Data,No Data,No Data,75640,75640,No,LRBFZNR48ND160712,53,2 - FEMALE,C - POSSIBLE INJURY,0,1,1 - FRONT LEFT OR MOTORCYCLE DRIVER
20745161,Yes,LONGVIEW POLICE DEPARTMENT,25-4597,LONGVIEW,DISREGARD STOP AND GO SIGNAL,GREGG,2025-04-08,C - POSSIBLE INJURY,0,NO DATA,45 - CHRISTUS GOOD SHEPHERD MEDICAL CENTER - LONGVIEW,2.715,,15 - DISREGARD STOP AND GO SIGNAL,No Data,No Data,75604,75604,No,5TDZA22C44S205475,59,1 - MALE,N - NOT INJURED,0,1,1 - FRONT LEFT OR MOTORCYCLE DRIVER
20745161,Yes,LONGVIEW POLICE DEPARTMENT,25-4597,LONGVIEW,DISREGARD STOP AND GO SIGNAL,GREGG,2025-04-08,C - POSSIBLE INJURY,0,NO DATA,45 - CHRISTUS GOOD SHEPHERD MEDICAL CENTER - LONGVIEW,2.715,,15 - DISREGARD STOP AND GO SIGNAL,No Data,No Data,75604,75604,No,5TDZA22C44S205475,11,1 - MALE,N - NOT INJURED,0,2,3 - FRONT RIGHT
20745187,Yes,DALLAS POLICE DEPARTMENT,48808-2025,DALLAS,FAILED TO CONTROL SPEED,DALLAS,2025-04-08,N - NOT INJURED,0,NO DATA,174 - METHODIST DALLAS MEDICAL CENTER,4.638,,22 - FAILED TO CONTROL SPEED,No Data,No Data,75211,75211,No,1FTPX12534NA82758,22,2 - FEMALE,N - NOT INJURED,0,1,1 - FRONT LEFT OR MOTORCYCLE DRIVER
20745187,Yes,DALLAS POLICE DEPARTMENT,48808-2025,DALLAS,FAILED TO CONTROL SPEED,DALLAS,2025-04-08,N - NOT INJURED,0,NO DATA,174 - METHODIST DALLAS MEDICAL CENTER,4.638,,No Data,No Data,No Data,75212,75212,No,3C63RRNL9LG278963,30,1 - MALE,N - NOT INJURED,0,1,1 - FRONT LEFT OR MOTORCYCLE DRIVER
20745202,Yes,SUGAR LAND POLICE DEPARTMENT,25-02516,SUGAR LAND,FAILED TO CONTROL SPEED,FORT BEND,2025-04-08,N - NOT INJURED,0,NO DATA,168 - MEMORIAL HERMANN SOUTHWEST HOSPITAL,6.231,,22 - FAILED TO CONTROL SPEED,No Data,No Data,77469,77469,No,5N1AT2MV4FC852061,19,1 - MALE,N - NOT INJURED,0,1,1 - FRONT LEFT OR MOTORCYCLE DRIVER
20745202,Yes,SUGAR LAND POLICE DEPARTMENT,25-02516,SUGAR LAND,FAILED TO CONTROL SPEED,FORT BEND,2025-04-08,N - NOT INJURED,0,NO DATA,168 - MEMORIAL HERMANN SOUTHWEST HOSPITAL,6.231,,No Data,No Data,No Data,77406,77406,No,5N1DR3CA5PC244910,54,2 - FEMALE,N - NOT INJURED,0,1,1 - FRONT LEFT OR MOTORCYCLE DRIVER
20745211,Yes,IRVING POLICE DEPARTMENT,25-7183,IRVING,FAILED TO YIELD RIGHT OF WAY - TURNING LEFT,DALLAS,2025-04-08,C - POSSIBLE INJURY,0,NO DATA,297 - WILLIAM P. CLEMENTS UNIVERSITY HOSPITAL,4.387,,37 - FAILED TO YIELD RIGHT OF WAY - TURNING LEFT,No Data,No Data,75051,75051,No,JM1GJ1W55G1486734,38,2 - FEMALE,N - NOT INJURED,0,1,1 - FRONT LEFT OR MOTORCYCLE DRIVER
20745211,Yes,IRVING POLICE DEPARTMENT,25-7183,IRVING,FAILED TO YIELD RIGHT OF WAY - TURNING LEFT,DALLAS,2025-04-08,C - POSSIBLE INJURY,0,NO DATA,297 - WILLIAM P. CLEMENTS UNIVERSITY HOSPITAL,4.387,,No Data,No Data,No Data,75040,75040,No,5YFBURHE5KP894779,58,2 - FEMALE,C - POSSIBLE INJURY,0,1,1 - FRONT LEFT OR MOTORCYCLE DRIVER
20745212,Yes,EL PASO POLICE DEPARTMENT,25-098041,EL PASO,OTHER (EXPLAIN IN NARRATIVE),EL PASO,2025-04-08,N - NOT INJURED,0,NO DATA,276 - UNIVERSITY MEDICAL CENTER OF EL PASO,9.173,,98 - OTHER (EXPLAIN IN NARRATIVE),No Data,No Data,79924,79924,No,1D7HA18D94S746637,44,1 - MALE,N - NOT INJURED,0,1,1 - FRONT LEFT OR MOTORCYCLE DRIVER
20745212,Yes,EL PASO POLICE DEPARTMENT,25-098041,EL PASO,OTHER (EXPLAIN IN NARRATIVE),EL PASO,2025-04-08,N - NOT INJURED,0,NO DATA,276 - UNIVERSITY MEDICAL CENTER OF EL PASO,9.173,,98 - OTHER (EXPLAIN IN NARRATIVE),No Data,No Data,79924,79924,No,1GCNCPEH8EZ264400,61,1 - MALE,N - NOT INJURED,0,1,1 - FRONT LEFT OR MOTORCYCLE DRIVER
20745222,Yes,"DEPARTMENT OF PUBLIC SAFETY, STATE OF TEXAS",TX 2025-0542837,OUTSIDE CITY LIMITS,DISREGARD STOP SIGN OR LIGHT,PANOLA,2025-04-08,N - NOT INJURED,0,NO DATA,284 - UT HEALTH EAST TEXAS CARTHAGE HOSPITAL,16.142,1B,16 - DISREGARD STOP SIGN OR LIGHT,No Data,No Data,75633,75633,No,3GTU2UEC1FG428542,20,1 - MALE,N - NOT INJURED,0,1,1 - FRONT LEFT OR MOTORCYCLE DRIVER
20745227,Yes,CUT AND SHOOT POLICE DEPARTMENT,25Z000624,CUT AND SHOOT,DISTRACTION IN VEHICLE; FAILED TO CONTROL SPEED,MONTGOMERY,2025-04-08,C - POSSIBLE INJURY,0,NO DATA,116 - HCA HOUSTON HEALTHCARE CONROE,6.961,,22 - FAILED TO CONTROL SPEED,No Data,No Data,77301,77301,No,2C4RDGBG0CR155883,50,2 - FEMALE,N - NOT INJURED,0,1,1 - FRONT LEFT OR MOTORCYCLE DRIVER
20745227,Yes,CUT AND SHOOT POLICE DEPARTMENT,25Z000624,CUT AND SHOOT,DISTRACTION IN VEHICLE; FAILED TO CONTROL SPEED,MONTGOMERY,2025-04-08,C - POSSIBLE INJURY,0,NO DATA,116 - HCA HOUSTON HEALTHCARE CONROE,6.961,,No Data,No Data,No Data,77008,77375,No,2C4RDGBGXFR723741,24,2 - FEMALE,N - NOT INJURED,0,1,1 - FRONT LEFT OR MOTORCYCLE DRIVER
20745227,Yes,CUT AND SHOOT POLICE DEPARTMENT,25Z000624,CUT AND SHOOT,DISTRACTION IN VEHICLE; FAILED TO CONTROL SPEED,MONTGOMERY,2025-04-08,C - POSSIBLE INJURY,0,NO DATA,116 - HCA HOUSTON HEALTHCARE CONROE,6.961,,No Data,No Data,No Data,77008,77375,No,2C4RDGBGXFR723741,17,2 - FEMALE,C - POSSIBLE INJURY,0,2,3 - FRONT RIGHT
20745231,Yes,LAKE JACKSON POLICE DEPARTMENT,,LAKE JACKSON,DRIVER INATTENTION; FOLLOWED TOO CLOSELY,BRAZORIA,2025-04-08,N - NOT INJURED,0,NO DATA,285 - UTMB HEALTH ANGLETON DANBURY CAMPUS,9.908,,44 - FOLLOWED TOO CLOSELY,20 - DRIVER INATTENTION,No Data,77494,77494,No,5TDZZRFH4K5301661,46,1 - MALE,N - NOT INJURED,0,1,1 - FRONT LEFT OR MOTORCYCLE DRIVER
20745231,Yes,LAKE JACKSON POLICE DEPARTMENT,,LAKE JACKSON,DRIVER INATTENTION; FOLLOWED TOO CLOSELY,BRAZORIA,2025-04-08,N - NOT INJURED,0,NO DATA,285 - UTMB HEALTH ANGLETON DANBURY CAMPUS,9.908,,No Data,No Data,No Data,77534,77534,No,WDDLJ56B0FA146381,33,2 - FEMALE,N - NOT INJURED,0,1,1 - FRONT LEFT OR MOTORCYCLE DRIVER
20745244,Yes,FORT WORTH POLICE DEPARTMENT,250024996,FORT WORTH,CHANGED LANE WHEN UNSAFE; FAILED TO CONTROL SPEED,TARRANT,2025-04-08,N - NOT INJURED,0,NO DATA,78 - COOK CHILDRENS MEDICAL CENTER,5.215,WE,4 - CHANGED LANE WHEN UNSAFE,No Data,No Data,76131,76131,No,4T1K61AK2NU049466,22,1 - MALE,N - NOT INJURED,0,1,1 - FRONT LEFT OR MOTORCYCLE DRIVER
20745244,Yes,FORT WORTH POLICE DEPARTMENT,250024996,FORT WORTH,CHANGED LANE WHEN UNSAFE; FAILED TO CONTROL SPEED,TARRANT,2025-04-08,N - NOT INJURED,0,NO DATA,78 - COOK CHILDRENS MEDICAL CENTER,5.215,WE,No Data,No Data,No Data,76179,76179,No,5XXGR4A62CG061688,57,1 - MALE,N - NOT INJURED,0,1,1 - FRONT LEFT OR MOTORCYCLE DRIVER
20745244,Yes,FORT WORTH POLICE DEPARTMENT,250024996,FORT WORTH,CHANGED LANE WHEN UNSAFE; FAILED TO CONTROL SPEED,TARRANT,2025-04-08,N - NOT INJURED,0,NO DATA,78 - COOK CHILDRENS MEDICAL CENTER,5.215,WE,No Data,No Data,No Data,76182,76182,No,5NPEB4AC7CH390361,29,2 - FEMALE,N - NOT INJURED,0,1,1 - FRONT LEFT OR MOTORCYCLE DRIVER
20745244,Yes,FORT WORTH POLICE DEPARTMENT,250024996,FORT WORTH,CHANGED LANE WHEN UNSAFE; FAILED TO CONTROL SPEED,TARRANT,2025-04-08,N - NOT INJURED,0,NO DATA,78 - COOK CHILDRENS MEDICAL CENTER,5.215,WE,No Data,No Data,No Data,76182,76182,No,5NPEB4AC7CH390361,29,2 - FEMALE,N - NOT INJURED,0,2,3 - FRONT RIGHT
20745244,Yes,FORT WORTH POLICE DEPARTMENT,250024996,FORT WORTH,CHANGED LANE WHEN UNSAFE; FAILED TO CONTROL SPEED,TARRANT,2025-04-08,N - NOT INJURED,0,NO DATA,78 - COOK CHILDRENS MEDICAL CENTER,5.215,WE,No Data,No Data,No Data,76084,75024,No,2T3C1RFV1LW090891,25,2 - FEMALE,N - NOT INJURED,0,1,1 - FRONT LEFT OR MOTORCYCLE DRIVER
20745244,Yes,FORT WORTH POLICE DEPARTMENT,250024996,FORT WORTH,CHANGED LANE WHEN UNSAFE; FAILED TO CONTROL SPEED,TARRANT,2025-04-08,N - NOT INJURED,0,NO DATA,78 - COOK CHILDRENS MEDICAL CENTER,5.215,WE,No Data,No Data,No Data,76084,75024,No,2T3C1RFV1LW090891,2,2 - FEMALE,N - NOT INJURED,0,2,6 - SECOND SEAT RIGHT
20745244,Yes,FORT WORTH POLICE DEPARTMENT,250024996,FORT WORTH,CHANGED LANE WHEN UNSAFE; FAILED TO CONTROL SPEED,TARRANT,2025-04-08,N - NOT INJURED,0,NO DATA,78 - COOK CHILDRENS MEDICAL CENTER,5.215,WE,22 - FAILED TO CONTROL SPEED,No Data,No Data,76023,76023,No,4T1FA38P15U044756,63,1 - MALE,N - NOT INJURED,0,1,1 - FRONT LEFT OR MOTORCYCLE DRIVER
20745292,Yes,LUBBOCK POLICE DEPARTMENT,250010808,LUBBOCK,FAILED TO YIELD RIGHT OF WAY - TURNING LEFT,LUBBOCK,2025-04-08,N - NOT INJURED,0,NO DATA,277 - UNIVERSITY MEDICAL CENTER,4.531,1,37 - FAILED TO YIELD RIGHT OF WAY - TURNING LEFT,No Data,No Data,79413,79413,No,KL4AMBSL1RB024198,67,2 - FEMALE,N - NOT INJURED,0,1,1 - FRONT LEFT OR MOTORCYCLE DRIVER
20745292,Yes,LUBBOCK POLICE DEPARTMENT,250010808,LUBBOCK,FAILED TO YIELD RIGHT OF WAY - TURNING LEFT,LUBBOCK,2025-04-08,N - NOT INJURED,0,NO DATA,277 - UNIVERSITY MEDICAL CENTER,4.531,1,No Data,No Data,No Data,79407,79357,No,1FMCU0G9XHUE47179,29,2 - FEMALE,N - NOT INJURED,0,1,1 - FRONT LEFT OR MOTORCYCLE DRIVER
20745299,Yes,FLOYD COUNTY SHERIFF'S OFFICE,2025001332,OUTSIDE CITY LIMITS,ANIMAL ON ROAD - DOMESTIC;DRIVER INATTENTION,FLOYD,2025-04-08,N - NOT INJURED,0,NO DATA,84 - COVENANT HOSPITAL PLAINVIEW,14.105,3,1 - ANIMAL ON ROAD - DOMESTIC,20 - DRIVER INATTENTION,No Data,79235,79072,No,1G1BC5SM2J7129890,32,2 - FEMALE,99 - UNKNOWN,0,1,1 - FRONT LEFT OR MOTORCYCLE DRIVER
20745299,Yes,FLOYD COUNTY SHERIFF'S OFFICE,2025001332,OUTSIDE CITY LIMITS,ANIMAL ON ROAD - DOMESTIC;DRIVER INATTENTION,FLOYD,2025-04-08,N - NOT INJURED,0,NO DATA,84 - COVENANT HOSPITAL PLAINVIEW,14.105,3,1 - ANIMAL ON ROAD - DOMESTIC,20 - DRIVER INATTENTION,No Data,79235,79072,No,1G1BC5SM2J7129890,31,1 - MALE,N - NOT INJURED,0,2,3 - FRONT RIGHT
20745315,Yes,LONGVIEW POLICE DEPARTMENT,25-4606,LONGVIEW,FAILED TO CONTROL SPEED,GREGG,2025-04-08,N - NOT INJURED,0,NO DATA,149 - LONGVIEW REGIONAL MEDICAL CENTER,2.329,,No Data,No Data,No Data,75602,75602,No,1GCHSDFE9C8134762,23,1 - MALE,N - NOT INJURED,0,1,1 - FRONT LEFT OR MOTORCYCLE DRIVER
20745315,Yes,LONGVIEW POLICE DEPARTMENT,25-4606,LONGVIEW,FAILED TO CONTROL SPEED,GREGG,2025-04-08,N - NOT INJURED,0,NO DATA,149 - LONGVIEW REGIONAL MEDICAL CENTER,2.329,,22 - FAILED TO CONTROL SPEED,No Data,No Data,76755,76755,No,1FMZU32X2XZB64679,30,1 - MALE,N - NOT INJURED,0,1,1 - FRONT LEFT OR MOTORCYCLE DRIVER
20745323,Yes,SAN ANGELO POLICE DEPARTMENT,20250003837,SAN ANGELO,FAILED TO CONTROL SPEED,TOM GREEN,2025-04-08,N - NOT INJURED,0,NO DATA,230 - SHANNON MEDICAL CENTER,2.117,,22 - FAILED TO CONTROL SPEED,No Data,No Data,76903,76901,No,1FD8W3HT5CEB21546,60,1 - MALE,N - NOT INJURED,0,1,1 - FRONT LEFT OR MOTORCYCLE DRIVER
20745323,Yes,SAN ANGELO POLICE DEPARTMENT,20250003837,SAN ANGELO,FAILED TO CONTROL SPEED,TOM GREEN,2025-04-08,N - NOT INJURED,0,NO DATA,230 - SHANNON MEDICAL CENTER,2.117,,No Data,No Data,No Data,76901,76901,No,1FTRW12W17FB60974,43,1 - MALE,N - NOT INJURED,0,1,1 - FRONT LEFT OR MOTORCYCLE DRIVER
20745340,Yes,RED OAK POLICE DEPARTMENT,25RP013267,RED OAK,FAILED TO CONTROL SPEED,ELLIS,2025-04-08,N - NOT INJURED,0,NO DATA,30 - BAYLOR SCOTT & WHITE MEDICAL CENTER AT WAXAHACHIE,6.663,,22 - FAILED TO CONTROL SPEED,No Data,No Data,75216,76012,No,4T1BK36B38U307031,58,1 - MALE,N - NOT INJURED,0,1,1 - FRONT LEFT OR MOTORCYCLE DRIVER
20745340,Yes,RED OAK POLICE DEPARTMENT,25RP013267,RED OAK,FAILED TO CONTROL SPEED,ELLIS,2025-04-08,N - NOT INJURED,0,NO DATA,30 - BAYLOR SCOTT & WHITE MEDICAL CENTER AT WAXAHACHIE,6.663,,No Data,No Data,No Data,75154,75154,No,1C4SDHCT0JC461295,73,1 - MALE,N - NOT INJURED,0,1,1 - FRONT LEFT OR MOTORCYCLE DRIVER
20745340,Yes,RED OAK POLICE DEPARTMENT,25RP013267,RED OAK,FAILED TO CONTROL SPEED,ELLIS,2025-04-08,N - NOT INJURED,0,NO DATA,30 - BAYLOR SCOTT & WHITE MEDICAL CENTER AT WAXAHACHIE,6.663,,No Data,No Data,No Data,75154,75154,No,1C4SDHCT0JC461295,67,2 - FEMALE,N - NOT INJURED,0,2,3 - FRONT RIGHT
20745341,Yes,CORPUS CHRISTI POLICE DEPARTMENT,C2502020,CORPUS CHRISTI,CHANGED LANE WHEN UNSAFE,NUECES,2025-04-08,N - NOT INJURED,0,NO DATA,81 - CORPUS CHRISTI MEDICAL CENTER - BAY AREA,1.434,,4 - CHANGED LANE WHEN UNSAFE,No Data,No Data,78417,21152,No,1GCHSCEA9M1208104,22,2 - FEMALE,N - NOT INJURED,0,1,1 - FRONT LEFT OR MOTORCYCLE DRIVER
20745341,Yes,CORPUS CHRISTI POLICE DEPARTMENT,C2502020,CORPUS CHRISTI,CHANGED LANE WHEN UNSAFE,NUECES,2025-04-08,N - NOT INJURED,0,NO DATA,81 - CORPUS CHRISTI MEDICAL CENTER - BAY AREA,1.434,,No Data,No Data,No Data,78412,78412,No,4T1T11AKXMU565527,80,1 - MALE,N - NOT INJURED,0,1,1 - FRONT LEFT OR MOTORCYCLE DRIVER
20745349,No,LAREDO POLICE DEPARTMENT,2025-00055793,LAREDO,CHANGED LANE WHEN UNSAFE,WEBB,2025-04-08,N - NOT INJURED,0,NO DATA,99 - DOCTORS HOSPITAL OF LAREDO,2.532,,4 - CHANGED LANE WHEN UNSAFE,No Data,No Data,78045,78045,No,1FTFW1E53NKD38989,46,2 - FEMALE,N - NOT INJURED,0,1,1 - FRONT LEFT OR MOTORCYCLE DRIVER
20745349,No,LAREDO POLICE DEPARTMENT,2025-00055793,LAREDO,CHANGED LANE WHEN UNSAFE,WEBB,2025-04-08,N - NOT INJURED,0,NO DATA,99 - DOCTORS HOSPITAL OF LAREDO,2.532,,No Data,No Data,No Data,78046,78046,No,5NPE34AF4JH679654,61,2 - FEMALE,N - NOT INJURED,0,1,1 - FRONT LEFT OR MOTORCYCLE DRIVER
20745349,No,LAREDO POLICE DEPARTMENT,2025-00055793,LAREDO,CHANGED LANE WHEN UNSAFE,WEBB,2025-04-08,N - NOT INJURED,0,NO DATA,99 - DOCTORS HOSPITAL OF LAREDO,2.532,,No Data,No Data,No Data,78046,78046,No,5NPE34AF4JH679654,42,2 - FEMALE,N - NOT INJURED,0,2,3 - FRONT RIGHT
20745362,Yes,AUSTIN POLICE DEPARTMENT,250980426,AUSTIN,FOLLOWED TOO CLOSELY,TRAVIS,2025-04-08,C - POSSIBLE INJURY,0,NO DATA,195 - NORTH AUSTIN MEDICAL CENTER,2.032,WA,No Data,No Data,No Data,78628,75006,No,ZFBHRFAB8N6X72782,43,1 - MALE,N - NOT INJURED,0,1,1 - FRONT LEFT OR MOTORCYCLE DRIVER
20745362,Yes,AUSTIN POLICE DEPARTMENT,250980426,AUSTIN,FOLLOWED TOO CLOSELY,TRAVIS,2025-04-08,C - POSSIBLE INJURY,0,NO DATA,195 - NORTH AUSTIN MEDICAL CENTER,2.032,WA,No Data,No Data,No Data,78727,78727,No,4S4GUHF62R3839846,39,2 - FEMALE,C - POSSIBLE INJURY,0,1,1 - FRONT LEFT OR MOTORCYCLE DRIVER
20745363,Yes,AUSTIN POLICE DEPARTMENT,250980259,AUSTIN,FAILED TO YIELD RIGHT OF WAY - TURNING LEFT,TRAVIS,2025-04-08,B - SUSPECTED MINOR INJURY,0,NO DATA,243 - ST. DAVIDS SOUTH AUSTIN MEDICAL CENTER,7.14,NR,No Data,No Data,No Data,78612,78612,No,1G1ZE5ST0GF342089,67,2 - FEMALE,B - SUSPECTED MINOR INJURY,1,1,1 - FRONT LEFT OR MOTORCYCLE DRIVER
20745363,Yes,AUSTIN POLICE DEPARTMENT,250980259,AUSTIN,FAILED TO YIELD RIGHT OF WAY - TURNING LEFT,TRAVIS,2025-04-08,B - SUSPECTED MINOR INJURY,0,NO DATA,243 - ST. DAVIDS SOUTH AUSTIN MEDICAL CENTER,7.14,NR,No Data,No Data,No Data,78741,75016,No,5FPYK3F84PB011792,22,1 - MALE,B - SUSPECTED MINOR INJURY,1,1,1 - FRONT LEFT OR MOTORCYCLE DRIVER
20745363,Yes,AUSTIN POLICE DEPARTMENT,250980259,AUSTIN,FAILED TO YIELD RIGHT OF WAY - TURNING LEFT,TRAVIS,2025-04-08,B - SUSPECTED MINOR INJURY,0,NO DATA,243 - ST. DAVIDS SOUTH AUSTIN MEDICAL CENTER,7.14,NR,37 - FAILED TO YIELD RIGHT OF WAY - TURNING LEFT,No Data,No Data,,78702,No,5N1DL0MN6LC526677,No Data,99 - UNKNOWN,N - NOT INJURED,0,1,1 - FRONT LEFT OR MOTORCYCLE DRIVER
20745364,Yes,AUSTIN POLICE DEPARTMENT,250980335,AUSTIN,DRIVER INATTENTION;FAILED TO CONTROL SPEED;FAILED TO YIELD RIGHT OF WAY - STOP SIGN,TRAVIS,2025-04-08,C - POSSIBLE INJURY,0,NO DATA,87 - DELL CHILDRENS MEDICAL CENTER,3.461,AR,No Data,No Data,No Data,78724,78724,No,5YFBURHE2FP272226,16,1 - MALE,C - POSSIBLE INJURY,0,1,1 - FRONT LEFT OR MOTORCYCLE DRIVER
20745364,Yes,AUSTIN POLICE DEPARTMENT,250980335,AUSTIN,DRIVER INATTENTION;FAILED TO CONTROL SPEED;FAILED TO YIELD RIGHT OF WAY - STOP SIGN,TRAVIS,2025-04-08,C - POSSIBLE INJURY,0,NO DATA,87 - DELL CHILDRENS MEDICAL CENTER,3.461,AR,No Data,No Data,No Data,78722,78722,No,JF2SJAWC8JH456183,33,2 - FEMALE,N - NOT INJURED,0,1,1 - FRONT LEFT OR MOTORCYCLE DRIVER
20745376,Yes,WAXAHACHIE POLICE DEPARTMENT,240408-15117,WAXAHACHIE,FAILED TO YIELD RIGHT OF WAY - STOP SIGN,ELLIS,2025-04-08,N - NOT INJURED,0,NO DATA,30 - BAYLOR SCOTT & WHITE MEDICAL CENTER AT WAXAHACHIE,2.376,,35 - FAILED TO YIELD RIGHT OF WAY - STOP SIGN,No Data,No Data,75154,75165,No,KM8SN4HF8JU286227,29,1 - MALE,N - NOT INJURED,0,1,1 - FRONT LEFT OR MOTORCYCLE DRIVER
20745376,Yes,WAXAHACHIE POLICE DEPARTMENT,240408-15117,WAXAHACHIE,FAILED TO YIELD RIGHT OF WAY - STOP SIGN,ELLIS,2025-04-08,N - NOT INJURED,0,NO DATA,30 - BAYLOR SCOTT & WHITE MEDICAL CENTER AT WAXAHACHIE,2.376,,35 - FAILED TO YIELD RIGHT OF WAY - STOP SIGN,No Data,No Data,75154,75165,No,KM8SN4HF8JU286227,4,1 - MALE,N - NOT INJURED,0,2,4 - SECOND SEAT LEFT OR MOTORCYCLE BACK PASSENGER
20745376,Yes,WAXAHACHIE POLICE DEPARTMENT,240408-15117,WAXAHACHIE,FAILED TO YIELD RIGHT OF WAY - STOP SIGN,ELLIS,2025-04-08,N - NOT INJURED,0,NO DATA,30 - BAYLOR SCOTT & WHITE MEDICAL CENTER AT WAXAHACHIE,2.376,,35 - FAILED TO YIELD RIGHT OF WAY - STOP SIGN,No Data,No Data,75154,75165,No,KM8SN4HF8JU286227,7,1 - MALE,N - NOT INJURED,0,3,6 - SECOND SEAT RIGHT
20745376,Yes,WAXAHACHIE POLICE DEPARTMENT,240408-15117,WAXAHACHIE,FAILED TO YIELD RIGHT OF WAY - STOP SIGN,ELLIS,2025-04-08,N - NOT INJURED,0,NO DATA,30 - BAYLOR SCOTT & WHITE MEDICAL CENTER AT WAXAHACHIE,2.376,,No Data,No Data,No Data,75165,75165,No,1HGCS2B85AA002359,35,2 - FEMALE,N - NOT INJURED,0,1,1 - FRONT LEFT OR MOTORCYCLE DRIVER
20745396,Yes,FORT WORTH POLICE DEPARTMENT,250025045,FORT WORTH,FAILED TO CONTROL SPEED,TARRANT,2025-04-08,B - SUSPECTED MINOR INJURY,0,NO DATA,259 - TEXAS HEALTH HUGULEY HOSPITAL,3.047,AF,22 - FAILED TO CONTROL SPEED,No Data,No Data,76133,76140,No,1FUYSSEB2WL844222,32,1 - MALE,N - NOT INJURED,0,1,1 - FRONT LEFT OR MOTORCYCLE DRIVER
20745396,Yes,FORT WORTH POLICE DEPARTMENT,250025045,FORT WORTH,FAILED TO CONTROL SPEED,TARRANT,2025-04-08,B - SUSPECTED MINOR INJURY,0,NO DATA,259 - TEXAS HEALTH HUGULEY HOSPITAL,3.047,AF,No Data,No Data,No Data,75078,75078,No,JM3KE4DY4E0313245,38,1 - MALE,B - SUSPECTED MINOR INJURY,1,1,1 - FRONT LEFT OR MOTORCYCLE DRIVER
20745408,Yes,HARRIS COUNTY CONSTABLE PRECINCT 4,2504-01008,OUTSIDE CITY LIMITS,DISTRACTION IN VEHICLE; FAILED TO DRIVE IN SINGLE LANE,HARRIS,2025-04-08,N - NOT INJURED,0,NO DATA,120 - HCA HOUSTON HEALTHCARE NORTHWEST,7.174,,19 - DISTRACTION IN VEHICLE,23 - FAILED TO DRIVE IN SINGLE LANE,No Data,77024,77024,No,5UXWX9C30H0T18193,55,2 - FEMALE,N - NOT INJURED,0,1,1 - FRONT LEFT OR MOTORCYCLE DRIVER
20745418,Yes,TEMPLE POLICE DEPARTMENT,25000530,TEMPLE,FAILED TO CONTROL SPEED,BELL,2025-04-08,N - NOT INJURED,0,NO DATA,20 - BAYLOR SCOTT & WHITE MCLANE CHILDREN'S MEDICAL CENTER,3.175,,22 - FAILED TO CONTROL SPEED,No Data,No Data,76502,76513,No,2GNAXJEV4J6312574,29,2 - FEMALE,N - NOT INJURED,0,1,1 - FRONT LEFT OR MOTORCYCLE DRIVER
20745418,Yes,TEMPLE POLICE DEPARTMENT,25000530,TEMPLE,FAILED TO CONTROL SPEED,BELL,2025-04-08,N - NOT INJURED,0,NO DATA,20 - BAYLOR SCOTT & WHITE MCLANE CHILDREN'S MEDICAL CENTER,3.175,,No Data,No Data,No Data,76502,76502,No,1C6HJTAG1LL160914,68,1 - MALE,N - NOT INJURED,0,1,1 - FRONT LEFT OR MOTORCYCLE DRIVER
20745459,Yes,ADDISON POLICE DEPARTMENT,25-0804,ADDISON,DISTRACTION IN VEHICLE,DALLAS,2025-04-08,N - NOT INJURED,0,NO DATA,86 - DALLAS MEDICAL CENTER,3.536,,19 - DISTRACTION IN VEHICLE,No Data,No Data,75035,75013,No,JN8AS1MW2CM156321,44,1 - MALE,N - NOT INJURED,0,1,1 - FRONT LEFT OR MOTORCYCLE DRIVER
20745459,Yes,ADDISON POLICE DEPARTMENT,25-0804,ADDISON,DISTRACTION IN VEHICLE,DALLAS,2025-04-08,N - NOT INJURED,0,NO DATA,86 - DALLAS MEDICAL CENTER,3.536,,No Data,No Data,No Data,76227,76227,No,WDCYC6BJ4KX314936,45,2 - FEMALE,99 - UNKNOWN,0,1,1 - FRONT LEFT OR MOTORCYCLE DRIVER
20745464,Yes,LONGVIEW POLICE DEPARTMENT,25-4600,LONGVIEW,FOLLOWED TOO CLOSELY,GREGG,2025-04-08,N - NOT INJURED,0,NO DATA,45 - CHRISTUS GOOD SHEPHERD MEDICAL CENTER - LONGVIEW,1.183,,No Data,No Data,No Data,75791,75602,No,1FD7X2A62NEF91253,60,1 - MALE,N - NOT INJURED,0,1,1 - FRONT LEFT OR MOTORCYCLE DRIVER
20745464,Yes,LONGVIEW POLICE DEPARTMENT,25-4600,LONGVIEW,FOLLOWED TOO CLOSELY,GREGG,2025-04-08,N - NOT INJURED,0,NO DATA,45 - CHRISTUS GOOD SHEPHERD MEDICAL CENTER - LONGVIEW,1.183,,44 - FOLLOWED TOO CLOSELY,No Data,No Data,75602,75602,No,KNMAT2MT7GP664597,25,2 - FEMALE,N - NOT INJURED,0,1,1 - FRONT LEFT OR MOTORCYCLE DRIVER
20745468,Yes,LONGVIEW POLICE DEPARTMENT,25-4598,LONGVIEW,CHANGED LANE WHEN UNSAFE,GREGG,2025-04-08,N - NOT INJURED,0,NO DATA,45 - CHRISTUS GOOD SHEPHERD MEDICAL CENTER - LONGVIEW,4.102,,No Data,No Data,No Data,75604,75604,No,4A32B3FF8BE031404,40,1 - MALE,N - NOT INJURED,0,1,1 - FRONT LEFT OR MOTORCYCLE DRIVER
20745468,Yes,LONGVIEW POLICE DEPARTMENT,25-4598,LONGVIEW,CHANGED LANE WHEN UNSAFE,GREGG,2025-04-08,N - NOT INJURED,0,NO DATA,45 - CHRISTUS GOOD SHEPHERD MEDICAL CENTER - LONGVIEW,4.102,,4 - CHANGED LANE WHEN UNSAFE,No Data,No Data,75604,75604,No,1FUPCXYBXXPB39960,59,1 - MALE,N - NOT INJURED,0,1,1 - FRONT LEFT OR MOTORCYCLE DRIVER
20745471,Yes,DALLAS COUNTY SHERIFF'S OFFICE,25-022327,DALLAS,CHANGED LANE WHEN UNSAFE,DALLAS,2025-04-08,N - NOT INJURED,0,NO DATA,177 - METHODIST CHARLTON MEDICAL CENTER,0.555,2,4 - CHANGED LANE WHEN UNSAFE,No Data,No Data,,No Data,Yes,No Data,No Data,99 - UNKNOWN,99 - UNKNOWN,0,1,1 - FRONT LEFT OR MOTORCYCLE DRIVER
20745471,Yes,DALLAS COUNTY SHERIFF'S OFFICE,25-022327,DALLAS,CHANGED LANE WHEN UNSAFE,DALLAS,2025-04-08,N - NOT INJURED,0,NO DATA,177 - METHODIST CHARLTON MEDICAL CENTER,0.555,2,No Data,No Data,No Data,75115,75115,No,3GNAXUEV2NL189067,26,2 - FEMALE,N - NOT INJURED,0,1,1 - FRONT LEFT OR MOTORCYCLE DRIVER
20745471,Yes,DALLAS COUNTY SHERIFF'S OFFICE,25-022327,DALLAS,CHANGED LANE WHEN UNSAFE,DALLAS,2025-04-08,N - NOT INJURED,0,NO DATA,177 - METHODIST CHARLTON MEDICAL CENTER,0.555,2,No Data,No Data,No Data,75115,75115,No,3GNAXUEV2NL189067,7,1 - MALE,N - NOT INJURED,0,2,6 - SECOND SEAT RIGHT
20745482,Yes,SAN ANTONIO POLICE DEPARTMENT,SAPD25069663,SAN ANTONIO,BACKED WITHOUT SAFETY; DRIVER INATTENTION,BEXAR,2025-04-08,N - NOT INJURED,0,NO DATA,46 - CHRISTUS CHILDRENS HOSPITAL OF SAN ANTONIO,2.888,60,3 - BACKED WITHOUT SAFETY,20 - DRIVER INATTENTION,No Data,78254,78254,No,5FNRL6H81KB105596,19,1 - MALE,N - NOT INJURED,0,1,1 - FRONT LEFT OR MOTORCYCLE DRIVER
20745484,Yes,DALLAS COUNTY SHERIFF'S OFFICE,25-022323,DALLAS,FOLLOWED TOO CLOSELY,DALLAS,2025-04-08,N - NOT INJURED,0,NO DATA,26 - BAYLOR UNIVERSITY MEDICAL CENTER,1.189,2,44 - FOLLOWED TOO CLOSELY,No Data,No Data,75125,75125,No,JNKBV61E37M707392,25,2 - FEMALE,N - NOT INJURED,0,1,1 - FRONT LEFT OR MOTORCYCLE DRIVER
20745484,Yes,DALLAS COUNTY SHERIFF'S OFFICE,25-022323,DALLAS,FOLLOWED TOO CLOSELY,DALLAS,2025-04-08,N - NOT INJURED,0,NO DATA,26 - BAYLOR UNIVERSITY MEDICAL CENTER,1.189,2,No Data,No Data,No Data,75701,75701,No,W1N4M4GB0MW110286,27,2 - FEMALE,N - NOT INJURED,0,1,1 - FRONT LEFT OR MOTORCYCLE DRIVER
20745484,Yes,DALLAS COUNTY SHERIFF'S OFFICE,25-022323,DALLAS,FOLLOWED TOO CLOSELY,DALLAS,2025-04-08,N - NOT INJURED,0,NO DATA,26 - BAYLOR UNIVERSITY MEDICAL CENTER,1.189,2,No Data,No Data,No Data,75701,75701,No,W1N4M4GB0MW110286,27,1 - MALE,N - NOT INJURED,0,2,3 - FRONT RIGHT
20745492,Yes,ALVIN POLICE DEPARTMENT,ALPD2500884,ALVIN,DISTRACTION IN VEHICLE; FAILED TO CONTROL SPEED,BRAZORIA,2025-04-08,N - NOT INJURED,0,NO DATA,289 - UTMB HEALTH LEAGUE CITY CAMPUS,11.393,,22 - FAILED TO CONTROL SPEED,No Data,No Data,77511,77511,No,JT2EL56E8S0065817,28,2 - FEMALE,N - NOT INJURED,0,1,1 - FRONT LEFT OR MOTORCYCLE DRIVER
20745492,Yes,ALVIN POLICE DEPARTMENT,ALPD2500884,ALVIN,DISTRACTION IN VEHICLE; FAILED TO CONTROL SPEED,BRAZORIA,2025-04-08,N - NOT INJURED,0,NO DATA,289 - UTMB HEALTH LEAGUE CITY CAMPUS,11.393,,No Data,No Data,No Data,77511,77511,No,3N1CP5DV6RL516040,20,2 - FEMALE,N - NOT INJURED,0,1,1 - FRONT LEFT OR MOTORCYCLE DRIVER
20745498,Yes,CONROE POLICE DEPARTMENT,25040248,CONROE,FAILED TO CONTROL SPEED,MONTGOMERY,2025-04-08,C - POSSIBLE INJURY,0,NO DATA,116 - HCA HOUSTON HEALTHCARE CONROE,2.679,,22 - FAILED TO CONTROL SPEED,No Data,No Data,77807,77807,No,5NPEC4AC6CH351550,32,1 - MALE,C - POSSIBLE INJURY,0,1,1 - FRONT LEFT OR MOTORCYCLE DRIVER
20745498,Yes,CONROE POLICE DEPARTMENT,25040248,CONROE,FAILED TO CONTROL SPEED,MONTGOMERY,2025-04-08,C - POSSIBLE INJURY,0,NO DATA,116 - HCA HOUSTON HEALTHCARE CONROE,2.679,,No Data,No Data,No Data,77358,77358,No,1FTER4FH2KLB02398,66,2 - FEMALE,N - NOT INJURED,0,1,1 - FRONT LEFT OR MOTORCYCLE DRIVER
20745520,Yes,EL PASO POLICE DEPARTMENT,25-098075,EL PASO,OTHER (EXPLAIN IN NARRATIVE),EL PASO,2025-04-08,N - NOT INJURED,0,NO DATA,No Data,No Data,,98 - OTHER (EXPLAIN IN NARRATIVE),No Data,No Data,79932,79932,No,JTDKN3DU6A1006227,51,1 - MALE,N - NOT INJURED,0,1,1 - FRONT LEFT OR MOTORCYCLE DRIVER
20745520,Yes,EL PASO POLICE DEPARTMENT,25-098075,EL PASO,OTHER (EXPLAIN IN NARRATIVE),EL PASO,2025-04-08,N - NOT INJURED,0,NO DATA,No Data,No Data,,98 - OTHER (EXPLAIN IN NARRATIVE),No Data,No Data,79930,79930,No,KMHL14JA4PA330023,37,2 - FEMALE,N - NOT INJURED,0,1,1 - FRONT LEFT OR MOTORCYCLE DRIVER
20745526,Yes,WICHITA FALLS POLICE DEPARTMENT,25-040329,WICHITA FALLS,BACKED WITHOUT SAFETY,WICHITA,2025-04-08,N - NOT INJURED,0,NO DATA,274 - UNITED REGIONAL HEALTH CARE SYSTEM,4.229,,3 - BACKED WITHOUT SAFETY,No Data,No Data,76306,76306,No,1HGCV2F3XMA032306,23,2 - FEMALE,N - NOT INJURED,0,1,1 - FRONT LEFT OR MOTORCYCLE DRIVER
20745526,Yes,WICHITA FALLS POLICE DEPARTMENT,25-040329,WICHITA FALLS,BACKED WITHOUT SAFETY,WICHITA,2025-04-08,N - NOT INJURED,0,NO DATA,274 - UNITED REGIONAL HEALTH CARE SYSTEM,4.229,,No Data,No Data,No Data,23434,76306,No,2T1BU4EE3DC124333,27,2 - FEMALE,N - NOT INJURED,0,1,1 - FRONT LEFT OR MOTORCYCLE DRIVER
20745527,Yes,WICHITA FALLS POLICE DEPARTMENT,25-040345,WICHITA FALLS,DISREGARD STOP AND GO SIGNAL,WICHITA,2025-04-08,N - NOT INJURED,0,NO DATA,274 - UNITED REGIONAL HEALTH CARE SYSTEM,2.055,,15 - DISREGARD STOP AND GO SIGNAL,No Data,No Data,75495,75495,No,5N1AR1NN6AC609545,20,2 - FEMALE,N - NOT INJURED,0,1,1 - FRONT LEFT OR MOTORCYCLE DRIVER
20745527,Yes,WICHITA FALLS POLICE DEPARTMENT,25-040345,WICHITA FALLS,DISREGARD STOP AND GO SIGNAL,WICHITA,2025-04-08,N - NOT INJURED,0,NO DATA,274 - UNITED REGIONAL HEALTH CARE SYSTEM,2.055,,No Data,No Data,No Data,76366,76366,No,1FT8W2BT7REC65938,55,1 - MALE,N - NOT INJURED,0,1,1 - FRONT LEFT OR MOTORCYCLE DRIVER
20745530,Yes,MISSOURI CITY POLICE DEPARTMENT,25001205,OUTSIDE CITY LIMITS,CHANGED LANE WHEN UNSAFE,FORT BEND,2025-04-08,N - NOT INJURED,0,NO DATA,169 - MEMORIAL HERMANN PEARLAND HOSPITAL,9.351,,4 - CHANGED LANE WHEN UNSAFE,No Data,No Data,77459,77459,No,KNDJ63AU9N7826026,17,2 - FEMALE,N - NOT INJURED,0,1,1 - FRONT LEFT OR MOTORCYCLE DRIVER
20745530,Yes,MISSOURI CITY POLICE DEPARTMENT,25001205,OUTSIDE CITY LIMITS,CHANGED LANE WHEN UNSAFE,FORT BEND,2025-04-08,N - NOT INJURED,0,NO DATA,169 - MEMORIAL HERMANN PEARLAND HOSPITAL,9.351,,No Data,No Data,No Data,77459,77459,No,5YJ3E1EA2MF096873,43,1 - MALE,N - NOT INJURED,0,1,1 - FRONT LEFT OR MOTORCYCLE DRIVER
20745532,Yes,EL PASO POLICE DEPARTMENT,25098019,EL PASO,FAILED TO YIELD RIGHT OF WAY - TURNING LEFT,EL PASO,2025-04-08,N - NOT INJURED,0,NO DATA,"88 - DEL SOL MEDICAL CENTER, A CAMPUS OF LPDS HEALTHCARE",1.031,,37 - FAILED TO YIELD RIGHT OF WAY - TURNING LEFT,No Data,No Data,79928,79928,No,1C4RJEAGXMC784530,39,2 - FEMALE,N - NOT INJURED,0,1,1 - FRONT LEFT OR MOTORCYCLE DRIVER
20745532,Yes,EL PASO POLICE DEPARTMENT,25098019,EL PASO,FAILED TO YIELD RIGHT OF WAY - TURNING LEFT,EL PASO,2025-04-08,N - NOT INJURED,0,NO DATA,"88 - DEL SOL MEDICAL CENTER, A CAMPUS OF LPDS HEALTHCARE",1.031,,No Data,No Data,No Data,79925,79925,No,2HGFB2F56DH576293,20,2 - FEMALE,N - NOT INJURED,0,1,1 - FRONT LEFT OR MOTORCYCLE DRIVER
20745532,Yes,EL PASO POLICE DEPARTMENT,25098019,EL PASO,FAILED TO YIELD RIGHT OF WAY - TURNING LEFT,EL PASO,2025-04-08,N - NOT INJURED,0,NO DATA,"88 - DEL SOL MEDICAL CENTER, A CAMPUS OF LPDS HEALTHCARE",1.031,,No Data,No Data,No Data,79925,79925,No,2HGFB2F56DH576293,23,2 - FEMALE,N - NOT INJURED,0,2,3 - FRONT RIGHT
20745546,Yes,FORT WORTH POLICE DEPARTMENT,250024989,FORT WORTH,FAILED TO YIELD RIGHT OF WAY - TURNING LEFT,TARRANT,2025-04-08,B - SUSPECTED MINOR INJURY,0,NO DATA,78 - COOK CHILDRENS MEDICAL CENTER,1.77,WE,37 - FAILED TO YIELD RIGHT OF WAY - TURNING LEFT,No Data,No Data,76020,76020,No,5XYKT3A1XDG405646,63,1 - MALE,N - NOT INJURED,0,1,1 - FRONT LEFT OR MOTORCYCLE DRIVER
20745546,Yes,FORT WORTH POLICE DEPARTMENT,250024989,FORT WORTH,FAILED TO YIELD RIGHT OF WAY - TURNING LEFT,TARRANT,2025-04-08,B - SUSPECTED MINOR INJURY,0,NO DATA,78 - COOK CHILDRENS MEDICAL CENTER,1.77,WE,No Data,No Data,No Data,76107,76107,No,5YFBU4EE3DP083251,70,2 - FEMALE,B - SUSPECTED MINOR INJURY,1,1,1 - FRONT LEFT OR MOTORCYCLE DRIVER
20745550,Yes,FORT WORTH POLICE DEPARTMENT,250025024,FORT WORTH,FOLLOWED TOO CLOSELY,TARRANT,2025-04-08,N - NOT INJURED,0,NO DATA,78 - COOK CHILDRENS MEDICAL CENTER,3.074,WE,44 - FOLLOWED TOO CLOSELY,No Data,No Data,76119,76119,No,2B3KA43R17H717151,35,1 - MALE,N - NOT INJURED,0,1,1 - FRONT LEFT OR MOTORCYCLE DRIVER
20745550,Yes,FORT WORTH POLICE DEPARTMENT,250025024,FORT WORTH,FOLLOWED TOO CLOSELY,TARRANT,2025-04-08,N - NOT INJURED,0,NO DATA,78 - COOK CHILDRENS MEDICAL CENTER,3.074,WE,No Data,No Data,No Data,76052,76052,No,3GN7DSRP7RS289907,45,2 - FEMALE,99 - UNKNOWN,0,1,1 - FRONT LEFT OR MOTORCYCLE DRIVER
20745553,Yes,ORANGE POLICE DEPARTMENT,2505412,ORANGE,FAILED TO CONTROL SPEED,ORANGE,2025-04-08,N - NOT INJURED,0,NO DATA,266 - THE MEDICAL CENTER OF SOUTHEAST TEXAS,18.918,,22 - FAILED TO CONTROL SPEED,No Data,No Data,77088,77088,No,1G1ZD5ST8JF197121,31,1 - MALE,N - NOT INJURED,0,1,1 - FRONT LEFT OR MOTORCYCLE DRIVER
20745553,Yes,ORANGE POLICE DEPARTMENT,2505412,ORANGE,FAILED TO CONTROL SPEED,ORANGE,2025-04-08,N - NOT INJURED,0,NO DATA,266 - THE MEDICAL CENTER OF SOUTHEAST TEXAS,18.918,,22 - FAILED TO CONTROL SPEED,No Data,No Data,77088,77088,No,1G1ZD5ST8JF197121,13,2 - FEMALE,N - NOT INJURED,0,2,3 - FRONT RIGHT
20745553,Yes,ORANGE POLICE DEPARTMENT,2505412,ORANGE,FAILED TO CONTROL SPEED,ORANGE,2025-04-08,N - NOT INJURED,0,NO DATA,266 - THE MEDICAL CENTER OF SOUTHEAST TEXAS,18.918,,No Data,No Data,No Data,77630,77630,No,1C6SRFFT4MN530992,46,1 - MALE,N - NOT INJURED,0,1,1 - FRONT LEFT OR MOTORCYCLE DRIVER
20745553,Yes,ORANGE POLICE DEPARTMENT,2505412,ORANGE,FAILED TO CONTROL SPEED,ORANGE,2025-04-08,N - NOT INJURED,0,NO DATA,266 - THE MEDICAL CENTER OF SOUTHEAST TEXAS,18.918,,No Data,No Data,No Data,77630,77630,No,1C6SRFFT4MN530992,36,2 - FEMALE,N - NOT INJURED,0,2,3 - FRONT RIGHT
20745555,Yes,FORT WORTH POLICE DEPARTMENT,250025083,FORT WORTH,DRIVER INATTENTION,TARRANT,2025-04-08,N - NOT INJURED,0,NO DATA,78 - COOK CHILDRENS MEDICAL CENTER,3.99,WE,20 - DRIVER INATTENTION,No Data,No Data,76111,76111,No,WP1AD2A21ELA75962,40,2 - FEMALE,N - NOT INJURED,0,1,1 - FRONT LEFT OR MOTORCYCLE DRIVER
20745555,Yes,FORT WORTH POLICE DEPARTMENT,250025083,FORT WORTH,DRIVER INATTENTION,TARRANT,2025-04-08,N - NOT INJURED,0,NO DATA,78 - COOK CHILDRENS MEDICAL CENTER,3.99,WE,No Data,No Data,No Data,65548,65548,No,1XP5D69XXXN482131,45,1 - MALE,N - NOT INJURED,0,1,1 - FRONT LEFT OR MOTORCYCLE DRIVER
20745578,Yes,DENTON POLICE DEPARTMENT,25057829,DENTON,CHANGED LANE WHEN UNSAFE,DENTON,2025-04-08,N - NOT INJURED,0,NO DATA,152 - MEDICAL CITY DENTON,2.128,,4 - CHANGED LANE WHEN UNSAFE,No Data,No Data,76209,76209,No,1HGCR2F80GA102223,43,2 - FEMALE,N - NOT INJURED,0,1,1 - FRONT LEFT OR MOTORCYCLE DRIVER
20745578,Yes,DENTON POLICE DEPARTMENT,25057829,DENTON,CHANGED LANE WHEN UNSAFE,DENTON,2025-04-08,N - NOT INJURED,0,NO DATA,152 - MEDICAL CITY DENTON,2.128,,No Data,No Data,No Data,76266,76266,No,5NPLP4AG2PH116373,40,2 - FEMALE,N - NOT INJURED,0,1,1 - FRONT LEFT OR MOTORCYCLE DRIVER
20745580,Yes,LEWISVILLE POLICE DEPARTMENT,25-02774,LEWISVILLE,FAILED TO CONTROL SPEED,DENTON,2025-04-08,N - NOT INJURED,0,NO DATA,156 - MEDICAL CITY LEWISVILLE,2.799,,22 - FAILED TO CONTROL SPEED,No Data,No Data,75067,75067,No,5NPEC4AC4DH675257,20,1 - MALE,N - NOT INJURED,0,1,1 - FRONT LEFT OR MOTORCYCLE DRIVER
20745580,Yes,LEWISVILLE POLICE DEPARTMENT,25-02774,LEWISVILLE,FAILED TO CONTROL SPEED,DENTON,2025-04-08,N - NOT INJURED,0,NO DATA,156 - MEDICAL CITY LEWISVILLE,2.799,,No Data,No Data,No Data,76051,76051,No,3N1AB8CV1MY292325,41,2 - FEMALE,N - NOT INJURED,0,1,1 - FRONT LEFT OR MOTORCYCLE DRIVER
20745598,Yes,LEWISVILLE POLICE DEPARTMENT,25-02776,LEWISVILLE,FAILED TO CONTROL SPEED,DENTON,2025-04-08,B - SUSPECTED MINOR INJURY,0,NO DATA,156 - MEDICAL CITY LEWISVILLE,1.259,,22 - FAILED TO CONTROL SPEED,No Data,No Data,76040,76040,No,19XFB2F50EE026082,51,1 - MALE,N - NOT INJURED,0,1,1 - FRONT LEFT OR MOTORCYCLE DRIVER
20745598,Yes,LEWISVILLE POLICE DEPARTMENT,25-02776,LEWISVILLE,FAILED TO CONTROL SPEED,DENTON,2025-04-08,B - SUSPECTED MINOR INJURY,0,NO DATA,156 - MEDICAL CITY LEWISVILLE,1.259,,No Data,No Data,No Data,17042,74134,No,3TMKB5FN4RM000290,54,1 - MALE,B - SUSPECTED MINOR INJURY,1,1,1 - FRONT LEFT OR MOTORCYCLE DRIVER
20745606,Yes,SAN ANTONIO POLICE DEPARTMENT,SAPD25069088,SAN ANTONIO,UNSAFE SPEED,BEXAR,2025-04-08,N - NOT INJURED,0,NO DATA,No Data,No Data,20,60 - UNSAFE SPEED,No Data,No Data,78201,78201,No,1FTPX02536KC69903,69,1 - MALE,N - NOT INJURED,0,1,1 - FRONT LEFT OR MOTORCYCLE DRIVER
20745611,Yes,LEWISVILLE POLICE DEPARTMENT,25-02775,LEWISVILLE,FAILED TO YIELD RIGHT OF WAY - TURNING LEFT,DENTON,2025-04-08,N - NOT INJURED,0,NO DATA,156 - MEDICAL CITY LEWISVILLE,2.554,,37 - FAILED TO YIELD RIGHT OF WAY - TURNING LEFT,No Data,No Data,75028,75028,No,4T1BK1FKXCU509104,27,2 - FEMALE,N - NOT INJURED,0,1,1 - FRONT LEFT OR MOTORCYCLE DRIVER
20745611,Yes,LEWISVILLE POLICE DEPARTMENT,25-02775,LEWISVILLE,FAILED TO YIELD RIGHT OF WAY - TURNING LEFT,DENTON,2025-04-08,N - NOT INJURED,0,NO DATA,156 - MEDICAL CITY LEWISVILLE,2.554,,No Data,No Data,No Data,75409,75238,No,1N6BF0KY1LN806735,43,1 - MALE,N - NOT INJURED,0,1,1 - FRONT LEFT OR MOTORCYCLE DRIVER
20745618,Yes,LEWISVILLE POLICE DEPARTMENT,25-02779,LEWISVILLE,FAILED TO CONTROL SPEED,DENTON,2025-04-08,N - NOT INJURED,0,NO DATA,156 - MEDICAL CITY LEWISVILLE,3.5,,22 - FAILED TO CONTROL SPEED,No Data,No Data,,38018,Yes,JTMW1RFVXLJ020835,No Data,2 - FEMALE,99 - UNKNOWN,0,1,1 - FRONT LEFT OR MOTORCYCLE DRIVER
20745618,Yes,LEWISVILLE POLICE DEPARTMENT,25-02779,LEWISVILLE,FAILED TO CONTROL SPEED,DENTON,2025-04-08,N - NOT INJURED,0,NO DATA,156 - MEDICAL CITY LEWISVILLE,3.5,,No Data,No Data,No Data,71037,71037,No,3CZRZ2H37PM740010,23,2 - FEMALE,N - NOT INJURED,0,1,1 - FRONT LEFT OR MOTORCYCLE DRIVER
20745619,Yes,NEW BRAUNFELS POLICE DEPARTMENT,25-17588,NEW BRAUNFELS,BACKED WITHOUT SAFETY,COMAL,2025-04-08,N - NOT INJURED,0,NO DATA,56 - CHRISTUS SANTA ROSA HOSPITAL - NEW BRAUNFELS,1.02,,3 - BACKED WITHOUT SAFETY,No Data,No Data,78130,78130,No,3TYRX5GNXMT010480,83,1 - MALE,N - NOT INJURED,0,1,1 - FRONT LEFT OR MOTORCYCLE DRIVER
20745619,Yes,NEW BRAUNFELS POLICE DEPARTMENT,25-17588,NEW BRAUNFELS,BACKED WITHOUT SAFETY,COMAL,2025-04-08,N - NOT INJURED,0,NO DATA,56 - CHRISTUS SANTA ROSA HOSPITAL - NEW BRAUNFELS,1.02,,No Data,No Data,No Data,78130,78130,No,5TFHY5F10JX738558,53,1 - MALE,N - NOT INJURED,0,1,1 - FRONT LEFT OR MOTORCYCLE DRIVER
20745621,Yes,LEWISVILLE POLICE DEPARTMENT,25-02787,LEWISVILLE,OTHER (EXPLAIN IN NARRATIVE),DENTON,2025-04-08,B - SUSPECTED MINOR INJURY,0,NO DATA,No Data,No Data,,98 - OTHER (EXPLAIN IN NARRATIVE),No Data,No Data,75067,75067,No,1FADP3E22JL311380,15,1 - MALE,B - SUSPECTED MINOR INJURY,1,1,1 - FRONT LEFT OR MOTORCYCLE DRIVER
20745621,Yes,LEWISVILLE POLICE DEPARTMENT,25-02787,LEWISVILLE,OTHER (EXPLAIN IN NARRATIVE),DENTON,2025-04-08,B - SUSPECTED MINOR INJURY,0,NO DATA,No Data,No Data,,98 - OTHER (EXPLAIN IN NARRATIVE),No Data,No Data,75067,75067,No,1FADP3E22JL311380,43,2 - FEMALE,B - SUSPECTED MINOR INJURY,1,2,3 - FRONT RIGHT
20745622,Yes,RED OAK POLICE DEPARTMENT,25RP013287,RED OAK,FAILED TO CONTROL SPEED; FOLLOWED TOO CLOSELY,ELLIS,2025-04-08,C - POSSIBLE INJURY,0,NO DATA,30 - BAYLOR SCOTT & WHITE MEDICAL CENTER AT WAXAHACHIE,7.439,,22 - FAILED TO CONTROL SPEED,No Data,No Data,75154,75154,No,1FTSW30P54EA05645,78,1 - MALE,C - POSSIBLE INJURY,0,1,1 - FRONT LEFT OR MOTORCYCLE DRIVER
20745622,Yes,RED OAK POLICE DEPARTMENT,25RP013287,RED OAK,FAILED TO CONTROL SPEED; FOLLOWED TOO CLOSELY,ELLIS,2025-04-08,C - POSSIBLE INJURY,0,NO DATA,30 - BAYLOR SCOTT & WHITE MEDICAL CENTER AT WAXAHACHIE,7.439,,No Data,No Data,No Data,75125,75125,No,1FT7W2B69GEB23822,62,1 - MALE,C - POSSIBLE INJURY,0,1,1 - FRONT LEFT OR MOTORCYCLE DRIVER
20745624,Yes,TRAVIS COUNTY SHERIFF'S OFFICE,250980113,OUTSIDE CITY LIMITS,UNSAFE SPEED,TRAVIS,2025-04-08,99 - UNKNOWN,0,NO DATA,7 - ASCENSION SETON SOUTHWEST,4.974,,60 - UNSAFE SPEED,No Data,No Data,,78736,Yes,1FAFP53U35A254696,No Data,99 - UNKNOWN,99 - UNKNOWN,0,1,1 - FRONT LEFT OR MOTORCYCLE DRIVER
20745626,Yes,HARRIS COUNTY CONSTABLE PRECINCT 4,2504-00982,OUTSIDE CITY LIMITS,FAILED TO YIELD RIGHT OF WAY - PRIVATE DRIVE,HARRIS,2025-04-08,N - NOT INJURED,0,NO DATA,123 - HCA HOUSTON HEALTHCARE TOMBALL,4.368,,34 - FAILED TO YIELD RIGHT OF WAY - PRIVATE DRIVE,No Data,No Data,77375,77379,No,5TDZA23C26S543202,44,2 - FEMALE,N - NOT INJURED,0,1,1 - FRONT LEFT OR MOTORCYCLE DRIVER
20745626,Yes,HARRIS COUNTY CONSTABLE PRECINCT 4,2504-00982,OUTSIDE CITY LIMITS,FAILED TO YIELD RIGHT OF WAY - PRIVATE DRIVE,HARRIS,2025-04-08,N - NOT INJURED,0,NO DATA,123 - HCA HOUSTON HEALTHCARE TOMBALL,4.368,,34 - FAILED TO YIELD RIGHT OF WAY - PRIVATE DRIVE,No Data,No Data,77375,77379,No,5TDZA23C26S543202,15,1 - MALE,N - NOT INJURED,0,2,3 - FRONT RIGHT
20745626,Yes,HARRIS COUNTY CONSTABLE PRECINCT 4,2504-00982,OUTSIDE CITY LIMITS,FAILED TO YIELD RIGHT OF WAY - PRIVATE DRIVE,HARRIS,2025-04-08,N - NOT INJURED,0,NO DATA,123 - HCA HOUSTON HEALTHCARE TOMBALL,4.368,,No Data,No Data,No Data,77377,77377,No,5FNRL6H66RB010931,48,2 - FEMALE,N - NOT INJURED,0,1,1 - FRONT LEFT OR MOTORCYCLE DRIVER
20745628,Yes,WESTWORTH VILLAGE POLICE DEPARTMENT,25WV04620,WESTWORTH VILLAGE,BACKED WITHOUT SAFETY,TARRANT,2025-04-08,A - SUSPECTED SERIOUS INJURY,0,NO DATA,No Data,No Data,,3 - BACKED WITHOUT SAFETY,No Data,No Data,76179,76179,No,5GAKRCKD6EJ128004,19,1 - MALE,N - NOT INJURED,0,1,1 - FRONT LEFT OR MOTORCYCLE DRIVER
20745628,Yes,WESTWORTH VILLAGE POLICE DEPARTMENT,25WV04620,WESTWORTH VILLAGE,BACKED WITHOUT SAFETY,TARRANT,2025-04-08,A - SUSPECTED SERIOUS INJURY,0,NO DATA,No Data,No Data,,No Data,No Data,No Data,No Data,No Data,No Data,No Data,4,1 - MALE,A - SUSPECTED SERIOUS INJURY,0,1,"16 - PEDESTRIAN, PEDALCYCLIST, OR MOTORIZED CONVEYANCE"
20745634,Yes,CORPUS CHRISTI POLICE DEPARTMENT,C2502024,CORPUS CHRISTI,FAILED TO YIELD RIGHT OF WAY - TURNING LEFT,NUECES,2025-04-08,C - POSSIBLE INJURY,0,NO DATA,81 - CORPUS CHRISTI MEDICAL CENTER - BAY AREA,1.978,,37 - FAILED TO YIELD RIGHT OF WAY - TURNING LEFT,No Data,No Data,78414,78414,No,KL77LFE26RC185599,80,2 - FEMALE,N - NOT INJURED,0,1,1 - FRONT LEFT OR MOTORCYCLE DRIVER
20745634,Yes,CORPUS CHRISTI POLICE DEPARTMENT,C2502024,CORPUS CHRISTI,FAILED TO YIELD RIGHT OF WAY - TURNING LEFT,NUECES,2025-04-08,C - POSSIBLE INJURY,0,NO DATA,81 - CORPUS CHRISTI MEDICAL CENTER - BAY AREA,1.978,,No Data,No Data,No Data,No Data,No Data,No Data,No Data,39,1 - MALE,C - POSSIBLE INJURY,0,1,"16 - PEDESTRIAN, PEDALCYCLIST, OR MOTORIZED CONVEYANCE"
20745647,No,SAN ANTONIO POLICE DEPARTMENT,SAPD25069695,SAN ANTONIO,DRIVER INATTENTION,BEXAR,2025-04-08,99 - UNKNOWN,0,NO DATA,No Data,No Data,30,20 - DRIVER INATTENTION,No Data,No Data,,78244,Yes,JHMGE8H58CC027995,No Data,99 - UNKNOWN,99 - UNKNOWN,0,1,1 - FRONT LEFT OR MOTORCYCLE DRIVER
20745652,Yes,SAN ANTONIO POLICE DEPARTMENT,SAPD25069648,SAN ANTONIO,FAILED TO YIELD RIGHT OF WAY - YIELD SIGN,BEXAR,2025-04-08,N - NOT INJURED,0,NO DATA,202 - NORTHEAST METHODIST HOSPITAL,2.047,30,39 - FAILED TO YIELD RIGHT OF WAY - YIELD SIGN,No Data,No Data,78260,78260,No,JM3TCACYXJ0211162,33,2 - FEMALE,N - NOT INJURED,0,1,1 - FRONT LEFT OR MOTORCYCLE DRIVER
20745652,Yes,SAN ANTONIO POLICE DEPARTMENT,SAPD25069648,SAN ANTONIO,FAILED TO YIELD RIGHT OF WAY - YIELD SIGN,BEXAR,2025-04-08,N - NOT INJURED,0,NO DATA,202 - NORTHEAST METHODIST HOSPITAL,2.047,30,No Data,No Data,No Data,,UNKNOWN,Yes,UNKNOWN,No Data,99 - UNKNOWN,99 - UNKNOWN,0,1,1 - FRONT LEFT OR MOTORCYCLE DRIVER
20745659,Yes,TEXAS CITY POLICE DEPARTMENT,TCPD25-02173,TEXAS CITY,FOLLOWED TOO CLOSELY,GALVESTON,2025-04-08,N - NOT INJURED,0,NO DATA,117 - HCA HOUSTON HEALTHCARE MAINLAND,2.338,,44 - FOLLOWED TOO CLOSELY,No Data,No Data,77591,77591,No,1HGCS2B89CA004960,23,1 - MALE,N - NOT INJURED,0,1,1 - FRONT LEFT OR MOTORCYCLE DRIVER
20745659,Yes,TEXAS CITY POLICE DEPARTMENT,TCPD25-02173,TEXAS CITY,FOLLOWED TOO CLOSELY,GALVESTON,2025-04-08,N - NOT INJURED,0,NO DATA,117 - HCA HOUSTON HEALTHCARE MAINLAND,2.338,,No Data,No Data,No Data,77590,77478,No,1GAWGEFF2H1232032,65,2 - FEMALE,N - NOT INJURED,0,1,1 - FRONT LEFT OR MOTORCYCLE DRIVER
20745666,Yes,UPTON COUNTY SHERIFF'S OFFICE,25-001001,MCCAMEY,FAILED TO CONTROL SPEED,UPTON,2025-04-08,N - NOT INJURED,0,NO DATA,225 - PECOS COUNTY MEMORIAL HOSPITAL,41.883,,22 - FAILED TO CONTROL SPEED,No Data,No Data,79752,79752,No,1C4PJMDX2KD207785,19,2 - FEMALE,N - NOT INJURED,0,1,1 - FRONT LEFT OR MOTORCYCLE DRIVER
20745666,Yes,UPTON COUNTY SHERIFF'S OFFICE,25-001001,MCCAMEY,FAILED TO CONTROL SPEED,UPTON,2025-04-08,N - NOT INJURED,0,NO DATA,225 - PECOS COUNTY MEMORIAL HOSPITAL,41.883,,22 - FAILED TO CONTROL SPEED,No Data,No Data,79752,79762,No,1G1ZB5ST1PF192907,57,1 - MALE,N - NOT INJURED,0,1,1 - FRONT LEFT OR MOTORCYCLE DRIVER
20745676,Yes,LUFKIN POLICE DEPARTMENT,2500011212,LUFKIN,FAILED TO YIELD RIGHT OF WAY - TURNING LEFT,ANGELINA,2025-04-08,N - NOT INJURED,0,NO DATA,40 - CHI ST. LUKES HEALTH MEMORIAL LUFKIN,0.155,01,37 - FAILED TO YIELD RIGHT OF WAY - TURNING LEFT,No Data,No Data,75901,75901,No,5XYPG4A34HG213470,78,2 - FEMALE,N - NOT INJURED,0,1,1 - FRONT LEFT OR MOTORCYCLE DRIVER
20745676,Yes,LUFKIN POLICE DEPARTMENT,2500011212,LUFKIN,FAILED TO YIELD RIGHT OF WAY - TURNING LEFT,ANGELINA,2025-04-08,N - NOT INJURED,0,NO DATA,40 - CHI ST. LUKES HEALTH MEMORIAL LUFKIN,0.155,01,No Data,No Data,No Data,75901,75901,No,1G1PH5SB9D7170480,38,1 - MALE,N - NOT INJURED,0,1,1 - FRONT LEFT OR MOTORCYCLE DRIVER
20745679,Yes,LUFKIN POLICE DEPARTMENT,2500011192,LUFKIN,DRIVER INATTENTION,ANGELINA,2025-04-08,N - NOT INJURED,0,NO DATA,40 - CHI ST. LUKES HEALTH MEMORIAL LUFKIN,0.361,01,No Data,No Data,No Data,75901,75901,No,KNDPN3AC1K7510362,79,2 - FEMALE,N - NOT INJURED,0,1,1 - FRONT LEFT OR MOTORCYCLE DRIVER
20745679,Yes,LUFKIN POLICE DEPARTMENT,2500011192,LUFKIN,DRIVER INATTENTION,ANGELINA,2025-04-08,N - NOT INJURED,0,NO DATA,40 - CHI ST. LUKES HEALTH MEMORIAL LUFKIN,0.361,01,20 - DRIVER INATTENTION,No Data,No Data,,No Data,Yes,No Data,No Data,99 - UNKNOWN,99 - UNKNOWN,0,1,1 - FRONT LEFT OR MOTORCYCLE DRIVER
20745681,No,MERCEDES POLICE DEPARTMENT,2507322,MERCEDES,BACKED WITHOUT SAFETY,HIDALGO,2025-04-08,N - NOT INJURED,0,NO DATA,No Data,No Data,,3 - BACKED WITHOUT SAFETY,No Data,No Data,78570,78570,No,3GNAXHEV9NS194425,34,2 - FEMALE,N - NOT INJURED,0,1,1 - FRONT LEFT OR MOTORCYCLE DRIVER
20745681,No,MERCEDES POLICE DEPARTMENT,2507322,MERCEDES,BACKED WITHOUT SAFETY,HIDALGO,2025-04-08,N - NOT INJURED,0,NO DATA,No Data,No Data,,3 - BACKED WITHOUT SAFETY,No Data,No Data,78570,78570,No,3GNAXHEV9NS194425,42,2 - FEMALE,N - NOT INJURED,0,2,3 - FRONT RIGHT
20745681,No,MERCEDES POLICE DEPARTMENT,2507322,MERCEDES,BACKED WITHOUT SAFETY,HIDALGO,2025-04-08,N - NOT INJURED,0,NO DATA,No Data,No Data,,3 - BACKED WITHOUT SAFETY,No Data,No Data,78570,78570,No,3GNAXHEV9NS194425,20,1 - MALE,N - NOT INJURED,0,3,6 - SECOND SEAT RIGHT
20745681,No,MERCEDES POLICE DEPARTMENT,2507322,MERCEDES,BACKED WITHOUT SAFETY,HIDALGO,2025-04-08,N - NOT INJURED,0,NO DATA,No Data,No Data,,3 - BACKED WITHOUT SAFETY,No Data,No Data,78570,78570,No,3GNAXHEV9NS194425,18,2 - FEMALE,N - NOT INJURED,0,4,5 - SECOND SEAT CENTER
20745681,No,MERCEDES POLICE DEPARTMENT,2507322,MERCEDES,BACKED WITHOUT SAFETY,HIDALGO,2025-04-08,N - NOT INJURED,0,NO DATA,No Data,No Data,,3 - BACKED WITHOUT SAFETY,No Data,No Data,78570,78570,No,3GNAXHEV9NS194425,19,2 - FEMALE,N - NOT INJURED,0,5,5 - SECOND SEAT CENTER
20745681,No,MERCEDES POLICE DEPARTMENT,2507322,MERCEDES,BACKED WITHOUT SAFETY,HIDALGO,2025-04-08,N - NOT INJURED,0,NO DATA,No Data,No Data,,3 - BACKED WITHOUT SAFETY,No Data,No Data,78570,78570,No,3GNAXHEV9NS194425,15,2 - FEMALE,N - NOT INJURED,0,6,7 - THIRD SEAT LEFT
20745686,Yes,SAN ANTONIO POLICE DEPARTMENT,SAPD25069512,SAN ANTONIO,TURNED IMPROPERLY - WRONG LANE; TURNED WHEN UNSAFE,BEXAR,2025-04-08,C - POSSIBLE INJURY,0,NO DATA,181 - METHODIST SPECIALTY & TRANSPLANT HOSPITAL,2.283,70,65 - TURNED IMPROPERLY - WRONG LANE,66 - TURNED WHEN UNSAFE,No Data,78228,78228,No,1FTRW12W76KD08373,55,2 - FEMALE,N - NOT INJURED,0,1,1 - FRONT LEFT OR MOTORCYCLE DRIVER
20745686,Yes,SAN ANTONIO POLICE DEPARTMENT,SAPD25069512,SAN ANTONIO,TURNED IMPROPERLY - WRONG LANE; TURNED WHEN UNSAFE,BEXAR,2025-04-08,C - POSSIBLE INJURY,0,NO DATA,181 - METHODIST SPECIALTY & TRANSPLANT HOSPITAL,2.283,70,No Data,No Data,No Data,78249,78214,No,19XFC2F70GE081813,20,2 - FEMALE,C - POSSIBLE INJURY,0,1,1 - FRONT LEFT OR MOTORCYCLE DRIVER
20745697,Yes,HUNTSVILLE POLICE DEPARTMENT,25013776,HUNTSVILLE,DISREGARD STOP AND GO SIGNAL;FAILED TO YIELD RIGHT OF WAY - TURN ON RED,WALKER,2025-04-08,N - NOT INJURED,0,NO DATA,132 - HUNTSVILLE MEMORIAL HOSPITAL,0.929,,15 - DISREGARD STOP AND GO SIGNAL,No Data,No Data,77340,77340,No,1FMCU0C72CKB53431,74,2 - FEMALE,N - NOT INJURED,0,1,1 - FRONT LEFT OR MOTORCYCLE DRIVER
20745697,Yes,HUNTSVILLE POLICE DEPARTMENT,25013776,HUNTSVILLE,DISREGARD STOP AND GO SIGNAL;FAILED TO YIELD RIGHT OF WAY - TURN ON RED,WALKER,2025-04-08,N - NOT INJURED,0,NO DATA,132 - HUNTSVILLE MEMORIAL HOSPITAL,0.929,,15 - DISREGARD STOP AND GO SIGNAL,No Data,No Data,77340,77340,No,1FMCU0C72CKB53431,33,1 - MALE,N - NOT INJURED,0,2,3 - FRONT RIGHT
20745697,Yes,HUNTSVILLE POLICE DEPARTMENT,25013776,HUNTSVILLE,DISREGARD STOP AND GO SIGNAL;FAILED TO YIELD RIGHT OF WAY - TURN ON RED,WALKER,2025-04-08,N - NOT INJURED,0,NO DATA,132 - HUNTSVILLE MEMORIAL HOSPITAL,0.929,,38 - FAILED TO YIELD RIGHT OF WAY - TURN ON RED,No Data,No Data,75846,75846,No,1C6RR6FT4ES243296,19,1 - MALE,N - NOT INJURED,0,1,1 - FRONT LEFT OR MOTORCYCLE DRIVER
20745719,Yes,"DEPARTMENT OF PUBLIC SAFETY, STATE OF TEXAS",25-546934,OUTSIDE CITY LIMITS,CHANGED LANE WHEN UNSAFE,SMITH,2025-04-08,N - NOT INJURED,0,NO DATA,281 - UNIVERSITY OF TEXAS HEALTH SCIENCE CENTER AT TYLER,3.976,1B,4 - CHANGED LANE WHEN UNSAFE,No Data,No Data,75662,75667,No,1N6AD0ER6GN751114,38,1 - MALE,N - NOT INJURED,0,1,1 - FRONT LEFT OR MOTORCYCLE DRIVER
20745719,Yes,"DEPARTMENT OF PUBLIC SAFETY, STATE OF TEXAS",25-546934,OUTSIDE CITY LIMITS,CHANGED LANE WHEN UNSAFE,SMITH,2025-04-08,N - NOT INJURED,0,NO DATA,281 - UNIVERSITY OF TEXAS HEALTH SCIENCE CENTER AT TYLER,3.976,1B,No Data,No Data,No Data,30504,74134,No,2C4RC1BG9SR507308,57,1 - MALE,N - NOT INJURED,0,1,1 - FRONT LEFT OR MOTORCYCLE DRIVER
20745719,Yes,"DEPARTMENT OF PUBLIC SAFETY, STATE OF TEXAS",25-546934,OUTSIDE CITY LIMITS,CHANGED LANE WHEN UNSAFE,SMITH,2025-04-08,N - NOT INJURED,0,NO DATA,281 - UNIVERSITY OF TEXAS HEALTH SCIENCE CENTER AT TYLER,3.976,1B,No Data,No Data,No Data,30504,74134,No,2C4RC1BG9SR507308,51,2 - FEMALE,N - NOT INJURED,0,2,3 - FRONT RIGHT
20745723,Yes,ANGLETON POLICE DEPARTMENT,2025000570,ANGLETON,FAILED TO YIELD RIGHT OF WAY - STOP SIGN,BRAZORIA,2025-04-08,N - NOT INJURED,0,NO DATA,285 - UTMB HEALTH ANGLETON DANBURY CAMPUS,1.283,,35 - FAILED TO YIELD RIGHT OF WAY - STOP SIGN,No Data,No Data,77515,77515,No,3C63RRGL8RG224883,32,2 - FEMALE,N - NOT INJURED,0,1,1 - FRONT LEFT OR MOTORCYCLE DRIVER
20745723,Yes,ANGLETON POLICE DEPARTMENT,2025000570,ANGLETON,FAILED TO YIELD RIGHT OF WAY - STOP SIGN,BRAZORIA,2025-04-08,N - NOT INJURED,0,NO DATA,285 - UTMB HEALTH ANGLETON DANBURY CAMPUS,1.283,,35 - FAILED TO YIELD RIGHT OF WAY - STOP SIGN,No Data,No Data,77515,77515,No,3C63RRGL8RG224883,1,2 - FEMALE,N - NOT INJURED,0,2,4 - SECOND SEAT LEFT OR MOTORCYCLE BACK PASSENGER
20745723,Yes,ANGLETON POLICE DEPARTMENT,2025000570,ANGLETON,FAILED TO YIELD RIGHT OF WAY - STOP SIGN,BRAZORIA,2025-04-08,N - NOT INJURED,0,NO DATA,285 - UTMB HEALTH ANGLETON DANBURY CAMPUS,1.283,,No Data,No Data,No Data,77515,77515,No,3MZBPABL4LM135773,61,2 - FEMALE,N - NOT INJURED,0,1,1 - FRONT LEFT OR MOTORCYCLE DRIVER
20745725,Yes,SEGUIN POLICE DEPARTMENT,25-P08013,SEGUIN,CHANGED LANE WHEN UNSAFE,GUADALUPE,2025-04-08,N - NOT INJURED,0,NO DATA,106 - GUADALUPE REGIONAL MEDICAL CENTER,0.503,,4 - CHANGED LANE WHEN UNSAFE,No Data,No Data,78155,78155,No,1GYFZCR48PF142752,37,2 - FEMALE,N - NOT INJURED,0,1,1 - FRONT LEFT OR MOTORCYCLE DRIVER
20745725,Yes,SEGUIN POLICE DEPARTMENT,25-P08013,SEGUIN,CHANGED LANE WHEN UNSAFE,GUADALUPE,2025-04-08,N - NOT INJURED,0,NO DATA,106 - GUADALUPE REGIONAL MEDICAL CENTER,0.503,,4 - CHANGED LANE WHEN UNSAFE,No Data,No Data,78155,78155,No,1GYFZCR48PF142752,14,2 - FEMALE,N - NOT INJURED,0,2,3 - FRONT RIGHT
20745725,Yes,SEGUIN POLICE DEPARTMENT,25-P08013,SEGUIN,CHANGED LANE WHEN UNSAFE,GUADALUPE,2025-04-08,N - NOT INJURED,0,NO DATA,106 - GUADALUPE REGIONAL MEDICAL CENTER,0.503,,No Data,No Data,No Data,78155,78155,No,3GKALMEG4PL204391,58,2 - FEMALE,N - NOT INJURED,0,1,1 - FRONT LEFT OR MOTORCYCLE DRIVER
20745725,Yes,SEGUIN POLICE DEPARTMENT,25-P08013,SEGUIN,CHANGED LANE WHEN UNSAFE,GUADALUPE,2025-04-08,N - NOT INJURED,0,NO DATA,106 - GUADALUPE REGIONAL MEDICAL CENTER,0.503,,No Data,No Data,No Data,78666,78155,No,1FD0X5HT6MED99847,33,1 - MALE,N - NOT INJURED,0,1,1 - FRONT LEFT OR MOTORCYCLE DRIVER
20745725,Yes,SEGUIN POLICE DEPARTMENT,25-P08013,SEGUIN,CHANGED LANE WHEN UNSAFE,GUADALUPE,2025-04-08,N - NOT INJURED,0,NO DATA,106 - GUADALUPE REGIONAL MEDICAL CENTER,0.503,,No Data,No Data,No Data,78666,78155,No,1FD0X5HT6MED99847,21,1 - MALE,N - NOT INJURED,0,2,3 - FRONT RIGHT
20745727,Yes,SEGUIN POLICE DEPARTMENT,25-P08009,SEGUIN,FAILED TO YIELD RIGHT OF WAY - TURNING LEFT,GUADALUPE,2025-04-08,N - NOT INJURED,0,NO DATA,106 - GUADALUPE REGIONAL MEDICAL CENTER,0.986,,37 - FAILED TO YIELD RIGHT OF WAY - TURNING LEFT,No Data,No Data,78155,78155,No,JF2SJARC3JH499678,76,2 - FEMALE,N - NOT INJURED,0,1,1 - FRONT LEFT OR MOTORCYCLE DRIVER
20745727,Yes,SEGUIN POLICE DEPARTMENT,25-P08009,SEGUIN,FAILED TO YIELD RIGHT OF WAY - TURNING LEFT,GUADALUPE,2025-04-08,N - NOT INJURED,0,NO DATA,106 - GUADALUPE REGIONAL MEDICAL CENTER,0.986,,No Data,No Data,No Data,78370,78370,No,1FDWE3FS8KDC01223,65,1 - MALE,N - NOT INJURED,0,1,1 - FRONT LEFT OR MOTORCYCLE DRIVER
20745728,Yes,SEGUIN POLICE DEPARTMENT,25-P08037,SEGUIN,FAILED TO DRIVE IN SINGLE LANE,GUADALUPE,2025-04-08,N - NOT INJURED,0,NO DATA,106 - GUADALUPE REGIONAL MEDICAL CENTER,2.199,,23 - FAILED TO DRIVE IN SINGLE LANE,No Data,No Data,78263,46410,No,1XPBD49X2PD800403,66,1 - MALE,N - NOT INJURED,0,1,1 - FRONT LEFT OR MOTORCYCLE DRIVER
20745728,Yes,SEGUIN POLICE DEPARTMENT,25-P08037,SEGUIN,FAILED TO DRIVE IN SINGLE LANE,GUADALUPE,2025-04-08,N - NOT INJURED,0,NO DATA,106 - GUADALUPE REGIONAL MEDICAL CENTER,2.199,,No Data,No Data,No Data,78130,78130,No,1GKKNMLS2JZ122682,38,1 - MALE,N - NOT INJURED,0,1,1 - FRONT LEFT OR MOTORCYCLE DRIVER
20745730,Yes,LEWISVILLE POLICE DEPARTMENT,25-02788,LEWISVILLE,DRIVER INATTENTION,DENTON,2025-04-08,B - SUSPECTED MINOR INJURY,0,NO DATA,156 - MEDICAL CITY LEWISVILLE,4.495,,20 - DRIVER INATTENTION,No Data,No Data,75166,76018,No,WBAFU7C56BC777571,28,2 - FEMALE,B - SUSPECTED MINOR INJURY,1,1,1 - FRONT LEFT OR MOTORCYCLE DRIVER
20745730,Yes,LEWISVILLE POLICE DEPARTMENT,25-02788,LEWISVILLE,DRIVER INATTENTION,DENTON,2025-04-08,B - SUSPECTED MINOR INJURY,0,NO DATA,156 - MEDICAL CITY LEWISVILLE,4.495,,No Data,No Data,No Data,75056,75038,No,5J8TB3H52EL002106,35,2 - FEMALE,B - SUSPECTED MINOR INJURY,1,1,1 - FRONT LEFT OR MOTORCYCLE DRIVER
20745731,Yes,BLANCO COUNTY SHERIFF'S OFFICE,P250408-0173,OUTSIDE CITY LIMITS,FAILED TO CONTROL SPEED,BLANCO,2025-04-08,N - NOT INJURED,0,NO DATA,56 - CHRISTUS SANTA ROSA HOSPITAL - NEW BRAUNFELS,26.034,,22 - FAILED TO CONTROL SPEED,No Data,No Data,78244,78639,No,1GYEE637280214383,40,2 - FEMALE,N - NOT INJURED,0,1,1 - FRONT LEFT OR MOTORCYCLE DRIVER
20745731,Yes,BLANCO COUNTY SHERIFF'S OFFICE,P250408-0173,OUTSIDE CITY LIMITS,FAILED TO CONTROL SPEED,BLANCO,2025-04-08,N - NOT INJURED,0,NO DATA,56 - CHRISTUS SANTA ROSA HOSPITAL - NEW BRAUNFELS,26.034,,No Data,No Data,No Data,78624,78624,No,ML32FUFJ4MHF04823,47,2 - FEMALE,N - NOT INJURED,0,1,1 - FRONT LEFT OR MOTORCYCLE DRIVER
20745736,Yes,SAN BENITO POLICE DEPARTMENT,25008572,SAN BENITO,FAILED TO CONTROL SPEED,CAMERON,2025-04-08,B - SUSPECTED MINOR INJURY,0,NO DATA,119 - HARLINGEN MEDICAL CENTER,3.212,,22 - FAILED TO CONTROL SPEED,No Data,No Data,78586,78586,No,2J4FY29T5KJ121586,86,1 - MALE,N - NOT INJURED,0,1,1 - FRONT LEFT OR MOTORCYCLE DRIVER
20745736,Yes,SAN BENITO POLICE DEPARTMENT,25008572,SAN BENITO,FAILED TO CONTROL SPEED,CAMERON,2025-04-08,B - SUSPECTED MINOR INJURY,0,NO DATA,119 - HARLINGEN MEDICAL CENTER,3.212,,No Data,No Data,No Data,78586,33928,No,1G1ZD5ST6RF235456,74,1 - MALE,B - SUSPECTED MINOR INJURY,1,1,1 - FRONT LEFT OR MOTORCYCLE DRIVER
20745740,Yes,HOUSTON POLICE DEPARTMENT,0045036325Q,HOUSTON,CHANGED LANE WHEN UNSAFE; TURNED IMPROPERLY - WIDE RIGHT,HARRIS,2025-04-08,N - NOT INJURED,0,NO DATA,168 - MEMORIAL HERMANN SOUTHWEST HOSPITAL,0.362,F,64 - TURNED IMPROPERLY - WIDE RIGHT,4 - CHANGED LANE WHEN UNSAFE,No Data,,No Data,No,2C4RC1CG8PR617160,69,1 - MALE,99 - UNKNOWN,0,1,1 - FRONT LEFT OR MOTORCYCLE DRIVER
20745740,Yes,HOUSTON POLICE DEPARTMENT,0045036325Q,HOUSTON,CHANGED LANE WHEN UNSAFE; TURNED IMPROPERLY - WIDE RIGHT,HARRIS,2025-04-08,N - NOT INJURED,0,NO DATA,168 - MEMORIAL HERMANN SOUTHWEST HOSPITAL,0.362,F,No Data,No Data,No Data,,No Data,No,5TDZK3DC5DS402820,76,1 - MALE,N - NOT INJURED,0,1,1 - FRONT LEFT OR MOTORCYCLE DRIVER
20745742,Yes,HOUSTON POLICE DEPARTMENT,0045033225L,HOUSTON,CHANGED LANE WHEN UNSAFE; OVERTAKE AND PASS INSUFFICIENT CLEARANCE,HARRIS,2025-04-08,C - POSSIBLE INJURY,0,NO DATA,168 - MEMORIAL HERMANN SOUTHWEST HOSPITAL,3.039,F,53 - OVERTAKE AND PASS INSUFFICIENT CLEARANCE,No Data,No Data,77056,77056,No,1G1FF3D73H0174702,31,1 - MALE,C - POSSIBLE INJURY,0,1,1 - FRONT LEFT OR MOTORCYCLE DRIVER
20745742,Yes,HOUSTON POLICE DEPARTMENT,0045033225L,HOUSTON,CHANGED LANE WHEN UNSAFE; OVERTAKE AND PASS INSUFFICIENT CLEARANCE,HARRIS,2025-04-08,C - POSSIBLE INJURY,0,NO DATA,168 - MEMORIAL HERMANN SOUTHWEST HOSPITAL,3.039,F,4 - CHANGED LANE WHEN UNSAFE,No Data,No Data,77043,46818,No,4V4WC9DG8KN225998,23,2 - FEMALE,N - NOT INJURED,0,1,1 - FRONT LEFT OR MOTORCYCLE DRIVER
20745744,Yes,HEREFORD POLICE DEPARTMENT,C2025-004066,HEREFORD,DRIVER INATTENTION;FAILED TO YIELD RIGHT OF WAY - STOP SIGN;OTHER (EXPLAIN IN NARRATIVE),DEAF SMITH,2025-04-08,N - NOT INJURED,0,NO DATA,129 - HEREFORD REGIONAL MEDICAL CENTER,1.838,,35 - FAILED TO YIELD RIGHT OF WAY - STOP SIGN,20 - DRIVER INATTENTION,No Data,79045,79045,No,JN8AS5MT0BW561433,72,2 - FEMALE,N - NOT INJURED,0,1,1 - FRONT LEFT OR MOTORCYCLE DRIVER
20745744,Yes,HEREFORD POLICE DEPARTMENT,C2025-004066,HEREFORD,DRIVER INATTENTION;FAILED TO YIELD RIGHT OF WAY - STOP SIGN;OTHER (EXPLAIN IN NARRATIVE),DEAF SMITH,2025-04-08,N - NOT INJURED,0,NO DATA,129 - HEREFORD REGIONAL MEDICAL CENTER,1.838,,35 - FAILED TO YIELD RIGHT OF WAY - STOP SIGN,20 - DRIVER INATTENTION,No Data,79045,79045,No,JN8AS5MT0BW561433,77,2 - FEMALE,N - NOT INJURED,0,2,3 - FRONT RIGHT
20745744,Yes,HEREFORD POLICE DEPARTMENT,C2025-004066,HEREFORD,DRIVER INATTENTION;FAILED TO YIELD RIGHT OF WAY - STOP SIGN;OTHER (EXPLAIN IN NARRATIVE),DEAF SMITH,2025-04-08,N - NOT INJURED,0,NO DATA,129 - HEREFORD REGIONAL MEDICAL CENTER,1.838,,98 - OTHER (EXPLAIN IN NARRATIVE),No Data,No Data,79045,79045,No,3GCUKTEJ4GG149337,61,2 - FEMALE,N - NOT INJURED,0,1,1 - FRONT LEFT OR MOTORCYCLE DRIVER
20745745,Yes,ODESSA POLICE DEPARTMENT,25-0003730,ODESSA,FAILED TO CONTROL SPEED,ECTOR,2025-04-08,N - NOT INJURED,0,NO DATA,204 - ODESSA REGIONAL MEDICAL CENTER,3.803,,22 - FAILED TO CONTROL SPEED,No Data,No Data,79765,79339,No,2GCUKDED9S1106811,46,2 - FEMALE,N - NOT INJURED,0,1,1 - FRONT LEFT OR MOTORCYCLE DRIVER
20745745,Yes,ODESSA POLICE DEPARTMENT,25-0003730,ODESSA,FAILED TO CONTROL SPEED,ECTOR,2025-04-08,N - NOT INJURED,0,NO DATA,204 - ODESSA REGIONAL MEDICAL CENTER,3.803,,No Data,No Data,No Data,79714,79735,No,1GC4YNEYXNF134833,40,2 - FEMALE,N - NOT INJURED,0,1,1 - FRONT LEFT OR MOTORCYCLE DRIVER
20745745,Yes,ODESSA POLICE DEPARTMENT,25-0003730,ODESSA,FAILED TO CONTROL SPEED,ECTOR,2025-04-08,N - NOT INJURED,0,NO DATA,204 - ODESSA REGIONAL MEDICAL CENTER,3.803,,No Data,No Data,No Data,79714,79735,No,1GC4YNEYXNF134833,15,2 - FEMALE,N - NOT INJURED,0,2,3 - FRONT RIGHT
20745750,Yes,ODESSA POLICE DEPARTMENT,25-0003734,ODESSA,FAILED TO YIELD RIGHT OF WAY - TURNING LEFT,ECTOR,2025-04-08,N - NOT INJURED,0,NO DATA,204 - ODESSA REGIONAL MEDICAL CENTER,5.764,,37 - FAILED TO YIELD RIGHT OF WAY - TURNING LEFT,No Data,No Data,79758,79706,No,1FT8W3DM2REC68872,17,1 - MALE,N - NOT INJURED,0,1,1 - FRONT LEFT OR MOTORCYCLE DRIVER
20745750,Yes,ODESSA POLICE DEPARTMENT,25-0003734,ODESSA,FAILED TO YIELD RIGHT OF WAY - TURNING LEFT,ECTOR,2025-04-08,N - NOT INJURED,0,NO DATA,204 - ODESSA REGIONAL MEDICAL CENTER,5.764,,37 - FAILED TO YIELD RIGHT OF WAY - TURNING LEFT,No Data,No Data,79758,79706,No,1FT8W3DM2REC68872,15,1 - MALE,N - NOT INJURED,0,2,3 - FRONT RIGHT
20745750,Yes,ODESSA POLICE DEPARTMENT,25-0003734,ODESSA,FAILED TO YIELD RIGHT OF WAY - TURNING LEFT,ECTOR,2025-04-08,N - NOT INJURED,0,NO DATA,204 - ODESSA REGIONAL MEDICAL CENTER,5.764,,37 - FAILED TO YIELD RIGHT OF WAY - TURNING LEFT,No Data,No Data,79758,79706,No,1FT8W3DM2REC68872,14,1 - MALE,N - NOT INJURED,0,3,6 - SECOND SEAT RIGHT
20745750,Yes,ODESSA POLICE DEPARTMENT,25-0003734,ODESSA,FAILED TO YIELD RIGHT OF WAY - TURNING LEFT,ECTOR,2025-04-08,N - NOT INJURED,0,NO DATA,204 - ODESSA REGIONAL MEDICAL CENTER,5.764,,No Data,No Data,No Data,79765,79765,No,1FM5K7D80JGB55452,40,2 - FEMALE,N - NOT INJURED,0,1,1 - FRONT LEFT OR MOTORCYCLE DRIVER
20745756,Yes,SAN ANTONIO POLICE DEPARTMENT,SAPD25069787,SAN ANTONIO,FAILED TO YIELD RIGHT OF WAY - PRIVATE DRIVE,BEXAR,2025-04-08,N - NOT INJURED,0,NO DATA,176 - METHODIST HOSPITAL,0.204,70,34 - FAILED TO YIELD RIGHT OF WAY - PRIVATE DRIVE,No Data,No Data,78251,78251,No,KMHCT4AE4DU491446,39,1 - MALE,N - NOT INJURED,0,1,1 - FRONT LEFT OR MOTORCYCLE DRIVER
20745756,Yes,SAN ANTONIO POLICE DEPARTMENT,SAPD25069787,SAN ANTONIO,FAILED TO YIELD RIGHT OF WAY - PRIVATE DRIVE,BEXAR,2025-04-08,N - NOT INJURED,0,NO DATA,176 - METHODIST HOSPITAL,0.204,70,34 - FAILED TO YIELD RIGHT OF WAY - PRIVATE DRIVE,No Data,No Data,78251,78251,No,KMHCT4AE4DU491446,37,2 - FEMALE,N - NOT INJURED,0,2,3 - FRONT RIGHT
20745756,Yes,SAN ANTONIO POLICE DEPARTMENT,SAPD25069787,SAN ANTONIO,FAILED TO YIELD RIGHT OF WAY - PRIVATE DRIVE,BEXAR,2025-04-08,N - NOT INJURED,0,NO DATA,176 - METHODIST HOSPITAL,0.204,70,34 - FAILED TO YIELD RIGHT OF WAY - PRIVATE DRIVE,No Data,No Data,78251,78251,No,KMHCT4AE4DU491446,2,2 - FEMALE,N - NOT INJURED,0,3,4 - SECOND SEAT LEFT OR MOTORCYCLE BACK PASSENGER
20745756,Yes,SAN ANTONIO POLICE DEPARTMENT,SAPD25069787,SAN ANTONIO,FAILED TO YIELD RIGHT OF WAY - PRIVATE DRIVE,BEXAR,2025-04-08,N - NOT INJURED,0,NO DATA,176 - METHODIST HOSPITAL,0.204,70,34 - FAILED TO YIELD RIGHT OF WAY - PRIVATE DRIVE,No Data,No Data,78251,78251,No,KMHCT4AE4DU491446,0,1 - MALE,N - NOT INJURED,0,4,6 - SECOND SEAT RIGHT
20745756,Yes,SAN ANTONIO POLICE DEPARTMENT,SAPD25069787,SAN ANTONIO,FAILED TO YIELD RIGHT OF WAY - PRIVATE DRIVE,BEXAR,2025-04-08,N - NOT INJURED,0,NO DATA,176 - METHODIST HOSPITAL,0.204,70,No Data,No Data,No Data,78229,78229,No,1GB3GSBG6L1173426,44,1 - MALE,N - NOT INJURED,0,1,1 - FRONT LEFT OR MOTORCYCLE DRIVER
20745759,No,EL PASO POLICE DEPARTMENT,25-098108,EL PASO,BACKED WITHOUT SAFETY,EL PASO,2025-04-08,N - NOT INJURED,0,NO DATA,No Data,No Data,,3 - BACKED WITHOUT SAFETY,No Data,No Data,79907,79901,No,1FAHP2MK0KG101674,33,1 - MALE,N - NOT INJURED,0,1,1 - FRONT LEFT OR MOTORCYCLE DRIVER
20745762,No,SAN ANTONIO POLICE DEPARTMENT,SAPD25069707,SAN ANTONIO,FOLLOWED TOO CLOSELY,BEXAR,2025-04-08,B - SUSPECTED MINOR INJURY,0,NO DATA,54 - CHRISTUS SANTA ROSA HOSPITAL - MEDICAL CENTER,5.434,70,44 - FOLLOWED TOO CLOSELY,No Data,No Data,78254,78254,No,1G11B5SA2GF163802,24,1 - MALE,N - NOT INJURED,0,1,1 - FRONT LEFT OR MOTORCYCLE DRIVER
20745762,No,SAN ANTONIO POLICE DEPARTMENT,SAPD25069707,SAN ANTONIO,FOLLOWED TOO CLOSELY,BEXAR,2025-04-08,B - SUSPECTED MINOR INJURY,0,NO DATA,54 - CHRISTUS SANTA ROSA HOSPITAL - MEDICAL CENTER,5.434,70,No Data,No Data,No Data,78063,78063,No,JTEGH20V030086991,37,2 - FEMALE,N - NOT INJURED,0,1,1 - FRONT LEFT OR MOTORCYCLE DRIVER
20745762,No,SAN ANTONIO POLICE DEPARTMENT,SAPD25069707,SAN ANTONIO,FOLLOWED TOO CLOSELY,BEXAR,2025-04-08,B - SUSPECTED MINOR INJURY,0,NO DATA,54 - CHRISTUS SANTA ROSA HOSPITAL - MEDICAL CENTER,5.434,70,No Data,No Data,No Data,78063,78063,No,JTEGH20V030086991,3,2 - FEMALE,N - NOT INJURED,0,2,4 - SECOND SEAT LEFT OR MOTORCYCLE BACK PASSENGER
20745762,No,SAN ANTONIO POLICE DEPARTMENT,SAPD25069707,SAN ANTONIO,FOLLOWED TOO CLOSELY,BEXAR,2025-04-08,B - SUSPECTED MINOR INJURY,0,NO DATA,54 - CHRISTUS SANTA ROSA HOSPITAL - MEDICAL CENTER,5.434,70,No Data,No Data,No Data,78063,78063,No,JTEGH20V030086991,46,1 - MALE,B - SUSPECTED MINOR INJURY,1,3,5 - SECOND SEAT CENTER
20745762,No,SAN ANTONIO POLICE DEPARTMENT,SAPD25069707,SAN ANTONIO,FOLLOWED TOO CLOSELY,BEXAR,2025-04-08,B - SUSPECTED MINOR INJURY,0,NO DATA,54 - CHRISTUS SANTA ROSA HOSPITAL - MEDICAL CENTER,5.434,70,No Data,No Data,No Data,78063,78063,No,JTEGH20V030086991,0,2 - FEMALE,N - NOT INJURED,0,4,6 - SECOND SEAT RIGHT
20745768,Yes,FERRIS POLICE DEPARTMENT,2500004957,FERRIS,DRIVER INATTENTION; FOLLOWED TOO CLOSELY,ELLIS,2025-04-08,N - NOT INJURED,0,NO DATA,30 - BAYLOR SCOTT & WHITE MEDICAL CENTER AT WAXAHACHIE,14.016,,44 - FOLLOWED TOO CLOSELY,20 - DRIVER INATTENTION,No Data,75165,75165,No,1C6RREFT1NN197189,30,1 - MALE,N - NOT INJURED,0,1,1 - FRONT LEFT OR MOTORCYCLE DRIVER
20745768,Yes,FERRIS POLICE DEPARTMENT,2500004957,FERRIS,DRIVER INATTENTION; FOLLOWED TOO CLOSELY,ELLIS,2025-04-08,N - NOT INJURED,0,NO DATA,30 - BAYLOR SCOTT & WHITE MEDICAL CENTER AT WAXAHACHIE,14.016,,No Data,No Data,No Data,75125,75125,No,3GTP1VEC2EG336893,25,2 - FEMALE,N - NOT INJURED,0,1,1 - FRONT LEFT OR MOTORCYCLE DRIVER
20745768,Yes,FERRIS POLICE DEPARTMENT,2500004957,FERRIS,DRIVER INATTENTION; FOLLOWED TOO CLOSELY,ELLIS,2025-04-08,N - NOT INJURED,0,NO DATA,30 - BAYLOR SCOTT & WHITE MEDICAL CENTER AT WAXAHACHIE,14.016,,No Data,No Data,No Data,75125,75125,No,3GTP1VEC2EG336893,5,2 - FEMALE,N - NOT INJURED,0,2,4 - SECOND SEAT LEFT OR MOTORCYCLE BACK PASSENGER
20745770,Yes,SAN ANTONIO POLICE DEPARTMENT,SAPD25069731,SAN ANTONIO,FOLLOWED TOO CLOSELY;UNSAFE SPEED,BEXAR,2025-04-08,C - POSSIBLE INJURY,0,NO DATA,54 - CHRISTUS SANTA ROSA HOSPITAL - MEDICAL CENTER,4.368,70,60 - UNSAFE SPEED,44 - FOLLOWED TOO CLOSELY,No Data,78240,78240,No,1FTFW1CTXBFB65610,18,1 - MALE,N - NOT INJURED,0,1,1 - FRONT LEFT OR MOTORCYCLE DRIVER
20745770,Yes,SAN ANTONIO POLICE DEPARTMENT,SAPD25069731,SAN ANTONIO,FOLLOWED TOO CLOSELY;UNSAFE SPEED,BEXAR,2025-04-08,C - POSSIBLE INJURY,0,NO DATA,54 - CHRISTUS SANTA ROSA HOSPITAL - MEDICAL CENTER,4.368,70,No Data,No Data,No Data,78249,78249,No,2HGFB2F75FH548456,60,2 - FEMALE,N - NOT INJURED,0,1,1 - FRONT LEFT OR MOTORCYCLE DRIVER
20745770,Yes,SAN ANTONIO POLICE DEPARTMENT,SAPD25069731,SAN ANTONIO,FOLLOWED TOO CLOSELY;UNSAFE SPEED,BEXAR,2025-04-08,C - POSSIBLE INJURY,0,NO DATA,54 - CHRISTUS SANTA ROSA HOSPITAL - MEDICAL CENTER,4.368,70,No Data,No Data,No Data,78249,78249,No,2HGFB2F75FH548456,88,2 - FEMALE,C - POSSIBLE INJURY,0,2,3 - FRONT RIGHT
20745782,Yes,SAN ANTONIO POLICE DEPARTMENT,SAPD25069782,SAN ANTONIO,FAILED TO YIELD RIGHT OF WAY - PRIVATE DRIVE,BEXAR,2025-04-08,N - NOT INJURED,0,NO DATA,54 - CHRISTUS SANTA ROSA HOSPITAL - MEDICAL CENTER,5.497,70,34 - FAILED TO YIELD RIGHT OF WAY - PRIVATE DRIVE,No Data,No Data,78023,78023,No,2G1WB5E32D1199723,69,2 - FEMALE,N - NOT INJURED,0,1,1 - FRONT LEFT OR MOTORCYCLE DRIVER
20745782,Yes,SAN ANTONIO POLICE DEPARTMENT,SAPD25069782,SAN ANTONIO,FAILED TO YIELD RIGHT OF WAY - PRIVATE DRIVE,BEXAR,2025-04-08,N - NOT INJURED,0,NO DATA,54 - CHRISTUS SANTA ROSA HOSPITAL - MEDICAL CENTER,5.497,70,No Data,No Data,No Data,,No Data,Yes,No Data,No Data,99 - UNKNOWN,99 - UNKNOWN,0,1,1 - FRONT LEFT OR MOTORCYCLE DRIVER
20745790,Yes,SUNNYVALE POLICE DEPARTMENT,25SP04318,SUNNYVALE,CHANGED LANE WHEN UNSAFE;FAILED TO YIELD RIGHT OF WAY - PRIVATE DRIVE,DALLAS,2025-04-08,N - NOT INJURED,0,NO DATA,85 - DALLAS REGIONAL MEDICAL CENTER,4.649,,4 - CHANGED LANE WHEN UNSAFE,34 - FAILED TO YIELD RIGHT OF WAY - PRIVATE DRIVE,No Data,75126,75126,No,2GKALMEK2C6387745,35,1 - MALE,N - NOT INJURED,0,1,1 - FRONT LEFT OR MOTORCYCLE DRIVER
20745790,Yes,SUNNYVALE POLICE DEPARTMENT,25SP04318,SUNNYVALE,CHANGED LANE WHEN UNSAFE;FAILED TO YIELD RIGHT OF WAY - PRIVATE DRIVE,DALLAS,2025-04-08,N - NOT INJURED,0,NO DATA,85 - DALLAS REGIONAL MEDICAL CENTER,4.649,,No Data,No Data,No Data,75180,,No,2FMDK3KC6BBA76551,44,2 - FEMALE,N - NOT INJURED,0,1,1 - FRONT LEFT OR MOTORCYCLE DRIVER
20745801,Yes,SAN BENITO POLICE DEPARTMENT,25008566,HARLINGEN,FAILED TO CONTROL SPEED,CAMERON,2025-04-08,N - NOT INJURED,0,NO DATA,119 - HARLINGEN MEDICAL CENTER,5.338,,22 - FAILED TO CONTROL SPEED,No Data,No Data,78586,31032,No,1HVBBAAL9YH300936,41,1 - MALE,N - NOT INJURED,0,1,1 - FRONT LEFT OR MOTORCYCLE DRIVER
20745804,Yes,SAN ANTONIO POLICE DEPARTMENT,SAPD25069652,SAN ANTONIO,FAILED TO CONTROL SPEED,BEXAR,2025-04-08,99 - UNKNOWN,0,NO DATA,65 - CHRISTUS SANTA ROSA HOSPITAL - WESTOVER HILLS,7.892,60,22 - FAILED TO CONTROL SPEED,No Data,No Data,,No Data,Yes,No Data,No Data,99 - UNKNOWN,99 - UNKNOWN,0,1,1 - FRONT LEFT OR MOTORCYCLE DRIVER
20745808,Yes,KYLE POLICE DEPARTMENT,2025-11391,KYLE,FAILED TO YIELD RIGHT OF WAY - STOP SIGN,HAYS,2025-04-08,C - POSSIBLE INJURY,0,NO DATA,4 - ASCENSION SETON HAYS,0.697,,35 - FAILED TO YIELD RIGHT OF WAY - STOP SIGN,No Data,No Data,78640,78640,No,1C3CDFBB0ED831702,48,2 - FEMALE,C - POSSIBLE INJURY,0,1,1 - FRONT LEFT OR MOTORCYCLE DRIVER
20745808,Yes,KYLE POLICE DEPARTMENT,2025-11391,KYLE,FAILED TO YIELD RIGHT OF WAY - STOP SIGN,HAYS,2025-04-08,C - POSSIBLE INJURY,0,NO DATA,4 - ASCENSION SETON HAYS,0.697,,No Data,No Data,No Data,78640,78640,No,2C4RC1BG3DR614101,62,2 - FEMALE,C - POSSIBLE INJURY,0,1,1 - FRONT LEFT OR MOTORCYCLE DRIVER
20745808,Yes,KYLE POLICE DEPARTMENT,2025-11391,KYLE,FAILED TO YIELD RIGHT OF WAY - STOP SIGN,HAYS,2025-04-08,C - POSSIBLE INJURY,0,NO DATA,4 - ASCENSION SETON HAYS,0.697,,No Data,No Data,No Data,78640,78640,No,2C4RC1BG3DR614101,2,1 - MALE,N - NOT INJURED,0,2,4 - SECOND SEAT LEFT OR MOTORCYCLE BACK PASSENGER
20745808,Yes,KYLE POLICE DEPARTMENT,2025-11391,KYLE,FAILED TO YIELD RIGHT OF WAY - STOP SIGN,HAYS,2025-04-08,C - POSSIBLE INJURY,0,NO DATA,4 - ASCENSION SETON HAYS,0.697,,No Data,No Data,No Data,78640,78640,No,2C4RC1BG3DR614101,3,2 - FEMALE,N - NOT INJURED,0,3,6 - SECOND SEAT RIGHT
20745808,Yes,KYLE POLICE DEPARTMENT,2025-11391,KYLE,FAILED TO YIELD RIGHT OF WAY - STOP SIGN,HAYS,2025-04-08,C - POSSIBLE INJURY,0,NO DATA,4 - ASCENSION SETON HAYS,0.697,,No Data,No Data,No Data,78640,78640,No,KM8HE3A38RU122198,26,2 - FEMALE,N - NOT INJURED,0,1,1 - FRONT LEFT OR MOTORCYCLE DRIVER
20745813,Yes,CORPUS CHRISTI POLICE DEPARTMENT,C2502030,CORPUS CHRISTI,FAILED TO YIELD RIGHT OF WAY - PRIVATE DRIVE,NUECES,2025-04-08,C - POSSIBLE INJURY,0,NO DATA,76 - CORPUS CHRISTI MEDICAL CENTER - DOCTORS REGIONAL,2.173,,34 - FAILED TO YIELD RIGHT OF WAY - PRIVATE DRIVE,No Data,No Data,78405,78405,No,3N1AB7APXJY330404,55,2 - FEMALE,N - NOT INJURED,0,1,1 - FRONT LEFT OR MOTORCYCLE DRIVER
20745813,Yes,CORPUS CHRISTI POLICE DEPARTMENT,C2502030,CORPUS CHRISTI,FAILED TO YIELD RIGHT OF WAY - PRIVATE DRIVE,NUECES,2025-04-08,C - POSSIBLE INJURY,0,NO DATA,76 - CORPUS CHRISTI MEDICAL CENTER - DOCTORS REGIONAL,2.173,,No Data,No Data,No Data,78404,78404,No,3KPC24A64NE173309,20,1 - MALE,C - POSSIBLE INJURY,0,1,1 - FRONT LEFT OR MOTORCYCLE DRIVER
20745813,Yes,CORPUS CHRISTI POLICE DEPARTMENT,C2502030,CORPUS CHRISTI,FAILED TO YIELD RIGHT OF WAY - PRIVATE DRIVE,NUECES,2025-04-08,C - POSSIBLE INJURY,0,NO DATA,76 - CORPUS CHRISTI MEDICAL CENTER - DOCTORS REGIONAL,2.173,,No Data,No Data,No Data,78404,78404,No,3KPC24A64NE173309,14,1 - MALE,N - NOT INJURED,0,2,3 - FRONT RIGHT
20745814,Yes,HARRIS COUNTY SHERIFF'S OFFICE,2504-02893,OUTSIDE CITY LIMITS,FAILED TO YIELD RIGHT OF WAY - TURNING LEFT,HARRIS,2025-04-08,N - NOT INJURED,0,NO DATA,163 - MEMORIAL HERMANN GREATER HEIGHTS HOSPITAL,6.239,PD,37 - FAILED TO YIELD RIGHT OF WAY - TURNING LEFT,No Data,No Data,77040,77040,No,5YFS4RCE1LP046052,26,2 - FEMALE,N - NOT INJURED,0,1,1 - FRONT LEFT OR MOTORCYCLE DRIVER
20745814,Yes,HARRIS COUNTY SHERIFF'S OFFICE,2504-02893,OUTSIDE CITY LIMITS,FAILED TO YIELD RIGHT OF WAY - TURNING LEFT,HARRIS,2025-04-08,N - NOT INJURED,0,NO DATA,163 - MEMORIAL HERMANN GREATER HEIGHTS HOSPITAL,6.239,PD,No Data,No Data,No Data,77433,77433,No,2HNYD28439H523249,38,1 - MALE,N - NOT INJURED,0,1,1 - FRONT LEFT OR MOTORCYCLE DRIVER
20745834,Yes,HEREFORD POLICE DEPARTMENT,C2025-004074,HEREFORD,DRIVER INATTENTION;FAILED TO YIELD RIGHT OF WAY - STOP SIGN,DEAF SMITH,2025-04-08,N - NOT INJURED,0,NO DATA,129 - HEREFORD REGIONAL MEDICAL CENTER,0.475,,35 - FAILED TO YIELD RIGHT OF WAY - STOP SIGN,20 - DRIVER INATTENTION,No Data,79045,79045,No,JN8AF5MV0CT105912,44,2 - FEMALE,N - NOT INJURED,0,1,1 - FRONT LEFT OR MOTORCYCLE DRIVER
20745834,Yes,HEREFORD POLICE DEPARTMENT,C2025-004074,HEREFORD,DRIVER INATTENTION;FAILED TO YIELD RIGHT OF WAY - STOP SIGN,DEAF SMITH,2025-04-08,N - NOT INJURED,0,NO DATA,129 - HEREFORD REGIONAL MEDICAL CENTER,0.475,,No Data,No Data,No Data,88101,88101,No,1ZVBP8AM2E5201135,55,2 - FEMALE,N - NOT INJURED,0,1,1 - FRONT LEFT OR MOTORCYCLE DRIVER
20745845,Yes,HOUSTON POLICE DEPARTMENT,0045055725C,HOUSTON,FAILED TO DRIVE IN SINGLE LANE,HARRIS,2025-04-08,N - NOT INJURED,0,NO DATA,163 - MEMORIAL HERMANN GREATER HEIGHTS HOSPITAL,2.344,E,No Data,No Data,No Data,,,Yes,No Data,No Data,1 - MALE,99 - UNKNOWN,0,1,1 - FRONT LEFT OR MOTORCYCLE DRIVER
20745845,Yes,HOUSTON POLICE DEPARTMENT,0045055725C,HOUSTON,FAILED TO DRIVE IN SINGLE LANE,HARRIS,2025-04-08,N - NOT INJURED,0,NO DATA,163 - MEMORIAL HERMANN GREATER HEIGHTS HOSPITAL,2.344,E,No Data,No Data,No Data,77041,77041,No,5FRYD3H49GB020788,34,2 - FEMALE,N - NOT INJURED,0,1,1 - FRONT LEFT OR MOTORCYCLE DRIVER
20745847,Yes,BELTON POLICE DEPARTMENT,2509463,BELTON,OTHER (EXPLAIN IN NARRATIVE),BELL,2025-04-08,N - NOT INJURED,0,NO DATA,No Data,No Data,,98 - OTHER (EXPLAIN IN NARRATIVE),No Data,No Data,76549,76559,No,1D7HA18D54J195662,32,1 - MALE,N - NOT INJURED,0,1,1 - FRONT LEFT OR MOTORCYCLE DRIVER
20745847,Yes,BELTON POLICE DEPARTMENT,2509463,BELTON,OTHER (EXPLAIN IN NARRATIVE),BELL,2025-04-08,N - NOT INJURED,0,NO DATA,No Data,No Data,,98 - OTHER (EXPLAIN IN NARRATIVE),No Data,No Data,No Data,76513,No,1D7HU18D63S233576,21,1 - MALE,N - NOT INJURED,0,1,1 - FRONT LEFT OR MOTORCYCLE DRIVER
20745847,Yes,BELTON POLICE DEPARTMENT,2509463,BELTON,OTHER (EXPLAIN IN NARRATIVE),BELL,2025-04-08,N - NOT INJURED,0,NO DATA,No Data,No Data,,98 - OTHER (EXPLAIN IN NARRATIVE),No Data,No Data,No Data,76513,No,1D7HU18D63S233576,37,2 - FEMALE,N - NOT INJURED,0,2,3 - FRONT RIGHT
20745857,Yes,SUGAR LAND POLICE DEPARTMENT,25-02530,SUGAR LAND,FAILED TO CONTROL SPEED,FORT BEND,2025-04-08,N - NOT INJURED,0,NO DATA,180 - MEMORIAL HERMANN SUGAR LAND HOSPITAL,2.904,,22 - FAILED TO CONTROL SPEED,No Data,No Data,77479,77479,No,7FARW1H86HE010099,40,2 - FEMALE,N - NOT INJURED,0,1,1 - FRONT LEFT OR MOTORCYCLE DRIVER
20745857,Yes,SUGAR LAND POLICE DEPARTMENT,25-02530,SUGAR LAND,FAILED TO CONTROL SPEED,FORT BEND,2025-04-08,N - NOT INJURED,0,NO DATA,180 - MEMORIAL HERMANN SUGAR LAND HOSPITAL,2.904,,No Data,No Data,No Data,77433,77433,No,2G1FA1E30E9277205,49,2 - FEMALE,N - NOT INJURED,0,1,1 - FRONT LEFT OR MOTORCYCLE DRIVER
20745859,Yes,DALLAS POLICE DEPARTMENT,48865-2025,DALLAS,FAILED TO CONTROL SPEED,DALLAS,2025-04-08,C - POSSIBLE INJURY,0,NO DATA,174 - METHODIST DALLAS MEDICAL CENTER,4.009,,22 - FAILED TO CONTROL SPEED,No Data,No Data,76010,75155,No,1NKZL70XXKJ367231,57,1 - MALE,N - NOT INJURED,0,1,1 - FRONT LEFT OR MOTORCYCLE DRIVER
20745859,Yes,DALLAS POLICE DEPARTMENT,48865-2025,DALLAS,FAILED TO CONTROL SPEED,DALLAS,2025-04-08,C - POSSIBLE INJURY,0,NO DATA,174 - METHODIST DALLAS MEDICAL CENTER,4.009,,No Data,No Data,No Data,75115,75115,No,5YFBURHE7EP075034,53,1 - MALE,C - POSSIBLE INJURY,0,1,1 - FRONT LEFT OR MOTORCYCLE DRIVER
20745878,Yes,HOUSTON POLICE DEPARTMENT,0045036725U,HOUSTON,BACKED WITHOUT SAFETY,HARRIS,2025-04-08,99 - UNKNOWN,0,NO DATA,No Data,No Data,A,3 - BACKED WITHOUT SAFETY,No Data,No Data,,77459,Yes,2GCEC19W821182578,No Data,1 - MALE,99 - UNKNOWN,0,1,99 - UNKNOWN
20745879,Yes,HOUSTON POLICE DEPARTMENT,0045086925C,HOUSTON,FAILED TO CONTROL SPEED,HARRIS,2025-04-08,N - NOT INJURED,0,NO DATA,No Data,No Data,G,22 - FAILED TO CONTROL SPEED,No Data,No Data,,77036,Yes,3FAHP0HA7AR313615,No Data,1 - MALE,99 - UNKNOWN,0,1,99 - UNKNOWN
20745879,Yes,HOUSTON POLICE DEPARTMENT,0045086925C,HOUSTON,FAILED TO CONTROL SPEED,HARRIS,2025-04-08,N - NOT INJURED,0,NO DATA,No Data,No Data,G,No Data,No Data,No Data,77062,77062,No,5NMP54GLXRH060551,65,1 - MALE,N - NOT INJURED,0,1,1 - FRONT LEFT OR MOTORCYCLE DRIVER
20745879,Yes,HOUSTON POLICE DEPARTMENT,0045086925C,HOUSTON,FAILED TO CONTROL SPEED,HARRIS,2025-04-08,N - NOT INJURED,0,NO DATA,No Data,No Data,G,No Data,No Data,No Data,77062,77062,No,5NMP54GLXRH060551,65,2 - FEMALE,N - NOT INJURED,0,2,3 - FRONT RIGHT
20745880,Yes,SAN ANTONIO POLICE DEPARTMENT,SAPD25069951,SAN ANTONIO,DISREGARD STOP AND GO SIGNAL,BEXAR,2025-04-08,N - NOT INJURED,0,NO DATA,182 - METROPOLITAN METHODIST HOSPITAL,2.012,20,15 - DISREGARD STOP AND GO SIGNAL,No Data,No Data,,,Yes,No Data,No Data,1 - MALE,99 - UNKNOWN,0,1,1 - FRONT LEFT OR MOTORCYCLE DRIVER
20745880,Yes,SAN ANTONIO POLICE DEPARTMENT,SAPD25069951,SAN ANTONIO,DISREGARD STOP AND GO SIGNAL,BEXAR,2025-04-08,N - NOT INJURED,0,NO DATA,182 - METROPOLITAN METHODIST HOSPITAL,2.012,20,15 - DISREGARD STOP AND GO SIGNAL,No Data,No Data,,,Yes,No Data,No Data,1 - MALE,99 - UNKNOWN,0,2,2 - FRONT CENTER OR MOTORCYCLE SIDECAR PASSENGER
20745880,Yes,SAN ANTONIO POLICE DEPARTMENT,SAPD25069951,SAN ANTONIO,DISREGARD STOP AND GO SIGNAL,BEXAR,2025-04-08,N - NOT INJURED,0,NO DATA,182 - METROPOLITAN METHODIST HOSPITAL,2.012,20,15 - DISREGARD STOP AND GO SIGNAL,No Data,No Data,,,Yes,No Data,No Data,1 - MALE,99 - UNKNOWN,0,3,3 - FRONT RIGHT
20745880,Yes,SAN ANTONIO POLICE DEPARTMENT,SAPD25069951,SAN ANTONIO,DISREGARD STOP AND GO SIGNAL,BEXAR,2025-04-08,N - NOT INJURED,0,NO DATA,182 - METROPOLITAN METHODIST HOSPITAL,2.012,20,No Data,No Data,No Data,78201,78201,No,1FTEW3KPXRFC13211,51,1 - MALE,N - NOT INJURED,0,1,1 - FRONT LEFT OR MOTORCYCLE DRIVER
20745880,Yes,SAN ANTONIO POLICE DEPARTMENT,SAPD25069951,SAN ANTONIO,DISREGARD STOP AND GO SIGNAL,BEXAR,2025-04-08,N - NOT INJURED,0,NO DATA,182 - METROPOLITAN METHODIST HOSPITAL,2.012,20,No Data,No Data,No Data,78201,78201,No,1FTEW3KPXRFC13211,15,1 - MALE,N - NOT INJURED,0,2,3 - FRONT RIGHT
20745882,Yes,PLAINVIEW POLICE DEPARTMENT,2507031,PLAINVIEW,CHANGED LANE WHEN UNSAFE; FAILED TO CONTROL SPEED,HALE,2025-04-08,N - NOT INJURED,0,NO DATA,84 - COVENANT HOSPITAL PLAINVIEW,0.31,,22 - FAILED TO CONTROL SPEED,No Data,No Data,79072,79072,No,1GKEC13V55R228741,24,2 - FEMALE,N - NOT INJURED,0,1,1 - FRONT LEFT OR MOTORCYCLE DRIVER
20745882,Yes,PLAINVIEW POLICE DEPARTMENT,2507031,PLAINVIEW,CHANGED LANE WHEN UNSAFE; FAILED TO CONTROL SPEED,HALE,2025-04-08,N - NOT INJURED,0,NO DATA,84 - COVENANT HOSPITAL PLAINVIEW,0.31,,22 - FAILED TO CONTROL SPEED,No Data,No Data,79072,79072,No,1GKEC13V55R228741,3,1 - MALE,N - NOT INJURED,0,2,4 - SECOND SEAT LEFT OR MOTORCYCLE BACK PASSENGER
20745882,Yes,PLAINVIEW POLICE DEPARTMENT,2507031,PLAINVIEW,CHANGED LANE WHEN UNSAFE; FAILED TO CONTROL SPEED,HALE,2025-04-08,N - NOT INJURED,0,NO DATA,84 - COVENANT HOSPITAL PLAINVIEW,0.31,,22 - FAILED TO CONTROL SPEED,No Data,No Data,79072,79072,No,1GKEC13V55R228741,1,1 - MALE,N - NOT INJURED,0,3,6 - SECOND SEAT RIGHT
20745882,Yes,PLAINVIEW POLICE DEPARTMENT,2507031,PLAINVIEW,CHANGED LANE WHEN UNSAFE; FAILED TO CONTROL SPEED,HALE,2025-04-08,N - NOT INJURED,0,NO DATA,84 - COVENANT HOSPITAL PLAINVIEW,0.31,,4 - CHANGED LANE WHEN UNSAFE,No Data,No Data,79072,79072,No,1GYS4FKL0RR418844,49,1 - MALE,N - NOT INJURED,0,1,1 - FRONT LEFT OR MOTORCYCLE DRIVER
20745882,Yes,PLAINVIEW POLICE DEPARTMENT,2507031,PLAINVIEW,CHANGED LANE WHEN UNSAFE; FAILED TO CONTROL SPEED,HALE,2025-04-08,N - NOT INJURED,0,NO DATA,84 - COVENANT HOSPITAL PLAINVIEW,0.31,,4 - CHANGED LANE WHEN UNSAFE,No Data,No Data,79072,79072,No,1GYS4FKL0RR418844,47,1 - MALE,N - NOT INJURED,0,2,3 - FRONT RIGHT
20745892,Yes,SAN ANTONIO POLICE DEPARTMENT,SAPD25069753,SAN ANTONIO,FAILED TO YIELD RIGHT OF WAY - PRIVATE DRIVE,BEXAR,2025-04-08,N - NOT INJURED,0,NO DATA,No Data,No Data,40,34 - FAILED TO YIELD RIGHT OF WAY - PRIVATE DRIVE,No Data,No Data,78203,78203,No,5YFB4MDE5SP284342,38,2 - FEMALE,N - NOT INJURED,0,1,1 - FRONT LEFT OR MOTORCYCLE DRIVER
20745892,Yes,SAN ANTONIO POLICE DEPARTMENT,SAPD25069753,SAN ANTONIO,FAILED TO YIELD RIGHT OF WAY - PRIVATE DRIVE,BEXAR,2025-04-08,N - NOT INJURED,0,NO DATA,No Data,No Data,40,No Data,No Data,No Data,,78207,Yes,1C6RR6KT2KS746794,No Data,99 - UNKNOWN,99 - UNKNOWN,0,1,1 - FRONT LEFT OR MOTORCYCLE DRIVER
20745894,Yes,SAN ANTONIO POLICE DEPARTMENT,SAPD25069917,SAN ANTONIO,CHANGED LANE WHEN UNSAFE,BEXAR,2025-04-08,N - NOT INJURED,0,NO DATA,34 - BROOKE ARMY MEDICAL CENTER,1.015,40,4 - CHANGED LANE WHEN UNSAFE,No Data,No Data,78052,78014,No,2C3CDXBG8KH734716,24,1 - MALE,N - NOT INJURED,0,1,1 - FRONT LEFT OR MOTORCYCLE DRIVER
20745894,Yes,SAN ANTONIO POLICE DEPARTMENT,SAPD25069917,SAN ANTONIO,CHANGED LANE WHEN UNSAFE,BEXAR,2025-04-08,N - NOT INJURED,0,NO DATA,34 - BROOKE ARMY MEDICAL CENTER,1.015,40,No Data,No Data,No Data,78112,70065,No,3FRNW65F37V403768,34,1 - MALE,N - NOT INJURED,0,1,1 - FRONT LEFT OR MOTORCYCLE DRIVER
20745896,No,HARRIS COUNTY CONSTABLE PRECINCT 6,240400098,HOUSTON,BACKED WITHOUT SAFETY; DRIVER INATTENTION,HARRIS,2025-04-08,N - NOT INJURED,0,NO DATA,No Data,No Data,,3 - BACKED WITHOUT SAFETY,20 - DRIVER INATTENTION,No Data,77396,77011,No,1GNLCDEC4LR192464,54,1 - MALE,N - NOT INJURED,0,1,1 - FRONT LEFT OR MOTORCYCLE DRIVER
20745898,Yes,GEORGETOWN POLICE DEPARTMENT,2025-098-003,GEORGETOWN,CHANGED LANE WHEN UNSAFE,WILLIAMSON,2025-04-08,99 - UNKNOWN,0,NO DATA,"235 - ST. DAVIDS GEORGETOWN HOSPITAL, A ST. DAVIDS MEDICAL CENTER FACILITY",1.725,,4 - CHANGED LANE WHEN UNSAFE,No Data,No Data,,No Data,Yes,No Data,No Data,99 - UNKNOWN,99 - UNKNOWN,0,1,1 - FRONT LEFT OR MOTORCYCLE DRIVER
20745898,Yes,GEORGETOWN POLICE DEPARTMENT,2025-098-003,GEORGETOWN,CHANGED LANE WHEN UNSAFE,WILLIAMSON,2025-04-08,99 - UNKNOWN,0,NO DATA,"235 - ST. DAVIDS GEORGETOWN HOSPITAL, A ST. DAVIDS MEDICAL CENTER FACILITY",1.725,,No Data,No Data,No Data,78758,78758,No,4T1C11AK3MU585831,20,1 - MALE,99 - UNKNOWN,0,1,1 - FRONT LEFT OR MOTORCYCLE DRIVER
20745913,Yes,HARRIS COUNTY CONSTABLE PRECINCT 5,2504-00297,HOUSTON,CHANGED LANE WHEN UNSAFE,HARRIS,2025-04-08,N - NOT INJURED,0,NO DATA,168 - MEMORIAL HERMANN SOUTHWEST HOSPITAL,2.617,TR,4 - CHANGED LANE WHEN UNSAFE,No Data,No Data,77459,77459,No,1HGCV1F33LA007045,26,1 - MALE,N - NOT INJURED,0,1,1 - FRONT LEFT OR MOTORCYCLE DRIVER
20745913,Yes,HARRIS COUNTY CONSTABLE PRECINCT 5,2504-00297,HOUSTON,CHANGED LANE WHEN UNSAFE,HARRIS,2025-04-08,N - NOT INJURED,0,NO DATA,168 - MEMORIAL HERMANN SOUTHWEST HOSPITAL,2.617,TR,No Data,No Data,No Data,77477,77477,No,JF1GJAB63DH030870,38,1 - MALE,N - NOT INJURED,0,1,1 - FRONT LEFT OR MOTORCYCLE DRIVER
20745920,Yes,HARRIS COUNTY CONSTABLE PRECINCT 4,2504-01059,HOUSTON,CHANGED LANE WHEN UNSAFE,HARRIS,2025-04-08,N - NOT INJURED,0,NO DATA,120 - HCA HOUSTON HEALTHCARE NORTHWEST,5.559,,4 - CHANGED LANE WHEN UNSAFE,No Data,No Data,77014,85036,No,1FDXE4FS5DDB10181,24,1 - MALE,N - NOT INJURED,0,1,1 - FRONT LEFT OR MOTORCYCLE DRIVER
20745920,Yes,HARRIS COUNTY CONSTABLE PRECINCT 4,2504-01059,HOUSTON,CHANGED LANE WHEN UNSAFE,HARRIS,2025-04-08,N - NOT INJURED,0,NO DATA,120 - HCA HOUSTON HEALTHCARE NORTHWEST,5.559,,No Data,No Data,No Data,77386,77386,No,5FNYF5H61KB006997,51,1 - MALE,N - NOT INJURED,0,1,1 - FRONT LEFT OR MOTORCYCLE DRIVER
20745921,Yes,SACHSE POLICE DEPARTMENT,202507255,SACHSE,FAILED TO CONTROL SPEED,COLLIN,2025-04-08,N - NOT INJURED,0,NO DATA,186 - METHODIST RICHARDSON MEDICAL CENTER,4.267,,22 - FAILED TO CONTROL SPEED,No Data,No Data,75094,75094,No,4T1BF1FK8HU418389,21,2 - FEMALE,N - NOT INJURED,0,1,1 - FRONT LEFT OR MOTORCYCLE DRIVER
20745921,Yes,SACHSE POLICE DEPARTMENT,202507255,SACHSE,FAILED TO CONTROL SPEED,COLLIN,2025-04-08,N - NOT INJURED,0,NO DATA,186 - METHODIST RICHARDSON MEDICAL CENTER,4.267,,No Data,No Data,No Data,75098,33805,No,KL7CJPSB1MB351749,53,1 - MALE,N - NOT INJURED,0,1,1 - FRONT LEFT OR MOTORCYCLE DRIVER
20745923,Yes,ABILENE POLICE DEPARTMENT,25-028280,ABILENE,FAILED TO YIELD RIGHT OF WAY - STOP SIGN,TAYLOR,2025-04-08,N - NOT INJURED,0,NO DATA,126 - HENDRICK MEDICAL CENTER,3.413,,35 - FAILED TO YIELD RIGHT OF WAY - STOP SIGN,No Data,No Data,79602,79602,No,1GCGTEEN5N1327731,49,1 - MALE,N - NOT INJURED,0,1,1 - FRONT LEFT OR MOTORCYCLE DRIVER
20745923,Yes,ABILENE POLICE DEPARTMENT,25-028280,ABILENE,FAILED TO YIELD RIGHT OF WAY - STOP SIGN,TAYLOR,2025-04-08,N - NOT INJURED,0,NO DATA,126 - HENDRICK MEDICAL CENTER,3.413,,35 - FAILED TO YIELD RIGHT OF WAY - STOP SIGN,No Data,No Data,79602,79602,No,1GCGTEEN5N1327731,50,2 - FEMALE,N - NOT INJURED,0,2,3 - FRONT RIGHT
20745923,Yes,ABILENE POLICE DEPARTMENT,25-028280,ABILENE,FAILED TO YIELD RIGHT OF WAY - STOP SIGN,TAYLOR,2025-04-08,N - NOT INJURED,0,NO DATA,126 - HENDRICK MEDICAL CENTER,3.413,,No Data,No Data,No Data,79525,79525,No,3B7MC33D8VM503191,58,2 - FEMALE,N - NOT INJURED,0,1,1 - FRONT LEFT OR MOTORCYCLE DRIVER
20745926,Yes,SACHSE POLICE DEPARTMENT,202507249,SACHSE,FAILED TO HEED WARNING SIGN,DALLAS,2025-04-08,N - NOT INJURED,0,NO DATA,186 - METHODIST RICHARDSON MEDICAL CENTER,5.151,,25 - FAILED TO HEED WARNING SIGN OR TRAFFIC CONTROL DEVICE,No Data,No Data,77836,76010,No,3AKJHHDR8LSLY8695,40,1 - MALE,N - NOT INJURED,0,1,1 - FRONT LEFT OR MOTORCYCLE DRIVER
20745929,Yes,HOUSTON POLICE DEPARTMENT,0045037525C,HOUSTON,TURNED IMPROPERLY - WRONG LANE,HARRIS,2025-04-08,N - NOT INJURED,0,NO DATA,242 - ST. JOSEPH MEDICAL CENTER,0.452,A,No Data,No Data,No Data,,78681,No,7SAYGDEE0PA189366,24,2 - FEMALE,N - NOT INJURED,0,1,1 - FRONT LEFT OR MOTORCYCLE DRIVER
20745929,Yes,HOUSTON POLICE DEPARTMENT,0045037525C,HOUSTON,TURNED IMPROPERLY - WRONG LANE,HARRIS,2025-04-08,N - NOT INJURED,0,NO DATA,242 - ST. JOSEPH MEDICAL CENTER,0.452,A,65 - TURNED IMPROPERLY - WRONG LANE,No Data,No Data,,77054,Yes,KM8HC3ABXRU040213,No Data,99 - UNKNOWN,99 - UNKNOWN,0,1,99 - UNKNOWN
20745937,Yes,HARRIS COUNTY CONSTABLE PRECINCT 4,2504-01074,OUTSIDE CITY LIMITS,CHANGED LANE WHEN UNSAFE; FAULTY EVASIVE ACTION,HARRIS,2025-04-08,N - NOT INJURED,0,NO DATA,165 - MEMORIAL HERMANN MEMORIAL CITY MEDICAL CENTER,8.382,,4 - CHANGED LANE WHEN UNSAFE,41 - FAULTY EVASIVE ACTION,No Data,77433,77433,No,WDD7X6BB5LA015478,40,1 - MALE,N - NOT INJURED,0,1,1 - FRONT LEFT OR MOTORCYCLE DRIVER
20745937,Yes,HARRIS COUNTY CONSTABLE PRECINCT 4,2504-01074,OUTSIDE CITY LIMITS,CHANGED LANE WHEN UNSAFE; FAULTY EVASIVE ACTION,HARRIS,2025-04-08,N - NOT INJURED,0,NO DATA,165 - MEMORIAL HERMANN MEMORIAL CITY MEDICAL CENTER,8.382,,4 - CHANGED LANE WHEN UNSAFE,No Data,No Data,77073,77014,No,1HGCS1A39BA016816,33,1 - MALE,N - NOT INJURED,0,1,1 - FRONT LEFT OR MOTORCYCLE DRIVER
20745937,Yes,HARRIS COUNTY CONSTABLE PRECINCT 4,2504-01074,OUTSIDE CITY LIMITS,CHANGED LANE WHEN UNSAFE; FAULTY EVASIVE ACTION,HARRIS,2025-04-08,N - NOT INJURED,0,NO DATA,165 - MEMORIAL HERMANN MEMORIAL CITY MEDICAL CENTER,8.382,,No Data,No Data,No Data,,No Data,Yes,No Data,No Data,99 - UNKNOWN,99 - UNKNOWN,0,1,1 - FRONT LEFT OR MOTORCYCLE DRIVER
20745940,Yes,TYLER POLICE DEPARTMENT,25-005040,TYLER,FAILED TO CONTROL SPEED,SMITH,2025-04-08,N - NOT INJURED,0,NO DATA,288 - UT HEALTH EAST TEXAS TYLER REGIONAL HOSPITAL,3.49,,22 - FAILED TO CONTROL SPEED,No Data,No Data,75762,75762,No,5XXG14J28MG012520,26,1 - MALE,N - NOT INJURED,0,1,1 - FRONT LEFT OR MOTORCYCLE DRIVER
20745940,Yes,TYLER POLICE DEPARTMENT,25-005040,TYLER,FAILED TO CONTROL SPEED,SMITH,2025-04-08,N - NOT INJURED,0,NO DATA,288 - UT HEALTH EAST TEXAS TYLER REGIONAL HOSPITAL,3.49,,No Data,No Data,No Data,75704,75704,No,1G1ZD5ST9NF149651,32,1 - MALE,N - NOT INJURED,0,1,1 - FRONT LEFT OR MOTORCYCLE DRIVER
20745941,Yes,DALLAS POLICE DEPARTMENT,48848-2025,DALLAS,FAILED TO CONTROL SPEED,DALLAS,2025-04-08,B - SUSPECTED MINOR INJURY,0,NO DATA,297 - WILLIAM P. CLEMENTS UNIVERSITY HOSPITAL,0.564,,22 - FAILED TO CONTROL SPEED,No Data,No Data,75054,75054,No,5NPLL4AG7MH037630,27,2 - FEMALE,N - NOT INJURED,0,1,1 - FRONT LEFT OR MOTORCYCLE DRIVER
20745941,Yes,DALLAS POLICE DEPARTMENT,48848-2025,DALLAS,FAILED TO CONTROL SPEED,DALLAS,2025-04-08,B - SUSPECTED MINOR INJURY,0,NO DATA,297 - WILLIAM P. CLEMENTS UNIVERSITY HOSPITAL,0.564,,No Data,No Data,No Data,76262,76262,No,5YJ3E1EB0SF905132,40,2 - FEMALE,B - SUSPECTED MINOR INJURY,1,1,1 - FRONT LEFT OR MOTORCYCLE DRIVER
20745943,Yes,DALLAS POLICE DEPARTMENT,48957-2025,DALLAS,FAILED TO YIELD RIGHT OF WAY - TURNING LEFT,DALLAS,2025-04-08,C - POSSIBLE INJURY,0,NO DATA,297 - WILLIAM P. CLEMENTS UNIVERSITY HOSPITAL,0.723,,37 - FAILED TO YIELD RIGHT OF WAY - TURNING LEFT,No Data,No Data,75036,75036,No,WBXHU7C31J5H43802,23,2 - FEMALE,N - NOT INJURED,0,1,1 - FRONT LEFT OR MOTORCYCLE DRIVER
20745943,Yes,DALLAS POLICE DEPARTMENT,48957-2025,DALLAS,FAILED TO YIELD RIGHT OF WAY - TURNING LEFT,DALLAS,2025-04-08,C - POSSIBLE INJURY,0,NO DATA,297 - WILLIAM P. CLEMENTS UNIVERSITY HOSPITAL,0.723,,No Data,No Data,No Data,75206,60048,No,WA1GAAFY7S2016406,25,2 - FEMALE,C - POSSIBLE INJURY,0,1,1 - FRONT LEFT OR MOTORCYCLE DRIVER
20745946,Yes,SAN ANTONIO POLICE DEPARTMENT,SAPD25069848,SAN ANTONIO,DRIVER INATTENTION,BEXAR,2025-04-08,99 - UNKNOWN,0,NO DATA,No Data,No Data,30,20 - DRIVER INATTENTION,No Data,No Data,,No Data,Yes,No Data,No Data,99 - UNKNOWN,99 - UNKNOWN,0,1,1 - FRONT LEFT OR MOTORCYCLE DRIVER
20745955,Yes,DALLAS POLICE DEPARTMENT,48944-2025,DALLAS,FAILED TO DRIVE IN SINGLE LANE; ILL (EXPLAIN IN NARRATIVE),DALLAS,2025-04-08,B - SUSPECTED MINOR INJURY,0,NO DATA,297 - WILLIAM P. CLEMENTS UNIVERSITY HOSPITAL,1.117,,23 - FAILED TO DRIVE IN SINGLE LANE,47 - ILL (EXPLAIN IN NARRATIVE),No Data,75209,75209,No,3GNKBERS5RS181954,32,2 - FEMALE,B - SUSPECTED MINOR INJURY,1,1,1 - FRONT LEFT OR MOTORCYCLE DRIVER
20745957,Yes,LEWISVILLE POLICE DEPARTMENT,25-02780,LEWISVILLE,BACKED WITHOUT SAFETY;OTHER (EXPLAIN IN NARRATIVE),DENTON,2025-04-08,N - NOT INJURED,0,NO DATA,No Data,No Data,,98 - OTHER (EXPLAIN IN NARRATIVE),No Data,No Data,75077,75067,No,4T1C11AKXRU234843,24,2 - FEMALE,N - NOT INJURED,0,1,1 - FRONT LEFT OR MOTORCYCLE DRIVER
20745957,Yes,LEWISVILLE POLICE DEPARTMENT,25-02780,LEWISVILLE,BACKED WITHOUT SAFETY;OTHER (EXPLAIN IN NARRATIVE),DENTON,2025-04-08,N - NOT INJURED,0,NO DATA,No Data,No Data,,No Data,No Data,No Data,75025,76205,No,1FTEW1P44LKE44400,28,1 - MALE,N - NOT INJURED,0,1,1 - FRONT LEFT OR MOTORCYCLE DRIVER
20745960,Yes,LEWISVILLE POLICE DEPARTMENT,25-02785,LEWISVILLE,CHANGED LANE WHEN UNSAFE,DENTON,2025-04-08,N - NOT INJURED,0,NO DATA,156 - MEDICAL CITY LEWISVILLE,3.25,,4 - CHANGED LANE WHEN UNSAFE,No Data,No Data,75067,75067,No,5J8YD9H40PL000707,46,2 - FEMALE,N - NOT INJURED,0,1,1 - FRONT LEFT OR MOTORCYCLE DRIVER
20745960,Yes,LEWISVILLE POLICE DEPARTMENT,25-02785,LEWISVILLE,CHANGED LANE WHEN UNSAFE,DENTON,2025-04-08,N - NOT INJURED,0,NO DATA,156 - MEDICAL CITY LEWISVILLE,3.25,,No Data,No Data,No Data,75067,75067,No,2T1BR32E25C490320,22,1 - MALE,N - NOT INJURED,0,1,1 - FRONT LEFT OR MOTORCYCLE DRIVER
20745974,Yes,ABILENE POLICE DEPARTMENT,25-028255,ABILENE,CHANGED LANE WHEN UNSAFE; DRIVER INATTENTION,TAYLOR,2025-04-08,C - POSSIBLE INJURY,0,NO DATA,126 - HENDRICK MEDICAL CENTER,1.742,,4 - CHANGED LANE WHEN UNSAFE,No Data,No Data,75169,60016,No,1GT58LE70RF378884,19,1 - MALE,N - NOT INJURED,0,1,1 - FRONT LEFT OR MOTORCYCLE DRIVER
20745974,Yes,ABILENE POLICE DEPARTMENT,25-028255,ABILENE,CHANGED LANE WHEN UNSAFE; DRIVER INATTENTION,TAYLOR,2025-04-08,C - POSSIBLE INJURY,0,NO DATA,126 - HENDRICK MEDICAL CENTER,1.742,,4 - CHANGED LANE WHEN UNSAFE,No Data,No Data,75169,60016,No,1GT58LE70RF378884,36,1 - MALE,N - NOT INJURED,0,2,3 - FRONT RIGHT
20745974,Yes,ABILENE POLICE DEPARTMENT,25-028255,ABILENE,CHANGED LANE WHEN UNSAFE; DRIVER INATTENTION,TAYLOR,2025-04-08,C - POSSIBLE INJURY,0,NO DATA,126 - HENDRICK MEDICAL CENTER,1.742,,4 - CHANGED LANE WHEN UNSAFE,No Data,No Data,75169,60016,No,1GT58LE70RF378884,29,1 - MALE,N - NOT INJURED,0,3,6 - SECOND SEAT RIGHT
20745974,Yes,ABILENE POLICE DEPARTMENT,25-028255,ABILENE,CHANGED LANE WHEN UNSAFE; DRIVER INATTENTION,TAYLOR,2025-04-08,C - POSSIBLE INJURY,0,NO DATA,126 - HENDRICK MEDICAL CENTER,1.742,,No Data,No Data,No Data,79602,79602,No,11G2AL18F58720848,18,2 - FEMALE,C - POSSIBLE INJURY,0,1,1 - FRONT LEFT OR MOTORCYCLE DRIVER
20745974,Yes,ABILENE POLICE DEPARTMENT,25-028255,ABILENE,CHANGED LANE WHEN UNSAFE; DRIVER INATTENTION,TAYLOR,2025-04-08,C - POSSIBLE INJURY,0,NO DATA,126 - HENDRICK MEDICAL CENTER,1.742,,No Data,No Data,No Data,79602,79602,No,11G2AL18F58720848,20,1 - MALE,N - NOT INJURED,0,2,3 - FRONT RIGHT
20745978,Yes,WILLOW PARK POLICE DEPARTMENT,2025023,WILLOW PARK,FAILED TO YIELD RIGHT OF WAY - TURNING LEFT;IMPAIRED VISIBILITY (EXPLAIN IN NARRATIVE),PARKER,2025-04-08,N - NOT INJURED,0,NO DATA,158 - MEDICAL CITY WEATHERFORD,8.969,,37 - FAILED TO YIELD RIGHT OF WAY - TURNING LEFT,48 - IMPAIRED VISIBILITY (EXPLAIN IN NARRATIVE),No Data,78702,78702,No,KL8CD6SA0LC461527,43,1 - MALE,N - NOT INJURED,0,1,1 - FRONT LEFT OR MOTORCYCLE DRIVER
20745978,Yes,WILLOW PARK POLICE DEPARTMENT,2025023,WILLOW PARK,FAILED TO YIELD RIGHT OF WAY - TURNING LEFT;IMPAIRED VISIBILITY (EXPLAIN IN NARRATIVE),PARKER,2025-04-08,N - NOT INJURED,0,NO DATA,158 - MEDICAL CITY WEATHERFORD,8.969,,No Data,No Data,No Data,76008,76008,No,5J8YD3H51JL000969,36,2 - FEMALE,N - NOT INJURED,0,1,1 - FRONT LEFT OR MOTORCYCLE DRIVER
20745978,Yes,WILLOW PARK POLICE DEPARTMENT,2025023,WILLOW PARK,FAILED TO YIELD RIGHT OF WAY - TURNING LEFT;IMPAIRED VISIBILITY (EXPLAIN IN NARRATIVE),PARKER,2025-04-08,N - NOT INJURED,0,NO DATA,158 - MEDICAL CITY WEATHERFORD,8.969,,No Data,No Data,No Data,76008,76008,No,5J8YD3H51JL000969,3,2 - FEMALE,N - NOT INJURED,0,2,6 - SECOND SEAT RIGHT
20745981,Yes,BELTON POLICE DEPARTMENT,B2509410,BELTON,FAILED TO YIELD RIGHT OF WAY - STOP SIGN;OTHER (EXPLAIN IN NARRATIVE),BELL,2025-04-08,N - NOT INJURED,0,NO DATA,20 - BAYLOR SCOTT & WHITE MCLANE CHILDREN'S MEDICAL CENTER,5.876,,35 - FAILED TO YIELD RIGHT OF WAY - STOP SIGN,No Data,No Data,76504,76504,No,KNAFW5A35C5490485,19,2 - FEMALE,N - NOT INJURED,0,1,1 - FRONT LEFT OR MOTORCYCLE DRIVER
20745981,Yes,BELTON POLICE DEPARTMENT,B2509410,BELTON,FAILED TO YIELD RIGHT OF WAY - STOP SIGN;OTHER (EXPLAIN IN NARRATIVE),BELL,2025-04-08,N - NOT INJURED,0,NO DATA,20 - BAYLOR SCOTT & WHITE MCLANE CHILDREN'S MEDICAL CENTER,5.876,,98 - OTHER (EXPLAIN IN NARRATIVE),No Data,No Data,76543,76513,No,3FA6P0HD1KR229020,35,2 - FEMALE,N - NOT INJURED,0,1,1 - FRONT LEFT OR MOTORCYCLE DRIVER
20745981,Yes,BELTON POLICE DEPARTMENT,B2509410,BELTON,FAILED TO YIELD RIGHT OF WAY - STOP SIGN;OTHER (EXPLAIN IN NARRATIVE),BELL,2025-04-08,N - NOT INJURED,0,NO DATA,20 - BAYLOR SCOTT & WHITE MCLANE CHILDREN'S MEDICAL CENTER,5.876,,98 - OTHER (EXPLAIN IN NARRATIVE),No Data,No Data,76543,76513,No,3FA6P0HD1KR229020,6,1 - MALE,N - NOT INJURED,0,2,6 - SECOND SEAT RIGHT
20745983,Yes,EL PASO COUNTY SHERIFF'S OFFICE,202504586,CLINT,FAILED TO CONTROL SPEED,EL PASO,2025-04-08,B - SUSPECTED MINOR INJURY,0,NO DATA,"88 - DEL SOL MEDICAL CENTER, A CAMPUS OF LPDS HEALTHCARE",13.605,,22 - FAILED TO CONTROL SPEED,No Data,No Data,79849,79849,No,1FTPW14V37KD16984,37,1 - MALE,N - NOT INJURED,0,1,1 - FRONT LEFT OR MOTORCYCLE DRIVER
20745983,Yes,EL PASO COUNTY SHERIFF'S OFFICE,202504586,CLINT,FAILED TO CONTROL SPEED,EL PASO,2025-04-08,B - SUSPECTED MINOR INJURY,0,NO DATA,"88 - DEL SOL MEDICAL CENTER, A CAMPUS OF LPDS HEALTHCARE",13.605,,No Data,No Data,No Data,79849,79849,No,2GNA1DEK4G1111055,30,2 - FEMALE,B - SUSPECTED MINOR INJURY,1,1,1 - FRONT LEFT OR MOTORCYCLE DRIVER
20746007,Yes,HOUSTON POLICE DEPARTMENT,0044819625H,HOUSTON,FAILED TO CONTROL SPEED;FAILED TO YIELD RIGHT OF WAY - STOP SIGN,HARRIS,2025-04-08,N - NOT INJURED,0,NO DATA,114 - HARRIS HEALTH SYSTEM LYNDON B. JOHNSON HOSPITAL,3.74,C,No Data,No Data,No Data,77044,77044,No,1FMHK7D83BGA60690,37,1 - MALE,N - NOT INJURED,0,1,1 - FRONT LEFT OR MOTORCYCLE DRIVER
20746007,Yes,HOUSTON POLICE DEPARTMENT,0044819625H,HOUSTON,FAILED TO CONTROL SPEED;FAILED TO YIELD RIGHT OF WAY - STOP SIGN,HARRIS,2025-04-08,N - NOT INJURED,0,NO DATA,114 - HARRIS HEALTH SYSTEM LYNDON B. JOHNSON HOSPITAL,3.74,C,35 - FAILED TO YIELD RIGHT OF WAY - STOP SIGN,No Data,No Data,77093,77093,No,1FTFW1CFXEKG46446,63,1 - MALE,N - NOT INJURED,0,1,1 - FRONT LEFT OR MOTORCYCLE DRIVER
20746009,Yes,TRAVIS COUNTY SHERIFF'S OFFICE,250980646,OUTSIDE CITY LIMITS,DRIVER INATTENTION;FAILED TO YIELD RIGHT OF WAY - TURNING LEFT;TURNED WHEN UNSAFE,TRAVIS,2025-04-08,C - POSSIBLE INJURY,0,NO DATA,37 - CEDAR PARK REGIONAL MEDICAL CENTER,6.66,30,20 - DRIVER INATTENTION,66 - TURNED WHEN UNSAFE,37 - FAILED TO YIELD RIGHT OF WAY - TURNING LEFT,78620,78620,No,1GTU9EET2MZ267116,34,1 - MALE,N - NOT INJURED,0,1,1 - FRONT LEFT OR MOTORCYCLE DRIVER
20746009,Yes,TRAVIS COUNTY SHERIFF'S OFFICE,250980646,OUTSIDE CITY LIMITS,DRIVER INATTENTION;FAILED TO YIELD RIGHT OF WAY - TURNING LEFT;TURNED WHEN UNSAFE,TRAVIS,2025-04-08,C - POSSIBLE INJURY,0,NO DATA,37 - CEDAR PARK REGIONAL MEDICAL CENTER,6.66,30,No Data,No Data,No Data,78729,78729,No,1NXBR32E76Z667461,20,1 - MALE,C - POSSIBLE INJURY,0,1,1 - FRONT LEFT OR MOTORCYCLE DRIVER
20746009,Yes,TRAVIS COUNTY SHERIFF'S OFFICE,250980646,OUTSIDE CITY LIMITS,DRIVER INATTENTION;FAILED TO YIELD RIGHT OF WAY - TURNING LEFT;TURNED WHEN UNSAFE,TRAVIS,2025-04-08,C - POSSIBLE INJURY,0,NO DATA,37 - CEDAR PARK REGIONAL MEDICAL CENTER,6.66,30,No Data,No Data,No Data,78729,78729,No,1NXBR32E76Z667461,20,2 - FEMALE,C - POSSIBLE INJURY,0,2,3 - FRONT RIGHT
20746009,Yes,TRAVIS COUNTY SHERIFF'S OFFICE,250980646,OUTSIDE CITY LIMITS,DRIVER INATTENTION;FAILED TO YIELD RIGHT OF WAY - TURNING LEFT;TURNED WHEN UNSAFE,TRAVIS,2025-04-08,C - POSSIBLE INJURY,0,NO DATA,37 - CEDAR PARK REGIONAL MEDICAL CENTER,6.66,30,No Data,No Data,No Data,78645,78613,No,2HKRW1H89HH512389,32,1 - MALE,N - NOT INJURED,0,1,1 - FRONT LEFT OR MOTORCYCLE DRIVER
20746012,Yes,HOUSTON POLICE DEPARTMENT,0044775525I,HOUSTON,OTHER (EXPLAIN IN NARRATIVE),HARRIS,2025-04-08,N - NOT INJURED,0,NO DATA,114 - HARRIS HEALTH SYSTEM LYNDON B. JOHNSON HOSPITAL,4.612,C,98 - OTHER (EXPLAIN IN NARRATIVE),No Data,No Data,77093,77093,No,1C4RDHAG4HC736858,8,1 - MALE,N - NOT INJURED,0,1,1 - FRONT LEFT OR MOTORCYCLE DRIVER
20746016,Yes,HOUSTON POLICE DEPARTMENT,0045218725U,HOUSTON,DRIVER INATTENTION,HARRIS,2025-04-08,N - NOT INJURED,0,NO DATA,242 - ST. JOSEPH MEDICAL CENTER,0.791,H,20 - DRIVER INATTENTION,No Data,No Data,,No Data,No,4T1R11AK2RU888729,21,1 - MALE,N - NOT INJURED,0,1,1 - FRONT LEFT OR MOTORCYCLE DRIVER
20746016,Yes,HOUSTON POLICE DEPARTMENT,0045218725U,HOUSTON,DRIVER INATTENTION,HARRIS,2025-04-08,N - NOT INJURED,0,NO DATA,242 - ST. JOSEPH MEDICAL CENTER,0.791,H,No Data,No Data,No Data,,No Data,No,5UXUJ3C57KLG53175,31,1 - MALE,N - NOT INJURED,0,1,1 - FRONT LEFT OR MOTORCYCLE DRIVER
20746021,Yes,LAREDO POLICE DEPARTMENT,2025-00055957,LAREDO,FAILED TO CONTROL SPEED,WEBB,2025-04-08,N - NOT INJURED,0,NO DATA,99 - DOCTORS HOSPITAL OF LAREDO,3,,22 - FAILED TO CONTROL SPEED,No Data,No Data,88145,88177,No,1FUJBBCK05LM22694,37,1 - MALE,N - NOT INJURED,0,1,1 - FRONT LEFT OR MOTORCYCLE DRIVER
20746021,Yes,LAREDO POLICE DEPARTMENT,2025-00055957,LAREDO,FAILED TO CONTROL SPEED,WEBB,2025-04-08,N - NOT INJURED,0,NO DATA,99 - DOCTORS HOSPITAL OF LAREDO,3,,No Data,No Data,No Data,78045,78045,No,1GCEK19T04Z142854,23,1 - MALE,N - NOT INJURED,0,1,1 - FRONT LEFT OR MOTORCYCLE DRIVER
20746021,Yes,LAREDO POLICE DEPARTMENT,2025-00055957,LAREDO,FAILED TO CONTROL SPEED,WEBB,2025-04-08,N - NOT INJURED,0,NO DATA,99 - DOCTORS HOSPITAL OF LAREDO,3,,No Data,No Data,No Data,78041,78045,No,1FTEW1CP2PKE04516,33,1 - MALE,N - NOT INJURED,0,1,1 - FRONT LEFT OR MOTORCYCLE DRIVER
20746022,Yes,LAREDO POLICE DEPARTMENT,2025-00056064,LAREDO,FAILED TO CONTROL SPEED,WEBB,2025-04-08,N - NOT INJURED,0,NO DATA,141 - LAREDO MEDICAL CENTER,2.167,,22 - FAILED TO CONTROL SPEED,No Data,No Data,78045,78045,No,1C6RR6LT1ES424070,61,2 - FEMALE,N - NOT INJURED,0,1,1 - FRONT LEFT OR MOTORCYCLE DRIVER
20746022,Yes,LAREDO POLICE DEPARTMENT,2025-00056064,LAREDO,FAILED TO CONTROL SPEED,WEBB,2025-04-08,N - NOT INJURED,0,NO DATA,141 - LAREDO MEDICAL CENTER,2.167,,No Data,No Data,No Data,78041,78041,No,JM1BL1V77C1654097,57,2 - FEMALE,N - NOT INJURED,0,1,1 - FRONT LEFT OR MOTORCYCLE DRIVER
20746026,Yes,EL PASO POLICE DEPARTMENT,25-098133,EL PASO,NONE,EL PASO,2025-04-08,99 - UNKNOWN,0,NO DATA,268 - THE HOSPITALS OF PROVIDENCE SIERRA CAMPUS,1.177,,No Data,No Data,No Data,,No Data,Yes,No Data,No Data,99 - UNKNOWN,99 - UNKNOWN,0,1,1 - FRONT LEFT OR MOTORCYCLE DRIVER
20746027,Yes,LAREDO POLICE DEPARTMENT,2025-00055939,LAREDO,FAILED TO CONTROL SPEED,WEBB,2025-04-08,N - NOT INJURED,0,NO DATA,141 - LAREDO MEDICAL CENTER,0.44,,22 - FAILED TO CONTROL SPEED,No Data,No Data,,78045,No,1FAHP56S74G120031,60,1 - MALE,N - NOT INJURED,0,1,1 - FRONT LEFT OR MOTORCYCLE DRIVER
20746027,Yes,LAREDO POLICE DEPARTMENT,2025-00055939,LAREDO,FAILED TO CONTROL SPEED,WEBB,2025-04-08,N - NOT INJURED,0,NO DATA,141 - LAREDO MEDICAL CENTER,0.44,,22 - FAILED TO CONTROL SPEED,No Data,No Data,,78045,No,1FAHP56S74G120031,60,2 - FEMALE,N - NOT INJURED,0,2,3 - FRONT RIGHT
20746027,Yes,LAREDO POLICE DEPARTMENT,2025-00055939,LAREDO,FAILED TO CONTROL SPEED,WEBB,2025-04-08,N - NOT INJURED,0,NO DATA,141 - LAREDO MEDICAL CENTER,0.44,,No Data,No Data,No Data,78040,78040,No,1C4RDHAG3KC550039,60,2 - FEMALE,N - NOT INJURED,0,1,1 - FRONT LEFT OR MOTORCYCLE DRIVER
20746027,Yes,LAREDO POLICE DEPARTMENT,2025-00055939,LAREDO,FAILED TO CONTROL SPEED,WEBB,2025-04-08,N - NOT INJURED,0,NO DATA,141 - LAREDO MEDICAL CENTER,0.44,,No Data,No Data,No Data,78040,78040,No,1C4RDHAG3KC550039,8,2 - FEMALE,N - NOT INJURED,0,2,5 - SECOND SEAT CENTER
20746029,Yes,LAREDO POLICE DEPARTMENT,2025-00056054,LAREDO,OTHER (EXPLAIN IN NARRATIVE),WEBB,2025-04-08,N - NOT INJURED,0,NO DATA,99 - DOCTORS HOSPITAL OF LAREDO,2.21,1,No Data,No Data,No Data,78046,78046,No,2C3CDXBG0JH150969,22,2 - FEMALE,N - NOT INJURED,0,1,1 - FRONT LEFT OR MOTORCYCLE DRIVER
20746029,Yes,LAREDO POLICE DEPARTMENT,2025-00056054,LAREDO,OTHER (EXPLAIN IN NARRATIVE),WEBB,2025-04-08,N - NOT INJURED,0,NO DATA,99 - DOCTORS HOSPITAL OF LAREDO,2.21,1,No Data,No Data,No Data,78046,78046,No,1GTP8CED6LZ174689,53,1 - MALE,N - NOT INJURED,0,1,1 - FRONT LEFT OR MOTORCYCLE DRIVER
20746030,Yes,LAREDO POLICE DEPARTMENT,2025-00056080,LAREDO,FAILED TO YIELD RIGHT OF WAY - PRIVATE DRIVE,WEBB,2025-04-08,N - NOT INJURED,0,NO DATA,99 - DOCTORS HOSPITAL OF LAREDO,1.06,,34 - FAILED TO YIELD RIGHT OF WAY - PRIVATE DRIVE,No Data,No Data,78041,78041,No,1FM5K8B83HGD23071,16,1 - MALE,N - NOT INJURED,0,1,1 - FRONT LEFT OR MOTORCYCLE DRIVER
20746030,Yes,LAREDO POLICE DEPARTMENT,2025-00056080,LAREDO,FAILED TO YIELD RIGHT OF WAY - PRIVATE DRIVE,WEBB,2025-04-08,N - NOT INJURED,0,NO DATA,99 - DOCTORS HOSPITAL OF LAREDO,1.06,,No Data,No Data,No Data,78045,,No,3TMLB5JN8RM030100,17,1 - MALE,N - NOT INJURED,0,1,1 - FRONT LEFT OR MOTORCYCLE DRIVER
20746032,Yes,EL PASO POLICE DEPARTMENT,25-098119,EL PASO,FAILED TO DRIVE IN SINGLE LANE,EL PASO,2025-04-08,C - POSSIBLE INJURY,0,NO DATA,276 - UNIVERSITY MEDICAL CENTER OF EL PASO,1.832,,23 - FAILED TO DRIVE IN SINGLE LANE,No Data,No Data,79901,79901,No,1FCLE49LX6HB27383,18,1 - MALE,N - NOT INJURED,0,1,1 - FRONT LEFT OR MOTORCYCLE DRIVER
20746032,Yes,EL PASO POLICE DEPARTMENT,25-098119,EL PASO,FAILED TO DRIVE IN SINGLE LANE,EL PASO,2025-04-08,C - POSSIBLE INJURY,0,NO DATA,276 - UNIVERSITY MEDICAL CENTER OF EL PASO,1.832,,23 - FAILED TO DRIVE IN SINGLE LANE,No Data,No Data,79907,07054,No,1C4RJHAG2RC109117,42,1 - MALE,C - POSSIBLE INJURY,0,1,1 - FRONT LEFT OR MOTORCYCLE DRIVER
20746036,Yes,LUFKIN POLICE DEPARTMENT,2500011257,LUFKIN,DISREGARD STOP SIGN OR LIGHT,ANGELINA,2025-04-08,B - SUSPECTED MINOR INJURY,0,NO DATA,302 - WOODLAND HEIGHTS MEDICAL CENTER,3.465,01,16 - DISREGARD STOP SIGN OR LIGHT,No Data,No Data,75901,75904,No,JM1BL1SF4A1128017,27,1 - MALE,N - NOT INJURED,0,1,1 - FRONT LEFT OR MOTORCYCLE DRIVER
20746036,Yes,LUFKIN POLICE DEPARTMENT,2500011257,LUFKIN,DISREGARD STOP SIGN OR LIGHT,ANGELINA,2025-04-08,B - SUSPECTED MINOR INJURY,0,NO DATA,302 - WOODLAND HEIGHTS MEDICAL CENTER,3.465,01,No Data,No Data,No Data,77065,77065,No,1FT7W2BT9FEC69657,60,1 - MALE,B - SUSPECTED MINOR INJURY,1,1,1 - FRONT LEFT OR MOTORCYCLE DRIVER
20746054,No,SAN ANTONIO POLICE DEPARTMENT,SAPD25070042,SAN ANTONIO,DISTRACTION IN VEHICLE,BEXAR,2025-04-08,A - SUSPECTED SERIOUS INJURY,0,NO DATA,46 - CHRISTUS CHILDRENS HOSPITAL OF SAN ANTONIO,3.524,TI,19 - DISTRACTION IN VEHICLE,No Data,No Data,,No Data,Yes,No Data,No Data,99 - UNKNOWN,99 - UNKNOWN,0,1,1 - FRONT LEFT OR MOTORCYCLE DRIVER
20746054,No,SAN ANTONIO POLICE DEPARTMENT,SAPD25070042,SAN ANTONIO,DISTRACTION IN VEHICLE,BEXAR,2025-04-08,A - SUSPECTED SERIOUS INJURY,0,NO DATA,46 - CHRISTUS CHILDRENS HOSPITAL OF SAN ANTONIO,3.524,TI,No Data,No Data,No Data,No Data,No Data,No Data,No Data,28,1 - MALE,A - SUSPECTED SERIOUS INJURY,0,1,"16 - PEDESTRIAN, PEDALCYCLIST, OR MOTORIZED CONVEYANCE"
20746065,Yes,ROUND ROCK POLICE DEPARTMENT,25-0408-0032,ROUND ROCK,FAILED TO CONTROL SPEED,WILLIAMSON,2025-04-08,C - POSSIBLE INJURY,0,NO DATA,224 - ROUND ROCK MEDICAL CENTER,1.008,AM,22 - FAILED TO CONTROL SPEED,No Data,No Data,78665,78665,No,1FMCU0C70BKB97667,39,1 - MALE,N - NOT INJURED,0,1,1 - FRONT LEFT OR MOTORCYCLE DRIVER
20746065,Yes,ROUND ROCK POLICE DEPARTMENT,25-0408-0032,ROUND ROCK,FAILED TO CONTROL SPEED,WILLIAMSON,2025-04-08,C - POSSIBLE INJURY,0,NO DATA,224 - ROUND ROCK MEDICAL CENTER,1.008,AM,No Data,No Data,No Data,78613,78613,No,5N1ED28T33C660861,27,2 - FEMALE,C - POSSIBLE INJURY,0,1,1 - FRONT LEFT OR MOTORCYCLE DRIVER
20746065,Yes,ROUND ROCK POLICE DEPARTMENT,25-0408-0032,ROUND ROCK,FAILED TO CONTROL SPEED,WILLIAMSON,2025-04-08,C - POSSIBLE INJURY,0,NO DATA,224 - ROUND ROCK MEDICAL CENTER,1.008,AM,No Data,No Data,No Data,78613,78729,No,JN8AS5MV4DW139847,34,2 - FEMALE,N - NOT INJURED,0,1,1 - FRONT LEFT OR MOTORCYCLE DRIVER
20746065,Yes,ROUND ROCK POLICE DEPARTMENT,25-0408-0032,ROUND ROCK,FAILED TO CONTROL SPEED,WILLIAMSON,2025-04-08,C - POSSIBLE INJURY,0,NO DATA,224 - ROUND ROCK MEDICAL CENTER,1.008,AM,No Data,No Data,No Data,78681,78681,No,1C4RJGBG3N8630532,55,1 - MALE,N - NOT INJURED,0,1,1 - FRONT LEFT OR MOTORCYCLE DRIVER
20746065,Yes,ROUND ROCK POLICE DEPARTMENT,25-0408-0032,ROUND ROCK,FAILED TO CONTROL SPEED,WILLIAMSON,2025-04-08,C - POSSIBLE INJURY,0,NO DATA,224 - ROUND ROCK MEDICAL CENTER,1.008,AM,No Data,No Data,No Data,78681,78681,No,1C4RJGBG3N8630532,92,2 - FEMALE,C - POSSIBLE INJURY,0,2,3 - FRONT RIGHT
20746066,Yes,ROUND ROCK POLICE DEPARTMENT,25-0408-0047,ROUND ROCK,FOLLOWED TOO CLOSELY,WILLIAMSON,2025-04-08,N - NOT INJURED,0,NO DATA,224 - ROUND ROCK MEDICAL CENTER,3.198,VI,44 - FOLLOWED TOO CLOSELY,No Data,No Data,78728,78728,No,1NXBR30EX5Z393285,39,1 - MALE,N - NOT INJURED,0,1,1 - FRONT LEFT OR MOTORCYCLE DRIVER
20746066,Yes,ROUND ROCK POLICE DEPARTMENT,25-0408-0047,ROUND ROCK,FOLLOWED TOO CLOSELY,WILLIAMSON,2025-04-08,N - NOT INJURED,0,NO DATA,224 - ROUND ROCK MEDICAL CENTER,3.198,VI,No Data,No Data,No Data,78754,78754,No,4T3RWRFV7RU125177,31,1 - MALE,N - NOT INJURED,0,1,1 - FRONT LEFT OR MOTORCYCLE DRIVER
20746071,Yes,BRYAN POLICE DEPARTMENT,250400242,BRYAN,TURNED IMPROPERLY - CUT CORNER ON LEFT,BRAZOS,2025-04-08,N - NOT INJURED,0,NO DATA,239 - ST. JOSEPH REGIONAL HEALTH CENTER,2.735,,No Data,No Data,No Data,77802,77802,No,1C6RREFT7KN798506,55,1 - MALE,N - NOT INJURED,0,1,1 - FRONT LEFT OR MOTORCYCLE DRIVER
20746071,Yes,BRYAN POLICE DEPARTMENT,250400242,BRYAN,TURNED IMPROPERLY - CUT CORNER ON LEFT,BRAZOS,2025-04-08,N - NOT INJURED,0,NO DATA,239 - ST. JOSEPH REGIONAL HEALTH CENTER,2.735,,No Data,No Data,No Data,77802,77802,No,1C6RREFT7KN798506,20,1 - MALE,N - NOT INJURED,0,2,3 - FRONT RIGHT
20746071,Yes,BRYAN POLICE DEPARTMENT,250400242,BRYAN,TURNED IMPROPERLY - CUT CORNER ON LEFT,BRAZOS,2025-04-08,N - NOT INJURED,0,NO DATA,239 - ST. JOSEPH REGIONAL HEALTH CENTER,2.735,,63 - TURNED IMPROPERLY - CUT CORNER ON LEFT,No Data,No Data,77803,77803,No,2GCEC19T131296574,54,2 - FEMALE,N - NOT INJURED,0,1,1 - FRONT LEFT OR MOTORCYCLE DRIVER
20746075,Yes,PASADENA POLICE DEPARTMENT,25-005086,PASADENA,DISREGARD TURN MARKS AT INTERSECTION,HARRIS,2025-04-08,C - POSSIBLE INJURY,0,NO DATA,122 - HCA HOUSTON HEALTHCARE SOUTHEAST,3.786,,17 - DISREGARD TURN MARKS AT INTERSECTION,No Data,No Data,77536,77536,No,JTHBF5C29C5180912,44,2 - FEMALE,N - NOT INJURED,0,1,1 - FRONT LEFT OR MOTORCYCLE DRIVER
20746075,Yes,PASADENA POLICE DEPARTMENT,25-005086,PASADENA,DISREGARD TURN MARKS AT INTERSECTION,HARRIS,2025-04-08,C - POSSIBLE INJURY,0,NO DATA,122 - HCA HOUSTON HEALTHCARE SOUTHEAST,3.786,,No Data,No Data,No Data,77023,77023,No,2HGFC1F32HH639756,20,1 - MALE,C - POSSIBLE INJURY,0,1,1 - FRONT LEFT OR MOTORCYCLE DRIVER
20746076,Yes,PASADENA POLICE DEPARTMENT,25-005092,PASADENA,FAILED TO CONTROL SPEED,HARRIS,2025-04-08,N - NOT INJURED,0,NO DATA,122 - HCA HOUSTON HEALTHCARE SOUTHEAST,1.83,,22 - FAILED TO CONTROL SPEED,No Data,No Data,77505,77505,No,1FM5K7D86JGA66789,43,1 - MALE,N - NOT INJURED,0,1,1 - FRONT LEFT OR MOTORCYCLE DRIVER
20746076,Yes,PASADENA POLICE DEPARTMENT,25-005092,PASADENA,FAILED TO CONTROL SPEED,HARRIS,2025-04-08,N - NOT INJURED,0,NO DATA,122 - HCA HOUSTON HEALTHCARE SOUTHEAST,1.83,,22 - FAILED TO CONTROL SPEED,No Data,No Data,77505,77505,No,1FM5K7D86JGA66789,7,1 - MALE,N - NOT INJURED,0,2,3 - FRONT RIGHT
20746076,Yes,PASADENA POLICE DEPARTMENT,25-005092,PASADENA,FAILED TO CONTROL SPEED,HARRIS,2025-04-08,N - NOT INJURED,0,NO DATA,122 - HCA HOUSTON HEALTHCARE SOUTHEAST,1.83,,22 - FAILED TO CONTROL SPEED,No Data,No Data,77505,77505,No,1FM5K7D86JGA66789,8,2 - FEMALE,N - NOT INJURED,0,3,6 - SECOND SEAT RIGHT
20746076,Yes,PASADENA POLICE DEPARTMENT,25-005092,PASADENA,FAILED TO CONTROL SPEED,HARRIS,2025-04-08,N - NOT INJURED,0,NO DATA,122 - HCA HOUSTON HEALTHCARE SOUTHEAST,1.83,,22 - FAILED TO CONTROL SPEED,No Data,No Data,77505,77505,No,1FM5K7D86JGA66789,3,1 - MALE,N - NOT INJURED,0,4,4 - SECOND SEAT LEFT OR MOTORCYCLE BACK PASSENGER
20746076,Yes,PASADENA POLICE DEPARTMENT,25-005092,PASADENA,FAILED TO CONTROL SPEED,HARRIS,2025-04-08,N - NOT INJURED,0,NO DATA,122 - HCA HOUSTON HEALTHCARE SOUTHEAST,1.83,,22 - FAILED TO CONTROL SPEED,No Data,No Data,77505,77505,No,1FM5K7D86JGA66789,4,2 - FEMALE,N - NOT INJURED,0,5,9 - THIRD SEAT RIGHT
20746076,Yes,PASADENA POLICE DEPARTMENT,25-005092,PASADENA,FAILED TO CONTROL SPEED,HARRIS,2025-04-08,N - NOT INJURED,0,NO DATA,122 - HCA HOUSTON HEALTHCARE SOUTHEAST,1.83,,No Data,No Data,No Data,77504,77504,No,4T4BF1FK8ER437283,20,2 - FEMALE,N - NOT INJURED,0,1,1 - FRONT LEFT OR MOTORCYCLE DRIVER
20746078,Yes,PASADENA POLICE DEPARTMENT,25-005085,PASADENA,TURNED IMPROPERLY - CUT CORNER ON LEFT,HARRIS,2025-04-08,N - NOT INJURED,0,NO DATA,122 - HCA HOUSTON HEALTHCARE SOUTHEAST,3.694,,63 - TURNED IMPROPERLY - CUT CORNER ON LEFT,No Data,No Data,77502,77502,No,5GAKRAKD0HJ106413,49,2 - FEMALE,N - NOT INJURED,0,1,1 - FRONT LEFT OR MOTORCYCLE DRIVER
20746078,Yes,PASADENA POLICE DEPARTMENT,25-005085,PASADENA,TURNED IMPROPERLY - CUT CORNER ON LEFT,HARRIS,2025-04-08,N - NOT INJURED,0,NO DATA,122 - HCA HOUSTON HEALTHCARE SOUTHEAST,3.694,,63 - TURNED IMPROPERLY - CUT CORNER ON LEFT,No Data,No Data,77502,77502,No,5GAKRAKD0HJ106413,15,2 - FEMALE,N - NOT INJURED,0,2,3 - FRONT RIGHT
20746078,Yes,PASADENA POLICE DEPARTMENT,25-005085,PASADENA,TURNED IMPROPERLY - CUT CORNER ON LEFT,HARRIS,2025-04-08,N - NOT INJURED,0,NO DATA,122 - HCA HOUSTON HEALTHCARE SOUTHEAST,3.694,,No Data,No Data,No Data,77502,77502,No,2G4WC582381339335,31,1 - MALE,N - NOT INJURED,0,1,1 - FRONT LEFT OR MOTORCYCLE DRIVER
20746079,Yes,PASADENA POLICE DEPARTMENT,25-005088,PASADENA,OTHER (EXPLAIN IN NARRATIVE),HARRIS,2025-04-08,N - NOT INJURED,0,NO DATA,122 - HCA HOUSTON HEALTHCARE SOUTHEAST,1.768,,98 - OTHER (EXPLAIN IN NARRATIVE),No Data,No Data,48386,74134,No,1N4BL4DV3SN378810,60,2 - FEMALE,N - NOT INJURED,0,1,1 - FRONT LEFT OR MOTORCYCLE DRIVER
20746079,Yes,PASADENA POLICE DEPARTMENT,25-005088,PASADENA,OTHER (EXPLAIN IN NARRATIVE),HARRIS,2025-04-08,N - NOT INJURED,0,NO DATA,122 - HCA HOUSTON HEALTHCARE SOUTHEAST,1.768,,98 - OTHER (EXPLAIN IN NARRATIVE),No Data,No Data,77062,77062,No,1C6RD6GPXCS292127,48,1 - MALE,N - NOT INJURED,0,1,1 - FRONT LEFT OR MOTORCYCLE DRIVER
20746084,Yes,BRYAN POLICE DEPARTMENT,250400282,BRYAN,FAILED TO YIELD RIGHT OF WAY - STOP SIGN,BRAZOS,2025-04-08,N - NOT INJURED,0,NO DATA,239 - ST. JOSEPH REGIONAL HEALTH CENTER,1.205,,No Data,No Data,No Data,78260,78260,No,JM1DKDC72G0138385,19,2 - FEMALE,N - NOT INJURED,0,1,1 - FRONT LEFT OR MOTORCYCLE DRIVER
20746084,Yes,BRYAN POLICE DEPARTMENT,250400282,BRYAN,FAILED TO YIELD RIGHT OF WAY - STOP SIGN,BRAZOS,2025-04-08,N - NOT INJURED,0,NO DATA,239 - ST. JOSEPH REGIONAL HEALTH CENTER,1.205,,35 - FAILED TO YIELD RIGHT OF WAY - STOP SIGN,No Data,No Data,75033,75033,No,1GKKNMLS1KZ126675,22,1 - MALE,N - NOT INJURED,0,1,1 - FRONT LEFT OR MOTORCYCLE DRIVER
20746099,Yes,SAN ANTONIO POLICE DEPARTMENT,SAPD25069913,SAN ANTONIO,DRIVER INATTENTION,BEXAR,2025-04-08,N - NOT INJURED,0,NO DATA,No Data,No Data,60,20 - DRIVER INATTENTION,No Data,No Data,78221,78221,No,2GTEC19K4R1559494,60,1 - MALE,N - NOT INJURED,0,1,1 - FRONT LEFT OR MOTORCYCLE DRIVER
20746099,Yes,SAN ANTONIO POLICE DEPARTMENT,SAPD25069913,SAN ANTONIO,DRIVER INATTENTION,BEXAR,2025-04-08,N - NOT INJURED,0,NO DATA,No Data,No Data,60,No Data,No Data,No Data,78207,78207,No,MAJ6S3KLXMC423563,68,2 - FEMALE,N - NOT INJURED,0,1,1 - FRONT LEFT OR MOTORCYCLE DRIVER
20746109,Yes,BRIDGE CITY POLICE DEPARTMENT,25-A0069,BRIDGE CITY,FAILED TO YIELD RIGHT OF WAY - PRIVATE DRIVE,ORANGE,2025-04-08,N - NOT INJURED,0,NO DATA,266 - THE MEDICAL CENTER OF SOUTHEAST TEXAS,10.425,,34 - FAILED TO YIELD RIGHT OF WAY - PRIVATE DRIVE,No Data,No Data,77520,77520,No,3GCUYDED4LG263122,20,1 - MALE,N - NOT INJURED,0,1,1 - FRONT LEFT OR MOTORCYCLE DRIVER
20746109,Yes,BRIDGE CITY POLICE DEPARTMENT,25-A0069,BRIDGE CITY,FAILED TO YIELD RIGHT OF WAY - PRIVATE DRIVE,ORANGE,2025-04-08,N - NOT INJURED,0,NO DATA,266 - THE MEDICAL CENTER OF SOUTHEAST TEXAS,10.425,,34 - FAILED TO YIELD RIGHT OF WAY - PRIVATE DRIVE,No Data,No Data,77520,77520,No,3GCUYDED4LG263122,19,1 - MALE,N - NOT INJURED,0,2,3 - FRONT RIGHT
20746109,Yes,BRIDGE CITY POLICE DEPARTMENT,25-A0069,BRIDGE CITY,FAILED TO YIELD RIGHT OF WAY - PRIVATE DRIVE,ORANGE,2025-04-08,N - NOT INJURED,0,NO DATA,266 - THE MEDICAL CENTER OF SOUTHEAST TEXAS,10.425,,34 - FAILED TO YIELD RIGHT OF WAY - PRIVATE DRIVE,No Data,No Data,77520,77520,No,3GCUYDED4LG263122,53,1 - MALE,N - NOT INJURED,0,3,4 - SECOND SEAT LEFT OR MOTORCYCLE BACK PASSENGER
20746109,Yes,BRIDGE CITY POLICE DEPARTMENT,25-A0069,BRIDGE CITY,FAILED TO YIELD RIGHT OF WAY - PRIVATE DRIVE,ORANGE,2025-04-08,N - NOT INJURED,0,NO DATA,266 - THE MEDICAL CENTER OF SOUTHEAST TEXAS,10.425,,34 - FAILED TO YIELD RIGHT OF WAY - PRIVATE DRIVE,No Data,No Data,77520,77520,No,3GCUYDED4LG263122,40,2 - FEMALE,N - NOT INJURED,0,4,6 - SECOND SEAT RIGHT
20746109,Yes,BRIDGE CITY POLICE DEPARTMENT,25-A0069,BRIDGE CITY,FAILED TO YIELD RIGHT OF WAY - PRIVATE DRIVE,ORANGE,2025-04-08,N - NOT INJURED,0,NO DATA,266 - THE MEDICAL CENTER OF SOUTHEAST TEXAS,10.425,,No Data,No Data,No Data,77611,77611,No,5TFDY5F18MX012949,37,1 - MALE,N - NOT INJURED,0,1,1 - FRONT LEFT OR MOTORCYCLE DRIVER
20746109,Yes,BRIDGE CITY POLICE DEPARTMENT,25-A0069,BRIDGE CITY,FAILED TO YIELD RIGHT OF WAY - PRIVATE DRIVE,ORANGE,2025-04-08,N - NOT INJURED,0,NO DATA,266 - THE MEDICAL CENTER OF SOUTHEAST TEXAS,10.425,,No Data,No Data,No Data,77611,77611,No,5TFDY5F18MX012949,8,2 - FEMALE,N - NOT INJURED,0,2,6 - SECOND SEAT RIGHT
20746111,Yes,NORTH RICHLAND HILLS POLICE DEPARTMENT,25N20420,NORTH RICHLAND HILLS,FAULTY EVASIVE ACTION; UNDER INFLUENCE - ALCOHOL,TARRANT,2025-04-08,N - NOT INJURED,0,NO DATA,No Data,No Data,,67 - INTOXICATED - ALCOHOL,No Data,No Data,76182,76182,No,1FT7W2BTXMED69425,58,1 - MALE,N - NOT INJURED,0,1,1 - FRONT LEFT OR MOTORCYCLE DRIVER
20746111,Yes,NORTH RICHLAND HILLS POLICE DEPARTMENT,25N20420,NORTH RICHLAND HILLS,FAULTY EVASIVE ACTION; UNDER INFLUENCE - ALCOHOL,TARRANT,2025-04-08,N - NOT INJURED,0,NO DATA,No Data,No Data,,41 - FAULTY EVASIVE ACTION,No Data,No Data,76209,76209,No,KNDJT2A60D7483948,33,1 - MALE,N - NOT INJURED,0,1,1 - FRONT LEFT OR MOTORCYCLE DRIVER
20746117,Yes,CELINA POLICE DEPARTMENT,25075847,CELINA,FAILED TO YIELD RIGHT OF WAY - STOP SIGN,COLLIN,2025-04-08,N - NOT INJURED,0,NO DATA,22 - BAYLOR SCOTT & WHITE MEDICAL CENTER - MCKINNEY,6.691,,35 - FAILED TO YIELD RIGHT OF WAY - STOP SIGN,No Data,No Data,75009,75009,No,2HKRM4H77CH611753,36,2 - FEMALE,N - NOT INJURED,0,1,1 - FRONT LEFT OR MOTORCYCLE DRIVER
20746117,Yes,CELINA POLICE DEPARTMENT,25075847,CELINA,FAILED TO YIELD RIGHT OF WAY - STOP SIGN,COLLIN,2025-04-08,N - NOT INJURED,0,NO DATA,22 - BAYLOR SCOTT & WHITE MEDICAL CENTER - MCKINNEY,6.691,,35 - FAILED TO YIELD RIGHT OF WAY - STOP SIGN,No Data,No Data,75009,75009,No,2HKRM4H77CH611753,3,2 - FEMALE,N - NOT INJURED,0,2,4 - SECOND SEAT LEFT OR MOTORCYCLE BACK PASSENGER
20746117,Yes,CELINA POLICE DEPARTMENT,25075847,CELINA,FAILED TO YIELD RIGHT OF WAY - STOP SIGN,COLLIN,2025-04-08,N - NOT INJURED,0,NO DATA,22 - BAYLOR SCOTT & WHITE MEDICAL CENTER - MCKINNEY,6.691,,No Data,No Data,No Data,75009,75009,No,1C4PJLLB4KD301215,29,2 - FEMALE,N - NOT INJURED,0,1,1 - FRONT LEFT OR MOTORCYCLE DRIVER
20746117,Yes,CELINA POLICE DEPARTMENT,25075847,CELINA,FAILED TO YIELD RIGHT OF WAY - STOP SIGN,COLLIN,2025-04-08,N - NOT INJURED,0,NO DATA,22 - BAYLOR SCOTT & WHITE MEDICAL CENTER - MCKINNEY,6.691,,No Data,No Data,No Data,75009,75009,No,1C4PJLLB4KD301215,2,1 - MALE,N - NOT INJURED,0,2,6 - SECOND SEAT RIGHT
20746118,Yes,WICHITA FALLS POLICE DEPARTMENT,25-040367,WICHITA FALLS,FAILED TO YIELD RIGHT OF WAY - STOP SIGN,WICHITA,2025-04-08,N - NOT INJURED,0,NO DATA,274 - UNITED REGIONAL HEALTH CARE SYSTEM,1.916,,35 - FAILED TO YIELD RIGHT OF WAY - STOP SIGN,No Data,No Data,76306,76384,No,3B7HF13Y5XG245052,34,1 - MALE,N - NOT INJURED,0,1,1 - FRONT LEFT OR MOTORCYCLE DRIVER
20746118,Yes,WICHITA FALLS POLICE DEPARTMENT,25-040367,WICHITA FALLS,FAILED TO YIELD RIGHT OF WAY - STOP SIGN,WICHITA,2025-04-08,N - NOT INJURED,0,NO DATA,274 - UNITED REGIONAL HEALTH CARE SYSTEM,1.916,,35 - FAILED TO YIELD RIGHT OF WAY - STOP SIGN,No Data,No Data,76306,76384,No,3B7HF13Y5XG245052,No Data,1 - MALE,N - NOT INJURED,0,2,3 - FRONT RIGHT
20746118,Yes,WICHITA FALLS POLICE DEPARTMENT,25-040367,WICHITA FALLS,FAILED TO YIELD RIGHT OF WAY - STOP SIGN,WICHITA,2025-04-08,N - NOT INJURED,0,NO DATA,274 - UNITED REGIONAL HEALTH CARE SYSTEM,1.916,,No Data,No Data,No Data,76302,76302,No,1C4RDHAG6HC666778,20,1 - MALE,N - NOT INJURED,0,1,1 - FRONT LEFT OR MOTORCYCLE DRIVER
20746118,Yes,WICHITA FALLS POLICE DEPARTMENT,25-040367,WICHITA FALLS,FAILED TO YIELD RIGHT OF WAY - STOP SIGN,WICHITA,2025-04-08,N - NOT INJURED,0,NO DATA,274 - UNITED REGIONAL HEALTH CARE SYSTEM,1.916,,No Data,No Data,No Data,76302,76302,No,1C4RDHAG6HC666778,22,2 - FEMALE,N - NOT INJURED,0,2,3 - FRONT RIGHT
20746118,Yes,WICHITA FALLS POLICE DEPARTMENT,25-040367,WICHITA FALLS,FAILED TO YIELD RIGHT OF WAY - STOP SIGN,WICHITA,2025-04-08,N - NOT INJURED,0,NO DATA,274 - UNITED REGIONAL HEALTH CARE SYSTEM,1.916,,No Data,No Data,No Data,76302,76302,No,1C4RDHAG6HC666778,2,2 - FEMALE,N - NOT INJURED,0,3,4 - SECOND SEAT LEFT OR MOTORCYCLE BACK PASSENGER
20746121,Yes,ALLEN POLICE DEPARTMENT,2025-01988,ALLEN,FAILED TO CONTROL SPEED; FAULTY EVASIVE ACTION,COLLIN,2025-04-08,N - NOT INJURED,0,NO DATA,157 - MEDICAL CITY MCKINNEY,3.646,,41 - FAULTY EVASIVE ACTION,22 - FAILED TO CONTROL SPEED,No Data,76052,76052,No,3N1AB7AP9DL753346,23,2 - FEMALE,N - NOT INJURED,0,1,1 - FRONT LEFT OR MOTORCYCLE DRIVER
20746121,Yes,ALLEN POLICE DEPARTMENT,2025-01988,ALLEN,FAILED TO CONTROL SPEED; FAULTY EVASIVE ACTION,COLLIN,2025-04-08,N - NOT INJURED,0,NO DATA,157 - MEDICAL CITY MCKINNEY,3.646,,No Data,No Data,No Data,75201,75201,No,5UXCR4C07M9D91723,29,2 - FEMALE,N - NOT INJURED,0,1,1 - FRONT LEFT OR MOTORCYCLE DRIVER
20746124,Yes,ALLEN POLICE DEPARTMENT,2025-01986,ALLEN,FAILED TO YIELD RIGHT OF WAY - TURNING LEFT,COLLIN,2025-04-08,N - NOT INJURED,0,NO DATA,16 - BAYLOR SCOTT & WHITE MEDICAL CENTER - CENTENNIAL,3.69,,37 - FAILED TO YIELD RIGHT OF WAY - TURNING LEFT,No Data,No Data,21218,21217,No,5Y2SL63865Z451683,23,2 - FEMALE,N - NOT INJURED,0,1,1 - FRONT LEFT OR MOTORCYCLE DRIVER
20746124,Yes,ALLEN POLICE DEPARTMENT,2025-01986,ALLEN,FAILED TO YIELD RIGHT OF WAY - TURNING LEFT,COLLIN,2025-04-08,N - NOT INJURED,0,NO DATA,16 - BAYLOR SCOTT & WHITE MEDICAL CENTER - CENTENNIAL,3.69,,No Data,No Data,No Data,75002,76208,No,3GNKBERS8KS652940,37,2 - FEMALE,N - NOT INJURED,0,1,1 - FRONT LEFT OR MOTORCYCLE DRIVER
20746124,Yes,ALLEN POLICE DEPARTMENT,2025-01986,ALLEN,FAILED TO YIELD RIGHT OF WAY - TURNING LEFT,COLLIN,2025-04-08,N - NOT INJURED,0,NO DATA,16 - BAYLOR SCOTT & WHITE MEDICAL CENTER - CENTENNIAL,3.69,,No Data,No Data,No Data,75002,76208,No,3GNKBERS8KS652940,39,1 - MALE,N - NOT INJURED,0,2,4 - SECOND SEAT LEFT OR MOTORCYCLE BACK PASSENGER
20746124,Yes,ALLEN POLICE DEPARTMENT,2025-01986,ALLEN,FAILED TO YIELD RIGHT OF WAY - TURNING LEFT,COLLIN,2025-04-08,N - NOT INJURED,0,NO DATA,16 - BAYLOR SCOTT & WHITE MEDICAL CENTER - CENTENNIAL,3.69,,No Data,No Data,No Data,75002,76208,No,3GNKBERS8KS652940,1,2 - FEMALE,N - NOT INJURED,0,3,6 - SECOND SEAT RIGHT
20746129,Yes,GEORGETOWN POLICE DEPARTMENT,2025-098-023,GEORGETOWN,FAILED TO CONTROL SPEED,WILLIAMSON,2025-04-08,N - NOT INJURED,0,NO DATA,37 - CEDAR PARK REGIONAL MEDICAL CENTER,4.951,,22 - FAILED TO CONTROL SPEED,No Data,No Data,78628,78628,No,1J4GK48K43W696833,35,2 - FEMALE,N - NOT INJURED,0,1,1 - FRONT LEFT OR MOTORCYCLE DRIVER
20746129,Yes,GEORGETOWN POLICE DEPARTMENT,2025-098-023,GEORGETOWN,FAILED TO CONTROL SPEED,WILLIAMSON,2025-04-08,N - NOT INJURED,0,NO DATA,37 - CEDAR PARK REGIONAL MEDICAL CENTER,4.951,,No Data,No Data,No Data,76574,76574,No,1GTR1LEH6HZ209173,50,1 - MALE,N - NOT INJURED,0,1,1 - FRONT LEFT OR MOTORCYCLE DRIVER
20746130,Yes,GEORGETOWN POLICE DEPARTMENT,2025-098-026,GEORGETOWN,DRIVER INATTENTION,WILLIAMSON,2025-04-08,B - SUSPECTED MINOR INJURY,0,NO DATA,"235 - ST. DAVIDS GEORGETOWN HOSPITAL, A ST. DAVIDS MEDICAL CENTER FACILITY",0.847,,20 - DRIVER INATTENTION,No Data,No Data,78628,78628,No,4T1BZ1HK7KU507382,30,1 - MALE,B - SUSPECTED MINOR INJURY,1,1,1 - FRONT LEFT OR MOTORCYCLE DRIVER
20746130,Yes,GEORGETOWN POLICE DEPARTMENT,2025-098-026,GEORGETOWN,DRIVER INATTENTION,WILLIAMSON,2025-04-08,B - SUSPECTED MINOR INJURY,0,NO DATA,"235 - ST. DAVIDS GEORGETOWN HOSPITAL, A ST. DAVIDS MEDICAL CENTER FACILITY",0.847,,20 - DRIVER INATTENTION,No Data,No Data,78628,78628,No,4T1BZ1HK7KU507382,29,2 - FEMALE,N - NOT INJURED,0,2,5 - SECOND SEAT CENTER
20746130,Yes,GEORGETOWN POLICE DEPARTMENT,2025-098-026,GEORGETOWN,DRIVER INATTENTION,WILLIAMSON,2025-04-08,B - SUSPECTED MINOR INJURY,0,NO DATA,"235 - ST. DAVIDS GEORGETOWN HOSPITAL, A ST. DAVIDS MEDICAL CENTER FACILITY",0.847,,20 - DRIVER INATTENTION,No Data,No Data,78628,78628,No,4T1BZ1HK7KU507382,0,2 - FEMALE,N - NOT INJURED,0,3,5 - SECOND SEAT CENTER
20746130,Yes,GEORGETOWN POLICE DEPARTMENT,2025-098-026,GEORGETOWN,DRIVER INATTENTION,WILLIAMSON,2025-04-08,B - SUSPECTED MINOR INJURY,0,NO DATA,"235 - ST. DAVIDS GEORGETOWN HOSPITAL, A ST. DAVIDS MEDICAL CENTER FACILITY",0.847,,No Data,No Data,No Data,78626,78626,No,1N4AL21E68N518443,20,2 - FEMALE,N - NOT INJURED,0,1,1 - FRONT LEFT OR MOTORCYCLE DRIVER
20746137,Yes,BRIDGE CITY POLICE DEPARTMENT,25-A0070,BRIDGE CITY,FAILED TO YIELD RIGHT OF WAY - STOP SIGN,ORANGE,2025-04-08,N - NOT INJURED,0,NO DATA,266 - THE MEDICAL CENTER OF SOUTHEAST TEXAS,10.483,,35 - FAILED TO YIELD RIGHT OF WAY - STOP SIGN,No Data,No Data,77611,77611,No,2MEFM75WX5X638526,48,2 - FEMALE,N - NOT INJURED,0,1,1 - FRONT LEFT OR MOTORCYCLE DRIVER
20746137,Yes,BRIDGE CITY POLICE DEPARTMENT,25-A0070,BRIDGE CITY,FAILED TO YIELD RIGHT OF WAY - STOP SIGN,ORANGE,2025-04-08,N - NOT INJURED,0,NO DATA,266 - THE MEDICAL CENTER OF SOUTHEAST TEXAS,10.483,,No Data,No Data,No Data,77630,77630,No,2FMPK4J90LBA15223,55,2 - FEMALE,N - NOT INJURED,0,1,1 - FRONT LEFT OR MOTORCYCLE DRIVER
20746139,Yes,DALLAS COUNTY SHERIFF'S OFFICE,25-022296,DALLAS,FOLLOWED TOO CLOSELY,DALLAS,2025-04-08,N - NOT INJURED,0,NO DATA,26 - BAYLOR UNIVERSITY MEDICAL CENTER,1.84,1,44 - FOLLOWED TOO CLOSELY,No Data,No Data,93604,75216,No,3N1AB7AP8KY398976,34,2 - FEMALE,N - NOT INJURED,0,1,1 - FRONT LEFT OR MOTORCYCLE DRIVER
20746139,Yes,DALLAS COUNTY SHERIFF'S OFFICE,25-022296,DALLAS,FOLLOWED TOO CLOSELY,DALLAS,2025-04-08,N - NOT INJURED,0,NO DATA,26 - BAYLOR UNIVERSITY MEDICAL CENTER,1.84,1,No Data,No Data,No Data,75180,75217,No,1GNSKBKCXFR601725,No Data,2 - FEMALE,N - NOT INJURED,0,1,1 - FRONT LEFT OR MOTORCYCLE DRIVER
20746139,Yes,DALLAS COUNTY SHERIFF'S OFFICE,25-022296,DALLAS,FOLLOWED TOO CLOSELY,DALLAS,2025-04-08,N - NOT INJURED,0,NO DATA,26 - BAYLOR UNIVERSITY MEDICAL CENTER,1.84,1,No Data,No Data,No Data,,75241,No,1GNEC13Z93J337365,No Data,1 - MALE,N - NOT INJURED,0,1,1 - FRONT LEFT OR MOTORCYCLE DRIVER
20746143,Yes,DALLAS COUNTY SHERIFF'S OFFICE,25-022315,DALLAS,FAILED TO DRIVE IN SINGLE LANE,DALLAS,2025-04-08,N - NOT INJURED,0,NO DATA,41 - CHILDRENS MEDICAL CENTER OF DALLAS,1.22,1,23 - FAILED TO DRIVE IN SINGLE LANE,No Data,No Data,75010,76208,No,1G6DA5EG1A0147868,38,2 - FEMALE,N - NOT INJURED,0,1,1 - FRONT LEFT OR MOTORCYCLE DRIVER
20746143,Yes,DALLAS COUNTY SHERIFF'S OFFICE,25-022315,DALLAS,FAILED TO DRIVE IN SINGLE LANE,DALLAS,2025-04-08,N - NOT INJURED,0,NO DATA,41 - CHILDRENS MEDICAL CENTER OF DALLAS,1.22,1,23 - FAILED TO DRIVE IN SINGLE LANE,No Data,No Data,75010,76208,No,1G6DA5EG1A0147868,46,1 - MALE,N - NOT INJURED,0,2,3 - FRONT RIGHT
20746143,Yes,DALLAS COUNTY SHERIFF'S OFFICE,25-022315,DALLAS,FAILED TO DRIVE IN SINGLE LANE,DALLAS,2025-04-08,N - NOT INJURED,0,NO DATA,41 - CHILDRENS MEDICAL CENTER OF DALLAS,1.22,1,23 - FAILED TO DRIVE IN SINGLE LANE,No Data,No Data,75010,76208,No,1G6DA5EG1A0147868,46,1 - MALE,N - NOT INJURED,0,3,6 - SECOND SEAT RIGHT
20746153,Yes,KERR COUNTY SHERIFF'S OFFICE,2025-00589,OUTSIDE CITY LIMITS,ANIMAL ON ROAD - WILD;FAILED TO CONTROL SPEED,KERR,2025-04-08,C - POSSIBLE INJURY,0,NO DATA,218 - PETERSON REGIONAL MEDICAL CENTER,16.972,,2 - ANIMAL ON ROAD - WILD,22 - FAILED TO CONTROL SPEED,No Data,78013,78013,No,1FMSK7DH3PGC39101,35,1 - MALE,N - NOT INJURED,0,1,1 - FRONT LEFT OR MOTORCYCLE DRIVER
20746153,Yes,KERR COUNTY SHERIFF'S OFFICE,2025-00589,OUTSIDE CITY LIMITS,ANIMAL ON ROAD - WILD;FAILED TO CONTROL SPEED,KERR,2025-04-08,C - POSSIBLE INJURY,0,NO DATA,218 - PETERSON REGIONAL MEDICAL CENTER,16.972,,2 - ANIMAL ON ROAD - WILD,22 - FAILED TO CONTROL SPEED,No Data,78013,78013,No,1FMSK7DH3PGC39101,39,2 - FEMALE,C - POSSIBLE INJURY,0,2,1 - FRONT LEFT OR MOTORCYCLE DRIVER
20746153,Yes,KERR COUNTY SHERIFF'S OFFICE,2025-00589,OUTSIDE CITY LIMITS,ANIMAL ON ROAD - WILD;FAILED TO CONTROL SPEED,KERR,2025-04-08,C - POSSIBLE INJURY,0,NO DATA,218 - PETERSON REGIONAL MEDICAL CENTER,16.972,,2 - ANIMAL ON ROAD - WILD,22 - FAILED TO CONTROL SPEED,No Data,78013,78013,No,1FMSK7DH3PGC39101,9,2 - FEMALE,N - NOT INJURED,0,3,6 - SECOND SEAT RIGHT
20746159,Yes,DALLAS COUNTY SHERIFF'S OFFICE,25-022517,DUNCANVILLE,CHANGED LANE WHEN UNSAFE,DALLAS,2025-04-08,N - NOT INJURED,0,NO DATA,177 - METHODIST CHARLTON MEDICAL CENTER,1.541,1,No Data,No Data,No Data,75216,75216,No,KMHL54JCXRA420172,21,2 - FEMALE,N - NOT INJURED,0,1,1 - FRONT LEFT OR MOTORCYCLE DRIVER
20746159,Yes,DALLAS COUNTY SHERIFF'S OFFICE,25-022517,DUNCANVILLE,CHANGED LANE WHEN UNSAFE,DALLAS,2025-04-08,N - NOT INJURED,0,NO DATA,177 - METHODIST CHARLTON MEDICAL CENTER,1.541,1,4 - CHANGED LANE WHEN UNSAFE,No Data,No Data,,No Data,Yes,No Data,No Data,99 - UNKNOWN,99 - UNKNOWN,0,1,1 - FRONT LEFT OR MOTORCYCLE DRIVER
20746162,No,LOS FRESNOS POLICE DEPARTMENT,25001681,LOS FRESNOS,DRIVER INATTENTION;FAILED TO CONTROL SPEED;OTHER (EXPLAIN IN NARRATIVE),CAMERON,2025-04-08,N - NOT INJURED,0,NO DATA,295 - VALLEY REGIONAL MEDICAL CENTER,6.65,,22 - FAILED TO CONTROL SPEED,20 - DRIVER INATTENTION,No Data,78566,78566,No,1C4RDHAG9EC494807,20,1 - MALE,N - NOT INJURED,0,1,1 - FRONT LEFT OR MOTORCYCLE DRIVER
20746162,No,LOS FRESNOS POLICE DEPARTMENT,25001681,LOS FRESNOS,DRIVER INATTENTION;FAILED TO CONTROL SPEED;OTHER (EXPLAIN IN NARRATIVE),CAMERON,2025-04-08,N - NOT INJURED,0,NO DATA,295 - VALLEY REGIONAL MEDICAL CENTER,6.65,,98 - OTHER (EXPLAIN IN NARRATIVE),No Data,No Data,78520,78520,No,1GYS3BKL2RR119626,21,1 - MALE,N - NOT INJURED,0,1,1 - FRONT LEFT OR MOTORCYCLE DRIVER
20746162,No,LOS FRESNOS POLICE DEPARTMENT,25001681,LOS FRESNOS,DRIVER INATTENTION;FAILED TO CONTROL SPEED;OTHER (EXPLAIN IN NARRATIVE),CAMERON,2025-04-08,N - NOT INJURED,0,NO DATA,295 - VALLEY REGIONAL MEDICAL CENTER,6.65,,98 - OTHER (EXPLAIN IN NARRATIVE),No Data,No Data,78520,78520,No,1GYS3BKL2RR119626,22,1 - MALE,N - NOT INJURED,0,2,3 - FRONT RIGHT
20746162,No,LOS FRESNOS POLICE DEPARTMENT,25001681,LOS FRESNOS,DRIVER INATTENTION;FAILED TO CONTROL SPEED;OTHER (EXPLAIN IN NARRATIVE),CAMERON,2025-04-08,N - NOT INJURED,0,NO DATA,295 - VALLEY REGIONAL MEDICAL CENTER,6.65,,98 - OTHER (EXPLAIN IN NARRATIVE),No Data,No Data,78520,78520,No,1GYS3BKL2RR119626,16,1 - MALE,N - NOT INJURED,0,3,6 - SECOND SEAT RIGHT
20746162,No,LOS FRESNOS POLICE DEPARTMENT,25001681,LOS FRESNOS,DRIVER INATTENTION;FAILED TO CONTROL SPEED;OTHER (EXPLAIN IN NARRATIVE),CAMERON,2025-04-08,N - NOT INJURED,0,NO DATA,295 - VALLEY REGIONAL MEDICAL CENTER,6.65,,98 - OTHER (EXPLAIN IN NARRATIVE),No Data,No Data,78520,78520,No,1GYS3BKL2RR119626,16,1 - MALE,N - NOT INJURED,0,4,4 - SECOND SEAT LEFT OR MOTORCYCLE BACK PASSENGER
20746162,No,LOS FRESNOS POLICE DEPARTMENT,25001681,LOS FRESNOS,DRIVER INATTENTION;FAILED TO CONTROL SPEED;OTHER (EXPLAIN IN NARRATIVE),CAMERON,2025-04-08,N - NOT INJURED,0,NO DATA,295 - VALLEY REGIONAL MEDICAL CENTER,6.65,,98 - OTHER (EXPLAIN IN NARRATIVE),No Data,No Data,78520,78520,No,1GYS3BKL2RR119626,22,1 - MALE,N - NOT INJURED,0,5,7 - THIRD SEAT LEFT
20746162,No,LOS FRESNOS POLICE DEPARTMENT,25001681,LOS FRESNOS,DRIVER INATTENTION;FAILED TO CONTROL SPEED;OTHER (EXPLAIN IN NARRATIVE),CAMERON,2025-04-08,N - NOT INJURED,0,NO DATA,295 - VALLEY REGIONAL MEDICAL CENTER,6.65,,98 - OTHER (EXPLAIN IN NARRATIVE),No Data,No Data,78520,78520,No,1GYS3BKL2RR119626,22,1 - MALE,N - NOT INJURED,0,6,9 - THIRD SEAT RIGHT
20746166,Yes,VERNON POLICE DEPARTMENT,202503596,VERNON,OTHER (EXPLAIN IN NARRATIVE),WILBARGER,2025-04-08,N - NOT INJURED,0,NO DATA,298 - WILBARGER GENERAL HOSPITAL,0.819,,98 - OTHER (EXPLAIN IN NARRATIVE),No Data,No Data,76384,76384,No,1FTDF15YXPLA68691,38,1 - MALE,N - NOT INJURED,0,1,1 - FRONT LEFT OR MOTORCYCLE DRIVER
20746166,Yes,VERNON POLICE DEPARTMENT,202503596,VERNON,OTHER (EXPLAIN IN NARRATIVE),WILBARGER,2025-04-08,N - NOT INJURED,0,NO DATA,298 - WILBARGER GENERAL HOSPITAL,0.819,,No Data,No Data,No Data,76384,76384,No,1FMJU1H8XREA23922,59,2 - FEMALE,N - NOT INJURED,0,1,1 - FRONT LEFT OR MOTORCYCLE DRIVER
20746171,Yes,FORT WORTH POLICE DEPARTMENT,250024995,FORT WORTH,FAILED TO CONTROL SPEED,TARRANT,2025-04-08,N - NOT INJURED,0,NO DATA,161 - MEDICAL CITY NORTH HILLS,4.786,ST,22 - FAILED TO CONTROL SPEED,No Data,No Data,,No Data,Yes,No Data,No Data,99 - UNKNOWN,99 - UNKNOWN,0,1,1 - FRONT LEFT OR MOTORCYCLE DRIVER
20746171,Yes,FORT WORTH POLICE DEPARTMENT,250024995,FORT WORTH,FAILED TO CONTROL SPEED,TARRANT,2025-04-08,N - NOT INJURED,0,NO DATA,161 - MEDICAL CITY NORTH HILLS,4.786,ST,No Data,No Data,No Data,,,No,KM8R54GE9RU675431,29,2 - FEMALE,N - NOT INJURED,0,1,1 - FRONT LEFT OR MOTORCYCLE DRIVER
20746172,Yes,FORT WORTH POLICE DEPARTMENT,250025169,FORT WORTH,DRIVER INATTENTION,TARRANT,2025-04-08,C - POSSIBLE INJURY,0,NO DATA,No Data,No Data,ST,20 - DRIVER INATTENTION,No Data,No Data,76021,76021,No,1G1PC5SH4G7175416,46,2 - FEMALE,C - POSSIBLE INJURY,0,1,1 - FRONT LEFT OR MOTORCYCLE DRIVER
20746173,Yes,EL PASO POLICE DEPARTMENT,25-098006,EL PASO,FAILED TO YIELD RIGHT OF WAY - TURNING LEFT;OTHER (EXPLAIN IN NARRATIVE),EL PASO,2025-04-08,N - NOT INJURED,0,NO DATA,261 - THE HOSPITALS OF PROVIDENCE EAST CAMPUS,2.284,,37 - FAILED TO YIELD RIGHT OF WAY - TURNING LEFT,No Data,No Data,79936,79936,No,3N1CP53U1KL518437,22,1 - MALE,N - NOT INJURED,0,1,1 - FRONT LEFT OR MOTORCYCLE DRIVER
20746173,Yes,EL PASO POLICE DEPARTMENT,25-098006,EL PASO,FAILED TO YIELD RIGHT OF WAY - TURNING LEFT;OTHER (EXPLAIN IN NARRATIVE),EL PASO,2025-04-08,N - NOT INJURED,0,NO DATA,261 - THE HOSPITALS OF PROVIDENCE EAST CAMPUS,2.284,,98 - OTHER (EXPLAIN IN NARRATIVE),No Data,No Data,79938,79938,No,1FA6P8CFXR5419547,20,1 - MALE,N - NOT INJURED,0,1,1 - FRONT LEFT OR MOTORCYCLE DRIVER
20746178,Yes,SANGER POLICE DEPARTMENT,25000142,SANGER,UNSAFE SPEED,DENTON,2025-04-08,N - NOT INJURED,0,NO DATA,152 - MEDICAL CITY DENTON,13.681,,No Data,No Data,No Data,Unknown,75057,Yes,1J4FA39S74P728175,No Data,99 - UNKNOWN,99 - UNKNOWN,0,1,1 - FRONT LEFT OR MOTORCYCLE DRIVER
20746178,Yes,SANGER POLICE DEPARTMENT,25000142,SANGER,UNSAFE SPEED,DENTON,2025-04-08,N - NOT INJURED,0,NO DATA,152 - MEDICAL CITY DENTON,13.681,,No Data,No Data,No Data,75181,73162,No,19UDE4G70PA026648,40,1 - MALE,N - NOT INJURED,0,1,1 - FRONT LEFT OR MOTORCYCLE DRIVER
20746183,Yes,CLEBURNE POLICE DEPARTMENT,C2025-065392,CLEBURNE,FAULTY EVASIVE ACTION,JOHNSON,2025-04-08,C - POSSIBLE INJURY,0,NO DATA,251 - TEXAS HEALTH HARRIS METHODIST HOSPITAL CLEBURNE,7.131,11,41 - FAULTY EVASIVE ACTION,No Data,No Data,76058,76058,No,1GCGSBEA9G1102343,31,1 - MALE,C - POSSIBLE INJURY,0,1,1 - FRONT LEFT OR MOTORCYCLE DRIVER
20746184,Yes,UNIVERSITY OF TEXAS SOUTHWESTERN MEDICAL CENTER POLICE DEPARTMENT,2025-000614,DALLAS,DRIVER INATTENTION,DALLAS,2025-04-08,N - NOT INJURED,0,NO DATA,297 - WILLIAM P. CLEMENTS UNIVERSITY HOSPITAL,0.151,,No Data,No Data,No Data,75028,75028,No,5TDDKRFHXGS266291,45,1 - MALE,N - NOT INJURED,0,1,1 - FRONT LEFT OR MOTORCYCLE DRIVER
20746184,Yes,UNIVERSITY OF TEXAS SOUTHWESTERN MEDICAL CENTER POLICE DEPARTMENT,2025-000614,DALLAS,DRIVER INATTENTION,DALLAS,2025-04-08,N - NOT INJURED,0,NO DATA,297 - WILLIAM P. CLEMENTS UNIVERSITY HOSPITAL,0.151,,No Data,No Data,No Data,75028,75028,No,5TDDKRFHXGS266291,75,1 - MALE,N - NOT INJURED,0,2,3 - FRONT RIGHT
20746184,Yes,UNIVERSITY OF TEXAS SOUTHWESTERN MEDICAL CENTER POLICE DEPARTMENT,2025-000614,DALLAS,DRIVER INATTENTION,DALLAS,2025-04-08,N - NOT INJURED,0,NO DATA,297 - WILLIAM P. CLEMENTS UNIVERSITY HOSPITAL,0.151,,20 - DRIVER INATTENTION,No Data,No Data,75081,75068,No,ML32F4FJ9LHF13550,41,1 - MALE,N - NOT INJURED,0,1,1 - FRONT LEFT OR MOTORCYCLE DRIVER
20746187,Yes,SAN ANTONIO POLICE DEPARTMENT,SAPD25070113,SAN ANTONIO,DISREGARD STOP AND GO SIGNAL,BEXAR,2025-04-08,N - NOT INJURED,0,NO DATA,34 - BROOKE ARMY MEDICAL CENTER,2.373,40,15 - DISREGARD STOP AND GO SIGNAL,No Data,No Data,,78208,Yes,No Data,No Data,99 - UNKNOWN,99 - UNKNOWN,0,1,1 - FRONT LEFT OR MOTORCYCLE DRIVER
20746187,Yes,SAN ANTONIO POLICE DEPARTMENT,SAPD25070113,SAN ANTONIO,DISREGARD STOP AND GO SIGNAL,BEXAR,2025-04-08,N - NOT INJURED,0,NO DATA,34 - BROOKE ARMY MEDICAL CENTER,2.373,40,No Data,No Data,No Data,78237,78237,No,3KPA24AD5NE478923,24,1 - MALE,N - NOT INJURED,0,1,1 - FRONT LEFT OR MOTORCYCLE DRIVER
20746188,Yes,CEDAR PARK POLICE DEPARTMENT,2504-0140,CEDAR PARK,DISREGARD STOP SIGN OR LIGHT,WILLIAMSON,2025-04-08,B - SUSPECTED MINOR INJURY,0,NO DATA,37 - CEDAR PARK REGIONAL MEDICAL CENTER,1.339,,16 - DISREGARD STOP SIGN OR LIGHT,No Data,No Data,78613,78613,No,3KPF24AD0NE462828,23,1 - MALE,B - SUSPECTED MINOR INJURY,1,1,1 - FRONT LEFT OR MOTORCYCLE DRIVER
20746188,Yes,CEDAR PARK POLICE DEPARTMENT,2504-0140,CEDAR PARK,DISREGARD STOP SIGN OR LIGHT,WILLIAMSON,2025-04-08,B - SUSPECTED MINOR INJURY,0,NO DATA,37 - CEDAR PARK REGIONAL MEDICAL CENTER,1.339,,No Data,No Data,No Data,78641,78641,No,3CZRE3H38BG701600,49,2 - FEMALE,B - SUSPECTED MINOR INJURY,1,1,1 - FRONT LEFT OR MOTORCYCLE DRIVER
20746189,No,PLEASANTON POLICE DEPARTMENT,2025002440,PLEASANTON,DISTRACTION IN VEHICLE; DRIVER INATTENTION; FOLLOWED TOO CLOSELY,ATASCOSA,2025-04-08,N - NOT INJURED,0,NO DATA,178 - METHODIST HOSPITAL - ATASCOSA,3.818,,44 - FOLLOWED TOO CLOSELY,No Data,No Data,78155,78233,No,5TFLA5DBXSX248771,34,1 - MALE,N - NOT INJURED,0,1,1 - FRONT LEFT OR MOTORCYCLE DRIVER
20746189,No,PLEASANTON POLICE DEPARTMENT,2025002440,PLEASANTON,DISTRACTION IN VEHICLE; DRIVER INATTENTION; FOLLOWED TOO CLOSELY,ATASCOSA,2025-04-08,N - NOT INJURED,0,NO DATA,178 - METHODIST HOSPITAL - ATASCOSA,3.818,,No Data,No Data,No Data,78264,78264,No,3GTU2MEC5HG174336,47,1 - MALE,N - NOT INJURED,0,1,1 - FRONT LEFT OR MOTORCYCLE DRIVER
20746198,Yes,SAN ANTONIO POLICE DEPARTMENT,SAPD25069425,SAN ANTONIO,DISREGARD STOP SIGN OR LIGHT; FAILED TO STOP AT PROPER PLACE,BEXAR,2025-04-08,B - SUSPECTED MINOR INJURY,0,NO DATA,46 - CHRISTUS CHILDRENS HOSPITAL OF SAN ANTONIO,3.31,60,29 - FAILED TO STOP AT PROPER PLACE,16 - DISREGARD STOP SIGN OR LIGHT,No Data,78214,78214,No,1GKDS13S322228438,35,1 - MALE,N - NOT INJURED,0,1,1 - FRONT LEFT OR MOTORCYCLE DRIVER
20746198,Yes,SAN ANTONIO POLICE DEPARTMENT,SAPD25069425,SAN ANTONIO,DISREGARD STOP SIGN OR LIGHT; FAILED TO STOP AT PROPER PLACE,BEXAR,2025-04-08,B - SUSPECTED MINOR INJURY,0,NO DATA,46 - CHRISTUS CHILDRENS HOSPITAL OF SAN ANTONIO,3.31,60,No Data,No Data,No Data,78210,78210,No,1FA6P8TH1K5192658,56,2 - FEMALE,B - SUSPECTED MINOR INJURY,1,1,1 - FRONT LEFT OR MOTORCYCLE DRIVER
20746199,Yes,SAN ANTONIO POLICE DEPARTMENT,SAPD25069547,SAN ANTONIO,BACKED WITHOUT SAFETY,BEXAR,2025-04-08,N - NOT INJURED,0,NO DATA,No Data,No Data,60,3 - BACKED WITHOUT SAFETY,No Data,No Data,78247,78220,No,3AKJCYFE6MDMX2268,28,1 - MALE,N - NOT INJURED,0,1,1 - FRONT LEFT OR MOTORCYCLE DRIVER
20746199,Yes,SAN ANTONIO POLICE DEPARTMENT,SAPD25069547,SAN ANTONIO,BACKED WITHOUT SAFETY,BEXAR,2025-04-08,N - NOT INJURED,0,NO DATA,No Data,No Data,60,No Data,No Data,No Data,78242,78252,No,000000000AW800827,37,1 - MALE,N - NOT INJURED,0,1,1 - FRONT LEFT OR MOTORCYCLE DRIVER
20746201,Yes,SAN ANTONIO POLICE DEPARTMENT,SAPD25069554,SAN ANTONIO,FAULTY EVASIVE ACTION,BEXAR,2025-04-08,N - NOT INJURED,0,NO DATA,46 - CHRISTUS CHILDRENS HOSPITAL OF SAN ANTONIO,3.353,60,41 - FAULTY EVASIVE ACTION,No Data,No Data,78226,78226,No,1GYS4DEF3ER103699,67,2 - FEMALE,N - NOT INJURED,0,1,1 - FRONT LEFT OR MOTORCYCLE DRIVER
20746202,Yes,SAN ANTONIO POLICE DEPARTMENT,SAPD25069528,SAN ANTONIO,DRIVER INATTENTION; FAILED TO STOP AT PROPER PLACE,BEXAR,2025-04-08,B - SUSPECTED MINOR INJURY,0,NO DATA,46 - CHRISTUS CHILDRENS HOSPITAL OF SAN ANTONIO,3.342,60,20 - DRIVER INATTENTION,29 - FAILED TO STOP AT PROPER PLACE,No Data,78227,78148,No,5TDBT44A91S029036,42,2 - FEMALE,N - NOT INJURED,0,1,1 - FRONT LEFT OR MOTORCYCLE DRIVER
20746202,Yes,SAN ANTONIO POLICE DEPARTMENT,SAPD25069528,SAN ANTONIO,DRIVER INATTENTION; FAILED TO STOP AT PROPER PLACE,BEXAR,2025-04-08,B - SUSPECTED MINOR INJURY,0,NO DATA,46 - CHRISTUS CHILDRENS HOSPITAL OF SAN ANTONIO,3.342,60,No Data,No Data,No Data,78228,78228,No,1D7HA18N44S677641,29,1 - MALE,B - SUSPECTED MINOR INJURY,1,1,1 - FRONT LEFT OR MOTORCYCLE DRIVER
20746202,Yes,SAN ANTONIO POLICE DEPARTMENT,SAPD25069528,SAN ANTONIO,DRIVER INATTENTION; FAILED TO STOP AT PROPER PLACE,BEXAR,2025-04-08,B - SUSPECTED MINOR INJURY,0,NO DATA,46 - CHRISTUS CHILDRENS HOSPITAL OF SAN ANTONIO,3.342,60,No Data,No Data,No Data,78225,78225,No,2C4RDGCG4ER452513,75,1 - MALE,B - SUSPECTED MINOR INJURY,1,1,1 - FRONT LEFT OR MOTORCYCLE DRIVER
20746202,Yes,SAN ANTONIO POLICE DEPARTMENT,SAPD25069528,SAN ANTONIO,DRIVER INATTENTION; FAILED TO STOP AT PROPER PLACE,BEXAR,2025-04-08,B - SUSPECTED MINOR INJURY,0,NO DATA,46 - CHRISTUS CHILDRENS HOSPITAL OF SAN ANTONIO,3.342,60,No Data,No Data,No Data,78225,78225,No,2C4RDGCG4ER452513,76,2 - FEMALE,B - SUSPECTED MINOR INJURY,1,2,3 - FRONT RIGHT
20746203,Yes,SAN ANTONIO POLICE DEPARTMENT,SAPD25069571,SAN ANTONIO,DRIVER INATTENTION;FAILED TO YIELD RIGHT OF WAY - PRIVATE DRIVE,BEXAR,2025-04-08,C - POSSIBLE INJURY,0,NO DATA,46 - CHRISTUS CHILDRENS HOSPITAL OF SAN ANTONIO,5.324,60,No Data,No Data,No Data,78207,78207,No,3FA6P0H98FR233924,79,1 - MALE,C - POSSIBLE INJURY,0,1,1 - FRONT LEFT OR MOTORCYCLE DRIVER
20746203,Yes,SAN ANTONIO POLICE DEPARTMENT,SAPD25069571,SAN ANTONIO,DRIVER INATTENTION;FAILED TO YIELD RIGHT OF WAY - PRIVATE DRIVE,BEXAR,2025-04-08,C - POSSIBLE INJURY,0,NO DATA,46 - CHRISTUS CHILDRENS HOSPITAL OF SAN ANTONIO,5.324,60,20 - DRIVER INATTENTION,34 - FAILED TO YIELD RIGHT OF WAY - PRIVATE DRIVE,No Data,,78242,Yes,1NXBR32E23Z137765,No Data,99 - UNKNOWN,99 - UNKNOWN,0,1,1 - FRONT LEFT OR MOTORCYCLE DRIVER
20746205,Yes,SAN ANTONIO POLICE DEPARTMENT,SAPD25069585,SAN ANTONIO,TURNED IMPROPERLY - WIDE RIGHT,BEXAR,2025-04-08,N - NOT INJURED,0,NO DATA,No Data,No Data,60,64 - TURNED IMPROPERLY - WIDE RIGHT,No Data,No Data,78214,78214,No,3GCPWBEK8NG189504,39,1 - MALE,N - NOT INJURED,0,1,1 - FRONT LEFT OR MOTORCYCLE DRIVER
20746206,Yes,SAN ANTONIO POLICE DEPARTMENT,SAPD25069624,SAN ANTONIO,FAILED TO YIELD RIGHT OF WAY - PRIVATE DRIVE,BEXAR,2025-04-08,N - NOT INJURED,0,NO DATA,No Data,No Data,60,34 - FAILED TO YIELD RIGHT OF WAY - PRIVATE DRIVE,No Data,No Data,UNKNOWN,78065,Yes,2HKRS3H4XSH322113,No Data,2 - FEMALE,99 - UNKNOWN,0,1,1 - FRONT LEFT OR MOTORCYCLE DRIVER
20746206,Yes,SAN ANTONIO POLICE DEPARTMENT,SAPD25069624,SAN ANTONIO,FAILED TO YIELD RIGHT OF WAY - PRIVATE DRIVE,BEXAR,2025-04-08,N - NOT INJURED,0,NO DATA,No Data,No Data,60,No Data,No Data,No Data,78073,78073,No,1C4RJFCM5GC330425,48,2 - FEMALE,N - NOT INJURED,0,1,1 - FRONT LEFT OR MOTORCYCLE DRIVER
20746208,Yes,SUGAR LAND POLICE DEPARTMENT,25-02519,SUGAR LAND,FAILED TO YIELD RIGHT OF WAY - YIELD SIGN,FORT BEND,2025-04-08,N - NOT INJURED,0,NO DATA,180 - MEMORIAL HERMANN SUGAR LAND HOSPITAL,2.673,,39 - FAILED TO YIELD RIGHT OF WAY - YIELD SIGN,No Data,No Data,45140,45140,No,3AKJHHFG7LSLL4977,43,1 - MALE,N - NOT INJURED,0,1,1 - FRONT LEFT OR MOTORCYCLE DRIVER
20746208,Yes,SUGAR LAND POLICE DEPARTMENT,25-02519,SUGAR LAND,FAILED TO YIELD RIGHT OF WAY - YIELD SIGN,FORT BEND,2025-04-08,N - NOT INJURED,0,NO DATA,180 - MEMORIAL HERMANN SUGAR LAND HOSPITAL,2.673,,No Data,No Data,No Data,77459,77459,No,1FBNE3BL8BDB03702,46,1 - MALE,N - NOT INJURED,0,1,1 - FRONT LEFT OR MOTORCYCLE DRIVER
20746208,Yes,SUGAR LAND POLICE DEPARTMENT,25-02519,SUGAR LAND,FAILED TO YIELD RIGHT OF WAY - YIELD SIGN,FORT BEND,2025-04-08,N - NOT INJURED,0,NO DATA,180 - MEMORIAL HERMANN SUGAR LAND HOSPITAL,2.673,,No Data,No Data,No Data,77459,77459,No,1FBNE3BL8BDB03702,18,1 - MALE,N - NOT INJURED,0,2,3 - FRONT RIGHT
20746208,Yes,SUGAR LAND POLICE DEPARTMENT,25-02519,SUGAR LAND,FAILED TO YIELD RIGHT OF WAY - YIELD SIGN,FORT BEND,2025-04-08,N - NOT INJURED,0,NO DATA,180 - MEMORIAL HERMANN SUGAR LAND HOSPITAL,2.673,,No Data,No Data,No Data,77459,77459,No,1FBNE3BL8BDB03702,23,1 - MALE,N - NOT INJURED,0,3,7 - THIRD SEAT LEFT
20746217,Yes,SAN ANTONIO POLICE DEPARTMENT,SAPD25069519,SAN ANTONIO,FAILED TO YIELD RIGHT OF WAY - TO PEDESTRIAN,BEXAR,2025-04-08,B - SUSPECTED MINOR INJURY,0,NO DATA,No Data,No Data,30,36 - FAILED TO YIELD RIGHT OF WAY - TO PEDESTRIAN,No Data,No Data,78247,78247,No,3FA6P0LU0HR165391,34,2 - FEMALE,N - NOT INJURED,0,1,1 - FRONT LEFT OR MOTORCYCLE DRIVER
20746217,Yes,SAN ANTONIO POLICE DEPARTMENT,SAPD25069519,SAN ANTONIO,FAILED TO YIELD RIGHT OF WAY - TO PEDESTRIAN,BEXAR,2025-04-08,B - SUSPECTED MINOR INJURY,0,NO DATA,No Data,No Data,30,No Data,No Data,No Data,No Data,No Data,No Data,No Data,67,2 - FEMALE,B - SUSPECTED MINOR INJURY,1,1,"16 - PEDESTRIAN, PEDALCYCLIST, OR MOTORIZED CONVEYANCE"
20746230,Yes,LAREDO POLICE DEPARTMENT,2025-00055660,LAREDO,FAILED TO CONTROL SPEED,WEBB,2025-04-08,N - NOT INJURED,0,NO DATA,141 - LAREDO MEDICAL CENTER,2.383,,22 - FAILED TO CONTROL SPEED,No Data,No Data,78041,78041,No,3KPC24A66NE180147,21,1 - MALE,N - NOT INJURED,0,1,1 - FRONT LEFT OR MOTORCYCLE DRIVER
20746230,Yes,LAREDO POLICE DEPARTMENT,2025-00055660,LAREDO,FAILED TO CONTROL SPEED,WEBB,2025-04-08,N - NOT INJURED,0,NO DATA,141 - LAREDO MEDICAL CENTER,2.383,,22 - FAILED TO CONTROL SPEED,No Data,No Data,78041,78041,No,3KPC24A66NE180147,17,2 - FEMALE,N - NOT INJURED,0,2,3 - FRONT RIGHT
20746230,Yes,LAREDO POLICE DEPARTMENT,2025-00055660,LAREDO,FAILED TO CONTROL SPEED,WEBB,2025-04-08,N - NOT INJURED,0,NO DATA,141 - LAREDO MEDICAL CENTER,2.383,,No Data,No Data,No Data,00000,00000,No,3HGR05856KM015211,47,2 - FEMALE,N - NOT INJURED,0,1,1 - FRONT LEFT OR MOTORCYCLE DRIVER
20746230,Yes,LAREDO POLICE DEPARTMENT,2025-00055660,LAREDO,FAILED TO CONTROL SPEED,WEBB,2025-04-08,N - NOT INJURED,0,NO DATA,141 - LAREDO MEDICAL CENTER,2.383,,No Data,No Data,No Data,00000,00000,No,3HGR05856KM015211,15,2 - FEMALE,N - NOT INJURED,0,2,3 - FRONT RIGHT
20746230,Yes,LAREDO POLICE DEPARTMENT,2025-00055660,LAREDO,FAILED TO CONTROL SPEED,WEBB,2025-04-08,N - NOT INJURED,0,NO DATA,141 - LAREDO MEDICAL CENTER,2.383,,No Data,No Data,No Data,00000,00000,No,3HGR05856KM015211,15,2 - FEMALE,N - NOT INJURED,0,3,6 - SECOND SEAT RIGHT
20746236,Yes,SAN ANTONIO POLICE DEPARTMENT,SAPD25069511,SAN ANTONIO,DRIVER INATTENTION; FAILED TO CONTROL SPEED,BEXAR,2025-04-08,N - NOT INJURED,0,NO DATA,46 - CHRISTUS CHILDRENS HOSPITAL OF SAN ANTONIO,0.156,20,20 - DRIVER INATTENTION,22 - FAILED TO CONTROL SPEED,No Data,,78201,Yes,1GKEC13Z44R133301,No Data,99 - UNKNOWN,99 - UNKNOWN,0,1,1 - FRONT LEFT OR MOTORCYCLE DRIVER
20746236,Yes,SAN ANTONIO POLICE DEPARTMENT,SAPD25069511,SAN ANTONIO,DRIVER INATTENTION; FAILED TO CONTROL SPEED,BEXAR,2025-04-08,N - NOT INJURED,0,NO DATA,46 - CHRISTUS CHILDRENS HOSPITAL OF SAN ANTONIO,0.156,20,No Data,No Data,No Data,78223,78216,No,4A3AB36F49E024343,48,1 - MALE,N - NOT INJURED,0,1,1 - FRONT LEFT OR MOTORCYCLE DRIVER
20746238,No,MESQUITE POLICE DEPARTMENT,25029961,MESQUITE,DRIVER INATTENTION,DALLAS,2025-04-08,N - NOT INJURED,0,NO DATA,85 - DALLAS REGIONAL MEDICAL CENTER,0.401,,20 - DRIVER INATTENTION,No Data,No Data,,No Data,Yes,No Data,No Data,99 - UNKNOWN,99 - UNKNOWN,0,1,99 - UNKNOWN
20746238,No,MESQUITE POLICE DEPARTMENT,25029961,MESQUITE,DRIVER INATTENTION,DALLAS,2025-04-08,N - NOT INJURED,0,NO DATA,85 - DALLAS REGIONAL MEDICAL CENTER,0.401,,No Data,No Data,No Data,75211,75211,No,1FMCU0GN0RUB27271,35,1 - MALE,N - NOT INJURED,0,1,11 - OUTSIDE VEHICLE
20746240,Yes,MESQUITE POLICE DEPARTMENT,25030002,MESQUITE,HAD BEEN DRINKING,DALLAS,2025-04-08,B - SUSPECTED MINOR INJURY,0,NO DATA,85 - DALLAS REGIONAL MEDICAL CENTER,1.713,F6,45 - HAD BEEN DRINKING,No Data,No Data,75154,75154,No,KMHLS4DGXRU829083,25,1 - MALE,B - SUSPECTED MINOR INJURY,1,1,1 - FRONT LEFT OR MOTORCYCLE DRIVER
20746242,Yes,SAN ANTONIO POLICE DEPARTMENT,SAPD25069485,SAN ANTONIO,CHANGED LANE WHEN UNSAFE; DRIVER INATTENTION,BEXAR,2025-04-08,N - NOT INJURED,0,NO DATA,65 - CHRISTUS SANTA ROSA HOSPITAL - WESTOVER HILLS,2.413,50,4 - CHANGED LANE WHEN UNSAFE,20 - DRIVER INATTENTION,No Data,78245,78245,No,4T4BF1FK4CR227180,40,2 - FEMALE,N - NOT INJURED,0,1,1 - FRONT LEFT OR MOTORCYCLE DRIVER
20746242,Yes,SAN ANTONIO POLICE DEPARTMENT,SAPD25069485,SAN ANTONIO,CHANGED LANE WHEN UNSAFE; DRIVER INATTENTION,BEXAR,2025-04-08,N - NOT INJURED,0,NO DATA,65 - CHRISTUS SANTA ROSA HOSPITAL - WESTOVER HILLS,2.413,50,No Data,No Data,No Data,78251,78251,No,JN8AZ2ND0F9770208,47,2 - FEMALE,N - NOT INJURED,0,1,1 - FRONT LEFT OR MOTORCYCLE DRIVER
20746243,Yes,MESQUITE POLICE DEPARTMENT,25030057,MESQUITE,UNSAFE SPEED,DALLAS,2025-04-08,N - NOT INJURED,0,NO DATA,85 - DALLAS REGIONAL MEDICAL CENTER,1.586,,No Data,No Data,No Data,75149,75149,No,JN8AF5MR2CT110998,92,2 - FEMALE,N - NOT INJURED,0,1,1 - FRONT LEFT OR MOTORCYCLE DRIVER
20746243,Yes,MESQUITE POLICE DEPARTMENT,25030057,MESQUITE,UNSAFE SPEED,DALLAS,2025-04-08,N - NOT INJURED,0,NO DATA,85 - DALLAS REGIONAL MEDICAL CENTER,1.586,,No Data,No Data,No Data,75149,75149,No,JN8AF5MR2CT110998,37,1 - MALE,N - NOT INJURED,0,2,3 - FRONT RIGHT
20746245,No,SAN ANTONIO POLICE DEPARTMENT,SAPD25069484,SAN ANTONIO,DISREGARD STOP AND GO SIGNAL; DRIVER INATTENTION,BEXAR,2025-04-08,B - SUSPECTED MINOR INJURY,0,NO DATA,176 - METHODIST HOSPITAL,1.68,50,15 - DISREGARD STOP AND GO SIGNAL,20 - DRIVER INATTENTION,No Data,78240,78240,No,1C4RJEAG3MC784871,23,2 - FEMALE,N - NOT INJURED,0,1,1 - FRONT LEFT OR MOTORCYCLE DRIVER
20746245,No,SAN ANTONIO POLICE DEPARTMENT,SAPD25069484,SAN ANTONIO,DISREGARD STOP AND GO SIGNAL; DRIVER INATTENTION,BEXAR,2025-04-08,B - SUSPECTED MINOR INJURY,0,NO DATA,176 - METHODIST HOSPITAL,1.68,50,No Data,No Data,No Data,78228,78228,No,1C4RJEJG2EC256580,52,2 - FEMALE,B - SUSPECTED MINOR INJURY,1,1,1 - FRONT LEFT OR MOTORCYCLE DRIVER
20746246,Yes,MESQUITE POLICE DEPARTMENT,25030103,MESQUITE,FAILED TO CONTROL SPEED,DALLAS,2025-04-08,N - NOT INJURED,0,NO DATA,85 - DALLAS REGIONAL MEDICAL CENTER,2.429,,No Data,No Data,No Data,75181,75181,No,1G1ZD5ST9JF280721,61,2 - FEMALE,N - NOT INJURED,0,1,1 - FRONT LEFT OR MOTORCYCLE DRIVER
20746247,Yes,SAN ANTONIO POLICE DEPARTMENT,SAPD25069619,SAN ANTONIO,DRIVER INATTENTION; FAILED TO CONTROL SPEED,BEXAR,2025-04-08,N - NOT INJURED,0,NO DATA,"185 - METHODIST TEXSAN HOSPITAL, A METHODIST HOSPITAL FACILITY",2.129,50,22 - FAILED TO CONTROL SPEED,20 - DRIVER INATTENTION,No Data,78229,78229,No,KL77LKE2XRC083361,39,1 - MALE,N - NOT INJURED,0,1,1 - FRONT LEFT OR MOTORCYCLE DRIVER
20746247,Yes,SAN ANTONIO POLICE DEPARTMENT,SAPD25069619,SAN ANTONIO,DRIVER INATTENTION; FAILED TO CONTROL SPEED,BEXAR,2025-04-08,N - NOT INJURED,0,NO DATA,"185 - METHODIST TEXSAN HOSPITAL, A METHODIST HOSPITAL FACILITY",2.129,50,22 - FAILED TO CONTROL SPEED,20 - DRIVER INATTENTION,No Data,78229,78229,No,KL77LKE2XRC083361,49,2 - FEMALE,N - NOT INJURED,0,2,3 - FRONT RIGHT
20746250,Yes,LAREDO POLICE DEPARTMENT,2025-00055806,LAREDO,OTHER (EXPLAIN IN NARRATIVE),WEBB,2025-04-08,N - NOT INJURED,0,NO DATA,141 - LAREDO MEDICAL CENTER,0.414,,98 - OTHER (EXPLAIN IN NARRATIVE),No Data,No Data,78040,78040,No,3GNFC16027G133550,44,2 - FEMALE,N - NOT INJURED,0,1,1 - FRONT LEFT OR MOTORCYCLE DRIVER
20746250,Yes,LAREDO POLICE DEPARTMENT,2025-00055806,LAREDO,OTHER (EXPLAIN IN NARRATIVE),WEBB,2025-04-08,N - NOT INJURED,0,NO DATA,141 - LAREDO MEDICAL CENTER,0.414,,No Data,No Data,No Data,78046,78046,No,KMHDU46D37U103581,37,1 - MALE,N - NOT INJURED,0,1,1 - FRONT LEFT OR MOTORCYCLE DRIVER
20746250,Yes,LAREDO POLICE DEPARTMENT,2025-00055806,LAREDO,OTHER (EXPLAIN IN NARRATIVE),WEBB,2025-04-08,N - NOT INJURED,0,NO DATA,141 - LAREDO MEDICAL CENTER,0.414,,No Data,No Data,No Data,78046,78046,No,KMHDU46D37U103581,36,2 - FEMALE,N - NOT INJURED,0,2,3 - FRONT RIGHT
20746250,Yes,LAREDO POLICE DEPARTMENT,2025-00055806,LAREDO,OTHER (EXPLAIN IN NARRATIVE),WEBB,2025-04-08,N - NOT INJURED,0,NO DATA,141 - LAREDO MEDICAL CENTER,0.414,,No Data,No Data,No Data,78046,78046,No,KMHDU46D37U103581,5,2 - FEMALE,N - NOT INJURED,0,3,6 - SECOND SEAT RIGHT
20746252,No,LAREDO POLICE DEPARTMENT,2025-00056068,LAREDO,FAILED TO CONTROL SPEED,WEBB,2025-04-08,N - NOT INJURED,0,NO DATA,141 - LAREDO MEDICAL CENTER,1.839,,22 - FAILED TO CONTROL SPEED,No Data,No Data,78041,78041,No,2T2ZK1BA2FC155091,53,2 - FEMALE,N - NOT INJURED,0,1,1 - FRONT LEFT OR MOTORCYCLE DRIVER
20746254,Yes,MESQUITE POLICE DEPARTMENT,25030210,MESQUITE,DRIVER INATTENTION,DALLAS,2025-04-08,N - NOT INJURED,0,NO DATA,85 - DALLAS REGIONAL MEDICAL CENTER,3.074,,20 - DRIVER INATTENTION,No Data,No Data,,No Data,Yes,No Data,No Data,99 - UNKNOWN,N - NOT INJURED,0,1,1 - FRONT LEFT OR MOTORCYCLE DRIVER
20746254,Yes,MESQUITE POLICE DEPARTMENT,25030210,MESQUITE,DRIVER INATTENTION,DALLAS,2025-04-08,N - NOT INJURED,0,NO DATA,85 - DALLAS REGIONAL MEDICAL CENTER,3.074,,No Data,No Data,No Data,75147,75147,No,1FT7W2BTXNEF15520,55,1 - MALE,N - NOT INJURED,0,1,1 - FRONT LEFT OR MOTORCYCLE DRIVER
20746255,Yes,SAN ANTONIO POLICE DEPARTMENT,SAPD25069634,SAN ANTONIO,FAULTY EVASIVE ACTION,BEXAR,2025-04-08,N - NOT INJURED,0,NO DATA,65 - CHRISTUS SANTA ROSA HOSPITAL - WESTOVER HILLS,1.483,50,41 - FAULTY EVASIVE ACTION,No Data,No Data,50263,75261,No,3N1CN8EV7SL827116,30,2 - FEMALE,N - NOT INJURED,0,1,1 - FRONT LEFT OR MOTORCYCLE DRIVER
20746257,Yes,SAN ANTONIO POLICE DEPARTMENT,SAPD25069541,SAN ANTONIO,FAILED TO YIELD RIGHT OF WAY - TURNING LEFT,BEXAR,2025-04-08,N - NOT INJURED,0,NO DATA,179 - METHODIST HOSPITAL - STONE OAK,2.465,30,37 - FAILED TO YIELD RIGHT OF WAY - TURNING LEFT,No Data,No Data,78253,78253,No,5TDKKRFH7FS110831,77,2 - FEMALE,N - NOT INJURED,0,1,1 - FRONT LEFT OR MOTORCYCLE DRIVER
20746257,Yes,SAN ANTONIO POLICE DEPARTMENT,SAPD25069541,SAN ANTONIO,FAILED TO YIELD RIGHT OF WAY - TURNING LEFT,BEXAR,2025-04-08,N - NOT INJURED,0,NO DATA,179 - METHODIST HOSPITAL - STONE OAK,2.465,30,No Data,No Data,No Data,78230,78230,No,SALRG2RV3JA072991,45,2 - FEMALE,N - NOT INJURED,0,1,1 - FRONT LEFT OR MOTORCYCLE DRIVER
20746262,Yes,MESQUITE POLICE DEPARTMENT,25030273,MESQUITE,FAILED TO CONTROL SPEED,DALLAS,2025-04-08,B - SUSPECTED MINOR INJURY,0,NO DATA,85 - DALLAS REGIONAL MEDICAL CENTER,5.259,,22 - FAILED TO CONTROL SPEED,No Data,No Data,75181,75181,No,1HD1KTC18JB685227,55,2 - FEMALE,B - SUSPECTED MINOR INJURY,1,1,1 - FRONT LEFT OR MOTORCYCLE DRIVER
20746265,Yes,SAN ANTONIO POLICE DEPARTMENT,SAPD25069593,SAN ANTONIO,DRIVER INATTENTION;FAILED TO YIELD RIGHT OF WAY - YIELD SIGN,BEXAR,2025-04-08,B - SUSPECTED MINOR INJURY,0,NO DATA,53 - CHRISTUS SANTA ROSA HOSPITAL - ALAMO HEIGHTS,1.514,30,39 - FAILED TO YIELD RIGHT OF WAY - YIELD SIGN,20 - DRIVER INATTENTION,No Data,78238,78124,No,5YFBURHE1KP931679,30,1 - MALE,N - NOT INJURED,0,1,1 - FRONT LEFT OR MOTORCYCLE DRIVER
20746265,Yes,SAN ANTONIO POLICE DEPARTMENT,SAPD25069593,SAN ANTONIO,DRIVER INATTENTION;FAILED TO YIELD RIGHT OF WAY - YIELD SIGN,BEXAR,2025-04-08,B - SUSPECTED MINOR INJURY,0,NO DATA,53 - CHRISTUS SANTA ROSA HOSPITAL - ALAMO HEIGHTS,1.514,30,No Data,No Data,No Data,78247,78247,No,1N4AL2AP8CN535660,19,2 - FEMALE,N - NOT INJURED,0,1,1 - FRONT LEFT OR MOTORCYCLE DRIVER
20746265,Yes,SAN ANTONIO POLICE DEPARTMENT,SAPD25069593,SAN ANTONIO,DRIVER INATTENTION;FAILED TO YIELD RIGHT OF WAY - YIELD SIGN,BEXAR,2025-04-08,B - SUSPECTED MINOR INJURY,0,NO DATA,53 - CHRISTUS SANTA ROSA HOSPITAL - ALAMO HEIGHTS,1.514,30,No Data,No Data,No Data,78247,78247,No,1N4AL2AP8CN535660,20,2 - FEMALE,N - NOT INJURED,0,2,3 - FRONT RIGHT
20746265,Yes,SAN ANTONIO POLICE DEPARTMENT,SAPD25069593,SAN ANTONIO,DRIVER INATTENTION;FAILED TO YIELD RIGHT OF WAY - YIELD SIGN,BEXAR,2025-04-08,B - SUSPECTED MINOR INJURY,0,NO DATA,53 - CHRISTUS SANTA ROSA HOSPITAL - ALAMO HEIGHTS,1.514,30,No Data,No Data,No Data,78247,78247,No,1N4AL2AP8CN535660,20,2 - FEMALE,B - SUSPECTED MINOR INJURY,1,3,5 - SECOND SEAT CENTER
20746267,Yes,WACO POLICE DEPARTMENT,25-4474,WACO,FAILED TO CONTROL SPEED,MCLENNAN,2025-04-08,B - SUSPECTED MINOR INJURY,0,NO DATA,2 - ASCENSION PROVIDENCE HOSPITAL,1.394,,22 - FAILED TO CONTROL SPEED,No Data,No Data,76707,76707,No,3N1CP5CV3RL473410,78,2 - FEMALE,B - SUSPECTED MINOR INJURY,1,1,1 - FRONT LEFT OR MOTORCYCLE DRIVER
20746267,Yes,WACO POLICE DEPARTMENT,25-4474,WACO,FAILED TO CONTROL SPEED,MCLENNAN,2025-04-08,B - SUSPECTED MINOR INJURY,0,NO DATA,2 - ASCENSION PROVIDENCE HOSPITAL,1.394,,22 - FAILED TO CONTROL SPEED,No Data,No Data,76701,76701,No,KMHGC4DD8DU242460,24,2 - FEMALE,N - NOT INJURED,0,1,1 - FRONT LEFT OR MOTORCYCLE DRIVER
20746267,Yes,WACO POLICE DEPARTMENT,25-4474,WACO,FAILED TO CONTROL SPEED,MCLENNAN,2025-04-08,B - SUSPECTED MINOR INJURY,0,NO DATA,2 - ASCENSION PROVIDENCE HOSPITAL,1.394,,22 - FAILED TO CONTROL SPEED,No Data,No Data,76701,76701,No,KMHGC4DD8DU242460,52,2 - FEMALE,C - POSSIBLE INJURY,0,2,3 - FRONT RIGHT
20746267,Yes,WACO POLICE DEPARTMENT,25-4474,WACO,FAILED TO CONTROL SPEED,MCLENNAN,2025-04-08,B - SUSPECTED MINOR INJURY,0,NO DATA,2 - ASCENSION PROVIDENCE HOSPITAL,1.394,,22 - FAILED TO CONTROL SPEED,No Data,No Data,76701,76701,No,KMHGC4DD8DU242460,1,1 - MALE,N - NOT INJURED,0,3,4 - SECOND SEAT LEFT OR MOTORCYCLE BACK PASSENGER
20746277,Yes,FRIENDSWOOD POLICE DEPARTMENT,25013393,FRIENDSWOOD,FAILED TO HEED WARNING SIGN,HARRIS,2025-04-08,B - SUSPECTED MINOR INJURY,0,NO DATA,115 - HCA HOUSTON HEALTHCARE CLEAR LAKE,2.465,,25 - FAILED TO HEED WARNING SIGN OR TRAFFIC CONTROL DEVICE,No Data,No Data,77546,77546,No,JN8CS1MU1GM671954,60,1 - MALE,N - NOT INJURED,0,1,1 - FRONT LEFT OR MOTORCYCLE DRIVER
20746277,Yes,FRIENDSWOOD POLICE DEPARTMENT,25013393,FRIENDSWOOD,FAILED TO HEED WARNING SIGN,HARRIS,2025-04-08,B - SUSPECTED MINOR INJURY,0,NO DATA,115 - HCA HOUSTON HEALTHCARE CLEAR LAKE,2.465,,No Data,No Data,No Data,77511,77511,No,1G8ZS57N07F173003,26,2 - FEMALE,B - SUSPECTED MINOR INJURY,1,1,1 - FRONT LEFT OR MOTORCYCLE DRIVER
20746280,Yes,"DEPARTMENT OF PUBLIC SAFETY, STATE OF TEXAS",TX 2025-543093,OUTSIDE CITY LIMITS,FOLLOWED TOO CLOSELY,MIDLAND,2025-04-08,N - NOT INJURED,0,NO DATA,190 - MIDLAND MEMORIAL HOSPITAL,10.575,4A,44 - FOLLOWED TOO CLOSELY,No Data,No Data,79706,79706,No,1FTNW21P13EC69028,26,1 - MALE,N - NOT INJURED,0,1,1 - FRONT LEFT OR MOTORCYCLE DRIVER
20746280,Yes,"DEPARTMENT OF PUBLIC SAFETY, STATE OF TEXAS",TX 2025-543093,OUTSIDE CITY LIMITS,FOLLOWED TOO CLOSELY,MIDLAND,2025-04-08,N - NOT INJURED,0,NO DATA,190 - MIDLAND MEMORIAL HOSPITAL,10.575,4A,44 - FOLLOWED TOO CLOSELY,No Data,No Data,79706,79706,No,1FTNW21P13EC69028,43,1 - MALE,N - NOT INJURED,0,2,3 - FRONT RIGHT
20746280,Yes,"DEPARTMENT OF PUBLIC SAFETY, STATE OF TEXAS",TX 2025-543093,OUTSIDE CITY LIMITS,FOLLOWED TOO CLOSELY,MIDLAND,2025-04-08,N - NOT INJURED,0,NO DATA,190 - MIDLAND MEMORIAL HOSPITAL,10.575,4A,No Data,No Data,No Data,88240,88241,No,1GT22ZCG1CZ304258,44,1 - MALE,N - NOT INJURED,0,1,1 - FRONT LEFT OR MOTORCYCLE DRIVER
20746283,Yes,"DEPARTMENT OF PUBLIC SAFETY, STATE OF TEXAS",TX 2025-543598,OUTSIDE CITY LIMITS,FAILED TO YIELD RIGHT OF WAY - STOP SIGN,MIDLAND,2025-04-08,N - NOT INJURED,0,NO DATA,190 - MIDLAND MEMORIAL HOSPITAL,4.363,4A,35 - FAILED TO YIELD RIGHT OF WAY - STOP SIGN,No Data,No Data,79938,79707,No,1FTPX14V58FB19743,25,1 - MALE,N - NOT INJURED,0,1,1 - FRONT LEFT OR MOTORCYCLE DRIVER
20746283,Yes,"DEPARTMENT OF PUBLIC SAFETY, STATE OF TEXAS",TX 2025-543598,OUTSIDE CITY LIMITS,FAILED TO YIELD RIGHT OF WAY - STOP SIGN,MIDLAND,2025-04-08,N - NOT INJURED,0,NO DATA,190 - MIDLAND MEMORIAL HOSPITAL,4.363,4A,No Data,No Data,No Data,79705,79705,No,1C6SRFJT4RN199636,54,1 - MALE,N - NOT INJURED,0,1,1 - FRONT LEFT OR MOTORCYCLE DRIVER
20746287,Yes,EL PASO POLICE DEPARTMENT,25098024,EL PASO,DRIVER INATTENTION; TURNED IMPROPERLY - WIDE RIGHT,EL PASO,2025-04-08,N - NOT INJURED,0,NO DATA,"142 - LAS PALMAS MEDICAL CENTER, A CAMPUS OF LPDS HEALTHCARE",0.845,,64 - TURNED IMPROPERLY - WIDE RIGHT,20 - DRIVER INATTENTION,No Data,79903,79925,No,5FYC8KB13PF107770,61,1 - MALE,N - NOT INJURED,0,1,1 - FRONT LEFT OR MOTORCYCLE DRIVER
20746287,Yes,EL PASO POLICE DEPARTMENT,25098024,EL PASO,DRIVER INATTENTION; TURNED IMPROPERLY - WIDE RIGHT,EL PASO,2025-04-08,N - NOT INJURED,0,NO DATA,"142 - LAS PALMAS MEDICAL CENTER, A CAMPUS OF LPDS HEALTHCARE",0.845,,No Data,No Data,No Data,,No Data,Yes,No Data,No Data,99 - UNKNOWN,99 - UNKNOWN,0,1,1 - FRONT LEFT OR MOTORCYCLE DRIVER
20746289,Yes,EL PASO POLICE DEPARTMENT,25-098066,EL PASO,NONE,EL PASO,2025-04-08,N - NOT INJURED,0,NO DATA,276 - UNIVERSITY MEDICAL CENTER OF EL PASO,0.764,,No Data,No Data,No Data,,No Data,Yes,No Data,No Data,99 - UNKNOWN,99 - UNKNOWN,0,1,1 - FRONT LEFT OR MOTORCYCLE DRIVER
20746289,Yes,EL PASO POLICE DEPARTMENT,25-098066,EL PASO,NONE,EL PASO,2025-04-08,N - NOT INJURED,0,NO DATA,276 - UNIVERSITY MEDICAL CENTER OF EL PASO,0.764,,No Data,No Data,No Data,79912,79903,No,5TFNX4CN2EX032432,30,1 - MALE,N - NOT INJURED,0,1,1 - FRONT LEFT OR MOTORCYCLE DRIVER
20746291,Yes,EL PASO POLICE DEPARTMENT,25-098137,EL PASO,OTHER (EXPLAIN IN NARRATIVE),EL PASO,2025-04-08,N - NOT INJURED,0,NO DATA,276 - UNIVERSITY MEDICAL CENTER OF EL PASO,2.245,,98 - OTHER (EXPLAIN IN NARRATIVE),No Data,No Data,79903,79903,No,1GCVKREC9EZ331959,35,1 - MALE,N - NOT INJURED,0,1,1 - FRONT LEFT OR MOTORCYCLE DRIVER
20746291,Yes,EL PASO POLICE DEPARTMENT,25-098137,EL PASO,OTHER (EXPLAIN IN NARRATIVE),EL PASO,2025-04-08,N - NOT INJURED,0,NO DATA,276 - UNIVERSITY MEDICAL CENTER OF EL PASO,2.245,,No Data,No Data,No Data,79928,79928,No,1HGCV1F16JA007150,22,1 - MALE,N - NOT INJURED,0,1,1 - FRONT LEFT OR MOTORCYCLE DRIVER
20746310,Yes,HOUSTON POLICE DEPARTMENT,0044885425P,HOUSTON,FAILED TO YIELD RIGHT OF WAY - TO PEDESTRIAN,HARRIS,2025-04-08,A - SUSPECTED SERIOUS INJURY,0,NO DATA,No Data,No Data,F,36 - FAILED TO YIELD RIGHT OF WAY - TO PEDESTRIAN,No Data,No Data,,No Data,Yes,No Data,No Data,1 - MALE,99 - UNKNOWN,0,1,99 - UNKNOWN
20746310,Yes,HOUSTON POLICE DEPARTMENT,0044885425P,HOUSTON,FAILED TO YIELD RIGHT OF WAY - TO PEDESTRIAN,HARRIS,2025-04-08,A - SUSPECTED SERIOUS INJURY,0,NO DATA,No Data,No Data,F,No Data,No Data,No Data,No Data,No Data,No Data,No Data,42,2 - FEMALE,B - SUSPECTED MINOR INJURY,1,1,"16 - PEDESTRIAN, PEDALCYCLIST, OR MOTORIZED CONVEYANCE"
20746310,Yes,HOUSTON POLICE DEPARTMENT,0044885425P,HOUSTON,FAILED TO YIELD RIGHT OF WAY - TO PEDESTRIAN,HARRIS,2025-04-08,A - SUSPECTED SERIOUS INJURY,0,NO DATA,No Data,No Data,F,No Data,No Data,No Data,No Data,No Data,No Data,No Data,2,1 - MALE,A - SUSPECTED SERIOUS INJURY,0,1,"16 - PEDESTRIAN, PEDALCYCLIST, OR MOTORIZED CONVEYANCE"
20746310,Yes,HOUSTON POLICE DEPARTMENT,0044885425P,HOUSTON,FAILED TO YIELD RIGHT OF WAY - TO PEDESTRIAN,HARRIS,2025-04-08,A - SUSPECTED SERIOUS INJURY,0,NO DATA,No Data,No Data,F,No Data,No Data,No Data,No Data,No Data,No Data,No Data,2,1 - MALE,C - POSSIBLE INJURY,0,1,"16 - PEDESTRIAN, PEDALCYCLIST, OR MOTORIZED CONVEYANCE"
20746316,Yes,SEABROOK POLICE DEPARTMENT,2025-150085,SEABROOK,DRIVER INATTENTION; WRONG WAY - ONE WAY ROAD,HARRIS,2025-04-08,B - SUSPECTED MINOR INJURY,0,NO DATA,286 - UTMB HEALTH CLEAR LAKE CAMPUS,5.929,,71 - WRONG WAY - ONE WAY ROAD,20 - DRIVER INATTENTION,No Data,77586,77586,No,5YFBURHE1GP374179,59,2 - FEMALE,B - SUSPECTED MINOR INJURY,1,1,1 - FRONT LEFT OR MOTORCYCLE DRIVER
20746316,Yes,SEABROOK POLICE DEPARTMENT,2025-150085,SEABROOK,DRIVER INATTENTION; WRONG WAY - ONE WAY ROAD,HARRIS,2025-04-08,B - SUSPECTED MINOR INJURY,0,NO DATA,286 - UTMB HEALTH CLEAR LAKE CAMPUS,5.929,,No Data,No Data,No Data,77586,77586,No,1C4RJFAGXKC778097,60,1 - MALE,N - NOT INJURED,0,1,1 - FRONT LEFT OR MOTORCYCLE DRIVER
20746328,Yes,ROCKWALL POLICE DEPARTMENT,2025-12355,ROCKWALL,CHANGED LANE WHEN UNSAFE,ROCKWALL,2025-04-08,B - SUSPECTED MINOR INJURY,0,NO DATA,19 - BAYLOR SCOTT & WHITE MEDICAL CENTER - LAKE POINTE,2.596,1,4 - CHANGED LANE WHEN UNSAFE,No Data,No Data,75228,75228,No,3VW2B7AJ8HM308445,29,1 - MALE,B - SUSPECTED MINOR INJURY,1,1,1 - FRONT LEFT OR MOTORCYCLE DRIVER
20746328,Yes,ROCKWALL POLICE DEPARTMENT,2025-12355,ROCKWALL,CHANGED LANE WHEN UNSAFE,ROCKWALL,2025-04-08,B - SUSPECTED MINOR INJURY,0,NO DATA,19 - BAYLOR SCOTT & WHITE MEDICAL CENTER - LAKE POINTE,2.596,1,No Data,No Data,No Data,32811,60544,No,4V4NC9EH2SN655691,45,1 - MALE,N - NOT INJURED,0,1,1 - FRONT LEFT OR MOTORCYCLE DRIVER
20746330,Yes,PASADENA POLICE DEPARTMENT,25005077,PASADENA,FAILED TO YIELD RIGHT OF WAY - TURNING LEFT,HARRIS,2025-04-08,N - NOT INJURED,0,NO DATA,122 - HCA HOUSTON HEALTHCARE SOUTHEAST,0.753,,37 - FAILED TO YIELD RIGHT OF WAY - TURNING LEFT,No Data,No Data,60447,77504,No,1GAHG39U661102792,24,2 - FEMALE,N - NOT INJURED,0,1,1 - FRONT LEFT OR MOTORCYCLE DRIVER
20746330,Yes,PASADENA POLICE DEPARTMENT,25005077,PASADENA,FAILED TO YIELD RIGHT OF WAY - TURNING LEFT,HARRIS,2025-04-08,N - NOT INJURED,0,NO DATA,122 - HCA HOUSTON HEALTHCARE SOUTHEAST,0.753,,No Data,No Data,No Data,77059,77059,No,4T1BF1FK1HU799972,36,1 - MALE,N - NOT INJURED,0,1,1 - FRONT LEFT OR MOTORCYCLE DRIVER
20746332,No,BROWNSVILLE POLICE DEPARTMENT,202504080141,BROWNSVILLE,TURNED WHEN UNSAFE,CAMERON,2025-04-08,99 - UNKNOWN,0,NO DATA,293 - VALLEY BAPTIST MEDICAL CENTER - BROWNSVILLE,2.603,NE,66 - TURNED WHEN UNSAFE,No Data,No Data,,,Yes,No Data,No Data,99 - UNKNOWN,99 - UNKNOWN,0,1,1 - FRONT LEFT OR MOTORCYCLE DRIVER
20746336,Yes,ANNA POLICE DEPARTMENT,25075621,ANNA,DRIVER INATTENTION,COLLIN,2025-04-08,N - NOT INJURED,0,NO DATA,22 - BAYLOR SCOTT & WHITE MEDICAL CENTER - MCKINNEY,11.297,,No Data,No Data,No Data,75409,75409,No,1GKS2HKJ5HR353434,35,1 - MALE,N - NOT INJURED,0,1,1 - FRONT LEFT OR MOTORCYCLE DRIVER
20746339,Yes,DALLAS ISD POLICE DEPARTMENT,251862,DALLAS,DRIVER INATTENTION; FAILED TO PASS TO LEFT SAFELY,DALLAS,2025-04-08,N - NOT INJURED,0,NO DATA,258 - TEXAS HEALTH PRESBYTERIAN HOSPITAL DALLAS,1.349,,20 - DRIVER INATTENTION,26 - FAILED TO PASS TO LEFT SAFELY,No Data,,,Yes,No Data,No Data,99 - UNKNOWN,99 - UNKNOWN,0,1,1 - FRONT LEFT OR MOTORCYCLE DRIVER
20746339,Yes,DALLAS ISD POLICE DEPARTMENT,251862,DALLAS,DRIVER INATTENTION; FAILED TO PASS TO LEFT SAFELY,DALLAS,2025-04-08,N - NOT INJURED,0,NO DATA,258 - TEXAS HEALTH PRESBYTERIAN HOSPITAL DALLAS,1.349,,No Data,No Data,No Data,75062,75231,No,4DRBUC8N2MB080034,45,2 - FEMALE,N - NOT INJURED,0,1,1 - FRONT LEFT OR MOTORCYCLE DRIVER
20746339,Yes,DALLAS ISD POLICE DEPARTMENT,251862,DALLAS,DRIVER INATTENTION; FAILED TO PASS TO LEFT SAFELY,DALLAS,2025-04-08,N - NOT INJURED,0,NO DATA,258 - TEXAS HEALTH PRESBYTERIAN HOSPITAL DALLAS,1.349,,No Data,No Data,No Data,75062,75231,No,4DRBUC8N2MB080034,15,2 - FEMALE,N - NOT INJURED,0,2,14 - PASSENGER IN BUS
20746339,Yes,DALLAS ISD POLICE DEPARTMENT,251862,DALLAS,DRIVER INATTENTION; FAILED TO PASS TO LEFT SAFELY,DALLAS,2025-04-08,N - NOT INJURED,0,NO DATA,258 - TEXAS HEALTH PRESBYTERIAN HOSPITAL DALLAS,1.349,,No Data,No Data,No Data,75062,75231,No,4DRBUC8N2MB080034,13,1 - MALE,N - NOT INJURED,0,3,14 - PASSENGER IN BUS
20746339,Yes,DALLAS ISD POLICE DEPARTMENT,251862,DALLAS,DRIVER INATTENTION; FAILED TO PASS TO LEFT SAFELY,DALLAS,2025-04-08,N - NOT INJURED,0,NO DATA,258 - TEXAS HEALTH PRESBYTERIAN HOSPITAL DALLAS,1.349,,No Data,No Data,No Data,75062,75231,No,4DRBUC8N2MB080034,11,1 - MALE,N - NOT INJURED,0,4,14 - PASSENGER IN BUS
20746339,Yes,DALLAS ISD POLICE DEPARTMENT,251862,DALLAS,DRIVER INATTENTION; FAILED TO PASS TO LEFT SAFELY,DALLAS,2025-04-08,N - NOT INJURED,0,NO DATA,258 - TEXAS HEALTH PRESBYTERIAN HOSPITAL DALLAS,1.349,,No Data,No Data,No Data,75062,75231,No,4DRBUC8N2MB080034,11,2 - FEMALE,N - NOT INJURED,0,5,14 - PASSENGER IN BUS
20746339,Yes,DALLAS ISD POLICE DEPARTMENT,251862,DALLAS,DRIVER INATTENTION; FAILED TO PASS TO LEFT SAFELY,DALLAS,2025-04-08,N - NOT INJURED,0,NO DATA,258 - TEXAS HEALTH PRESBYTERIAN HOSPITAL DALLAS,1.349,,No Data,No Data,No Data,75062,75231,No,4DRBUC8N2MB080034,15,2 - FEMALE,N - NOT INJURED,0,6,14 - PASSENGER IN BUS
20746339,Yes,DALLAS ISD POLICE DEPARTMENT,251862,DALLAS,DRIVER INATTENTION; FAILED TO PASS TO LEFT SAFELY,DALLAS,2025-04-08,N - NOT INJURED,0,NO DATA,258 - TEXAS HEALTH PRESBYTERIAN HOSPITAL DALLAS,1.349,,No Data,No Data,No Data,75062,75231,No,4DRBUC8N2MB080034,14,2 - FEMALE,N - NOT INJURED,0,7,14 - PASSENGER IN BUS
20746341,Yes,BAYTOWN POLICE DEPARTMENT,2025-16663,BAYTOWN,DRIVER INATTENTION;FAILED TO YIELD RIGHT OF WAY - PRIVATE DRIVE,HARRIS,2025-04-08,N - NOT INJURED,0,NO DATA,122 - HCA HOUSTON HEALTHCARE SOUTHEAST,15.633,,34 - FAILED TO YIELD RIGHT OF WAY - PRIVATE DRIVE,No Data,No Data,77521,77521,No,5N1DR2MNXHC901214,74,2 - FEMALE,N - NOT INJURED,0,1,1 - FRONT LEFT OR MOTORCYCLE DRIVER
20746341,Yes,BAYTOWN POLICE DEPARTMENT,2025-16663,BAYTOWN,DRIVER INATTENTION;FAILED TO YIELD RIGHT OF WAY - PRIVATE DRIVE,HARRIS,2025-04-08,N - NOT INJURED,0,NO DATA,122 - HCA HOUSTON HEALTHCARE SOUTHEAST,15.633,,No Data,No Data,No Data,77521,77521,No,1FMCU0GD2KUB56798,38,2 - FEMALE,N - NOT INJURED,0,1,1 - FRONT LEFT OR MOTORCYCLE DRIVER
20746367,Yes,LUBBOCK POLICE DEPARTMENT,250010809,LUBBOCK,CHANGED LANE WHEN UNSAFE,LUBBOCK,2025-04-08,N - NOT INJURED,0,NO DATA,77 - COVENANT CHILDRENS HOSPITAL,3.524,4,4 - CHANGED LANE WHEN UNSAFE,No Data,No Data,,No Data,Yes,No Data,No Data,1 - MALE,N - NOT INJURED,0,1,1 - FRONT LEFT OR MOTORCYCLE DRIVER
20746367,Yes,LUBBOCK POLICE DEPARTMENT,250010809,LUBBOCK,CHANGED LANE WHEN UNSAFE,LUBBOCK,2025-04-08,N - NOT INJURED,0,NO DATA,77 - COVENANT CHILDRENS HOSPITAL,3.524,4,No Data,No Data,No Data,79404,79404,No,1FMEU6DE9AUA38917,21,1 - MALE,N - NOT INJURED,0,1,1 - FRONT LEFT OR MOTORCYCLE DRIVER
20746372,Yes,GALVESTON POLICE DEPARTMENT,25-001836,GALVESTON,FAILED TO YIELD RIGHT OF WAY - STOP SIGN,GALVESTON,2025-04-08,B - SUSPECTED MINOR INJURY,0,NO DATA,278 - UNIVERSITY OF TEXAS MEDICAL BRANCH,3.63,,35 - FAILED TO YIELD RIGHT OF WAY - STOP SIGN,No Data,No Data,2486,77061,No,5UX23EM0359Z52298,49,1 - MALE,N - NOT INJURED,0,1,1 - FRONT LEFT OR MOTORCYCLE DRIVER
20746372,Yes,GALVESTON POLICE DEPARTMENT,25-001836,GALVESTON,FAILED TO YIELD RIGHT OF WAY - STOP SIGN,GALVESTON,2025-04-08,B - SUSPECTED MINOR INJURY,0,NO DATA,278 - UNIVERSITY OF TEXAS MEDICAL BRANCH,3.63,,35 - FAILED TO YIELD RIGHT OF WAY - STOP SIGN,No Data,No Data,2486,77061,No,5UX23EM0359Z52298,52,2 - FEMALE,C - POSSIBLE INJURY,0,2,3 - FRONT RIGHT
20746372,Yes,GALVESTON POLICE DEPARTMENT,25-001836,GALVESTON,FAILED TO YIELD RIGHT OF WAY - STOP SIGN,GALVESTON,2025-04-08,B - SUSPECTED MINOR INJURY,0,NO DATA,278 - UNIVERSITY OF TEXAS MEDICAL BRANCH,3.63,,35 - FAILED TO YIELD RIGHT OF WAY - STOP SIGN,No Data,No Data,2486,77061,No,5UX23EM0359Z52298,16,1 - MALE,N - NOT INJURED,0,3,4 - SECOND SEAT LEFT OR MOTORCYCLE BACK PASSENGER
20746372,Yes,GALVESTON POLICE DEPARTMENT,25-001836,GALVESTON,FAILED TO YIELD RIGHT OF WAY - STOP SIGN,GALVESTON,2025-04-08,B - SUSPECTED MINOR INJURY,0,NO DATA,278 - UNIVERSITY OF TEXAS MEDICAL BRANCH,3.63,,No Data,No Data,No Data,77551,77551,No,1G1125S36KU110618,31,2 - FEMALE,B - SUSPECTED MINOR INJURY,1,1,1 - FRONT LEFT OR MOTORCYCLE DRIVER
20746375,No,GALVESTON POLICE DEPARTMENT,25-001838,GALVESTON,DISREGARD TURN MARKS AT INTERSECTION,GALVESTON,2025-04-08,N - NOT INJURED,0,NO DATA,278 - UNIVERSITY OF TEXAS MEDICAL BRANCH,5.385,,17 - DISREGARD TURN MARKS AT INTERSECTION,No Data,No Data,51240,51240,No,1FT7W2BT2GEB68736,72,1 - MALE,N - NOT INJURED,0,1,1 - FRONT LEFT OR MOTORCYCLE DRIVER
20746375,No,GALVESTON POLICE DEPARTMENT,25-001838,GALVESTON,DISREGARD TURN MARKS AT INTERSECTION,GALVESTON,2025-04-08,N - NOT INJURED,0,NO DATA,278 - UNIVERSITY OF TEXAS MEDICAL BRANCH,5.385,,17 - DISREGARD TURN MARKS AT INTERSECTION,No Data,No Data,51240,51240,No,1FT7W2BT2GEB68736,70,2 - FEMALE,N - NOT INJURED,0,2,3 - FRONT RIGHT
20746375,No,GALVESTON POLICE DEPARTMENT,25-001838,GALVESTON,DISREGARD TURN MARKS AT INTERSECTION,GALVESTON,2025-04-08,N - NOT INJURED,0,NO DATA,278 - UNIVERSITY OF TEXAS MEDICAL BRANCH,5.385,,No Data,No Data,No Data,77591,77591,No,1C4RJEA68JC239163,32,2 - FEMALE,N - NOT INJURED,0,1,1 - FRONT LEFT OR MOTORCYCLE DRIVER
20746377,Yes,LUBBOCK POLICE DEPARTMENT,250010823,LUBBOCK,FAILED TO YIELD RIGHT OF WAY - STOP SIGN,LUBBOCK,2025-04-08,C - POSSIBLE INJURY,0,NO DATA,77 - COVENANT CHILDRENS HOSPITAL,4.808,1,35 - FAILED TO YIELD RIGHT OF WAY - STOP SIGN,No Data,No Data,79424,79424,No,JS2YC5A34C6304732,18,1 - MALE,N - NOT INJURED,0,1,1 - FRONT LEFT OR MOTORCYCLE DRIVER
20746377,Yes,LUBBOCK POLICE DEPARTMENT,250010823,LUBBOCK,FAILED TO YIELD RIGHT OF WAY - STOP SIGN,LUBBOCK,2025-04-08,C - POSSIBLE INJURY,0,NO DATA,77 - COVENANT CHILDRENS HOSPITAL,4.808,1,No Data,No Data,No Data,79424,79424,No,WBA3A5C59CF342625,22,1 - MALE,C - POSSIBLE INJURY,0,1,1 - FRONT LEFT OR MOTORCYCLE DRIVER
20746378,No,LUBBOCK POLICE DEPARTMENT,250010878,LUBBOCK,CHANGED LANE WHEN UNSAFE,LUBBOCK,2025-04-08,N - NOT INJURED,0,NO DATA,77 - COVENANT CHILDRENS HOSPITAL,2.286,1,4 - CHANGED LANE WHEN UNSAFE,No Data,No Data,79414,79414,No,2T2HK31U47C040156,62,2 - FEMALE,N - NOT INJURED,0,1,1 - FRONT LEFT OR MOTORCYCLE DRIVER
20746378,No,LUBBOCK POLICE DEPARTMENT,250010878,LUBBOCK,CHANGED LANE WHEN UNSAFE,LUBBOCK,2025-04-08,N - NOT INJURED,0,NO DATA,77 - COVENANT CHILDRENS HOSPITAL,2.286,1,No Data,No Data,No Data,77067,77067,No,1HGCU1F39LA075060,22,2 - FEMALE,N - NOT INJURED,0,1,1 - FRONT LEFT OR MOTORCYCLE DRIVER
20746378,No,LUBBOCK POLICE DEPARTMENT,250010878,LUBBOCK,CHANGED LANE WHEN UNSAFE,LUBBOCK,2025-04-08,N - NOT INJURED,0,NO DATA,77 - COVENANT CHILDRENS HOSPITAL,2.286,1,No Data,No Data,No Data,77067,77067,No,1HGCU1F39LA075060,24,1 - MALE,N - NOT INJURED,0,2,4 - SECOND SEAT LEFT OR MOTORCYCLE BACK PASSENGER
20746378,No,LUBBOCK POLICE DEPARTMENT,250010878,LUBBOCK,CHANGED LANE WHEN UNSAFE,LUBBOCK,2025-04-08,N - NOT INJURED,0,NO DATA,77 - COVENANT CHILDRENS HOSPITAL,2.286,1,No Data,No Data,No Data,77067,77067,No,1HGCU1F39LA075060,0,2 - FEMALE,N - NOT INJURED,0,3,6 - SECOND SEAT RIGHT
20746380,Yes,GALVESTON POLICE DEPARTMENT,25-001832,GALVESTON,FAILED TO YIELD RIGHT OF WAY - TURNING LEFT,GALVESTON,2025-04-08,C - POSSIBLE INJURY,0,NO DATA,278 - UNIVERSITY OF TEXAS MEDICAL BRANCH,0.519,,No Data,No Data,No Data,77550,77550,No,3LN6L2G99ERA34840,69,1 - MALE,C - POSSIBLE INJURY,0,1,1 - FRONT LEFT OR MOTORCYCLE DRIVER
20746380,Yes,GALVESTON POLICE DEPARTMENT,25-001832,GALVESTON,FAILED TO YIELD RIGHT OF WAY - TURNING LEFT,GALVESTON,2025-04-08,C - POSSIBLE INJURY,0,NO DATA,278 - UNIVERSITY OF TEXAS MEDICAL BRANCH,0.519,,37 - FAILED TO YIELD RIGHT OF WAY - TURNING LEFT,No Data,No Data,77590,77590,No,2FMPK3G91JBB58650,54,2 - FEMALE,N - NOT INJURED,0,1,1 - FRONT LEFT OR MOTORCYCLE DRIVER
20746380,Yes,GALVESTON POLICE DEPARTMENT,25-001832,GALVESTON,FAILED TO YIELD RIGHT OF WAY - TURNING LEFT,GALVESTON,2025-04-08,C - POSSIBLE INJURY,0,NO DATA,278 - UNIVERSITY OF TEXAS MEDICAL BRANCH,0.519,,No Data,No Data,No Data,77551,77093,No,2C4RDGEG0KR536191,42,1 - MALE,C - POSSIBLE INJURY,0,1,1 - FRONT LEFT OR MOTORCYCLE DRIVER
20746383,Yes,BEAUMONT POLICE DEPARTMENT,2025006574,BEAUMONT,TURNED IMPROPERLY - WRONG LANE,JEFFERSON,2025-04-08,N - NOT INJURED,0,NO DATA,58 - CHRISTUS SOUTHEAST TEXAS - ST. ELIZABETH,0.519,,65 - TURNED IMPROPERLY - WRONG LANE,No Data,No Data,77627,77627,No,1FMJK1HT0HEA59241,32,2 - FEMALE,N - NOT INJURED,0,1,1 - FRONT LEFT OR MOTORCYCLE DRIVER
20746383,Yes,BEAUMONT POLICE DEPARTMENT,2025006574,BEAUMONT,TURNED IMPROPERLY - WRONG LANE,JEFFERSON,2025-04-08,N - NOT INJURED,0,NO DATA,58 - CHRISTUS SOUTHEAST TEXAS - ST. ELIZABETH,0.519,,65 - TURNED IMPROPERLY - WRONG LANE,No Data,No Data,77627,77627,No,1FMJK1HT0HEA59241,26,2 - FEMALE,N - NOT INJURED,0,2,3 - FRONT RIGHT
20746383,Yes,BEAUMONT POLICE DEPARTMENT,2025006574,BEAUMONT,TURNED IMPROPERLY - WRONG LANE,JEFFERSON,2025-04-08,N - NOT INJURED,0,NO DATA,58 - CHRISTUS SOUTHEAST TEXAS - ST. ELIZABETH,0.519,,65 - TURNED IMPROPERLY - WRONG LANE,No Data,No Data,77627,77627,No,1FMJK1HT0HEA59241,21,2 - FEMALE,N - NOT INJURED,0,3,6 - SECOND SEAT RIGHT
20746383,Yes,BEAUMONT POLICE DEPARTMENT,2025006574,BEAUMONT,TURNED IMPROPERLY - WRONG LANE,JEFFERSON,2025-04-08,N - NOT INJURED,0,NO DATA,58 - CHRISTUS SOUTHEAST TEXAS - ST. ELIZABETH,0.519,,No Data,No Data,No Data,77701,77701,No,1GYEC63N56R110077,44,2 - FEMALE,N - NOT INJURED,0,1,1 - FRONT LEFT OR MOTORCYCLE DRIVER
20746384,Yes,COLLIN COUNTY SHERIFF'S OFFICE,25075346,NEVADA,FAILED TO CONTROL SPEED,COLLIN,2025-04-08,N - NOT INJURED,0,NO DATA,19 - BAYLOR SCOTT & WHITE MEDICAL CENTER - LAKE POINTE,10.931,1,22 - FAILED TO CONTROL SPEED,No Data,No Data,75173,75173,No,1N4AA6AP4GC906408,19,1 - MALE,N - NOT INJURED,0,1,1 - FRONT LEFT OR MOTORCYCLE DRIVER
20746384,Yes,COLLIN COUNTY SHERIFF'S OFFICE,25075346,NEVADA,FAILED TO CONTROL SPEED,COLLIN,2025-04-08,N - NOT INJURED,0,NO DATA,19 - BAYLOR SCOTT & WHITE MEDICAL CENTER - LAKE POINTE,10.931,1,No Data,No Data,No Data,75173,75173,No,2CNALDEWXA6258062,25,1 - MALE,N - NOT INJURED,0,1,1 - FRONT LEFT OR MOTORCYCLE DRIVER
20746384,Yes,COLLIN COUNTY SHERIFF'S OFFICE,25075346,NEVADA,FAILED TO CONTROL SPEED,COLLIN,2025-04-08,N - NOT INJURED,0,NO DATA,19 - BAYLOR SCOTT & WHITE MEDICAL CENTER - LAKE POINTE,10.931,1,No Data,No Data,No Data,75189,75189,No,KM8K53A3XNU798894,31,2 - FEMALE,N - NOT INJURED,0,1,1 - FRONT LEFT OR MOTORCYCLE DRIVER
20746385,Yes,BEAUMONT POLICE DEPARTMENT,2025006575,BEAUMONT,TURNED IMPROPERLY - WIDE RIGHT,JEFFERSON,2025-04-08,N - NOT INJURED,0,NO DATA,58 - CHRISTUS SOUTHEAST TEXAS - ST. ELIZABETH,0.69,,64 - TURNED IMPROPERLY - WIDE RIGHT,No Data,No Data,77701,77701,No,KNDJP3A57K7698208,67,2 - FEMALE,N - NOT INJURED,0,1,1 - FRONT LEFT OR MOTORCYCLE DRIVER
20746385,Yes,BEAUMONT POLICE DEPARTMENT,2025006575,BEAUMONT,TURNED IMPROPERLY - WIDE RIGHT,JEFFERSON,2025-04-08,N - NOT INJURED,0,NO DATA,58 - CHRISTUS SOUTHEAST TEXAS - ST. ELIZABETH,0.69,,64 - TURNED IMPROPERLY - WIDE RIGHT,No Data,No Data,77701,77701,No,KNDJP3A57K7698208,76,2 - FEMALE,N - NOT INJURED,0,2,3 - FRONT RIGHT
20746385,Yes,BEAUMONT POLICE DEPARTMENT,2025006575,BEAUMONT,TURNED IMPROPERLY - WIDE RIGHT,JEFFERSON,2025-04-08,N - NOT INJURED,0,NO DATA,58 - CHRISTUS SOUTHEAST TEXAS - ST. ELIZABETH,0.69,,64 - TURNED IMPROPERLY - WIDE RIGHT,No Data,No Data,77701,77701,No,KNDJP3A57K7698208,75,2 - FEMALE,N - NOT INJURED,0,3,6 - SECOND SEAT RIGHT
20746385,Yes,BEAUMONT POLICE DEPARTMENT,2025006575,BEAUMONT,TURNED IMPROPERLY - WIDE RIGHT,JEFFERSON,2025-04-08,N - NOT INJURED,0,NO DATA,58 - CHRISTUS SOUTHEAST TEXAS - ST. ELIZABETH,0.69,,No Data,No Data,No Data,77706,77706,No,3C8FY68B83T624288,68,1 - MALE,N - NOT INJURED,0,1,1 - FRONT LEFT OR MOTORCYCLE DRIVER
20746389,Yes,BEAUMONT POLICE DEPARTMENT,2025006584,BEAUMONT,DISREGARD STOP SIGN OR LIGHT;OTHER (EXPLAIN IN NARRATIVE),JEFFERSON,2025-04-08,N - NOT INJURED,0,NO DATA,58 - CHRISTUS SOUTHEAST TEXAS - ST. ELIZABETH,2.284,,16 - DISREGARD STOP SIGN OR LIGHT,No Data,No Data,77702,77702,No,JM1GJ1W54G1429179,24,2 - FEMALE,N - NOT INJURED,0,1,1 - FRONT LEFT OR MOTORCYCLE DRIVER
20746389,Yes,BEAUMONT POLICE DEPARTMENT,2025006584,BEAUMONT,DISREGARD STOP SIGN OR LIGHT;OTHER (EXPLAIN IN NARRATIVE),JEFFERSON,2025-04-08,N - NOT INJURED,0,NO DATA,58 - CHRISTUS SOUTHEAST TEXAS - ST. ELIZABETH,2.284,,98 - OTHER (EXPLAIN IN NARRATIVE),No Data,No Data,77705,21152,No,1FMZK1CM1JKA17249,64,2 - FEMALE,N - NOT INJURED,0,1,1 - FRONT LEFT OR MOTORCYCLE DRIVER
20746389,Yes,BEAUMONT POLICE DEPARTMENT,2025006584,BEAUMONT,DISREGARD STOP SIGN OR LIGHT;OTHER (EXPLAIN IN NARRATIVE),JEFFERSON,2025-04-08,N - NOT INJURED,0,NO DATA,58 - CHRISTUS SOUTHEAST TEXAS - ST. ELIZABETH,2.284,,98 - OTHER (EXPLAIN IN NARRATIVE),No Data,No Data,77705,21152,No,1FMZK1CM1JKA17249,43,2 - FEMALE,N - NOT INJURED,0,2,3 - FRONT RIGHT
20746389,Yes,BEAUMONT POLICE DEPARTMENT,2025006584,BEAUMONT,DISREGARD STOP SIGN OR LIGHT;OTHER (EXPLAIN IN NARRATIVE),JEFFERSON,2025-04-08,N - NOT INJURED,0,NO DATA,58 - CHRISTUS SOUTHEAST TEXAS - ST. ELIZABETH,2.284,,98 - OTHER (EXPLAIN IN NARRATIVE),No Data,No Data,77705,21152,No,1FMZK1CM1JKA17249,41,1 - MALE,N - NOT INJURED,0,3,14 - PASSENGER IN BUS
20746389,Yes,BEAUMONT POLICE DEPARTMENT,2025006584,BEAUMONT,DISREGARD STOP SIGN OR LIGHT;OTHER (EXPLAIN IN NARRATIVE),JEFFERSON,2025-04-08,N - NOT INJURED,0,NO DATA,58 - CHRISTUS SOUTHEAST TEXAS - ST. ELIZABETH,2.284,,98 - OTHER (EXPLAIN IN NARRATIVE),No Data,No Data,77705,21152,No,1FMZK1CM1JKA17249,32,1 - MALE,N - NOT INJURED,0,4,14 - PASSENGER IN BUS
20746389,Yes,BEAUMONT POLICE DEPARTMENT,2025006584,BEAUMONT,DISREGARD STOP SIGN OR LIGHT;OTHER (EXPLAIN IN NARRATIVE),JEFFERSON,2025-04-08,N - NOT INJURED,0,NO DATA,58 - CHRISTUS SOUTHEAST TEXAS - ST. ELIZABETH,2.284,,98 - OTHER (EXPLAIN IN NARRATIVE),No Data,No Data,77705,21152,No,1FMZK1CM1JKA17249,27,1 - MALE,N - NOT INJURED,0,5,14 - PASSENGER IN BUS
20746389,Yes,BEAUMONT POLICE DEPARTMENT,2025006584,BEAUMONT,DISREGARD STOP SIGN OR LIGHT;OTHER (EXPLAIN IN NARRATIVE),JEFFERSON,2025-04-08,N - NOT INJURED,0,NO DATA,58 - CHRISTUS SOUTHEAST TEXAS - ST. ELIZABETH,2.284,,98 - OTHER (EXPLAIN IN NARRATIVE),No Data,No Data,77705,21152,No,1FMZK1CM1JKA17249,56,1 - MALE,N - NOT INJURED,0,6,14 - PASSENGER IN BUS
20746389,Yes,BEAUMONT POLICE DEPARTMENT,2025006584,BEAUMONT,DISREGARD STOP SIGN OR LIGHT;OTHER (EXPLAIN IN NARRATIVE),JEFFERSON,2025-04-08,N - NOT INJURED,0,NO DATA,58 - CHRISTUS SOUTHEAST TEXAS - ST. ELIZABETH,2.284,,98 - OTHER (EXPLAIN IN NARRATIVE),No Data,No Data,77705,21152,No,1FMZK1CM1JKA17249,26,1 - MALE,N - NOT INJURED,0,7,14 - PASSENGER IN BUS
20746389,Yes,BEAUMONT POLICE DEPARTMENT,2025006584,BEAUMONT,DISREGARD STOP SIGN OR LIGHT;OTHER (EXPLAIN IN NARRATIVE),JEFFERSON,2025-04-08,N - NOT INJURED,0,NO DATA,58 - CHRISTUS SOUTHEAST TEXAS - ST. ELIZABETH,2.284,,98 - OTHER (EXPLAIN IN NARRATIVE),No Data,No Data,77705,21152,No,1FMZK1CM1JKA17249,24,1 - MALE,N - NOT INJURED,0,8,14 - PASSENGER IN BUS
20746389,Yes,BEAUMONT POLICE DEPARTMENT,2025006584,BEAUMONT,DISREGARD STOP SIGN OR LIGHT;OTHER (EXPLAIN IN NARRATIVE),JEFFERSON,2025-04-08,N - NOT INJURED,0,NO DATA,58 - CHRISTUS SOUTHEAST TEXAS - ST. ELIZABETH,2.284,,98 - OTHER (EXPLAIN IN NARRATIVE),No Data,No Data,77705,21152,No,1FMZK1CM1JKA17249,25,1 - MALE,N - NOT INJURED,0,9,14 - PASSENGER IN BUS
20746389,Yes,BEAUMONT POLICE DEPARTMENT,2025006584,BEAUMONT,DISREGARD STOP SIGN OR LIGHT;OTHER (EXPLAIN IN NARRATIVE),JEFFERSON,2025-04-08,N - NOT INJURED,0,NO DATA,58 - CHRISTUS SOUTHEAST TEXAS - ST. ELIZABETH,2.284,,98 - OTHER (EXPLAIN IN NARRATIVE),No Data,No Data,77705,21152,No,1FMZK1CM1JKA17249,63,1 - MALE,N - NOT INJURED,0,10,14 - PASSENGER IN BUS
20746390,Yes,LUBBOCK POLICE DEPARTMENT,250010890,LUBBOCK,FAILED TO CONTROL SPEED,LUBBOCK,2025-04-08,B - SUSPECTED MINOR INJURY,0,NO DATA,82 - COVENANT MEDICAL CENTER,2.38,2,22 - FAILED TO CONTROL SPEED,No Data,No Data,79415,79415,No,19XFC1F30GE021974,60,1 - MALE,B - SUSPECTED MINOR INJURY,1,1,1 - FRONT LEFT OR MOTORCYCLE DRIVER
20746390,Yes,LUBBOCK POLICE DEPARTMENT,250010890,LUBBOCK,FAILED TO CONTROL SPEED,LUBBOCK,2025-04-08,B - SUSPECTED MINOR INJURY,0,NO DATA,82 - COVENANT MEDICAL CENTER,2.38,2,No Data,No Data,No Data,78737,78737,No,3GCPCREH5JG162860,21,1 - MALE,N - NOT INJURED,0,1,1 - FRONT LEFT OR MOTORCYCLE DRIVER
20746390,Yes,LUBBOCK POLICE DEPARTMENT,250010890,LUBBOCK,FAILED TO CONTROL SPEED,LUBBOCK,2025-04-08,B - SUSPECTED MINOR INJURY,0,NO DATA,82 - COVENANT MEDICAL CENTER,2.38,2,No Data,No Data,No Data,78737,78737,No,3GCPCREH5JG162860,20,1 - MALE,N - NOT INJURED,0,2,3 - FRONT RIGHT
20746390,Yes,LUBBOCK POLICE DEPARTMENT,250010890,LUBBOCK,FAILED TO CONTROL SPEED,LUBBOCK,2025-04-08,B - SUSPECTED MINOR INJURY,0,NO DATA,82 - COVENANT MEDICAL CENTER,2.38,2,No Data,No Data,No Data,78737,78737,No,3GCPCREH5JG162860,20,1 - MALE,N - NOT INJURED,0,3,6 - SECOND SEAT RIGHT
20746393,Yes,BEAUMONT POLICE DEPARTMENT,2025006593,BEAUMONT,CHANGED LANE WHEN UNSAFE,JEFFERSON,2025-04-08,N - NOT INJURED,0,NO DATA,58 - CHRISTUS SOUTHEAST TEXAS - ST. ELIZABETH,2.932,,4 - CHANGED LANE WHEN UNSAFE,No Data,No Data,77707,77707,No,2GCEC19T911194288,37,1 - MALE,N - NOT INJURED,0,1,1 - FRONT LEFT OR MOTORCYCLE DRIVER
20746393,Yes,BEAUMONT POLICE DEPARTMENT,2025006593,BEAUMONT,CHANGED LANE WHEN UNSAFE,JEFFERSON,2025-04-08,N - NOT INJURED,0,NO DATA,58 - CHRISTUS SOUTHEAST TEXAS - ST. ELIZABETH,2.932,,No Data,No Data,No Data,77701,77701,No,1LN6L9SK5J5614868,46,1 - MALE,N - NOT INJURED,0,1,1 - FRONT LEFT OR MOTORCYCLE DRIVER
20746394,Yes,IRVING POLICE DEPARTMENT,25-7207,IRVING,FAILED TO YIELD RIGHT OF WAY - STOP SIGN,DALLAS,2025-04-08,N - NOT INJURED,0,NO DATA,155 - MEDICAL CITY LAS COLINAS,5.316,,35 - FAILED TO YIELD RIGHT OF WAY - STOP SIGN,No Data,No Data,75061,75061,No,3GCPABEK9NG517382,44,1 - MALE,N - NOT INJURED,0,1,1 - FRONT LEFT OR MOTORCYCLE DRIVER
20746394,Yes,IRVING POLICE DEPARTMENT,25-7207,IRVING,FAILED TO YIELD RIGHT OF WAY - STOP SIGN,DALLAS,2025-04-08,N - NOT INJURED,0,NO DATA,155 - MEDICAL CITY LAS COLINAS,5.316,,No Data,No Data,No Data,75061,75061,No,5TFRU54157X004302,22,2 - FEMALE,N - NOT INJURED,0,1,1 - FRONT LEFT OR MOTORCYCLE DRIVER
20746395,Yes,BEAUMONT POLICE DEPARTMENT,2025006590,BEAUMONT,FAILED TO CONTROL SPEED,JEFFERSON,2025-04-08,C - POSSIBLE INJURY,0,NO DATA,58 - CHRISTUS SOUTHEAST TEXAS - ST. ELIZABETH,2.817,,22 - FAILED TO CONTROL SPEED,No Data,No Data,77701,77706,No,1GCHC24U95E116424,36,1 - MALE,N - NOT INJURED,0,1,1 - FRONT LEFT OR MOTORCYCLE DRIVER
20746395,Yes,BEAUMONT POLICE DEPARTMENT,2025006590,BEAUMONT,FAILED TO CONTROL SPEED,JEFFERSON,2025-04-08,C - POSSIBLE INJURY,0,NO DATA,58 - CHRISTUS SOUTHEAST TEXAS - ST. ELIZABETH,2.817,,No Data,No Data,No Data,77706,77706,No,5N1AR1NB4AC626463,60,1 - MALE,C - POSSIBLE INJURY,0,1,1 - FRONT LEFT OR MOTORCYCLE DRIVER
20746395,Yes,BEAUMONT POLICE DEPARTMENT,2025006590,BEAUMONT,FAILED TO CONTROL SPEED,JEFFERSON,2025-04-08,C - POSSIBLE INJURY,0,NO DATA,58 - CHRISTUS SOUTHEAST TEXAS - ST. ELIZABETH,2.817,,No Data,No Data,No Data,77706,77706,No,5N1AR1NB4AC626463,41,2 - FEMALE,N - NOT INJURED,0,2,3 - FRONT RIGHT
20746395,Yes,BEAUMONT POLICE DEPARTMENT,2025006590,BEAUMONT,FAILED TO CONTROL SPEED,JEFFERSON,2025-04-08,C - POSSIBLE INJURY,0,NO DATA,58 - CHRISTUS SOUTHEAST TEXAS - ST. ELIZABETH,2.817,,No Data,No Data,No Data,77706,77706,No,5N1AR1NB4AC626463,3,2 - FEMALE,N - NOT INJURED,0,3,6 - SECOND SEAT RIGHT
20746395,Yes,BEAUMONT POLICE DEPARTMENT,2025006590,BEAUMONT,FAILED TO CONTROL SPEED,JEFFERSON,2025-04-08,C - POSSIBLE INJURY,0,NO DATA,58 - CHRISTUS SOUTHEAST TEXAS - ST. ELIZABETH,2.817,,No Data,No Data,No Data,77706,77706,No,WDDSJ4EB1JN649016,24,2 - FEMALE,C - POSSIBLE INJURY,0,1,1 - FRONT LEFT OR MOTORCYCLE DRIVER
20746395,Yes,BEAUMONT POLICE DEPARTMENT,2025006590,BEAUMONT,FAILED TO CONTROL SPEED,JEFFERSON,2025-04-08,C - POSSIBLE INJURY,0,NO DATA,58 - CHRISTUS SOUTHEAST TEXAS - ST. ELIZABETH,2.817,,No Data,No Data,No Data,77706,77706,No,WDDSJ4EB1JN649016,13,1 - MALE,N - NOT INJURED,0,2,3 - FRONT RIGHT
20746398,Yes,DONNA POLICE DEPARTMENT,25-004668,DONNA,TURNED WHEN UNSAFE,HIDALGO,2025-04-08,N - NOT INJURED,0,NO DATA,137 - KNAPP MEDICAL CENTER,4.324,,66 - TURNED WHEN UNSAFE,No Data,No Data,78537,78537,No,WAUKMAF41JA101893,30,2 - FEMALE,N - NOT INJURED,0,1,1 - FRONT LEFT OR MOTORCYCLE DRIVER
20746398,Yes,DONNA POLICE DEPARTMENT,25-004668,DONNA,TURNED WHEN UNSAFE,HIDALGO,2025-04-08,N - NOT INJURED,0,NO DATA,137 - KNAPP MEDICAL CENTER,4.324,,No Data,No Data,No Data,78537,78537,No,5YFBURHE7GP503509,39,2 - FEMALE,N - NOT INJURED,0,1,1 - FRONT LEFT OR MOTORCYCLE DRIVER
20746411,Yes,WACO POLICE DEPARTMENT,25-4444,WACO,DISREGARD STOP AND GO SIGNAL,MCLENNAN,2025-04-08,C - POSSIBLE INJURY,0,NO DATA,28 - BAYLOR SCOTT & WHITE MEDICAL CENTER - HILLCREST,2.776,,15 - DISREGARD STOP AND GO SIGNAL,No Data,No Data,76706,76706,No,1FMHK7F82BGA92821,33,1 - MALE,N - NOT INJURED,0,1,1 - FRONT LEFT OR MOTORCYCLE DRIVER
20746411,Yes,WACO POLICE DEPARTMENT,25-4444,WACO,DISREGARD STOP AND GO SIGNAL,MCLENNAN,2025-04-08,C - POSSIBLE INJURY,0,NO DATA,28 - BAYLOR SCOTT & WHITE MEDICAL CENTER - HILLCREST,2.776,,No Data,No Data,No Data,78617,78617,No,5YFEPMAE6MP230334,44,2 - FEMALE,C - POSSIBLE INJURY,0,1,1 - FRONT LEFT OR MOTORCYCLE DRIVER
20746411,Yes,WACO POLICE DEPARTMENT,25-4444,WACO,DISREGARD STOP AND GO SIGNAL,MCLENNAN,2025-04-08,C - POSSIBLE INJURY,0,NO DATA,28 - BAYLOR SCOTT & WHITE MEDICAL CENTER - HILLCREST,2.776,,No Data,No Data,No Data,78617,78617,No,5YFEPMAE6MP230334,19,1 - MALE,C - POSSIBLE INJURY,0,2,3 - FRONT RIGHT
20746411,Yes,WACO POLICE DEPARTMENT,25-4444,WACO,DISREGARD STOP AND GO SIGNAL,MCLENNAN,2025-04-08,C - POSSIBLE INJURY,0,NO DATA,28 - BAYLOR SCOTT & WHITE MEDICAL CENTER - HILLCREST,2.776,,No Data,No Data,No Data,78617,78617,No,5YFEPMAE6MP230334,18,1 - MALE,N - NOT INJURED,0,3,4 - SECOND SEAT LEFT OR MOTORCYCLE BACK PASSENGER
20746411,Yes,WACO POLICE DEPARTMENT,25-4444,WACO,DISREGARD STOP AND GO SIGNAL,MCLENNAN,2025-04-08,C - POSSIBLE INJURY,0,NO DATA,28 - BAYLOR SCOTT & WHITE MEDICAL CENTER - HILLCREST,2.776,,No Data,No Data,No Data,78617,78617,No,5YFEPMAE6MP230334,14,2 - FEMALE,C - POSSIBLE INJURY,0,4,5 - SECOND SEAT CENTER
20746411,Yes,WACO POLICE DEPARTMENT,25-4444,WACO,DISREGARD STOP AND GO SIGNAL,MCLENNAN,2025-04-08,C - POSSIBLE INJURY,0,NO DATA,28 - BAYLOR SCOTT & WHITE MEDICAL CENTER - HILLCREST,2.776,,No Data,No Data,No Data,78617,78617,No,5YFEPMAE6MP230334,19,2 - FEMALE,C - POSSIBLE INJURY,0,5,6 - SECOND SEAT RIGHT
20746414,Yes,IRVING POLICE DEPARTMENT,25-7211,IRVING,BACKED WITHOUT SAFETY,DALLAS,2025-04-08,N - NOT INJURED,0,NO DATA,297 - WILLIAM P. CLEMENTS UNIVERSITY HOSPITAL,5.476,,3 - BACKED WITHOUT SAFETY,No Data,No Data,,,Yes,No Data,No Data,99 - UNKNOWN,99 - UNKNOWN,0,1,1 - FRONT LEFT OR MOTORCYCLE DRIVER
20746414,Yes,IRVING POLICE DEPARTMENT,25-7211,IRVING,BACKED WITHOUT SAFETY,DALLAS,2025-04-08,N - NOT INJURED,0,NO DATA,297 - WILLIAM P. CLEMENTS UNIVERSITY HOSPITAL,5.476,,No Data,No Data,No Data,75060,75060,No,JTHBL5EF5A5092087,72,2 - FEMALE,N - NOT INJURED,0,1,1 - FRONT LEFT OR MOTORCYCLE DRIVER
20746417,Yes,SAGINAW POLICE DEPARTMENT,25SG06542,SAGINAW,FAILED TO CONTROL SPEED,TARRANT,2025-04-08,N - NOT INJURED,0,NO DATA,153 - MEDICAL CITY ALLIANCE,4.194,,22 - FAILED TO CONTROL SPEED,No Data,No Data,76131,76131,No,5NPD84LF8JH342821,48,1 - MALE,N - NOT INJURED,0,1,1 - FRONT LEFT OR MOTORCYCLE DRIVER
20746417,Yes,SAGINAW POLICE DEPARTMENT,25SG06542,SAGINAW,FAILED TO CONTROL SPEED,TARRANT,2025-04-08,N - NOT INJURED,0,NO DATA,153 - MEDICAL CITY ALLIANCE,4.194,,No Data,No Data,No Data,76110,76110,No,1HGCP2F81AA170706,24,1 - MALE,N - NOT INJURED,0,1,1 - FRONT LEFT OR MOTORCYCLE DRIVER
20746422,Yes,PALESTINE POLICE DEPARTMENT,C2505950,PALESTINE,DRIVER INATTENTION;FAILED TO YIELD RIGHT OF WAY - TURNING LEFT,ANDERSON,2025-04-08,B - SUSPECTED MINOR INJURY,0,NO DATA,207 - PALESTINE REGIONAL MEDICAL CENTER,3.283,,37 - FAILED TO YIELD RIGHT OF WAY - TURNING LEFT,20 - DRIVER INATTENTION,No Data,78748,78748,No,1FMCU0F68NUB52603,75,2 - FEMALE,B - SUSPECTED MINOR INJURY,1,1,1 - FRONT LEFT OR MOTORCYCLE DRIVER
20746422,Yes,PALESTINE POLICE DEPARTMENT,C2505950,PALESTINE,DRIVER INATTENTION;FAILED TO YIELD RIGHT OF WAY - TURNING LEFT,ANDERSON,2025-04-08,B - SUSPECTED MINOR INJURY,0,NO DATA,207 - PALESTINE REGIONAL MEDICAL CENTER,3.283,,No Data,No Data,No Data,15317,15317,No,1C4HJXDN5JW320220,57,1 - MALE,B - SUSPECTED MINOR INJURY,1,1,1 - FRONT LEFT OR MOTORCYCLE DRIVER
20746424,Yes,GRANBURY POLICE DEPARTMENT,G25007271,GRANBURY,DRIVER INATTENTION,HOOD,2025-04-08,N - NOT INJURED,0,NO DATA,138 - LAKE GRANBURY MEDICAL CENTER,2.348,,20 - DRIVER INATTENTION,No Data,No Data,76048,76048,No,5YJXCBE21HF061205,37,1 - MALE,N - NOT INJURED,0,1,1 - FRONT LEFT OR MOTORCYCLE DRIVER
20746437,No,CONROE POLICE DEPARTMENT,25040270,CONROE,FAILED TO CONTROL SPEED,MONTGOMERY,2025-04-08,N - NOT INJURED,0,NO DATA,116 - HCA HOUSTON HEALTHCARE CONROE,2.873,,22 - FAILED TO CONTROL SPEED,No Data,No Data,77365,77365,No,1FT8W4DT2NEF80746,28,1 - MALE,N - NOT INJURED,0,1,1 - FRONT LEFT OR MOTORCYCLE DRIVER
20746437,No,CONROE POLICE DEPARTMENT,25040270,CONROE,FAILED TO CONTROL SPEED,MONTGOMERY,2025-04-08,N - NOT INJURED,0,NO DATA,116 - HCA HOUSTON HEALTHCARE CONROE,2.873,,No Data,No Data,No Data,77301,77301,No,JF1ZDBE1XR9700678,49,1 - MALE,N - NOT INJURED,0,1,1 - FRONT LEFT OR MOTORCYCLE DRIVER
20746438,Yes,CONROE POLICE DEPARTMENT,25040251,CONROE,NONE,MONTGOMERY,2025-04-08,B - SUSPECTED MINOR INJURY,0,NO DATA,116 - HCA HOUSTON HEALTHCARE CONROE,0.635,,No Data,No Data,No Data,77328,77328,No,5TFRM5F11HX110566,51,1 - MALE,B - SUSPECTED MINOR INJURY,1,1,1 - FRONT LEFT OR MOTORCYCLE DRIVER
20746438,Yes,CONROE POLICE DEPARTMENT,25040251,CONROE,NONE,MONTGOMERY,2025-04-08,B - SUSPECTED MINOR INJURY,0,NO DATA,116 - HCA HOUSTON HEALTHCARE CONROE,0.635,,No Data,No Data,No Data,77036,77036,No,5TDYK3DC6FS638827,62,2 - FEMALE,C - POSSIBLE INJURY,0,1,1 - FRONT LEFT OR MOTORCYCLE DRIVER
20746442,Yes,SAN ANGELO POLICE DEPARTMENT,20250003834,SAN ANGELO,FAILED TO YIELD RIGHT OF WAY - STOP SIGN,TOM GREEN,2025-04-08,N - NOT INJURED,0,NO DATA,233 - SHANNON MEDICAL CENTER SOUTH,1.604,,35 - FAILED TO YIELD RIGHT OF WAY - STOP SIGN,No Data,No Data,76905,76905,No,1FT7W2BT7KEG40311,61,2 - FEMALE,N - NOT INJURED,0,1,1 - FRONT LEFT OR MOTORCYCLE DRIVER
20746442,Yes,SAN ANGELO POLICE DEPARTMENT,20250003834,SAN ANGELO,FAILED TO YIELD RIGHT OF WAY - STOP SIGN,TOM GREEN,2025-04-08,N - NOT INJURED,0,NO DATA,233 - SHANNON MEDICAL CENTER SOUTH,1.604,,No Data,No Data,No Data,76904,76904,No,1GYKPCRS3PZ212112,73,2 - FEMALE,N - NOT INJURED,0,1,1 - FRONT LEFT OR MOTORCYCLE DRIVER
20746443,Yes,PORT ARTHUR POLICE DEPARTMENT,12816-25,PORT ARTHUR,FAILED TO YIELD RIGHT OF WAY - PRIVATE DRIVE,JEFFERSON,2025-04-08,B - SUSPECTED MINOR INJURY,0,NO DATA,266 - THE MEDICAL CENTER OF SOUTHEAST TEXAS,5.47,ST,34 - FAILED TO YIELD RIGHT OF WAY - PRIVATE DRIVE,No Data,No Data,77642,77642,No,KNDJT2A26B7229753,19,2 - FEMALE,N - NOT INJURED,0,1,1 - FRONT LEFT OR MOTORCYCLE DRIVER
20746443,Yes,PORT ARTHUR POLICE DEPARTMENT,12816-25,PORT ARTHUR,FAILED TO YIELD RIGHT OF WAY - PRIVATE DRIVE,JEFFERSON,2025-04-08,B - SUSPECTED MINOR INJURY,0,NO DATA,266 - THE MEDICAL CENTER OF SOUTHEAST TEXAS,5.47,ST,No Data,No Data,No Data,77095,77095,No,1G1ZB5ST3JF278372,73,2 - FEMALE,B - SUSPECTED MINOR INJURY,1,1,1 - FRONT LEFT OR MOTORCYCLE DRIVER
20746443,Yes,PORT ARTHUR POLICE DEPARTMENT,12816-25,PORT ARTHUR,FAILED TO YIELD RIGHT OF WAY - PRIVATE DRIVE,JEFFERSON,2025-04-08,B - SUSPECTED MINOR INJURY,0,NO DATA,266 - THE MEDICAL CENTER OF SOUTHEAST TEXAS,5.47,ST,No Data,No Data,No Data,77095,77095,No,1G1ZB5ST3JF278372,18,2 - FEMALE,N - NOT INJURED,0,2,3 - FRONT RIGHT
20746448,Yes,GRANBURY POLICE DEPARTMENT,G25007300,GRANBURY,FAILED TO YIELD RIGHT OF WAY - PRIVATE DRIVE,HOOD,2025-04-08,B - SUSPECTED MINOR INJURY,0,NO DATA,138 - LAKE GRANBURY MEDICAL CENTER,4.188,,34 - FAILED TO YIELD RIGHT OF WAY - PRIVATE DRIVE,No Data,No Data,76048,76048,No,3GTUUGED1PG345876,54,2 - FEMALE,N - NOT INJURED,0,1,1 - FRONT LEFT OR MOTORCYCLE DRIVER
20746448,Yes,GRANBURY POLICE DEPARTMENT,G25007300,GRANBURY,FAILED TO YIELD RIGHT OF WAY - PRIVATE DRIVE,HOOD,2025-04-08,B - SUSPECTED MINOR INJURY,0,NO DATA,138 - LAKE GRANBURY MEDICAL CENTER,4.188,,34 - FAILED TO YIELD RIGHT OF WAY - PRIVATE DRIVE,No Data,No Data,76048,76048,No,3GTUUGED1PG345876,72,2 - FEMALE,N - NOT INJURED,0,2,3 - FRONT RIGHT
20746448,Yes,GRANBURY POLICE DEPARTMENT,G25007300,GRANBURY,FAILED TO YIELD RIGHT OF WAY - PRIVATE DRIVE,HOOD,2025-04-08,B - SUSPECTED MINOR INJURY,0,NO DATA,138 - LAKE GRANBURY MEDICAL CENTER,4.188,,No Data,No Data,No Data,76049,76049,No,1HD1YWK12MB032222,23,1 - MALE,B - SUSPECTED MINOR INJURY,1,1,1 - FRONT LEFT OR MOTORCYCLE DRIVER
20746452,Yes,HOUSTON POLICE DEPARTMENT,0044856725O,HOUSTON,FAILED TO YIELD RIGHT OF WAY - PRIVATE DRIVE,HARRIS,2025-04-08,N - NOT INJURED,0,NO DATA,168 - MEMORIAL HERMANN SOUTHWEST HOSPITAL,1.111,E,34 - FAILED TO YIELD RIGHT OF WAY - PRIVATE DRIVE,No Data,No Data,77099,77099,No,3GTUUGEL9PG135128,44,1 - MALE,N - NOT INJURED,0,1,1 - FRONT LEFT OR MOTORCYCLE DRIVER
20746452,Yes,HOUSTON POLICE DEPARTMENT,0044856725O,HOUSTON,FAILED TO YIELD RIGHT OF WAY - PRIVATE DRIVE,HARRIS,2025-04-08,N - NOT INJURED,0,NO DATA,168 - MEMORIAL HERMANN SOUTHWEST HOSPITAL,1.111,E,No Data,No Data,No Data,77074,77074,No,5N1AR18U36C625390,44,1 - MALE,N - NOT INJURED,0,1,1 - FRONT LEFT OR MOTORCYCLE DRIVER
20746456,Yes,PORT ARTHUR POLICE DEPARTMENT,12794-25,PORT ARTHUR,FAILED TO YIELD RIGHT OF WAY - STOP SIGN,JEFFERSON,2025-04-08,N - NOT INJURED,0,NO DATA,266 - THE MEDICAL CENTER OF SOUTHEAST TEXAS,3.717,ST,35 - FAILED TO YIELD RIGHT OF WAY - STOP SIGN,No Data,No Data,77642,77642,No,5NPD84LF3KH452709,34,2 - FEMALE,N - NOT INJURED,0,1,1 - FRONT LEFT OR MOTORCYCLE DRIVER
20746456,Yes,PORT ARTHUR POLICE DEPARTMENT,12794-25,PORT ARTHUR,FAILED TO YIELD RIGHT OF WAY - STOP SIGN,JEFFERSON,2025-04-08,N - NOT INJURED,0,NO DATA,266 - THE MEDICAL CENTER OF SOUTHEAST TEXAS,3.717,ST,35 - FAILED TO YIELD RIGHT OF WAY - STOP SIGN,No Data,No Data,77642,77642,No,5NPD84LF3KH452709,4,1 - MALE,N - NOT INJURED,0,2,4 - SECOND SEAT LEFT OR MOTORCYCLE BACK PASSENGER
20746456,Yes,PORT ARTHUR POLICE DEPARTMENT,12794-25,PORT ARTHUR,FAILED TO YIELD RIGHT OF WAY - STOP SIGN,JEFFERSON,2025-04-08,N - NOT INJURED,0,NO DATA,266 - THE MEDICAL CENTER OF SOUTHEAST TEXAS,3.717,ST,No Data,No Data,No Data,77642,77642,No,1C6RREJT2KN770829,17,2 - FEMALE,N - NOT INJURED,0,1,1 - FRONT LEFT OR MOTORCYCLE DRIVER
20746458,Yes,WILLIAMSON COUNTY SHERIFF'S OFFICE,2025104383,OUTSIDE CITY LIMITS,FATIGUED OR ASLEEP,WILLIAMSON,2025-04-08,N - NOT INJURED,0,NO DATA,24 - BAYLOR SCOTT & WHITE MEDICAL CENTER - TAYLOR,6.287,,40 - FATIGUED OR ASLEEP,No Data,No Data,76537,35242,No,1FVHCYCY9GHHA5033,24,1 - MALE,N - NOT INJURED,0,1,1 - FRONT LEFT OR MOTORCYCLE DRIVER
20746458,Yes,WILLIAMSON COUNTY SHERIFF'S OFFICE,2025104383,OUTSIDE CITY LIMITS,FATIGUED OR ASLEEP,WILLIAMSON,2025-04-08,N - NOT INJURED,0,NO DATA,24 - BAYLOR SCOTT & WHITE MEDICAL CENTER - TAYLOR,6.287,,40 - FATIGUED OR ASLEEP,No Data,No Data,76537,35242,No,1FVHCYCY9GHHA5033,20,1 - MALE,N - NOT INJURED,0,2,3 - FRONT RIGHT
20746466,Yes,ROYSE CITY POLICE DEPARTMENT,2025-5533,ROYSE CITY,CHANGED LANE WHEN UNSAFE,HUNT,2025-04-08,N - NOT INJURED,0,NO DATA,19 - BAYLOR SCOTT & WHITE MEDICAL CENTER - LAKE POINTE,13.062,S,4 - CHANGED LANE WHEN UNSAFE,No Data,No Data,75189,75189,No,KNAGM4A7XF5536727,17,1 - MALE,N - NOT INJURED,0,1,1 - FRONT LEFT OR MOTORCYCLE DRIVER
20746466,Yes,ROYSE CITY POLICE DEPARTMENT,2025-5533,ROYSE CITY,CHANGED LANE WHEN UNSAFE,HUNT,2025-04-08,N - NOT INJURED,0,NO DATA,19 - BAYLOR SCOTT & WHITE MEDICAL CENTER - LAKE POINTE,13.062,S,4 - CHANGED LANE WHEN UNSAFE,No Data,No Data,75189,75189,No,KNAGM4A7XF5536727,17,1 - MALE,N - NOT INJURED,0,2,3 - FRONT RIGHT
20746466,Yes,ROYSE CITY POLICE DEPARTMENT,2025-5533,ROYSE CITY,CHANGED LANE WHEN UNSAFE,HUNT,2025-04-08,N - NOT INJURED,0,NO DATA,19 - BAYLOR SCOTT & WHITE MEDICAL CENTER - LAKE POINTE,13.062,S,4 - CHANGED LANE WHEN UNSAFE,No Data,No Data,75189,75189,No,KNAGM4A7XF5536727,16,1 - MALE,N - NOT INJURED,0,3,6 - SECOND SEAT RIGHT
20746466,Yes,ROYSE CITY POLICE DEPARTMENT,2025-5533,ROYSE CITY,CHANGED LANE WHEN UNSAFE,HUNT,2025-04-08,N - NOT INJURED,0,NO DATA,19 - BAYLOR SCOTT & WHITE MEDICAL CENTER - LAKE POINTE,13.062,S,4 - CHANGED LANE WHEN UNSAFE,No Data,No Data,75189,75189,No,KNAGM4A7XF5536727,17,1 - MALE,N - NOT INJURED,0,4,5 - SECOND SEAT CENTER
20746466,Yes,ROYSE CITY POLICE DEPARTMENT,2025-5533,ROYSE CITY,CHANGED LANE WHEN UNSAFE,HUNT,2025-04-08,N - NOT INJURED,0,NO DATA,19 - BAYLOR SCOTT & WHITE MEDICAL CENTER - LAKE POINTE,13.062,S,4 - CHANGED LANE WHEN UNSAFE,No Data,No Data,75189,75189,No,KNAGM4A7XF5536727,17,1 - MALE,N - NOT INJURED,0,5,4 - SECOND SEAT LEFT OR MOTORCYCLE BACK PASSENGER
20746466,Yes,ROYSE CITY POLICE DEPARTMENT,2025-5533,ROYSE CITY,CHANGED LANE WHEN UNSAFE,HUNT,2025-04-08,N - NOT INJURED,0,NO DATA,19 - BAYLOR SCOTT & WHITE MEDICAL CENTER - LAKE POINTE,13.062,S,No Data,No Data,No Data,75087,75087,No,5TFEY5F16EX171023,17,1 - MALE,N - NOT INJURED,0,1,1 - FRONT LEFT OR MOTORCYCLE DRIVER
20746466,Yes,ROYSE CITY POLICE DEPARTMENT,2025-5533,ROYSE CITY,CHANGED LANE WHEN UNSAFE,HUNT,2025-04-08,N - NOT INJURED,0,NO DATA,19 - BAYLOR SCOTT & WHITE MEDICAL CENTER - LAKE POINTE,13.062,S,No Data,No Data,No Data,75087,75087,No,5TFEY5F16EX171023,17,2 - FEMALE,N - NOT INJURED,0,2,3 - FRONT RIGHT
20746467,Yes,ROYSE CITY POLICE DEPARTMENT,2025-5548,ROYSE CITY,DRIVER INATTENTION; FAILED TO CONTROL SPEED,ROCKWALL,2025-04-08,N - NOT INJURED,0,NO DATA,19 - BAYLOR SCOTT & WHITE MEDICAL CENTER - LAKE POINTE,10.549,C,22 - FAILED TO CONTROL SPEED,20 - DRIVER INATTENTION,No Data,75189,75228,No,1G11Z5SL8FU138751,47,2 - FEMALE,N - NOT INJURED,0,1,1 - FRONT LEFT OR MOTORCYCLE DRIVER
20746467,Yes,ROYSE CITY POLICE DEPARTMENT,2025-5548,ROYSE CITY,DRIVER INATTENTION; FAILED TO CONTROL SPEED,ROCKWALL,2025-04-08,N - NOT INJURED,0,NO DATA,19 - BAYLOR SCOTT & WHITE MEDICAL CENTER - LAKE POINTE,10.549,C,No Data,No Data,No Data,35014,35124,No,1FT8W2BT0LEE93335,26,1 - MALE,N - NOT INJURED,0,1,1 - FRONT LEFT OR MOTORCYCLE DRIVER
20746467,Yes,ROYSE CITY POLICE DEPARTMENT,2025-5548,ROYSE CITY,DRIVER INATTENTION; FAILED TO CONTROL SPEED,ROCKWALL,2025-04-08,N - NOT INJURED,0,NO DATA,19 - BAYLOR SCOTT & WHITE MEDICAL CENTER - LAKE POINTE,10.549,C,No Data,No Data,No Data,35014,35124,No,1FT8W2BT0LEE93335,39,1 - MALE,N - NOT INJURED,0,2,1 - FRONT LEFT OR MOTORCYCLE DRIVER
20746469,No,HOUSTON POLICE DEPARTMENT,0044872025L,HOUSTON,FAILED TO DRIVE IN SINGLE LANE,HARRIS,2025-04-08,C - POSSIBLE INJURY,0,NO DATA,168 - MEMORIAL HERMANN SOUTHWEST HOSPITAL,1.966,F,No Data,No Data,No Data,,,Yes,No Data,No Data,99 - UNKNOWN,99 - UNKNOWN,0,1,1 - FRONT LEFT OR MOTORCYCLE DRIVER
20746469,No,HOUSTON POLICE DEPARTMENT,0044872025L,HOUSTON,FAILED TO DRIVE IN SINGLE LANE,HARRIS,2025-04-08,C - POSSIBLE INJURY,0,NO DATA,168 - MEMORIAL HERMANN SOUTHWEST HOSPITAL,1.966,F,No Data,No Data,No Data,77082,77082,No,KNDJN2A21E7055539,23,2 - FEMALE,C - POSSIBLE INJURY,0,1,1 - FRONT LEFT OR MOTORCYCLE DRIVER
20746471,Yes,WILLIAMSON COUNTY SHERIFF'S OFFICE,2025104900,OUTSIDE CITY LIMITS,OTHER (EXPLAIN IN NARRATIVE),WILLIAMSON,2025-04-08,N - NOT INJURED,0,NO DATA,13 - ASCENSION SETON WILLIAMSON,7.62,,98 - OTHER (EXPLAIN IN NARRATIVE),No Data,No Data,78642,78626,No,1FDUF5GT5LDA03319,60,1 - MALE,N - NOT INJURED,0,1,1 - FRONT LEFT OR MOTORCYCLE DRIVER
20746471,Yes,WILLIAMSON COUNTY SHERIFF'S OFFICE,2025104900,OUTSIDE CITY LIMITS,OTHER (EXPLAIN IN NARRATIVE),WILLIAMSON,2025-04-08,N - NOT INJURED,0,NO DATA,13 - ASCENSION SETON WILLIAMSON,7.62,,98 - OTHER (EXPLAIN IN NARRATIVE),No Data,No Data,77447,77377,No,1XPXP4EX1RD662570,51,1 - MALE,N - NOT INJURED,0,1,1 - FRONT LEFT OR MOTORCYCLE DRIVER
20746478,Yes,"DEPARTMENT OF PUBLIC SAFETY, STATE OF TEXAS",TX2025-547060,OUTSIDE CITY LIMITS,PASSED IN NO PASSING LANE,WISE,2025-04-08,N - NOT INJURED,0,NO DATA,299 - WISE HEALTH SYSTEM,10.845,1C,57 - PASSED IN NO PASSING LANE,No Data,No Data,76078,76078,No,2C3CCAAG6EH327807,47,2 - FEMALE,N - NOT INJURED,0,1,1 - FRONT LEFT OR MOTORCYCLE DRIVER
20746478,Yes,"DEPARTMENT OF PUBLIC SAFETY, STATE OF TEXAS",TX2025-547060,OUTSIDE CITY LIMITS,PASSED IN NO PASSING LANE,WISE,2025-04-08,N - NOT INJURED,0,NO DATA,299 - WISE HEALTH SYSTEM,10.845,1C,No Data,No Data,No Data,76078,76078,No,1FTEX1C50JKC50374,57,1 - MALE,N - NOT INJURED,0,1,1 - FRONT LEFT OR MOTORCYCLE DRIVER
20746479,No,SAN ANGELO POLICE DEPARTMENT,20250003487,SAN ANGELO,NONE,TOM GREEN,2025-04-08,N - NOT INJURED,0,NO DATA,230 - SHANNON MEDICAL CENTER,1.54,,No Data,No Data,No Data,,No Data,Yes,No Data,No Data,99 - UNKNOWN,99 - UNKNOWN,0,1,1 - FRONT LEFT OR MOTORCYCLE DRIVER
20746479,No,SAN ANGELO POLICE DEPARTMENT,20250003487,SAN ANGELO,NONE,TOM GREEN,2025-04-08,N - NOT INJURED,0,NO DATA,230 - SHANNON MEDICAL CENTER,1.54,,No Data,No Data,No Data,76903,76903,No,1GNSCBKC9GR321969,36,1 - MALE,N - NOT INJURED,0,1,1 - FRONT LEFT OR MOTORCYCLE DRIVER
20746481,Yes,WACO POLICE DEPARTMENT,25-4468,WACO,FAILED TO YIELD RIGHT OF WAY - STOP SIGN,MCLENNAN,2025-04-08,N - NOT INJURED,0,NO DATA,28 - BAYLOR SCOTT & WHITE MEDICAL CENTER - HILLCREST,4.075,,35 - FAILED TO YIELD RIGHT OF WAY - STOP SIGN,No Data,No Data,76638,76638,No,2T2ZK1BA5DC093876,70,2 - FEMALE,N - NOT INJURED,0,1,1 - FRONT LEFT OR MOTORCYCLE DRIVER
20746481,Yes,WACO POLICE DEPARTMENT,25-4468,WACO,FAILED TO YIELD RIGHT OF WAY - STOP SIGN,MCLENNAN,2025-04-08,N - NOT INJURED,0,NO DATA,28 - BAYLOR SCOTT & WHITE MEDICAL CENTER - HILLCREST,4.075,,No Data,No Data,No Data,78006,78006,No,WBA8E1G58GNT38199,19,2 - FEMALE,N - NOT INJURED,0,1,1 - FRONT LEFT OR MOTORCYCLE DRIVER
20746488,Yes,HOUSTON POLICE DEPARTMENT,0044829025X,HOUSTON,FAILED TO CONTROL SPEED,HARRIS,2025-04-08,N - NOT INJURED,0,NO DATA,242 - ST. JOSEPH MEDICAL CENTER,3.634,H,22 - FAILED TO CONTROL SPEED,No Data,No Data,77087,77087,No,3GTP8CED0LG140585,26,1 - MALE,N - NOT INJURED,0,1,1 - FRONT LEFT OR MOTORCYCLE DRIVER
20746488,Yes,HOUSTON POLICE DEPARTMENT,0044829025X,HOUSTON,FAILED TO CONTROL SPEED,HARRIS,2025-04-08,N - NOT INJURED,0,NO DATA,242 - ST. JOSEPH MEDICAL CENTER,3.634,H,No Data,No Data,No Data,77502,No Data,No,1FTNE2EL7EDA48553,39,1 - MALE,N - NOT INJURED,0,1,1 - FRONT LEFT OR MOTORCYCLE DRIVER
20746488,Yes,HOUSTON POLICE DEPARTMENT,0044829025X,HOUSTON,FAILED TO CONTROL SPEED,HARRIS,2025-04-08,N - NOT INJURED,0,NO DATA,242 - ST. JOSEPH MEDICAL CENTER,3.634,H,No Data,No Data,No Data,77502,No Data,No,1FTNE2EL7EDA48553,30,1 - MALE,N - NOT INJURED,0,2,3 - FRONT RIGHT
20746498,Yes,CYPRESS-FAIRBANKS ISD POLICE DEPARTMENT,25C043944,OUTSIDE CITY LIMITS,TURNED WHEN UNSAFE,HARRIS,2025-04-08,N - NOT INJURED,0,NO DATA,No Data,No Data,,66 - TURNED WHEN UNSAFE,No Data,No Data,77084,77084,No,1N4BL4BV8LC100548,18,2 - FEMALE,N - NOT INJURED,0,1,1 - FRONT LEFT OR MOTORCYCLE DRIVER
20746498,Yes,CYPRESS-FAIRBANKS ISD POLICE DEPARTMENT,25C043944,OUTSIDE CITY LIMITS,TURNED WHEN UNSAFE,HARRIS,2025-04-08,N - NOT INJURED,0,NO DATA,No Data,No Data,,No Data,No Data,No Data,77449,77084,No,1C4BJWDG5DL605605,17,2 - FEMALE,N - NOT INJURED,0,1,1 - FRONT LEFT OR MOTORCYCLE DRIVER
20746509,Yes,NEW BRAUNFELS POLICE DEPARTMENT,25-17710,NEW BRAUNFELS,FAILED TO CONTROL SPEED,COMAL,2025-04-08,N - NOT INJURED,0,NO DATA,56 - CHRISTUS SANTA ROSA HOSPITAL - NEW BRAUNFELS,1.933,,22 - FAILED TO CONTROL SPEED,No Data,No Data,78130,78130,No,2HGFC2F82KH504074,20,1 - MALE,N - NOT INJURED,0,1,1 - FRONT LEFT OR MOTORCYCLE DRIVER
20746519,Yes,COLLEGE STATION POLICE DEPARTMENT,2025-002532,COLLEGE STATION,FAILED TO CONTROL SPEED,BRAZOS,2025-04-08,N - NOT INJURED,0,NO DATA,39 - CHI ST JOSEPH HEALTH - COLLEGE STATION HOSPITAL,2.922,,22 - FAILED TO CONTROL SPEED,No Data,No Data,77808,77808,No,1C4RJFAG3HC707171,34,2 - FEMALE,N - NOT INJURED,0,1,1 - FRONT LEFT OR MOTORCYCLE DRIVER
20746519,Yes,COLLEGE STATION POLICE DEPARTMENT,2025-002532,COLLEGE STATION,FAILED TO CONTROL SPEED,BRAZOS,2025-04-08,N - NOT INJURED,0,NO DATA,39 - CHI ST JOSEPH HEALTH - COLLEGE STATION HOSPITAL,2.922,,No Data,No Data,No Data,77845,77845,No,1B7KF23D0WJ108719,18,2 - FEMALE,N - NOT INJURED,0,1,1 - FRONT LEFT OR MOTORCYCLE DRIVER
20746530,Yes,EL PASO POLICE DEPARTMENT,25-098018,EL PASO,DRIVER INATTENTION; FAILED TO CONTROL SPEED,EL PASO,2025-04-08,N - NOT INJURED,0,NO DATA,"88 - DEL SOL MEDICAL CENTER, A CAMPUS OF LPDS HEALTHCARE",3.629,,22 - FAILED TO CONTROL SPEED,20 - DRIVER INATTENTION,No Data,79927,79927,No,1N4AL3AP1GN339815,19,2 - FEMALE,N - NOT INJURED,0,1,1 - FRONT LEFT OR MOTORCYCLE DRIVER
20746530,Yes,EL PASO POLICE DEPARTMENT,25-098018,EL PASO,DRIVER INATTENTION; FAILED TO CONTROL SPEED,EL PASO,2025-04-08,N - NOT INJURED,0,NO DATA,"88 - DEL SOL MEDICAL CENTER, A CAMPUS OF LPDS HEALTHCARE",3.629,,No Data,No Data,No Data,79928,79928,No,5YJ3E1EA0SF890848,56,2 - FEMALE,N - NOT INJURED,0,1,1 - FRONT LEFT OR MOTORCYCLE DRIVER
20746533,Yes,TRAVIS COUNTY SHERIFF'S OFFICE,250980097,OUTSIDE CITY LIMITS,FOLLOWED TOO CLOSELY,TRAVIS,2025-04-08,B - SUSPECTED MINOR INJURY,0,NO DATA,87 - DELL CHILDRENS MEDICAL CENTER,6.499,40,44 - FOLLOWED TOO CLOSELY,No Data,No Data,78744,78744,No,2T1BR38EX4C292509,30,1 - MALE,N - NOT INJURED,0,1,1 - FRONT LEFT OR MOTORCYCLE DRIVER
20746533,Yes,TRAVIS COUNTY SHERIFF'S OFFICE,250980097,OUTSIDE CITY LIMITS,FOLLOWED TOO CLOSELY,TRAVIS,2025-04-08,B - SUSPECTED MINOR INJURY,0,NO DATA,87 - DELL CHILDRENS MEDICAL CENTER,6.499,40,44 - FOLLOWED TOO CLOSELY,No Data,No Data,78723,78723,No,3TMCZ5AN8NM498933,41,1 - MALE,B - SUSPECTED MINOR INJURY,1,1,1 - FRONT LEFT OR MOTORCYCLE DRIVER
20746533,Yes,TRAVIS COUNTY SHERIFF'S OFFICE,250980097,OUTSIDE CITY LIMITS,FOLLOWED TOO CLOSELY,TRAVIS,2025-04-08,B - SUSPECTED MINOR INJURY,0,NO DATA,87 - DELL CHILDRENS MEDICAL CENTER,6.499,40,44 - FOLLOWED TOO CLOSELY,No Data,No Data,76574,76574,No,1C6RR6GP8DS633074,27,1 - MALE,N - NOT INJURED,0,1,1 - FRONT LEFT OR MOTORCYCLE DRIVER
20746533,Yes,TRAVIS COUNTY SHERIFF'S OFFICE,250980097,OUTSIDE CITY LIMITS,FOLLOWED TOO CLOSELY,TRAVIS,2025-04-08,B - SUSPECTED MINOR INJURY,0,NO DATA,87 - DELL CHILDRENS MEDICAL CENTER,6.499,40,No Data,No Data,No Data,78617,78617,No,5GAKRCED8CJ225911,54,2 - FEMALE,N - NOT INJURED,0,1,1 - FRONT LEFT OR MOTORCYCLE DRIVER
20746582,Yes,COLORADO COUNTY SHERIFF'S OFFICE,25012559,OUTSIDE CITY LIMITS,DRIVER INATTENTION; FAILED TO CONTROL SPEED,COLORADO,2025-04-08,A - SUSPECTED SERIOUS INJURY,0,NO DATA,219 - RICE MEDICAL CENTER,8.061,,22 - FAILED TO CONTROL SPEED,20 - DRIVER INATTENTION,No Data,77412,77412,No,1N4AL3AP3EC154867,53,1 - MALE,A - SUSPECTED SERIOUS INJURY,0,1,1 - FRONT LEFT OR MOTORCYCLE DRIVER
20746582,Yes,COLORADO COUNTY SHERIFF'S OFFICE,25012559,OUTSIDE CITY LIMITS,DRIVER INATTENTION; FAILED TO CONTROL SPEED,COLORADO,2025-04-08,A - SUSPECTED SERIOUS INJURY,0,NO DATA,219 - RICE MEDICAL CENTER,8.061,,No Data,No Data,No Data,78934,78934,No,2FMPK3K90JBC00541,37,2 - FEMALE,C - POSSIBLE INJURY,0,1,1 - FRONT LEFT OR MOTORCYCLE DRIVER
20746582,Yes,COLORADO COUNTY SHERIFF'S OFFICE,25012559,OUTSIDE CITY LIMITS,DRIVER INATTENTION; FAILED TO CONTROL SPEED,COLORADO,2025-04-08,A - SUSPECTED SERIOUS INJURY,0,NO DATA,219 - RICE MEDICAL CENTER,8.061,,No Data,No Data,No Data,78934,78934,No,2FMPK3K90JBC00541,11,1 - MALE,N - NOT INJURED,0,2,3 - FRONT RIGHT
20746596,Yes,HOUSTON POLICE DEPARTMENT,0044880825V,HOUSTON,CHANGED LANE WHEN UNSAFE,HARRIS,2025-04-08,N - NOT INJURED,0,NO DATA,163 - MEMORIAL HERMANN GREATER HEIGHTS HOSPITAL,3.042,F,No Data,No Data,No Data,77044,77044,No,3TMCZ5AN8NM494865,41,1 - MALE,N - NOT INJURED,0,1,1 - FRONT LEFT OR MOTORCYCLE DRIVER
20746601,No,HARRIS COUNTY SHERIFF'S OFFICE,2504-02903,OUTSIDE CITY LIMITS,CHANGED LANE WHEN UNSAFE,HARRIS,2025-04-08,N - NOT INJURED,0,NO DATA,167 - MEMORIAL HERMANN CYPRESS HOSPITAL,3.101,PD,4 - CHANGED LANE WHEN UNSAFE,No Data,No Data,77084,77084,No,2HKRW5H37JH400255,37,2 - FEMALE,N - NOT INJURED,0,1,1 - FRONT LEFT OR MOTORCYCLE DRIVER
20746601,No,HARRIS COUNTY SHERIFF'S OFFICE,2504-02903,OUTSIDE CITY LIMITS,CHANGED LANE WHEN UNSAFE,HARRIS,2025-04-08,N - NOT INJURED,0,NO DATA,167 - MEMORIAL HERMANN CYPRESS HOSPITAL,3.101,PD,No Data,No Data,No Data,77484,77484,No,1D7HA18D04S705040,84,2 - FEMALE,N - NOT INJURED,0,1,1 - FRONT LEFT OR MOTORCYCLE DRIVER
20746628,Yes,MANSFIELD POLICE DEPARTMENT,25040816,MANSFIELD,DISREGARD STOP AND GO SIGNAL,TARRANT,2025-04-08,N - NOT INJURED,0,NO DATA,184 - METHODIST MANSFIELD MEDICAL CENTER,3.68,,15 - DISREGARD STOP AND GO SIGNAL,No Data,No Data,76063,76063,No,2GCEC13V971161584,19,1 - MALE,N - NOT INJURED,0,1,1 - FRONT LEFT OR MOTORCYCLE DRIVER
20746628,Yes,MANSFIELD POLICE DEPARTMENT,25040816,MANSFIELD,DISREGARD STOP AND GO SIGNAL,TARRANT,2025-04-08,N - NOT INJURED,0,NO DATA,184 - METHODIST MANSFIELD MEDICAL CENTER,3.68,,No Data,No Data,No Data,76063,76063,No,19UUA66218A029492,22,1 - MALE,N - NOT INJURED,0,1,1 - FRONT LEFT OR MOTORCYCLE DRIVER
20746628,Yes,MANSFIELD POLICE DEPARTMENT,25040816,MANSFIELD,DISREGARD STOP AND GO SIGNAL,TARRANT,2025-04-08,N - NOT INJURED,0,NO DATA,184 - METHODIST MANSFIELD MEDICAL CENTER,3.68,,No Data,No Data,No Data,76065,76065,No,2LMPJ6LR9HBL49189,55,2 - FEMALE,N - NOT INJURED,0,1,1 - FRONT LEFT OR MOTORCYCLE DRIVER
20746633,Yes,MANSFIELD POLICE DEPARTMENT,25040817,MANSFIELD,DRIVER INATTENTION; FOLLOWED TOO CLOSELY,TARRANT,2025-04-08,N - NOT INJURED,0,NO DATA,184 - METHODIST MANSFIELD MEDICAL CENTER,5.203,,44 - FOLLOWED TOO CLOSELY,No Data,No Data,76063,76063,No,WBAPH7G52BNM55209,17,1 - MALE,N - NOT INJURED,0,1,1 - FRONT LEFT OR MOTORCYCLE DRIVER
20746633,Yes,MANSFIELD POLICE DEPARTMENT,25040817,MANSFIELD,DRIVER INATTENTION; FOLLOWED TOO CLOSELY,TARRANT,2025-04-08,N - NOT INJURED,0,NO DATA,184 - METHODIST MANSFIELD MEDICAL CENTER,5.203,,No Data,No Data,No Data,76028,76028,No,5FNRL5H41CB011940,33,2 - FEMALE,N - NOT INJURED,0,1,1 - FRONT LEFT OR MOTORCYCLE DRIVER
20746633,Yes,MANSFIELD POLICE DEPARTMENT,25040817,MANSFIELD,DRIVER INATTENTION; FOLLOWED TOO CLOSELY,TARRANT,2025-04-08,N - NOT INJURED,0,NO DATA,184 - METHODIST MANSFIELD MEDICAL CENTER,5.203,,No Data,No Data,No Data,76017,76017,No,1G4HR54K25U161348,60,1 - MALE,N - NOT INJURED,0,1,1 - FRONT LEFT OR MOTORCYCLE DRIVER
20746634,Yes,MANSFIELD POLICE DEPARTMENT,25040808,MANSFIELD,ANIMAL ON ROAD - DOMESTIC;FAULTY EVASIVE ACTION,TARRANT,2025-04-08,N - NOT INJURED,0,NO DATA,184 - METHODIST MANSFIELD MEDICAL CENTER,1.163,,1 - ANIMAL ON ROAD - DOMESTIC,No Data,No Data,76063,76063,No,4JGDF6EE1HA976166,41,2 - FEMALE,N - NOT INJURED,0,1,1 - FRONT LEFT OR MOTORCYCLE DRIVER
20746636,Yes,MANSFIELD POLICE DEPARTMENT,25040804,MANSFIELD,DISREGARD TURN MARKS AT INTERSECTION,ELLIS,2025-04-08,N - NOT INJURED,0,NO DATA,264 - TEXAS HEALTH HOSPITAL MANSFIELD,1.505,,17 - DISREGARD TURN MARKS AT INTERSECTION,No Data,No Data,76103,76103,No,1N4AL3AP3FN384429,39,1 - MALE,N - NOT INJURED,0,1,1 - FRONT LEFT OR MOTORCYCLE DRIVER
20746636,Yes,MANSFIELD POLICE DEPARTMENT,25040804,MANSFIELD,DISREGARD TURN MARKS AT INTERSECTION,ELLIS,2025-04-08,N - NOT INJURED,0,NO DATA,264 - TEXAS HEALTH HOSPITAL MANSFIELD,1.505,,17 - DISREGARD TURN MARKS AT INTERSECTION,No Data,No Data,76103,76103,No,1N4AL3AP3FN384429,46,1 - MALE,N - NOT INJURED,0,2,3 - FRONT RIGHT
20746636,Yes,MANSFIELD POLICE DEPARTMENT,25040804,MANSFIELD,DISREGARD TURN MARKS AT INTERSECTION,ELLIS,2025-04-08,N - NOT INJURED,0,NO DATA,264 - TEXAS HEALTH HOSPITAL MANSFIELD,1.505,,No Data,No Data,No Data,76011,76011,No,1GCEC19C07Z630574,49,1 - MALE,N - NOT INJURED,0,1,1 - FRONT LEFT OR MOTORCYCLE DRIVER
20746636,Yes,MANSFIELD POLICE DEPARTMENT,25040804,MANSFIELD,DISREGARD TURN MARKS AT INTERSECTION,ELLIS,2025-04-08,N - NOT INJURED,0,NO DATA,264 - TEXAS HEALTH HOSPITAL MANSFIELD,1.505,,No Data,No Data,No Data,76011,76011,No,1GCEC19C07Z630574,58,1 - MALE,N - NOT INJURED,0,2,3 - FRONT RIGHT
20746636,Yes,MANSFIELD POLICE DEPARTMENT,25040804,MANSFIELD,DISREGARD TURN MARKS AT INTERSECTION,ELLIS,2025-04-08,N - NOT INJURED,0,NO DATA,264 - TEXAS HEALTH HOSPITAL MANSFIELD,1.505,,No Data,No Data,No Data,76011,76011,No,1GCEC19C07Z630574,27,1 - MALE,N - NOT INJURED,0,3,6 - SECOND SEAT RIGHT
20746636,Yes,MANSFIELD POLICE DEPARTMENT,25040804,MANSFIELD,DISREGARD TURN MARKS AT INTERSECTION,ELLIS,2025-04-08,N - NOT INJURED,0,NO DATA,264 - TEXAS HEALTH HOSPITAL MANSFIELD,1.505,,No Data,No Data,No Data,76011,76011,No,1GCEC19C07Z630574,61,1 - MALE,N - NOT INJURED,0,4,5 - SECOND SEAT CENTER
20746636,Yes,MANSFIELD POLICE DEPARTMENT,25040804,MANSFIELD,DISREGARD TURN MARKS AT INTERSECTION,ELLIS,2025-04-08,N - NOT INJURED,0,NO DATA,264 - TEXAS HEALTH HOSPITAL MANSFIELD,1.505,,No Data,No Data,No Data,76011,76011,No,1GCEC19C07Z630574,30,1 - MALE,N - NOT INJURED,0,5,4 - SECOND SEAT LEFT OR MOTORCYCLE BACK PASSENGER
20746642,Yes,PROSPER POLICE DEPARTMENT,25008884,PROSPER,FAILED TO YIELD RIGHT OF WAY - PRIVATE DRIVE,COLLIN,2025-04-08,N - NOT INJURED,0,NO DATA,22 - BAYLOR SCOTT & WHITE MEDICAL CENTER - MCKINNEY,6.527,,34 - FAILED TO YIELD RIGHT OF WAY - PRIVATE DRIVE,No Data,No Data,75078,77842,No,3KPF54AD8RE756622,20,2 - FEMALE,N - NOT INJURED,0,1,1 - FRONT LEFT OR MOTORCYCLE DRIVER
20746642,Yes,PROSPER POLICE DEPARTMENT,25008884,PROSPER,FAILED TO YIELD RIGHT OF WAY - PRIVATE DRIVE,COLLIN,2025-04-08,N - NOT INJURED,0,NO DATA,22 - BAYLOR SCOTT & WHITE MEDICAL CENTER - MCKINNEY,6.527,,No Data,No Data,No Data,76272,76272,No,3TYRX5GN5LT004309,23,1 - MALE,N - NOT INJURED,0,1,1 - FRONT LEFT OR MOTORCYCLE DRIVER
20746642,Yes,PROSPER POLICE DEPARTMENT,25008884,PROSPER,FAILED TO YIELD RIGHT OF WAY - PRIVATE DRIVE,COLLIN,2025-04-08,N - NOT INJURED,0,NO DATA,22 - BAYLOR SCOTT & WHITE MEDICAL CENTER - MCKINNEY,6.527,,No Data,No Data,No Data,76272,76272,No,3TYRX5GN5LT004309,29,1 - MALE,N - NOT INJURED,0,2,3 - FRONT RIGHT
20746643,No,EL PASO COUNTY SHERIFF'S OFFICE,202504621,OUTSIDE CITY LIMITS,FAILED TO CONTROL SPEED,EL PASO,2025-04-08,B - SUSPECTED MINOR INJURY,0,NO DATA,261 - THE HOSPITALS OF PROVIDENCE EAST CAMPUS,4.465,,22 - FAILED TO CONTROL SPEED,No Data,No Data,79928,79928,No,1C4BJWDG4HL506702,40,1 - MALE,N - NOT INJURED,0,1,1 - FRONT LEFT OR MOTORCYCLE DRIVER
20746643,No,EL PASO COUNTY SHERIFF'S OFFICE,202504621,OUTSIDE CITY LIMITS,FAILED TO CONTROL SPEED,EL PASO,2025-04-08,B - SUSPECTED MINOR INJURY,0,NO DATA,261 - THE HOSPITALS OF PROVIDENCE EAST CAMPUS,4.465,,No Data,No Data,No Data,79936,79936,No,3GTRXXE27AG103336,33,2 - FEMALE,N - NOT INJURED,0,1,1 - FRONT LEFT OR MOTORCYCLE DRIVER
20746643,No,EL PASO COUNTY SHERIFF'S OFFICE,202504621,OUTSIDE CITY LIMITS,FAILED TO CONTROL SPEED,EL PASO,2025-04-08,B - SUSPECTED MINOR INJURY,0,NO DATA,261 - THE HOSPITALS OF PROVIDENCE EAST CAMPUS,4.465,,No Data,No Data,No Data,79928,79928,No,3KPA24AD3PE584225,76,1 - MALE,B - SUSPECTED MINOR INJURY,1,1,1 - FRONT LEFT OR MOTORCYCLE DRIVER
20746649,Yes,EL PASO POLICE DEPARTMENT,25-098096,EL PASO,FAILED TO STOP AT PROPER PLACE,EL PASO,2025-04-08,N - NOT INJURED,0,NO DATA,275 - THE HOSPITALS OF PROVIDENCE TRANSMOUNTAIN CAMPUS,2.831,,29 - FAILED TO STOP AT PROPER PLACE,No Data,No Data,79932,79932,No,KMHDU4AD3AU036091,20,1 - MALE,N - NOT INJURED,0,1,1 - FRONT LEFT OR MOTORCYCLE DRIVER
20746649,Yes,EL PASO POLICE DEPARTMENT,25-098096,EL PASO,FAILED TO STOP AT PROPER PLACE,EL PASO,2025-04-08,N - NOT INJURED,0,NO DATA,275 - THE HOSPITALS OF PROVIDENCE TRANSMOUNTAIN CAMPUS,2.831,,No Data,No Data,No Data,79932,79932,No,3C6JD6AT0CG144479,33,1 - MALE,N - NOT INJURED,0,1,1 - FRONT LEFT OR MOTORCYCLE DRIVER
20746659,Yes,WESLACO POLICE DEPARTMENT,25-8783,WESLACO,TURNED IMPROPERLY - CUT CORNER ON LEFT,HIDALGO,2025-04-08,N - NOT INJURED,0,NO DATA,137 - KNAPP MEDICAL CENTER,1.282,,63 - TURNED IMPROPERLY - CUT CORNER ON LEFT,No Data,No Data,78503,78503,No,5NPLM4AG7MH029637,21,2 - FEMALE,N - NOT INJURED,0,1,1 - FRONT LEFT OR MOTORCYCLE DRIVER
20746659,Yes,WESLACO POLICE DEPARTMENT,25-8783,WESLACO,TURNED IMPROPERLY - CUT CORNER ON LEFT,HIDALGO,2025-04-08,N - NOT INJURED,0,NO DATA,137 - KNAPP MEDICAL CENTER,1.282,,No Data,No Data,No Data,78579,78599,No,1FDRF3GT5CEB45190,27,1 - MALE,N - NOT INJURED,0,1,1 - FRONT LEFT OR MOTORCYCLE DRIVER
20746659,Yes,WESLACO POLICE DEPARTMENT,25-8783,WESLACO,TURNED IMPROPERLY - CUT CORNER ON LEFT,HIDALGO,2025-04-08,N - NOT INJURED,0,NO DATA,137 - KNAPP MEDICAL CENTER,1.282,,No Data,No Data,No Data,78579,78599,No,1FDRF3GT5CEB45190,23,1 - MALE,N - NOT INJURED,0,2,3 - FRONT RIGHT
20746663,Yes,LAREDO POLICE DEPARTMENT,2025-00055673,LAREDO,FAILED TO YIELD RIGHT OF WAY - STOP SIGN,WEBB,2025-04-08,N - NOT INJURED,0,NO DATA,99 - DOCTORS HOSPITAL OF LAREDO,2.276,,35 - FAILED TO YIELD RIGHT OF WAY - STOP SIGN,No Data,No Data,78045,78045,No,2FAFP74V57X108197,71,2 - FEMALE,N - NOT INJURED,0,1,1 - FRONT LEFT OR MOTORCYCLE DRIVER
20746663,Yes,LAREDO POLICE DEPARTMENT,2025-00055673,LAREDO,FAILED TO YIELD RIGHT OF WAY - STOP SIGN,WEBB,2025-04-08,N - NOT INJURED,0,NO DATA,99 - DOCTORS HOSPITAL OF LAREDO,2.276,,35 - FAILED TO YIELD RIGHT OF WAY - STOP SIGN,No Data,No Data,78045,78045,No,2FAFP74V57X108197,15,2 - FEMALE,N - NOT INJURED,0,2,3 - FRONT RIGHT
20746663,Yes,LAREDO POLICE DEPARTMENT,2025-00055673,LAREDO,FAILED TO YIELD RIGHT OF WAY - STOP SIGN,WEBB,2025-04-08,N - NOT INJURED,0,NO DATA,99 - DOCTORS HOSPITAL OF LAREDO,2.276,,No Data,No Data,No Data,78041,78045,No,1C6SRFLT8NN203999,36,2 - FEMALE,N - NOT INJURED,0,1,1 - FRONT LEFT OR MOTORCYCLE DRIVER
20746663,Yes,LAREDO POLICE DEPARTMENT,2025-00055673,LAREDO,FAILED TO YIELD RIGHT OF WAY - STOP SIGN,WEBB,2025-04-08,N - NOT INJURED,0,NO DATA,99 - DOCTORS HOSPITAL OF LAREDO,2.276,,No Data,No Data,No Data,78041,78045,No,1C6SRFLT8NN203999,13,1 - MALE,N - NOT INJURED,0,2,3 - FRONT RIGHT
20746663,Yes,LAREDO POLICE DEPARTMENT,2025-00055673,LAREDO,FAILED TO YIELD RIGHT OF WAY - STOP SIGN,WEBB,2025-04-08,N - NOT INJURED,0,NO DATA,99 - DOCTORS HOSPITAL OF LAREDO,2.276,,No Data,No Data,No Data,78041,78045,No,1C6SRFLT8NN203999,14,2 - FEMALE,N - NOT INJURED,0,3,6 - SECOND SEAT RIGHT
20746670,Yes,LONGVIEW POLICE DEPARTMENT,25-4599,LONGVIEW,FAILED TO CONTROL SPEED,GREGG,2025-04-08,C - POSSIBLE INJURY,0,NO DATA,45 - CHRISTUS GOOD SHEPHERD MEDICAL CENTER - LONGVIEW,4.543,,22 - FAILED TO CONTROL SPEED,No Data,No Data,75647,75647,No,3N1AB6AP3CL681228,44,2 - FEMALE,C - POSSIBLE INJURY,0,1,1 - FRONT LEFT OR MOTORCYCLE DRIVER
20746670,Yes,LONGVIEW POLICE DEPARTMENT,25-4599,LONGVIEW,FAILED TO CONTROL SPEED,GREGG,2025-04-08,C - POSSIBLE INJURY,0,NO DATA,45 - CHRISTUS GOOD SHEPHERD MEDICAL CENTER - LONGVIEW,4.543,,22 - FAILED TO CONTROL SPEED,No Data,No Data,75647,75647,No,3N1AB6AP3CL681228,7,1 - MALE,N - NOT INJURED,0,2,3 - FRONT RIGHT
20746670,Yes,LONGVIEW POLICE DEPARTMENT,25-4599,LONGVIEW,FAILED TO CONTROL SPEED,GREGG,2025-04-08,C - POSSIBLE INJURY,0,NO DATA,45 - CHRISTUS GOOD SHEPHERD MEDICAL CENTER - LONGVIEW,4.543,,22 - FAILED TO CONTROL SPEED,No Data,No Data,75647,75647,No,3N1AB6AP3CL681228,2,2 - FEMALE,N - NOT INJURED,0,3,4 - SECOND SEAT LEFT OR MOTORCYCLE BACK PASSENGER
20746670,Yes,LONGVIEW POLICE DEPARTMENT,25-4599,LONGVIEW,FAILED TO CONTROL SPEED,GREGG,2025-04-08,C - POSSIBLE INJURY,0,NO DATA,45 - CHRISTUS GOOD SHEPHERD MEDICAL CENTER - LONGVIEW,4.543,,No Data,No Data,No Data,75693,75693,No,2T3W1RFV0LW096243,67,2 - FEMALE,N - NOT INJURED,0,1,1 - FRONT LEFT OR MOTORCYCLE DRIVER
20746670,Yes,LONGVIEW POLICE DEPARTMENT,25-4599,LONGVIEW,FAILED TO CONTROL SPEED,GREGG,2025-04-08,C - POSSIBLE INJURY,0,NO DATA,45 - CHRISTUS GOOD SHEPHERD MEDICAL CENTER - LONGVIEW,4.543,,No Data,No Data,No Data,75693,75693,No,2T3W1RFV0LW096243,13,1 - MALE,N - NOT INJURED,0,2,3 - FRONT RIGHT
20746676,Yes,PFLUGERVILLE POLICE DEPARTMENT,24041111,PFLUGERVILLE,FAILED TO YIELD RIGHT OF WAY - TURNING LEFT,TRAVIS,2025-04-08,C - POSSIBLE INJURY,0,NO DATA,195 - NORTH AUSTIN MEDICAL CENTER,6.694,,37 - FAILED TO YIELD RIGHT OF WAY - TURNING LEFT,No Data,No Data,78660,78660,No,3N1BC1CP7BL515956,46,1 - MALE,C - POSSIBLE INJURY,0,1,1 - FRONT LEFT OR MOTORCYCLE DRIVER
20746676,Yes,PFLUGERVILLE POLICE DEPARTMENT,24041111,PFLUGERVILLE,FAILED TO YIELD RIGHT OF WAY - TURNING LEFT,TRAVIS,2025-04-08,C - POSSIBLE INJURY,0,NO DATA,195 - NORTH AUSTIN MEDICAL CENTER,6.694,,No Data,No Data,No Data,78741,78753,No,1J4GK38K55W642096,32,2 - FEMALE,N - NOT INJURED,0,1,1 - FRONT LEFT OR MOTORCYCLE DRIVER
20746691,Yes,PHARR POLICE DEPARTMENT,25-10151,PHARR,CHANGED LANE WHEN UNSAFE,HIDALGO,2025-04-08,N - NOT INJURED,0,NO DATA,231 - SOUTH TEXAS HEALTH SYSTEM HEART,3.962,,4 - CHANGED LANE WHEN UNSAFE,No Data,No Data,78577,78577,No,1C3CDZAB6DN725217,45,2 - FEMALE,N - NOT INJURED,0,1,1 - FRONT LEFT OR MOTORCYCLE DRIVER
20746691,Yes,PHARR POLICE DEPARTMENT,25-10151,PHARR,CHANGED LANE WHEN UNSAFE,HIDALGO,2025-04-08,N - NOT INJURED,0,NO DATA,231 - SOUTH TEXAS HEALTH SYSTEM HEART,3.962,,4 - CHANGED LANE WHEN UNSAFE,No Data,No Data,78557,78557,No,1C3CDZAB6DN725217,24,2 - FEMALE,N - NOT INJURED,0,1,1 - FRONT LEFT OR MOTORCYCLE DRIVER
20746698,Yes,KILLEEN POLICE DEPARTMENT,C25-0609,KILLEEN,FAILED TO CONTROL SPEED,BELL,2025-04-08,N - NOT INJURED,0,NO DATA,232 - SETON MEDICAL CENTER HARKER HEIGHTS,1.141,,22 - FAILED TO CONTROL SPEED,No Data,No Data,76548,76548,No,KM8K33A59KU274638,18,2 - FEMALE,N - NOT INJURED,0,1,1 - FRONT LEFT OR MOTORCYCLE DRIVER
20746698,Yes,KILLEEN POLICE DEPARTMENT,C25-0609,KILLEEN,FAILED TO CONTROL SPEED,BELL,2025-04-08,N - NOT INJURED,0,NO DATA,232 - SETON MEDICAL CENTER HARKER HEIGHTS,1.141,,No Data,No Data,No Data,78633,78633,No,1C6SRFLT0NN184073,35,1 - MALE,N - NOT INJURED,0,1,1 - FRONT LEFT OR MOTORCYCLE DRIVER
20746700,Yes,SAN ANGELO POLICE DEPARTMENT,20250003832,SAN ANGELO,FAILED TO YIELD RIGHT OF WAY - YIELD SIGN,TOM GREEN,2025-04-08,B - SUSPECTED MINOR INJURY,0,NO DATA,230 - SHANNON MEDICAL CENTER,1.399,,39 - FAILED TO YIELD RIGHT OF WAY - YIELD SIGN,No Data,No Data,76903,76903,No,2HKRM3H76EH512578,77,1 - MALE,N - NOT INJURED,0,1,1 - FRONT LEFT OR MOTORCYCLE DRIVER
20746700,Yes,SAN ANGELO POLICE DEPARTMENT,20250003832,SAN ANGELO,FAILED TO YIELD RIGHT OF WAY - YIELD SIGN,TOM GREEN,2025-04-08,B - SUSPECTED MINOR INJURY,0,NO DATA,230 - SHANNON MEDICAL CENTER,1.399,,No Data,No Data,No Data,76901,76901,No,1GKKNKLAXLZ166105,31,2 - FEMALE,B - SUSPECTED MINOR INJURY,1,1,1 - FRONT LEFT OR MOTORCYCLE DRIVER
20746700,Yes,SAN ANGELO POLICE DEPARTMENT,20250003832,SAN ANGELO,FAILED TO YIELD RIGHT OF WAY - YIELD SIGN,TOM GREEN,2025-04-08,B - SUSPECTED MINOR INJURY,0,NO DATA,230 - SHANNON MEDICAL CENTER,1.399,,No Data,No Data,No Data,76901,76901,No,1GKKNKLAXLZ166105,3,1 - MALE,N - NOT INJURED,0,2,4 - SECOND SEAT LEFT OR MOTORCYCLE BACK PASSENGER
20746703,No,KILLEEN POLICE DEPARTMENT,C25-0610,KILLEEN,OTHER (EXPLAIN IN NARRATIVE),BELL,2025-04-08,N - NOT INJURED,0,NO DATA,232 - SETON MEDICAL CENTER HARKER HEIGHTS,3.005,,98 - OTHER (EXPLAIN IN NARRATIVE),No Data,No Data,76549,76542,No,5VCACREF1PC240733,58,1 - MALE,N - NOT INJURED,0,1,1 - FRONT LEFT OR MOTORCYCLE DRIVER
20746705,Yes,LONGVIEW POLICE DEPARTMENT,25-4607,LONGVIEW,CHANGED LANE WHEN UNSAFE; DRIVER INATTENTION,GREGG,2025-04-08,N - NOT INJURED,0,NO DATA,45 - CHRISTUS GOOD SHEPHERD MEDICAL CENTER - LONGVIEW,3.62,,4 - CHANGED LANE WHEN UNSAFE,20 - DRIVER INATTENTION,No Data,75605,75605,No,1LNHM97V2YY848600,44,1 - MALE,N - NOT INJURED,0,1,1 - FRONT LEFT OR MOTORCYCLE DRIVER
20746705,Yes,LONGVIEW POLICE DEPARTMENT,25-4607,LONGVIEW,CHANGED LANE WHEN UNSAFE; DRIVER INATTENTION,GREGG,2025-04-08,N - NOT INJURED,0,NO DATA,45 - CHRISTUS GOOD SHEPHERD MEDICAL CENTER - LONGVIEW,3.62,,4 - CHANGED LANE WHEN UNSAFE,20 - DRIVER INATTENTION,No Data,75605,75605,No,1LNHM97V2YY848600,5,2 - FEMALE,N - NOT INJURED,0,2,6 - SECOND SEAT RIGHT
20746705,Yes,LONGVIEW POLICE DEPARTMENT,25-4607,LONGVIEW,CHANGED LANE WHEN UNSAFE; DRIVER INATTENTION,GREGG,2025-04-08,N - NOT INJURED,0,NO DATA,45 - CHRISTUS GOOD SHEPHERD MEDICAL CENTER - LONGVIEW,3.62,,4 - CHANGED LANE WHEN UNSAFE,20 - DRIVER INATTENTION,No Data,75605,75605,No,1LNHM97V2YY848600,3,2 - FEMALE,N - NOT INJURED,0,3,4 - SECOND SEAT LEFT OR MOTORCYCLE BACK PASSENGER
20746705,Yes,LONGVIEW POLICE DEPARTMENT,25-4607,LONGVIEW,CHANGED LANE WHEN UNSAFE; DRIVER INATTENTION,GREGG,2025-04-08,N - NOT INJURED,0,NO DATA,45 - CHRISTUS GOOD SHEPHERD MEDICAL CENTER - LONGVIEW,3.62,,No Data,No Data,No Data,75631,45241,No,1FTFX1E58KKE51720,55,1 - MALE,N - NOT INJURED,0,1,1 - FRONT LEFT OR MOTORCYCLE DRIVER
20746710,Yes,PEARLAND POLICE DEPARTMENT,25-003032,PEARLAND,FOLLOWED TOO CLOSELY,BRAZORIA,2025-04-08,N - NOT INJURED,0,NO DATA,169 - MEMORIAL HERMANN PEARLAND HOSPITAL,0.773,,44 - FOLLOWED TOO CLOSELY,No Data,No Data,77048,77048,No,JN8AZ18U39W104844,28,2 - FEMALE,N - NOT INJURED,0,1,1 - FRONT LEFT OR MOTORCYCLE DRIVER
20746710,Yes,PEARLAND POLICE DEPARTMENT,25-003032,PEARLAND,FOLLOWED TOO CLOSELY,BRAZORIA,2025-04-08,N - NOT INJURED,0,NO DATA,169 - MEMORIAL HERMANN PEARLAND HOSPITAL,0.773,,No Data,No Data,No Data,60120,60666,No,1FTFW3LD1RFA17084,26,1 - MALE,N - NOT INJURED,0,1,1 - FRONT LEFT OR MOTORCYCLE DRIVER
20746711,Yes,PEARLAND POLICE DEPARTMENT,25-003038,PEARLAND,FAILED TO YIELD RIGHT OF WAY - TURNING LEFT,BRAZORIA,2025-04-08,C - POSSIBLE INJURY,0,NO DATA,169 - MEMORIAL HERMANN PEARLAND HOSPITAL,0.222,,37 - FAILED TO YIELD RIGHT OF WAY - TURNING LEFT,No Data,No Data,77583,77534,No,KNDNC5H3XP6227969,31,2 - FEMALE,N - NOT INJURED,0,1,1 - FRONT LEFT OR MOTORCYCLE DRIVER
20746711,Yes,PEARLAND POLICE DEPARTMENT,25-003038,PEARLAND,FAILED TO YIELD RIGHT OF WAY - TURNING LEFT,BRAZORIA,2025-04-08,C - POSSIBLE INJURY,0,NO DATA,169 - MEMORIAL HERMANN PEARLAND HOSPITAL,0.222,,No Data,No Data,No Data,77545,77545,No,3N1AB6AP0BL625097,67,2 - FEMALE,C - POSSIBLE INJURY,0,1,1 - FRONT LEFT OR MOTORCYCLE DRIVER
20746713,Yes,PEARLAND POLICE DEPARTMENT,25-003041,PEARLAND,FAILED TO YIELD RIGHT OF WAY - STOP SIGN,BRAZORIA,2025-04-08,N - NOT INJURED,0,NO DATA,166 - MEMORIAL HERMANN SOUTHEAST HOSPITAL,4.742,,35 - FAILED TO YIELD RIGHT OF WAY - STOP SIGN,No Data,No Data,77583,77583,No,3VW2K7AJ1FM351618,16,1 - MALE,N - NOT INJURED,0,1,1 - FRONT LEFT OR MOTORCYCLE DRIVER
20746713,Yes,PEARLAND POLICE DEPARTMENT,25-003041,PEARLAND,FAILED TO YIELD RIGHT OF WAY - STOP SIGN,BRAZORIA,2025-04-08,N - NOT INJURED,0,NO DATA,166 - MEMORIAL HERMANN SOUTHEAST HOSPITAL,4.742,,35 - FAILED TO YIELD RIGHT OF WAY - STOP SIGN,No Data,No Data,77583,77583,No,3VW2K7AJ1FM351618,16,2 - FEMALE,N - NOT INJURED,0,2,3 - FRONT RIGHT
20746713,Yes,PEARLAND POLICE DEPARTMENT,25-003041,PEARLAND,FAILED TO YIELD RIGHT OF WAY - STOP SIGN,BRAZORIA,2025-04-08,N - NOT INJURED,0,NO DATA,166 - MEMORIAL HERMANN SOUTHEAST HOSPITAL,4.742,,No Data,No Data,No Data,77584,77584,No,1GYFZCR42MF047860,20,1 - MALE,N - NOT INJURED,0,1,1 - FRONT LEFT OR MOTORCYCLE DRIVER
20746714,Yes,PEARLAND POLICE DEPARTMENT,25-003048,PEARLAND,FAILED TO YIELD RIGHT OF WAY - STOP SIGN,BRAZORIA,2025-04-08,N - NOT INJURED,0,NO DATA,No Data,No Data,,35 - FAILED TO YIELD RIGHT OF WAY - STOP SIGN,No Data,No Data,77584,77584,No,1C4NJPBA6FD285726,28,2 - FEMALE,N - NOT INJURED,0,1,1 - FRONT LEFT OR MOTORCYCLE DRIVER
20746714,Yes,PEARLAND POLICE DEPARTMENT,25-003048,PEARLAND,FAILED TO YIELD RIGHT OF WAY - STOP SIGN,BRAZORIA,2025-04-08,N - NOT INJURED,0,NO DATA,No Data,No Data,,No Data,No Data,No Data,77048,77085,No,JN1AZ4EH4FM442266,24,1 - MALE,N - NOT INJURED,0,1,1 - FRONT LEFT OR MOTORCYCLE DRIVER
20746715,No,PEARLAND POLICE DEPARTMENT,25-003047,PEARLAND,PEDESTRIAN FAILED TO YIELD RIGHT OF WAY TO VEHICLE,BRAZORIA,2025-04-08,B - SUSPECTED MINOR INJURY,0,NO DATA,166 - MEMORIAL HERMANN SOUTHEAST HOSPITAL,2.468,,No Data,No Data,No Data,77581,77581,No,KM8R54GE4PU554626,71,2 - FEMALE,N - NOT INJURED,0,1,1 - FRONT LEFT OR MOTORCYCLE DRIVER
20746715,No,PEARLAND POLICE DEPARTMENT,25-003047,PEARLAND,PEDESTRIAN FAILED TO YIELD RIGHT OF WAY TO VEHICLE,BRAZORIA,2025-04-08,B - SUSPECTED MINOR INJURY,0,NO DATA,166 - MEMORIAL HERMANN SOUTHEAST HOSPITAL,2.468,,No Data,No Data,No Data,77581,77581,No,KM8R54GE4PU554626,12,2 - FEMALE,N - NOT INJURED,0,2,6 - SECOND SEAT RIGHT
20746715,No,PEARLAND POLICE DEPARTMENT,25-003047,PEARLAND,PEDESTRIAN FAILED TO YIELD RIGHT OF WAY TO VEHICLE,BRAZORIA,2025-04-08,B - SUSPECTED MINOR INJURY,0,NO DATA,166 - MEMORIAL HERMANN SOUTHEAST HOSPITAL,2.468,,59 - PEDESTRIAN FAILED TO YIELD RIGHT OF WAY TO VEHICLE,No Data,No Data,No Data,No Data,No Data,No Data,8,2 - FEMALE,B - SUSPECTED MINOR INJURY,1,1,"16 - PEDESTRIAN, PEDALCYCLIST, OR MOTORIZED CONVEYANCE"
20746717,Yes,PEARLAND POLICE DEPARTMENT,25-003015,PEARLAND,CHANGED LANE WHEN UNSAFE,BRAZORIA,2025-04-08,N - NOT INJURED,0,NO DATA,124 - HCA HOUSTON HEALTHCARE PEARLAND,0.971,,4 - CHANGED LANE WHEN UNSAFE,No Data,No Data,77584,77584,Yes,2C3CDXHG2EH149948,21,1 - MALE,N - NOT INJURED,0,1,1 - FRONT LEFT OR MOTORCYCLE DRIVER
20746717,Yes,PEARLAND POLICE DEPARTMENT,25-003015,PEARLAND,CHANGED LANE WHEN UNSAFE,BRAZORIA,2025-04-08,N - NOT INJURED,0,NO DATA,124 - HCA HOUSTON HEALTHCARE PEARLAND,0.971,,No Data,No Data,No Data,77489,77489,No,3N1CN7AP0JK441630,49,2 - FEMALE,N - NOT INJURED,0,1,1 - FRONT LEFT OR MOTORCYCLE DRIVER
20746720,Yes,PEARLAND POLICE DEPARTMENT,25-003040,PEARLAND,FAILED TO CONTROL SPEED,BRAZORIA,2025-04-08,N - NOT INJURED,0,NO DATA,169 - MEMORIAL HERMANN PEARLAND HOSPITAL,2.782,,22 - FAILED TO CONTROL SPEED,No Data,No Data,77053,77053,No,1FTEW1C55JKF75234,49,1 - MALE,N - NOT INJURED,0,1,1 - FRONT LEFT OR MOTORCYCLE DRIVER
20746720,Yes,PEARLAND POLICE DEPARTMENT,25-003040,PEARLAND,FAILED TO CONTROL SPEED,BRAZORIA,2025-04-08,N - NOT INJURED,0,NO DATA,169 - MEMORIAL HERMANN PEARLAND HOSPITAL,2.782,,No Data,No Data,No Data,76448,76448,No,4T1G11AK4LU921552,39,1 - MALE,N - NOT INJURED,0,1,1 - FRONT LEFT OR MOTORCYCLE DRIVER
20746721,Yes,PASADENA POLICE DEPARTMENT,25-005056,PASADENA,FAILED TO YIELD RIGHT OF WAY - STOP SIGN,HARRIS,2025-04-08,B - SUSPECTED MINOR INJURY,0,NO DATA,122 - HCA HOUSTON HEALTHCARE SOUTHEAST,3.277,,35 - FAILED TO YIELD RIGHT OF WAY - STOP SIGN,No Data,No Data,77471,77471,No,5TDZT34A87S298954,34,2 - FEMALE,N - NOT INJURED,0,1,1 - FRONT LEFT OR MOTORCYCLE DRIVER
20746721,Yes,PASADENA POLICE DEPARTMENT,25-005056,PASADENA,FAILED TO YIELD RIGHT OF WAY - STOP SIGN,HARRIS,2025-04-08,B - SUSPECTED MINOR INJURY,0,NO DATA,122 - HCA HOUSTON HEALTHCARE SOUTHEAST,3.277,,35 - FAILED TO YIELD RIGHT OF WAY - STOP SIGN,No Data,No Data,77471,77471,No,5TDZT34A87S298954,4,2 - FEMALE,B - SUSPECTED MINOR INJURY,1,2,5 - SECOND SEAT CENTER
20746721,Yes,PASADENA POLICE DEPARTMENT,25-005056,PASADENA,FAILED TO YIELD RIGHT OF WAY - STOP SIGN,HARRIS,2025-04-08,B - SUSPECTED MINOR INJURY,0,NO DATA,122 - HCA HOUSTON HEALTHCARE SOUTHEAST,3.277,,35 - FAILED TO YIELD RIGHT OF WAY - STOP SIGN,No Data,No Data,77471,77471,No,5TDZT34A87S298954,9,2 - FEMALE,B - SUSPECTED MINOR INJURY,1,3,4 - SECOND SEAT LEFT OR MOTORCYCLE BACK PASSENGER
20746721,Yes,PASADENA POLICE DEPARTMENT,25-005056,PASADENA,FAILED TO YIELD RIGHT OF WAY - STOP SIGN,HARRIS,2025-04-08,B - SUSPECTED MINOR INJURY,0,NO DATA,122 - HCA HOUSTON HEALTHCARE SOUTHEAST,3.277,,No Data,No Data,No Data,77503,77503,No,1C4NJDEBXGD745328,27,2 - FEMALE,B - SUSPECTED MINOR INJURY,1,1,1 - FRONT LEFT OR MOTORCYCLE DRIVER
20746721,Yes,PASADENA POLICE DEPARTMENT,25-005056,PASADENA,FAILED TO YIELD RIGHT OF WAY - STOP SIGN,HARRIS,2025-04-08,B - SUSPECTED MINOR INJURY,0,NO DATA,122 - HCA HOUSTON HEALTHCARE SOUTHEAST,3.277,,No Data,No Data,No Data,77503,77503,No,1C4NJDEBXGD745328,17,1 - MALE,N - NOT INJURED,0,2,3 - FRONT RIGHT
20746723,Yes,KILLEEN POLICE DEPARTMENT,C25-0611,KILLEEN,FAILED TO YIELD RIGHT OF WAY - TURNING LEFT;IMPAIRED VISIBILITY (EXPLAIN IN NARRATIVE),BELL,2025-04-08,N - NOT INJURED,0,NO DATA,232 - SETON MEDICAL CENTER HARKER HEIGHTS,3.281,,37 - FAILED TO YIELD RIGHT OF WAY - TURNING LEFT,48 - IMPAIRED VISIBILITY (EXPLAIN IN NARRATIVE),No Data,76542,76543,No,1FMCU0J93DUC70316,30,1 - MALE,N - NOT INJURED,0,1,1 - FRONT LEFT OR MOTORCYCLE DRIVER
20746723,Yes,KILLEEN POLICE DEPARTMENT,C25-0611,KILLEEN,FAILED TO YIELD RIGHT OF WAY - TURNING LEFT;IMPAIRED VISIBILITY (EXPLAIN IN NARRATIVE),BELL,2025-04-08,N - NOT INJURED,0,NO DATA,232 - SETON MEDICAL CENTER HARKER HEIGHTS,3.281,,No Data,No Data,No Data,76542,76542,No,2HGFG12899H536177,37,1 - MALE,N - NOT INJURED,0,1,1 - FRONT LEFT OR MOTORCYCLE DRIVER
20746723,Yes,KILLEEN POLICE DEPARTMENT,C25-0611,KILLEEN,FAILED TO YIELD RIGHT OF WAY - TURNING LEFT;IMPAIRED VISIBILITY (EXPLAIN IN NARRATIVE),BELL,2025-04-08,N - NOT INJURED,0,NO DATA,232 - SETON MEDICAL CENTER HARKER HEIGHTS,3.281,,No Data,No Data,No Data,76549,76549,No,1C4RDHDG5MC760608,37,2 - FEMALE,N - NOT INJURED,0,1,1 - FRONT LEFT OR MOTORCYCLE DRIVER
20746723,Yes,KILLEEN POLICE DEPARTMENT,C25-0611,KILLEEN,FAILED TO YIELD RIGHT OF WAY - TURNING LEFT;IMPAIRED VISIBILITY (EXPLAIN IN NARRATIVE),BELL,2025-04-08,N - NOT INJURED,0,NO DATA,232 - SETON MEDICAL CENTER HARKER HEIGHTS,3.281,,No Data,No Data,No Data,76549,76549,No,1C4RDHDG5MC760608,40,1 - MALE,N - NOT INJURED,0,2,3 - FRONT RIGHT
20746726,Yes,PASADENA POLICE DEPARTMENT,25-005065,PASADENA,IMPROPER START FROM PARKED POSITION,HARRIS,2025-04-08,N - NOT INJURED,0,NO DATA,122 - HCA HOUSTON HEALTHCARE SOUTHEAST,0.307,W5,"49 - IMPROPER START FROM A STOPPED, STANDING, OR PARKED POSITION",No Data,No Data,77504,77504,No,1FTFX1CF5DFC19129,67,1 - MALE,N - NOT INJURED,0,1,1 - FRONT LEFT OR MOTORCYCLE DRIVER
20746726,Yes,PASADENA POLICE DEPARTMENT,25-005065,PASADENA,IMPROPER START FROM PARKED POSITION,HARRIS,2025-04-08,N - NOT INJURED,0,NO DATA,122 - HCA HOUSTON HEALTHCARE SOUTHEAST,0.307,W5,No Data,No Data,No Data,77521,77521,No,4T1DAACK2SU017424,38,2 - FEMALE,N - NOT INJURED,0,1,1 - FRONT LEFT OR MOTORCYCLE DRIVER
20746727,Yes,PROSPER POLICE DEPARTMENT,25008892,PROSPER,OTHER (EXPLAIN IN NARRATIVE),DENTON,2025-04-08,N - NOT INJURED,0,NO DATA,No Data,No Data,,98 - OTHER (EXPLAIN IN NARRATIVE),No Data,No Data,76227,76227,No,4T4BF1FK0DR284235,24,1 - MALE,N - NOT INJURED,0,1,1 - FRONT LEFT OR MOTORCYCLE DRIVER
20746727,Yes,PROSPER POLICE DEPARTMENT,25008892,PROSPER,OTHER (EXPLAIN IN NARRATIVE),DENTON,2025-04-08,N - NOT INJURED,0,NO DATA,No Data,No Data,,98 - OTHER (EXPLAIN IN NARRATIVE),No Data,No Data,76227,76227,No,2T3ZF33V49W014104,69,2 - FEMALE,N - NOT INJURED,0,1,1 - FRONT LEFT OR MOTORCYCLE DRIVER
20746729,Yes,PASADENA POLICE DEPARTMENT,25-005083,PASADENA,FAILED TO CONTROL SPEED,HARRIS,2025-04-08,C - POSSIBLE INJURY,0,NO DATA,122 - HCA HOUSTON HEALTHCARE SOUTHEAST,2.052,,22 - FAILED TO CONTROL SPEED,No Data,No Data,77536,77536,No,3VWC57BU9MM086447,20,2 - FEMALE,N - NOT INJURED,0,1,1 - FRONT LEFT OR MOTORCYCLE DRIVER
20746729,Yes,PASADENA POLICE DEPARTMENT,25-005083,PASADENA,FAILED TO CONTROL SPEED,HARRIS,2025-04-08,C - POSSIBLE INJURY,0,NO DATA,122 - HCA HOUSTON HEALTHCARE SOUTHEAST,2.052,,22 - FAILED TO CONTROL SPEED,No Data,No Data,77536,77536,No,3VWC57BU9MM086447,15,1 - MALE,N - NOT INJURED,0,2,3 - FRONT RIGHT
20746729,Yes,PASADENA POLICE DEPARTMENT,25-005083,PASADENA,FAILED TO CONTROL SPEED,HARRIS,2025-04-08,C - POSSIBLE INJURY,0,NO DATA,122 - HCA HOUSTON HEALTHCARE SOUTHEAST,2.052,,22 - FAILED TO CONTROL SPEED,No Data,No Data,77536,77536,No,3VWC57BU9MM086447,19,2 - FEMALE,N - NOT INJURED,0,3,4 - SECOND SEAT LEFT OR MOTORCYCLE BACK PASSENGER
20746729,Yes,PASADENA POLICE DEPARTMENT,25-005083,PASADENA,FAILED TO CONTROL SPEED,HARRIS,2025-04-08,C - POSSIBLE INJURY,0,NO DATA,122 - HCA HOUSTON HEALTHCARE SOUTHEAST,2.052,,22 - FAILED TO CONTROL SPEED,No Data,No Data,77536,77536,No,3VWC57BU9MM086447,19,2 - FEMALE,N - NOT INJURED,0,4,5 - SECOND SEAT CENTER
20746729,Yes,PASADENA POLICE DEPARTMENT,25-005083,PASADENA,FAILED TO CONTROL SPEED,HARRIS,2025-04-08,C - POSSIBLE INJURY,0,NO DATA,122 - HCA HOUSTON HEALTHCARE SOUTHEAST,2.052,,22 - FAILED TO CONTROL SPEED,No Data,No Data,77536,77536,No,3VWC57BU9MM086447,1,2 - FEMALE,N - NOT INJURED,0,5,6 - SECOND SEAT RIGHT
20746729,Yes,PASADENA POLICE DEPARTMENT,25-005083,PASADENA,FAILED TO CONTROL SPEED,HARRIS,2025-04-08,C - POSSIBLE INJURY,0,NO DATA,122 - HCA HOUSTON HEALTHCARE SOUTHEAST,2.052,,No Data,No Data,No Data,77044,77044,No,1FTEW1CP8KKD24310,45,1 - MALE,C - POSSIBLE INJURY,0,1,1 - FRONT LEFT OR MOTORCYCLE DRIVER
20746729,Yes,PASADENA POLICE DEPARTMENT,25-005083,PASADENA,FAILED TO CONTROL SPEED,HARRIS,2025-04-08,C - POSSIBLE INJURY,0,NO DATA,122 - HCA HOUSTON HEALTHCARE SOUTHEAST,2.052,,No Data,No Data,No Data,77044,77044,No,1FTEW1CP8KKD24310,61,1 - MALE,N - NOT INJURED,0,2,1 - FRONT LEFT OR MOTORCYCLE DRIVER
20746732,Yes,LONGVIEW POLICE DEPARTMENT,25-4619,LONGVIEW,DRIVER INATTENTION; FAILED TO CONTROL SPEED,GREGG,2025-04-08,N - NOT INJURED,0,NO DATA,45 - CHRISTUS GOOD SHEPHERD MEDICAL CENTER - LONGVIEW,3.817,,No Data,No Data,No Data,75603,75603,No,3GCPCREC9JG167385,65,1 - MALE,N - NOT INJURED,0,1,1 - FRONT LEFT OR MOTORCYCLE DRIVER
20746732,Yes,LONGVIEW POLICE DEPARTMENT,25-4619,LONGVIEW,DRIVER INATTENTION; FAILED TO CONTROL SPEED,GREGG,2025-04-08,N - NOT INJURED,0,NO DATA,45 - CHRISTUS GOOD SHEPHERD MEDICAL CENTER - LONGVIEW,3.817,,22 - FAILED TO CONTROL SPEED,20 - DRIVER INATTENTION,No Data,75601,75601,No,1GNET13HX82190269,17,1 - MALE,N - NOT INJURED,0,1,1 - FRONT LEFT OR MOTORCYCLE DRIVER
20746742,Yes,FORT WORTH POLICE DEPARTMENT,250024998,FORT WORTH,DISREGARD STOP SIGN OR LIGHT,TARRANT,2025-04-08,B - SUSPECTED MINOR INJURY,0,NO DATA,78 - COOK CHILDRENS MEDICAL CENTER,3.779,NT,16 - DISREGARD STOP SIGN OR LIGHT,No Data,No Data,76028,76028,No,3CZRU5H19KG700663,59,2 - FEMALE,B - SUSPECTED MINOR INJURY,1,1,1 - FRONT LEFT OR MOTORCYCLE DRIVER
20746742,Yes,FORT WORTH POLICE DEPARTMENT,250024998,FORT WORTH,DISREGARD STOP SIGN OR LIGHT,TARRANT,2025-04-08,B - SUSPECTED MINOR INJURY,0,NO DATA,78 - COOK CHILDRENS MEDICAL CENTER,3.779,NT,No Data,No Data,No Data,76111,76111,No,1HGFA16839L027264,21,2 - FEMALE,C - POSSIBLE INJURY,0,1,1 - FRONT LEFT OR MOTORCYCLE DRIVER
20746749,No,HARRIS COUNTY CONSTABLE PRECINCT 4,2504-01072,OUTSIDE CITY LIMITS,OTHER (EXPLAIN IN NARRATIVE),HARRIS,2025-04-08,B - SUSPECTED MINOR INJURY,0,NO DATA,118 - HCA HOUSTON HEALTHCARE KINGWOOD,3.401,,98 - OTHER (EXPLAIN IN NARRATIVE),No Data,No Data,,No Data,Yes,No Data,No Data,99 - UNKNOWN,99 - UNKNOWN,0,1,1 - FRONT LEFT OR MOTORCYCLE DRIVER
20746749,No,HARRIS COUNTY CONSTABLE PRECINCT 4,2504-01072,OUTSIDE CITY LIMITS,OTHER (EXPLAIN IN NARRATIVE),HARRIS,2025-04-08,B - SUSPECTED MINOR INJURY,0,NO DATA,118 - HCA HOUSTON HEALTHCARE KINGWOOD,3.401,,No Data,No Data,No Data,No Data,No Data,No Data,No Data,11,1 - MALE,B - SUSPECTED MINOR INJURY,1,1,"16 - PEDESTRIAN, PEDALCYCLIST, OR MOTORIZED CONVEYANCE"
20746750,Yes,KILLEEN POLICE DEPARTMENT,C25-0608,KILLEEN,FAILED TO GIVE HALF OF ROADWAY,BELL,2025-04-08,N - NOT INJURED,0,NO DATA,11 - ADVENTHEALTH CENTRAL TEXAS,1.337,,24 - FAILED TO GIVE HALF OF ROADWAY,No Data,No Data,76541,76549,No,1G1BE5SM3J7118603,31,1 - MALE,N - NOT INJURED,0,1,1 - FRONT LEFT OR MOTORCYCLE DRIVER
20746750,Yes,KILLEEN POLICE DEPARTMENT,C25-0608,KILLEEN,FAILED TO GIVE HALF OF ROADWAY,BELL,2025-04-08,N - NOT INJURED,0,NO DATA,11 - ADVENTHEALTH CENTRAL TEXAS,1.337,,24 - FAILED TO GIVE HALF OF ROADWAY,No Data,No Data,76541,76549,No,1G1BE5SM3J7118603,14,1 - MALE,N - NOT INJURED,0,2,3 - FRONT RIGHT
20746750,Yes,KILLEEN POLICE DEPARTMENT,C25-0608,KILLEEN,FAILED TO GIVE HALF OF ROADWAY,BELL,2025-04-08,N - NOT INJURED,0,NO DATA,11 - ADVENTHEALTH CENTRAL TEXAS,1.337,,No Data,No Data,No Data,76549,76549,No,JN8AE2KP4F9129718,35,1 - MALE,N - NOT INJURED,0,1,1 - FRONT LEFT OR MOTORCYCLE DRIVER
20746751,Yes,SAN ANTONIO POLICE DEPARTMENT,SAPD25069539,SAN ANTONIO,TURNED IMPROPERLY - WIDE RIGHT,BEXAR,2025-04-08,N - NOT INJURED,0,NO DATA,182 - METROPOLITAN METHODIST HOSPITAL,0.263,08,64 - TURNED IMPROPERLY - WIDE RIGHT,No Data,No Data,75150,19607,No,3ALACWFC3NDMV4813,45,1 - MALE,N - NOT INJURED,0,1,1 - FRONT LEFT OR MOTORCYCLE DRIVER
20746751,Yes,SAN ANTONIO POLICE DEPARTMENT,SAPD25069539,SAN ANTONIO,TURNED IMPROPERLY - WIDE RIGHT,BEXAR,2025-04-08,N - NOT INJURED,0,NO DATA,182 - METROPOLITAN METHODIST HOSPITAL,0.263,08,No Data,No Data,No Data,78132,78132,No,1C4RJXSJ0RW290723,79,1 - MALE,N - NOT INJURED,0,1,1 - FRONT LEFT OR MOTORCYCLE DRIVER
20746753,Yes,LONGVIEW POLICE DEPARTMENT,25-4629,LONGVIEW,FAILED TO PASS TO LEFT SAFELY; UNDER INFLUENCE - ALCOHOL,GREGG,2025-04-08,N - NOT INJURED,0,NO DATA,149 - LONGVIEW REGIONAL MEDICAL CENTER,5.13,,67 - INTOXICATED - ALCOHOL,26 - FAILED TO PASS TO LEFT SAFELY,No Data,75644,75644,No,2CTALFEWXA6279272,46,2 - FEMALE,N - NOT INJURED,0,1,1 - FRONT LEFT OR MOTORCYCLE DRIVER
20746758,Yes,SAN ANTONIO POLICE DEPARTMENT,SAPD25069572,SAN ANTONIO,BACKED WITHOUT SAFETY; FAILED TO STOP AT PROPER PLACE,BEXAR,2025-04-08,C - POSSIBLE INJURY,0,NO DATA,46 - CHRISTUS CHILDRENS HOSPITAL OF SAN ANTONIO,1.306,08,29 - FAILED TO STOP AT PROPER PLACE,No Data,No Data,78073,78073,No,1FTPW14V48FB79659,40,1 - MALE,N - NOT INJURED,0,1,1 - FRONT LEFT OR MOTORCYCLE DRIVER
20746758,Yes,SAN ANTONIO POLICE DEPARTMENT,SAPD25069572,SAN ANTONIO,BACKED WITHOUT SAFETY; FAILED TO STOP AT PROPER PLACE,BEXAR,2025-04-08,C - POSSIBLE INJURY,0,NO DATA,46 - CHRISTUS CHILDRENS HOSPITAL OF SAN ANTONIO,1.306,08,3 - BACKED WITHOUT SAFETY,No Data,No Data,78242,78242,No,1C4SJVBP2PS562042,35,2 - FEMALE,C - POSSIBLE INJURY,0,1,1 - FRONT LEFT OR MOTORCYCLE DRIVER
20746758,Yes,SAN ANTONIO POLICE DEPARTMENT,SAPD25069572,SAN ANTONIO,BACKED WITHOUT SAFETY; FAILED TO STOP AT PROPER PLACE,BEXAR,2025-04-08,C - POSSIBLE INJURY,0,NO DATA,46 - CHRISTUS CHILDRENS HOSPITAL OF SAN ANTONIO,1.306,08,3 - BACKED WITHOUT SAFETY,No Data,No Data,78242,78242,No,1C4SJVBP2PS562042,41,1 - MALE,C - POSSIBLE INJURY,0,2,3 - FRONT RIGHT
20746763,Yes,KILLEEN POLICE DEPARTMENT,C25-0615,KILLEEN,FAILED TO CONTROL SPEED,BELL,2025-04-08,N - NOT INJURED,0,NO DATA,11 - ADVENTHEALTH CENTRAL TEXAS,3.623,,22 - FAILED TO CONTROL SPEED,No Data,No Data,,No Data,Yes,No Data,No Data,99 - UNKNOWN,99 - UNKNOWN,0,1,1 - FRONT LEFT OR MOTORCYCLE DRIVER
20746763,Yes,KILLEEN POLICE DEPARTMENT,C25-0615,KILLEEN,FAILED TO CONTROL SPEED,BELL,2025-04-08,N - NOT INJURED,0,NO DATA,11 - ADVENTHEALTH CENTRAL TEXAS,3.623,,No Data,No Data,No Data,76549,76549,No,1C3CCCAB2FN743989,42,1 - MALE,N - NOT INJURED,0,1,1 - FRONT LEFT OR MOTORCYCLE DRIVER
20746764,Yes,SAN ANGELO POLICE DEPARTMENT,20250003839,SAN ANGELO,DISREGARD STOP SIGN OR LIGHT; FAILED TO CONTROL SPEED,TOM GREEN,2025-04-08,N - NOT INJURED,0,NO DATA,230 - SHANNON MEDICAL CENTER,0.599,,16 - DISREGARD STOP SIGN OR LIGHT,22 - FAILED TO CONTROL SPEED,No Data,76861,76861,No,JN1BJ1CP6HW031298,88,2 - FEMALE,N - NOT INJURED,0,1,1 - FRONT LEFT OR MOTORCYCLE DRIVER
20746764,Yes,SAN ANGELO POLICE DEPARTMENT,20250003839,SAN ANGELO,DISREGARD STOP SIGN OR LIGHT; FAILED TO CONTROL SPEED,TOM GREEN,2025-04-08,N - NOT INJURED,0,NO DATA,230 - SHANNON MEDICAL CENTER,0.599,,No Data,No Data,No Data,76905,76905,No,1FTFW1CT6DKD06991,41,2 - FEMALE,N - NOT INJURED,0,1,1 - FRONT LEFT OR MOTORCYCLE DRIVER
20746769,Yes,KILLEEN POLICE DEPARTMENT,C25-0613,KILLEEN,FAILED TO YIELD RIGHT OF WAY - TURNING LEFT,BELL,2025-04-08,N - NOT INJURED,0,NO DATA,11 - ADVENTHEALTH CENTRAL TEXAS,0.733,,37 - FAILED TO YIELD RIGHT OF WAY - TURNING LEFT,No Data,No Data,76549,76549,No,1N6AD0ER3GN903995,64,1 - MALE,N - NOT INJURED,0,1,1 - FRONT LEFT OR MOTORCYCLE DRIVER
20746769,Yes,KILLEEN POLICE DEPARTMENT,C25-0613,KILLEEN,FAILED TO YIELD RIGHT OF WAY - TURNING LEFT,BELL,2025-04-08,N - NOT INJURED,0,NO DATA,11 - ADVENTHEALTH CENTRAL TEXAS,0.733,,No Data,No Data,No Data,76549,76549,No,19XFC2F55GE011951,29,1 - MALE,N - NOT INJURED,0,1,1 - FRONT LEFT OR MOTORCYCLE DRIVER
20746772,Yes,GRAPEVINE POLICE DEPARTMENT,2500013264,GRAPEVINE,FAILED TO YIELD RIGHT OF WAY - TURNING LEFT,TARRANT,2025-04-08,N - NOT INJURED,0,NO DATA,17 - BAYLOR SCOTT & WHITE MEDICAL CENTER - GRAPEVINE,1.786,,37 - FAILED TO YIELD RIGHT OF WAY - TURNING LEFT,No Data,No Data,76051,76051,No,4T4BF1FK4CR272457,68,1 - MALE,N - NOT INJURED,0,1,1 - FRONT LEFT OR MOTORCYCLE DRIVER
20746772,Yes,GRAPEVINE POLICE DEPARTMENT,2500013264,GRAPEVINE,FAILED TO YIELD RIGHT OF WAY - TURNING LEFT,TARRANT,2025-04-08,N - NOT INJURED,0,NO DATA,17 - BAYLOR SCOTT & WHITE MEDICAL CENTER - GRAPEVINE,1.786,,No Data,No Data,No Data,76034,76034,No,58ADZ1B17SU186638,67,1 - MALE,N - NOT INJURED,0,1,1 - FRONT LEFT OR MOTORCYCLE DRIVER
20746776,No,UNIVERSITY OF NORTH TEXAS POLICE DEPARTMENT,0390425,DENTON,FOLLOWED TOO CLOSELY;UNSAFE SPEED,DENTON,2025-04-08,N - NOT INJURED,0,NO DATA,152 - MEDICAL CITY DENTON,4.582,,44 - FOLLOWED TOO CLOSELY,No Data,No Data,75007,76201,No,1FMZK1ZM8HKA97991,25,99 - UNKNOWN,N - NOT INJURED,0,1,1 - FRONT LEFT OR MOTORCYCLE DRIVER
20746776,No,UNIVERSITY OF NORTH TEXAS POLICE DEPARTMENT,0390425,DENTON,FOLLOWED TOO CLOSELY;UNSAFE SPEED,DENTON,2025-04-08,N - NOT INJURED,0,NO DATA,152 - MEDICAL CITY DENTON,4.582,,44 - FOLLOWED TOO CLOSELY,No Data,No Data,75007,76201,No,1FMZK1ZM8HKA97991,22,2 - FEMALE,N - NOT INJURED,0,2,3 - FRONT RIGHT
20746776,No,UNIVERSITY OF NORTH TEXAS POLICE DEPARTMENT,0390425,DENTON,FOLLOWED TOO CLOSELY;UNSAFE SPEED,DENTON,2025-04-08,N - NOT INJURED,0,NO DATA,152 - MEDICAL CITY DENTON,4.582,,44 - FOLLOWED TOO CLOSELY,No Data,No Data,75007,76201,No,1FMZK1ZM8HKA97991,25,2 - FEMALE,N - NOT INJURED,0,3,6 - SECOND SEAT RIGHT
20746776,No,UNIVERSITY OF NORTH TEXAS POLICE DEPARTMENT,0390425,DENTON,FOLLOWED TOO CLOSELY;UNSAFE SPEED,DENTON,2025-04-08,N - NOT INJURED,0,NO DATA,152 - MEDICAL CITY DENTON,4.582,,No Data,No Data,No Data,76201,76201,No,58ABK1GGXHU054992,64,2 - FEMALE,N - NOT INJURED,0,1,1 - FRONT LEFT OR MOTORCYCLE DRIVER
20746785,Yes,"DEPARTMENT OF PUBLIC SAFETY, STATE OF TEXAS",25-547841,OUTSIDE CITY LIMITS,FAILED TO GIVE HALF OF ROADWAY,VAN ZANDT,2025-04-08,B - SUSPECTED MINOR INJURY,0,NO DATA,283 - UT HEALTH EAST TEXAS QUITMAN HOSPITAL,16.57,1B,No Data,No Data,No Data,75140,75140,No,5LMPJ8K49SJ911203,66,2 - FEMALE,B - SUSPECTED MINOR INJURY,1,1,1 - FRONT LEFT OR MOTORCYCLE DRIVER
20746785,Yes,"DEPARTMENT OF PUBLIC SAFETY, STATE OF TEXAS",25-547841,OUTSIDE CITY LIMITS,FAILED TO GIVE HALF OF ROADWAY,VAN ZANDT,2025-04-08,B - SUSPECTED MINOR INJURY,0,NO DATA,283 - UT HEALTH EAST TEXAS QUITMAN HOSPITAL,16.57,1B,24 - FAILED TO GIVE HALF OF ROADWAY,No Data,No Data,75140,75140,No,1GNERGKW9LJ309932,34,2 - FEMALE,N - NOT INJURED,0,1,1 - FRONT LEFT OR MOTORCYCLE DRIVER
20746785,Yes,"DEPARTMENT OF PUBLIC SAFETY, STATE OF TEXAS",25-547841,OUTSIDE CITY LIMITS,FAILED TO GIVE HALF OF ROADWAY,VAN ZANDT,2025-04-08,B - SUSPECTED MINOR INJURY,0,NO DATA,283 - UT HEALTH EAST TEXAS QUITMAN HOSPITAL,16.57,1B,24 - FAILED TO GIVE HALF OF ROADWAY,No Data,No Data,75140,75140,No,1GNERGKW9LJ309932,8,2 - FEMALE,N - NOT INJURED,0,2,4 - SECOND SEAT LEFT OR MOTORCYCLE BACK PASSENGER
20746789,Yes,POTTSBORO POLICE DEPARTMENT,04-25-062,POTTSBORO,CHANGED LANE WHEN UNSAFE;DRIVER INATTENTION;FAILED TO YIELD RIGHT OF WAY - PRIVATE DRIVE,GRAYSON,2025-04-08,N - NOT INJURED,0,NO DATA,265 - TEXOMA MEDICAL CENTER,5.563,,34 - FAILED TO YIELD RIGHT OF WAY - PRIVATE DRIVE,20 - DRIVER INATTENTION,No Data,75076,75076,No,1C6RR7PM6GS193923,16,2 - FEMALE,N - NOT INJURED,0,1,1 - FRONT LEFT OR MOTORCYCLE DRIVER
20746789,Yes,POTTSBORO POLICE DEPARTMENT,04-25-062,POTTSBORO,CHANGED LANE WHEN UNSAFE;DRIVER INATTENTION;FAILED TO YIELD RIGHT OF WAY - PRIVATE DRIVE,GRAYSON,2025-04-08,N - NOT INJURED,0,NO DATA,265 - TEXOMA MEDICAL CENTER,5.563,,34 - FAILED TO YIELD RIGHT OF WAY - PRIVATE DRIVE,20 - DRIVER INATTENTION,No Data,75076,75076,No,1C6RR7PM6GS193923,10,2 - FEMALE,N - NOT INJURED,0,2,6 - SECOND SEAT RIGHT
20746789,Yes,POTTSBORO POLICE DEPARTMENT,04-25-062,POTTSBORO,CHANGED LANE WHEN UNSAFE;DRIVER INATTENTION;FAILED TO YIELD RIGHT OF WAY - PRIVATE DRIVE,GRAYSON,2025-04-08,N - NOT INJURED,0,NO DATA,265 - TEXOMA MEDICAL CENTER,5.563,,4 - CHANGED LANE WHEN UNSAFE,20 - DRIVER INATTENTION,No Data,75076,75076,No,1D7HA18N85S360706,74,1 - MALE,N - NOT INJURED,0,1,1 - FRONT LEFT OR MOTORCYCLE DRIVER
20746805,No,MONTGOMERY COUNTY SHERIFF'S OFFICE,25A103877,OUTSIDE CITY LIMITS,BACKED WITHOUT SAFETY,MONTGOMERY,2025-04-08,N - NOT INJURED,0,NO DATA,253 - TEXAS CHILDRENS HOSPITAL THE WOODLANDS,6.967,,3 - BACKED WITHOUT SAFETY,No Data,No Data,77077,77385,No,3C7WRMDL3DG595815,32,2 - FEMALE,N - NOT INJURED,0,1,1 - FRONT LEFT OR MOTORCYCLE DRIVER
20746805,No,MONTGOMERY COUNTY SHERIFF'S OFFICE,25A103877,OUTSIDE CITY LIMITS,BACKED WITHOUT SAFETY,MONTGOMERY,2025-04-08,N - NOT INJURED,0,NO DATA,253 - TEXAS CHILDRENS HOSPITAL THE WOODLANDS,6.967,,No Data,No Data,No Data,77354,77354,No,1FT7W2BT7KED48013,38,1 - MALE,N - NOT INJURED,0,1,1 - FRONT LEFT OR MOTORCYCLE DRIVER
20746807,Yes,GRAPEVINE POLICE DEPARTMENT,2500013298,GRAPEVINE,FAILED TO CONTROL SPEED,TARRANT,2025-04-08,C - POSSIBLE INJURY,0,NO DATA,17 - BAYLOR SCOTT & WHITE MEDICAL CENTER - GRAPEVINE,3.313,,22 - FAILED TO CONTROL SPEED,No Data,No Data,76262,76262,No,5N1AT2MV5HC730294,56,2 - FEMALE,C - POSSIBLE INJURY,0,1,1 - FRONT LEFT OR MOTORCYCLE DRIVER
20746807,Yes,GRAPEVINE POLICE DEPARTMENT,2500013298,GRAPEVINE,FAILED TO CONTROL SPEED,TARRANT,2025-04-08,C - POSSIBLE INJURY,0,NO DATA,17 - BAYLOR SCOTT & WHITE MEDICAL CENTER - GRAPEVINE,3.313,,No Data,No Data,No Data,75007,75007,No,3C63R3ML8NG317222,38,1 - MALE,N - NOT INJURED,0,1,1 - FRONT LEFT OR MOTORCYCLE DRIVER
20746807,Yes,GRAPEVINE POLICE DEPARTMENT,2500013298,GRAPEVINE,FAILED TO CONTROL SPEED,TARRANT,2025-04-08,C - POSSIBLE INJURY,0,NO DATA,17 - BAYLOR SCOTT & WHITE MEDICAL CENTER - GRAPEVINE,3.313,,No Data,No Data,No Data,75007,75007,No,3C63R3ML8NG317222,30,2 - FEMALE,N - NOT INJURED,0,2,3 - FRONT RIGHT
20746807,Yes,GRAPEVINE POLICE DEPARTMENT,2500013298,GRAPEVINE,FAILED TO CONTROL SPEED,TARRANT,2025-04-08,C - POSSIBLE INJURY,0,NO DATA,17 - BAYLOR SCOTT & WHITE MEDICAL CENTER - GRAPEVINE,3.313,,No Data,No Data,No Data,75007,75007,No,3C63R3ML8NG317222,3,2 - FEMALE,N - NOT INJURED,0,3,6 - SECOND SEAT RIGHT
20746809,Yes,SAN ANGELO POLICE DEPARTMENT,20250003842,SAN ANGELO,FAILED TO CONTROL SPEED,TOM GREEN,2025-04-08,N - NOT INJURED,0,NO DATA,233 - SHANNON MEDICAL CENTER SOUTH,1.964,,22 - FAILED TO CONTROL SPEED,No Data,No Data,76901,76901,No,1G1ZB5ST2HF163207,23,1 - MALE,N - NOT INJURED,0,1,1 - FRONT LEFT OR MOTORCYCLE DRIVER
20746809,Yes,SAN ANGELO POLICE DEPARTMENT,20250003842,SAN ANGELO,FAILED TO CONTROL SPEED,TOM GREEN,2025-04-08,N - NOT INJURED,0,NO DATA,233 - SHANNON MEDICAL CENTER SOUTH,1.964,,No Data,No Data,No Data,76904,76904,No,1FM5K7F80EGA89150,51,1 - MALE,N - NOT INJURED,0,1,1 - FRONT LEFT OR MOTORCYCLE DRIVER
20746826,No,HALTOM CITY POLICE DEPARTMENT,25H11554,HALTOM CITY,OTHER (EXPLAIN IN NARRATIVE),TARRANT,2025-04-08,N - NOT INJURED,0,NO DATA,161 - MEDICAL CITY NORTH HILLS,3.617,,98 - OTHER (EXPLAIN IN NARRATIVE),No Data,No Data,,No Data,Yes,No Data,No Data,99 - UNKNOWN,99 - UNKNOWN,0,1,1 - FRONT LEFT OR MOTORCYCLE DRIVER
20746826,No,HALTOM CITY POLICE DEPARTMENT,25H11554,HALTOM CITY,OTHER (EXPLAIN IN NARRATIVE),TARRANT,2025-04-08,N - NOT INJURED,0,NO DATA,161 - MEDICAL CITY NORTH HILLS,3.617,,No Data,No Data,No Data,75071,60419,No,2NP3LJ9X4MM707033,39,1 - MALE,N - NOT INJURED,0,1,1 - FRONT LEFT OR MOTORCYCLE DRIVER
20746834,Yes,"DEPARTMENT OF PUBLIC SAFETY, STATE OF TEXAS",TX 25-545878,OUTSIDE CITY LIMITS,TURNED IMPROPERLY - WIDE RIGHT,GRAYSON,2025-04-08,B - SUSPECTED MINOR INJURY,0,NO DATA,198 - NORTH TEXAS MEDICAL CENTER,15.818,1A,64 - TURNED IMPROPERLY - WIDE RIGHT,No Data,No Data,76233,76233,No,5TBEV54197S463293,50,2 - FEMALE,N - NOT INJURED,0,1,1 - FRONT LEFT OR MOTORCYCLE DRIVER
20746834,Yes,"DEPARTMENT OF PUBLIC SAFETY, STATE OF TEXAS",TX 25-545878,OUTSIDE CITY LIMITS,TURNED IMPROPERLY - WIDE RIGHT,GRAYSON,2025-04-08,B - SUSPECTED MINOR INJURY,0,NO DATA,198 - NORTH TEXAS MEDICAL CENTER,15.818,1A,No Data,No Data,No Data,76233,76233,No,No Data,48,2 - FEMALE,B - SUSPECTED MINOR INJURY,1,1,1 - FRONT LEFT OR MOTORCYCLE DRIVER
20746838,Yes,HALTOM CITY POLICE DEPARTMENT,25H11613,HALTOM CITY,BACKED WITHOUT SAFETY,TARRANT,2025-04-08,N - NOT INJURED,0,NO DATA,161 - MEDICAL CITY NORTH HILLS,3.416,,3 - BACKED WITHOUT SAFETY,No Data,No Data,76117,76117,Yes,5GNEN13E798125743,No Data,99 - UNKNOWN,99 - UNKNOWN,0,1,1 - FRONT LEFT OR MOTORCYCLE DRIVER
20746838,Yes,HALTOM CITY POLICE DEPARTMENT,25H11613,HALTOM CITY,BACKED WITHOUT SAFETY,TARRANT,2025-04-08,N - NOT INJURED,0,NO DATA,161 - MEDICAL CITY NORTH HILLS,3.416,,No Data,No Data,No Data,76137,76137,No,2G1FK1EJ3E9239088,35,1 - MALE,N - NOT INJURED,0,1,1 - FRONT LEFT OR MOTORCYCLE DRIVER
20746839,Yes,GRAPEVINE POLICE DEPARTMENT,2500013329,GRAPEVINE,DRIVER INATTENTION;CELL/MOBILE DEVICE USE - TALKING,TARRANT,2025-04-08,B - SUSPECTED MINOR INJURY,0,NO DATA,17 - BAYLOR SCOTT & WHITE MEDICAL CENTER - GRAPEVINE,0.706,,74 - CELL/MOBILE DEVICE USE - TALKING,No Data,No Data,75056,75056,No,1FTFW1EF8EKD70278,54,1 - MALE,N - NOT INJURED,0,1,1 - FRONT LEFT OR MOTORCYCLE DRIVER
20746839,Yes,GRAPEVINE POLICE DEPARTMENT,2500013329,GRAPEVINE,DRIVER INATTENTION;CELL/MOBILE DEVICE USE - TALKING,TARRANT,2025-04-08,B - SUSPECTED MINOR INJURY,0,NO DATA,17 - BAYLOR SCOTT & WHITE MEDICAL CENTER - GRAPEVINE,0.706,,No Data,No Data,No Data,76112,76112,No,4T1BF1FK2CU547012,23,2 - FEMALE,B - SUSPECTED MINOR INJURY,1,1,1 - FRONT LEFT OR MOTORCYCLE DRIVER
20746839,Yes,GRAPEVINE POLICE DEPARTMENT,2500013329,GRAPEVINE,DRIVER INATTENTION;CELL/MOBILE DEVICE USE - TALKING,TARRANT,2025-04-08,B - SUSPECTED MINOR INJURY,0,NO DATA,17 - BAYLOR SCOTT & WHITE MEDICAL CENTER - GRAPEVINE,0.706,,No Data,No Data,No Data,75028,75028,No,1GKKNPLS2NZ108613,58,1 - MALE,N - NOT INJURED,0,1,1 - FRONT LEFT OR MOTORCYCLE DRIVER
20746839,Yes,GRAPEVINE POLICE DEPARTMENT,2500013329,GRAPEVINE,DRIVER INATTENTION;CELL/MOBILE DEVICE USE - TALKING,TARRANT,2025-04-08,B - SUSPECTED MINOR INJURY,0,NO DATA,17 - BAYLOR SCOTT & WHITE MEDICAL CENTER - GRAPEVINE,0.706,,No Data,No Data,No Data,75006,76040,No,2NPKHM6X2PM831888,32,1 - MALE,N - NOT INJURED,0,1,1 - FRONT LEFT OR MOTORCYCLE DRIVER
20746839,Yes,GRAPEVINE POLICE DEPARTMENT,2500013329,GRAPEVINE,DRIVER INATTENTION;CELL/MOBILE DEVICE USE - TALKING,TARRANT,2025-04-08,B - SUSPECTED MINOR INJURY,0,NO DATA,17 - BAYLOR SCOTT & WHITE MEDICAL CENTER - GRAPEVINE,0.706,,No Data,No Data,No Data,75006,76040,No,2NPKHM6X2PM831888,23,1 - MALE,N - NOT INJURED,0,2,3 - FRONT RIGHT
20746839,Yes,GRAPEVINE POLICE DEPARTMENT,2500013329,GRAPEVINE,DRIVER INATTENTION;CELL/MOBILE DEVICE USE - TALKING,TARRANT,2025-04-08,B - SUSPECTED MINOR INJURY,0,NO DATA,17 - BAYLOR SCOTT & WHITE MEDICAL CENTER - GRAPEVINE,0.706,,No Data,No Data,No Data,75071,75071,No,1V2FE2CA3RC242710,60,1 - MALE,C - POSSIBLE INJURY,0,1,1 - FRONT LEFT OR MOTORCYCLE DRIVER
20746839,Yes,GRAPEVINE POLICE DEPARTMENT,2500013329,GRAPEVINE,DRIVER INATTENTION;CELL/MOBILE DEVICE USE - TALKING,TARRANT,2025-04-08,B - SUSPECTED MINOR INJURY,0,NO DATA,17 - BAYLOR SCOTT & WHITE MEDICAL CENTER - GRAPEVINE,0.706,,No Data,No Data,No Data,75071,75071,No,1V2FE2CA3RC242710,38,2 - FEMALE,C - POSSIBLE INJURY,0,2,3 - FRONT RIGHT
20746839,Yes,GRAPEVINE POLICE DEPARTMENT,2500013329,GRAPEVINE,DRIVER INATTENTION;CELL/MOBILE DEVICE USE - TALKING,TARRANT,2025-04-08,B - SUSPECTED MINOR INJURY,0,NO DATA,17 - BAYLOR SCOTT & WHITE MEDICAL CENTER - GRAPEVINE,0.706,,No Data,No Data,No Data,75071,75071,No,1V2FE2CA3RC242710,81,1 - MALE,C - POSSIBLE INJURY,0,3,4 - SECOND SEAT LEFT OR MOTORCYCLE BACK PASSENGER
20746839,Yes,GRAPEVINE POLICE DEPARTMENT,2500013329,GRAPEVINE,DRIVER INATTENTION;CELL/MOBILE DEVICE USE - TALKING,TARRANT,2025-04-08,B - SUSPECTED MINOR INJURY,0,NO DATA,17 - BAYLOR SCOTT & WHITE MEDICAL CENTER - GRAPEVINE,0.706,,No Data,No Data,No Data,75071,75071,No,1V2FE2CA3RC242710,80,2 - FEMALE,B - SUSPECTED MINOR INJURY,1,4,6 - SECOND SEAT RIGHT
20746843,Yes,GARLAND POLICE DEPARTMENT,2025A000780,GARLAND,FAILED TO DRIVE IN SINGLE LANE,DALLAS,2025-04-08,N - NOT INJURED,0,NO DATA,186 - METHODIST RICHARDSON MEDICAL CENTER,2.523,21,23 - FAILED TO DRIVE IN SINGLE LANE,No Data,No Data,75040,75040,Yes,7FARW1H84KE030360,No Data,99 - UNKNOWN,99 - UNKNOWN,0,1,1 - FRONT LEFT OR MOTORCYCLE DRIVER
20746843,Yes,GARLAND POLICE DEPARTMENT,2025A000780,GARLAND,FAILED TO DRIVE IN SINGLE LANE,DALLAS,2025-04-08,N - NOT INJURED,0,NO DATA,186 - METHODIST RICHARDSON MEDICAL CENTER,2.523,21,No Data,No Data,No Data,75040,75040,No,1C4HJXFG1MW664808,36,2 - FEMALE,N - NOT INJURED,0,1,1 - FRONT LEFT OR MOTORCYCLE DRIVER
20746847,Yes,"DEPARTMENT OF PUBLIC SAFETY, STATE OF TEXAS",TX 2025-543186,OUTSIDE CITY LIMITS,FAILED TO YIELD RIGHT OF WAY - STOP SIGN,WARD,2025-04-08,N - NOT INJURED,0,NO DATA,294 - WARD MEMORIAL HOSPITAL,5.288,4A,35 - FAILED TO YIELD RIGHT OF WAY - STOP SIGN,No Data,No Data,33936,79762,No,1FUYSSEB3WL979189,61,1 - MALE,N - NOT INJURED,0,1,1 - FRONT LEFT OR MOTORCYCLE DRIVER
20746847,Yes,"DEPARTMENT OF PUBLIC SAFETY, STATE OF TEXAS",TX 2025-543186,OUTSIDE CITY LIMITS,FAILED TO YIELD RIGHT OF WAY - STOP SIGN,WARD,2025-04-08,N - NOT INJURED,0,NO DATA,294 - WARD MEMORIAL HOSPITAL,5.288,4A,No Data,No Data,No Data,79735,70510,No,3C63RRGL9JG174029,32,1 - MALE,N - NOT INJURED,0,1,1 - FRONT LEFT OR MOTORCYCLE DRIVER
20746852,Yes,ALVIN POLICE DEPARTMENT,202500886,ALVIN,DRIVER INATTENTION; FAILED TO CONTROL SPEED,BRAZORIA,2025-04-08,N - NOT INJURED,0,NO DATA,289 - UTMB HEALTH LEAGUE CITY CAMPUS,9.483,,22 - FAILED TO CONTROL SPEED,20 - DRIVER INATTENTION,No Data,77511,77957,No,JM1GL1U50H1112773,35,1 - MALE,N - NOT INJURED,0,1,1 - FRONT LEFT OR MOTORCYCLE DRIVER
20746852,Yes,ALVIN POLICE DEPARTMENT,202500886,ALVIN,DRIVER INATTENTION; FAILED TO CONTROL SPEED,BRAZORIA,2025-04-08,N - NOT INJURED,0,NO DATA,289 - UTMB HEALTH LEAGUE CITY CAMPUS,9.483,,No Data,No Data,No Data,77511,77511,No,3GCPKSE7XDG211198,30,2 - FEMALE,N - NOT INJURED,0,1,1 - FRONT LEFT OR MOTORCYCLE DRIVER
20746852,Yes,ALVIN POLICE DEPARTMENT,202500886,ALVIN,DRIVER INATTENTION; FAILED TO CONTROL SPEED,BRAZORIA,2025-04-08,N - NOT INJURED,0,NO DATA,289 - UTMB HEALTH LEAGUE CITY CAMPUS,9.483,,No Data,No Data,No Data,77511,77511,No,3GCPKSE7XDG211198,3,1 - MALE,N - NOT INJURED,0,2,6 - SECOND SEAT RIGHT
20746876,Yes,KERRVILLE POLICE DEPARTMENT,2500745,KERRVILLE,FAILED TO YIELD RIGHT OF WAY - STOP SIGN,KERR,2025-04-08,N - NOT INJURED,0,NO DATA,218 - PETERSON REGIONAL MEDICAL CENTER,1.752,,35 - FAILED TO YIELD RIGHT OF WAY - STOP SIGN,No Data,No Data,78028,78747,No,1C4SJVAT1PS515308,65,2 - FEMALE,N - NOT INJURED,0,1,1 - FRONT LEFT OR MOTORCYCLE DRIVER
20746876,Yes,KERRVILLE POLICE DEPARTMENT,2500745,KERRVILLE,FAILED TO YIELD RIGHT OF WAY - STOP SIGN,KERR,2025-04-08,N - NOT INJURED,0,NO DATA,218 - PETERSON REGIONAL MEDICAL CENTER,1.752,,No Data,No Data,No Data,78028,78028,No,5NPDH4AE7EH480298,42,1 - MALE,N - NOT INJURED,0,1,1 - FRONT LEFT OR MOTORCYCLE DRIVER
20746876,Yes,KERRVILLE POLICE DEPARTMENT,2500745,KERRVILLE,FAILED TO YIELD RIGHT OF WAY - STOP SIGN,KERR,2025-04-08,N - NOT INJURED,0,NO DATA,218 - PETERSON REGIONAL MEDICAL CENTER,1.752,,No Data,No Data,No Data,78028,78028,No,5NPDH4AE7EH480298,16,1 - MALE,N - NOT INJURED,0,2,3 - FRONT RIGHT
20746882,Yes,JASPER POLICE DEPARTMENT,25-03561,JASPER,DRIVER INATTENTION,JASPER,2025-04-08,N - NOT INJURED,0,NO DATA,55 - CHRISTUS SOUTHEAST TEXAS - JASPER MEMORIAL,0.597,,20 - DRIVER INATTENTION,No Data,No Data,75951,75951,No,JN8BT3BA5PW432845,45,2 - FEMALE,N - NOT INJURED,0,1,1 - FRONT LEFT OR MOTORCYCLE DRIVER
20746882,Yes,JASPER POLICE DEPARTMENT,25-03561,JASPER,DRIVER INATTENTION,JASPER,2025-04-08,N - NOT INJURED,0,NO DATA,55 - CHRISTUS SOUTHEAST TEXAS - JASPER MEMORIAL,0.597,,20 - DRIVER INATTENTION,No Data,No Data,75951,75951,No,JN8BT3BA5PW432845,41,2 - FEMALE,N - NOT INJURED,0,2,3 - FRONT RIGHT
20746882,Yes,JASPER POLICE DEPARTMENT,25-03561,JASPER,DRIVER INATTENTION,JASPER,2025-04-08,N - NOT INJURED,0,NO DATA,55 - CHRISTUS SOUTHEAST TEXAS - JASPER MEMORIAL,0.597,,20 - DRIVER INATTENTION,No Data,No Data,75951,75951,No,JN8BT3BA5PW432845,18,2 - FEMALE,N - NOT INJURED,0,3,4 - SECOND SEAT LEFT OR MOTORCYCLE BACK PASSENGER
20746882,Yes,JASPER POLICE DEPARTMENT,25-03561,JASPER,DRIVER INATTENTION,JASPER,2025-04-08,N - NOT INJURED,0,NO DATA,55 - CHRISTUS SOUTHEAST TEXAS - JASPER MEMORIAL,0.597,,20 - DRIVER INATTENTION,No Data,No Data,75951,75951,No,KMHDN56DX6U200536,20,1 - MALE,N - NOT INJURED,0,1,1 - FRONT LEFT OR MOTORCYCLE DRIVER
20746884,No,SPRINGTOWN POLICE DEPARTMENT,25-06920,SPRINGTOWN (PARKER),OVERTAKE AND PASS INSUFFICIENT CLEARANCE,PARKER,2025-04-08,N - NOT INJURED,0,NO DATA,No Data,No Data,,53 - OVERTAKE AND PASS INSUFFICIENT CLEARANCE,No Data,No Data,76082,76082,No,4DRBRAAN13B953223,59,1 - MALE,N - NOT INJURED,0,1,1 - FRONT LEFT OR MOTORCYCLE DRIVER
20746884,No,SPRINGTOWN POLICE DEPARTMENT,25-06920,SPRINGTOWN (PARKER),OVERTAKE AND PASS INSUFFICIENT CLEARANCE,PARKER,2025-04-08,N - NOT INJURED,0,NO DATA,No Data,No Data,,53 - OVERTAKE AND PASS INSUFFICIENT CLEARANCE,No Data,No Data,76082,76082,No,4DRBRAAN13B953223,9,1 - MALE,N - NOT INJURED,0,2,14 - PASSENGER IN BUS
20746884,No,SPRINGTOWN POLICE DEPARTMENT,25-06920,SPRINGTOWN (PARKER),OVERTAKE AND PASS INSUFFICIENT CLEARANCE,PARKER,2025-04-08,N - NOT INJURED,0,NO DATA,No Data,No Data,,53 - OVERTAKE AND PASS INSUFFICIENT CLEARANCE,No Data,No Data,76082,76082,No,4DRBRAAN13B953223,8,1 - MALE,N - NOT INJURED,0,3,14 - PASSENGER IN BUS
20746884,No,SPRINGTOWN POLICE DEPARTMENT,25-06920,SPRINGTOWN (PARKER),OVERTAKE AND PASS INSUFFICIENT CLEARANCE,PARKER,2025-04-08,N - NOT INJURED,0,NO DATA,No Data,No Data,,53 - OVERTAKE AND PASS INSUFFICIENT CLEARANCE,No Data,No Data,76082,76082,No,4DRBRAAN13B953223,7,2 - FEMALE,N - NOT INJURED,0,4,14 - PASSENGER IN BUS
20746884,No,SPRINGTOWN POLICE DEPARTMENT,25-06920,SPRINGTOWN (PARKER),OVERTAKE AND PASS INSUFFICIENT CLEARANCE,PARKER,2025-04-08,N - NOT INJURED,0,NO DATA,No Data,No Data,,53 - OVERTAKE AND PASS INSUFFICIENT CLEARANCE,No Data,No Data,76082,76082,No,4DRBRAAN13B953223,6,1 - MALE,N - NOT INJURED,0,5,14 - PASSENGER IN BUS
20746884,No,SPRINGTOWN POLICE DEPARTMENT,25-06920,SPRINGTOWN (PARKER),OVERTAKE AND PASS INSUFFICIENT CLEARANCE,PARKER,2025-04-08,N - NOT INJURED,0,NO DATA,No Data,No Data,,53 - OVERTAKE AND PASS INSUFFICIENT CLEARANCE,No Data,No Data,76082,76082,No,4DRBRAAN13B953223,8,2 - FEMALE,N - NOT INJURED,0,6,14 - PASSENGER IN BUS
20746884,No,SPRINGTOWN POLICE DEPARTMENT,25-06920,SPRINGTOWN (PARKER),OVERTAKE AND PASS INSUFFICIENT CLEARANCE,PARKER,2025-04-08,N - NOT INJURED,0,NO DATA,No Data,No Data,,53 - OVERTAKE AND PASS INSUFFICIENT CLEARANCE,No Data,No Data,76082,76082,No,4DRBRAAN13B953223,9,2 - FEMALE,N - NOT INJURED,0,7,14 - PASSENGER IN BUS
20746884,No,SPRINGTOWN POLICE DEPARTMENT,25-06920,SPRINGTOWN (PARKER),OVERTAKE AND PASS INSUFFICIENT CLEARANCE,PARKER,2025-04-08,N - NOT INJURED,0,NO DATA,No Data,No Data,,53 - OVERTAKE AND PASS INSUFFICIENT CLEARANCE,No Data,No Data,76082,76082,No,4DRBRAAN13B953223,7,1 - MALE,N - NOT INJURED,0,8,14 - PASSENGER IN BUS
20746884,No,SPRINGTOWN POLICE DEPARTMENT,25-06920,SPRINGTOWN (PARKER),OVERTAKE AND PASS INSUFFICIENT CLEARANCE,PARKER,2025-04-08,N - NOT INJURED,0,NO DATA,No Data,No Data,,53 - OVERTAKE AND PASS INSUFFICIENT CLEARANCE,No Data,No Data,76082,76082,No,4DRBRAAN13B953223,9,1 - MALE,N - NOT INJURED,0,9,14 - PASSENGER IN BUS
20746884,No,SPRINGTOWN POLICE DEPARTMENT,25-06920,SPRINGTOWN (PARKER),OVERTAKE AND PASS INSUFFICIENT CLEARANCE,PARKER,2025-04-08,N - NOT INJURED,0,NO DATA,No Data,No Data,,53 - OVERTAKE AND PASS INSUFFICIENT CLEARANCE,No Data,No Data,76082,76082,No,4DRBRAAN13B953223,9,1 - MALE,N - NOT INJURED,0,10,14 - PASSENGER IN BUS
20746884,No,SPRINGTOWN POLICE DEPARTMENT,25-06920,SPRINGTOWN (PARKER),OVERTAKE AND PASS INSUFFICIENT CLEARANCE,PARKER,2025-04-08,N - NOT INJURED,0,NO DATA,No Data,No Data,,53 - OVERTAKE AND PASS INSUFFICIENT CLEARANCE,No Data,No Data,76082,76082,No,4DRBRAAN13B953223,10,1 - MALE,N - NOT INJURED,0,11,14 - PASSENGER IN BUS
20746884,No,SPRINGTOWN POLICE DEPARTMENT,25-06920,SPRINGTOWN (PARKER),OVERTAKE AND PASS INSUFFICIENT CLEARANCE,PARKER,2025-04-08,N - NOT INJURED,0,NO DATA,No Data,No Data,,53 - OVERTAKE AND PASS INSUFFICIENT CLEARANCE,No Data,No Data,76082,76082,No,4DRBRAAN13B953223,10,1 - MALE,N - NOT INJURED,0,12,14 - PASSENGER IN BUS
20746884,No,SPRINGTOWN POLICE DEPARTMENT,25-06920,SPRINGTOWN (PARKER),OVERTAKE AND PASS INSUFFICIENT CLEARANCE,PARKER,2025-04-08,N - NOT INJURED,0,NO DATA,No Data,No Data,,53 - OVERTAKE AND PASS INSUFFICIENT CLEARANCE,No Data,No Data,76082,76082,No,4DRBRAAN13B953223,10,1 - MALE,N - NOT INJURED,0,13,14 - PASSENGER IN BUS
20746884,No,SPRINGTOWN POLICE DEPARTMENT,25-06920,SPRINGTOWN (PARKER),OVERTAKE AND PASS INSUFFICIENT CLEARANCE,PARKER,2025-04-08,N - NOT INJURED,0,NO DATA,No Data,No Data,,No Data,No Data,No Data,76308,76367,No,4DRBUC8N0KB361956,56,1 - MALE,N - NOT INJURED,0,1,1 - FRONT LEFT OR MOTORCYCLE DRIVER
20746884,No,SPRINGTOWN POLICE DEPARTMENT,25-06920,SPRINGTOWN (PARKER),OVERTAKE AND PASS INSUFFICIENT CLEARANCE,PARKER,2025-04-08,N - NOT INJURED,0,NO DATA,No Data,No Data,,No Data,No Data,No Data,76308,76367,No,4DRBUC8N0KB361956,35,1 - MALE,N - NOT INJURED,0,2,14 - PASSENGER IN BUS
20746884,No,SPRINGTOWN POLICE DEPARTMENT,25-06920,SPRINGTOWN (PARKER),OVERTAKE AND PASS INSUFFICIENT CLEARANCE,PARKER,2025-04-08,N - NOT INJURED,0,NO DATA,No Data,No Data,,No Data,No Data,No Data,76308,76367,No,4DRBUC8N0KB361956,34,1 - MALE,N - NOT INJURED,0,3,14 - PASSENGER IN BUS
20746884,No,SPRINGTOWN POLICE DEPARTMENT,25-06920,SPRINGTOWN (PARKER),OVERTAKE AND PASS INSUFFICIENT CLEARANCE,PARKER,2025-04-08,N - NOT INJURED,0,NO DATA,No Data,No Data,,No Data,No Data,No Data,76308,76367,No,4DRBUC8N0KB361956,15,1 - MALE,N - NOT INJURED,0,4,14 - PASSENGER IN BUS
20746884,No,SPRINGTOWN POLICE DEPARTMENT,25-06920,SPRINGTOWN (PARKER),OVERTAKE AND PASS INSUFFICIENT CLEARANCE,PARKER,2025-04-08,N - NOT INJURED,0,NO DATA,No Data,No Data,,No Data,No Data,No Data,76308,76367,No,4DRBUC8N0KB361956,15,1 - MALE,N - NOT INJURED,0,5,14 - PASSENGER IN BUS
20746884,No,SPRINGTOWN POLICE DEPARTMENT,25-06920,SPRINGTOWN (PARKER),OVERTAKE AND PASS INSUFFICIENT CLEARANCE,PARKER,2025-04-08,N - NOT INJURED,0,NO DATA,No Data,No Data,,No Data,No Data,No Data,76308,76367,No,4DRBUC8N0KB361956,17,1 - MALE,N - NOT INJURED,0,6,14 - PASSENGER IN BUS
20746884,No,SPRINGTOWN POLICE DEPARTMENT,25-06920,SPRINGTOWN (PARKER),OVERTAKE AND PASS INSUFFICIENT CLEARANCE,PARKER,2025-04-08,N - NOT INJURED,0,NO DATA,No Data,No Data,,No Data,No Data,No Data,76308,76367,No,4DRBUC8N0KB361956,17,1 - MALE,N - NOT INJURED,0,7,14 - PASSENGER IN BUS
20746884,No,SPRINGTOWN POLICE DEPARTMENT,25-06920,SPRINGTOWN (PARKER),OVERTAKE AND PASS INSUFFICIENT CLEARANCE,PARKER,2025-04-08,N - NOT INJURED,0,NO DATA,No Data,No Data,,No Data,No Data,No Data,76308,76367,No,4DRBUC8N0KB361956,17,1 - MALE,N - NOT INJURED,0,8,14 - PASSENGER IN BUS
20746884,No,SPRINGTOWN POLICE DEPARTMENT,25-06920,SPRINGTOWN (PARKER),OVERTAKE AND PASS INSUFFICIENT CLEARANCE,PARKER,2025-04-08,N - NOT INJURED,0,NO DATA,No Data,No Data,,No Data,No Data,No Data,76308,76367,No,4DRBUC8N0KB361956,17,1 - MALE,N - NOT INJURED,0,9,14 - PASSENGER IN BUS
20746884,No,SPRINGTOWN POLICE DEPARTMENT,25-06920,SPRINGTOWN (PARKER),OVERTAKE AND PASS INSUFFICIENT CLEARANCE,PARKER,2025-04-08,N - NOT INJURED,0,NO DATA,No Data,No Data,,No Data,No Data,No Data,76308,76367,No,4DRBUC8N0KB361956,17,1 - MALE,N - NOT INJURED,0,10,14 - PASSENGER IN BUS
20746884,No,SPRINGTOWN POLICE DEPARTMENT,25-06920,SPRINGTOWN (PARKER),OVERTAKE AND PASS INSUFFICIENT CLEARANCE,PARKER,2025-04-08,N - NOT INJURED,0,NO DATA,No Data,No Data,,No Data,No Data,No Data,76308,76367,No,4DRBUC8N0KB361956,16,1 - MALE,N - NOT INJURED,0,11,14 - PASSENGER IN BUS
20746884,No,SPRINGTOWN POLICE DEPARTMENT,25-06920,SPRINGTOWN (PARKER),OVERTAKE AND PASS INSUFFICIENT CLEARANCE,PARKER,2025-04-08,N - NOT INJURED,0,NO DATA,No Data,No Data,,No Data,No Data,No Data,76308,76367,No,4DRBUC8N0KB361956,15,1 - MALE,N - NOT INJURED,0,12,14 - PASSENGER IN BUS
20746884,No,SPRINGTOWN POLICE DEPARTMENT,25-06920,SPRINGTOWN (PARKER),OVERTAKE AND PASS INSUFFICIENT CLEARANCE,PARKER,2025-04-08,N - NOT INJURED,0,NO DATA,No Data,No Data,,No Data,No Data,No Data,76308,76367,No,4DRBUC8N0KB361956,16,1 - MALE,N - NOT INJURED,0,13,14 - PASSENGER IN BUS
20746884,No,SPRINGTOWN POLICE DEPARTMENT,25-06920,SPRINGTOWN (PARKER),OVERTAKE AND PASS INSUFFICIENT CLEARANCE,PARKER,2025-04-08,N - NOT INJURED,0,NO DATA,No Data,No Data,,No Data,No Data,No Data,76308,76367,No,4DRBUC8N0KB361956,15,1 - MALE,N - NOT INJURED,0,14,14 - PASSENGER IN BUS
20746884,No,SPRINGTOWN POLICE DEPARTMENT,25-06920,SPRINGTOWN (PARKER),OVERTAKE AND PASS INSUFFICIENT CLEARANCE,PARKER,2025-04-08,N - NOT INJURED,0,NO DATA,No Data,No Data,,No Data,No Data,No Data,76308,76367,No,4DRBUC8N0KB361956,16,1 - MALE,N - NOT INJURED,0,15,14 - PASSENGER IN BUS
20746884,No,SPRINGTOWN POLICE DEPARTMENT,25-06920,SPRINGTOWN (PARKER),OVERTAKE AND PASS INSUFFICIENT CLEARANCE,PARKER,2025-04-08,N - NOT INJURED,0,NO DATA,No Data,No Data,,No Data,No Data,No Data,76308,76367,No,4DRBUC8N0KB361956,15,1 - MALE,N - NOT INJURED,0,16,14 - PASSENGER IN BUS
20746884,No,SPRINGTOWN POLICE DEPARTMENT,25-06920,SPRINGTOWN (PARKER),OVERTAKE AND PASS INSUFFICIENT CLEARANCE,PARKER,2025-04-08,N - NOT INJURED,0,NO DATA,No Data,No Data,,No Data,No Data,No Data,76308,76367,No,4DRBUC8N0KB361956,16,1 - MALE,N - NOT INJURED,0,17,14 - PASSENGER IN BUS
20746884,No,SPRINGTOWN POLICE DEPARTMENT,25-06920,SPRINGTOWN (PARKER),OVERTAKE AND PASS INSUFFICIENT CLEARANCE,PARKER,2025-04-08,N - NOT INJURED,0,NO DATA,No Data,No Data,,No Data,No Data,No Data,76308,76367,No,4DRBUC8N0KB361956,15,1 - MALE,N - NOT INJURED,0,18,14 - PASSENGER IN BUS
20746884,No,SPRINGTOWN POLICE DEPARTMENT,25-06920,SPRINGTOWN (PARKER),OVERTAKE AND PASS INSUFFICIENT CLEARANCE,PARKER,2025-04-08,N - NOT INJURED,0,NO DATA,No Data,No Data,,No Data,No Data,No Data,76308,76367,No,4DRBUC8N0KB361956,17,1 - MALE,N - NOT INJURED,0,19,14 - PASSENGER IN BUS
20746884,No,SPRINGTOWN POLICE DEPARTMENT,25-06920,SPRINGTOWN (PARKER),OVERTAKE AND PASS INSUFFICIENT CLEARANCE,PARKER,2025-04-08,N - NOT INJURED,0,NO DATA,No Data,No Data,,No Data,No Data,No Data,76308,76367,No,4DRBUC8N0KB361956,18,1 - MALE,N - NOT INJURED,0,20,14 - PASSENGER IN BUS
20746884,No,SPRINGTOWN POLICE DEPARTMENT,25-06920,SPRINGTOWN (PARKER),OVERTAKE AND PASS INSUFFICIENT CLEARANCE,PARKER,2025-04-08,N - NOT INJURED,0,NO DATA,No Data,No Data,,No Data,No Data,No Data,76308,76367,No,4DRBUC8N0KB361956,15,1 - MALE,N - NOT INJURED,0,21,14 - PASSENGER IN BUS
20746884,No,SPRINGTOWN POLICE DEPARTMENT,25-06920,SPRINGTOWN (PARKER),OVERTAKE AND PASS INSUFFICIENT CLEARANCE,PARKER,2025-04-08,N - NOT INJURED,0,NO DATA,No Data,No Data,,No Data,No Data,No Data,76308,76367,No,4DRBUC8N0KB361956,17,1 - MALE,N - NOT INJURED,0,22,14 - PASSENGER IN BUS
20746884,No,SPRINGTOWN POLICE DEPARTMENT,25-06920,SPRINGTOWN (PARKER),OVERTAKE AND PASS INSUFFICIENT CLEARANCE,PARKER,2025-04-08,N - NOT INJURED,0,NO DATA,No Data,No Data,,No Data,No Data,No Data,76308,76367,No,4DRBUC8N0KB361956,15,1 - MALE,N - NOT INJURED,0,23,14 - PASSENGER IN BUS
20746884,No,SPRINGTOWN POLICE DEPARTMENT,25-06920,SPRINGTOWN (PARKER),OVERTAKE AND PASS INSUFFICIENT CLEARANCE,PARKER,2025-04-08,N - NOT INJURED,0,NO DATA,No Data,No Data,,No Data,No Data,No Data,76308,76367,No,4DRBUC8N0KB361956,15,1 - MALE,N - NOT INJURED,0,24,14 - PASSENGER IN BUS
20746884,No,SPRINGTOWN POLICE DEPARTMENT,25-06920,SPRINGTOWN (PARKER),OVERTAKE AND PASS INSUFFICIENT CLEARANCE,PARKER,2025-04-08,N - NOT INJURED,0,NO DATA,No Data,No Data,,No Data,No Data,No Data,76308,76367,No,4DRBUC8N0KB361956,17,1 - MALE,N - NOT INJURED,0,25,14 - PASSENGER IN BUS
20746884,No,SPRINGTOWN POLICE DEPARTMENT,25-06920,SPRINGTOWN (PARKER),OVERTAKE AND PASS INSUFFICIENT CLEARANCE,PARKER,2025-04-08,N - NOT INJURED,0,NO DATA,No Data,No Data,,No Data,No Data,No Data,76308,76367,No,4DRBUC8N0KB361956,17,1 - MALE,N - NOT INJURED,0,26,14 - PASSENGER IN BUS
20746897,Yes,"DEPARTMENT OF PUBLIC SAFETY, STATE OF TEXAS",TX 2025-547985,OUTSIDE CITY LIMITS,FAILED TO CONTROL SPEED,WILSON,2025-04-08,N - NOT INJURED,0,NO DATA,74 - CONNALLY MEMORIAL MEDICAL CENTER,11.159,6C,No Data,No Data,No Data,78121,78121,No,4T1B11HK6KU756358,34,2 - FEMALE,N - NOT INJURED,0,1,1 - FRONT LEFT OR MOTORCYCLE DRIVER
20746897,Yes,"DEPARTMENT OF PUBLIC SAFETY, STATE OF TEXAS",TX 2025-547985,OUTSIDE CITY LIMITS,FAILED TO CONTROL SPEED,WILSON,2025-04-08,N - NOT INJURED,0,NO DATA,74 - CONNALLY MEMORIAL MEDICAL CENTER,11.159,6C,No Data,No Data,No Data,78121,78121,No,4T1B11HK6KU756358,31,2 - FEMALE,N - NOT INJURED,0,2,3 - FRONT RIGHT
20746897,Yes,"DEPARTMENT OF PUBLIC SAFETY, STATE OF TEXAS",TX 2025-547985,OUTSIDE CITY LIMITS,FAILED TO CONTROL SPEED,WILSON,2025-04-08,N - NOT INJURED,0,NO DATA,74 - CONNALLY MEMORIAL MEDICAL CENTER,11.159,6C,No Data,No Data,No Data,78159,78159,No,2C3CDZBT8FH708163,35,2 - FEMALE,N - NOT INJURED,0,1,1 - FRONT LEFT OR MOTORCYCLE DRIVER
20746897,Yes,"DEPARTMENT OF PUBLIC SAFETY, STATE OF TEXAS",TX 2025-547985,OUTSIDE CITY LIMITS,FAILED TO CONTROL SPEED,WILSON,2025-04-08,N - NOT INJURED,0,NO DATA,74 - CONNALLY MEMORIAL MEDICAL CENTER,11.159,6C,No Data,No Data,No Data,78159,78159,No,2C3CDZBT8FH708163,8,2 - FEMALE,N - NOT INJURED,0,2,6 - SECOND SEAT RIGHT
20746897,Yes,"DEPARTMENT OF PUBLIC SAFETY, STATE OF TEXAS",TX 2025-547985,OUTSIDE CITY LIMITS,FAILED TO CONTROL SPEED,WILSON,2025-04-08,N - NOT INJURED,0,NO DATA,74 - CONNALLY MEMORIAL MEDICAL CENTER,11.159,6C,22 - FAILED TO CONTROL SPEED,No Data,No Data,78114,78114,No,1FT7W2B60BEB30392,17,2 - FEMALE,N - NOT INJURED,0,1,1 - FRONT LEFT OR MOTORCYCLE DRIVER
20746909,Yes,SAN ANGELO POLICE DEPARTMENT,20250003843,SAN ANGELO,FAILED TO YIELD RIGHT OF WAY - TURNING LEFT,TOM GREEN,2025-04-08,N - NOT INJURED,0,NO DATA,230 - SHANNON MEDICAL CENTER,1.592,,37 - FAILED TO YIELD RIGHT OF WAY - TURNING LEFT,No Data,No Data,76934,76934,No,2C3CDXHG8EH319052,47,2 - FEMALE,N - NOT INJURED,0,1,1 - FRONT LEFT OR MOTORCYCLE DRIVER
20746909,Yes,SAN ANGELO POLICE DEPARTMENT,20250003843,SAN ANGELO,FAILED TO YIELD RIGHT OF WAY - TURNING LEFT,TOM GREEN,2025-04-08,N - NOT INJURED,0,NO DATA,230 - SHANNON MEDICAL CENTER,1.592,,No Data,No Data,No Data,78942,78942,No,1FT7W2B68JEB81976,22,1 - MALE,N - NOT INJURED,0,1,1 - FRONT LEFT OR MOTORCYCLE DRIVER
20746916,Yes,ABILENE POLICE DEPARTMENT,25-028173,ABILENE,FAILED TO CONTROL SPEED,TAYLOR,2025-04-08,C - POSSIBLE INJURY,0,NO DATA,126 - HENDRICK MEDICAL CENTER,1.886,,22 - FAILED TO CONTROL SPEED,No Data,No Data,79601,79601,No,3GNMCGE05CG260301,67,2 - FEMALE,C - POSSIBLE INJURY,0,1,1 - FRONT LEFT OR MOTORCYCLE DRIVER
20746916,Yes,ABILENE POLICE DEPARTMENT,25-028173,ABILENE,FAILED TO CONTROL SPEED,TAYLOR,2025-04-08,C - POSSIBLE INJURY,0,NO DATA,126 - HENDRICK MEDICAL CENTER,1.886,,No Data,No Data,No Data,79536,79536,No,1FTFW3L53RKD30864,67,1 - MALE,C - POSSIBLE INJURY,0,1,1 - FRONT LEFT OR MOTORCYCLE DRIVER
20746916,Yes,ABILENE POLICE DEPARTMENT,25-028173,ABILENE,FAILED TO CONTROL SPEED,TAYLOR,2025-04-08,C - POSSIBLE INJURY,0,NO DATA,126 - HENDRICK MEDICAL CENTER,1.886,,No Data,No Data,No Data,79605,76442,No,1M2MDBAA5NS002813,22,1 - MALE,N - NOT INJURED,0,1,1 - FRONT LEFT OR MOTORCYCLE DRIVER
20746922,Yes,LOCKHART POLICE DEPARTMENT,25006599,LOCKHART,OTHER (EXPLAIN IN NARRATIVE),CALDWELL,2025-04-08,B - SUSPECTED MINOR INJURY,0,NO DATA,3 - ASCENSION SETON EDGAR B. DAVIS,13.126,,98 - OTHER (EXPLAIN IN NARRATIVE),No Data,No Data,78644,78644,No,1G4GB5ER1CF263687,56,1 - MALE,B - SUSPECTED MINOR INJURY,1,1,1 - FRONT LEFT OR MOTORCYCLE DRIVER
20746926,Yes,MISSOURI CITY POLICE DEPARTMENT,25001204,MISSOURI CITY,FAILED TO YIELD RIGHT OF WAY - STOP SIGN,FORT BEND,2025-04-08,B - SUSPECTED MINOR INJURY,0,NO DATA,168 - MEMORIAL HERMANN SOUTHWEST HOSPITAL,6.966,,35 - FAILED TO YIELD RIGHT OF WAY - STOP SIGN,No Data,No Data,77489,77489,No,2C3CDZAG3PH521466,37,2 - FEMALE,B - SUSPECTED MINOR INJURY,1,1,1 - FRONT LEFT OR MOTORCYCLE DRIVER
20746926,Yes,MISSOURI CITY POLICE DEPARTMENT,25001204,MISSOURI CITY,FAILED TO YIELD RIGHT OF WAY - STOP SIGN,FORT BEND,2025-04-08,B - SUSPECTED MINOR INJURY,0,NO DATA,168 - MEMORIAL HERMANN SOUTHWEST HOSPITAL,6.966,,No Data,No Data,No Data,77489,77489,No,5N1AT2MT2KC827488,52,2 - FEMALE,N - NOT INJURED,0,1,1 - FRONT LEFT OR MOTORCYCLE DRIVER
20746926,Yes,MISSOURI CITY POLICE DEPARTMENT,25001204,MISSOURI CITY,FAILED TO YIELD RIGHT OF WAY - STOP SIGN,FORT BEND,2025-04-08,B - SUSPECTED MINOR INJURY,0,NO DATA,168 - MEMORIAL HERMANN SOUTHWEST HOSPITAL,6.966,,No Data,No Data,No Data,77489,77489,No,5N1AT2MT2KC827488,8,1 - MALE,N - NOT INJURED,0,2,6 - SECOND SEAT RIGHT
20746929,Yes,SAN ANTONIO POLICE DEPARTMENT,sapd25069486,SAN ANTONIO,TURNED WHEN UNSAFE,BEXAR,2025-04-08,B - SUSPECTED MINOR INJURY,0,NO DATA,196 - NORTH CENTRAL BAPTIST HOSPITAL,0.711,30,No Data,No Data,No Data,78258,78258,No,1C4RJEBG7LC428548,18,2 - FEMALE,B - SUSPECTED MINOR INJURY,1,1,1 - FRONT LEFT OR MOTORCYCLE DRIVER
20746929,Yes,SAN ANTONIO POLICE DEPARTMENT,sapd25069486,SAN ANTONIO,TURNED WHEN UNSAFE,BEXAR,2025-04-08,B - SUSPECTED MINOR INJURY,0,NO DATA,196 - NORTH CENTRAL BAPTIST HOSPITAL,0.711,30,66 - TURNED WHEN UNSAFE,No Data,No Data,78259,78259,No,1GKS2DKL3RR226516,82,1 - MALE,C - POSSIBLE INJURY,0,1,1 - FRONT LEFT OR MOTORCYCLE DRIVER
20746930,Yes,SAN ANTONIO POLICE DEPARTMENT,SAPD25069748,SAN ANTONIO,TURNED WHEN UNSAFE,BEXAR,2025-04-08,C - POSSIBLE INJURY,0,NO DATA,179 - METHODIST HOSPITAL - STONE OAK,1.903,30,66 - TURNED WHEN UNSAFE,No Data,No Data,78260,78260,No,5YFEPRAE8LP103693,18,1 - MALE,C - POSSIBLE INJURY,0,1,1 - FRONT LEFT OR MOTORCYCLE DRIVER
20746930,Yes,SAN ANTONIO POLICE DEPARTMENT,SAPD25069748,SAN ANTONIO,TURNED WHEN UNSAFE,BEXAR,2025-04-08,C - POSSIBLE INJURY,0,NO DATA,179 - METHODIST HOSPITAL - STONE OAK,1.903,30,66 - TURNED WHEN UNSAFE,No Data,No Data,78260,78260,No,5YFEPRAE8LP103693,17,2 - FEMALE,C - POSSIBLE INJURY,0,2,3 - FRONT RIGHT
20746930,Yes,SAN ANTONIO POLICE DEPARTMENT,SAPD25069748,SAN ANTONIO,TURNED WHEN UNSAFE,BEXAR,2025-04-08,C - POSSIBLE INJURY,0,NO DATA,179 - METHODIST HOSPITAL - STONE OAK,1.903,30,No Data,No Data,No Data,78666,78666,No,58ABA1C13PU027281,40,1 - MALE,C - POSSIBLE INJURY,0,1,1 - FRONT LEFT OR MOTORCYCLE DRIVER
20746944,Yes,WYLIE POLICE DEPARTMENT,25013115,WYLIE,CHANGED LANE WHEN UNSAFE;DRIVER INATTENTION;FAILED TO YIELD RIGHT OF WAY - OPEN INTERSECTION,COLLIN,2025-04-08,N - NOT INJURED,0,NO DATA,186 - METHODIST RICHARDSON MEDICAL CENTER,5.718,3,33 - FAILED TO YIELD RIGHT OF WAY - OPEN INTERSECTION,No Data,No Data,75442,75442,No,5XYPG4A33LG633231,21,1 - MALE,N - NOT INJURED,0,1,1 - FRONT LEFT OR MOTORCYCLE DRIVER
20746944,Yes,WYLIE POLICE DEPARTMENT,25013115,WYLIE,CHANGED LANE WHEN UNSAFE;DRIVER INATTENTION;FAILED TO YIELD RIGHT OF WAY - OPEN INTERSECTION,COLLIN,2025-04-08,N - NOT INJURED,0,NO DATA,186 - METHODIST RICHARDSON MEDICAL CENTER,5.718,3,4 - CHANGED LANE WHEN UNSAFE,20 - DRIVER INATTENTION,No Data,75165,75165,No,5TFRM5F12AX008327,16,1 - MALE,N - NOT INJURED,0,1,1 - FRONT LEFT OR MOTORCYCLE DRIVER
20746944,Yes,WYLIE POLICE DEPARTMENT,25013115,WYLIE,CHANGED LANE WHEN UNSAFE;DRIVER INATTENTION;FAILED TO YIELD RIGHT OF WAY - OPEN INTERSECTION,COLLIN,2025-04-08,N - NOT INJURED,0,NO DATA,186 - METHODIST RICHARDSON MEDICAL CENTER,5.718,3,4 - CHANGED LANE WHEN UNSAFE,20 - DRIVER INATTENTION,No Data,75165,75165,No,5TFRM5F12AX008327,15,1 - MALE,N - NOT INJURED,0,2,3 - FRONT RIGHT
20746944,Yes,WYLIE POLICE DEPARTMENT,25013115,WYLIE,CHANGED LANE WHEN UNSAFE;DRIVER INATTENTION;FAILED TO YIELD RIGHT OF WAY - OPEN INTERSECTION,COLLIN,2025-04-08,N - NOT INJURED,0,NO DATA,186 - METHODIST RICHARDSON MEDICAL CENTER,5.718,3,4 - CHANGED LANE WHEN UNSAFE,20 - DRIVER INATTENTION,No Data,75165,75165,No,5TFRM5F12AX008327,15,2 - FEMALE,N - NOT INJURED,0,3,5 - SECOND SEAT CENTER
20746944,Yes,WYLIE POLICE DEPARTMENT,25013115,WYLIE,CHANGED LANE WHEN UNSAFE;DRIVER INATTENTION;FAILED TO YIELD RIGHT OF WAY - OPEN INTERSECTION,COLLIN,2025-04-08,N - NOT INJURED,0,NO DATA,186 - METHODIST RICHARDSON MEDICAL CENTER,5.718,3,No Data,No Data,No Data,75098,75098,No,3N1AB8CV0PY224098,20,2 - FEMALE,N - NOT INJURED,0,1,1 - FRONT LEFT OR MOTORCYCLE DRIVER
20746982,Yes,GARLAND POLICE DEPARTMENT,2025A000781,GARLAND,FAILED TO CONTROL SPEED,DALLAS,2025-04-08,B - SUSPECTED MINOR INJURY,0,NO DATA,85 - DALLAS REGIONAL MEDICAL CENTER,6.58,45,22 - FAILED TO CONTROL SPEED,No Data,No Data,75041,75041,No,1N4AL3AP6EN344859,55,1 - MALE,B - SUSPECTED MINOR INJURY,1,1,1 - FRONT LEFT OR MOTORCYCLE DRIVER
20746982,Yes,GARLAND POLICE DEPARTMENT,2025A000781,GARLAND,FAILED TO CONTROL SPEED,DALLAS,2025-04-08,B - SUSPECTED MINOR INJURY,0,NO DATA,85 - DALLAS REGIONAL MEDICAL CENTER,6.58,45,No Data,No Data,No Data,75165,75165,No,1N6AA1EFXMN534679,63,1 - MALE,B - SUSPECTED MINOR INJURY,1,1,1 - FRONT LEFT OR MOTORCYCLE DRIVER
20746984,Yes,ROSENBERG POLICE DEPARTMENT,25-13927,ROSENBERG,OTHER (EXPLAIN IN NARRATIVE),FORT BEND,2025-04-08,N - NOT INJURED,0,NO DATA,203 - OAKBEND MEDICAL CENTER ***JS MAIN CAMPUS,3.223,1,98 - OTHER (EXPLAIN IN NARRATIVE),No Data,No Data,75501,75241,No,3AKGGLD55GSGC5452,35,1 - MALE,N - NOT INJURED,0,1,1 - FRONT LEFT OR MOTORCYCLE DRIVER
20746997,Yes,GARLAND POLICE DEPARTMENT,2025A000782,GARLAND,PEDESTRIAN FAILED TO YIELD RIGHT OF WAY TO VEHICLE;UNDER INFLUENCE - DRUG,DALLAS,2025-04-08,B - SUSPECTED MINOR INJURY,0,NO DATA,19 - BAYLOR SCOTT & WHITE MEDICAL CENTER - LAKE POINTE,5.269,35,No Data,No Data,No Data,75088,75088,No,5NMSH13E18H132470,44,1 - MALE,N - NOT INJURED,0,1,1 - FRONT LEFT OR MOTORCYCLE DRIVER
20746997,Yes,GARLAND POLICE DEPARTMENT,2025A000782,GARLAND,PEDESTRIAN FAILED TO YIELD RIGHT OF WAY TO VEHICLE;UNDER INFLUENCE - DRUG,DALLAS,2025-04-08,B - SUSPECTED MINOR INJURY,0,NO DATA,19 - BAYLOR SCOTT & WHITE MEDICAL CENTER - LAKE POINTE,5.269,35,59 - PEDESTRIAN FAILED TO YIELD RIGHT OF WAY TO VEHICLE,No Data,No Data,No Data,No Data,No Data,No Data,28,1 - MALE,B - SUSPECTED MINOR INJURY,1,1,"16 - PEDESTRIAN, PEDALCYCLIST, OR MOTORIZED CONVEYANCE"
20747002,Yes,GARLAND POLICE DEPARTMENT,2025A000783,GARLAND,DRIVER INATTENTION,DALLAS,2025-04-08,N - NOT INJURED,0,NO DATA,186 - METHODIST RICHARDSON MEDICAL CENTER,5.722,26,20 - DRIVER INATTENTION,No Data,No Data,,75227,Yes,1G1ZD5ST5JF188330,No Data,99 - UNKNOWN,99 - UNKNOWN,0,1,1 - FRONT LEFT OR MOTORCYCLE DRIVER
20747002,Yes,GARLAND POLICE DEPARTMENT,2025A000783,GARLAND,DRIVER INATTENTION,DALLAS,2025-04-08,N - NOT INJURED,0,NO DATA,186 - METHODIST RICHARDSON MEDICAL CENTER,5.722,26,No Data,No Data,No Data,75041,75040,No,1GCRCREA9BZ348348,62,2 - FEMALE,N - NOT INJURED,0,1,1 - FRONT LEFT OR MOTORCYCLE DRIVER
20747002,Yes,GARLAND POLICE DEPARTMENT,2025A000783,GARLAND,DRIVER INATTENTION,DALLAS,2025-04-08,N - NOT INJURED,0,NO DATA,186 - METHODIST RICHARDSON MEDICAL CENTER,5.722,26,No Data,No Data,No Data,75041,75040,No,1GCRCREA9BZ348348,7,2 - FEMALE,N - NOT INJURED,0,2,6 - SECOND SEAT RIGHT
20747003,Yes,AMARILLO POLICE DEPARTMENT,25-041573,AMARILLO,BACKED WITHOUT SAFETY,RANDALL,2025-04-08,N - NOT INJURED,0,NO DATA,31 - BSA HOSPITAL,2.041,,3 - BACKED WITHOUT SAFETY,No Data,No Data,,,No,1FTFW1EF3DFC19873,64,1 - MALE,N - NOT INJURED,0,1,1 - FRONT LEFT OR MOTORCYCLE DRIVER
20747003,Yes,AMARILLO POLICE DEPARTMENT,25-041573,AMARILLO,BACKED WITHOUT SAFETY,RANDALL,2025-04-08,N - NOT INJURED,0,NO DATA,31 - BSA HOSPITAL,2.041,,No Data,No Data,No Data,,,No,2GCEK19K8R1324177,58,1 - MALE,N - NOT INJURED,0,1,1 - FRONT LEFT OR MOTORCYCLE DRIVER
20747005,Yes,"DEPARTMENT OF PUBLIC SAFETY, STATE OF TEXAS",TX2025-549249,OUTSIDE CITY LIMITS,FAILED TO DRIVE IN SINGLE LANE; UNDER INFLUENCE - ALCOHOL,HOWARD,2025-04-08,B - SUSPECTED MINOR INJURY,0,NO DATA,"226 - SCENIC MOUNTAIN MEDICAL CENTER, A STEWARD FAMILY HOSPITAL",8.236,4A,23 - FAILED TO DRIVE IN SINGLE LANE,67 - INTOXICATED - ALCOHOL,No Data,79707,79703,No,1GNDS13SX52150392,34,1 - MALE,B - SUSPECTED MINOR INJURY,1,1,1 - FRONT LEFT OR MOTORCYCLE DRIVER
20747014,Yes,FLATONIA POLICE DEPARTMENT,2025-00042,FLATONIA,TURNED IMPROPERLY - WIDE RIGHT,FAYETTE,2025-04-08,N - NOT INJURED,0,NO DATA,144 - LAVACA MEDICAL CENTER,18.837,,64 - TURNED IMPROPERLY - WIDE RIGHT,No Data,No Data,78941,78941,No,3GNAXHEV6NS165559,26,2 - FEMALE,N - NOT INJURED,0,1,1 - FRONT LEFT OR MOTORCYCLE DRIVER
20747014,Yes,FLATONIA POLICE DEPARTMENT,2025-00042,FLATONIA,TURNED IMPROPERLY - WIDE RIGHT,FAYETTE,2025-04-08,N - NOT INJURED,0,NO DATA,144 - LAVACA MEDICAL CENTER,18.837,,No Data,No Data,No Data,77984,77984,No,1GCCS13E278102688,65,1 - MALE,N - NOT INJURED,0,1,1 - FRONT LEFT OR MOTORCYCLE DRIVER
20747018,Yes,GARLAND POLICE DEPARTMENT,2025A000784,GARLAND,TURNED IMPROPERLY - WRONG LANE,DALLAS,2025-04-08,C - POSSIBLE INJURY,0,NO DATA,85 - DALLAS REGIONAL MEDICAL CENTER,5.523,54,65 - TURNED IMPROPERLY - WRONG LANE,No Data,No Data,75159,75159,No,JN8AT2MT3LW005520,72,2 - FEMALE,C - POSSIBLE INJURY,0,1,1 - FRONT LEFT OR MOTORCYCLE DRIVER
20747018,Yes,GARLAND POLICE DEPARTMENT,2025A000784,GARLAND,TURNED IMPROPERLY - WRONG LANE,DALLAS,2025-04-08,C - POSSIBLE INJURY,0,NO DATA,85 - DALLAS REGIONAL MEDICAL CENTER,5.523,54,No Data,No Data,No Data,75088,75088,No,1FTRW12W36KC98862,56,1 - MALE,N - NOT INJURED,0,1,1 - FRONT LEFT OR MOTORCYCLE DRIVER
20747029,No,EL PASO POLICE DEPARTMENT,25-098136,EL PASO,OTHER (EXPLAIN IN NARRATIVE),EL PASO,2025-04-08,N - NOT INJURED,0,NO DATA,263 - THE HOSPITALS OF PROVIDENCE MEMORIAL CAMPUS,4.175,,98 - OTHER (EXPLAIN IN NARRATIVE),No Data,No Data,79902,79902,No,3FADP4BJXEM227183,84,1 - MALE,N - NOT INJURED,0,1,1 - FRONT LEFT OR MOTORCYCLE DRIVER
20747029,No,EL PASO POLICE DEPARTMENT,25-098136,EL PASO,OTHER (EXPLAIN IN NARRATIVE),EL PASO,2025-04-08,N - NOT INJURED,0,NO DATA,263 - THE HOSPITALS OF PROVIDENCE MEMORIAL CAMPUS,4.175,,98 - OTHER (EXPLAIN IN NARRATIVE),No Data,No Data,79902,79902,No,3FADP4BJXEM227183,78,2 - FEMALE,N - NOT INJURED,0,2,3 - FRONT RIGHT
20747029,No,EL PASO POLICE DEPARTMENT,25-098136,EL PASO,OTHER (EXPLAIN IN NARRATIVE),EL PASO,2025-04-08,N - NOT INJURED,0,NO DATA,263 - THE HOSPITALS OF PROVIDENCE MEMORIAL CAMPUS,4.175,,98 - OTHER (EXPLAIN IN NARRATIVE),No Data,No Data,79912,79912,No,1C4BJWEG3DL662111,18,1 - MALE,N - NOT INJURED,0,1,1 - FRONT LEFT OR MOTORCYCLE DRIVER
20747030,No,EL PASO POLICE DEPARTMENT,25-0981633,EL PASO,FAILED TO CONTROL SPEED,EL PASO,2025-04-08,N - NOT INJURED,0,NO DATA,263 - THE HOSPITALS OF PROVIDENCE MEMORIAL CAMPUS,0.189,,No Data,No Data,No Data,,No Data,Yes,No Data,No Data,99 - UNKNOWN,99 - UNKNOWN,0,1,1 - FRONT LEFT OR MOTORCYCLE DRIVER
20747030,No,EL PASO POLICE DEPARTMENT,25-0981633,EL PASO,FAILED TO CONTROL SPEED,EL PASO,2025-04-08,N - NOT INJURED,0,NO DATA,263 - THE HOSPITALS OF PROVIDENCE MEMORIAL CAMPUS,0.189,,22 - FAILED TO CONTROL SPEED,No Data,No Data,79936,79901,No,5FYC8YC1XLF07366Z,29,1 - MALE,N - NOT INJURED,0,1,1 - FRONT LEFT OR MOTORCYCLE DRIVER
20747036,Yes,EL PASO POLICE DEPARTMENT,25-098139,EL PASO,OTHER (EXPLAIN IN NARRATIVE),EL PASO,2025-04-08,N - NOT INJURED,0,NO DATA,"88 - DEL SOL MEDICAL CENTER, A CAMPUS OF LPDS HEALTHCARE",1.909,,98 - OTHER (EXPLAIN IN NARRATIVE),No Data,No Data,79905,79905,No,JN8AS58V88W139222,81,2 - FEMALE,N - NOT INJURED,0,1,1 - FRONT LEFT OR MOTORCYCLE DRIVER
20747036,Yes,EL PASO POLICE DEPARTMENT,25-098139,EL PASO,OTHER (EXPLAIN IN NARRATIVE),EL PASO,2025-04-08,N - NOT INJURED,0,NO DATA,"88 - DEL SOL MEDICAL CENTER, A CAMPUS OF LPDS HEALTHCARE",1.909,,No Data,No Data,No Data,79936,79936,No,KMHCT4AE2EU749061,22,1 - MALE,N - NOT INJURED,0,1,1 - FRONT LEFT OR MOTORCYCLE DRIVER
20747046,Yes,"DEPARTMENT OF PUBLIC SAFETY, STATE OF TEXAS",TX25-544694,OUTSIDE CITY LIMITS,DISTRACTION IN VEHICLE;UNSAFE SPEED,SAN PATRICIO,2025-04-08,N - NOT INJURED,0,NO DATA,262 - THE CORPUS CHRISTI MEDICAL CENTER - NORTHWEST,19.177,3C,60 - UNSAFE SPEED,No Data,No Data,78410,78410,No,1M1AA14Y33W149737,59,1 - MALE,N - NOT INJURED,0,1,1 - FRONT LEFT OR MOTORCYCLE DRIVER
20747053,Yes,LAREDO POLICE DEPARTMENT,2025-00055691,LAREDO,CHANGED LANE WHEN UNSAFE,WEBB,2025-04-08,C - POSSIBLE INJURY,0,NO DATA,141 - LAREDO MEDICAL CENTER,1.631,,4 - CHANGED LANE WHEN UNSAFE,No Data,No Data,78043,78043,No,3VWJX7AJ7AM004171,48,2 - FEMALE,N - NOT INJURED,0,1,1 - FRONT LEFT OR MOTORCYCLE DRIVER
20747053,Yes,LAREDO POLICE DEPARTMENT,2025-00055691,LAREDO,CHANGED LANE WHEN UNSAFE,WEBB,2025-04-08,C - POSSIBLE INJURY,0,NO DATA,141 - LAREDO MEDICAL CENTER,1.631,,No Data,No Data,No Data,78046,78046,No,5NPE34AF5JH717750,21,2 - FEMALE,C - POSSIBLE INJURY,0,1,1 - FRONT LEFT OR MOTORCYCLE DRIVER
20747054,Yes,LAREDO POLICE DEPARTMENT,2025-00055867,LAREDO,FAILED TO YIELD RIGHT OF WAY - STOP SIGN,WEBB,2025-04-08,C - POSSIBLE INJURY,0,NO DATA,141 - LAREDO MEDICAL CENTER,1.293,,35 - FAILED TO YIELD RIGHT OF WAY - STOP SIGN,No Data,No Data,78041,78045,No,3GKALYEV1NL276281,60,2 - FEMALE,N - NOT INJURED,0,1,1 - FRONT LEFT OR MOTORCYCLE DRIVER
20747054,Yes,LAREDO POLICE DEPARTMENT,2025-00055867,LAREDO,FAILED TO YIELD RIGHT OF WAY - STOP SIGN,WEBB,2025-04-08,C - POSSIBLE INJURY,0,NO DATA,141 - LAREDO MEDICAL CENTER,1.293,,No Data,No Data,No Data,No Data,No Data,No Data,No Data,38,1 - MALE,C - POSSIBLE INJURY,0,1,"16 - PEDESTRIAN, PEDALCYCLIST, OR MOTORIZED CONVEYANCE"
20747057,Yes,LAREDO POLICE DEPARTMENT,2025-00055843,LAREDO,FAILED TO YIELD RIGHT OF WAY - PRIVATE DRIVE,WEBB,2025-04-08,N - NOT INJURED,0,NO DATA,99 - DOCTORS HOSPITAL OF LAREDO,0.487,1,34 - FAILED TO YIELD RIGHT OF WAY - PRIVATE DRIVE,No Data,No Data,78045,78045,No,1ZVBP8AN1A5159009,35,1 - MALE,N - NOT INJURED,0,1,1 - FRONT LEFT OR MOTORCYCLE DRIVER
20747057,Yes,LAREDO POLICE DEPARTMENT,2025-00055843,LAREDO,FAILED TO YIELD RIGHT OF WAY - PRIVATE DRIVE,WEBB,2025-04-08,N - NOT INJURED,0,NO DATA,99 - DOCTORS HOSPITAL OF LAREDO,0.487,1,No Data,No Data,No Data,78045,78539,No,1C4RJEAG1DC519270,30,2 - FEMALE,N - NOT INJURED,0,1,1 - FRONT LEFT OR MOTORCYCLE DRIVER
20747074,Yes,EL PASO POLICE DEPARTMENT,25-098076,EL PASO,FAILED TO YIELD RIGHT OF WAY - STOP SIGN,EL PASO,2025-04-08,N - NOT INJURED,0,NO DATA,276 - UNIVERSITY MEDICAL CENTER OF EL PASO,1.121,,35 - FAILED TO YIELD RIGHT OF WAY - STOP SIGN,No Data,No Data,79912,79912,No,19XFC2F73JE024335,24,1 - MALE,N - NOT INJURED,0,1,1 - FRONT LEFT OR MOTORCYCLE DRIVER
20747074,Yes,EL PASO POLICE DEPARTMENT,25-098076,EL PASO,FAILED TO YIELD RIGHT OF WAY - STOP SIGN,EL PASO,2025-04-08,N - NOT INJURED,0,NO DATA,276 - UNIVERSITY MEDICAL CENTER OF EL PASO,1.121,,No Data,No Data,No Data,79903,79903,No,1G12B5ST0HF281269,34,1 - MALE,N - NOT INJURED,0,1,1 - FRONT LEFT OR MOTORCYCLE DRIVER
20747075,No,GARLAND POLICE DEPARTMENT,2025A000785,GARLAND,PEDESTRIAN FAILED TO YIELD RIGHT OF WAY TO VEHICLE;OTHER (EXPLAIN IN NARRATIVE),DALLAS,2025-04-08,N - NOT INJURED,0,NO DATA,186 - METHODIST RICHARDSON MEDICAL CENTER,5.489,26,59 - PEDESTRIAN FAILED TO YIELD RIGHT OF WAY TO VEHICLE,No Data,No Data,75042,75042,No,1FMHK7F80BGA90789,46,2 - FEMALE,N - NOT INJURED,0,1,1 - FRONT LEFT OR MOTORCYCLE DRIVER
20747075,No,GARLAND POLICE DEPARTMENT,2025A000785,GARLAND,PEDESTRIAN FAILED TO YIELD RIGHT OF WAY TO VEHICLE;OTHER (EXPLAIN IN NARRATIVE),DALLAS,2025-04-08,N - NOT INJURED,0,NO DATA,186 - METHODIST RICHARDSON MEDICAL CENTER,5.489,26,59 - PEDESTRIAN FAILED TO YIELD RIGHT OF WAY TO VEHICLE,No Data,No Data,75042,75042,No,1FMHK7F80BGA90789,20,2 - FEMALE,N - NOT INJURED,0,2,3 - FRONT RIGHT
20747075,No,GARLAND POLICE DEPARTMENT,2025A000785,GARLAND,PEDESTRIAN FAILED TO YIELD RIGHT OF WAY TO VEHICLE;OTHER (EXPLAIN IN NARRATIVE),DALLAS,2025-04-08,N - NOT INJURED,0,NO DATA,186 - METHODIST RICHARDSON MEDICAL CENTER,5.489,26,98 - OTHER (EXPLAIN IN NARRATIVE),No Data,No Data,No Data,No Data,No Data,No Data,40,1 - MALE,N - NOT INJURED,0,1,"16 - PEDESTRIAN, PEDALCYCLIST, OR MOTORIZED CONVEYANCE"
20747079,Yes,SAN ANTONIO POLICE DEPARTMENT,SAPD25070012,SAN ANTONIO,DRIVER INATTENTION;FAILED TO YIELD RIGHT OF WAY - STOP SIGN,BEXAR,2025-04-08,N - NOT INJURED,0,NO DATA,12 - BAPTIST MEDICAL CENTER,2.741,40,35 - FAILED TO YIELD RIGHT OF WAY - STOP SIGN,20 - DRIVER INATTENTION,No Data,78203,78203,No,JNKAY01F57M453273,43,2 - FEMALE,N - NOT INJURED,0,1,1 - FRONT LEFT OR MOTORCYCLE DRIVER
20747079,Yes,SAN ANTONIO POLICE DEPARTMENT,SAPD25070012,SAN ANTONIO,DRIVER INATTENTION;FAILED TO YIELD RIGHT OF WAY - STOP SIGN,BEXAR,2025-04-08,N - NOT INJURED,0,NO DATA,12 - BAPTIST MEDICAL CENTER,2.741,40,No Data,No Data,No Data,78220,78220,No,KMHCT4AE8GU077185,26,1 - MALE,N - NOT INJURED,0,1,1 - FRONT LEFT OR MOTORCYCLE DRIVER
20747079,Yes,SAN ANTONIO POLICE DEPARTMENT,SAPD25070012,SAN ANTONIO,DRIVER INATTENTION;FAILED TO YIELD RIGHT OF WAY - STOP SIGN,BEXAR,2025-04-08,N - NOT INJURED,0,NO DATA,12 - BAPTIST MEDICAL CENTER,2.741,40,No Data,No Data,No Data,78220,78220,No,KMHCT4AE8GU077185,19,2 - FEMALE,N - NOT INJURED,0,2,3 - FRONT RIGHT
20747080,Yes,SAN ANTONIO POLICE DEPARTMENT,SAPD25070054,OUTSIDE CITY LIMITS,FAILED TO DRIVE IN SINGLE LANE,BEXAR,2025-04-08,N - NOT INJURED,0,NO DATA,202 - NORTHEAST METHODIST HOSPITAL,9.026,40,23 - FAILED TO DRIVE IN SINGLE LANE,No Data,No Data,,No Data,Yes,No Data,No Data,99 - UNKNOWN,99 - UNKNOWN,0,1,1 - FRONT LEFT OR MOTORCYCLE DRIVER
20747080,Yes,SAN ANTONIO POLICE DEPARTMENT,SAPD25070054,OUTSIDE CITY LIMITS,FAILED TO DRIVE IN SINGLE LANE,BEXAR,2025-04-08,N - NOT INJURED,0,NO DATA,202 - NORTHEAST METHODIST HOSPITAL,9.026,40,No Data,No Data,No Data,78109,46628,No,3HSDYAPNXRN526357,30,1 - MALE,N - NOT INJURED,0,1,1 - FRONT LEFT OR MOTORCYCLE DRIVER
20747093,Yes,SAN ANTONIO POLICE DEPARTMENT,SAPD25069972,SAN ANTONIO,BACKED WITHOUT SAFETY,BEXAR,2025-04-08,N - NOT INJURED,0,NO DATA,No Data,No Data,60,3 - BACKED WITHOUT SAFETY,No Data,No Data,,78223,No,1C6HJTAG9LL135999,53,2 - FEMALE,N - NOT INJURED,0,1,1 - FRONT LEFT OR MOTORCYCLE DRIVER
20747098,Yes,BEAUMONT POLICE DEPARTMENT,2025006602,BEAUMONT,CHANGED LANE WHEN UNSAFE,JEFFERSON,2025-04-08,B - SUSPECTED MINOR INJURY,0,NO DATA,9 - BAPTIST HOSPITALS OF SOUTHEAST TEXAS,0.856,,4 - CHANGED LANE WHEN UNSAFE,No Data,No Data,,77407,Yes,243545,No Data,99 - UNKNOWN,99 - UNKNOWN,0,1,1 - FRONT LEFT OR MOTORCYCLE DRIVER
20747098,Yes,BEAUMONT POLICE DEPARTMENT,2025006602,BEAUMONT,CHANGED LANE WHEN UNSAFE,JEFFERSON,2025-04-08,B - SUSPECTED MINOR INJURY,0,NO DATA,9 - BAPTIST HOSPITALS OF SOUTHEAST TEXAS,0.856,,No Data,No Data,No Data,77703,77703,No,4T1B11HK9KU832008,44,1 - MALE,B - SUSPECTED MINOR INJURY,1,1,1 - FRONT LEFT OR MOTORCYCLE DRIVER
20747098,Yes,BEAUMONT POLICE DEPARTMENT,2025006602,BEAUMONT,CHANGED LANE WHEN UNSAFE,JEFFERSON,2025-04-08,B - SUSPECTED MINOR INJURY,0,NO DATA,9 - BAPTIST HOSPITALS OF SOUTHEAST TEXAS,0.856,,No Data,No Data,No Data,77703,77703,No,4T1B11HK9KU832008,43,2 - FEMALE,N - NOT INJURED,0,2,3 - FRONT RIGHT
20747106,Yes,SAN ANTONIO POLICE DEPARTMENT,SAPD25069879,SAN ANTONIO,CHANGED LANE WHEN UNSAFE,BEXAR,2025-04-08,N - NOT INJURED,0,NO DATA,181 - METHODIST SPECIALTY & TRANSPLANT HOSPITAL,2.341,70,4 - CHANGED LANE WHEN UNSAFE,No Data,No Data,78213,78213,No,5XYKT4A64FG576509,23,2 - FEMALE,N - NOT INJURED,0,1,1 - FRONT LEFT OR MOTORCYCLE DRIVER
20747106,Yes,SAN ANTONIO POLICE DEPARTMENT,SAPD25069879,SAN ANTONIO,CHANGED LANE WHEN UNSAFE,BEXAR,2025-04-08,N - NOT INJURED,0,NO DATA,181 - METHODIST SPECIALTY & TRANSPLANT HOSPITAL,2.341,70,No Data,No Data,No Data,78109,78109,No,1C6RREBT4LN138687,22,1 - MALE,N - NOT INJURED,0,1,1 - FRONT LEFT OR MOTORCYCLE DRIVER
20747109,Yes,SAN ANTONIO POLICE DEPARTMENT,SAPD25069846,SAN ANTONIO,DRIVER INATTENTION; TURNED WHEN UNSAFE,BEXAR,2025-04-08,B - SUSPECTED MINOR INJURY,0,NO DATA,54 - CHRISTUS SANTA ROSA HOSPITAL - MEDICAL CENTER,1.708,70,20 - DRIVER INATTENTION,66 - TURNED WHEN UNSAFE,No Data,78244,78244,No,1N4AL2AP6CN448937,36,2 - FEMALE,B - SUSPECTED MINOR INJURY,1,1,1 - FRONT LEFT OR MOTORCYCLE DRIVER
20747109,Yes,SAN ANTONIO POLICE DEPARTMENT,SAPD25069846,SAN ANTONIO,DRIVER INATTENTION; TURNED WHEN UNSAFE,BEXAR,2025-04-08,B - SUSPECTED MINOR INJURY,0,NO DATA,54 - CHRISTUS SANTA ROSA HOSPITAL - MEDICAL CENTER,1.708,70,No Data,No Data,No Data,78238,78238,No,2GCEC19H0M1154925,68,1 - MALE,N - NOT INJURED,0,1,1 - FRONT LEFT OR MOTORCYCLE DRIVER
20747112,Yes,RICHARDSON POLICE DEPARTMENT,202500023695,RICHARDSON,FAILED TO CONTROL SPEED,DALLAS,2025-04-08,N - NOT INJURED,0,NO DATA,186 - METHODIST RICHARDSON MEDICAL CENTER,3.244,00,22 - FAILED TO CONTROL SPEED,No Data,No Data,75082,75082,No,JM3KFACM9J1350144,40,2 - FEMALE,N - NOT INJURED,0,1,1 - FRONT LEFT OR MOTORCYCLE DRIVER
20747112,Yes,RICHARDSON POLICE DEPARTMENT,202500023695,RICHARDSON,FAILED TO CONTROL SPEED,DALLAS,2025-04-08,N - NOT INJURED,0,NO DATA,186 - METHODIST RICHARDSON MEDICAL CENTER,3.244,00,22 - FAILED TO CONTROL SPEED,No Data,No Data,75082,75082,No,JM3KFACM9J1350144,5,2 - FEMALE,N - NOT INJURED,0,2,6 - SECOND SEAT RIGHT
20747112,Yes,RICHARDSON POLICE DEPARTMENT,202500023695,RICHARDSON,FAILED TO CONTROL SPEED,DALLAS,2025-04-08,N - NOT INJURED,0,NO DATA,186 - METHODIST RICHARDSON MEDICAL CENTER,3.244,00,No Data,No Data,No Data,75081,75081,No,1GCRWCED3LZ368689,63,1 - MALE,N - NOT INJURED,0,1,1 - FRONT LEFT OR MOTORCYCLE DRIVER
20747114,Yes,RICHARDSON POLICE DEPARTMENT,202500023828,RICHARDSON,FAILED TO CONTROL SPEED,COLLIN,2025-04-08,C - POSSIBLE INJURY,0,NO DATA,186 - METHODIST RICHARDSON MEDICAL CENTER,1.562,30,22 - FAILED TO CONTROL SPEED,No Data,No Data,75098,75002,No,JTEEP21AX50115941,18,2 - FEMALE,C - POSSIBLE INJURY,0,1,1 - FRONT LEFT OR MOTORCYCLE DRIVER
20747114,Yes,RICHARDSON POLICE DEPARTMENT,202500023828,RICHARDSON,FAILED TO CONTROL SPEED,COLLIN,2025-04-08,C - POSSIBLE INJURY,0,NO DATA,186 - METHODIST RICHARDSON MEDICAL CENTER,1.562,30,22 - FAILED TO CONTROL SPEED,No Data,No Data,75098,75098,No,1GC1KUEG8JF241380,57,1 - MALE,N - NOT INJURED,0,1,1 - FRONT LEFT OR MOTORCYCLE DRIVER
20747114,Yes,RICHARDSON POLICE DEPARTMENT,202500023828,RICHARDSON,FAILED TO CONTROL SPEED,COLLIN,2025-04-08,C - POSSIBLE INJURY,0,NO DATA,186 - METHODIST RICHARDSON MEDICAL CENTER,1.562,30,No Data,No Data,No Data,75043,75043,No,1C6SRFFP2SN679594,55,2 - FEMALE,C - POSSIBLE INJURY,0,1,1 - FRONT LEFT OR MOTORCYCLE DRIVER
20747114,Yes,RICHARDSON POLICE DEPARTMENT,202500023828,RICHARDSON,FAILED TO CONTROL SPEED,COLLIN,2025-04-08,C - POSSIBLE INJURY,0,NO DATA,186 - METHODIST RICHARDSON MEDICAL CENTER,1.562,30,No Data,No Data,No Data,75094,75094,No,1C6SRFFP2SN679594,61,1 - MALE,N - NOT INJURED,0,1,1 - FRONT LEFT OR MOTORCYCLE DRIVER
20747115,No,RICHARDSON POLICE DEPARTMENT,202500023847,RICHARDSON,FAILED TO DRIVE IN SINGLE LANE,DALLAS,2025-04-08,N - NOT INJURED,0,NO DATA,151 - MEDICAL CITY DALLAS HOSPITAL,3.25,00,23 - FAILED TO DRIVE IN SINGLE LANE,No Data,No Data,75081,75081,No,KL77LJEP0SC158743,28,1 - MALE,N - NOT INJURED,0,1,1 - FRONT LEFT OR MOTORCYCLE DRIVER
20747115,No,RICHARDSON POLICE DEPARTMENT,202500023847,RICHARDSON,FAILED TO DRIVE IN SINGLE LANE,DALLAS,2025-04-08,N - NOT INJURED,0,NO DATA,151 - MEDICAL CITY DALLAS HOSPITAL,3.25,00,23 - FAILED TO DRIVE IN SINGLE LANE,No Data,No Data,75081,75081,No,KL77LJEP0SC158743,23,2 - FEMALE,N - NOT INJURED,0,2,3 - FRONT RIGHT
20747115,No,RICHARDSON POLICE DEPARTMENT,202500023847,RICHARDSON,FAILED TO DRIVE IN SINGLE LANE,DALLAS,2025-04-08,N - NOT INJURED,0,NO DATA,151 - MEDICAL CITY DALLAS HOSPITAL,3.25,00,23 - FAILED TO DRIVE IN SINGLE LANE,No Data,No Data,75081,75081,No,KL77LJEP0SC158743,1,2 - FEMALE,N - NOT INJURED,0,3,5 - SECOND SEAT CENTER
20747115,No,RICHARDSON POLICE DEPARTMENT,202500023847,RICHARDSON,FAILED TO DRIVE IN SINGLE LANE,DALLAS,2025-04-08,N - NOT INJURED,0,NO DATA,151 - MEDICAL CITY DALLAS HOSPITAL,3.25,00,23 - FAILED TO DRIVE IN SINGLE LANE,No Data,No Data,75081,75081,No,KL77LJEP0SC158743,17,2 - FEMALE,N - NOT INJURED,0,4,6 - SECOND SEAT RIGHT
20747115,No,RICHARDSON POLICE DEPARTMENT,202500023847,RICHARDSON,FAILED TO DRIVE IN SINGLE LANE,DALLAS,2025-04-08,N - NOT INJURED,0,NO DATA,151 - MEDICAL CITY DALLAS HOSPITAL,3.25,00,No Data,No Data,No Data,75081,75081,No,58AGZ1B1XMU096786,29,1 - MALE,N - NOT INJURED,0,1,1 - FRONT LEFT OR MOTORCYCLE DRIVER
20747120,Yes,HARRIS COUNTY CONSTABLE PRECINCT 4,2504-01082,OUTSIDE CITY LIMITS,CHANGED LANE WHEN UNSAFE,HARRIS,2025-04-08,N - NOT INJURED,0,NO DATA,120 - HCA HOUSTON HEALTHCARE NORTHWEST,5.771,,4 - CHANGED LANE WHEN UNSAFE,No Data,No Data,77379,77379,No,WBXHU7C5XK3H44574,18,2 - FEMALE,N - NOT INJURED,0,1,1 - FRONT LEFT OR MOTORCYCLE DRIVER
20747120,Yes,HARRIS COUNTY CONSTABLE PRECINCT 4,2504-01082,OUTSIDE CITY LIMITS,CHANGED LANE WHEN UNSAFE,HARRIS,2025-04-08,N - NOT INJURED,0,NO DATA,120 - HCA HOUSTON HEALTHCARE NORTHWEST,5.771,,No Data,No Data,No Data,77379,77379,No,5J6RW1H83NL001939,48,1 - MALE,N - NOT INJURED,0,1,1 - FRONT LEFT OR MOTORCYCLE DRIVER
20747129,Yes,GARLAND POLICE DEPARTMENT,2025A000786,GARLAND,DRIVER INATTENTION; TURNED IMPROPERLY - WRONG LANE,DALLAS,2025-04-08,B - SUSPECTED MINOR INJURY,0,NO DATA,186 - METHODIST RICHARDSON MEDICAL CENTER,6.159,34,65 - TURNED IMPROPERLY - WRONG LANE,20 - DRIVER INATTENTION,No Data,75228,75228,No,3HGCM56374G708216,17,1 - MALE,B - SUSPECTED MINOR INJURY,1,1,1 - FRONT LEFT OR MOTORCYCLE DRIVER
20747129,Yes,GARLAND POLICE DEPARTMENT,2025A000786,GARLAND,DRIVER INATTENTION; TURNED IMPROPERLY - WRONG LANE,DALLAS,2025-04-08,B - SUSPECTED MINOR INJURY,0,NO DATA,186 - METHODIST RICHARDSON MEDICAL CENTER,6.159,34,No Data,No Data,No Data,75042,75042,No,5N1BT3CA5PC759513,18,2 - FEMALE,N - NOT INJURED,0,1,1 - FRONT LEFT OR MOTORCYCLE DRIVER
20747130,Yes,CEDAR PARK POLICE DEPARTMENT,2504-0136,CEDAR PARK,FAILED TO YIELD RIGHT OF WAY - PRIVATE DRIVE,WILLIAMSON,2025-04-08,N - NOT INJURED,0,NO DATA,37 - CEDAR PARK REGIONAL MEDICAL CENTER,2.331,,34 - FAILED TO YIELD RIGHT OF WAY - PRIVATE DRIVE,No Data,No Data,78613,78613,No,5J6RE3H74AL000685,69,2 - FEMALE,N - NOT INJURED,0,1,1 - FRONT LEFT OR MOTORCYCLE DRIVER
20747130,Yes,CEDAR PARK POLICE DEPARTMENT,2504-0136,CEDAR PARK,FAILED TO YIELD RIGHT OF WAY - PRIVATE DRIVE,WILLIAMSON,2025-04-08,N - NOT INJURED,0,NO DATA,37 - CEDAR PARK REGIONAL MEDICAL CENTER,2.331,,No Data,No Data,No Data,78613,78613,No,1N4AL3AP6DN559561,17,2 - FEMALE,N - NOT INJURED,0,1,1 - FRONT LEFT OR MOTORCYCLE DRIVER
20747136,Yes,HOUSTON POLICE DEPARTMENT,0044853725K,HOUSTON,FAILED TO CONTROL SPEED,HARRIS,2025-04-08,C - POSSIBLE INJURY,0,NO DATA,242 - ST. JOSEPH MEDICAL CENTER,2.572,A,22 - FAILED TO CONTROL SPEED,No Data,No Data,77082,77338,No,1C4NJPBA0DD264593,32,1 - MALE,N - NOT INJURED,0,1,1 - FRONT LEFT OR MOTORCYCLE DRIVER
20747136,Yes,HOUSTON POLICE DEPARTMENT,0044853725K,HOUSTON,FAILED TO CONTROL SPEED,HARRIS,2025-04-08,C - POSSIBLE INJURY,0,NO DATA,242 - ST. JOSEPH MEDICAL CENTER,2.572,A,No Data,No Data,No Data,77076,77076,No,JTDBE32KX20007521,25,1 - MALE,C - POSSIBLE INJURY,0,1,1 - FRONT LEFT OR MOTORCYCLE DRIVER
20747136,Yes,HOUSTON POLICE DEPARTMENT,0044853725K,HOUSTON,FAILED TO CONTROL SPEED,HARRIS,2025-04-08,C - POSSIBLE INJURY,0,NO DATA,242 - ST. JOSEPH MEDICAL CENTER,2.572,A,No Data,No Data,No Data,,,Yes,No Data,No Data,1 - MALE,N - NOT INJURED,0,1,1 - FRONT LEFT OR MOTORCYCLE DRIVER
20747138,Yes,SAN ANTONIO POLICE DEPARTMENT,SAPD25069710,SAN ANTONIO,DRIVER INATTENTION;FAILED TO YIELD RIGHT OF WAY - TURNING LEFT,BEXAR,2025-04-08,N - NOT INJURED,0,NO DATA,182 - METROPOLITAN METHODIST HOSPITAL,1.846,08,20 - DRIVER INATTENTION,37 - FAILED TO YIELD RIGHT OF WAY - TURNING LEFT,No Data,78212,78212,No,1G1BC5SM5G7260773,80,1 - MALE,N - NOT INJURED,0,1,1 - FRONT LEFT OR MOTORCYCLE DRIVER
20747138,Yes,SAN ANTONIO POLICE DEPARTMENT,SAPD25069710,SAN ANTONIO,DRIVER INATTENTION;FAILED TO YIELD RIGHT OF WAY - TURNING LEFT,BEXAR,2025-04-08,N - NOT INJURED,0,NO DATA,182 - METROPOLITAN METHODIST HOSPITAL,1.846,08,No Data,No Data,No Data,78212,78212,No,3GTP1NEC0JG586627,67,1 - MALE,N - NOT INJURED,0,1,1 - FRONT LEFT OR MOTORCYCLE DRIVER
20747146,Yes,HOUSTON POLICE DEPARTMENT,0045076525C,HOUSTON,BACKED WITHOUT SAFETY,HARRIS,2025-04-08,99 - UNKNOWN,0,NO DATA,No Data,No Data,C,No Data,No Data,No Data,,77039,Yes,2GCPAEED0R1274157,No Data,99 - UNKNOWN,99 - UNKNOWN,0,1,99 - UNKNOWN
20747155,Yes,HOUSTON POLICE DEPARTMENT,0044976825T,HOUSTON,CHANGED LANE WHEN UNSAFE,HARRIS,2025-04-08,N - NOT INJURED,0,NO DATA,163 - MEMORIAL HERMANN GREATER HEIGHTS HOSPITAL,1.326,A,4 - CHANGED LANE WHEN UNSAFE,No Data,No Data,77063,77063,No,1N4AL3AP6JC223142,34,2 - FEMALE,N - NOT INJURED,0,1,1 - FRONT LEFT OR MOTORCYCLE DRIVER
20747155,Yes,HOUSTON POLICE DEPARTMENT,0044976825T,HOUSTON,CHANGED LANE WHEN UNSAFE,HARRIS,2025-04-08,N - NOT INJURED,0,NO DATA,163 - MEMORIAL HERMANN GREATER HEIGHTS HOSPITAL,1.326,A,No Data,No Data,No Data,77318,77318,No,KNDNC5K39S6492464,55,1 - MALE,N - NOT INJURED,0,1,1 - FRONT LEFT OR MOTORCYCLE DRIVER
20747155,Yes,HOUSTON POLICE DEPARTMENT,0044976825T,HOUSTON,CHANGED LANE WHEN UNSAFE,HARRIS,2025-04-08,N - NOT INJURED,0,NO DATA,163 - MEMORIAL HERMANN GREATER HEIGHTS HOSPITAL,1.326,A,No Data,No Data,No Data,77318,77318,No,KNDNC5K39S6492464,52,2 - FEMALE,N - NOT INJURED,0,2,3 - FRONT RIGHT
20747165,Yes,HOUSTON POLICE DEPARTMENT,0045163025J,HOUSTON,FAILED TO CONTROL SPEED,HARRIS,2025-04-08,C - POSSIBLE INJURY,0,NO DATA,163 - MEMORIAL HERMANN GREATER HEIGHTS HOSPITAL,2.905,A,22 - FAILED TO CONTROL SPEED,No Data,No Data,77327,77327,No,1FTSX30F71EA94456,41,1 - MALE,N - NOT INJURED,0,1,1 - FRONT LEFT OR MOTORCYCLE DRIVER
20747165,Yes,HOUSTON POLICE DEPARTMENT,0045163025J,HOUSTON,FAILED TO CONTROL SPEED,HARRIS,2025-04-08,C - POSSIBLE INJURY,0,NO DATA,163 - MEMORIAL HERMANN GREATER HEIGHTS HOSPITAL,2.905,A,No Data,No Data,No Data,77040,77040,No,5NMS33AD1LH231111,62,1 - MALE,C - POSSIBLE INJURY,0,1,1 - FRONT LEFT OR MOTORCYCLE DRIVER
20747165,Yes,HOUSTON POLICE DEPARTMENT,0045163025J,HOUSTON,FAILED TO CONTROL SPEED,HARRIS,2025-04-08,C - POSSIBLE INJURY,0,NO DATA,163 - MEMORIAL HERMANN GREATER HEIGHTS HOSPITAL,2.905,A,No Data,No Data,No Data,77040,77040,No,5NMS33AD1LH231111,18,1 - MALE,C - POSSIBLE INJURY,0,2,3 - FRONT RIGHT
20747167,Yes,HOUSTON POLICE DEPARTMENT,0044863225B,HOUSTON,FAILED TO YIELD RIGHT OF WAY - STOP SIGN,HARRIS,2025-04-08,C - POSSIBLE INJURY,0,NO DATA,163 - MEMORIAL HERMANN GREATER HEIGHTS HOSPITAL,2.372,A,No Data,No Data,No Data,77022,77022,No,JTNKARJE9GJ512327,45,2 - FEMALE,C - POSSIBLE INJURY,0,1,1 - FRONT LEFT OR MOTORCYCLE DRIVER
20747167,Yes,HOUSTON POLICE DEPARTMENT,0044863225B,HOUSTON,FAILED TO YIELD RIGHT OF WAY - STOP SIGN,HARRIS,2025-04-08,C - POSSIBLE INJURY,0,NO DATA,163 - MEMORIAL HERMANN GREATER HEIGHTS HOSPITAL,2.372,A,No Data,No Data,No Data,77022,77022,No,JTNKARJE9GJ512327,15,1 - MALE,C - POSSIBLE INJURY,0,2,3 - FRONT RIGHT
20747167,Yes,HOUSTON POLICE DEPARTMENT,0044863225B,HOUSTON,FAILED TO YIELD RIGHT OF WAY - STOP SIGN,HARRIS,2025-04-08,C - POSSIBLE INJURY,0,NO DATA,163 - MEMORIAL HERMANN GREATER HEIGHTS HOSPITAL,2.372,A,35 - FAILED TO YIELD RIGHT OF WAY - STOP SIGN,No Data,No Data,77088,77088,No,3TYAX5GN1NT065687,79,2 - FEMALE,C - POSSIBLE INJURY,0,1,1 - FRONT LEFT OR MOTORCYCLE DRIVER
20747171,Yes,KELLER POLICE DEPARTMENT,CFS25069677,FORT WORTH,DRIVER INATTENTION; FAILED TO CONTROL SPEED,TARRANT,2025-04-08,B - SUSPECTED MINOR INJURY,0,NO DATA,153 - MEDICAL CITY ALLIANCE,3.11,,22 - FAILED TO CONTROL SPEED,20 - DRIVER INATTENTION,No Data,76135,76135,No,1FMCU0F7XEUA84538,20,2 - FEMALE,N - NOT INJURED,0,1,1 - FRONT LEFT OR MOTORCYCLE DRIVER
20747171,Yes,KELLER POLICE DEPARTMENT,CFS25069677,FORT WORTH,DRIVER INATTENTION; FAILED TO CONTROL SPEED,TARRANT,2025-04-08,B - SUSPECTED MINOR INJURY,0,NO DATA,153 - MEDICAL CITY ALLIANCE,3.11,,No Data,No Data,No Data,76052,76052,No,2T1KR32E48C708794,48,2 - FEMALE,B - SUSPECTED MINOR INJURY,1,1,1 - FRONT LEFT OR MOTORCYCLE DRIVER
20747180,Yes,SAN ANTONIO POLICE DEPARTMENT,SAPD25069659,SAN ANTONIO,DRIVER INATTENTION,BEXAR,2025-04-08,N - NOT INJURED,0,NO DATA,46 - CHRISTUS CHILDRENS HOSPITAL OF SAN ANTONIO,3.337,50,20 - DRIVER INATTENTION,No Data,No Data,78380,78374,No,1FMCU0DG5AKD00725,19,1 - MALE,N - NOT INJURED,0,1,1 - FRONT LEFT OR MOTORCYCLE DRIVER
20747180,Yes,SAN ANTONIO POLICE DEPARTMENT,SAPD25069659,SAN ANTONIO,DRIVER INATTENTION,BEXAR,2025-04-08,N - NOT INJURED,0,NO DATA,46 - CHRISTUS CHILDRENS HOSPITAL OF SAN ANTONIO,3.337,50,No Data,No Data,No Data,78211,78130,No,1GTEC19V6XZ530870,42,1 - MALE,N - NOT INJURED,0,1,1 - FRONT LEFT OR MOTORCYCLE DRIVER
20747180,Yes,SAN ANTONIO POLICE DEPARTMENT,SAPD25069659,SAN ANTONIO,DRIVER INATTENTION,BEXAR,2025-04-08,N - NOT INJURED,0,NO DATA,46 - CHRISTUS CHILDRENS HOSPITAL OF SAN ANTONIO,3.337,50,No Data,No Data,No Data,78211,78130,No,1GTEC19V6XZ530870,34,2 - FEMALE,N - NOT INJURED,0,2,3 - FRONT RIGHT
20747181,No,SAN ANTONIO POLICE DEPARTMENT,SAPD25069783,SAN ANTONIO,FOLLOWED TOO CLOSELY,BEXAR,2025-04-08,N - NOT INJURED,0,NO DATA,65 - CHRISTUS SANTA ROSA HOSPITAL - WESTOVER HILLS,2.042,50,44 - FOLLOWED TOO CLOSELY,No Data,No Data,78009,78283,No,1GC5WLE71MF133638,35,1 - MALE,N - NOT INJURED,0,1,1 - FRONT LEFT OR MOTORCYCLE DRIVER
20747181,No,SAN ANTONIO POLICE DEPARTMENT,SAPD25069783,SAN ANTONIO,FOLLOWED TOO CLOSELY,BEXAR,2025-04-08,N - NOT INJURED,0,NO DATA,65 - CHRISTUS SANTA ROSA HOSPITAL - WESTOVER HILLS,2.042,50,No Data,No Data,No Data,78023,78023,No,WDDDJ72X28A119701,44,2 - FEMALE,N - NOT INJURED,0,1,1 - FRONT LEFT OR MOTORCYCLE DRIVER
20747188,No,SAN ANTONIO POLICE DEPARTMENT,SAPD25069686,SAN ANTONIO,FOLLOWED TOO CLOSELY,BEXAR,2025-04-08,N - NOT INJURED,0,NO DATA,No Data,No Data,50,44 - FOLLOWED TOO CLOSELY,No Data,No Data,78223,78235,No,1FBNE31L69DA22273,23,1 - MALE,N - NOT INJURED,0,1,1 - FRONT LEFT OR MOTORCYCLE DRIVER
20747188,No,SAN ANTONIO POLICE DEPARTMENT,SAPD25069686,SAN ANTONIO,FOLLOWED TOO CLOSELY,BEXAR,2025-04-08,N - NOT INJURED,0,NO DATA,No Data,No Data,50,No Data,No Data,No Data,78204,78283,No,3C6JR6AG8KG569600,59,1 - MALE,N - NOT INJURED,0,1,1 - FRONT LEFT OR MOTORCYCLE DRIVER
20747217,Yes,TEXARKANA POLICE DEPARTMENT,T25-12992,TEXARKANA,CHANGED LANE WHEN UNSAFE,BOWIE,2025-04-08,N - NOT INJURED,0,NO DATA,296 - WADLEY REGIONAL MEDICAL CENTER,1.409,,4 - CHANGED LANE WHEN UNSAFE,No Data,No Data,75501,75482,No,KMHDU4AD0AU208786,24,1 - MALE,N - NOT INJURED,0,1,1 - FRONT LEFT OR MOTORCYCLE DRIVER
20747217,Yes,TEXARKANA POLICE DEPARTMENT,T25-12992,TEXARKANA,CHANGED LANE WHEN UNSAFE,BOWIE,2025-04-08,N - NOT INJURED,0,NO DATA,296 - WADLEY REGIONAL MEDICAL CENTER,1.409,,4 - CHANGED LANE WHEN UNSAFE,No Data,No Data,75501,75482,No,KMHDU4AD0AU208786,19,2 - FEMALE,N - NOT INJURED,0,2,3 - FRONT RIGHT
20747217,Yes,TEXARKANA POLICE DEPARTMENT,T25-12992,TEXARKANA,CHANGED LANE WHEN UNSAFE,BOWIE,2025-04-08,N - NOT INJURED,0,NO DATA,296 - WADLEY REGIONAL MEDICAL CENTER,1.409,,No Data,No Data,No Data,75501,75501,No,2C3CCABG7KH697593,23,1 - MALE,N - NOT INJURED,0,1,1 - FRONT LEFT OR MOTORCYCLE DRIVER
20747217,Yes,TEXARKANA POLICE DEPARTMENT,T25-12992,TEXARKANA,CHANGED LANE WHEN UNSAFE,BOWIE,2025-04-08,N - NOT INJURED,0,NO DATA,296 - WADLEY REGIONAL MEDICAL CENTER,1.409,,No Data,No Data,No Data,75501,75501,No,2C3CCABG7KH697593,24,2 - FEMALE,N - NOT INJURED,0,2,3 - FRONT RIGHT
20747220,Yes,"DEPARTMENT OF PUBLIC SAFETY, STATE OF TEXAS",,OUTSIDE CITY LIMITS,DRIVER INATTENTION; FAILED TO CONTROL SPEED,CAMP,2025-04-08,B - SUSPECTED MINOR INJURY,0,NO DATA,287 - UT HEALTH EAST TEXAS PITTSBURG HOSPITAL,5.954,1D,20 - DRIVER INATTENTION,22 - FAILED TO CONTROL SPEED,No Data,75455,75455,No,1GT120C81BF126531,29,1 - MALE,N - NOT INJURED,0,1,1 - FRONT LEFT OR MOTORCYCLE DRIVER
20747220,Yes,"DEPARTMENT OF PUBLIC SAFETY, STATE OF TEXAS",,OUTSIDE CITY LIMITS,DRIVER INATTENTION; FAILED TO CONTROL SPEED,CAMP,2025-04-08,B - SUSPECTED MINOR INJURY,0,NO DATA,287 - UT HEALTH EAST TEXAS PITTSBURG HOSPITAL,5.954,1D,20 - DRIVER INATTENTION,22 - FAILED TO CONTROL SPEED,No Data,75455,75455,No,1GT120C81BF126531,31,2 - FEMALE,N - NOT INJURED,0,2,5 - SECOND SEAT CENTER
20747220,Yes,"DEPARTMENT OF PUBLIC SAFETY, STATE OF TEXAS",,OUTSIDE CITY LIMITS,DRIVER INATTENTION; FAILED TO CONTROL SPEED,CAMP,2025-04-08,B - SUSPECTED MINOR INJURY,0,NO DATA,287 - UT HEALTH EAST TEXAS PITTSBURG HOSPITAL,5.954,1D,20 - DRIVER INATTENTION,22 - FAILED TO CONTROL SPEED,No Data,75455,75455,No,1GT120C81BF126531,0,2 - FEMALE,N - NOT INJURED,0,3,6 - SECOND SEAT RIGHT
20747220,Yes,"DEPARTMENT OF PUBLIC SAFETY, STATE OF TEXAS",,OUTSIDE CITY LIMITS,DRIVER INATTENTION; FAILED TO CONTROL SPEED,CAMP,2025-04-08,B - SUSPECTED MINOR INJURY,0,NO DATA,287 - UT HEALTH EAST TEXAS PITTSBURG HOSPITAL,5.954,1D,No Data,No Data,No Data,75686,75686,No,1N6DD21S9WC321265,78,1 - MALE,B - SUSPECTED MINOR INJURY,1,1,1 - FRONT LEFT OR MOTORCYCLE DRIVER
20747224,Yes,"DEPARTMENT OF PUBLIC SAFETY, STATE OF TEXAS",TX 25-547364,OUTSIDE CITY LIMITS,TURNED WHEN UNSAFE,JOHNSON,2025-04-08,N - NOT INJURED,0,NO DATA,259 - TEXAS HEALTH HUGULEY HOSPITAL,6.811,1C,66 - TURNED WHEN UNSAFE,No Data,No Data,76060,76060,No,1FT8W2BM5REE46948,66,1 - MALE,N - NOT INJURED,0,1,1 - FRONT LEFT OR MOTORCYCLE DRIVER
20747226,Yes,SAN ANTONIO POLICE DEPARTMENT,SAPD25069808,SAN ANTONIO,FAILED TO YIELD RIGHT OF WAY - TURNING LEFT,BEXAR,2025-04-08,N - NOT INJURED,0,NO DATA,273 - UNIVERSITY HOSPITAL,3.273,50,37 - FAILED TO YIELD RIGHT OF WAY - TURNING LEFT,No Data,No Data,78228,78228,No,2C4RDGCG5JR268062,31,1 - MALE,N - NOT INJURED,0,1,1 - FRONT LEFT OR MOTORCYCLE DRIVER
20747226,Yes,SAN ANTONIO POLICE DEPARTMENT,SAPD25069808,SAN ANTONIO,FAILED TO YIELD RIGHT OF WAY - TURNING LEFT,BEXAR,2025-04-08,N - NOT INJURED,0,NO DATA,273 - UNIVERSITY HOSPITAL,3.273,50,37 - FAILED TO YIELD RIGHT OF WAY - TURNING LEFT,No Data,No Data,78228,78228,No,2C4RDGCG5JR268062,32,2 - FEMALE,N - NOT INJURED,0,2,3 - FRONT RIGHT
20747226,Yes,SAN ANTONIO POLICE DEPARTMENT,SAPD25069808,SAN ANTONIO,FAILED TO YIELD RIGHT OF WAY - TURNING LEFT,BEXAR,2025-04-08,N - NOT INJURED,0,NO DATA,273 - UNIVERSITY HOSPITAL,3.273,50,37 - FAILED TO YIELD RIGHT OF WAY - TURNING LEFT,No Data,No Data,78228,78228,No,2C4RDGCG5JR268062,11,2 - FEMALE,N - NOT INJURED,0,3,4 - SECOND SEAT LEFT OR MOTORCYCLE BACK PASSENGER
20747226,Yes,SAN ANTONIO POLICE DEPARTMENT,SAPD25069808,SAN ANTONIO,FAILED TO YIELD RIGHT OF WAY - TURNING LEFT,BEXAR,2025-04-08,N - NOT INJURED,0,NO DATA,273 - UNIVERSITY HOSPITAL,3.273,50,37 - FAILED TO YIELD RIGHT OF WAY - TURNING LEFT,No Data,No Data,78228,78228,No,2C4RDGCG5JR268062,10,1 - MALE,N - NOT INJURED,0,4,5 - SECOND SEAT CENTER
20747226,Yes,SAN ANTONIO POLICE DEPARTMENT,SAPD25069808,SAN ANTONIO,FAILED TO YIELD RIGHT OF WAY - TURNING LEFT,BEXAR,2025-04-08,N - NOT INJURED,0,NO DATA,273 - UNIVERSITY HOSPITAL,3.273,50,37 - FAILED TO YIELD RIGHT OF WAY - TURNING LEFT,No Data,No Data,78228,78228,No,2C4RDGCG5JR268062,5,2 - FEMALE,N - NOT INJURED,0,5,6 - SECOND SEAT RIGHT
20747226,Yes,SAN ANTONIO POLICE DEPARTMENT,SAPD25069808,SAN ANTONIO,FAILED TO YIELD RIGHT OF WAY - TURNING LEFT,BEXAR,2025-04-08,N - NOT INJURED,0,NO DATA,273 - UNIVERSITY HOSPITAL,3.273,50,37 - FAILED TO YIELD RIGHT OF WAY - TURNING LEFT,No Data,No Data,78228,78228,No,2C4RDGCG5JR268062,3,2 - FEMALE,N - NOT INJURED,0,6,7 - THIRD SEAT LEFT
20747226,Yes,SAN ANTONIO POLICE DEPARTMENT,SAPD25069808,SAN ANTONIO,FAILED TO YIELD RIGHT OF WAY - TURNING LEFT,BEXAR,2025-04-08,N - NOT INJURED,0,NO DATA,273 - UNIVERSITY HOSPITAL,3.273,50,37 - FAILED TO YIELD RIGHT OF WAY - TURNING LEFT,No Data,No Data,78228,78228,No,2C4RDGCG5JR268062,2,2 - FEMALE,N - NOT INJURED,0,7,8 - THIRD SEAT CENTER
20747226,Yes,SAN ANTONIO POLICE DEPARTMENT,SAPD25069808,SAN ANTONIO,FAILED TO YIELD RIGHT OF WAY - TURNING LEFT,BEXAR,2025-04-08,N - NOT INJURED,0,NO DATA,273 - UNIVERSITY HOSPITAL,3.273,50,37 - FAILED TO YIELD RIGHT OF WAY - TURNING LEFT,No Data,No Data,78228,78228,No,2C4RDGCG5JR268062,0,1 - MALE,N - NOT INJURED,0,8,9 - THIRD SEAT RIGHT
20747226,Yes,SAN ANTONIO POLICE DEPARTMENT,SAPD25069808,SAN ANTONIO,FAILED TO YIELD RIGHT OF WAY - TURNING LEFT,BEXAR,2025-04-08,N - NOT INJURED,0,NO DATA,273 - UNIVERSITY HOSPITAL,3.273,50,No Data,No Data,No Data,78238,78238,No,2C3CDZAGXKH751420,24,2 - FEMALE,N - NOT INJURED,0,1,1 - FRONT LEFT OR MOTORCYCLE DRIVER
20747229,Yes,TEXARKANA POLICE DEPARTMENT,T25-13001,TEXARKANA,FAILED TO YIELD RIGHT OF WAY - TURNING LEFT,BOWIE,2025-04-08,N - NOT INJURED,0,NO DATA,64 - CHRISTUS ST. MICHAEL HEALTH SYSTEM,0.946,,37 - FAILED TO YIELD RIGHT OF WAY - TURNING LEFT,No Data,No Data,71822,71822,No,JTEBU11F170084406,39,2 - FEMALE,N - NOT INJURED,0,1,1 - FRONT LEFT OR MOTORCYCLE DRIVER
20747229,Yes,TEXARKANA POLICE DEPARTMENT,T25-13001,TEXARKANA,FAILED TO YIELD RIGHT OF WAY - TURNING LEFT,BOWIE,2025-04-08,N - NOT INJURED,0,NO DATA,64 - CHRISTUS ST. MICHAEL HEALTH SYSTEM,0.946,,No Data,No Data,No Data,75503,75503,No,JTEZU5JR9C5035497,46,2 - FEMALE,N - NOT INJURED,0,1,1 - FRONT LEFT OR MOTORCYCLE DRIVER
20747236,No,PASADENA POLICE DEPARTMENT,25-005075,PASADENA,DRIVER INATTENTION,HARRIS,2025-04-08,C - POSSIBLE INJURY,0,NO DATA,No Data,No Data,,20 - DRIVER INATTENTION,No Data,No Data,77506,77506,No,1C6RREFT9LN117912,52,2 - FEMALE,N - NOT INJURED,0,1,1 - FRONT LEFT OR MOTORCYCLE DRIVER
20747236,No,PASADENA POLICE DEPARTMENT,25-005075,PASADENA,DRIVER INATTENTION,HARRIS,2025-04-08,C - POSSIBLE INJURY,0,NO DATA,No Data,No Data,,20 - DRIVER INATTENTION,No Data,No Data,77506,77506,No,1C6RREFT9LN117912,4,1 - MALE,N - NOT INJURED,0,2,4 - SECOND SEAT LEFT OR MOTORCYCLE BACK PASSENGER
20747236,No,PASADENA POLICE DEPARTMENT,25-005075,PASADENA,DRIVER INATTENTION,HARRIS,2025-04-08,C - POSSIBLE INJURY,0,NO DATA,No Data,No Data,,No Data,No Data,No Data,No Data,No Data,No Data,No Data,89,1 - MALE,C - POSSIBLE INJURY,0,1,"16 - PEDESTRIAN, PEDALCYCLIST, OR MOTORIZED CONVEYANCE"
20747247,Yes,SAN ANTONIO POLICE DEPARTMENT,SAPD25069896,SAN ANTONIO,CHANGED LANE WHEN UNSAFE; FOLLOWED TOO CLOSELY,BEXAR,2025-04-08,B - SUSPECTED MINOR INJURY,0,NO DATA,65 - CHRISTUS SANTA ROSA HOSPITAL - WESTOVER HILLS,3.817,50,No Data,No Data,No Data,78250,78250,No,1ZVBP8CF6E5309367,22,2 - FEMALE,B - SUSPECTED MINOR INJURY,1,1,1 - FRONT LEFT OR MOTORCYCLE DRIVER
20747247,Yes,SAN ANTONIO POLICE DEPARTMENT,SAPD25069896,SAN ANTONIO,CHANGED LANE WHEN UNSAFE; FOLLOWED TOO CLOSELY,BEXAR,2025-04-08,B - SUSPECTED MINOR INJURY,0,NO DATA,65 - CHRISTUS SANTA ROSA HOSPITAL - WESTOVER HILLS,3.817,50,No Data,No Data,No Data,78801,78801,No,2FMPK3J90LBA59717,66,2 - FEMALE,B - SUSPECTED MINOR INJURY,1,1,1 - FRONT LEFT OR MOTORCYCLE DRIVER
20747247,Yes,SAN ANTONIO POLICE DEPARTMENT,SAPD25069896,SAN ANTONIO,CHANGED LANE WHEN UNSAFE; FOLLOWED TOO CLOSELY,BEXAR,2025-04-08,B - SUSPECTED MINOR INJURY,0,NO DATA,65 - CHRISTUS SANTA ROSA HOSPITAL - WESTOVER HILLS,3.817,50,No Data,No Data,No Data,78801,78801,No,2FMPK3J90LBA59717,86,2 - FEMALE,N - NOT INJURED,0,2,3 - FRONT RIGHT
20747247,Yes,SAN ANTONIO POLICE DEPARTMENT,SAPD25069896,SAN ANTONIO,CHANGED LANE WHEN UNSAFE; FOLLOWED TOO CLOSELY,BEXAR,2025-04-08,B - SUSPECTED MINOR INJURY,0,NO DATA,65 - CHRISTUS SANTA ROSA HOSPITAL - WESTOVER HILLS,3.817,50,No Data,No Data,No Data,78801,78801,No,2FMPK3J90LBA59717,66,2 - FEMALE,B - SUSPECTED MINOR INJURY,1,3,6 - SECOND SEAT RIGHT
20747247,Yes,SAN ANTONIO POLICE DEPARTMENT,SAPD25069896,SAN ANTONIO,CHANGED LANE WHEN UNSAFE; FOLLOWED TOO CLOSELY,BEXAR,2025-04-08,B - SUSPECTED MINOR INJURY,0,NO DATA,65 - CHRISTUS SANTA ROSA HOSPITAL - WESTOVER HILLS,3.817,50,No Data,No Data,No Data,78239,78239,No,1HGCV1F34KA010406,35,1 - MALE,B - SUSPECTED MINOR INJURY,1,1,1 - FRONT LEFT OR MOTORCYCLE DRIVER
20747248,Yes,SAN ANTONIO POLICE DEPARTMENT,SAPD25069927,SAN ANTONIO,FAULTY EVASIVE ACTION,BEXAR,2025-04-08,C - POSSIBLE INJURY,0,NO DATA,54 - CHRISTUS SANTA ROSA HOSPITAL - MEDICAL CENTER,3.047,50,41 - FAULTY EVASIVE ACTION,No Data,No Data,78228,78228,No,1N4AL3AP4EN243965,33,1 - MALE,C - POSSIBLE INJURY,0,1,1 - FRONT LEFT OR MOTORCYCLE DRIVER
20747254,Yes,TYLER POLICE DEPARTMENT,25-005055,TYLER,FAILED TO DRIVE IN SINGLE LANE,SMITH,2025-04-08,N - NOT INJURED,0,NO DATA,49 - CHRISTUS MOTHER FRANCES HOSPITAL - TYLER,3.519,,No Data,No Data,No Data,75701,75701,No,4S2CK58W7Y4317411,31,1 - MALE,N - NOT INJURED,0,1,1 - FRONT LEFT OR MOTORCYCLE DRIVER
20747254,Yes,TYLER POLICE DEPARTMENT,25-005055,TYLER,FAILED TO DRIVE IN SINGLE LANE,SMITH,2025-04-08,N - NOT INJURED,0,NO DATA,49 - CHRISTUS MOTHER FRANCES HOSPITAL - TYLER,3.519,,No Data,No Data,No Data,75771,75771,No,5UX53GP08S9Y35188,77,2 - FEMALE,N - NOT INJURED,0,1,1 - FRONT LEFT OR MOTORCYCLE DRIVER
20747258,Yes,TYLER POLICE DEPARTMENT,25-005057,TYLER,DRIVER INATTENTION; FAILED TO CONTROL SPEED,SMITH,2025-04-08,C - POSSIBLE INJURY,0,NO DATA,288 - UT HEALTH EAST TEXAS TYLER REGIONAL HOSPITAL,3.942,,No Data,No Data,No Data,75707,75707,No,3KPF54AD3RE732115,26,2 - FEMALE,C - POSSIBLE INJURY,0,1,1 - FRONT LEFT OR MOTORCYCLE DRIVER
20747258,Yes,TYLER POLICE DEPARTMENT,25-005057,TYLER,DRIVER INATTENTION; FAILED TO CONTROL SPEED,SMITH,2025-04-08,C - POSSIBLE INJURY,0,NO DATA,288 - UT HEALTH EAST TEXAS TYLER REGIONAL HOSPITAL,3.942,,22 - FAILED TO CONTROL SPEED,20 - DRIVER INATTENTION,No Data,75706,75706,No,3A4GY5F96AT165155,67,1 - MALE,N - NOT INJURED,0,1,1 - FRONT LEFT OR MOTORCYCLE DRIVER
20747263,Yes,HOUSTON POLICE DEPARTMENT,0045366425P,HOUSTON,BACKED WITHOUT SAFETY,HARRIS,2025-04-08,99 - UNKNOWN,0,NO DATA,No Data,No Data,F,3 - BACKED WITHOUT SAFETY,No Data,No Data,,No Data,Yes,1FD0X5HT6NEF34245,No Data,99 - UNKNOWN,99 - UNKNOWN,0,1,99 - UNKNOWN
20747272,Yes,TYLER POLICE DEPARTMENT,25-005058,TYLER,OTHER (EXPLAIN IN NARRATIVE),SMITH,2025-04-08,N - NOT INJURED,0,NO DATA,49 - CHRISTUS MOTHER FRANCES HOSPITAL - TYLER,1.885,,98 - OTHER (EXPLAIN IN NARRATIVE),No Data,No Data,75702,75702,No,2T3H1RFV8NC191730,29,2 - FEMALE,N - NOT INJURED,0,1,1 - FRONT LEFT OR MOTORCYCLE DRIVER
20747272,Yes,TYLER POLICE DEPARTMENT,25-005058,TYLER,OTHER (EXPLAIN IN NARRATIVE),SMITH,2025-04-08,N - NOT INJURED,0,NO DATA,49 - CHRISTUS MOTHER FRANCES HOSPITAL - TYLER,1.885,,No Data,No Data,No Data,75708,75702,No,1FDUF5GT5GEA04440,40,2 - FEMALE,N - NOT INJURED,0,1,1 - FRONT LEFT OR MOTORCYCLE DRIVER
20747272,Yes,TYLER POLICE DEPARTMENT,25-005058,TYLER,OTHER (EXPLAIN IN NARRATIVE),SMITH,2025-04-08,N - NOT INJURED,0,NO DATA,49 - CHRISTUS MOTHER FRANCES HOSPITAL - TYLER,1.885,,No Data,No Data,No Data,75708,75702,No,1FDUF5GT5GEA04440,52,1 - MALE,N - NOT INJURED,0,2,3 - FRONT RIGHT
20747282,Yes,HOUSTON POLICE DEPARTMENT,0045129925Q,HOUSTON,FAILED TO CONTROL SPEED,HARRIS,2025-04-08,N - NOT INJURED,0,NO DATA,120 - HCA HOUSTON HEALTHCARE NORTHWEST,6.185,B,22 - FAILED TO CONTROL SPEED,No Data,No Data,77069,77041,No,1XK1D49X5PJ249175,27,1 - MALE,N - NOT INJURED,0,1,1 - FRONT LEFT OR MOTORCYCLE DRIVER
20747282,Yes,HOUSTON POLICE DEPARTMENT,0045129925Q,HOUSTON,FAILED TO CONTROL SPEED,HARRIS,2025-04-08,N - NOT INJURED,0,NO DATA,120 - HCA HOUSTON HEALTHCARE NORTHWEST,6.185,B,No Data,No Data,No Data,77051,77051,No,1HGCR2F87EA123373,31,2 - FEMALE,N - NOT INJURED,0,1,1 - FRONT LEFT OR MOTORCYCLE DRIVER
20747291,Yes,DALLAS COUNTY SHERIFF'S OFFICE,25-022403,DALLAS,FAILED TO CONTROL SPEED,DALLAS,2025-04-08,N - NOT INJURED,0,NO DATA,26 - BAYLOR UNIVERSITY MEDICAL CENTER,0.656,2,No Data,No Data,No Data,75241,75212,No,JHMFA16806S008797,60,1 - MALE,N - NOT INJURED,0,1,1 - FRONT LEFT OR MOTORCYCLE DRIVER
20747291,Yes,DALLAS COUNTY SHERIFF'S OFFICE,25-022403,DALLAS,FAILED TO CONTROL SPEED,DALLAS,2025-04-08,N - NOT INJURED,0,NO DATA,26 - BAYLOR UNIVERSITY MEDICAL CENTER,0.656,2,22 - FAILED TO CONTROL SPEED,No Data,No Data,75143,75143,No,1FTEW1E55JFA33315,60,1 - MALE,N - NOT INJURED,0,1,1 - FRONT LEFT OR MOTORCYCLE DRIVER
20746100,Yes,SAN ANTONIO POLICE DEPARTMENT,SAPD25070126,SAN ANTONIO,DRIVER INATTENTION,BEXAR,2025-04-09,99 - UNKNOWN,0,NO DATA,46 - CHRISTUS CHILDRENS HOSPITAL OF SAN ANTONIO,3.522,60,20 - DRIVER INATTENTION,No Data,No Data,,78221,No,1FAFP40483F339578,No Data,99 - UNKNOWN,99 - UNKNOWN,0,1,1 - FRONT LEFT OR MOTORCYCLE DRIVER
20746106,Yes,DONNA POLICE DEPARTMENT,25-004722,DONNA,DISREGARD STOP AND GO SIGNAL,HIDALGO,2025-04-09,N - NOT INJURED,0,NO DATA,137 - KNAPP MEDICAL CENTER,5.856,,15 - DISREGARD STOP AND GO SIGNAL,No Data,No Data,78599,78599,Yes,2GC4KNEY9S1165351,27,1 - MALE,N - NOT INJURED,0,1,1 - FRONT LEFT OR MOTORCYCLE DRIVER
20746106,Yes,DONNA POLICE DEPARTMENT,25-004722,DONNA,DISREGARD STOP AND GO SIGNAL,HIDALGO,2025-04-09,N - NOT INJURED,0,NO DATA,137 - KNAPP MEDICAL CENTER,5.856,,No Data,No Data,No Data,78516,78516,No,1FAFP40433F369068,20,1 - MALE,N - NOT INJURED,0,1,1 - FRONT LEFT OR MOTORCYCLE DRIVER
20746181,Yes,"DEPARTMENT OF PUBLIC SAFETY, STATE OF TEXAS",,FORT WORTH,ANIMAL ON ROAD - WILD,TARRANT,2025-04-09,N - NOT INJURED,0,NO DATA,255 - TEXAS HEALTH HARRIS METHODIST HOSPITAL SOUTHWEST FORT WORTH,2.66,1E,2 - ANIMAL ON ROAD - WILD,No Data,No Data,84780-8127,84780-8127,No,3VW7M7BU5RM035622,47,2 - FEMALE,N - NOT INJURED,0,1,1 - FRONT LEFT OR MOTORCYCLE DRIVER
20746425,Yes,SAN ANGELO POLICE DEPARTMENT,20250003859,SAN ANGELO,DISREGARD STOP AND GO SIGNAL,TOM GREEN,2025-04-09,N - NOT INJURED,0,NO DATA,230 - SHANNON MEDICAL CENTER,0.18,,15 - DISREGARD STOP AND GO SIGNAL,No Data,No Data,76904,76904,No,1FMFU18L04LA57690,39,2 - FEMALE,N - NOT INJURED,0,1,1 - FRONT LEFT OR MOTORCYCLE DRIVER
20746425,Yes,SAN ANGELO POLICE DEPARTMENT,20250003859,SAN ANGELO,DISREGARD STOP AND GO SIGNAL,TOM GREEN,2025-04-09,N - NOT INJURED,0,NO DATA,230 - SHANNON MEDICAL CENTER,0.18,,No Data,No Data,No Data,76904,76904,No,5TBET34134S439612,45,2 - FEMALE,N - NOT INJURED,0,1,1 - FRONT LEFT OR MOTORCYCLE DRIVER
20746468,Yes,ROYSE CITY POLICE DEPARTMENT,2025-00000996,ROYSE CITY,FAILED TO YIELD RIGHT OF WAY - STOP SIGN,ROCKWALL,2025-04-09,B - SUSPECTED MINOR INJURY,0,NO DATA,19 - BAYLOR SCOTT & WHITE MEDICAL CENTER - LAKE POINTE,11.05,C,35 - FAILED TO YIELD RIGHT OF WAY - STOP SIGN,No Data,No Data,75189,75189,No,1C4RDHDG0MC641056,60,2 - FEMALE,N - NOT INJURED,0,1,1 - FRONT LEFT OR MOTORCYCLE DRIVER
20746468,Yes,ROYSE CITY POLICE DEPARTMENT,2025-00000996,ROYSE CITY,FAILED TO YIELD RIGHT OF WAY - STOP SIGN,ROCKWALL,2025-04-09,B - SUSPECTED MINOR INJURY,0,NO DATA,19 - BAYLOR SCOTT & WHITE MEDICAL CENTER - LAKE POINTE,11.05,C,No Data,No Data,No Data,751890000,75189,No,WDD1J6JB9KF081820,70,1 - MALE,N - NOT INJURED,0,1,1 - FRONT LEFT OR MOTORCYCLE DRIVER
20746468,Yes,ROYSE CITY POLICE DEPARTMENT,2025-00000996,ROYSE CITY,FAILED TO YIELD RIGHT OF WAY - STOP SIGN,ROCKWALL,2025-04-09,B - SUSPECTED MINOR INJURY,0,NO DATA,19 - BAYLOR SCOTT & WHITE MEDICAL CENTER - LAKE POINTE,11.05,C,No Data,No Data,No Data,751890000,75189,No,WDD1J6JB9KF081820,69,2 - FEMALE,B - SUSPECTED MINOR INJURY,1,2,3 - FRONT RIGHT
20746514,Yes,NEW BRAUNFELS POLICE DEPARTMENT,25-17798,NEW BRAUNFELS,FLEEING OR EVADING POLICE; UNDER INFLUENCE - ALCOHOL,COMAL,2025-04-09,N - NOT INJURED,0,NO DATA,No Data,No Data,,67 - INTOXICATED - ALCOHOL,43 - FLEEING OR EVADING POLICE,No Data,78130,85004,No,1GDY7RFG2K1302115,19,1 - MALE,N - NOT INJURED,0,1,1 - FRONT LEFT OR MOTORCYCLE DRIVER
20746514,Yes,NEW BRAUNFELS POLICE DEPARTMENT,25-17798,NEW BRAUNFELS,FLEEING OR EVADING POLICE; UNDER INFLUENCE - ALCOHOL,COMAL,2025-04-09,N - NOT INJURED,0,NO DATA,No Data,No Data,,67 - INTOXICATED - ALCOHOL,43 - FLEEING OR EVADING POLICE,No Data,78130,85004,No,1GDY7RFG2K1302115,19,1 - MALE,N - NOT INJURED,0,2,3 - FRONT RIGHT
20746514,Yes,NEW BRAUNFELS POLICE DEPARTMENT,25-17798,NEW BRAUNFELS,FLEEING OR EVADING POLICE; UNDER INFLUENCE - ALCOHOL,COMAL,2025-04-09,N - NOT INJURED,0,NO DATA,No Data,No Data,,No Data,No Data,No Data,78130,78130,No,1GNSCLEDXRR305227,26,1 - MALE,N - NOT INJURED,0,1,1 - FRONT LEFT OR MOTORCYCLE DRIVER
20746551,Yes,WASHINGTON COUNTY SHERIFF'S OFFICE,SOP25-00433,OUTSIDE CITY LIMITS,DRIVER INATTENTION; FATIGUED OR ASLEEP,WASHINGTON,2025-04-09,N - NOT INJURED,0,NO DATA,15 - BAYLOR SCOTT & WHITE MEDICAL CENTER - BRENHAM,5.702,,40 - FATIGUED OR ASLEEP,No Data,No Data,77070,77070,No,2GCEK19J781118502,39,1 - MALE,N - NOT INJURED,0,1,1 - FRONT LEFT OR MOTORCYCLE DRIVER
20746586,No,CORSICANA POLICE DEPARTMENT,6151,CORSICANA,OTHER (EXPLAIN IN NARRATIVE),NAVARRO,2025-04-09,99 - UNKNOWN,0,NO DATA,No Data,No Data,,98 - OTHER (EXPLAIN IN NARRATIVE),No Data,No Data,,No Data,Yes,No Data,No Data,99 - UNKNOWN,99 - UNKNOWN,0,1,1 - FRONT LEFT OR MOTORCYCLE DRIVER
20746619,Yes,TRAVIS COUNTY SHERIFF'S OFFICE,250990106,OUTSIDE CITY LIMITS,FAILED TO PASS TO LEFT SAFELY,TRAVIS,2025-04-09,B - SUSPECTED MINOR INJURY,0,NO DATA,243 - ST. DAVIDS SOUTH AUSTIN MEDICAL CENTER,8.818,,26 - FAILED TO PASS TO LEFT SAFELY,No Data,No Data,78744,78744,No,2G1125S36F9221077,25,1 - MALE,B - SUSPECTED MINOR INJURY,1,1,1 - FRONT LEFT OR MOTORCYCLE DRIVER
20746619,Yes,TRAVIS COUNTY SHERIFF'S OFFICE,250990106,OUTSIDE CITY LIMITS,FAILED TO PASS TO LEFT SAFELY,TRAVIS,2025-04-09,B - SUSPECTED MINOR INJURY,0,NO DATA,243 - ST. DAVIDS SOUTH AUSTIN MEDICAL CENTER,8.818,,No Data,No Data,No Data,78617,78617,No,JHMGE8H55CC012953,44,1 - MALE,B - SUSPECTED MINOR INJURY,1,1,1 - FRONT LEFT OR MOTORCYCLE DRIVER
20746665,Yes,TARRANT COUNTY SHERIFF'S OFFICE,2025-04429,OUTSIDE CITY LIMITS,FLEEING OR EVADING POLICE; UNDER INFLUENCE - ALCOHOL,TARRANT,2025-04-09,N - NOT INJURED,0,NO DATA,259 - TEXAS HEALTH HUGULEY HOSPITAL,4.455,,43 - FLEEING OR EVADING POLICE,67 - INTOXICATED - ALCOHOL,No Data,76106,78611,Yes,1GNSCBKC5GR110509,24,1 - MALE,N - NOT INJURED,0,1,1 - FRONT LEFT OR MOTORCYCLE DRIVER
20746752,Yes,TRAVIS COUNTY SHERIFF'S OFFICE,250990120,OUTSIDE CITY LIMITS,FAULTY EVASIVE ACTION; FOLLOWED TOO CLOSELY,TRAVIS,2025-04-09,B - SUSPECTED MINOR INJURY,0,NO DATA,243 - ST. DAVIDS SOUTH AUSTIN MEDICAL CENTER,6.516,10,44 - FOLLOWED TOO CLOSELY,41 - FAULTY EVASIVE ACTION,No Data,78652,30126,No,1G1FB1RX4K0114010,26,1 - MALE,B - SUSPECTED MINOR INJURY,1,1,1 - FRONT LEFT OR MOTORCYCLE DRIVER
20746756,Yes,BROWNSVILLE POLICE DEPARTMENT,202504090027,BROWNSVILLE,WRONG SIDE - NOT PASSING,CAMERON,2025-04-09,99 - UNKNOWN,0,NO DATA,No Data,No Data,SW,70 - WRONG SIDE - NOT PASSING,No Data,No Data,,,Yes,No Data,No Data,99 - UNKNOWN,99 - UNKNOWN,0,1,1 - FRONT LEFT OR MOTORCYCLE DRIVER
20746800,Yes,"DEPARTMENT OF PUBLIC SAFETY, STATE OF TEXAS",25-550267,OUTSIDE CITY LIMITS,DRIVER INATTENTION; FAILED TO DRIVE IN SINGLE LANE,VAN ZANDT,2025-04-09,A - SUSPECTED SERIOUS INJURY,0,NO DATA,279 - UT HEALTH EAST TEXAS ATHENS HOSPITAL,17.206,1B,23 - FAILED TO DRIVE IN SINGLE LANE,20 - DRIVER INATTENTION,No Data,75147,75147,No,5YFBURHE2HP582055,24,1 - MALE,A - SUSPECTED SERIOUS INJURY,0,1,1 - FRONT LEFT OR MOTORCYCLE DRIVER
20746835,Yes,ROCKWALL POLICE DEPARTMENT,2025-12534,ROCKWALL,NONE,ROCKWALL,2025-04-09,N - NOT INJURED,0,NO DATA,No Data,No Data,1,No Data,No Data,No Data,75087,75087,No,1B7HC16Z1WS506407,16,1 - MALE,N - NOT INJURED,0,1,1 - FRONT LEFT OR MOTORCYCLE DRIVER
20746859,Yes,"DEPARTMENT OF PUBLIC SAFETY, STATE OF TEXAS",TX2025-550889,OUTSIDE CITY LIMITS,FAILED TO DRIVE IN SINGLE LANE; FATIGUED OR ASLEEP,SUTTON,2025-04-09,C - POSSIBLE INJURY,0,NO DATA,143 - LILLIAN M. HUDSPETH MEMORIAL HOSPITAL,2.875,4C,23 - FAILED TO DRIVE IN SINGLE LANE,No Data,No Data,33016,33016,No,1FUJBBCGX2LK42601,29,1 - MALE,C - POSSIBLE INJURY,0,1,1 - FRONT LEFT OR MOTORCYCLE DRIVER
20746859,Yes,"DEPARTMENT OF PUBLIC SAFETY, STATE OF TEXAS",TX2025-550889,OUTSIDE CITY LIMITS,FAILED TO DRIVE IN SINGLE LANE; FATIGUED OR ASLEEP,SUTTON,2025-04-09,C - POSSIBLE INJURY,0,NO DATA,143 - LILLIAN M. HUDSPETH MEMORIAL HOSPITAL,2.875,4C,23 - FAILED TO DRIVE IN SINGLE LANE,No Data,No Data,33016,33016,No,1FUJBBCGX2LK42601,23,2 - FEMALE,C - POSSIBLE INJURY,0,2,3 - FRONT RIGHT
20746867,Yes,GRAPEVINE POLICE DEPARTMENT,2500013388,GRAPEVINE,FAILED TO DRIVE IN SINGLE LANE; UNDER INFLUENCE - ALCOHOL,TARRANT,2025-04-09,N - NOT INJURED,0,NO DATA,17 - BAYLOR SCOTT & WHITE MEDICAL CENTER - GRAPEVINE,2.898,,67 - INTOXICATED - ALCOHOL,23 - FAILED TO DRIVE IN SINGLE LANE,No Data,76262,75067,No,5XXG24J21MG027650,29,2 - FEMALE,N - NOT INJURED,0,1,1 - FRONT LEFT OR MOTORCYCLE DRIVER
20746872,Yes,DALLAS POLICE DEPARTMENT,49212-2025,DALLAS,CHANGED LANE WHEN UNSAFE,DALLAS,2025-04-09,N - NOT INJURED,0,NO DATA,86 - DALLAS MEDICAL CENTER,2.728,,4 - CHANGED LANE WHEN UNSAFE,No Data,No Data,,No Data,Yes,No Data,No Data,1 - MALE,99 - UNKNOWN,0,1,1 - FRONT LEFT OR MOTORCYCLE DRIVER
20746872,Yes,DALLAS POLICE DEPARTMENT,49212-2025,DALLAS,CHANGED LANE WHEN UNSAFE,DALLAS,2025-04-09,N - NOT INJURED,0,NO DATA,86 - DALLAS MEDICAL CENTER,2.728,,No Data,No Data,No Data,75041,75041,No,4T1KZ1AK8RU089614,22,2 - FEMALE,N - NOT INJURED,0,1,1 - FRONT LEFT OR MOTORCYCLE DRIVER
20746931,Yes,SAN ANTONIO POLICE DEPARTMENT,SAPD25070246,SAN ANTONIO,DRIVER INATTENTION,BEXAR,2025-04-09,N - NOT INJURED,0,NO DATA,202 - NORTHEAST METHODIST HOSPITAL,2.334,30,20 - DRIVER INATTENTION,No Data,No Data,78247,78247,No,JHMGE88689S015109,54,2 - FEMALE,N - NOT INJURED,0,1,1 - FRONT LEFT OR MOTORCYCLE DRIVER
20746931,Yes,SAN ANTONIO POLICE DEPARTMENT,SAPD25070246,SAN ANTONIO,DRIVER INATTENTION,BEXAR,2025-04-09,N - NOT INJURED,0,NO DATA,202 - NORTHEAST METHODIST HOSPITAL,2.334,30,No Data,No Data,No Data,78130,78130,No,1C4SJVBP7PS562473,43,2 - FEMALE,N - NOT INJURED,0,1,1 - FRONT LEFT OR MOTORCYCLE DRIVER
20746933,Yes,LIVINGSTON POLICE DEPARTMENT,TA25-070,LIVINGSTON,DRIVER INATTENTION,POLK,2025-04-09,N - NOT INJURED,0,NO DATA,43 - CHI ST. LUKES HEALTH - MEMORIAL LIVINGSTON,2.413,4,No Data,No Data,No Data,77351,77351,No,No Data,27,2 - FEMALE,N - NOT INJURED,0,1,1 - FRONT LEFT OR MOTORCYCLE DRIVER
20746933,Yes,LIVINGSTON POLICE DEPARTMENT,TA25-070,LIVINGSTON,DRIVER INATTENTION,POLK,2025-04-09,N - NOT INJURED,0,NO DATA,43 - CHI ST. LUKES HEALTH - MEMORIAL LIVINGSTON,2.413,4,No Data,No Data,No Data,77351,77351,No,No Data,6,1 - MALE,N - NOT INJURED,0,2,6 - SECOND SEAT RIGHT
20746933,Yes,LIVINGSTON POLICE DEPARTMENT,TA25-070,LIVINGSTON,DRIVER INATTENTION,POLK,2025-04-09,N - NOT INJURED,0,NO DATA,43 - CHI ST. LUKES HEALTH - MEMORIAL LIVINGSTON,2.413,4,No Data,No Data,No Data,75901,79601,No,1FUBCXFE8PHNX7990,25,1 - MALE,N - NOT INJURED,0,1,1 - FRONT LEFT OR MOTORCYCLE DRIVER
20746933,Yes,LIVINGSTON POLICE DEPARTMENT,TA25-070,LIVINGSTON,DRIVER INATTENTION,POLK,2025-04-09,N - NOT INJURED,0,NO DATA,43 - CHI ST. LUKES HEALTH - MEMORIAL LIVINGSTON,2.413,4,No Data,No Data,No Data,75901,79601,No,1FUBCXFE8PHNX7990,19,1 - MALE,N - NOT INJURED,0,2,3 - FRONT RIGHT
20746935,Yes,DALLAS POLICE DEPARTMENT,49214-2025,DALLAS,FAILED TO YIELD RIGHT OF WAY - TURNING LEFT,DALLAS,2025-04-09,N - NOT INJURED,0,NO DATA,86 - DALLAS MEDICAL CENTER,1.154,,37 - FAILED TO YIELD RIGHT OF WAY - TURNING LEFT,No Data,No Data,75219,75219,No,JN1EV7AP3JM358346,25,1 - MALE,N - NOT INJURED,0,1,1 - FRONT LEFT OR MOTORCYCLE DRIVER
20746935,Yes,DALLAS POLICE DEPARTMENT,49214-2025,DALLAS,FAILED TO YIELD RIGHT OF WAY - TURNING LEFT,DALLAS,2025-04-09,N - NOT INJURED,0,NO DATA,86 - DALLAS MEDICAL CENTER,1.154,,No Data,No Data,No Data,75229,75229,No,KNAGM4A7XF5640151,16,1 - MALE,N - NOT INJURED,0,1,1 - FRONT LEFT OR MOTORCYCLE DRIVER
20746935,Yes,DALLAS POLICE DEPARTMENT,49214-2025,DALLAS,FAILED TO YIELD RIGHT OF WAY - TURNING LEFT,DALLAS,2025-04-09,N - NOT INJURED,0,NO DATA,86 - DALLAS MEDICAL CENTER,1.154,,No Data,No Data,No Data,75229,75229,No,KNAGM4A7XF5640151,17,1 - MALE,N - NOT INJURED,0,2,3 - FRONT RIGHT
20746935,Yes,DALLAS POLICE DEPARTMENT,49214-2025,DALLAS,FAILED TO YIELD RIGHT OF WAY - TURNING LEFT,DALLAS,2025-04-09,N - NOT INJURED,0,NO DATA,86 - DALLAS MEDICAL CENTER,1.154,,No Data,No Data,No Data,75229,75229,No,KNAGM4A7XF5640151,15,1 - MALE,N - NOT INJURED,0,3,6 - SECOND SEAT RIGHT
20746935,Yes,DALLAS POLICE DEPARTMENT,49214-2025,DALLAS,FAILED TO YIELD RIGHT OF WAY - TURNING LEFT,DALLAS,2025-04-09,N - NOT INJURED,0,NO DATA,86 - DALLAS MEDICAL CENTER,1.154,,No Data,No Data,No Data,75229,75229,No,KNAGM4A7XF5640151,15,1 - MALE,N - NOT INJURED,0,4,5 - SECOND SEAT CENTER
20746935,Yes,DALLAS POLICE DEPARTMENT,49214-2025,DALLAS,FAILED TO YIELD RIGHT OF WAY - TURNING LEFT,DALLAS,2025-04-09,N - NOT INJURED,0,NO DATA,86 - DALLAS MEDICAL CENTER,1.154,,No Data,No Data,No Data,75229,75229,No,KNAGM4A7XF5640151,16,1 - MALE,N - NOT INJURED,0,5,4 - SECOND SEAT LEFT OR MOTORCYCLE BACK PASSENGER
20747001,Yes,CORPUS CHRISTI POLICE DEPARTMENT,C2502044,CORPUS CHRISTI,FAILED TO DRIVE IN SINGLE LANE,NUECES,2025-04-09,N - NOT INJURED,0,NO DATA,95 - DRISCOLL CHILDRENS HOSPITAL,2.255,,23 - FAILED TO DRIVE IN SINGLE LANE,No Data,No Data,78412,78412,No,5NMS33AD1LH219010,66,2 - FEMALE,N - NOT INJURED,0,1,1 - FRONT LEFT OR MOTORCYCLE DRIVER
20747001,Yes,CORPUS CHRISTI POLICE DEPARTMENT,C2502044,CORPUS CHRISTI,FAILED TO DRIVE IN SINGLE LANE,NUECES,2025-04-09,N - NOT INJURED,0,NO DATA,95 - DRISCOLL CHILDRENS HOSPITAL,2.255,,No Data,No Data,No Data,78415,77584,No,1GNEC13Z22R176454,22,2 - FEMALE,N - NOT INJURED,0,1,1 - FRONT LEFT OR MOTORCYCLE DRIVER
20747013,Yes,SAN ANGELO POLICE DEPARTMENT,20250003861,SAN ANGELO,CHANGED LANE WHEN UNSAFE,TOM GREEN,2025-04-09,N - NOT INJURED,0,NO DATA,233 - SHANNON MEDICAL CENTER SOUTH,2.534,,4 - CHANGED LANE WHEN UNSAFE,No Data,No Data,76904,76901,No,4T4BF1FK5CR260902,17,2 - FEMALE,N - NOT INJURED,0,1,1 - FRONT LEFT OR MOTORCYCLE DRIVER
20747013,Yes,SAN ANGELO POLICE DEPARTMENT,20250003861,SAN ANGELO,CHANGED LANE WHEN UNSAFE,TOM GREEN,2025-04-09,N - NOT INJURED,0,NO DATA,233 - SHANNON MEDICAL CENTER SOUTH,2.534,,No Data,No Data,No Data,76901,76901,No,3GTUUGET3NG637310,49,1 - MALE,N - NOT INJURED,0,1,1 - FRONT LEFT OR MOTORCYCLE DRIVER
20747035,Yes,SAN ANTONIO POLICE DEPARTMENT,SAPD25070233,SAN ANTONIO,DRIVER INATTENTION;FAILED TO YIELD RIGHT OF WAY - TURNING LEFT,BEXAR,2025-04-09,N - NOT INJURED,0,NO DATA,"185 - METHODIST TEXSAN HOSPITAL, A METHODIST HOSPITAL FACILITY",1.496,20,No Data,No Data,No Data,78213,78213,No,3HGGK5H8XFM708053,51,1 - MALE,N - NOT INJURED,0,1,1 - FRONT LEFT OR MOTORCYCLE DRIVER
20747035,Yes,SAN ANTONIO POLICE DEPARTMENT,SAPD25070233,SAN ANTONIO,DRIVER INATTENTION;FAILED TO YIELD RIGHT OF WAY - TURNING LEFT,BEXAR,2025-04-09,N - NOT INJURED,0,NO DATA,"185 - METHODIST TEXSAN HOSPITAL, A METHODIST HOSPITAL FACILITY",1.496,20,20 - DRIVER INATTENTION,37 - FAILED TO YIELD RIGHT OF WAY - TURNING LEFT,No Data,78213,78213,No,5FNYG2H41SB006685,21,1 - MALE,N - NOT INJURED,0,1,1 - FRONT LEFT OR MOTORCYCLE DRIVER
20747040,Yes,SAN ANTONIO POLICE DEPARTMENT,SAPD25070241,SAN ANTONIO,FOLLOWED TOO CLOSELY,BEXAR,2025-04-09,N - NOT INJURED,0,NO DATA,182 - METROPOLITAN METHODIST HOSPITAL,2.351,20,44 - FOLLOWED TOO CLOSELY,No Data,No Data,78201,78201,No,1C6JJTEG9ML552021,54,2 - FEMALE,N - NOT INJURED,0,1,1 - FRONT LEFT OR MOTORCYCLE DRIVER
20747040,Yes,SAN ANTONIO POLICE DEPARTMENT,SAPD25070241,SAN ANTONIO,FOLLOWED TOO CLOSELY,BEXAR,2025-04-09,N - NOT INJURED,0,NO DATA,182 - METROPOLITAN METHODIST HOSPITAL,2.351,20,44 - FOLLOWED TOO CLOSELY,No Data,No Data,78201,78201,No,1C6JJTEG9ML552021,18,1 - MALE,N - NOT INJURED,0,2,6 - SECOND SEAT RIGHT
20747040,Yes,SAN ANTONIO POLICE DEPARTMENT,SAPD25070241,SAN ANTONIO,FOLLOWED TOO CLOSELY,BEXAR,2025-04-09,N - NOT INJURED,0,NO DATA,182 - METROPOLITAN METHODIST HOSPITAL,2.351,20,44 - FOLLOWED TOO CLOSELY,No Data,No Data,78201,78201,No,1C6JJTEG9ML552021,9,1 - MALE,N - NOT INJURED,0,3,3 - FRONT RIGHT
20747040,Yes,SAN ANTONIO POLICE DEPARTMENT,SAPD25070241,SAN ANTONIO,FOLLOWED TOO CLOSELY,BEXAR,2025-04-09,N - NOT INJURED,0,NO DATA,182 - METROPOLITAN METHODIST HOSPITAL,2.351,20,No Data,No Data,No Data,78212,78212,No,1HGCV2F64JA022957,30,2 - FEMALE,N - NOT INJURED,0,1,1 - FRONT LEFT OR MOTORCYCLE DRIVER
20747040,Yes,SAN ANTONIO POLICE DEPARTMENT,SAPD25070241,SAN ANTONIO,FOLLOWED TOO CLOSELY,BEXAR,2025-04-09,N - NOT INJURED,0,NO DATA,182 - METROPOLITAN METHODIST HOSPITAL,2.351,20,No Data,No Data,No Data,78212,78212,No,1HGCV2F64JA022957,12,1 - MALE,N - NOT INJURED,0,2,3 - FRONT RIGHT
20747040,Yes,SAN ANTONIO POLICE DEPARTMENT,SAPD25070241,SAN ANTONIO,FOLLOWED TOO CLOSELY,BEXAR,2025-04-09,N - NOT INJURED,0,NO DATA,182 - METROPOLITAN METHODIST HOSPITAL,2.351,20,No Data,No Data,No Data,78212,78212,No,1HGCV2F64JA022957,6,1 - MALE,N - NOT INJURED,0,3,6 - SECOND SEAT RIGHT
20747044,Yes,SAN ANTONIO POLICE DEPARTMENT,SAPD25070291,SAN ANTONIO,DISREGARD STOP AND GO SIGNAL,BEXAR,2025-04-09,N - NOT INJURED,0,NO DATA,46 - CHRISTUS CHILDRENS HOSPITAL OF SAN ANTONIO,1.03,20,No Data,No Data,No Data,78244,78244,No,5N1AN08U18C514815,24,2 - FEMALE,N - NOT INJURED,0,1,1 - FRONT LEFT OR MOTORCYCLE DRIVER
20747044,Yes,SAN ANTONIO POLICE DEPARTMENT,SAPD25070291,SAN ANTONIO,DISREGARD STOP AND GO SIGNAL,BEXAR,2025-04-09,N - NOT INJURED,0,NO DATA,46 - CHRISTUS CHILDRENS HOSPITAL OF SAN ANTONIO,1.03,20,15 - DISREGARD STOP AND GO SIGNAL,No Data,No Data,78237,78237,No,5N1AN08U18C514815,19,2 - FEMALE,N - NOT INJURED,0,1,1 - FRONT LEFT OR MOTORCYCLE DRIVER
20747047,Yes,SAN ANTONIO POLICE DEPARTMENT,SAPD25070242,SAN ANTONIO,DRIVER INATTENTION;OTHER (EXPLAIN IN NARRATIVE),BEXAR,2025-04-09,C - POSSIBLE INJURY,0,NO DATA,No Data,No Data,40,20 - DRIVER INATTENTION,No Data,No Data,78220,78220,No,5LMFU27R24LJ19230,32,2 - FEMALE,N - NOT INJURED,0,1,1 - FRONT LEFT OR MOTORCYCLE DRIVER
20747047,Yes,SAN ANTONIO POLICE DEPARTMENT,SAPD25070242,SAN ANTONIO,DRIVER INATTENTION;OTHER (EXPLAIN IN NARRATIVE),BEXAR,2025-04-09,C - POSSIBLE INJURY,0,NO DATA,No Data,No Data,40,No Data,No Data,No Data,No Data,No Data,No Data,No Data,37,2 - FEMALE,C - POSSIBLE INJURY,0,1,"16 - PEDESTRIAN, PEDALCYCLIST, OR MOTORIZED CONVEYANCE"
20747049,Yes,CORPUS CHRISTI POLICE DEPARTMENT,C2502047,CORPUS CHRISTI,FAILED TO YIELD RIGHT OF WAY - TURNING LEFT,NUECES,2025-04-09,C - POSSIBLE INJURY,0,NO DATA,76 - CORPUS CHRISTI MEDICAL CENTER - DOCTORS REGIONAL,2.656,,37 - FAILED TO YIELD RIGHT OF WAY - TURNING LEFT,No Data,No Data,78418,76933,No,1N6SD11SXLC396196,46,1 - MALE,N - NOT INJURED,0,1,1 - FRONT LEFT OR MOTORCYCLE DRIVER
20747049,Yes,CORPUS CHRISTI POLICE DEPARTMENT,C2502047,CORPUS CHRISTI,FAILED TO YIELD RIGHT OF WAY - TURNING LEFT,NUECES,2025-04-09,C - POSSIBLE INJURY,0,NO DATA,76 - CORPUS CHRISTI MEDICAL CENTER - DOCTORS REGIONAL,2.656,,No Data,No Data,No Data,78414,78414,No,3FA6P0CD6KR150286,52,2 - FEMALE,C - POSSIBLE INJURY,0,1,1 - FRONT LEFT OR MOTORCYCLE DRIVER
20747055,Yes,LAREDO POLICE DEPARTMENT,2025-00056306,LAREDO,FAILED TO CONTROL SPEED; IMPAIRED VISIBILITY (EXPLAIN IN NARRATIVE),WEBB,2025-04-09,N - NOT INJURED,0,NO DATA,141 - LAREDO MEDICAL CENTER,2.266,,22 - FAILED TO CONTROL SPEED,48 - IMPAIRED VISIBILITY (EXPLAIN IN NARRATIVE),No Data,78045,78043,No,3C63RRGL8RG358552,35,1 - MALE,N - NOT INJURED,0,1,1 - FRONT LEFT OR MOTORCYCLE DRIVER
20747055,Yes,LAREDO POLICE DEPARTMENT,2025-00056306,LAREDO,FAILED TO CONTROL SPEED; IMPAIRED VISIBILITY (EXPLAIN IN NARRATIVE),WEBB,2025-04-09,N - NOT INJURED,0,NO DATA,141 - LAREDO MEDICAL CENTER,2.266,,No Data,No Data,No Data,78045,77842,No,5LMCJ1DH5NUL25316,58,2 - FEMALE,N - NOT INJURED,0,1,1 - FRONT LEFT OR MOTORCYCLE DRIVER
20747058,Yes,"DEPARTMENT OF PUBLIC SAFETY, STATE OF TEXAS",TX 25-552908,OUTSIDE CITY LIMITS,DISTRACTION IN VEHICLE;UNSAFE SPEED,SAN PATRICIO,2025-04-09,N - NOT INJURED,0,NO DATA,262 - THE CORPUS CHRISTI MEDICAL CENTER - NORTHWEST,14.665,3C,19 - DISTRACTION IN VEHICLE,60 - UNSAFE SPEED,No Data,77465,77465,No,1FTEW1CP0LKD73857,46,1 - MALE,N - NOT INJURED,0,1,1 - FRONT LEFT OR MOTORCYCLE DRIVER
20747059,Yes,WEBSTER POLICE DEPARTMENT,WBPD2500843,WEBSTER,FAILED TO CONTROL SPEED,HARRIS,2025-04-09,N - NOT INJURED,0,NO DATA,115 - HCA HOUSTON HEALTHCARE CLEAR LAKE,1.279,,22 - FAILED TO CONTROL SPEED,No Data,No Data,77586,77586,No,5UXZV4C5XD0G56205,80,1 - MALE,N - NOT INJURED,0,1,1 - FRONT LEFT OR MOTORCYCLE DRIVER
20747059,Yes,WEBSTER POLICE DEPARTMENT,WBPD2500843,WEBSTER,FAILED TO CONTROL SPEED,HARRIS,2025-04-09,N - NOT INJURED,0,NO DATA,115 - HCA HOUSTON HEALTHCARE CLEAR LAKE,1.279,,No Data,No Data,No Data,77598,77598,No,2T3ZFREV2JW523032,78,2 - FEMALE,N - NOT INJURED,0,1,1 - FRONT LEFT OR MOTORCYCLE DRIVER
20747081,Yes,SAN ANTONIO POLICE DEPARTMENT,SAPD25070157,SAN ANTONIO,BACKED WITHOUT SAFETY; HAD BEEN DRINKING,BEXAR,2025-04-09,N - NOT INJURED,0,NO DATA,No Data,No Data,40,3 - BACKED WITHOUT SAFETY,45 - HAD BEEN DRINKING,No Data,78250,78250,No,3KPF54AD8RE721224,19,2 - FEMALE,N - NOT INJURED,0,1,1 - FRONT LEFT OR MOTORCYCLE DRIVER
20747081,Yes,SAN ANTONIO POLICE DEPARTMENT,SAPD25070157,SAN ANTONIO,BACKED WITHOUT SAFETY; HAD BEEN DRINKING,BEXAR,2025-04-09,N - NOT INJURED,0,NO DATA,No Data,No Data,40,No Data,No Data,No Data,No Data,78109,No,3C7WRKAL0KG546559,62,1 - MALE,N - NOT INJURED,0,1,1 - FRONT LEFT OR MOTORCYCLE DRIVER
20747082,No,SAN ANTONIO POLICE DEPARTMENT,SAPD25070215,ALAMO HEIGHTS,FAILED TO CONTROL SPEED,BEXAR,2025-04-09,N - NOT INJURED,0,NO DATA,53 - CHRISTUS SANTA ROSA HOSPITAL - ALAMO HEIGHTS,2.057,40,22 - FAILED TO CONTROL SPEED,No Data,No Data,,78223,Yes,1G6AA5RX8J0161098,No Data,99 - UNKNOWN,99 - UNKNOWN,0,1,1 - FRONT LEFT OR MOTORCYCLE DRIVER
20747082,No,SAN ANTONIO POLICE DEPARTMENT,SAPD25070215,ALAMO HEIGHTS,FAILED TO CONTROL SPEED,BEXAR,2025-04-09,N - NOT INJURED,0,NO DATA,53 - CHRISTUS SANTA ROSA HOSPITAL - ALAMO HEIGHTS,2.057,40,No Data,No Data,No Data,78121,78121,No,5YFBURHE5GP397190,33,2 - FEMALE,N - NOT INJURED,0,1,1 - FRONT LEFT OR MOTORCYCLE DRIVER
20747082,No,SAN ANTONIO POLICE DEPARTMENT,SAPD25070215,ALAMO HEIGHTS,FAILED TO CONTROL SPEED,BEXAR,2025-04-09,N - NOT INJURED,0,NO DATA,53 - CHRISTUS SANTA ROSA HOSPITAL - ALAMO HEIGHTS,2.057,40,No Data,No Data,No Data,78121,78121,No,5YFBURHE5GP397190,4,2 - FEMALE,N - NOT INJURED,0,2,6 - SECOND SEAT RIGHT
20747082,No,SAN ANTONIO POLICE DEPARTMENT,SAPD25070215,ALAMO HEIGHTS,FAILED TO CONTROL SPEED,BEXAR,2025-04-09,N - NOT INJURED,0,NO DATA,53 - CHRISTUS SANTA ROSA HOSPITAL - ALAMO HEIGHTS,2.057,40,No Data,No Data,No Data,78121,78121,No,5YFBURHE5GP397190,8,1 - MALE,N - NOT INJURED,0,3,5 - SECOND SEAT CENTER
20747082,No,SAN ANTONIO POLICE DEPARTMENT,SAPD25070215,ALAMO HEIGHTS,FAILED TO CONTROL SPEED,BEXAR,2025-04-09,N - NOT INJURED,0,NO DATA,53 - CHRISTUS SANTA ROSA HOSPITAL - ALAMO HEIGHTS,2.057,40,No Data,No Data,No Data,78121,78121,No,5YFBURHE5GP397190,5,2 - FEMALE,N - NOT INJURED,0,4,6 - SECOND SEAT RIGHT
20747094,Yes,BEAUMONT POLICE DEPARTMENT,2025006621,BEAUMONT,OTHER (EXPLAIN IN NARRATIVE),JEFFERSON,2025-04-09,N - NOT INJURED,0,NO DATA,58 - CHRISTUS SOUTHEAST TEXAS - ST. ELIZABETH,0.932,,98 - OTHER (EXPLAIN IN NARRATIVE),No Data,No Data,77520,70006,No,3C6UR5DJ7RG412973,69,1 - MALE,N - NOT INJURED,0,1,1 - FRONT LEFT OR MOTORCYCLE DRIVER
20747094,Yes,BEAUMONT POLICE DEPARTMENT,2025006621,BEAUMONT,OTHER (EXPLAIN IN NARRATIVE),JEFFERSON,2025-04-09,N - NOT INJURED,0,NO DATA,58 - CHRISTUS SOUTHEAST TEXAS - ST. ELIZABETH,0.932,,98 - OTHER (EXPLAIN IN NARRATIVE),No Data,No Data,77520,70006,No,3C6UR5DJ7RG412973,62,1 - MALE,N - NOT INJURED,0,2,3 - FRONT RIGHT
20747094,Yes,BEAUMONT POLICE DEPARTMENT,2025006621,BEAUMONT,OTHER (EXPLAIN IN NARRATIVE),JEFFERSON,2025-04-09,N - NOT INJURED,0,NO DATA,58 - CHRISTUS SOUTHEAST TEXAS - ST. ELIZABETH,0.932,,98 - OTHER (EXPLAIN IN NARRATIVE),No Data,No Data,93722,93722,No,3AKJHHDR4PSNU8464,25,1 - MALE,N - NOT INJURED,0,1,1 - FRONT LEFT OR MOTORCYCLE DRIVER
20747094,Yes,BEAUMONT POLICE DEPARTMENT,2025006621,BEAUMONT,OTHER (EXPLAIN IN NARRATIVE),JEFFERSON,2025-04-09,N - NOT INJURED,0,NO DATA,58 - CHRISTUS SOUTHEAST TEXAS - ST. ELIZABETH,0.932,,98 - OTHER (EXPLAIN IN NARRATIVE),No Data,No Data,93722,93722,No,3AKJHHDR4PSNU8464,21,1 - MALE,N - NOT INJURED,0,2,5 - SECOND SEAT CENTER
20747095,Yes,HOUSTON POLICE DEPARTMENT,0045400925W,HOUSTON,DRIVER INATTENTION,HARRIS,2025-04-09,99 - UNKNOWN,0,NO DATA,163 - MEMORIAL HERMANN GREATER HEIGHTS HOSPITAL,1.467,A,20 - DRIVER INATTENTION,No Data,No Data,,,Yes,No Data,No Data,99 - UNKNOWN,99 - UNKNOWN,0,1,99 - UNKNOWN
20747096,Yes,BEAUMONT POLICE DEPARTMENT,2025006615,BEAUMONT,FAILED TO YIELD RIGHT OF WAY - STOP SIGN;OTHER (EXPLAIN IN NARRATIVE),JEFFERSON,2025-04-09,N - NOT INJURED,0,NO DATA,9 - BAPTIST HOSPITALS OF SOUTHEAST TEXAS,3.911,,98 - OTHER (EXPLAIN IN NARRATIVE),No Data,No Data,77619,77619,No,3VWJ17AT4HM613991,61,2 - FEMALE,N - NOT INJURED,0,1,1 - FRONT LEFT OR MOTORCYCLE DRIVER
20747096,Yes,BEAUMONT POLICE DEPARTMENT,2025006615,BEAUMONT,FAILED TO YIELD RIGHT OF WAY - STOP SIGN;OTHER (EXPLAIN IN NARRATIVE),JEFFERSON,2025-04-09,N - NOT INJURED,0,NO DATA,9 - BAPTIST HOSPITALS OF SOUTHEAST TEXAS,3.911,,35 - FAILED TO YIELD RIGHT OF WAY - STOP SIGN,No Data,No Data,77707,77707,No,1FM5K7F84DGA12022,23,1 - MALE,N - NOT INJURED,0,1,1 - FRONT LEFT OR MOTORCYCLE DRIVER
20747099,Yes,SAN ANTONIO POLICE DEPARTMENT,SAPD25070209,SAN ANTONIO,DRIVER INATTENTION,BEXAR,2025-04-09,N - NOT INJURED,0,NO DATA,46 - CHRISTUS CHILDRENS HOSPITAL OF SAN ANTONIO,6.049,60,20 - DRIVER INATTENTION,No Data,No Data,78242,78242,No,2G1WB5E33C1112670,36,2 - FEMALE,N - NOT INJURED,0,1,1 - FRONT LEFT OR MOTORCYCLE DRIVER
20747099,Yes,SAN ANTONIO POLICE DEPARTMENT,SAPD25070209,SAN ANTONIO,DRIVER INATTENTION,BEXAR,2025-04-09,N - NOT INJURED,0,NO DATA,46 - CHRISTUS CHILDRENS HOSPITAL OF SAN ANTONIO,6.049,60,No Data,No Data,No Data,78242,78242,No,1GC4YSEYXRF264356,47,1 - MALE,N - NOT INJURED,0,1,1 - FRONT LEFT OR MOTORCYCLE DRIVER
20747100,Yes,SAN ANTONIO POLICE DEPARTMENT,SAPD25070234,SAN ANTONIO,TURNED WHEN UNSAFE,BEXAR,2025-04-09,N - NOT INJURED,0,NO DATA,187 - MISSION TRAIL BAPTIST HOSPITAL,2.601,60,66 - TURNED WHEN UNSAFE,No Data,No Data,78221,78221,No,3GCUKSEC3JG143662,39,2 - FEMALE,N - NOT INJURED,0,1,1 - FRONT LEFT OR MOTORCYCLE DRIVER
20747100,Yes,SAN ANTONIO POLICE DEPARTMENT,SAPD25070234,SAN ANTONIO,TURNED WHEN UNSAFE,BEXAR,2025-04-09,N - NOT INJURED,0,NO DATA,187 - MISSION TRAIL BAPTIST HOSPITAL,2.601,60,No Data,No Data,No Data,78221,78221,No,1FALP444XVF192552,38,2 - FEMALE,N - NOT INJURED,0,1,1 - FRONT LEFT OR MOTORCYCLE DRIVER
20747100,Yes,SAN ANTONIO POLICE DEPARTMENT,SAPD25070234,SAN ANTONIO,TURNED WHEN UNSAFE,BEXAR,2025-04-09,N - NOT INJURED,0,NO DATA,187 - MISSION TRAIL BAPTIST HOSPITAL,2.601,60,No Data,No Data,No Data,78221,78221,No,1FALP444XVF192552,16,2 - FEMALE,N - NOT INJURED,0,2,3 - FRONT RIGHT
20747101,Yes,SAN ANTONIO POLICE DEPARTMENT,SAPD25070237,SAN ANTONIO,CHANGED LANE WHEN UNSAFE,BEXAR,2025-04-09,N - NOT INJURED,0,NO DATA,46 - CHRISTUS CHILDRENS HOSPITAL OF SAN ANTONIO,5.489,60,4 - CHANGED LANE WHEN UNSAFE,No Data,No Data,78237,78237,No,2C4RC1BG5HR844650,45,1 - MALE,N - NOT INJURED,0,1,1 - FRONT LEFT OR MOTORCYCLE DRIVER
20747102,Yes,SAN ANTONIO POLICE DEPARTMENT,SAPD25070273,SAN ANTONIO,FAULTY EVASIVE ACTION,BEXAR,2025-04-09,B - SUSPECTED MINOR INJURY,0,NO DATA,46 - CHRISTUS CHILDRENS HOSPITAL OF SAN ANTONIO,3.505,60,41 - FAULTY EVASIVE ACTION,No Data,No Data,78225,78225,No,1FTEW1CP6HKC60485,33,2 - FEMALE,N - NOT INJURED,0,1,1 - FRONT LEFT OR MOTORCYCLE DRIVER
20747102,Yes,SAN ANTONIO POLICE DEPARTMENT,SAPD25070273,SAN ANTONIO,FAULTY EVASIVE ACTION,BEXAR,2025-04-09,B - SUSPECTED MINOR INJURY,0,NO DATA,46 - CHRISTUS CHILDRENS HOSPITAL OF SAN ANTONIO,3.505,60,No Data,No Data,No Data,No Data,75442,No,1J4G258S0XC635993,53,1 - MALE,B - SUSPECTED MINOR INJURY,1,1,3 - FRONT RIGHT
20747103,Yes,SAN ANTONIO POLICE DEPARTMENT,SAPD25070326,SAN ANTONIO,OTHER (EXPLAIN IN NARRATIVE),BEXAR,2025-04-09,N - NOT INJURED,0,NO DATA,187 - MISSION TRAIL BAPTIST HOSPITAL,2.601,60,98 - OTHER (EXPLAIN IN NARRATIVE),No Data,No Data,78264,78221,No,1HGCR2F56DA204109,37,2 - FEMALE,N - NOT INJURED,0,1,1 - FRONT LEFT OR MOTORCYCLE DRIVER
20747103,Yes,SAN ANTONIO POLICE DEPARTMENT,SAPD25070326,SAN ANTONIO,OTHER (EXPLAIN IN NARRATIVE),BEXAR,2025-04-09,N - NOT INJURED,0,NO DATA,187 - MISSION TRAIL BAPTIST HOSPITAL,2.601,60,98 - OTHER (EXPLAIN IN NARRATIVE),No Data,No Data,78264,78221,No,1HGCR2F56DA204109,3,1 - MALE,N - NOT INJURED,0,2,4 - SECOND SEAT LEFT OR MOTORCYCLE BACK PASSENGER
20747103,Yes,SAN ANTONIO POLICE DEPARTMENT,SAPD25070326,SAN ANTONIO,OTHER (EXPLAIN IN NARRATIVE),BEXAR,2025-04-09,N - NOT INJURED,0,NO DATA,187 - MISSION TRAIL BAPTIST HOSPITAL,2.601,60,98 - OTHER (EXPLAIN IN NARRATIVE),No Data,No Data,78264,78221,No,1HGCR2F56DA204109,2,2 - FEMALE,N - NOT INJURED,0,3,6 - SECOND SEAT RIGHT
20747103,Yes,SAN ANTONIO POLICE DEPARTMENT,SAPD25070326,SAN ANTONIO,OTHER (EXPLAIN IN NARRATIVE),BEXAR,2025-04-09,N - NOT INJURED,0,NO DATA,187 - MISSION TRAIL BAPTIST HOSPITAL,2.601,60,98 - OTHER (EXPLAIN IN NARRATIVE),No Data,No Data,78221,78221,No,1GCEC19T5YZ346925,53,1 - MALE,N - NOT INJURED,0,1,1 - FRONT LEFT OR MOTORCYCLE DRIVER
20747116,Yes,HOUSTON POLICE DEPARTMENT,0045357725G,HOUSTON,FAILED TO YIELD RIGHT OF WAY - STOP SIGN,HARRIS,2025-04-09,N - NOT INJURED,0,NO DATA,163 - MEMORIAL HERMANN GREATER HEIGHTS HOSPITAL,2.578,A,No Data,No Data,No Data,77018,77018,No,2HKYF18406H503389,19,1 - MALE,N - NOT INJURED,0,1,1 - FRONT LEFT OR MOTORCYCLE DRIVER
20747116,Yes,HOUSTON POLICE DEPARTMENT,0045357725G,HOUSTON,FAILED TO YIELD RIGHT OF WAY - STOP SIGN,HARRIS,2025-04-09,N - NOT INJURED,0,NO DATA,163 - MEMORIAL HERMANN GREATER HEIGHTS HOSPITAL,2.578,A,No Data,No Data,No Data,77018,77018,No,2HKYF18406H503389,16,2 - FEMALE,N - NOT INJURED,0,2,3 - FRONT RIGHT
20747116,Yes,HOUSTON POLICE DEPARTMENT,0045357725G,HOUSTON,FAILED TO YIELD RIGHT OF WAY - STOP SIGN,HARRIS,2025-04-09,N - NOT INJURED,0,NO DATA,163 - MEMORIAL HERMANN GREATER HEIGHTS HOSPITAL,2.578,A,35 - FAILED TO YIELD RIGHT OF WAY - STOP SIGN,No Data,No Data,77019,77019,No,2GCEC13VX71120879,82,1 - MALE,N - NOT INJURED,0,1,1 - FRONT LEFT OR MOTORCYCLE DRIVER
20747116,Yes,HOUSTON POLICE DEPARTMENT,0045357725G,HOUSTON,FAILED TO YIELD RIGHT OF WAY - STOP SIGN,HARRIS,2025-04-09,N - NOT INJURED,0,NO DATA,163 - MEMORIAL HERMANN GREATER HEIGHTS HOSPITAL,2.578,A,No Data,No Data,No Data,77007,77007,No,1FMSK7FH2NGC00655,52,2 - FEMALE,N - NOT INJURED,0,1,1 - FRONT LEFT OR MOTORCYCLE DRIVER
20747127,Yes,HOUSTON POLICE DEPARTMENT,0045407825N,HOUSTON,DISREGARD STOP SIGN OR LIGHT;UNSAFE SPEED,HARRIS,2025-04-09,N - NOT INJURED,0,NO DATA,286 - UTMB HEALTH CLEAR LAKE CAMPUS,4.59,D,16 - DISREGARD STOP SIGN OR LIGHT,No Data,No Data,77373,77571,No,3VV3B7AX7JM055962,38,1 - MALE,N - NOT INJURED,0,1,1 - FRONT LEFT OR MOTORCYCLE DRIVER
20747139,Yes,LUFKIN POLICE DEPARTMENT,2500011295,LUFKIN,FAILED TO CONTROL SPEED,ANGELINA,2025-04-09,N - NOT INJURED,0,NO DATA,40 - CHI ST. LUKES HEALTH MEMORIAL LUFKIN,2.16,01,22 - FAILED TO CONTROL SPEED,No Data,No Data,75904,75904,No,CCE1421135705,54,1 - MALE,N - NOT INJURED,0,1,1 - FRONT LEFT OR MOTORCYCLE DRIVER
20747139,Yes,LUFKIN POLICE DEPARTMENT,2500011295,LUFKIN,FAILED TO CONTROL SPEED,ANGELINA,2025-04-09,N - NOT INJURED,0,NO DATA,40 - CHI ST. LUKES HEALTH MEMORIAL LUFKIN,2.16,01,No Data,No Data,No Data,75961,74134,No,5NMJB3DE3SH507693,35,2 - FEMALE,N - NOT INJURED,0,1,1 - FRONT LEFT OR MOTORCYCLE DRIVER
20747142,Yes,LUFKIN POLICE DEPARTMENT,2500011300,LUFKIN,FAILED TO DRIVE IN SINGLE LANE,ANGELINA,2025-04-09,N - NOT INJURED,0,NO DATA,40 - CHI ST. LUKES HEALTH MEMORIAL LUFKIN,2.715,01,23 - FAILED TO DRIVE IN SINGLE LANE,No Data,No Data,75941,75941,No,5XYRK4LF2PG251938,32,2 - FEMALE,N - NOT INJURED,0,1,1 - FRONT LEFT OR MOTORCYCLE DRIVER
20747142,Yes,LUFKIN POLICE DEPARTMENT,2500011300,LUFKIN,FAILED TO DRIVE IN SINGLE LANE,ANGELINA,2025-04-09,N - NOT INJURED,0,NO DATA,40 - CHI ST. LUKES HEALTH MEMORIAL LUFKIN,2.715,01,23 - FAILED TO DRIVE IN SINGLE LANE,No Data,No Data,75941,75941,No,5XYRK4LF2PG251938,68,2 - FEMALE,N - NOT INJURED,0,2,3 - FRONT RIGHT
20747142,Yes,LUFKIN POLICE DEPARTMENT,2500011300,LUFKIN,FAILED TO DRIVE IN SINGLE LANE,ANGELINA,2025-04-09,N - NOT INJURED,0,NO DATA,40 - CHI ST. LUKES HEALTH MEMORIAL LUFKIN,2.715,01,No Data,No Data,No Data,77049,77095,No,4V4NC9EH1HN970264,33,1 - MALE,N - NOT INJURED,0,1,1 - FRONT LEFT OR MOTORCYCLE DRIVER
20747143,Yes,DONNA POLICE DEPARTMENT,25-004741,DONNA,CHANGED LANE WHEN UNSAFE,HIDALGO,2025-04-09,N - NOT INJURED,0,NO DATA,137 - KNAPP MEDICAL CENTER,5.457,,4 - CHANGED LANE WHEN UNSAFE,No Data,No Data,78537,78537,No,5XXGN4A72DG113732,52,1 - MALE,N - NOT INJURED,0,1,1 - FRONT LEFT OR MOTORCYCLE DRIVER
20747143,Yes,DONNA POLICE DEPARTMENT,25-004741,DONNA,CHANGED LANE WHEN UNSAFE,HIDALGO,2025-04-09,N - NOT INJURED,0,NO DATA,137 - KNAPP MEDICAL CENTER,5.457,,No Data,No Data,No Data,78537,78537,No,3C6RR7KT2GG312265,66,1 - MALE,N - NOT INJURED,0,1,1 - FRONT LEFT OR MOTORCYCLE DRIVER
20747143,Yes,DONNA POLICE DEPARTMENT,25-004741,DONNA,CHANGED LANE WHEN UNSAFE,HIDALGO,2025-04-09,N - NOT INJURED,0,NO DATA,137 - KNAPP MEDICAL CENTER,5.457,,No Data,No Data,No Data,78537,78537,No,3C6RR7KT2GG312265,49,2 - FEMALE,N - NOT INJURED,0,2,3 - FRONT RIGHT
20747150,Yes,RICHARDSON POLICE DEPARTMENT,202500023936,RICHARDSON,FAILED TO CONTROL SPEED,COLLIN,2025-04-09,N - NOT INJURED,0,NO DATA,186 - METHODIST RICHARDSON MEDICAL CENTER,2.358,10,22 - FAILED TO CONTROL SPEED,No Data,No Data,75023,75023,No,5NPE34AB3FH144531,19,2 - FEMALE,N - NOT INJURED,0,1,1 - FRONT LEFT OR MOTORCYCLE DRIVER
20747150,Yes,RICHARDSON POLICE DEPARTMENT,202500023936,RICHARDSON,FAILED TO CONTROL SPEED,COLLIN,2025-04-09,N - NOT INJURED,0,NO DATA,186 - METHODIST RICHARDSON MEDICAL CENTER,2.358,10,No Data,No Data,No Data,75013,75013,No,5TDZK3EH5CS065560,41,2 - FEMALE,N - NOT INJURED,0,1,1 - FRONT LEFT OR MOTORCYCLE DRIVER
20747151,Yes,RICHARDSON POLICE DEPARTMENT,202500023942,RICHARDSON,FAILED TO YIELD RIGHT OF WAY - PRIVATE DRIVE,DALLAS,2025-04-09,N - NOT INJURED,0,NO DATA,186 - METHODIST RICHARDSON MEDICAL CENTER,3.908,00,34 - FAILED TO YIELD RIGHT OF WAY - PRIVATE DRIVE,No Data,No Data,75243,75243,No,JTDKB20U773266660,28,2 - FEMALE,N - NOT INJURED,0,1,1 - FRONT LEFT OR MOTORCYCLE DRIVER
20747151,Yes,RICHARDSON POLICE DEPARTMENT,202500023942,RICHARDSON,FAILED TO YIELD RIGHT OF WAY - PRIVATE DRIVE,DALLAS,2025-04-09,N - NOT INJURED,0,NO DATA,186 - METHODIST RICHARDSON MEDICAL CENTER,3.908,00,No Data,No Data,No Data,75243,75041,No,KNADM5A3XF6440600,38,2 - FEMALE,N - NOT INJURED,0,1,1 - FRONT LEFT OR MOTORCYCLE DRIVER
20747152,No,RICHARDSON POLICE DEPARTMENT,202500023947,RICHARDSON,FAILED TO YIELD RIGHT OF WAY - TURNING LEFT,DALLAS,2025-04-09,N - NOT INJURED,0,NO DATA,186 - METHODIST RICHARDSON MEDICAL CENTER,3.664,00,37 - FAILED TO YIELD RIGHT OF WAY - TURNING LEFT,No Data,No Data,75081,75081,No,3MYDLBYVXHY158224,63,2 - FEMALE,N - NOT INJURED,0,1,1 - FRONT LEFT OR MOTORCYCLE DRIVER
20747152,No,RICHARDSON POLICE DEPARTMENT,202500023947,RICHARDSON,FAILED TO YIELD RIGHT OF WAY - TURNING LEFT,DALLAS,2025-04-09,N - NOT INJURED,0,NO DATA,186 - METHODIST RICHARDSON MEDICAL CENTER,3.664,00,No Data,No Data,No Data,75080,75080,No,KNDJP3A5XE7023117,24,2 - FEMALE,N - NOT INJURED,0,1,1 - FRONT LEFT OR MOTORCYCLE DRIVER
20747166,No,HOUSTON POLICE DEPARTMENT,0045430425F,HOUSTON,FAILED TO CONTROL SPEED,HARRIS,2025-04-09,C - POSSIBLE INJURY,0,NO DATA,122 - HCA HOUSTON HEALTHCARE SOUTHEAST,5.161,H,22 - FAILED TO CONTROL SPEED,No Data,No Data,77061,77061,No,1N4AL3AP1EC400573,29,2 - FEMALE,N - NOT INJURED,0,1,1 - FRONT LEFT OR MOTORCYCLE DRIVER
20747166,No,HOUSTON POLICE DEPARTMENT,0045430425F,HOUSTON,FAILED TO CONTROL SPEED,HARRIS,2025-04-09,C - POSSIBLE INJURY,0,NO DATA,122 - HCA HOUSTON HEALTHCARE SOUTHEAST,5.161,H,22 - FAILED TO CONTROL SPEED,No Data,No Data,77061,77061,No,1N4AL3AP1EC400573,1,1 - MALE,N - NOT INJURED,0,2,5 - SECOND SEAT CENTER
20747166,No,HOUSTON POLICE DEPARTMENT,0045430425F,HOUSTON,FAILED TO CONTROL SPEED,HARRIS,2025-04-09,C - POSSIBLE INJURY,0,NO DATA,122 - HCA HOUSTON HEALTHCARE SOUTHEAST,5.161,H,No Data,No Data,No Data,77061,77061,No,4T1R11AK1RU884266,53,2 - FEMALE,C - POSSIBLE INJURY,0,1,1 - FRONT LEFT OR MOTORCYCLE DRIVER
20747174,Yes,"DEPARTMENT OF PUBLIC SAFETY, STATE OF TEXAS",,OUTSIDE CITY LIMITS,DISREGARD STOP SIGN OR LIGHT,UPSHUR,2025-04-09,C - POSSIBLE INJURY,0,NO DATA,149 - LONGVIEW REGIONAL MEDICAL CENTER,15.105,1D,16 - DISREGARD STOP SIGN OR LIGHT,No Data,No Data,75455,75455,No,5XYKT3A62FG627449,67,1 - MALE,C - POSSIBLE INJURY,0,1,1 - FRONT LEFT OR MOTORCYCLE DRIVER
20747178,Yes,CONROE POLICE DEPARTMENT,25040291,CONROE,FAILED TO YIELD RIGHT OF WAY - OPEN INTERSECTION;OTHER (EXPLAIN IN NARRATIVE),MONTGOMERY,2025-04-09,N - NOT INJURED,0,NO DATA,116 - HCA HOUSTON HEALTHCARE CONROE,1.247,,33 - FAILED TO YIELD RIGHT OF WAY - OPEN INTERSECTION,98 - OTHER (EXPLAIN IN NARRATIVE),No Data,77301,77301,No,5FNRL6H99PB038651,76,1 - MALE,N - NOT INJURED,0,1,1 - FRONT LEFT OR MOTORCYCLE DRIVER
20747178,Yes,CONROE POLICE DEPARTMENT,25040291,CONROE,FAILED TO YIELD RIGHT OF WAY - OPEN INTERSECTION;OTHER (EXPLAIN IN NARRATIVE),MONTGOMERY,2025-04-09,N - NOT INJURED,0,NO DATA,116 - HCA HOUSTON HEALTHCARE CONROE,1.247,,No Data,No Data,No Data,77064,77064,No,2FMPK3K93HBB97743,49,2 - FEMALE,N - NOT INJURED,0,1,1 - FRONT LEFT OR MOTORCYCLE DRIVER
20747200,Yes,SPRING BRANCH ISD POLICE DEPARTMENT,25004175,HOUSTON,BACKED WITHOUT SAFETY; DRIVER INATTENTION,HARRIS,2025-04-09,N - NOT INJURED,0,NO DATA,165 - MEMORIAL HERMANN MEMORIAL CITY MEDICAL CENTER,1.062,SB,3 - BACKED WITHOUT SAFETY,No Data,No Data,77055,77024,No,4DRBUC8N1PB862281,45,2 - FEMALE,N - NOT INJURED,0,1,1 - FRONT LEFT OR MOTORCYCLE DRIVER
20747200,Yes,SPRING BRANCH ISD POLICE DEPARTMENT,25004175,HOUSTON,BACKED WITHOUT SAFETY; DRIVER INATTENTION,HARRIS,2025-04-09,N - NOT INJURED,0,NO DATA,165 - MEMORIAL HERMANN MEMORIAL CITY MEDICAL CENTER,1.062,SB,3 - BACKED WITHOUT SAFETY,No Data,No Data,77055,77024,No,4DRBUC8N1PB862281,17,2 - FEMALE,N - NOT INJURED,0,2,14 - PASSENGER IN BUS
20747200,Yes,SPRING BRANCH ISD POLICE DEPARTMENT,25004175,HOUSTON,BACKED WITHOUT SAFETY; DRIVER INATTENTION,HARRIS,2025-04-09,N - NOT INJURED,0,NO DATA,165 - MEMORIAL HERMANN MEMORIAL CITY MEDICAL CENTER,1.062,SB,No Data,No Data,No Data,77016,77016,No,1N4AL3AP0GN307132,23,1 - MALE,N - NOT INJURED,0,1,1 - FRONT LEFT OR MOTORCYCLE DRIVER
20747225,Yes,TYLER POLICE DEPARTMENT,25-005114,TYLER,DRIVER INATTENTION,SMITH,2025-04-09,B - SUSPECTED MINOR INJURY,0,NO DATA,No Data,No Data,,No Data,No Data,No Data,75773,75773,No,5NMS44AL4MH328217,80,1 - MALE,B - SUSPECTED MINOR INJURY,1,1,1 - FRONT LEFT OR MOTORCYCLE DRIVER
20747225,Yes,TYLER POLICE DEPARTMENT,25-005114,TYLER,DRIVER INATTENTION,SMITH,2025-04-09,B - SUSPECTED MINOR INJURY,0,NO DATA,No Data,No Data,,No Data,No Data,No Data,75773,75773,No,5NMS44AL4MH328217,23,1 - MALE,N - NOT INJURED,0,2,6 - SECOND SEAT RIGHT
20747237,Yes,PASADENA POLICE DEPARTMENT,25-005119,PASADENA,FAILED TO YIELD RIGHT OF WAY - TO PEDESTRIAN,HARRIS,2025-04-09,C - POSSIBLE INJURY,0,NO DATA,122 - HCA HOUSTON HEALTHCARE SOUTHEAST,2.606,,36 - FAILED TO YIELD RIGHT OF WAY - TO PEDESTRIAN,No Data,No Data,77503,77503,No,JTLZE4FE0DJ045429,29,2 - FEMALE,N - NOT INJURED,0,1,1 - FRONT LEFT OR MOTORCYCLE DRIVER
20747237,Yes,PASADENA POLICE DEPARTMENT,25-005119,PASADENA,FAILED TO YIELD RIGHT OF WAY - TO PEDESTRIAN,HARRIS,2025-04-09,C - POSSIBLE INJURY,0,NO DATA,122 - HCA HOUSTON HEALTHCARE SOUTHEAST,2.606,,No Data,No Data,No Data,No Data,No Data,No Data,No Data,9,2 - FEMALE,C - POSSIBLE INJURY,0,1,"16 - PEDESTRIAN, PEDALCYCLIST, OR MOTORIZED CONVEYANCE"
20747241,Yes,TYLER POLICE DEPARTMENT,25-005104,TYLER,FAILED TO YIELD RIGHT OF WAY - STOP SIGN,SMITH,2025-04-09,B - SUSPECTED MINOR INJURY,0,NO DATA,288 - UT HEALTH EAST TEXAS TYLER REGIONAL HOSPITAL,3.248,,35 - FAILED TO YIELD RIGHT OF WAY - STOP SIGN,No Data,No Data,75702,75702,No,1GNSKKKCXFR684041,36,2 - FEMALE,N - NOT INJURED,0,1,1 - FRONT LEFT OR MOTORCYCLE DRIVER
20747241,Yes,TYLER POLICE DEPARTMENT,25-005104,TYLER,FAILED TO YIELD RIGHT OF WAY - STOP SIGN,SMITH,2025-04-09,B - SUSPECTED MINOR INJURY,0,NO DATA,288 - UT HEALTH EAST TEXAS TYLER REGIONAL HOSPITAL,3.248,,No Data,No Data,No Data,75702,75702,No,1G1ZD5E01CF131465,58,2 - FEMALE,B - SUSPECTED MINOR INJURY,1,1,1 - FRONT LEFT OR MOTORCYCLE DRIVER
20747241,Yes,TYLER POLICE DEPARTMENT,25-005104,TYLER,FAILED TO YIELD RIGHT OF WAY - STOP SIGN,SMITH,2025-04-09,B - SUSPECTED MINOR INJURY,0,NO DATA,288 - UT HEALTH EAST TEXAS TYLER REGIONAL HOSPITAL,3.248,,No Data,No Data,No Data,75702,75702,No,1G1ZD5E01CF131465,14,1 - MALE,N - NOT INJURED,0,2,3 - FRONT RIGHT
20747241,Yes,TYLER POLICE DEPARTMENT,25-005104,TYLER,FAILED TO YIELD RIGHT OF WAY - STOP SIGN,SMITH,2025-04-09,B - SUSPECTED MINOR INJURY,0,NO DATA,288 - UT HEALTH EAST TEXAS TYLER REGIONAL HOSPITAL,3.248,,No Data,No Data,No Data,75702,75702,No,1G1ZD5E01CF131465,16,2 - FEMALE,C - POSSIBLE INJURY,0,3,6 - SECOND SEAT RIGHT
20747241,Yes,TYLER POLICE DEPARTMENT,25-005104,TYLER,FAILED TO YIELD RIGHT OF WAY - STOP SIGN,SMITH,2025-04-09,B - SUSPECTED MINOR INJURY,0,NO DATA,288 - UT HEALTH EAST TEXAS TYLER REGIONAL HOSPITAL,3.248,,No Data,No Data,No Data,75709,75709,No,3FA6P0LU2JR172557,33,2 - FEMALE,C - POSSIBLE INJURY,0,1,1 - FRONT LEFT OR MOTORCYCLE DRIVER
20747241,Yes,TYLER POLICE DEPARTMENT,25-005104,TYLER,FAILED TO YIELD RIGHT OF WAY - STOP SIGN,SMITH,2025-04-09,B - SUSPECTED MINOR INJURY,0,NO DATA,288 - UT HEALTH EAST TEXAS TYLER REGIONAL HOSPITAL,3.248,,No Data,No Data,No Data,75709,75709,No,3FA6P0LU2JR172557,14,2 - FEMALE,C - POSSIBLE INJURY,0,2,3 - FRONT RIGHT
20747244,Yes,TYLER POLICE DEPARTMENT,25-005103,TYLER,CHANGED LANE WHEN UNSAFE;FAILED TO YIELD RIGHT OF WAY - STOP SIGN,SMITH,2025-04-09,N - NOT INJURED,0,NO DATA,49 - CHRISTUS MOTHER FRANCES HOSPITAL - TYLER,1.147,,No Data,No Data,No Data,75701,75701,No,1C6RR6FG0KS618695,30,2 - FEMALE,N - NOT INJURED,0,1,1 - FRONT LEFT OR MOTORCYCLE DRIVER
20747244,Yes,TYLER POLICE DEPARTMENT,25-005103,TYLER,CHANGED LANE WHEN UNSAFE;FAILED TO YIELD RIGHT OF WAY - STOP SIGN,SMITH,2025-04-09,N - NOT INJURED,0,NO DATA,49 - CHRISTUS MOTHER FRANCES HOSPITAL - TYLER,1.147,,No Data,No Data,No Data,75701,75701,No,1C6RR6FG0KS618695,39,2 - FEMALE,N - NOT INJURED,0,2,3 - FRONT RIGHT
20747244,Yes,TYLER POLICE DEPARTMENT,25-005103,TYLER,CHANGED LANE WHEN UNSAFE;FAILED TO YIELD RIGHT OF WAY - STOP SIGN,SMITH,2025-04-09,N - NOT INJURED,0,NO DATA,49 - CHRISTUS MOTHER FRANCES HOSPITAL - TYLER,1.147,,No Data,No Data,No Data,75702,75702,No,1C6SRFFT2MN777556,34,1 - MALE,N - NOT INJURED,0,1,1 - FRONT LEFT OR MOTORCYCLE DRIVER
20747244,Yes,TYLER POLICE DEPARTMENT,25-005103,TYLER,CHANGED LANE WHEN UNSAFE;FAILED TO YIELD RIGHT OF WAY - STOP SIGN,SMITH,2025-04-09,N - NOT INJURED,0,NO DATA,49 - CHRISTUS MOTHER FRANCES HOSPITAL - TYLER,1.147,,No Data,No Data,No Data,75702,75702,No,1C6SRFFT2MN777556,13,2 - FEMALE,N - NOT INJURED,0,2,3 - FRONT RIGHT
20747257,Yes,LEAGUE CITY POLICE DEPARTMENT,LCPD26-01866,LEAGUE CITY,FAILED TO GIVE HALF OF ROADWAY,GALVESTON,2025-04-09,B - SUSPECTED MINOR INJURY,0,NO DATA,289 - UTMB HEALTH LEAGUE CITY CAMPUS,2.241,,24 - FAILED TO GIVE HALF OF ROADWAY,No Data,No Data,77539,77539,No,1N6AD0ER9GN797486,38,2 - FEMALE,N - NOT INJURED,0,1,1 - FRONT LEFT OR MOTORCYCLE DRIVER
20747257,Yes,LEAGUE CITY POLICE DEPARTMENT,LCPD26-01866,LEAGUE CITY,FAILED TO GIVE HALF OF ROADWAY,GALVESTON,2025-04-09,B - SUSPECTED MINOR INJURY,0,NO DATA,289 - UTMB HEALTH LEAGUE CITY CAMPUS,2.241,,No Data,No Data,No Data,77053,77053,No,5TFAX5GNXHX096186,51,2 - FEMALE,B - SUSPECTED MINOR INJURY,1,1,1 - FRONT LEFT OR MOTORCYCLE DRIVER
20747271,Yes,TYLER POLICE DEPARTMENT,25-005102,TYLER,CHANGED LANE WHEN UNSAFE,SMITH,2025-04-09,C - POSSIBLE INJURY,0,NO DATA,288 - UT HEALTH EAST TEXAS TYLER REGIONAL HOSPITAL,3.873,,No Data,No Data,No Data,75703,75703,No,1N4AL21E28N505995,31,2 - FEMALE,C - POSSIBLE INJURY,0,1,1 - FRONT LEFT OR MOTORCYCLE DRIVER
20747271,Yes,TYLER POLICE DEPARTMENT,25-005102,TYLER,CHANGED LANE WHEN UNSAFE,SMITH,2025-04-09,C - POSSIBLE INJURY,0,NO DATA,288 - UT HEALTH EAST TEXAS TYLER REGIONAL HOSPITAL,3.873,,No Data,No Data,No Data,75703,75703,No,1N4AL21E28N505995,6,1 - MALE,C - POSSIBLE INJURY,0,2,6 - SECOND SEAT RIGHT
20747271,Yes,TYLER POLICE DEPARTMENT,25-005102,TYLER,CHANGED LANE WHEN UNSAFE,SMITH,2025-04-09,C - POSSIBLE INJURY,0,NO DATA,288 - UT HEALTH EAST TEXAS TYLER REGIONAL HOSPITAL,3.873,,4 - CHANGED LANE WHEN UNSAFE,No Data,No Data,75709,75709,No,2C3CDYAG3DH578949,35,1 - MALE,N - NOT INJURED,0,1,1 - FRONT LEFT OR MOTORCYCLE DRIVER
20747271,Yes,TYLER POLICE DEPARTMENT,25-005102,TYLER,CHANGED LANE WHEN UNSAFE,SMITH,2025-04-09,C - POSSIBLE INJURY,0,NO DATA,288 - UT HEALTH EAST TEXAS TYLER REGIONAL HOSPITAL,3.873,,4 - CHANGED LANE WHEN UNSAFE,No Data,No Data,75709,75709,No,2C3CDYAG3DH578949,11,2 - FEMALE,C - POSSIBLE INJURY,0,2,3 - FRONT RIGHT
20747271,Yes,TYLER POLICE DEPARTMENT,25-005102,TYLER,CHANGED LANE WHEN UNSAFE,SMITH,2025-04-09,C - POSSIBLE INJURY,0,NO DATA,288 - UT HEALTH EAST TEXAS TYLER REGIONAL HOSPITAL,3.873,,4 - CHANGED LANE WHEN UNSAFE,No Data,No Data,75709,75709,No,2C3CDYAG3DH578949,12,2 - FEMALE,C - POSSIBLE INJURY,0,3,4 - SECOND SEAT LEFT OR MOTORCYCLE BACK PASSENGER
20747280,Yes,BUDA POLICE DEPARTMENT,2025-04758,BUDA,FAILED TO YIELD RIGHT OF WAY - STOP SIGN,HAYS,2025-04-09,N - NOT INJURED,0,NO DATA,4 - ASCENSION SETON HAYS,5.12,,35 - FAILED TO YIELD RIGHT OF WAY - STOP SIGN,No Data,No Data,78640,78640,No,1FM5K8GT5HGE28563,66,1 - MALE,N - NOT INJURED,0,1,1 - FRONT LEFT OR MOTORCYCLE DRIVER
20747280,Yes,BUDA POLICE DEPARTMENT,2025-04758,BUDA,FAILED TO YIELD RIGHT OF WAY - STOP SIGN,HAYS,2025-04-09,N - NOT INJURED,0,NO DATA,4 - ASCENSION SETON HAYS,5.12,,No Data,No Data,No Data,78610,78610,No,3C6MR5AJ1RG133703,49,1 - MALE,N - NOT INJURED,0,1,1 - FRONT LEFT OR MOTORCYCLE DRIVER
20747280,Yes,BUDA POLICE DEPARTMENT,2025-04758,BUDA,FAILED TO YIELD RIGHT OF WAY - STOP SIGN,HAYS,2025-04-09,N - NOT INJURED,0,NO DATA,4 - ASCENSION SETON HAYS,5.12,,No Data,No Data,No Data,78610,78610,No,3C6MR5AJ1RG133703,49,1 - MALE,N - NOT INJURED,0,2,3 - FRONT RIGHT
20747284,Yes,SAN ANGELO POLICE DEPARTMENT,20250003868,SAN ANGELO,CHANGED LANE WHEN UNSAFE,TOM GREEN,2025-04-09,N - NOT INJURED,0,NO DATA,230 - SHANNON MEDICAL CENTER,1.277,,4 - CHANGED LANE WHEN UNSAFE,No Data,No Data,76905,76905,No,1FTYR10U45PA65188,71,1 - MALE,N - NOT INJURED,0,1,1 - FRONT LEFT OR MOTORCYCLE DRIVER
20747284,Yes,SAN ANGELO POLICE DEPARTMENT,20250003868,SAN ANGELO,CHANGED LANE WHEN UNSAFE,TOM GREEN,2025-04-09,N - NOT INJURED,0,NO DATA,230 - SHANNON MEDICAL CENTER,1.277,,No Data,No Data,No Data,76905,76905,No,KM8R54GE3RU685033,41,2 - FEMALE,N - NOT INJURED,0,1,1 - FRONT LEFT OR MOTORCYCLE DRIVER
20747288,Yes,PORT ARTHUR POLICE DEPARTMENT,12949-25,PORT ARTHUR,FAILED TO YIELD RIGHT OF WAY - STOP SIGN,JEFFERSON,2025-04-09,N - NOT INJURED,0,NO DATA,266 - THE MEDICAL CENTER OF SOUTHEAST TEXAS,0.699,ST,35 - FAILED TO YIELD RIGHT OF WAY - STOP SIGN,No Data,No Data,77575,77002,No,1FT7W2BA5PED98365,36,1 - MALE,N - NOT INJURED,0,1,1 - FRONT LEFT OR MOTORCYCLE DRIVER
20747288,Yes,PORT ARTHUR POLICE DEPARTMENT,12949-25,PORT ARTHUR,FAILED TO YIELD RIGHT OF WAY - STOP SIGN,JEFFERSON,2025-04-09,N - NOT INJURED,0,NO DATA,266 - THE MEDICAL CENTER OF SOUTHEAST TEXAS,0.699,ST,No Data,No Data,No Data,77453,77453,No,5TFJX4GNXEX034857,35,1 - MALE,N - NOT INJURED,0,1,1 - FRONT LEFT OR MOTORCYCLE DRIVER
20747289,Yes,PORT ARTHUR POLICE DEPARTMENT,12941-25,GROVES,OTHER (EXPLAIN IN NARRATIVE),JEFFERSON,2025-04-09,N - NOT INJURED,0,NO DATA,266 - THE MEDICAL CENTER OF SOUTHEAST TEXAS,3.46,ST,98 - OTHER (EXPLAIN IN NARRATIVE),No Data,No Data,77026,77026,No,1FA6P8CF7H5256581,25,1 - MALE,N - NOT INJURED,0,1,1 - FRONT LEFT OR MOTORCYCLE DRIVER
20747289,Yes,PORT ARTHUR POLICE DEPARTMENT,12941-25,GROVES,OTHER (EXPLAIN IN NARRATIVE),JEFFERSON,2025-04-09,N - NOT INJURED,0,NO DATA,266 - THE MEDICAL CENTER OF SOUTHEAST TEXAS,3.46,ST,98 - OTHER (EXPLAIN IN NARRATIVE),No Data,No Data,77026,77026,No,1FA6P8CF7H5256581,21,1 - MALE,N - NOT INJURED,0,2,3 - FRONT RIGHT
20747289,Yes,PORT ARTHUR POLICE DEPARTMENT,12941-25,GROVES,OTHER (EXPLAIN IN NARRATIVE),JEFFERSON,2025-04-09,N - NOT INJURED,0,NO DATA,266 - THE MEDICAL CENTER OF SOUTHEAST TEXAS,3.46,ST,No Data,No Data,No Data,78832,78248,No,1HTMPAFM07H449593,23,1 - MALE,N - NOT INJURED,0,1,1 - FRONT LEFT OR MOTORCYCLE DRIVER
20747290,Yes,PORT ARTHUR POLICE DEPARTMENT,12916-25,PORT ARTHUR,FAILED TO CONTROL SPEED,JEFFERSON,2025-04-09,C - POSSIBLE INJURY,0,NO DATA,266 - THE MEDICAL CENTER OF SOUTHEAST TEXAS,0.772,ST,22 - FAILED TO CONTROL SPEED,No Data,No Data,78542,77566,No,1FTFW1EV7AKA67705,23,1 - MALE,C - POSSIBLE INJURY,0,1,1 - FRONT LEFT OR MOTORCYCLE DRIVER
20747290,Yes,PORT ARTHUR POLICE DEPARTMENT,12916-25,PORT ARTHUR,FAILED TO CONTROL SPEED,JEFFERSON,2025-04-09,C - POSSIBLE INJURY,0,NO DATA,266 - THE MEDICAL CENTER OF SOUTHEAST TEXAS,0.772,ST,No Data,No Data,No Data,77640,77640,No,KL77LHEP1SC114114,45,2 - FEMALE,C - POSSIBLE INJURY,0,1,1 - FRONT LEFT OR MOTORCYCLE DRIVER
