Crash ID,$1000 Damage to Any One Person's Property,Agency,Case ID,City,Contributing Factors,County,Crash Date,Crash Severity,Fatal Crash Flag,Intersecting Street Number,Nearest Trauma Center,Nearest Trauma Center Distance,Region,Contributing Factor 1,Contributing Factor 2,Contributing Factor 3,Driver Zip Code,Lessee/Owner Zip Code,Vehicle Hit and Run Flag,VIN,Person Age,Person Gender,Person Injury Severity,Person Non-Suspected Serious Injury Count,Person Number,Physical Location of An Occupant
20735674,Yes,HARRIS COUNTY CONSTABLE PRECINCT 8,,BAYTOWN,FAILED TO DRIVE IN SINGLE LANE,HARRIS,2025-04-03,99 - UNKNOWN,0,NO DATA,122 - HCA HOUSTON HEALTHCARE SOUTHEAST,11.743,,23 - FAILED TO DRIVE IN SINGLE LANE,No Data,No Data,,,Yes,1FA6P8CF6P5303050,No Data,99 - UNKNOWN,99 - UNKNOWN,0,1,1 - FRONT LEFT OR MOTORCYCLE DRIVER
20735819,Yes,"DEPARTMENT OF PUBLIC SAFETY, STATE OF TEXAS",TX 2025-517417,OUTSIDE CITY LIMITS,UNSAFE SPEED,CLAY,2025-04-03,C - POSSIBLE INJURY,0,NO DATA,274 - UNITED REGIONAL HEALTH CARE SYSTEM,5.029,5A,60 - UNSAFE SPEED,No Data,No Data,75235,75201,No,2C3CDZBT1KH621215,19,1 - MALE,C - POSSIBLE INJURY,0,1,1 - FRONT LEFT OR MOTORCYCLE DRIVER
20735846,Yes,HALTOM CITY POLICE DEPARTMENT,25H10945,HALTOM CITY,FATIGUED OR ASLEEP,TARRANT,2025-04-03,N - NOT INJURED,0,NO DATA,161 - MEDICAL CITY NORTH HILLS,3.208,,40 - FATIGUED OR ASLEEP,No Data,No Data,76244,76177,No,1G1ZE5ST3HF100379,20,1 - MALE,N - NOT INJURED,0,1,1 - FRONT LEFT OR MOTORCYCLE DRIVER
20735895,Yes,FATE DEPARTMENT OF PUBLIC SAFETY,2025-4315,FATE,OTHER (EXPLAIN IN NARRATIVE),ROCKWALL,2025-04-03,N - NOT INJURED,0,NO DATA,19 - BAYLOR SCOTT & WHITE MEDICAL CENTER - LAKE POINTE,7.502,,98 - OTHER (EXPLAIN IN NARRATIVE),No Data,No Data,75173,75173,No,1FADP3L98HL245945,23,1 - MALE,N - NOT INJURED,0,1,1 - FRONT LEFT OR MOTORCYCLE DRIVER
20736082,Yes,ROANOKE POLICE DEPARTMENT,25007196,ROANOKE,FAILED TO YIELD RIGHT OF WAY - TURNING LEFT,DENTON,2025-04-03,C - POSSIBLE INJURY,0,NO DATA,249 - TEXAS HEALTH HARRIS METHODIST HOSPITAL ALLIANCE,6.848,,37 - FAILED TO YIELD RIGHT OF WAY - TURNING LEFT,No Data,No Data,76262,76262,No,2T3BF4DV6CW257247,44,1 - MALE,C - POSSIBLE INJURY,0,1,1 - FRONT LEFT OR MOTORCYCLE DRIVER
20736082,Yes,ROANOKE POLICE DEPARTMENT,25007196,ROANOKE,FAILED TO YIELD RIGHT OF WAY - TURNING LEFT,DENTON,2025-04-03,C - POSSIBLE INJURY,0,NO DATA,249 - TEXAS HEALTH HARRIS METHODIST HOSPITAL ALLIANCE,6.848,,No Data,No Data,No Data,76148,76148,No,3GKALMEV8JL341162,31,2 - FEMALE,C - POSSIBLE INJURY,0,1,1 - FRONT LEFT OR MOTORCYCLE DRIVER
20736082,Yes,ROANOKE POLICE DEPARTMENT,25007196,ROANOKE,FAILED TO YIELD RIGHT OF WAY - TURNING LEFT,DENTON,2025-04-03,C - POSSIBLE INJURY,0,NO DATA,249 - TEXAS HEALTH HARRIS METHODIST HOSPITAL ALLIANCE,6.848,,No Data,No Data,No Data,76148,76148,No,3GKALMEV8JL341162,5,1 - MALE,C - POSSIBLE INJURY,0,2,6 - SECOND SEAT RIGHT
20736082,Yes,ROANOKE POLICE DEPARTMENT,25007196,ROANOKE,FAILED TO YIELD RIGHT OF WAY - TURNING LEFT,DENTON,2025-04-03,C - POSSIBLE INJURY,0,NO DATA,249 - TEXAS HEALTH HARRIS METHODIST HOSPITAL ALLIANCE,6.848,,No Data,No Data,No Data,76148,76148,No,3GKALMEV8JL341162,7,2 - FEMALE,C - POSSIBLE INJURY,0,3,4 - SECOND SEAT LEFT OR MOTORCYCLE BACK PASSENGER
20736111,Yes,MIDLAND POLICE DEPARTMENT,250403005,MIDLAND,FAILED TO YIELD RIGHT OF WAY - STOP SIGN,MIDLAND,2025-04-03,N - NOT INJURED,0,NO DATA,190 - MIDLAND MEMORIAL HOSPITAL,2.716,,No Data,No Data,No Data,79706,79706,No,1C4RJKEG7R8933091,34,2 - FEMALE,N - NOT INJURED,0,1,1 - FRONT LEFT OR MOTORCYCLE DRIVER
20736111,Yes,MIDLAND POLICE DEPARTMENT,250403005,MIDLAND,FAILED TO YIELD RIGHT OF WAY - STOP SIGN,MIDLAND,2025-04-03,N - NOT INJURED,0,NO DATA,190 - MIDLAND MEMORIAL HOSPITAL,2.716,,No Data,No Data,No Data,79706,79706,No,1C4RJKEG7R8933091,12,1 - MALE,N - NOT INJURED,0,2,3 - FRONT RIGHT
20736111,Yes,MIDLAND POLICE DEPARTMENT,250403005,MIDLAND,FAILED TO YIELD RIGHT OF WAY - STOP SIGN,MIDLAND,2025-04-03,N - NOT INJURED,0,NO DATA,190 - MIDLAND MEMORIAL HOSPITAL,2.716,,35 - FAILED TO YIELD RIGHT OF WAY - STOP SIGN,No Data,No Data,79701,79701,No,1FTFW1E55MFA69532,31,2 - FEMALE,N - NOT INJURED,0,1,1 - FRONT LEFT OR MOTORCYCLE DRIVER
20736123,Yes,DALLAS COUNTY SHERIFF'S OFFICE,25-021359,DALLAS,TURNED IMPROPERLY - WRONG LANE,DALLAS,2025-04-03,N - NOT INJURED,0,NO DATA,174 - METHODIST DALLAS MEDICAL CENTER,3.181,2,No Data,No Data,No Data,75216,75216,No,3FADP4AJ2BM207197,34,1 - MALE,N - NOT INJURED,0,1,1 - FRONT LEFT OR MOTORCYCLE DRIVER
20736123,Yes,DALLAS COUNTY SHERIFF'S OFFICE,25-021359,DALLAS,TURNED IMPROPERLY - WRONG LANE,DALLAS,2025-04-03,N - NOT INJURED,0,NO DATA,174 - METHODIST DALLAS MEDICAL CENTER,3.181,2,65 - TURNED IMPROPERLY - WRONG LANE,No Data,No Data,75115,75115,No,1GKKNML4XPZ256222,53,2 - FEMALE,N - NOT INJURED,0,1,1 - FRONT LEFT OR MOTORCYCLE DRIVER
20736147,Yes,"DEPARTMENT OF PUBLIC SAFETY, STATE OF TEXAS",TX 2025-517607,DALLAS,UNSAFE SPEED,DALLAS,2025-04-03,N - NOT INJURED,0,NO DATA,260 - TEXAS HEALTH PRESBYTERIAN HOSPITAL PLANO,4.168,1E,60 - UNSAFE SPEED,No Data,No Data,75429,75429,No,1GNSKBE08BR188845,35,1 - MALE,N - NOT INJURED,0,1,1 - FRONT LEFT OR MOTORCYCLE DRIVER
20736170,Yes,LUBBOCK POLICE DEPARTMENT,250010271,LUBBOCK,FAILED TO YIELD RIGHT OF WAY - TURNING LEFT,LUBBOCK,2025-04-03,C - POSSIBLE INJURY,0,NO DATA,77 - COVENANT CHILDRENS HOSPITAL,4.796,6,37 - FAILED TO YIELD RIGHT OF WAY - TURNING LEFT,No Data,No Data,79423,79423,No,3FA6P0H76ER110779,19,1 - MALE,C - POSSIBLE INJURY,0,1,1 - FRONT LEFT OR MOTORCYCLE DRIVER
20736170,Yes,LUBBOCK POLICE DEPARTMENT,250010271,LUBBOCK,FAILED TO YIELD RIGHT OF WAY - TURNING LEFT,LUBBOCK,2025-04-03,C - POSSIBLE INJURY,0,NO DATA,77 - COVENANT CHILDRENS HOSPITAL,4.796,6,37 - FAILED TO YIELD RIGHT OF WAY - TURNING LEFT,No Data,No Data,79423,79423,No,3FA6P0H76ER110779,22,1 - MALE,N - NOT INJURED,0,2,3 - FRONT RIGHT
20736170,Yes,LUBBOCK POLICE DEPARTMENT,250010271,LUBBOCK,FAILED TO YIELD RIGHT OF WAY - TURNING LEFT,LUBBOCK,2025-04-03,C - POSSIBLE INJURY,0,NO DATA,77 - COVENANT CHILDRENS HOSPITAL,4.796,6,No Data,No Data,No Data,,,No,1FMZU67E02UC23257,40,1 - MALE,C - POSSIBLE INJURY,0,1,1 - FRONT LEFT OR MOTORCYCLE DRIVER
20736170,Yes,LUBBOCK POLICE DEPARTMENT,250010271,LUBBOCK,FAILED TO YIELD RIGHT OF WAY - TURNING LEFT,LUBBOCK,2025-04-03,C - POSSIBLE INJURY,0,NO DATA,77 - COVENANT CHILDRENS HOSPITAL,4.796,6,No Data,No Data,No Data,,,No,1FMZU67E02UC23257,34,2 - FEMALE,N - NOT INJURED,0,2,3 - FRONT RIGHT
20736170,Yes,LUBBOCK POLICE DEPARTMENT,250010271,LUBBOCK,FAILED TO YIELD RIGHT OF WAY - TURNING LEFT,LUBBOCK,2025-04-03,C - POSSIBLE INJURY,0,NO DATA,77 - COVENANT CHILDRENS HOSPITAL,4.796,6,No Data,No Data,No Data,79423,79423,No,5FNRL6H76KB062588,40,1 - MALE,N - NOT INJURED,0,1,1 - FRONT LEFT OR MOTORCYCLE DRIVER
20736170,Yes,LUBBOCK POLICE DEPARTMENT,250010271,LUBBOCK,FAILED TO YIELD RIGHT OF WAY - TURNING LEFT,LUBBOCK,2025-04-03,C - POSSIBLE INJURY,0,NO DATA,77 - COVENANT CHILDRENS HOSPITAL,4.796,6,No Data,No Data,No Data,79423,79423,No,5FNRL6H76KB062588,39,1 - MALE,N - NOT INJURED,0,2,3 - FRONT RIGHT
20736193,Yes,"DEPARTMENT OF PUBLIC SAFETY, STATE OF TEXAS",,OUTSIDE CITY LIMITS,OTHER (EXPLAIN IN NARRATIVE),WICHITA,2025-04-03,N - NOT INJURED,0,NO DATA,274 - UNITED REGIONAL HEALTH CARE SYSTEM,6.066,5A,98 - OTHER (EXPLAIN IN NARRATIVE),No Data,No Data,76367,76367,No,1GCGC23U04F125471,33,2 - FEMALE,N - NOT INJURED,0,1,1 - FRONT LEFT OR MOTORCYCLE DRIVER
20736193,Yes,"DEPARTMENT OF PUBLIC SAFETY, STATE OF TEXAS",,OUTSIDE CITY LIMITS,OTHER (EXPLAIN IN NARRATIVE),WICHITA,2025-04-03,N - NOT INJURED,0,NO DATA,274 - UNITED REGIONAL HEALTH CARE SYSTEM,6.066,5A,98 - OTHER (EXPLAIN IN NARRATIVE),No Data,No Data,76367,76367,No,1GCGC23U04F125471,3,1 - MALE,N - NOT INJURED,0,2,6 - SECOND SEAT RIGHT
20736196,Yes,"DEPARTMENT OF PUBLIC SAFETY, STATE OF TEXAS",TX 2025-517802,THE COLONY,UNSAFE SPEED,DENTON,2025-04-03,N - NOT INJURED,0,NO DATA,260 - TEXAS HEALTH PRESBYTERIAN HOSPITAL PLANO,3.048,1E,60 - UNSAFE SPEED,No Data,No Data,75071,75071,No,1C6RR7FT3KS638474,66,1 - MALE,N - NOT INJURED,0,1,1 - FRONT LEFT OR MOTORCYCLE DRIVER
20736197,Yes,MUSTANG RIDGE POLICE DEPARTMENT,250930107,MUSTANG RIDGE,DRIVER INATTENTION,TRAVIS,2025-04-03,N - NOT INJURED,0,NO DATA,243 - ST. DAVIDS SOUTH AUSTIN MEDICAL CENTER,10.324,,20 - DRIVER INATTENTION,No Data,No Data,78621,78621,No,KMHCM3AC2AU173763,24,2 - FEMALE,N - NOT INJURED,0,1,1 - FRONT LEFT OR MOTORCYCLE DRIVER
20736197,Yes,MUSTANG RIDGE POLICE DEPARTMENT,250930107,MUSTANG RIDGE,DRIVER INATTENTION,TRAVIS,2025-04-03,N - NOT INJURED,0,NO DATA,243 - ST. DAVIDS SOUTH AUSTIN MEDICAL CENTER,10.324,,20 - DRIVER INATTENTION,No Data,No Data,78621,78621,No,KMHCM3AC2AU173763,30,1 - MALE,N - NOT INJURED,0,2,3 - FRONT RIGHT
20736197,Yes,MUSTANG RIDGE POLICE DEPARTMENT,250930107,MUSTANG RIDGE,DRIVER INATTENTION,TRAVIS,2025-04-03,N - NOT INJURED,0,NO DATA,243 - ST. DAVIDS SOUTH AUSTIN MEDICAL CENTER,10.324,,No Data,No Data,No Data,78719,78719,No,5YFBU4EEXDP182617,51,2 - FEMALE,N - NOT INJURED,0,1,1 - FRONT LEFT OR MOTORCYCLE DRIVER
20736197,Yes,MUSTANG RIDGE POLICE DEPARTMENT,250930107,MUSTANG RIDGE,DRIVER INATTENTION,TRAVIS,2025-04-03,N - NOT INJURED,0,NO DATA,243 - ST. DAVIDS SOUTH AUSTIN MEDICAL CENTER,10.324,,No Data,No Data,No Data,78719,78719,No,5YFBU4EEXDP182617,29,2 - FEMALE,N - NOT INJURED,0,2,3 - FRONT RIGHT
20736206,Yes,ODESSA POLICE DEPARTMENT,25-0003530,ODESSA,DISREGARD STOP SIGN OR LIGHT,ECTOR,2025-04-03,N - NOT INJURED,0,NO DATA,204 - ODESSA REGIONAL MEDICAL CENTER,2.852,,16 - DISREGARD STOP SIGN OR LIGHT,No Data,No Data,,,Yes,No Data,No Data,99 - UNKNOWN,99 - UNKNOWN,0,1,1 - FRONT LEFT OR MOTORCYCLE DRIVER
20736206,Yes,ODESSA POLICE DEPARTMENT,25-0003530,ODESSA,DISREGARD STOP SIGN OR LIGHT,ECTOR,2025-04-03,N - NOT INJURED,0,NO DATA,204 - ODESSA REGIONAL MEDICAL CENTER,2.852,,No Data,No Data,No Data,79758,79761,No,1G1ZB5E04CF311450,51,1 - MALE,N - NOT INJURED,0,1,1 - FRONT LEFT OR MOTORCYCLE DRIVER
20736209,Yes,FORT WORTH POLICE DEPARTMENT,250023667,FORT WORTH,FAILED TO CONTROL SPEED,TARRANT,2025-04-03,N - NOT INJURED,0,NO DATA,78 - COOK CHILDRENS MEDICAL CENTER,3.076,NT,22 - FAILED TO CONTROL SPEED,No Data,No Data,76133,76133,No,2GCEC19T811351762,19,1 - MALE,N - NOT INJURED,0,1,1 - FRONT LEFT OR MOTORCYCLE DRIVER
20736209,Yes,FORT WORTH POLICE DEPARTMENT,250023667,FORT WORTH,FAILED TO CONTROL SPEED,TARRANT,2025-04-03,N - NOT INJURED,0,NO DATA,78 - COOK CHILDRENS MEDICAL CENTER,3.076,NT,No Data,No Data,No Data,,76111,No,JTEZU5JR5K5210102,37,2 - FEMALE,N - NOT INJURED,0,1,1 - FRONT LEFT OR MOTORCYCLE DRIVER
20736209,Yes,FORT WORTH POLICE DEPARTMENT,250023667,FORT WORTH,FAILED TO CONTROL SPEED,TARRANT,2025-04-03,N - NOT INJURED,0,NO DATA,78 - COOK CHILDRENS MEDICAL CENTER,3.076,NT,No Data,No Data,No Data,,76111,No,JTEZU5JR5K5210102,2,1 - MALE,N - NOT INJURED,0,2,6 - SECOND SEAT RIGHT
20736209,Yes,FORT WORTH POLICE DEPARTMENT,250023667,FORT WORTH,FAILED TO CONTROL SPEED,TARRANT,2025-04-03,N - NOT INJURED,0,NO DATA,78 - COOK CHILDRENS MEDICAL CENTER,3.076,NT,No Data,No Data,No Data,,76111,No,JTEZU5JR5K5210102,6,1 - MALE,N - NOT INJURED,0,3,4 - SECOND SEAT LEFT OR MOTORCYCLE BACK PASSENGER
20736210,Yes,DALLAS POLICE DEPARTMENT,46330-2025,DALLAS,FAILED TO YIELD RIGHT OF WAY - TO PEDESTRIAN,DALLAS,2025-04-03,B - SUSPECTED MINOR INJURY,0,NO DATA,86 - DALLAS MEDICAL CENTER,2.706,,36 - FAILED TO YIELD RIGHT OF WAY - TO PEDESTRIAN,No Data,No Data,76227,76205,No,1XPCD49X1PD865487,61,1 - MALE,N - NOT INJURED,0,1,1 - FRONT LEFT OR MOTORCYCLE DRIVER
20736210,Yes,DALLAS POLICE DEPARTMENT,46330-2025,DALLAS,FAILED TO YIELD RIGHT OF WAY - TO PEDESTRIAN,DALLAS,2025-04-03,B - SUSPECTED MINOR INJURY,0,NO DATA,86 - DALLAS MEDICAL CENTER,2.706,,No Data,No Data,No Data,No Data,No Data,No Data,No Data,54,2 - FEMALE,B - SUSPECTED MINOR INJURY,1,1,"16 - PEDESTRIAN, PEDALCYCLIST, OR MOTORIZED CONVEYANCE"
20736231,Yes,GARLAND POLICE DEPARTMENT,2025A000740,GARLAND,DRIVER INATTENTION,DALLAS,2025-04-03,99 - UNKNOWN,0,NO DATA,186 - METHODIST RICHARDSON MEDICAL CENTER,6.407,27,20 - DRIVER INATTENTION,No Data,No Data,,No Data,Yes,No Data,No Data,99 - UNKNOWN,99 - UNKNOWN,0,1,1 - FRONT LEFT OR MOTORCYCLE DRIVER
20736236,Yes,TRAVIS COUNTY SHERIFF'S OFFICE,,OUTSIDE CITY LIMITS,OTHER (EXPLAIN IN NARRATIVE),TRAVIS,2025-04-03,B - SUSPECTED MINOR INJURY,0,NO DATA,4 - ASCENSION SETON HAYS,8.856,40,98 - OTHER (EXPLAIN IN NARRATIVE),No Data,No Data,78610,78610,No,JH2RC50364K010412,23,1 - MALE,B - SUSPECTED MINOR INJURY,1,1,1 - FRONT LEFT OR MOTORCYCLE DRIVER
20736241,Yes,DALLAS POLICE DEPARTMENT,46338-2025,DALLAS,DISREGARD STOP AND GO SIGNAL,DALLAS,2025-04-03,C - POSSIBLE INJURY,0,NO DATA,297 - WILLIAM P. CLEMENTS UNIVERSITY HOSPITAL,2.87,,15 - DISREGARD STOP AND GO SIGNAL,No Data,No Data,75287,75287,No,5TDZARFH7KS059519,31,1 - MALE,N - NOT INJURED,0,1,1 - FRONT LEFT OR MOTORCYCLE DRIVER
20736241,Yes,DALLAS POLICE DEPARTMENT,46338-2025,DALLAS,DISREGARD STOP AND GO SIGNAL,DALLAS,2025-04-03,C - POSSIBLE INJURY,0,NO DATA,297 - WILLIAM P. CLEMENTS UNIVERSITY HOSPITAL,2.87,,No Data,No Data,No Data,75220,75220,No,1FTRX12W78FB38203,50,1 - MALE,C - POSSIBLE INJURY,0,1,1 - FRONT LEFT OR MOTORCYCLE DRIVER
20736256,Yes,BEAUMONT POLICE DEPARTMENT,2025006184,BEAUMONT,FAILED TO CONTROL SPEED,JEFFERSON,2025-04-03,N - NOT INJURED,0,NO DATA,9 - BAPTIST HOSPITALS OF SOUTHEAST TEXAS,1.744,,22 - FAILED TO CONTROL SPEED,No Data,No Data,77662,77662,No,KNDJT2A24A7037374,53,1 - MALE,N - NOT INJURED,0,1,1 - FRONT LEFT OR MOTORCYCLE DRIVER
20736256,Yes,BEAUMONT POLICE DEPARTMENT,2025006184,BEAUMONT,FAILED TO CONTROL SPEED,JEFFERSON,2025-04-03,N - NOT INJURED,0,NO DATA,9 - BAPTIST HOSPITALS OF SOUTHEAST TEXAS,1.744,,No Data,No Data,No Data,77632,77632,No,1GKS1BKD8MR212555,63,2 - FEMALE,N - NOT INJURED,0,1,1 - FRONT LEFT OR MOTORCYCLE DRIVER
20736260,Yes,BEAUMONT POLICE DEPARTMENT,2025006175,BEAUMONT,FAILED TO CONTROL SPEED,JEFFERSON,2025-04-03,N - NOT INJURED,0,NO DATA,9 - BAPTIST HOSPITALS OF SOUTHEAST TEXAS,0.84,,22 - FAILED TO CONTROL SPEED,No Data,No Data,77619,77619,No,1G1ZD5ST0LF122349,33,1 - MALE,N - NOT INJURED,0,1,1 - FRONT LEFT OR MOTORCYCLE DRIVER
20736260,Yes,BEAUMONT POLICE DEPARTMENT,2025006175,BEAUMONT,FAILED TO CONTROL SPEED,JEFFERSON,2025-04-03,N - NOT INJURED,0,NO DATA,9 - BAPTIST HOSPITALS OF SOUTHEAST TEXAS,0.84,,No Data,No Data,No Data,77656,77656,No,5GAKRAED2BJ269468,45,2 - FEMALE,N - NOT INJURED,0,1,1 - FRONT LEFT OR MOTORCYCLE DRIVER
20736281,Yes,GALVESTON POLICE DEPARTMENT,25-001729,GALVESTON,FAILED TO HEED WARNING SIGN,GALVESTON,2025-04-03,N - NOT INJURED,0,NO DATA,278 - UNIVERSITY OF TEXAS MEDICAL BRANCH,4.513,,25 - FAILED TO HEED WARNING SIGN OR TRAFFIC CONTROL DEVICE,No Data,No Data,77550,77550,No,1FM5K7B83JGB07558,29,2 - FEMALE,N - NOT INJURED,0,1,1 - FRONT LEFT OR MOTORCYCLE DRIVER
20736281,Yes,GALVESTON POLICE DEPARTMENT,25-001729,GALVESTON,FAILED TO HEED WARNING SIGN,GALVESTON,2025-04-03,N - NOT INJURED,0,NO DATA,278 - UNIVERSITY OF TEXAS MEDICAL BRANCH,4.513,,25 - FAILED TO HEED WARNING SIGN OR TRAFFIC CONTROL DEVICE,No Data,No Data,77550,77550,No,1FM5K7B83JGB07558,3,2 - FEMALE,N - NOT INJURED,0,2,5 - SECOND SEAT CENTER
20736281,Yes,GALVESTON POLICE DEPARTMENT,25-001729,GALVESTON,FAILED TO HEED WARNING SIGN,GALVESTON,2025-04-03,N - NOT INJURED,0,NO DATA,278 - UNIVERSITY OF TEXAS MEDICAL BRANCH,4.513,,25 - FAILED TO HEED WARNING SIGN OR TRAFFIC CONTROL DEVICE,No Data,No Data,77550,77550,No,1FM5K7B83JGB07558,4,2 - FEMALE,N - NOT INJURED,0,3,6 - SECOND SEAT RIGHT
20736281,Yes,GALVESTON POLICE DEPARTMENT,25-001729,GALVESTON,FAILED TO HEED WARNING SIGN,GALVESTON,2025-04-03,N - NOT INJURED,0,NO DATA,278 - UNIVERSITY OF TEXAS MEDICAL BRANCH,4.513,,No Data,No Data,No Data,77554,77550,No,1FTFW1P85RKE82251,26,2 - FEMALE,N - NOT INJURED,0,1,1 - FRONT LEFT OR MOTORCYCLE DRIVER
20736329,Yes,TRAVIS COUNTY SHERIFF'S OFFICE,250930129,OUTSIDE CITY LIMITS,FAILED TO YIELD RIGHT OF WAY - STOP SIGN;SPEEDING - (OVERLIMIT),TRAVIS,2025-04-03,B - SUSPECTED MINOR INJURY,0,NO DATA,13 - ASCENSION SETON WILLIAMSON,8.412,10,35 - FAILED TO YIELD RIGHT OF WAY - STOP SIGN,No Data,No Data,78634,78634,No,3GCPWCED4MG381394,59,1 - MALE,N - NOT INJURED,0,1,1 - FRONT LEFT OR MOTORCYCLE DRIVER
20736329,Yes,TRAVIS COUNTY SHERIFF'S OFFICE,250930129,OUTSIDE CITY LIMITS,FAILED TO YIELD RIGHT OF WAY - STOP SIGN;SPEEDING - (OVERLIMIT),TRAVIS,2025-04-03,B - SUSPECTED MINOR INJURY,0,NO DATA,13 - ASCENSION SETON WILLIAMSON,8.412,10,No Data,No Data,No Data,78660,78660,No,WMWZC5C54BWL53955,17,1 - MALE,B - SUSPECTED MINOR INJURY,1,1,1 - FRONT LEFT OR MOTORCYCLE DRIVER
20736329,Yes,TRAVIS COUNTY SHERIFF'S OFFICE,250930129,OUTSIDE CITY LIMITS,FAILED TO YIELD RIGHT OF WAY - STOP SIGN;SPEEDING - (OVERLIMIT),TRAVIS,2025-04-03,B - SUSPECTED MINOR INJURY,0,NO DATA,13 - ASCENSION SETON WILLIAMSON,8.412,10,No Data,No Data,No Data,78660,78660,No,5TDLZRAH8NS098047,37,2 - FEMALE,N - NOT INJURED,0,1,1 - FRONT LEFT OR MOTORCYCLE DRIVER
20736329,Yes,TRAVIS COUNTY SHERIFF'S OFFICE,250930129,OUTSIDE CITY LIMITS,FAILED TO YIELD RIGHT OF WAY - STOP SIGN;SPEEDING - (OVERLIMIT),TRAVIS,2025-04-03,B - SUSPECTED MINOR INJURY,0,NO DATA,13 - ASCENSION SETON WILLIAMSON,8.412,10,No Data,No Data,No Data,78660,78660,No,5TDLZRAH8NS098047,6,1 - MALE,N - NOT INJURED,0,2,4 - SECOND SEAT LEFT OR MOTORCYCLE BACK PASSENGER
20736329,Yes,TRAVIS COUNTY SHERIFF'S OFFICE,250930129,OUTSIDE CITY LIMITS,FAILED TO YIELD RIGHT OF WAY - STOP SIGN;SPEEDING - (OVERLIMIT),TRAVIS,2025-04-03,B - SUSPECTED MINOR INJURY,0,NO DATA,13 - ASCENSION SETON WILLIAMSON,8.412,10,No Data,No Data,No Data,78660,78660,No,5TDLZRAH8NS098047,4,2 - FEMALE,N - NOT INJURED,0,3,6 - SECOND SEAT RIGHT
20736335,Yes,AMARILLO POLICE DEPARTMENT,25-039100,AMARILLO,FAULTY EVASIVE ACTION,POTTER,2025-04-03,N - NOT INJURED,0,NO DATA,31 - BSA HOSPITAL,5.835,,41 - FAULTY EVASIVE ACTION,No Data,No Data,,,No,2C3KA53G46H205633,22,2 - FEMALE,N - NOT INJURED,0,1,1 - FRONT LEFT OR MOTORCYCLE DRIVER
20736338,Yes,"DEPARTMENT OF PUBLIC SAFETY, STATE OF TEXAS",,OUTSIDE CITY LIMITS,ANIMAL ON ROAD - DOMESTIC;FAULTY EVASIVE ACTION,SHELBY,2025-04-03,C - POSSIBLE INJURY,0,NO DATA,284 - UT HEALTH EAST TEXAS CARTHAGE HOSPITAL,21.74,2B,1 - ANIMAL ON ROAD - DOMESTIC,41 - FAULTY EVASIVE ACTION,No Data,75935,75935,No,2B7KB31Z0VK595195,18,1 - MALE,C - POSSIBLE INJURY,0,1,1 - FRONT LEFT OR MOTORCYCLE DRIVER
20736343,Yes,AMARILLO POLICE DEPARTMENT,25-039157,AMARILLO,FAILED TO YIELD RIGHT OF WAY - TURNING LEFT,RANDALL,2025-04-03,B - SUSPECTED MINOR INJURY,0,NO DATA,31 - BSA HOSPITAL,3.636,,37 - FAILED TO YIELD RIGHT OF WAY - TURNING LEFT,No Data,No Data,79109,79109,No,LRBAZLR44ND158342,68,2 - FEMALE,N - NOT INJURED,0,1,1 - FRONT LEFT OR MOTORCYCLE DRIVER
20736343,Yes,AMARILLO POLICE DEPARTMENT,25-039157,AMARILLO,FAILED TO YIELD RIGHT OF WAY - TURNING LEFT,RANDALL,2025-04-03,B - SUSPECTED MINOR INJURY,0,NO DATA,31 - BSA HOSPITAL,3.636,,No Data,No Data,No Data,79109,79109,No,1FM5K7F84JGC85327,61,2 - FEMALE,B - SUSPECTED MINOR INJURY,1,1,1 - FRONT LEFT OR MOTORCYCLE DRIVER
20736350,Yes,AMARILLO POLICE DEPARTMENT,25-039170,AMARILLO,FAILED TO YIELD RIGHT OF WAY - STOP SIGN,POTTER,2025-04-03,N - NOT INJURED,0,NO DATA,200 - NORTHWEST TEXAS HOSPITAL,5.992,,35 - FAILED TO YIELD RIGHT OF WAY - STOP SIGN,No Data,No Data,79107,79107,No,JTEEP21A250104724,18,2 - FEMALE,N - NOT INJURED,0,1,1 - FRONT LEFT OR MOTORCYCLE DRIVER
20736350,Yes,AMARILLO POLICE DEPARTMENT,25-039170,AMARILLO,FAILED TO YIELD RIGHT OF WAY - STOP SIGN,POTTER,2025-04-03,N - NOT INJURED,0,NO DATA,200 - NORTHWEST TEXAS HOSPITAL,5.992,,35 - FAILED TO YIELD RIGHT OF WAY - STOP SIGN,No Data,No Data,79107,79107,No,JTEEP21A250104724,17,2 - FEMALE,N - NOT INJURED,0,2,3 - FRONT RIGHT
20736350,Yes,AMARILLO POLICE DEPARTMENT,25-039170,AMARILLO,FAILED TO YIELD RIGHT OF WAY - STOP SIGN,POTTER,2025-04-03,N - NOT INJURED,0,NO DATA,200 - NORTHWEST TEXAS HOSPITAL,5.992,,No Data,No Data,No Data,79107,79119,No,1GKS1MEFXDR167238,20,2 - FEMALE,N - NOT INJURED,0,1,1 - FRONT LEFT OR MOTORCYCLE DRIVER
20736353,Yes,CORINTH POLICE DEPARTMENT,250123511,CORINTH (DENTON),CHANGED LANE WHEN UNSAFE; FAULTY EVASIVE ACTION,DENTON,2025-04-03,N - NOT INJURED,0,NO DATA,152 - MEDICAL CITY DENTON,1.687,,4 - CHANGED LANE WHEN UNSAFE,41 - FAULTY EVASIVE ACTION,No Data,75077,75077,No,JTHBE1D27F5017920,32,1 - MALE,N - NOT INJURED,0,1,1 - FRONT LEFT OR MOTORCYCLE DRIVER
20736353,Yes,CORINTH POLICE DEPARTMENT,250123511,CORINTH (DENTON),CHANGED LANE WHEN UNSAFE; FAULTY EVASIVE ACTION,DENTON,2025-04-03,N - NOT INJURED,0,NO DATA,152 - MEDICAL CITY DENTON,1.687,,No Data,No Data,No Data,76210,76210,No,1FMSK7DH0MGA52023,43,2 - FEMALE,N - NOT INJURED,0,1,1 - FRONT LEFT OR MOTORCYCLE DRIVER
20736358,Yes,MARSHALL POLICE DEPARTMENT,2500-7811,MARSHALL,FAILED TO YIELD RIGHT OF WAY - TURNING LEFT,HARRISON,2025-04-03,N - NOT INJURED,0,NO DATA,50 - CHRISTUS GOOD SHEPHERD MEDICAL CENTER - MARSHALL,1.715,,37 - FAILED TO YIELD RIGHT OF WAY - TURNING LEFT,No Data,No Data,75672,75670,No,4M2CN8HG0AKJ23201,70,2 - FEMALE,N - NOT INJURED,0,1,1 - FRONT LEFT OR MOTORCYCLE DRIVER
20736358,Yes,MARSHALL POLICE DEPARTMENT,2500-7811,MARSHALL,FAILED TO YIELD RIGHT OF WAY - TURNING LEFT,HARRISON,2025-04-03,N - NOT INJURED,0,NO DATA,50 - CHRISTUS GOOD SHEPHERD MEDICAL CENTER - MARSHALL,1.715,,37 - FAILED TO YIELD RIGHT OF WAY - TURNING LEFT,No Data,No Data,75672,75670,No,4M2CN8HG0AKJ23201,37,2 - FEMALE,N - NOT INJURED,0,2,3 - FRONT RIGHT
20736358,Yes,MARSHALL POLICE DEPARTMENT,2500-7811,MARSHALL,FAILED TO YIELD RIGHT OF WAY - TURNING LEFT,HARRISON,2025-04-03,N - NOT INJURED,0,NO DATA,50 - CHRISTUS GOOD SHEPHERD MEDICAL CENTER - MARSHALL,1.715,,No Data,No Data,No Data,75672,75672,No,1C6RR6FP4DS603037,60,1 - MALE,N - NOT INJURED,0,1,1 - FRONT LEFT OR MOTORCYCLE DRIVER
20736358,Yes,MARSHALL POLICE DEPARTMENT,2500-7811,MARSHALL,FAILED TO YIELD RIGHT OF WAY - TURNING LEFT,HARRISON,2025-04-03,N - NOT INJURED,0,NO DATA,50 - CHRISTUS GOOD SHEPHERD MEDICAL CENTER - MARSHALL,1.715,,No Data,No Data,No Data,75672,75672,No,1C6RR6FP4DS603037,23,1 - MALE,N - NOT INJURED,0,2,3 - FRONT RIGHT
20736396,Yes,DALLAS POLICE DEPARTMENT,46374-2025,DALLAS,FAILED TO YIELD RIGHT OF WAY - TURNING LEFT,DALLAS,2025-04-03,N - NOT INJURED,0,NO DATA,297 - WILLIAM P. CLEMENTS UNIVERSITY HOSPITAL,2.927,,37 - FAILED TO YIELD RIGHT OF WAY - TURNING LEFT,No Data,No Data,75225,75225,No,5UX33EM07P9N46259,27,2 - FEMALE,N - NOT INJURED,0,1,1 - FRONT LEFT OR MOTORCYCLE DRIVER
20736396,Yes,DALLAS POLICE DEPARTMENT,46374-2025,DALLAS,FAILED TO YIELD RIGHT OF WAY - TURNING LEFT,DALLAS,2025-04-03,N - NOT INJURED,0,NO DATA,297 - WILLIAM P. CLEMENTS UNIVERSITY HOSPITAL,2.927,,No Data,No Data,No Data,75205,75205,No,3VV3B7AXXJM026844,38,1 - MALE,N - NOT INJURED,0,1,1 - FRONT LEFT OR MOTORCYCLE DRIVER
20736397,Yes,HEREFORD POLICE DEPARTMENT,25-00000301,HEREFORD,CHANGED LANE WHEN UNSAFE,DEAF SMITH,2025-04-03,N - NOT INJURED,0,NO DATA,129 - HEREFORD REGIONAL MEDICAL CENTER,0.798,,4 - CHANGED LANE WHEN UNSAFE,No Data,No Data,,No Data,Yes,No Data,No Data,99 - UNKNOWN,99 - UNKNOWN,0,1,1 - FRONT LEFT OR MOTORCYCLE DRIVER
20736397,Yes,HEREFORD POLICE DEPARTMENT,25-00000301,HEREFORD,CHANGED LANE WHEN UNSAFE,DEAF SMITH,2025-04-03,N - NOT INJURED,0,NO DATA,129 - HEREFORD REGIONAL MEDICAL CENTER,0.798,,No Data,No Data,No Data,79045,79045,No,5GAKRBKD4FJ333624,31,1 - MALE,N - NOT INJURED,0,1,1 - FRONT LEFT OR MOTORCYCLE DRIVER
20736397,Yes,HEREFORD POLICE DEPARTMENT,25-00000301,HEREFORD,CHANGED LANE WHEN UNSAFE,DEAF SMITH,2025-04-03,N - NOT INJURED,0,NO DATA,129 - HEREFORD REGIONAL MEDICAL CENTER,0.798,,No Data,No Data,No Data,79045,79045,No,5GAKRBKD4FJ333624,1,1 - MALE,N - NOT INJURED,0,2,4 - SECOND SEAT LEFT OR MOTORCYCLE BACK PASSENGER
20736406,Yes,HARRIS COUNTY CONSTABLE PRECINCT 4,2504-00318,OUTSIDE CITY LIMITS,FAILED TO YIELD RIGHT OF WAY - TURNING LEFT,HARRIS,2025-04-03,C - POSSIBLE INJURY,0,NO DATA,120 - HCA HOUSTON HEALTHCARE NORTHWEST,2.982,,37 - FAILED TO YIELD RIGHT OF WAY - TURNING LEFT,No Data,No Data,77327,77327,No,1HGCY1F36PA013886,20,1 - MALE,C - POSSIBLE INJURY,0,1,1 - FRONT LEFT OR MOTORCYCLE DRIVER
20736406,Yes,HARRIS COUNTY CONSTABLE PRECINCT 4,2504-00318,OUTSIDE CITY LIMITS,FAILED TO YIELD RIGHT OF WAY - TURNING LEFT,HARRIS,2025-04-03,C - POSSIBLE INJURY,0,NO DATA,120 - HCA HOUSTON HEALTHCARE NORTHWEST,2.982,,No Data,No Data,No Data,77073,77073,No,2LMDJ6JK1DBL46497,48,1 - MALE,N - NOT INJURED,0,1,1 - FRONT LEFT OR MOTORCYCLE DRIVER
20736406,Yes,HARRIS COUNTY CONSTABLE PRECINCT 4,2504-00318,OUTSIDE CITY LIMITS,FAILED TO YIELD RIGHT OF WAY - TURNING LEFT,HARRIS,2025-04-03,C - POSSIBLE INJURY,0,NO DATA,120 - HCA HOUSTON HEALTHCARE NORTHWEST,2.982,,No Data,No Data,No Data,77073,77073,No,2LMDJ6JK1DBL46497,14,1 - MALE,C - POSSIBLE INJURY,0,2,3 - FRONT RIGHT
20736413,Yes,"DEPARTMENT OF PUBLIC SAFETY, STATE OF TEXAS",TX 25-518283,ALVORD,UNSAFE SPEED,WISE,2025-04-03,B - SUSPECTED MINOR INJURY,0,NO DATA,299 - WISE HEALTH SYSTEM,11.908,1C,60 - UNSAFE SPEED,No Data,No Data,73501,73501,No,5XYRL4LC4NG093070,27,1 - MALE,B - SUSPECTED MINOR INJURY,1,1,1 - FRONT LEFT OR MOTORCYCLE DRIVER
20736419,Yes,"DEPARTMENT OF PUBLIC SAFETY, STATE OF TEXAS",TX 2025-518552,OUTSIDE CITY LIMITS,DRIVER INATTENTION; FAILED TO PASS TO RIGHT SAFELY,WALKER,2025-04-03,N - NOT INJURED,0,NO DATA,132 - HUNTSVILLE MEMORIAL HOSPITAL,7.573,2C,27 - FAILED TO PASS TO RIGHT SAFELY,20 - DRIVER INATTENTION,No Data,77320,77320,No,1FTFW1E52NKD49997,43,1 - MALE,N - NOT INJURED,0,1,1 - FRONT LEFT OR MOTORCYCLE DRIVER
20736419,Yes,"DEPARTMENT OF PUBLIC SAFETY, STATE OF TEXAS",TX 2025-518552,OUTSIDE CITY LIMITS,DRIVER INATTENTION; FAILED TO PASS TO RIGHT SAFELY,WALKER,2025-04-03,N - NOT INJURED,0,NO DATA,132 - HUNTSVILLE MEMORIAL HOSPITAL,7.573,2C,No Data,No Data,No Data,77320,77320,No,3TMCZ5AN3KM232747,31,1 - MALE,N - NOT INJURED,0,1,1 - FRONT LEFT OR MOTORCYCLE DRIVER
20736419,Yes,"DEPARTMENT OF PUBLIC SAFETY, STATE OF TEXAS",TX 2025-518552,OUTSIDE CITY LIMITS,DRIVER INATTENTION; FAILED TO PASS TO RIGHT SAFELY,WALKER,2025-04-03,N - NOT INJURED,0,NO DATA,132 - HUNTSVILLE MEMORIAL HOSPITAL,7.573,2C,No Data,No Data,No Data,77320,77320,No,3TMCZ5AN3KM232747,64,1 - MALE,N - NOT INJURED,0,2,3 - FRONT RIGHT
20736420,Yes,"DEPARTMENT OF PUBLIC SAFETY, STATE OF TEXAS",TX 25-518725,OUTSIDE CITY LIMITS,UNSAFE SPEED,GRAYSON,2025-04-03,N - NOT INJURED,0,NO DATA,265 - TEXOMA MEDICAL CENTER,5.159,1A,60 - UNSAFE SPEED,No Data,No Data,88030,88030,No,1D7HA16D35J596681,19,1 - MALE,N - NOT INJURED,0,1,1 - FRONT LEFT OR MOTORCYCLE DRIVER
20736444,Yes,TRAVIS COUNTY SHERIFF'S OFFICE,250930114,OUTSIDE CITY LIMITS,FAILED TO CONTROL SPEED,TRAVIS,2025-04-03,N - NOT INJURED,0,NO DATA,243 - ST. DAVIDS SOUTH AUSTIN MEDICAL CENTER,8.085,40,22 - FAILED TO CONTROL SPEED,No Data,No Data,78754,78754,No,JTHBK262472036438,32,1 - MALE,N - NOT INJURED,0,1,1 - FRONT LEFT OR MOTORCYCLE DRIVER
20736444,Yes,TRAVIS COUNTY SHERIFF'S OFFICE,250930114,OUTSIDE CITY LIMITS,FAILED TO CONTROL SPEED,TRAVIS,2025-04-03,N - NOT INJURED,0,NO DATA,243 - ST. DAVIDS SOUTH AUSTIN MEDICAL CENTER,8.085,40,No Data,No Data,No Data,78723,78645,No,WBABR3344YEK96246,60,1 - MALE,N - NOT INJURED,0,1,1 - FRONT LEFT OR MOTORCYCLE DRIVER
20736488,Yes,GRANBURY POLICE DEPARTMENT,G25006927,GRANBURY,FAILED TO YIELD RIGHT OF WAY - PRIVATE DRIVE,HOOD,2025-04-03,B - SUSPECTED MINOR INJURY,0,NO DATA,138 - LAKE GRANBURY MEDICAL CENTER,0.606,,34 - FAILED TO YIELD RIGHT OF WAY - PRIVATE DRIVE,No Data,No Data,76087,76087,No,4T1BF3EK2BU166627,17,2 - FEMALE,C - POSSIBLE INJURY,0,1,1 - FRONT LEFT OR MOTORCYCLE DRIVER
20736488,Yes,GRANBURY POLICE DEPARTMENT,G25006927,GRANBURY,FAILED TO YIELD RIGHT OF WAY - PRIVATE DRIVE,HOOD,2025-04-03,B - SUSPECTED MINOR INJURY,0,NO DATA,138 - LAKE GRANBURY MEDICAL CENTER,0.606,,No Data,No Data,No Data,76476,95376,No,1C3CCBBG6CN224184,21,2 - FEMALE,B - SUSPECTED MINOR INJURY,1,1,1 - FRONT LEFT OR MOTORCYCLE DRIVER
20736488,Yes,GRANBURY POLICE DEPARTMENT,G25006927,GRANBURY,FAILED TO YIELD RIGHT OF WAY - PRIVATE DRIVE,HOOD,2025-04-03,B - SUSPECTED MINOR INJURY,0,NO DATA,138 - LAKE GRANBURY MEDICAL CENTER,0.606,,No Data,No Data,No Data,76476,95376,No,1C3CCBBG6CN224184,0,1 - MALE,N - NOT INJURED,0,2,6 - SECOND SEAT RIGHT
20736489,Yes,METRO TRANSIT POLICE DEPARTMENT,2500029273,OUTSIDE CITY LIMITS,FAILED TO CONTROL SPEED,HARRIS,2025-04-03,N - NOT INJURED,0,NO DATA,120 - HCA HOUSTON HEALTHCARE NORTHWEST,0.71,02,22 - FAILED TO CONTROL SPEED,No Data,No Data,77090,77338,No,KNDPC3A62E7663658,27,1 - MALE,N - NOT INJURED,0,1,1 - FRONT LEFT OR MOTORCYCLE DRIVER
20736489,Yes,METRO TRANSIT POLICE DEPARTMENT,2500029273,OUTSIDE CITY LIMITS,FAILED TO CONTROL SPEED,HARRIS,2025-04-03,N - NOT INJURED,0,NO DATA,120 - HCA HOUSTON HEALTHCARE NORTHWEST,0.71,02,No Data,No Data,No Data,77014,77002,No,5FYC8FB18SC110908,38,1 - MALE,N - NOT INJURED,0,1,1 - FRONT LEFT OR MOTORCYCLE DRIVER
20736490,Yes,KATY POLICE DEPARTMENT,202510659,KATY,DRIVER INATTENTION,FORT BEND,2025-04-03,N - NOT INJURED,0,NO DATA,164 - MEMORIAL HERMANN KATY HOSPITAL,5.199,,20 - DRIVER INATTENTION,No Data,No Data,77494,77494,No,KMHLM4DJ8SU143460,23,2 - FEMALE,N - NOT INJURED,0,1,1 - FRONT LEFT OR MOTORCYCLE DRIVER
20736490,Yes,KATY POLICE DEPARTMENT,202510659,KATY,DRIVER INATTENTION,FORT BEND,2025-04-03,N - NOT INJURED,0,NO DATA,164 - MEMORIAL HERMANN KATY HOSPITAL,5.199,,20 - DRIVER INATTENTION,No Data,No Data,77494,77494,No,KMHLM4DJ8SU143460,23,2 - FEMALE,N - NOT INJURED,0,2,3 - FRONT RIGHT
20736516,Yes,AUSTIN POLICE DEPARTMENT,250930278,AUSTIN,DRIVER INATTENTION,TRAVIS,2025-04-03,N - NOT INJURED,0,NO DATA,236 - ST. DAVIDS MEDICAL CENTER,1.47,AR,20 - DRIVER INATTENTION,No Data,No Data,78758,78758,No,4T3RWRFV3MU021956,32,2 - FEMALE,N - NOT INJURED,0,1,1 - FRONT LEFT OR MOTORCYCLE DRIVER
20736516,Yes,AUSTIN POLICE DEPARTMENT,250930278,AUSTIN,DRIVER INATTENTION,TRAVIS,2025-04-03,N - NOT INJURED,0,NO DATA,236 - ST. DAVIDS MEDICAL CENTER,1.47,AR,No Data,No Data,No Data,78723,78723,No,4T1C11AK7RU196178,46,1 - MALE,N - NOT INJURED,0,1,1 - FRONT LEFT OR MOTORCYCLE DRIVER
20736516,Yes,AUSTIN POLICE DEPARTMENT,250930278,AUSTIN,DRIVER INATTENTION,TRAVIS,2025-04-03,N - NOT INJURED,0,NO DATA,236 - ST. DAVIDS MEDICAL CENTER,1.47,AR,No Data,No Data,No Data,78744,78744,No,JHMGE8H3XCC006676,28,2 - FEMALE,N - NOT INJURED,0,1,1 - FRONT LEFT OR MOTORCYCLE DRIVER
20736517,Yes,AUSTIN POLICE DEPARTMENT,250930284,AUSTIN,UNDER INFLUENCE - ALCOHOL,TRAVIS,2025-04-03,N - NOT INJURED,0,NO DATA,87 - DELL CHILDRENS MEDICAL CENTER,4.832,AR,67 - INTOXICATED - ALCOHOL,No Data,No Data,78722,78722,No,3FA6P0HD9HR292522,30,1 - MALE,N - NOT INJURED,0,1,1 - FRONT LEFT OR MOTORCYCLE DRIVER
20736518,Yes,AUSTIN POLICE DEPARTMENT,250930428,AUSTIN,DISREGARD STOP AND GO SIGNAL; DRIVER INATTENTION,TRAVIS,2025-04-03,N - NOT INJURED,0,NO DATA,243 - ST. DAVIDS SOUTH AUSTIN MEDICAL CENTER,3.067,VI,15 - DISREGARD STOP AND GO SIGNAL,20 - DRIVER INATTENTION,No Data,76244,76244,No,JTHSE5BC8F5000367,24,1 - MALE,N - NOT INJURED,0,1,1 - FRONT LEFT OR MOTORCYCLE DRIVER
20736518,Yes,AUSTIN POLICE DEPARTMENT,250930428,AUSTIN,DISREGARD STOP AND GO SIGNAL; DRIVER INATTENTION,TRAVIS,2025-04-03,N - NOT INJURED,0,NO DATA,243 - ST. DAVIDS SOUTH AUSTIN MEDICAL CENTER,3.067,VI,No Data,No Data,No Data,78739,78739,No,3TMDZ5BN8GM004995,55,1 - MALE,N - NOT INJURED,0,1,1 - FRONT LEFT OR MOTORCYCLE DRIVER
20736518,Yes,AUSTIN POLICE DEPARTMENT,250930428,AUSTIN,DISREGARD STOP AND GO SIGNAL; DRIVER INATTENTION,TRAVIS,2025-04-03,N - NOT INJURED,0,NO DATA,243 - ST. DAVIDS SOUTH AUSTIN MEDICAL CENTER,3.067,VI,No Data,No Data,No Data,78739,78739,No,3TMDZ5BN8GM004995,54,2 - FEMALE,N - NOT INJURED,0,2,3 - FRONT RIGHT
20736519,Yes,AUSTIN POLICE DEPARTMENT,250930393,AUSTIN,DRIVER INATTENTION,TRAVIS,2025-04-03,C - POSSIBLE INJURY,0,NO DATA,6 - ASCENSION SETON NORTHWEST,1.582,AM,No Data,No Data,No Data,78752,78752,No,3TYAZ5CN2PT033544,19,1 - MALE,N - NOT INJURED,0,1,1 - FRONT LEFT OR MOTORCYCLE DRIVER
20736519,Yes,AUSTIN POLICE DEPARTMENT,250930393,AUSTIN,DRIVER INATTENTION,TRAVIS,2025-04-03,C - POSSIBLE INJURY,0,NO DATA,6 - ASCENSION SETON NORTHWEST,1.582,AM,No Data,No Data,No Data,75150,75150,No,5XXG64J20NG119032,27,2 - FEMALE,C - POSSIBLE INJURY,0,1,1 - FRONT LEFT OR MOTORCYCLE DRIVER
20736523,Yes,CORPUS CHRISTI POLICE DEPARTMENT,C2501913,CORPUS CHRISTI,LOAD NOT SECURED,NUECES,2025-04-03,C - POSSIBLE INJURY,0,NO DATA,81 - CORPUS CHRISTI MEDICAL CENTER - BAY AREA,1.131,,50 - LOAD NOT SECURED,No Data,No Data,,No Data,Yes,No Data,No Data,99 - UNKNOWN,99 - UNKNOWN,0,1,1 - FRONT LEFT OR MOTORCYCLE DRIVER
20736523,Yes,CORPUS CHRISTI POLICE DEPARTMENT,C2501913,CORPUS CHRISTI,LOAD NOT SECURED,NUECES,2025-04-03,C - POSSIBLE INJURY,0,NO DATA,81 - CORPUS CHRISTI MEDICAL CENTER - BAY AREA,1.131,,No Data,No Data,No Data,78415,78409,No,1FTNF1CF0CKD65765,46,1 - MALE,C - POSSIBLE INJURY,0,1,1 - FRONT LEFT OR MOTORCYCLE DRIVER
20736523,Yes,CORPUS CHRISTI POLICE DEPARTMENT,C2501913,CORPUS CHRISTI,LOAD NOT SECURED,NUECES,2025-04-03,C - POSSIBLE INJURY,0,NO DATA,81 - CORPUS CHRISTI MEDICAL CENTER - BAY AREA,1.131,,No Data,No Data,No Data,78416,78416,No,1ZVBP8AM0E5316414,26,1 - MALE,N - NOT INJURED,0,1,1 - FRONT LEFT OR MOTORCYCLE DRIVER
20736531,Yes,AZLE POLICE DEPARTMENT,25AP005777,OUTSIDE CITY LIMITS,PASSED IN NO PASSING LANE,PARKER,2025-04-03,N - NOT INJURED,0,NO DATA,250 - TEXAS HEALTH HARRIS METHODIST HOSPITAL AZLE,2.298,,57 - PASSED IN NO PASSING LANE,No Data,No Data,27601,76020,Yes,5TFTU4GN4FX086214,28,1 - MALE,99 - UNKNOWN,0,1,1 - FRONT LEFT OR MOTORCYCLE DRIVER
20736531,Yes,AZLE POLICE DEPARTMENT,25AP005777,OUTSIDE CITY LIMITS,PASSED IN NO PASSING LANE,PARKER,2025-04-03,N - NOT INJURED,0,NO DATA,250 - TEXAS HEALTH HARRIS METHODIST HOSPITAL AZLE,2.298,,No Data,No Data,No Data,76020,76020,No,JN8AY2NE2J9735268,44,1 - MALE,N - NOT INJURED,0,1,1 - FRONT LEFT OR MOTORCYCLE DRIVER
20736531,Yes,AZLE POLICE DEPARTMENT,25AP005777,OUTSIDE CITY LIMITS,PASSED IN NO PASSING LANE,PARKER,2025-04-03,N - NOT INJURED,0,NO DATA,250 - TEXAS HEALTH HARRIS METHODIST HOSPITAL AZLE,2.298,,No Data,No Data,No Data,76020,76020,No,JN8AY2NE2J9735268,40,2 - FEMALE,N - NOT INJURED,0,2,3 - FRONT RIGHT
20736551,Yes,PARIS POLICE DEPARTMENT,202508554,PARIS,DISREGARD STOP AND GO SIGNAL,LAMAR,2025-04-03,N - NOT INJURED,0,NO DATA,209 - PARIS REGIONAL MEDICAL CENTER NORTH CAMPUS,0.925,,15 - DISREGARD STOP AND GO SIGNAL,No Data,No Data,74562,74562,No,1GKS1GKC0KR409317,17,2 - FEMALE,N - NOT INJURED,0,1,1 - FRONT LEFT OR MOTORCYCLE DRIVER
20736551,Yes,PARIS POLICE DEPARTMENT,202508554,PARIS,DISREGARD STOP AND GO SIGNAL,LAMAR,2025-04-03,N - NOT INJURED,0,NO DATA,209 - PARIS REGIONAL MEDICAL CENTER NORTH CAMPUS,0.925,,No Data,No Data,No Data,75460,75460,No,2C3CDZAG2JH161842,49,2 - FEMALE,N - NOT INJURED,0,1,1 - FRONT LEFT OR MOTORCYCLE DRIVER
20736565,Yes,CORPUS CHRISTI POLICE DEPARTMENT,C2501914,CORPUS CHRISTI,FAILED TO YIELD RIGHT OF WAY - PRIVATE DRIVE,NUECES,2025-04-03,N - NOT INJURED,0,NO DATA,61 - CHRISTUS SPOHN HOSPITAL CORPUS CHRISTI SOUTH,1.699,,34 - FAILED TO YIELD RIGHT OF WAY - PRIVATE DRIVE,No Data,No Data,78410,78410,No,1FM5K7D86FGB95848,48,1 - MALE,N - NOT INJURED,0,1,1 - FRONT LEFT OR MOTORCYCLE DRIVER
20736565,Yes,CORPUS CHRISTI POLICE DEPARTMENT,C2501914,CORPUS CHRISTI,FAILED TO YIELD RIGHT OF WAY - PRIVATE DRIVE,NUECES,2025-04-03,N - NOT INJURED,0,NO DATA,61 - CHRISTUS SPOHN HOSPITAL CORPUS CHRISTI SOUTH,1.699,,34 - FAILED TO YIELD RIGHT OF WAY - PRIVATE DRIVE,No Data,No Data,78410,78410,No,1FM5K7D86FGB95848,53,2 - FEMALE,N - NOT INJURED,0,2,3 - FRONT RIGHT
20736565,Yes,CORPUS CHRISTI POLICE DEPARTMENT,C2501914,CORPUS CHRISTI,FAILED TO YIELD RIGHT OF WAY - PRIVATE DRIVE,NUECES,2025-04-03,N - NOT INJURED,0,NO DATA,61 - CHRISTUS SPOHN HOSPITAL CORPUS CHRISTI SOUTH,1.699,,No Data,No Data,No Data,78413,78413,No,1FA6P8TH7F5344772,21,2 - FEMALE,N - NOT INJURED,0,1,1 - FRONT LEFT OR MOTORCYCLE DRIVER
20736570,Yes,"DEPARTMENT OF PUBLIC SAFETY, STATE OF TEXAS",TX 25-517975,OUTSIDE CITY LIMITS,FATIGUED OR ASLEEP; WRONG SIDE - NOT PASSING,SHELBY,2025-04-03,B - SUSPECTED MINOR INJURY,0,NO DATA,284 - UT HEALTH EAST TEXAS CARTHAGE HOSPITAL,32.28,2B,40 - FATIGUED OR ASLEEP,70 - WRONG SIDE - NOT PASSING,No Data,75973,75973,No,1J4NT1GB8BD249047,18,1 - MALE,B - SUSPECTED MINOR INJURY,1,1,1 - FRONT LEFT OR MOTORCYCLE DRIVER
20736572,Yes,BAYLOR COUNTY SHERIFF'S OFFICE,20251434,OUTSIDE CITY LIMITS,FAILED TO CONTROL SPEED;OTHER (EXPLAIN IN NARRATIVE),BAYLOR,2025-04-03,N - NOT INJURED,0,NO DATA,227 - SEYMOUR HOSPITAL,2.509,,22 - FAILED TO CONTROL SPEED,No Data,No Data,76380,76380,No,2GTEC13Z761338683,No Data,1 - MALE,N - NOT INJURED,0,1,1 - FRONT LEFT OR MOTORCYCLE DRIVER
20736575,Yes,BOERNE POLICE DEPARTMENT,B2501298,BOERNE,DRIVER INATTENTION,KENDALL,2025-04-03,C - POSSIBLE INJURY,0,NO DATA,196 - NORTH CENTRAL BAPTIST HOSPITAL,17.744,,20 - DRIVER INATTENTION,No Data,No Data,78201,78232,No,5GAERBRS3SJ148301,34,2 - FEMALE,N - NOT INJURED,0,1,1 - FRONT LEFT OR MOTORCYCLE DRIVER
20736575,Yes,BOERNE POLICE DEPARTMENT,B2501298,BOERNE,DRIVER INATTENTION,KENDALL,2025-04-03,C - POSSIBLE INJURY,0,NO DATA,196 - NORTH CENTRAL BAPTIST HOSPITAL,17.744,,No Data,No Data,No Data,78004,78004,No,KM8R74GEXPU546704,59,2 - FEMALE,C - POSSIBLE INJURY,0,1,1 - FRONT LEFT OR MOTORCYCLE DRIVER
20736580,Yes,TYLER POLICE DEPARTMENT,25-004765,TYLER,FAILED TO CONTROL SPEED,SMITH,2025-04-03,N - NOT INJURED,0,NO DATA,288 - UT HEALTH EAST TEXAS TYLER REGIONAL HOSPITAL,3.953,,22 - FAILED TO CONTROL SPEED,No Data,No Data,75935,75935,No,3FAHP0JG9BR172904,22,2 - FEMALE,N - NOT INJURED,0,1,1 - FRONT LEFT OR MOTORCYCLE DRIVER
20736580,Yes,TYLER POLICE DEPARTMENT,25-004765,TYLER,FAILED TO CONTROL SPEED,SMITH,2025-04-03,N - NOT INJURED,0,NO DATA,288 - UT HEALTH EAST TEXAS TYLER REGIONAL HOSPITAL,3.953,,No Data,No Data,No Data,75791,76702,No,3FTTW8E9XPRA49167,27,1 - MALE,N - NOT INJURED,0,1,1 - FRONT LEFT OR MOTORCYCLE DRIVER
20736585,Yes,TYLER POLICE DEPARTMENT,25-004767,TYLER,FAILED TO YIELD RIGHT OF WAY - TURNING LEFT,SMITH,2025-04-03,N - NOT INJURED,0,NO DATA,288 - UT HEALTH EAST TEXAS TYLER REGIONAL HOSPITAL,2.157,,No Data,No Data,No Data,75701,75701,No,JTEGP21A140013158,17,2 - FEMALE,N - NOT INJURED,0,1,1 - FRONT LEFT OR MOTORCYCLE DRIVER
20736585,Yes,TYLER POLICE DEPARTMENT,25-004767,TYLER,FAILED TO YIELD RIGHT OF WAY - TURNING LEFT,SMITH,2025-04-03,N - NOT INJURED,0,NO DATA,288 - UT HEALTH EAST TEXAS TYLER REGIONAL HOSPITAL,2.157,,No Data,No Data,No Data,75701,75701,No,JTEGP21A140013158,18,2 - FEMALE,N - NOT INJURED,0,2,3 - FRONT RIGHT
20736585,Yes,TYLER POLICE DEPARTMENT,25-004767,TYLER,FAILED TO YIELD RIGHT OF WAY - TURNING LEFT,SMITH,2025-04-03,N - NOT INJURED,0,NO DATA,288 - UT HEALTH EAST TEXAS TYLER REGIONAL HOSPITAL,2.157,,37 - FAILED TO YIELD RIGHT OF WAY - TURNING LEFT,No Data,No Data,75701,75701,No,5NPE34AFXGH334086,17,2 - FEMALE,N - NOT INJURED,0,1,1 - FRONT LEFT OR MOTORCYCLE DRIVER
20736585,Yes,TYLER POLICE DEPARTMENT,25-004767,TYLER,FAILED TO YIELD RIGHT OF WAY - TURNING LEFT,SMITH,2025-04-03,N - NOT INJURED,0,NO DATA,288 - UT HEALTH EAST TEXAS TYLER REGIONAL HOSPITAL,2.157,,37 - FAILED TO YIELD RIGHT OF WAY - TURNING LEFT,No Data,No Data,75701,75701,No,5NPE34AFXGH334086,12,2 - FEMALE,N - NOT INJURED,0,2,3 - FRONT RIGHT
20736594,Yes,CORPUS CHRISTI POLICE DEPARTMENT,C2501915,CORPUS CHRISTI,FAILED TO PASS TO LEFT SAFELY,NUECES,2025-04-03,N - NOT INJURED,0,NO DATA,81 - CORPUS CHRISTI MEDICAL CENTER - BAY AREA,1.726,,26 - FAILED TO PASS TO LEFT SAFELY,No Data,No Data,78415,78415,No,19XFC1F71GE011277,71,2 - FEMALE,N - NOT INJURED,0,1,1 - FRONT LEFT OR MOTORCYCLE DRIVER
20736595,Yes,HURST POLICE DEPARTMENT,2025008800,HURST,OTHER (EXPLAIN IN NARRATIVE),TARRANT,2025-04-03,A - SUSPECTED SERIOUS INJURY,0,NO DATA,161 - MEDICAL CITY NORTH HILLS,1.577,,98 - OTHER (EXPLAIN IN NARRATIVE),No Data,No Data,76036,76036,No,1D7HE42K75S217752,77,1 - MALE,A - SUSPECTED SERIOUS INJURY,0,1,1 - FRONT LEFT OR MOTORCYCLE DRIVER
20736597,Yes,HOUSTON POLICE DEPARTMENT,0042531825J,HOUSTON,FAILED TO CONTROL SPEED,HARRIS,2025-04-03,C - POSSIBLE INJURY,0,NO DATA,118 - HCA HOUSTON HEALTHCARE KINGWOOD,2.358,C,22 - FAILED TO CONTROL SPEED,No Data,No Data,77385,77385,No,3GTP1VEC9EG199564,52,2 - FEMALE,N - NOT INJURED,0,1,1 - FRONT LEFT OR MOTORCYCLE DRIVER
20736597,Yes,HOUSTON POLICE DEPARTMENT,0042531825J,HOUSTON,FAILED TO CONTROL SPEED,HARRIS,2025-04-03,C - POSSIBLE INJURY,0,NO DATA,118 - HCA HOUSTON HEALTHCARE KINGWOOD,2.358,C,No Data,No Data,No Data,77092,77092,No,1FMCU0J98FUA32867,31,2 - FEMALE,C - POSSIBLE INJURY,0,1,1 - FRONT LEFT OR MOTORCYCLE DRIVER
20736607,Yes,"DEPARTMENT OF PUBLIC SAFETY, STATE OF TEXAS",TX 2025-517949,OUTSIDE CITY LIMITS,FAILED TO CONTROL SPEED,HIDALGO,2025-04-03,C - POSSIBLE INJURY,0,NO DATA,234 - SOUTH TEXAS HEALTH SYSTEM EDINBURG,9.514,3D,22 - FAILED TO CONTROL SPEED,No Data,No Data,78538,78538,No,1GNKRGED5CJ188328,38,1 - MALE,C - POSSIBLE INJURY,0,1,1 - FRONT LEFT OR MOTORCYCLE DRIVER
20736607,Yes,"DEPARTMENT OF PUBLIC SAFETY, STATE OF TEXAS",TX 2025-517949,OUTSIDE CITY LIMITS,FAILED TO CONTROL SPEED,HIDALGO,2025-04-03,C - POSSIBLE INJURY,0,NO DATA,234 - SOUTH TEXAS HEALTH SYSTEM EDINBURG,9.514,3D,No Data,No Data,No Data,78570,78570,No,1N4AL3AP2DN550565,20,2 - FEMALE,C - POSSIBLE INJURY,0,1,1 - FRONT LEFT OR MOTORCYCLE DRIVER
20736607,Yes,"DEPARTMENT OF PUBLIC SAFETY, STATE OF TEXAS",TX 2025-517949,OUTSIDE CITY LIMITS,FAILED TO CONTROL SPEED,HIDALGO,2025-04-03,C - POSSIBLE INJURY,0,NO DATA,234 - SOUTH TEXAS HEALTH SYSTEM EDINBURG,9.514,3D,No Data,No Data,No Data,78538,78538,No,1FTEX07LXVKC07833,24,1 - MALE,C - POSSIBLE INJURY,0,1,1 - FRONT LEFT OR MOTORCYCLE DRIVER
20736608,Yes,"DEPARTMENT OF PUBLIC SAFETY, STATE OF TEXAS",TX 25-517903,OUTSIDE CITY LIMITS,ANIMAL ON ROAD - WILD;FAILED TO DRIVE IN SINGLE LANE,REFUGIO,2025-04-03,N - NOT INJURED,0,NO DATA,216 - REFUGIO COUNTY MEMORIAL HOSPITAL DISTRICT,15.669,3C,2 - ANIMAL ON ROAD - WILD,23 - FAILED TO DRIVE IN SINGLE LANE,No Data,78377,78377,No,3B7HC13Z4WG117501,68,1 - MALE,N - NOT INJURED,0,1,1 - FRONT LEFT OR MOTORCYCLE DRIVER
20736626,Yes,HOUSTON POLICE DEPARTMENT,0042513325G,OUTSIDE CITY LIMITS,FAILED TO CONTROL SPEED; FAILED TO DRIVE IN SINGLE LANE,HARRIS,2025-04-03,N - NOT INJURED,0,NO DATA,120 - HCA HOUSTON HEALTHCARE NORTHWEST,4.784,B,22 - FAILED TO CONTROL SPEED,23 - FAILED TO DRIVE IN SINGLE LANE,No Data,,,No,3KPF24AD3PE648981,22,1 - MALE,N - NOT INJURED,0,1,1 - FRONT LEFT OR MOTORCYCLE DRIVER
20736626,Yes,HOUSTON POLICE DEPARTMENT,0042513325G,OUTSIDE CITY LIMITS,FAILED TO CONTROL SPEED; FAILED TO DRIVE IN SINGLE LANE,HARRIS,2025-04-03,N - NOT INJURED,0,NO DATA,120 - HCA HOUSTON HEALTHCARE NORTHWEST,4.784,B,No Data,No Data,No Data,,,No,No Data,49,1 - MALE,N - NOT INJURED,0,1,1 - FRONT LEFT OR MOTORCYCLE DRIVER
20736626,Yes,HOUSTON POLICE DEPARTMENT,0042513325G,OUTSIDE CITY LIMITS,FAILED TO CONTROL SPEED; FAILED TO DRIVE IN SINGLE LANE,HARRIS,2025-04-03,N - NOT INJURED,0,NO DATA,120 - HCA HOUSTON HEALTHCARE NORTHWEST,4.784,B,No Data,No Data,No Data,,,No,1ZVBP8EM7B5159289,39,2 - FEMALE,N - NOT INJURED,0,1,1 - FRONT LEFT OR MOTORCYCLE DRIVER
20736629,Yes,PHARR POLICE DEPARTMENT,25-9533,PHARR,OTHER (EXPLAIN IN NARRATIVE),HIDALGO,2025-04-03,N - NOT INJURED,0,NO DATA,94 - DOCTORS HOSPITAL AT RENAISSANCE,2.57,,98 - OTHER (EXPLAIN IN NARRATIVE),No Data,No Data,78542,78541,No,1GKKRTKD8GJ325858,30,2 - FEMALE,N - NOT INJURED,0,1,1 - FRONT LEFT OR MOTORCYCLE DRIVER
20736649,Yes,"DEPARTMENT OF PUBLIC SAFETY, STATE OF TEXAS",TX 2025-518864,OUTSIDE CITY LIMITS,FAILED TO CONTROL SPEED,GAINES,2025-04-03,C - POSSIBLE INJURY,0,NO DATA,301 - YOAKUM COUNTY HOSPITAL,19.202,4A,22 - FAILED TO CONTROL SPEED,No Data,No Data,79360,79360,No,1GCVKREC6GZ212091,30,1 - MALE,C - POSSIBLE INJURY,0,1,1 - FRONT LEFT OR MOTORCYCLE DRIVER
20736649,Yes,"DEPARTMENT OF PUBLIC SAFETY, STATE OF TEXAS",TX 2025-518864,OUTSIDE CITY LIMITS,FAILED TO CONTROL SPEED,GAINES,2025-04-03,C - POSSIBLE INJURY,0,NO DATA,301 - YOAKUM COUNTY HOSPITAL,19.202,4A,No Data,No Data,No Data,78130,78130,No,3C6UR5CL4MG675658,30,1 - MALE,N - NOT INJURED,0,1,1 - FRONT LEFT OR MOTORCYCLE DRIVER
20736657,Yes,IRVING POLICE DEPARTMENT,25-6843,IRVING,DRIVER INATTENTION,DALLAS,2025-04-03,N - NOT INJURED,0,NO DATA,No Data,No Data,,20 - DRIVER INATTENTION,No Data,No Data,75038,75038,No,5J8TB2H21BA004176,50,2 - FEMALE,N - NOT INJURED,0,1,1 - FRONT LEFT OR MOTORCYCLE DRIVER
20736657,Yes,IRVING POLICE DEPARTMENT,25-6843,IRVING,DRIVER INATTENTION,DALLAS,2025-04-03,N - NOT INJURED,0,NO DATA,No Data,No Data,,No Data,No Data,No Data,75150,75150,No,1N4AA6AP8HC368183,29,2 - FEMALE,N - NOT INJURED,0,1,1 - FRONT LEFT OR MOTORCYCLE DRIVER
20736658,Yes,"DEPARTMENT OF PUBLIC SAFETY, STATE OF TEXAS",TX 2025-517598,OUTSIDE CITY LIMITS,OTHER (EXPLAIN IN NARRATIVE),COLLIN,2025-04-03,A - SUSPECTED SERIOUS INJURY,0,NO DATA,19 - BAYLOR SCOTT & WHITE MEDICAL CENTER - LAKE POINTE,11.363,1A,98 - OTHER (EXPLAIN IN NARRATIVE),No Data,No Data,75092,43064,No,3HSDZAPR1PN733605,58,1 - MALE,A - SUSPECTED SERIOUS INJURY,0,1,1 - FRONT LEFT OR MOTORCYCLE DRIVER
20736660,Yes,IRVING POLICE DEPARTMENT,25-6832,IRVING,FAILED TO YIELD RIGHT OF WAY - PRIVATE DRIVE,DALLAS,2025-04-03,N - NOT INJURED,0,NO DATA,297 - WILLIAM P. CLEMENTS UNIVERSITY HOSPITAL,6.547,,34 - FAILED TO YIELD RIGHT OF WAY - PRIVATE DRIVE,No Data,No Data,75061,75061,No,JM1BJ245231165005,47,2 - FEMALE,N - NOT INJURED,0,1,1 - FRONT LEFT OR MOTORCYCLE DRIVER
20736660,Yes,IRVING POLICE DEPARTMENT,25-6832,IRVING,FAILED TO YIELD RIGHT OF WAY - PRIVATE DRIVE,DALLAS,2025-04-03,N - NOT INJURED,0,NO DATA,297 - WILLIAM P. CLEMENTS UNIVERSITY HOSPITAL,6.547,,No Data,No Data,No Data,75060,75060,No,5TEGN92N53Z295260,44,2 - FEMALE,N - NOT INJURED,0,1,1 - FRONT LEFT OR MOTORCYCLE DRIVER
20736670,Yes,GALVESTON POLICE DEPARTMENT,25-001733,GALVESTON,DISTRACTION IN VEHICLE; FAILED TO DRIVE IN SINGLE LANE,GALVESTON,2025-04-03,N - NOT INJURED,0,NO DATA,278 - UNIVERSITY OF TEXAS MEDICAL BRANCH,0.923,,19 - DISTRACTION IN VEHICLE,23 - FAILED TO DRIVE IN SINGLE LANE,No Data,77338,77338,No,5TDYK3DC3ES427342,52,1 - MALE,N - NOT INJURED,0,1,1 - FRONT LEFT OR MOTORCYCLE DRIVER
20736670,Yes,GALVESTON POLICE DEPARTMENT,25-001733,GALVESTON,DISTRACTION IN VEHICLE; FAILED TO DRIVE IN SINGLE LANE,GALVESTON,2025-04-03,N - NOT INJURED,0,NO DATA,278 - UNIVERSITY OF TEXAS MEDICAL BRANCH,0.923,,No Data,No Data,No Data,77551,77551,No,3GNEC12017G304659,59,1 - MALE,N - NOT INJURED,0,1,1 - FRONT LEFT OR MOTORCYCLE DRIVER
20736698,Yes,HALTOM CITY POLICE DEPARTMENT,25H10989,HALTOM CITY,FAILED TO YIELD RIGHT OF WAY - STOP SIGN,TARRANT,2025-04-03,N - NOT INJURED,0,NO DATA,161 - MEDICAL CITY NORTH HILLS,4.081,,35 - FAILED TO YIELD RIGHT OF WAY - STOP SIGN,No Data,No Data,76118,76118,No,1GNKRGKD9EJ141553,32,2 - FEMALE,N - NOT INJURED,0,1,1 - FRONT LEFT OR MOTORCYCLE DRIVER
20736698,Yes,HALTOM CITY POLICE DEPARTMENT,25H10989,HALTOM CITY,FAILED TO YIELD RIGHT OF WAY - STOP SIGN,TARRANT,2025-04-03,N - NOT INJURED,0,NO DATA,161 - MEDICAL CITY NORTH HILLS,4.081,,No Data,No Data,No Data,76137,76071,No,1FMYU60E43UA46784,60,2 - FEMALE,N - NOT INJURED,0,1,1 - FRONT LEFT OR MOTORCYCLE DRIVER
20736699,Yes,CORPUS CHRISTI POLICE DEPARTMENT,C2501916,CORPUS CHRISTI,FAILED TO DRIVE IN SINGLE LANE,NUECES,2025-04-03,C - POSSIBLE INJURY,0,NO DATA,81 - CORPUS CHRISTI MEDICAL CENTER - BAY AREA,1.459,,23 - FAILED TO DRIVE IN SINGLE LANE,No Data,No Data,78413,78412,No,KNDJN2A21J7597055,35,1 - MALE,C - POSSIBLE INJURY,0,1,1 - FRONT LEFT OR MOTORCYCLE DRIVER
20736709,No,HARRIS COUNTY CONSTABLE PRECINCT 5,250400095,HOUSTON,FAILED TO DRIVE IN SINGLE LANE,HARRIS,2025-04-03,N - NOT INJURED,0,NO DATA,121 - HCA HOUSTON HEALTHCARE WEST,4.157,PK,23 - FAILED TO DRIVE IN SINGLE LANE,No Data,No Data,77079,77079,No,JA4APUAU3MU014413,28,2 - FEMALE,N - NOT INJURED,0,1,1 - FRONT LEFT OR MOTORCYCLE DRIVER
20736709,No,HARRIS COUNTY CONSTABLE PRECINCT 5,250400095,HOUSTON,FAILED TO DRIVE IN SINGLE LANE,HARRIS,2025-04-03,N - NOT INJURED,0,NO DATA,121 - HCA HOUSTON HEALTHCARE WEST,4.157,PK,No Data,No Data,No Data,77493,77004,No,1FD0W5GN2PEC90649,60,1 - MALE,N - NOT INJURED,0,1,1 - FRONT LEFT OR MOTORCYCLE DRIVER
20736712,Yes,BROWNSVILLE POLICE DEPARTMENT,202504030040,BROWNSVILLE,FAILED TO CONTROL SPEED,CAMERON,2025-04-03,N - NOT INJURED,0,NO DATA,295 - VALLEY REGIONAL MEDICAL CENTER,3.771,NW,22 - FAILED TO CONTROL SPEED,No Data,No Data,78521,78521,No,4UZABRDT1ECFV2943,65,1 - MALE,N - NOT INJURED,0,1,1 - FRONT LEFT OR MOTORCYCLE DRIVER
20736712,Yes,BROWNSVILLE POLICE DEPARTMENT,202504030040,BROWNSVILLE,FAILED TO CONTROL SPEED,CAMERON,2025-04-03,N - NOT INJURED,0,NO DATA,295 - VALLEY REGIONAL MEDICAL CENTER,3.771,NW,22 - FAILED TO CONTROL SPEED,No Data,No Data,78521,78521,No,4UZABRDT1ECFV2943,15,1 - MALE,N - NOT INJURED,0,2,14 - PASSENGER IN BUS
20736712,Yes,BROWNSVILLE POLICE DEPARTMENT,202504030040,BROWNSVILLE,FAILED TO CONTROL SPEED,CAMERON,2025-04-03,N - NOT INJURED,0,NO DATA,295 - VALLEY REGIONAL MEDICAL CENTER,3.771,NW,22 - FAILED TO CONTROL SPEED,No Data,No Data,78521,78521,No,4UZABRDT1ECFV2943,15,2 - FEMALE,N - NOT INJURED,0,3,14 - PASSENGER IN BUS
20736712,Yes,BROWNSVILLE POLICE DEPARTMENT,202504030040,BROWNSVILLE,FAILED TO CONTROL SPEED,CAMERON,2025-04-03,N - NOT INJURED,0,NO DATA,295 - VALLEY REGIONAL MEDICAL CENTER,3.771,NW,22 - FAILED TO CONTROL SPEED,No Data,No Data,78521,78521,No,4UZABRDT1ECFV2943,15,2 - FEMALE,N - NOT INJURED,0,4,14 - PASSENGER IN BUS
20736712,Yes,BROWNSVILLE POLICE DEPARTMENT,202504030040,BROWNSVILLE,FAILED TO CONTROL SPEED,CAMERON,2025-04-03,N - NOT INJURED,0,NO DATA,295 - VALLEY REGIONAL MEDICAL CENTER,3.771,NW,22 - FAILED TO CONTROL SPEED,No Data,No Data,78521,78521,No,4UZABRDT1ECFV2943,15,1 - MALE,N - NOT INJURED,0,5,14 - PASSENGER IN BUS
20736712,Yes,BROWNSVILLE POLICE DEPARTMENT,202504030040,BROWNSVILLE,FAILED TO CONTROL SPEED,CAMERON,2025-04-03,N - NOT INJURED,0,NO DATA,295 - VALLEY REGIONAL MEDICAL CENTER,3.771,NW,22 - FAILED TO CONTROL SPEED,No Data,No Data,78521,78521,No,4UZABRDT1ECFV2943,15,2 - FEMALE,N - NOT INJURED,0,6,14 - PASSENGER IN BUS
20736712,Yes,BROWNSVILLE POLICE DEPARTMENT,202504030040,BROWNSVILLE,FAILED TO CONTROL SPEED,CAMERON,2025-04-03,N - NOT INJURED,0,NO DATA,295 - VALLEY REGIONAL MEDICAL CENTER,3.771,NW,22 - FAILED TO CONTROL SPEED,No Data,No Data,78521,78521,No,4UZABRDT1ECFV2943,15,2 - FEMALE,N - NOT INJURED,0,7,14 - PASSENGER IN BUS
20736712,Yes,BROWNSVILLE POLICE DEPARTMENT,202504030040,BROWNSVILLE,FAILED TO CONTROL SPEED,CAMERON,2025-04-03,N - NOT INJURED,0,NO DATA,295 - VALLEY REGIONAL MEDICAL CENTER,3.771,NW,22 - FAILED TO CONTROL SPEED,No Data,No Data,78521,78521,No,4UZABRDT1ECFV2943,15,2 - FEMALE,N - NOT INJURED,0,8,14 - PASSENGER IN BUS
20736712,Yes,BROWNSVILLE POLICE DEPARTMENT,202504030040,BROWNSVILLE,FAILED TO CONTROL SPEED,CAMERON,2025-04-03,N - NOT INJURED,0,NO DATA,295 - VALLEY REGIONAL MEDICAL CENTER,3.771,NW,22 - FAILED TO CONTROL SPEED,No Data,No Data,78521,78521,No,4UZABRDT1ECFV2943,15,1 - MALE,N - NOT INJURED,0,9,14 - PASSENGER IN BUS
20736712,Yes,BROWNSVILLE POLICE DEPARTMENT,202504030040,BROWNSVILLE,FAILED TO CONTROL SPEED,CAMERON,2025-04-03,N - NOT INJURED,0,NO DATA,295 - VALLEY REGIONAL MEDICAL CENTER,3.771,NW,22 - FAILED TO CONTROL SPEED,No Data,No Data,78521,78521,No,4UZABRDT1ECFV2943,15,1 - MALE,N - NOT INJURED,0,10,14 - PASSENGER IN BUS
20736712,Yes,BROWNSVILLE POLICE DEPARTMENT,202504030040,BROWNSVILLE,FAILED TO CONTROL SPEED,CAMERON,2025-04-03,N - NOT INJURED,0,NO DATA,295 - VALLEY REGIONAL MEDICAL CENTER,3.771,NW,No Data,No Data,No Data,78521,78526,No,1GCPTFEK3S1109777,31,1 - MALE,N - NOT INJURED,0,1,1 - FRONT LEFT OR MOTORCYCLE DRIVER
20736719,Yes,LAKE JACKSON POLICE DEPARTMENT,,LAKE JACKSON,DRIVER INATTENTION; FOLLOWED TOO CLOSELY,BRAZORIA,2025-04-03,N - NOT INJURED,0,NO DATA,285 - UTMB HEALTH ANGLETON DANBURY CAMPUS,11.235,,44 - FOLLOWED TOO CLOSELY,20 - DRIVER INATTENTION,No Data,77428,77428,No,1FMJU1K50CEF24534,37,2 - FEMALE,N - NOT INJURED,0,1,1 - FRONT LEFT OR MOTORCYCLE DRIVER
20736719,Yes,LAKE JACKSON POLICE DEPARTMENT,,LAKE JACKSON,DRIVER INATTENTION; FOLLOWED TOO CLOSELY,BRAZORIA,2025-04-03,N - NOT INJURED,0,NO DATA,285 - UTMB HEALTH ANGLETON DANBURY CAMPUS,11.235,,44 - FOLLOWED TOO CLOSELY,20 - DRIVER INATTENTION,No Data,77428,77428,No,1FMJU1K50CEF24534,18,1 - MALE,N - NOT INJURED,0,2,3 - FRONT RIGHT
20736719,Yes,LAKE JACKSON POLICE DEPARTMENT,,LAKE JACKSON,DRIVER INATTENTION; FOLLOWED TOO CLOSELY,BRAZORIA,2025-04-03,N - NOT INJURED,0,NO DATA,285 - UTMB HEALTH ANGLETON DANBURY CAMPUS,11.235,,44 - FOLLOWED TOO CLOSELY,20 - DRIVER INATTENTION,No Data,77428,77428,No,1FMJU1K50CEF24534,13,2 - FEMALE,N - NOT INJURED,0,3,4 - SECOND SEAT LEFT OR MOTORCYCLE BACK PASSENGER
20736719,Yes,LAKE JACKSON POLICE DEPARTMENT,,LAKE JACKSON,DRIVER INATTENTION; FOLLOWED TOO CLOSELY,BRAZORIA,2025-04-03,N - NOT INJURED,0,NO DATA,285 - UTMB HEALTH ANGLETON DANBURY CAMPUS,11.235,,44 - FOLLOWED TOO CLOSELY,20 - DRIVER INATTENTION,No Data,77428,77428,No,1FMJU1K50CEF24534,11,1 - MALE,N - NOT INJURED,0,4,6 - SECOND SEAT RIGHT
20736719,Yes,LAKE JACKSON POLICE DEPARTMENT,,LAKE JACKSON,DRIVER INATTENTION; FOLLOWED TOO CLOSELY,BRAZORIA,2025-04-03,N - NOT INJURED,0,NO DATA,285 - UTMB HEALTH ANGLETON DANBURY CAMPUS,11.235,,No Data,No Data,No Data,77566,77566,No,ZARFAEBN2H7537152,18,2 - FEMALE,N - NOT INJURED,0,1,1 - FRONT LEFT OR MOTORCYCLE DRIVER
20736719,Yes,LAKE JACKSON POLICE DEPARTMENT,,LAKE JACKSON,DRIVER INATTENTION; FOLLOWED TOO CLOSELY,BRAZORIA,2025-04-03,N - NOT INJURED,0,NO DATA,285 - UTMB HEALTH ANGLETON DANBURY CAMPUS,11.235,,No Data,No Data,No Data,77566,77566,No,ZARFAEBN2H7537152,15,2 - FEMALE,N - NOT INJURED,0,2,3 - FRONT RIGHT
20736755,Yes,"DEPARTMENT OF PUBLIC SAFETY, STATE OF TEXAS",TX2025-517826,OUTSIDE CITY LIMITS,UNSAFE SPEED,CALLAHAN,2025-04-03,B - SUSPECTED MINOR INJURY,0,NO DATA,126 - HENDRICK MEDICAL CENTER,22.097,5C,60 - UNSAFE SPEED,No Data,No Data,79602,79602,No,2G1WC58R779319129,30,1 - MALE,C - POSSIBLE INJURY,0,1,1 - FRONT LEFT OR MOTORCYCLE DRIVER
20736755,Yes,"DEPARTMENT OF PUBLIC SAFETY, STATE OF TEXAS",TX2025-517826,OUTSIDE CITY LIMITS,UNSAFE SPEED,CALLAHAN,2025-04-03,B - SUSPECTED MINOR INJURY,0,NO DATA,126 - HENDRICK MEDICAL CENTER,22.097,5C,No Data,No Data,No Data,802292207,841045301,No,3C6UR5FL4RG367117,43,1 - MALE,B - SUSPECTED MINOR INJURY,1,1,1 - FRONT LEFT OR MOTORCYCLE DRIVER
20736759,Yes,HARRIS COUNTY CONSTABLE PRECINCT 5,2504-00091,HOUSTON,FAILED TO CONTROL SPEED,HARRIS,2025-04-03,N - NOT INJURED,0,NO DATA,168 - MEMORIAL HERMANN SOUTHWEST HOSPITAL,2.194,TR,22 - FAILED TO CONTROL SPEED,No Data,No Data,77433,77433,No,2FMPK4J92NBA23312,28,1 - MALE,N - NOT INJURED,0,1,1 - FRONT LEFT OR MOTORCYCLE DRIVER
20736759,Yes,HARRIS COUNTY CONSTABLE PRECINCT 5,2504-00091,HOUSTON,FAILED TO CONTROL SPEED,HARRIS,2025-04-03,N - NOT INJURED,0,NO DATA,168 - MEMORIAL HERMANN SOUTHWEST HOSPITAL,2.194,TR,No Data,No Data,No Data,77406,77406,No,7FARS5H89SE024203,61,1 - MALE,N - NOT INJURED,0,1,1 - FRONT LEFT OR MOTORCYCLE DRIVER
20736769,Yes,COPPELL POLICE DEPARTMENT,25006286,COPPELL,FAILED TO CONTROL SPEED,DALLAS,2025-04-03,N - NOT INJURED,0,NO DATA,156 - MEDICAL CITY LEWISVILLE,4.344,2,22 - FAILED TO CONTROL SPEED,No Data,No Data,75019,75019,No,WDDGF4HBXCR231858,18,2 - FEMALE,N - NOT INJURED,0,1,1 - FRONT LEFT OR MOTORCYCLE DRIVER
20736769,Yes,COPPELL POLICE DEPARTMENT,25006286,COPPELL,FAILED TO CONTROL SPEED,DALLAS,2025-04-03,N - NOT INJURED,0,NO DATA,156 - MEDICAL CITY LEWISVILLE,4.344,2,No Data,No Data,No Data,75019,75019,No,YV4K92HM6P2910135,17,2 - FEMALE,N - NOT INJURED,0,1,1 - FRONT LEFT OR MOTORCYCLE DRIVER
20736778,Yes,"DEPARTMENT OF PUBLIC SAFETY, STATE OF TEXAS",TX2025-518641,OUTSIDE CITY LIMITS,ANIMAL ON ROAD - DOMESTIC,HARDIN,2025-04-03,B - SUSPECTED MINOR INJURY,0,NO DATA,58 - CHRISTUS SOUTHEAST TEXAS - ST. ELIZABETH,30.534,2B,1 - ANIMAL ON ROAD - DOMESTIC,No Data,No Data,77575,77575,No,1M1AA13Y5WW090356,35,1 - MALE,B - SUSPECTED MINOR INJURY,1,1,1 - FRONT LEFT OR MOTORCYCLE DRIVER
20736782,Yes,GILMER POLICE DEPARTMENT,25-046,GILMER,DISREGARD STOP AND GO SIGNAL; DRIVER INATTENTION,UPSHUR,2025-04-03,N - NOT INJURED,0,NO DATA,149 - LONGVIEW REGIONAL MEDICAL CENTER,18.516,,20 - DRIVER INATTENTION,No Data,No Data,75644,75644,No,5N1AT2MTXJC848488,60,2 - FEMALE,N - NOT INJURED,0,1,1 - FRONT LEFT OR MOTORCYCLE DRIVER
20736782,Yes,GILMER POLICE DEPARTMENT,25-046,GILMER,DISREGARD STOP AND GO SIGNAL; DRIVER INATTENTION,UPSHUR,2025-04-03,N - NOT INJURED,0,NO DATA,149 - LONGVIEW REGIONAL MEDICAL CENTER,18.516,,No Data,No Data,No Data,75686,75686,No,1GNSKHKC7HR324179,43,1 - MALE,N - NOT INJURED,0,1,1 - FRONT LEFT OR MOTORCYCLE DRIVER
20736782,Yes,GILMER POLICE DEPARTMENT,25-046,GILMER,DISREGARD STOP AND GO SIGNAL; DRIVER INATTENTION,UPSHUR,2025-04-03,N - NOT INJURED,0,NO DATA,149 - LONGVIEW REGIONAL MEDICAL CENTER,18.516,,No Data,No Data,No Data,75686,75686,No,1GNSKHKC7HR324179,35,2 - FEMALE,N - NOT INJURED,0,2,5 - SECOND SEAT CENTER
20736782,Yes,GILMER POLICE DEPARTMENT,25-046,GILMER,DISREGARD STOP AND GO SIGNAL; DRIVER INATTENTION,UPSHUR,2025-04-03,N - NOT INJURED,0,NO DATA,149 - LONGVIEW REGIONAL MEDICAL CENTER,18.516,,No Data,No Data,No Data,75686,75686,No,1GNSKHKC7HR324179,2,1 - MALE,N - NOT INJURED,0,3,4 - SECOND SEAT LEFT OR MOTORCYCLE BACK PASSENGER
20736782,Yes,GILMER POLICE DEPARTMENT,25-046,GILMER,DISREGARD STOP AND GO SIGNAL; DRIVER INATTENTION,UPSHUR,2025-04-03,N - NOT INJURED,0,NO DATA,149 - LONGVIEW REGIONAL MEDICAL CENTER,18.516,,No Data,No Data,No Data,75686,75686,No,1GNSKHKC7HR324179,0,2 - FEMALE,N - NOT INJURED,0,4,6 - SECOND SEAT RIGHT
20736795,Yes,SANGER POLICE DEPARTMENT,250123549,SANGER,UNSAFE SPEED,DENTON,2025-04-03,N - NOT INJURED,0,NO DATA,152 - MEDICAL CITY DENTON,12.485,,60 - UNSAFE SPEED,No Data,No Data,76264,76264,No,2FMDK38C49BA66747,18,2 - FEMALE,N - NOT INJURED,0,1,1 - FRONT LEFT OR MOTORCYCLE DRIVER
20736795,Yes,SANGER POLICE DEPARTMENT,250123549,SANGER,UNSAFE SPEED,DENTON,2025-04-03,N - NOT INJURED,0,NO DATA,152 - MEDICAL CITY DENTON,12.485,,60 - UNSAFE SPEED,No Data,No Data,76264,76264,No,2FMDK38C49BA66747,20,1 - MALE,N - NOT INJURED,0,2,3 - FRONT RIGHT
20736834,Yes,PERRYTON POLICE DEPARTMENT,25-01109,PERRYTON,DISREGARD STOP SIGN OR LIGHT; DRIVER INATTENTION,OCHILTREE,2025-04-03,N - NOT INJURED,0,NO DATA,201 - OCHILTREE GENERAL HOSPITAL,2.034,,16 - DISREGARD STOP SIGN OR LIGHT,No Data,No Data,79070,79040,No,1FTFW1ET1BFB46585,24,2 - FEMALE,N - NOT INJURED,0,1,1 - FRONT LEFT OR MOTORCYCLE DRIVER
20736834,Yes,PERRYTON POLICE DEPARTMENT,25-01109,PERRYTON,DISREGARD STOP SIGN OR LIGHT; DRIVER INATTENTION,OCHILTREE,2025-04-03,N - NOT INJURED,0,NO DATA,201 - OCHILTREE GENERAL HOSPITAL,2.034,,16 - DISREGARD STOP SIGN OR LIGHT,No Data,No Data,79070,79040,No,1FTFW1ET1BFB46585,3,2 - FEMALE,N - NOT INJURED,0,2,5 - SECOND SEAT CENTER
20736834,Yes,PERRYTON POLICE DEPARTMENT,25-01109,PERRYTON,DISREGARD STOP SIGN OR LIGHT; DRIVER INATTENTION,OCHILTREE,2025-04-03,N - NOT INJURED,0,NO DATA,201 - OCHILTREE GENERAL HOSPITAL,2.034,,No Data,No Data,No Data,79124,79070,No,3HSDZAPRXPN111682,28,1 - MALE,N - NOT INJURED,0,1,1 - FRONT LEFT OR MOTORCYCLE DRIVER
20736834,Yes,PERRYTON POLICE DEPARTMENT,25-01109,PERRYTON,DISREGARD STOP SIGN OR LIGHT; DRIVER INATTENTION,OCHILTREE,2025-04-03,N - NOT INJURED,0,NO DATA,201 - OCHILTREE GENERAL HOSPITAL,2.034,,No Data,No Data,No Data,79124,79070,No,3HSDZAPRXPN111682,36,1 - MALE,N - NOT INJURED,0,2,3 - FRONT RIGHT
20736836,Yes,"DEPARTMENT OF PUBLIC SAFETY, STATE OF TEXAS",TX 2025-519680,OUTSIDE CITY LIMITS,FAILED TO DRIVE IN SINGLE LANE;OTHER (EXPLAIN IN NARRATIVE),GLASSCOCK,2025-04-03,N - NOT INJURED,0,NO DATA,"226 - SCENIC MOUNTAIN MEDICAL CENTER, A STEWARD FAMILY HOSPITAL",26.652,4A,23 - FAILED TO DRIVE IN SINGLE LANE,98 - OTHER (EXPLAIN IN NARRATIVE),No Data,88021,77441,No,1FT8W2BT7NEE57225,43,1 - MALE,N - NOT INJURED,0,1,1 - FRONT LEFT OR MOTORCYCLE DRIVER
20736836,Yes,"DEPARTMENT OF PUBLIC SAFETY, STATE OF TEXAS",TX 2025-519680,OUTSIDE CITY LIMITS,FAILED TO DRIVE IN SINGLE LANE;OTHER (EXPLAIN IN NARRATIVE),GLASSCOCK,2025-04-03,N - NOT INJURED,0,NO DATA,"226 - SCENIC MOUNTAIN MEDICAL CENTER, A STEWARD FAMILY HOSPITAL",26.652,4A,23 - FAILED TO DRIVE IN SINGLE LANE,98 - OTHER (EXPLAIN IN NARRATIVE),No Data,88021,77441,No,1FT8W2BT7NEE57225,25,2 - FEMALE,N - NOT INJURED,0,2,3 - FRONT RIGHT
20736839,Yes,MINERAL WELLS POLICE DEPARTMENT,250000610,MINERAL WELLS,CHANGED LANE WHEN UNSAFE; DRIVER INATTENTION,PALO PINTO,2025-04-03,N - NOT INJURED,0,NO DATA,211 - PALO PINTO GENERAL HOSPITAL,2.284,NE,4 - CHANGED LANE WHEN UNSAFE,20 - DRIVER INATTENTION,No Data,76424-6105,76424-6105,No,4T1G11AK9NU711726,56,2 - FEMALE,N - NOT INJURED,0,1,1 - FRONT LEFT OR MOTORCYCLE DRIVER
20736839,Yes,MINERAL WELLS POLICE DEPARTMENT,250000610,MINERAL WELLS,CHANGED LANE WHEN UNSAFE; DRIVER INATTENTION,PALO PINTO,2025-04-03,N - NOT INJURED,0,NO DATA,211 - PALO PINTO GENERAL HOSPITAL,2.284,NE,4 - CHANGED LANE WHEN UNSAFE,20 - DRIVER INATTENTION,No Data,76424-6105,76424-6105,No,4T1G11AK9NU711726,57,1 - MALE,N - NOT INJURED,0,2,3 - FRONT RIGHT
20736839,Yes,MINERAL WELLS POLICE DEPARTMENT,250000610,MINERAL WELLS,CHANGED LANE WHEN UNSAFE; DRIVER INATTENTION,PALO PINTO,2025-04-03,N - NOT INJURED,0,NO DATA,211 - PALO PINTO GENERAL HOSPITAL,2.284,NE,No Data,No Data,No Data,76067-0000,76067-0000,No,2T1BURHE5JC070800,42,2 - FEMALE,N - NOT INJURED,0,1,1 - FRONT LEFT OR MOTORCYCLE DRIVER
20736853,Yes,MINERAL WELLS POLICE DEPARTMENT,250000604,MINERAL WELLS,DISREGARD STOP AND GO SIGNAL; DRIVER INATTENTION,PALO PINTO,2025-04-03,C - POSSIBLE INJURY,0,NO DATA,211 - PALO PINTO GENERAL HOSPITAL,3.413,NE,20 - DRIVER INATTENTION,15 - DISREGARD STOP AND GO SIGNAL,No Data,76067,76067,No,2G2WC55C781168160,29,1 - MALE,C - POSSIBLE INJURY,0,1,1 - FRONT LEFT OR MOTORCYCLE DRIVER
20736853,Yes,MINERAL WELLS POLICE DEPARTMENT,250000604,MINERAL WELLS,DISREGARD STOP AND GO SIGNAL; DRIVER INATTENTION,PALO PINTO,2025-04-03,C - POSSIBLE INJURY,0,NO DATA,211 - PALO PINTO GENERAL HOSPITAL,3.413,NE,20 - DRIVER INATTENTION,15 - DISREGARD STOP AND GO SIGNAL,No Data,76067,76067,No,2G2WC55C781168160,17,1 - MALE,N - NOT INJURED,0,2,3 - FRONT RIGHT
20736853,Yes,MINERAL WELLS POLICE DEPARTMENT,250000604,MINERAL WELLS,DISREGARD STOP AND GO SIGNAL; DRIVER INATTENTION,PALO PINTO,2025-04-03,C - POSSIBLE INJURY,0,NO DATA,211 - PALO PINTO GENERAL HOSPITAL,3.413,NE,20 - DRIVER INATTENTION,15 - DISREGARD STOP AND GO SIGNAL,No Data,76067,76067,No,2G2WC55C781168160,6,1 - MALE,N - NOT INJURED,0,3,6 - SECOND SEAT RIGHT
20736853,Yes,MINERAL WELLS POLICE DEPARTMENT,250000604,MINERAL WELLS,DISREGARD STOP AND GO SIGNAL; DRIVER INATTENTION,PALO PINTO,2025-04-03,C - POSSIBLE INJURY,0,NO DATA,211 - PALO PINTO GENERAL HOSPITAL,3.413,NE,No Data,No Data,No Data,32127,,No,1FUJHHDR2LLLP9714,73,1 - MALE,N - NOT INJURED,0,1,1 - FRONT LEFT OR MOTORCYCLE DRIVER
20736856,Yes,ABILENE POLICE DEPARTMENT,25-026682,ABILENE,FAILED TO YIELD RIGHT OF WAY - STOP SIGN,TAYLOR,2025-04-03,C - POSSIBLE INJURY,0,NO DATA,131 - HENDRICK MEDICAL CENTER SOUTH,1.811,,35 - FAILED TO YIELD RIGHT OF WAY - STOP SIGN,No Data,No Data,79602,79602,No,3GKALUEG8SL194201,19,2 - FEMALE,N - NOT INJURED,0,1,1 - FRONT LEFT OR MOTORCYCLE DRIVER
20736856,Yes,ABILENE POLICE DEPARTMENT,25-026682,ABILENE,FAILED TO YIELD RIGHT OF WAY - STOP SIGN,TAYLOR,2025-04-03,C - POSSIBLE INJURY,0,NO DATA,131 - HENDRICK MEDICAL CENTER SOUTH,1.811,,No Data,No Data,No Data,79606,79602,No,1N9MLACL17C084228,43,1 - MALE,N - NOT INJURED,0,1,1 - FRONT LEFT OR MOTORCYCLE DRIVER
20736856,Yes,ABILENE POLICE DEPARTMENT,25-026682,ABILENE,FAILED TO YIELD RIGHT OF WAY - STOP SIGN,TAYLOR,2025-04-03,C - POSSIBLE INJURY,0,NO DATA,131 - HENDRICK MEDICAL CENTER SOUTH,1.811,,No Data,No Data,No Data,79606,79602,No,1N9MLACL17C084228,64,1 - MALE,N - NOT INJURED,0,2,14 - PASSENGER IN BUS
20736856,Yes,ABILENE POLICE DEPARTMENT,25-026682,ABILENE,FAILED TO YIELD RIGHT OF WAY - STOP SIGN,TAYLOR,2025-04-03,C - POSSIBLE INJURY,0,NO DATA,131 - HENDRICK MEDICAL CENTER SOUTH,1.811,,No Data,No Data,No Data,79606,79602,No,1N9MLACL17C084228,45,1 - MALE,N - NOT INJURED,0,3,14 - PASSENGER IN BUS
20736856,Yes,ABILENE POLICE DEPARTMENT,25-026682,ABILENE,FAILED TO YIELD RIGHT OF WAY - STOP SIGN,TAYLOR,2025-04-03,C - POSSIBLE INJURY,0,NO DATA,131 - HENDRICK MEDICAL CENTER SOUTH,1.811,,No Data,No Data,No Data,79606,79602,No,1N9MLACL17C084228,26,1 - MALE,N - NOT INJURED,0,4,14 - PASSENGER IN BUS
20736856,Yes,ABILENE POLICE DEPARTMENT,25-026682,ABILENE,FAILED TO YIELD RIGHT OF WAY - STOP SIGN,TAYLOR,2025-04-03,C - POSSIBLE INJURY,0,NO DATA,131 - HENDRICK MEDICAL CENTER SOUTH,1.811,,No Data,No Data,No Data,79606,79602,No,1N9MLACL17C084228,39,2 - FEMALE,C - POSSIBLE INJURY,0,5,14 - PASSENGER IN BUS
20736856,Yes,ABILENE POLICE DEPARTMENT,25-026682,ABILENE,FAILED TO YIELD RIGHT OF WAY - STOP SIGN,TAYLOR,2025-04-03,C - POSSIBLE INJURY,0,NO DATA,131 - HENDRICK MEDICAL CENTER SOUTH,1.811,,No Data,No Data,No Data,79606,79602,No,1N9MLACL17C084228,70,1 - MALE,N - NOT INJURED,0,6,14 - PASSENGER IN BUS
20736866,Yes,TRAVIS COUNTY SHERIFF'S OFFICE,250930247,AUSTIN,DISREGARD STOP SIGN OR LIGHT,TRAVIS,2025-04-03,B - SUSPECTED MINOR INJURY,0,NO DATA,87 - DELL CHILDRENS MEDICAL CENTER,6.27,40,No Data,No Data,No Data,78660,78660,No,KMHLS4AG2PU579937,32,2 - FEMALE,B - SUSPECTED MINOR INJURY,1,1,1 - FRONT LEFT OR MOTORCYCLE DRIVER
20736866,Yes,TRAVIS COUNTY SHERIFF'S OFFICE,250930247,AUSTIN,DISREGARD STOP SIGN OR LIGHT,TRAVIS,2025-04-03,B - SUSPECTED MINOR INJURY,0,NO DATA,87 - DELL CHILDRENS MEDICAL CENTER,6.27,40,No Data,No Data,No Data,78753,78753,No,JTDKN3DU0D1628374,22,1 - MALE,N - NOT INJURED,0,1,1 - FRONT LEFT OR MOTORCYCLE DRIVER
20736866,Yes,TRAVIS COUNTY SHERIFF'S OFFICE,250930247,AUSTIN,DISREGARD STOP SIGN OR LIGHT,TRAVIS,2025-04-03,B - SUSPECTED MINOR INJURY,0,NO DATA,87 - DELL CHILDRENS MEDICAL CENTER,6.27,40,No Data,No Data,No Data,78641,78641,No,5TFRM5F10FX088962,37,1 - MALE,N - NOT INJURED,0,1,1 - FRONT LEFT OR MOTORCYCLE DRIVER
20736874,Yes,MINERAL WELLS POLICE DEPARTMENT,250000607,MINERAL WELLS,BACKED WITHOUT SAFETY; DISTRACTION IN VEHICLE; DRIVER INATTENTION,PALO PINTO,2025-04-03,N - NOT INJURED,0,NO DATA,No Data,No Data,NE,20 - DRIVER INATTENTION,3 - BACKED WITHOUT SAFETY,No Data,35578,35578,No,1FT7W2BT4NED02496,25,1 - MALE,N - NOT INJURED,0,1,1 - FRONT LEFT OR MOTORCYCLE DRIVER
20736880,Yes,SAN ANGELO POLICE DEPARTMENT,20250003635,SAN ANGELO,FAILED TO YIELD RIGHT OF WAY - PRIVATE DRIVE,TOM GREEN,2025-04-03,N - NOT INJURED,0,NO DATA,230 - SHANNON MEDICAL CENTER,0.685,,34 - FAILED TO YIELD RIGHT OF WAY - PRIVATE DRIVE,No Data,No Data,76901,76901,No,1FAHP3K23CL256401,16,1 - MALE,N - NOT INJURED,0,1,1 - FRONT LEFT OR MOTORCYCLE DRIVER
20736880,Yes,SAN ANGELO POLICE DEPARTMENT,20250003635,SAN ANGELO,FAILED TO YIELD RIGHT OF WAY - PRIVATE DRIVE,TOM GREEN,2025-04-03,N - NOT INJURED,0,NO DATA,230 - SHANNON MEDICAL CENTER,0.685,,No Data,No Data,No Data,76904,76904,No,1C4HJXFN9LW240452,42,1 - MALE,N - NOT INJURED,0,1,1 - FRONT LEFT OR MOTORCYCLE DRIVER
20736905,Yes,DENTON POLICE DEPARTMENT,25055037,CORINTH (DENTON),FAILED TO CONTROL SPEED,DENTON,2025-04-03,C - POSSIBLE INJURY,0,NO DATA,152 - MEDICAL CITY DENTON,1.339,,22 - FAILED TO CONTROL SPEED,No Data,No Data,29732,29732,No,1XKYDP9XXGJ983794,60,1 - MALE,N - NOT INJURED,0,1,1 - FRONT LEFT OR MOTORCYCLE DRIVER
20736905,Yes,DENTON POLICE DEPARTMENT,25055037,CORINTH (DENTON),FAILED TO CONTROL SPEED,DENTON,2025-04-03,C - POSSIBLE INJURY,0,NO DATA,152 - MEDICAL CITY DENTON,1.339,,No Data,No Data,No Data,76266,76266,No,1FTEX1CM8EFD08995,63,2 - FEMALE,C - POSSIBLE INJURY,0,1,1 - FRONT LEFT OR MOTORCYCLE DRIVER
20736905,Yes,DENTON POLICE DEPARTMENT,25055037,CORINTH (DENTON),FAILED TO CONTROL SPEED,DENTON,2025-04-03,C - POSSIBLE INJURY,0,NO DATA,152 - MEDICAL CITY DENTON,1.339,,No Data,No Data,No Data,76266,76266,No,1FTEX1CM8EFD08995,71,1 - MALE,N - NOT INJURED,0,2,3 - FRONT RIGHT
20736906,Yes,HARRIS COUNTY CONSTABLE PRECINCT 7,250400018,OUTSIDE CITY LIMITS,FAILED TO DRIVE IN SINGLE LANE; FATIGUED OR ASLEEP,HARRIS,2025-04-03,N - NOT INJURED,0,NO DATA,124 - HCA HOUSTON HEALTHCARE PEARLAND,1.751,,23 - FAILED TO DRIVE IN SINGLE LANE,No Data,No Data,77055,77055,No,1FTFX1CT8DKG13141,50,1 - MALE,N - NOT INJURED,0,1,1 - FRONT LEFT OR MOTORCYCLE DRIVER
20736906,Yes,HARRIS COUNTY CONSTABLE PRECINCT 7,250400018,OUTSIDE CITY LIMITS,FAILED TO DRIVE IN SINGLE LANE; FATIGUED OR ASLEEP,HARRIS,2025-04-03,N - NOT INJURED,0,NO DATA,124 - HCA HOUSTON HEALTHCARE PEARLAND,1.751,,No Data,No Data,No Data,77047,77047,No,1GCPABEK3PZ270847,43,1 - MALE,N - NOT INJURED,0,1,1 - FRONT LEFT OR MOTORCYCLE DRIVER
20736907,Yes,CORPUS CHRISTI POLICE DEPARTMENT,C2501918,CORPUS CHRISTI,CHANGED LANE WHEN UNSAFE,NUECES,2025-04-03,N - NOT INJURED,0,NO DATA,61 - CHRISTUS SPOHN HOSPITAL CORPUS CHRISTI SOUTH,2.223,,4 - CHANGED LANE WHEN UNSAFE,No Data,No Data,78785,78785,No,1N4BL4EV0LC150548,24,2 - FEMALE,N - NOT INJURED,0,1,1 - FRONT LEFT OR MOTORCYCLE DRIVER
20736907,Yes,CORPUS CHRISTI POLICE DEPARTMENT,C2501918,CORPUS CHRISTI,CHANGED LANE WHEN UNSAFE,NUECES,2025-04-03,N - NOT INJURED,0,NO DATA,61 - CHRISTUS SPOHN HOSPITAL CORPUS CHRISTI SOUTH,2.223,,No Data,No Data,No Data,78411,78411,No,3GCUYDED7LG422201,28,1 - MALE,N - NOT INJURED,0,1,1 - FRONT LEFT OR MOTORCYCLE DRIVER
20736915,Yes,DALLAS POLICE DEPARTMENT,46342-2025,DALLAS,CHANGED LANE WHEN UNSAFE,DALLAS,2025-04-03,C - POSSIBLE INJURY,0,NO DATA,258 - TEXAS HEALTH PRESBYTERIAN HOSPITAL DALLAS,3.047,,4 - CHANGED LANE WHEN UNSAFE,No Data,No Data,75253,75253,No,3G1BE6SMXKS559296,28,2 - FEMALE,N - NOT INJURED,0,1,1 - FRONT LEFT OR MOTORCYCLE DRIVER
20736915,Yes,DALLAS POLICE DEPARTMENT,46342-2025,DALLAS,CHANGED LANE WHEN UNSAFE,DALLAS,2025-04-03,C - POSSIBLE INJURY,0,NO DATA,258 - TEXAS HEALTH PRESBYTERIAN HOSPITAL DALLAS,3.047,,No Data,No Data,No Data,75238,75238,No,1HGCR2F52HA070592,32,2 - FEMALE,C - POSSIBLE INJURY,0,1,1 - FRONT LEFT OR MOTORCYCLE DRIVER
20736915,Yes,DALLAS POLICE DEPARTMENT,46342-2025,DALLAS,CHANGED LANE WHEN UNSAFE,DALLAS,2025-04-03,C - POSSIBLE INJURY,0,NO DATA,258 - TEXAS HEALTH PRESBYTERIAN HOSPITAL DALLAS,3.047,,No Data,No Data,No Data,75126,75126,No,1FMSK7DH6NGB35070,33,2 - FEMALE,N - NOT INJURED,0,1,1 - FRONT LEFT OR MOTORCYCLE DRIVER
20736918,Yes,ODESSA POLICE DEPARTMENT,25-0003539,ODESSA,FAILED TO YIELD RIGHT OF WAY - STOP SIGN,ECTOR,2025-04-03,C - POSSIBLE INJURY,0,NO DATA,204 - ODESSA REGIONAL MEDICAL CENTER,0.138,,35 - FAILED TO YIELD RIGHT OF WAY - STOP SIGN,No Data,No Data,79761,79761,No,1GKS2DKL0NR201289,39,2 - FEMALE,N - NOT INJURED,0,1,1 - FRONT LEFT OR MOTORCYCLE DRIVER
20736918,Yes,ODESSA POLICE DEPARTMENT,25-0003539,ODESSA,FAILED TO YIELD RIGHT OF WAY - STOP SIGN,ECTOR,2025-04-03,C - POSSIBLE INJURY,0,NO DATA,204 - ODESSA REGIONAL MEDICAL CENTER,0.138,,No Data,No Data,No Data,79720,79720,No,JTHBA1D23H5050525,25,1 - MALE,N - NOT INJURED,0,1,1 - FRONT LEFT OR MOTORCYCLE DRIVER
20736918,Yes,ODESSA POLICE DEPARTMENT,25-0003539,ODESSA,FAILED TO YIELD RIGHT OF WAY - STOP SIGN,ECTOR,2025-04-03,C - POSSIBLE INJURY,0,NO DATA,204 - ODESSA REGIONAL MEDICAL CENTER,0.138,,No Data,No Data,No Data,79720,79720,No,JTHBA1D23H5050525,40,2 - FEMALE,C - POSSIBLE INJURY,0,2,3 - FRONT RIGHT
20736919,Yes,ODESSA POLICE DEPARTMENT,25-0003543,ODESSA,BACKED WITHOUT SAFETY,ECTOR,2025-04-03,N - NOT INJURED,0,NO DATA,147 - MEDICAL CENTER HOSPITAL,1.434,,3 - BACKED WITHOUT SAFETY,No Data,No Data,79761,79761,No,1HGCS128X8A028430,50,1 - MALE,N - NOT INJURED,0,1,1 - FRONT LEFT OR MOTORCYCLE DRIVER
20736919,Yes,ODESSA POLICE DEPARTMENT,25-0003543,ODESSA,BACKED WITHOUT SAFETY,ECTOR,2025-04-03,N - NOT INJURED,0,NO DATA,147 - MEDICAL CENTER HOSPITAL,1.434,,No Data,No Data,No Data,79763,79763,No,2C3CDXBG3HH654670,30,2 - FEMALE,N - NOT INJURED,0,1,1 - FRONT LEFT OR MOTORCYCLE DRIVER
20736921,Yes,DECATUR POLICE DEPARTMENT,202500011089,DECATUR,CHANGED LANE WHEN UNSAFE,WISE,2025-04-03,N - NOT INJURED,0,NO DATA,299 - WISE HEALTH SYSTEM,1.709,,4 - CHANGED LANE WHEN UNSAFE,No Data,No Data,60120,60120,No,3AKJHHDR3SSWF1461,62,1 - MALE,N - NOT INJURED,0,1,1 - FRONT LEFT OR MOTORCYCLE DRIVER
20736921,Yes,DECATUR POLICE DEPARTMENT,202500011089,DECATUR,CHANGED LANE WHEN UNSAFE,WISE,2025-04-03,N - NOT INJURED,0,NO DATA,299 - WISE HEALTH SYSTEM,1.709,,No Data,No Data,No Data,76262,75024,No,5YFB4MDE4SP231339,45,1 - MALE,N - NOT INJURED,0,1,1 - FRONT LEFT OR MOTORCYCLE DRIVER
20736936,Yes,DENTON POLICE DEPARTMENT,25055095,DENTON,FATIGUED OR ASLEEP,DENTON,2025-04-03,B - SUSPECTED MINOR INJURY,0,NO DATA,152 - MEDICAL CITY DENTON,4.375,,No Data,No Data,No Data,75078,75078,No,1FADP3F25JL258902,21,2 - FEMALE,B - SUSPECTED MINOR INJURY,1,1,1 - FRONT LEFT OR MOTORCYCLE DRIVER
20736947,Yes,HUNTSVILLE POLICE DEPARTMENT,25013078,HUNTSVILLE,NONE,WALKER,2025-04-03,99 - UNKNOWN,0,NO DATA,No Data,No Data,,No Data,No Data,No Data,,No Data,Yes,No Data,No Data,99 - UNKNOWN,99 - UNKNOWN,0,1,1 - FRONT LEFT OR MOTORCYCLE DRIVER
20736958,Yes,"DEPARTMENT OF PUBLIC SAFETY, STATE OF TEXAS",TX 2025-517694,NIEDERWALD,DROVE ON IMPROVED SHOULDER,CALDWELL,2025-04-03,N - NOT INJURED,0,NO DATA,4 - ASCENSION SETON HAYS,6.214,6B,79 - DROVE ON IMPROVED SHOULDER,No Data,No Data,78644,78644,No,1FMCU0GX5EUA85076,56,2 - FEMALE,N - NOT INJURED,0,1,1 - FRONT LEFT OR MOTORCYCLE DRIVER
20736958,Yes,"DEPARTMENT OF PUBLIC SAFETY, STATE OF TEXAS",TX 2025-517694,NIEDERWALD,DROVE ON IMPROVED SHOULDER,CALDWELL,2025-04-03,N - NOT INJURED,0,NO DATA,4 - ASCENSION SETON HAYS,6.214,6B,No Data,No Data,No Data,78616,78644,No,4DRBUC8N1LB181628,59,1 - MALE,N - NOT INJURED,0,1,1 - FRONT LEFT OR MOTORCYCLE DRIVER
20736958,Yes,"DEPARTMENT OF PUBLIC SAFETY, STATE OF TEXAS",TX 2025-517694,NIEDERWALD,DROVE ON IMPROVED SHOULDER,CALDWELL,2025-04-03,N - NOT INJURED,0,NO DATA,4 - ASCENSION SETON HAYS,6.214,6B,No Data,No Data,No Data,78616,78644,No,4DRBUC8N1LB181628,6,2 - FEMALE,N - NOT INJURED,0,2,14 - PASSENGER IN BUS
20736958,Yes,"DEPARTMENT OF PUBLIC SAFETY, STATE OF TEXAS",TX 2025-517694,NIEDERWALD,DROVE ON IMPROVED SHOULDER,CALDWELL,2025-04-03,N - NOT INJURED,0,NO DATA,4 - ASCENSION SETON HAYS,6.214,6B,No Data,No Data,No Data,78616,78644,No,4DRBUC8N1LB181628,11,1 - MALE,N - NOT INJURED,0,3,14 - PASSENGER IN BUS
20736958,Yes,"DEPARTMENT OF PUBLIC SAFETY, STATE OF TEXAS",TX 2025-517694,NIEDERWALD,DROVE ON IMPROVED SHOULDER,CALDWELL,2025-04-03,N - NOT INJURED,0,NO DATA,4 - ASCENSION SETON HAYS,6.214,6B,No Data,No Data,No Data,78616,78644,No,4DRBUC8N1LB181628,11,1 - MALE,N - NOT INJURED,0,4,14 - PASSENGER IN BUS
20736958,Yes,"DEPARTMENT OF PUBLIC SAFETY, STATE OF TEXAS",TX 2025-517694,NIEDERWALD,DROVE ON IMPROVED SHOULDER,CALDWELL,2025-04-03,N - NOT INJURED,0,NO DATA,4 - ASCENSION SETON HAYS,6.214,6B,No Data,No Data,No Data,78616,78644,No,4DRBUC8N1LB181628,8,2 - FEMALE,N - NOT INJURED,0,5,14 - PASSENGER IN BUS
20736958,Yes,"DEPARTMENT OF PUBLIC SAFETY, STATE OF TEXAS",TX 2025-517694,NIEDERWALD,DROVE ON IMPROVED SHOULDER,CALDWELL,2025-04-03,N - NOT INJURED,0,NO DATA,4 - ASCENSION SETON HAYS,6.214,6B,No Data,No Data,No Data,78616,78644,No,4DRBUC8N1LB181628,8,1 - MALE,N - NOT INJURED,0,6,14 - PASSENGER IN BUS
20736958,Yes,"DEPARTMENT OF PUBLIC SAFETY, STATE OF TEXAS",TX 2025-517694,NIEDERWALD,DROVE ON IMPROVED SHOULDER,CALDWELL,2025-04-03,N - NOT INJURED,0,NO DATA,4 - ASCENSION SETON HAYS,6.214,6B,No Data,No Data,No Data,78616,78644,No,4DRBUC8N1LB181628,7,1 - MALE,N - NOT INJURED,0,7,14 - PASSENGER IN BUS
20736958,Yes,"DEPARTMENT OF PUBLIC SAFETY, STATE OF TEXAS",TX 2025-517694,NIEDERWALD,DROVE ON IMPROVED SHOULDER,CALDWELL,2025-04-03,N - NOT INJURED,0,NO DATA,4 - ASCENSION SETON HAYS,6.214,6B,No Data,No Data,No Data,78616,78644,No,4DRBUC8N1LB181628,10,1 - MALE,N - NOT INJURED,0,8,14 - PASSENGER IN BUS
20736958,Yes,"DEPARTMENT OF PUBLIC SAFETY, STATE OF TEXAS",TX 2025-517694,NIEDERWALD,DROVE ON IMPROVED SHOULDER,CALDWELL,2025-04-03,N - NOT INJURED,0,NO DATA,4 - ASCENSION SETON HAYS,6.214,6B,No Data,No Data,No Data,78616,78644,No,4DRBUC8N1LB181628,9,1 - MALE,N - NOT INJURED,0,9,14 - PASSENGER IN BUS
20736977,Yes,CASTLE HILLS POLICE DEPARTMENT,2025-04-0012,SAN ANTONIO,FAILED TO CONTROL SPEED,BEXAR,2025-04-03,N - NOT INJURED,0,NO DATA,53 - CHRISTUS SANTA ROSA HOSPITAL - ALAMO HEIGHTS,2.112,2,22 - FAILED TO CONTROL SPEED,No Data,No Data,78245,78245,Yes,1FMYU02Z66KC87405,51,1 - MALE,N - NOT INJURED,0,1,1 - FRONT LEFT OR MOTORCYCLE DRIVER
20736977,Yes,CASTLE HILLS POLICE DEPARTMENT,2025-04-0012,SAN ANTONIO,FAILED TO CONTROL SPEED,BEXAR,2025-04-03,N - NOT INJURED,0,NO DATA,53 - CHRISTUS SANTA ROSA HOSPITAL - ALAMO HEIGHTS,2.112,2,No Data,No Data,No Data,78254,78254,No,W1N9M0CB9PN027681,48,1 - MALE,N - NOT INJURED,0,1,1 - FRONT LEFT OR MOTORCYCLE DRIVER
20736978,Yes,EULESS POLICE DEPARTMENT,2500013447,EULESS,DRIVER INATTENTION,TARRANT,2025-04-03,N - NOT INJURED,0,NO DATA,257 - TEXAS HEALTH HARRIS METHODIST HOSPITAL HURST-EULESS-BEDFORD,3.118,3,20 - DRIVER INATTENTION,No Data,No Data,,76040,Yes,1HGCM567X6A067678,No Data,99 - UNKNOWN,99 - UNKNOWN,0,1,1 - FRONT LEFT OR MOTORCYCLE DRIVER
20736978,Yes,EULESS POLICE DEPARTMENT,2500013447,EULESS,DRIVER INATTENTION,TARRANT,2025-04-03,N - NOT INJURED,0,NO DATA,257 - TEXAS HEALTH HARRIS METHODIST HOSPITAL HURST-EULESS-BEDFORD,3.118,3,No Data,No Data,No Data,76022,76022,No,2C3CCAAG7GH212023,38,2 - FEMALE,N - NOT INJURED,0,1,1 - FRONT LEFT OR MOTORCYCLE DRIVER
20736982,Yes,BAYTOWN POLICE DEPARTMENT,2025-15824,BAYTOWN,DRIVER INATTENTION,HARRIS,2025-04-03,B - SUSPECTED MINOR INJURY,0,NO DATA,122 - HCA HOUSTON HEALTHCARE SOUTHEAST,15.609,,No Data,No Data,No Data,77521,77521,No,1N4BL4CV8RN327458,36,1 - MALE,B - SUSPECTED MINOR INJURY,1,1,1 - FRONT LEFT OR MOTORCYCLE DRIVER
20736982,Yes,BAYTOWN POLICE DEPARTMENT,2025-15824,BAYTOWN,DRIVER INATTENTION,HARRIS,2025-04-03,B - SUSPECTED MINOR INJURY,0,NO DATA,122 - HCA HOUSTON HEALTHCARE SOUTHEAST,15.609,,20 - DRIVER INATTENTION,No Data,No Data,77521,77521,No,1G1ZB5E14BF327364,75,2 - FEMALE,B - SUSPECTED MINOR INJURY,1,1,1 - FRONT LEFT OR MOTORCYCLE DRIVER
20736982,Yes,BAYTOWN POLICE DEPARTMENT,2025-15824,BAYTOWN,DRIVER INATTENTION,HARRIS,2025-04-03,B - SUSPECTED MINOR INJURY,0,NO DATA,122 - HCA HOUSTON HEALTHCARE SOUTHEAST,15.609,,No Data,No Data,No Data,77521,No Data,No,5J6RW1H27LL009583,52,2 - FEMALE,B - SUSPECTED MINOR INJURY,1,1,1 - FRONT LEFT OR MOTORCYCLE DRIVER
20736983,Yes,SAN ANTONIO POLICE DEPARTMENT,SAPD25065945,SAN ANTONIO,DISREGARD STOP AND GO SIGNAL; FOLLOWED TOO CLOSELY,BEXAR,2025-04-03,N - NOT INJURED,0,NO DATA,187 - MISSION TRAIL BAPTIST HOSPITAL,2.696,60,44 - FOLLOWED TOO CLOSELY,15 - DISREGARD STOP AND GO SIGNAL,No Data,78227,78228,No,1FTZF07241KB09841,32,2 - FEMALE,N - NOT INJURED,0,1,1 - FRONT LEFT OR MOTORCYCLE DRIVER
20736983,Yes,SAN ANTONIO POLICE DEPARTMENT,SAPD25065945,SAN ANTONIO,DISREGARD STOP AND GO SIGNAL; FOLLOWED TOO CLOSELY,BEXAR,2025-04-03,N - NOT INJURED,0,NO DATA,187 - MISSION TRAIL BAPTIST HOSPITAL,2.696,60,No Data,No Data,No Data,78221,78221,No,2GTEC19V231114978,46,1 - MALE,N - NOT INJURED,0,1,1 - FRONT LEFT OR MOTORCYCLE DRIVER
20736983,Yes,SAN ANTONIO POLICE DEPARTMENT,SAPD25065945,SAN ANTONIO,DISREGARD STOP AND GO SIGNAL; FOLLOWED TOO CLOSELY,BEXAR,2025-04-03,N - NOT INJURED,0,NO DATA,187 - MISSION TRAIL BAPTIST HOSPITAL,2.696,60,No Data,No Data,No Data,78221,78221,No,5NPEB4AC1BH094654,36,1 - MALE,N - NOT INJURED,0,1,1 - FRONT LEFT OR MOTORCYCLE DRIVER
20736983,Yes,SAN ANTONIO POLICE DEPARTMENT,SAPD25065945,SAN ANTONIO,DISREGARD STOP AND GO SIGNAL; FOLLOWED TOO CLOSELY,BEXAR,2025-04-03,N - NOT INJURED,0,NO DATA,187 - MISSION TRAIL BAPTIST HOSPITAL,2.696,60,No Data,No Data,No Data,78221,78221,No,5NPEB4AC1BH094654,15,1 - MALE,N - NOT INJURED,0,2,3 - FRONT RIGHT
20736983,Yes,SAN ANTONIO POLICE DEPARTMENT,SAPD25065945,SAN ANTONIO,DISREGARD STOP AND GO SIGNAL; FOLLOWED TOO CLOSELY,BEXAR,2025-04-03,N - NOT INJURED,0,NO DATA,187 - MISSION TRAIL BAPTIST HOSPITAL,2.696,60,No Data,No Data,No Data,78221,78221,No,5NPEB4AC1BH094654,10,1 - MALE,N - NOT INJURED,0,3,6 - SECOND SEAT RIGHT
20736984,Yes,BAYTOWN POLICE DEPARTMENT,2025-15810,BAYTOWN,DRIVER INATTENTION; FAILED TO CONTROL SPEED,HARRIS,2025-04-03,N - NOT INJURED,0,NO DATA,122 - HCA HOUSTON HEALTHCARE SOUTHEAST,14.837,,22 - FAILED TO CONTROL SPEED,No Data,No Data,77521,77521,No,3MEFM08146R604721,23,2 - FEMALE,N - NOT INJURED,0,1,1 - FRONT LEFT OR MOTORCYCLE DRIVER
20736993,Yes,GALVESTON COUNTY SHERIFF'S OFFICE,25-00001289,TEXAS CITY,FAILED TO CONTROL SPEED; FAULTY EVASIVE ACTION,GALVESTON,2025-04-03,B - SUSPECTED MINOR INJURY,0,NO DATA,117 - HCA HOUSTON HEALTHCARE MAINLAND,2.135,,22 - FAILED TO CONTROL SPEED,41 - FAULTY EVASIVE ACTION,No Data,77058,77058,No,5XYPK4A59KG451659,37,2 - FEMALE,B - SUSPECTED MINOR INJURY,1,1,1 - FRONT LEFT OR MOTORCYCLE DRIVER
20736993,Yes,GALVESTON COUNTY SHERIFF'S OFFICE,25-00001289,TEXAS CITY,FAILED TO CONTROL SPEED; FAULTY EVASIVE ACTION,GALVESTON,2025-04-03,B - SUSPECTED MINOR INJURY,0,NO DATA,117 - HCA HOUSTON HEALTHCARE MAINLAND,2.135,,22 - FAILED TO CONTROL SPEED,41 - FAULTY EVASIVE ACTION,No Data,77058,77058,No,5XYPK4A59KG451659,33,2 - FEMALE,B - SUSPECTED MINOR INJURY,1,2,3 - FRONT RIGHT
20736993,Yes,GALVESTON COUNTY SHERIFF'S OFFICE,25-00001289,TEXAS CITY,FAILED TO CONTROL SPEED; FAULTY EVASIVE ACTION,GALVESTON,2025-04-03,B - SUSPECTED MINOR INJURY,0,NO DATA,117 - HCA HOUSTON HEALTHCARE MAINLAND,2.135,,No Data,No Data,No Data,77498,77498,No,KL77LGE2XRC162123,43,1 - MALE,N - NOT INJURED,0,1,1 - FRONT LEFT OR MOTORCYCLE DRIVER
20736993,Yes,GALVESTON COUNTY SHERIFF'S OFFICE,25-00001289,TEXAS CITY,FAILED TO CONTROL SPEED; FAULTY EVASIVE ACTION,GALVESTON,2025-04-03,B - SUSPECTED MINOR INJURY,0,NO DATA,117 - HCA HOUSTON HEALTHCARE MAINLAND,2.135,,No Data,No Data,No Data,77568,77568,No,1FAHP35N48W133668,44,1 - MALE,N - NOT INJURED,0,1,1 - FRONT LEFT OR MOTORCYCLE DRIVER
20737002,Yes,HARRIS COUNTY CONSTABLE PRECINCT 2,2504-00032,OUTSIDE CITY LIMITS,FAILED TO YIELD RIGHT OF WAY - STOP SIGN,HARRIS,2025-04-03,N - NOT INJURED,0,NO DATA,166 - MEMORIAL HERMANN SOUTHEAST HOSPITAL,1.571,,35 - FAILED TO YIELD RIGHT OF WAY - STOP SIGN,No Data,No Data,77089,77089,No,1N4AL3AP3DC239285,19,2 - FEMALE,N - NOT INJURED,0,1,1 - FRONT LEFT OR MOTORCYCLE DRIVER
20737002,Yes,HARRIS COUNTY CONSTABLE PRECINCT 2,2504-00032,OUTSIDE CITY LIMITS,FAILED TO YIELD RIGHT OF WAY - STOP SIGN,HARRIS,2025-04-03,N - NOT INJURED,0,NO DATA,166 - MEMORIAL HERMANN SOUTHEAST HOSPITAL,1.571,,No Data,No Data,No Data,77089,77089,No,1GCEC19V2YZ141449,55,2 - FEMALE,N - NOT INJURED,0,1,1 - FRONT LEFT OR MOTORCYCLE DRIVER
20737002,Yes,HARRIS COUNTY CONSTABLE PRECINCT 2,2504-00032,OUTSIDE CITY LIMITS,FAILED TO YIELD RIGHT OF WAY - STOP SIGN,HARRIS,2025-04-03,N - NOT INJURED,0,NO DATA,166 - MEMORIAL HERMANN SOUTHEAST HOSPITAL,1.571,,No Data,No Data,No Data,77089,77089,No,1GCEC19V2YZ141449,11,1 - MALE,N - NOT INJURED,0,2,6 - SECOND SEAT RIGHT
20737023,Yes,PORTLAND POLICE DEPARTMENT,25P15435,PORTLAND,CHANGED LANE WHEN UNSAFE,SAN PATRICIO,2025-04-03,N - NOT INJURED,0,NO DATA,59 - CHRISTUS SPOHN HOSPITAL CORPUS CHRISTI SHORELINE,9.107,PH,4 - CHANGED LANE WHEN UNSAFE,No Data,No Data,78362,78362,No,2T3C1RFV7NC198601,41,1 - MALE,N - NOT INJURED,0,1,1 - FRONT LEFT OR MOTORCYCLE DRIVER
20737023,Yes,PORTLAND POLICE DEPARTMENT,25P15435,PORTLAND,CHANGED LANE WHEN UNSAFE,SAN PATRICIO,2025-04-03,N - NOT INJURED,0,NO DATA,59 - CHRISTUS SPOHN HOSPITAL CORPUS CHRISTI SHORELINE,9.107,PH,4 - CHANGED LANE WHEN UNSAFE,No Data,No Data,78362,78362,No,2T3C1RFV7NC198601,45,1 - MALE,N - NOT INJURED,0,2,3 - FRONT RIGHT
20737023,Yes,PORTLAND POLICE DEPARTMENT,25P15435,PORTLAND,CHANGED LANE WHEN UNSAFE,SAN PATRICIO,2025-04-03,N - NOT INJURED,0,NO DATA,59 - CHRISTUS SPOHN HOSPITAL CORPUS CHRISTI SHORELINE,9.107,PH,No Data,No Data,No Data,78374,78374,No,1C4RDHAG0LC381311,33,2 - FEMALE,N - NOT INJURED,0,1,1 - FRONT LEFT OR MOTORCYCLE DRIVER
20737038,Yes,SAN ANTONIO POLICE DEPARTMENT,SAPD25065998,SAN ANTONIO,FAILED TO YIELD RIGHT OF WAY - STOP SIGN,BEXAR,2025-04-03,B - SUSPECTED MINOR INJURY,0,NO DATA,187 - MISSION TRAIL BAPTIST HOSPITAL,4.755,60,35 - FAILED TO YIELD RIGHT OF WAY - STOP SIGN,No Data,No Data,78221,78221,No,1ZVFT80N755107792,39,2 - FEMALE,B - SUSPECTED MINOR INJURY,1,1,1 - FRONT LEFT OR MOTORCYCLE DRIVER
20737038,Yes,SAN ANTONIO POLICE DEPARTMENT,SAPD25065998,SAN ANTONIO,FAILED TO YIELD RIGHT OF WAY - STOP SIGN,BEXAR,2025-04-03,B - SUSPECTED MINOR INJURY,0,NO DATA,187 - MISSION TRAIL BAPTIST HOSPITAL,4.755,60,No Data,No Data,No Data,78221,78221,No,2T3ZFREV8EW096235,68,2 - FEMALE,B - SUSPECTED MINOR INJURY,1,1,1 - FRONT LEFT OR MOTORCYCLE DRIVER
20737043,Yes,WAXAHACHIE POLICE DEPARTMENT,250403-14411,WAXAHACHIE,FAILED TO CONTROL SPEED; FAULTY EVASIVE ACTION,ELLIS,2025-04-03,N - NOT INJURED,0,NO DATA,30 - BAYLOR SCOTT & WHITE MEDICAL CENTER AT WAXAHACHIE,0.16,,22 - FAILED TO CONTROL SPEED,No Data,No Data,75054,75054,No,1N6AA07AX4N511527,21,1 - MALE,N - NOT INJURED,0,1,1 - FRONT LEFT OR MOTORCYCLE DRIVER
20737045,Yes,WAXAHACHIE POLICE DEPARTMENT,250403-14445,WAXAHACHIE,DRIVER INATTENTION; FAILED TO CONTROL SPEED,ELLIS,2025-04-03,N - NOT INJURED,0,NO DATA,30 - BAYLOR SCOTT & WHITE MEDICAL CENTER AT WAXAHACHIE,1.282,,22 - FAILED TO CONTROL SPEED,20 - DRIVER INATTENTION,No Data,75165,75165,No,1FTEW1CPXGKF95098,51,1 - MALE,N - NOT INJURED,0,1,1 - FRONT LEFT OR MOTORCYCLE DRIVER
20737045,Yes,WAXAHACHIE POLICE DEPARTMENT,250403-14445,WAXAHACHIE,DRIVER INATTENTION; FAILED TO CONTROL SPEED,ELLIS,2025-04-03,N - NOT INJURED,0,NO DATA,30 - BAYLOR SCOTT & WHITE MEDICAL CENTER AT WAXAHACHIE,1.282,,No Data,No Data,No Data,75165,75165,No,1B3HB48B27D173873,48,2 - FEMALE,N - NOT INJURED,0,1,1 - FRONT LEFT OR MOTORCYCLE DRIVER
20737047,Yes,WAXAHACHIE POLICE DEPARTMENT,250403-14414,WAXAHACHIE,FAILED TO CONTROL SPEED,ELLIS,2025-04-03,B - SUSPECTED MINOR INJURY,0,NO DATA,30 - BAYLOR SCOTT & WHITE MEDICAL CENTER AT WAXAHACHIE,0.432,,22 - FAILED TO CONTROL SPEED,No Data,No Data,75165,75165,No,5XXG64J22MG032666,31,2 - FEMALE,B - SUSPECTED MINOR INJURY,1,1,1 - FRONT LEFT OR MOTORCYCLE DRIVER
20737047,Yes,WAXAHACHIE POLICE DEPARTMENT,250403-14414,WAXAHACHIE,FAILED TO CONTROL SPEED,ELLIS,2025-04-03,B - SUSPECTED MINOR INJURY,0,NO DATA,30 - BAYLOR SCOTT & WHITE MEDICAL CENTER AT WAXAHACHIE,0.432,,No Data,No Data,No Data,75165,75165,No,5TDCZRAHXLS013187,36,2 - FEMALE,C - POSSIBLE INJURY,0,1,1 - FRONT LEFT OR MOTORCYCLE DRIVER
20737047,Yes,WAXAHACHIE POLICE DEPARTMENT,250403-14414,WAXAHACHIE,FAILED TO CONTROL SPEED,ELLIS,2025-04-03,B - SUSPECTED MINOR INJURY,0,NO DATA,30 - BAYLOR SCOTT & WHITE MEDICAL CENTER AT WAXAHACHIE,0.432,,No Data,No Data,No Data,75165,75165,No,5TDCZRAHXLS013187,1,1 - MALE,C - POSSIBLE INJURY,0,2,4 - SECOND SEAT LEFT OR MOTORCYCLE BACK PASSENGER
20737059,Yes,CORPUS CHRISTI POLICE DEPARTMENT,C2501923,CORPUS CHRISTI,FAILED TO CONTROL SPEED,NUECES,2025-04-03,N - NOT INJURED,0,NO DATA,59 - CHRISTUS SPOHN HOSPITAL CORPUS CHRISTI SHORELINE,2.865,,22 - FAILED TO CONTROL SPEED,No Data,No Data,76693,78413,No,1N4AL11D76N354019,23,1 - MALE,N - NOT INJURED,0,1,1 - FRONT LEFT OR MOTORCYCLE DRIVER
20737059,Yes,CORPUS CHRISTI POLICE DEPARTMENT,C2501923,CORPUS CHRISTI,FAILED TO CONTROL SPEED,NUECES,2025-04-03,N - NOT INJURED,0,NO DATA,59 - CHRISTUS SPOHN HOSPITAL CORPUS CHRISTI SHORELINE,2.865,,No Data,No Data,No Data,77963,77963,No,3GCPCREC1GG179930,37,1 - MALE,N - NOT INJURED,0,1,1 - FRONT LEFT OR MOTORCYCLE DRIVER
20737069,Yes,DENTON POLICE DEPARTMENT,25055078,DENTON,FAILED TO YIELD RIGHT OF WAY - STOP SIGN,DENTON,2025-04-03,B - SUSPECTED MINOR INJURY,0,NO DATA,152 - MEDICAL CITY DENTON,4.678,,35 - FAILED TO YIELD RIGHT OF WAY - STOP SIGN,No Data,No Data,75253,801124223,No,1FTFX1E51JKF44125,47,1 - MALE,N - NOT INJURED,0,1,1 - FRONT LEFT OR MOTORCYCLE DRIVER
20737069,Yes,DENTON POLICE DEPARTMENT,25055078,DENTON,FAILED TO YIELD RIGHT OF WAY - STOP SIGN,DENTON,2025-04-03,B - SUSPECTED MINOR INJURY,0,NO DATA,152 - MEDICAL CITY DENTON,4.678,,35 - FAILED TO YIELD RIGHT OF WAY - STOP SIGN,No Data,No Data,75253,801124223,No,1FTFX1E51JKF44125,41,1 - MALE,B - SUSPECTED MINOR INJURY,1,2,3 - FRONT RIGHT
20737069,Yes,DENTON POLICE DEPARTMENT,25055078,DENTON,FAILED TO YIELD RIGHT OF WAY - STOP SIGN,DENTON,2025-04-03,B - SUSPECTED MINOR INJURY,0,NO DATA,152 - MEDICAL CITY DENTON,4.678,,35 - FAILED TO YIELD RIGHT OF WAY - STOP SIGN,No Data,No Data,75253,801124223,No,1FTFX1E51JKF44125,27,1 - MALE,C - POSSIBLE INJURY,0,3,6 - SECOND SEAT RIGHT
20737069,Yes,DENTON POLICE DEPARTMENT,25055078,DENTON,FAILED TO YIELD RIGHT OF WAY - STOP SIGN,DENTON,2025-04-03,B - SUSPECTED MINOR INJURY,0,NO DATA,152 - MEDICAL CITY DENTON,4.678,,No Data,No Data,No Data,75077,75077,No,JN1HZ14S4GX164270,17,1 - MALE,N - NOT INJURED,0,1,1 - FRONT LEFT OR MOTORCYCLE DRIVER
20737073,Yes,LEWISVILLE POLICE DEPARTMENT,25-02638,LEWISVILLE,CHANGED LANE WHEN UNSAFE; DRIVER INATTENTION,DENTON,2025-04-03,N - NOT INJURED,0,NO DATA,156 - MEDICAL CITY LEWISVILLE,2.757,,4 - CHANGED LANE WHEN UNSAFE,No Data,No Data,75067,75067,No,1NXBR32E68Z050748,20,1 - MALE,N - NOT INJURED,0,1,1 - FRONT LEFT OR MOTORCYCLE DRIVER
20737073,Yes,LEWISVILLE POLICE DEPARTMENT,25-02638,LEWISVILLE,CHANGED LANE WHEN UNSAFE; DRIVER INATTENTION,DENTON,2025-04-03,N - NOT INJURED,0,NO DATA,156 - MEDICAL CITY LEWISVILLE,2.757,,No Data,No Data,No Data,75068,75068,No,3GTU2WEJ7FG323420,29,1 - MALE,N - NOT INJURED,0,1,1 - FRONT LEFT OR MOTORCYCLE DRIVER
20737075,Yes,MAVERICK COUNTY SHERIFF'S OFFICE,MC25001129,OUTSIDE CITY LIMITS,DISREGARD STOP SIGN OR LIGHT; DISTRACTION IN VEHICLE,MAVERICK,2025-04-03,99 - UNKNOWN,0,NO DATA,101 - FORT DUNCAN REGIONAL MEDICAL CENTER,3.824,,16 - DISREGARD STOP SIGN OR LIGHT,No Data,No Data,78852,78852,No,1FAHP35NX8W228283,48,2 - FEMALE,99 - UNKNOWN,0,1,1 - FRONT LEFT OR MOTORCYCLE DRIVER
20737075,Yes,MAVERICK COUNTY SHERIFF'S OFFICE,MC25001129,OUTSIDE CITY LIMITS,DISREGARD STOP SIGN OR LIGHT; DISTRACTION IN VEHICLE,MAVERICK,2025-04-03,99 - UNKNOWN,0,NO DATA,101 - FORT DUNCAN REGIONAL MEDICAL CENTER,3.824,,No Data,No Data,No Data,78852,78852,No,ZACNJABB5KPK05072,28,2 - FEMALE,99 - UNKNOWN,0,1,1 - FRONT LEFT OR MOTORCYCLE DRIVER
20737075,Yes,MAVERICK COUNTY SHERIFF'S OFFICE,MC25001129,OUTSIDE CITY LIMITS,DISREGARD STOP SIGN OR LIGHT; DISTRACTION IN VEHICLE,MAVERICK,2025-04-03,99 - UNKNOWN,0,NO DATA,101 - FORT DUNCAN REGIONAL MEDICAL CENTER,3.824,,No Data,No Data,No Data,78852,78852,No,ZACNJABB5KPK05072,29,2 - FEMALE,99 - UNKNOWN,0,2,3 - FRONT RIGHT
20737077,Yes,SAN ANTONIO POLICE DEPARTMENT,SAPD25065822,SAN ANTONIO,CHANGED LANE WHEN UNSAFE,BEXAR,2025-04-03,N - NOT INJURED,0,NO DATA,34 - BROOKE ARMY MEDICAL CENTER,4.816,70,4 - CHANGED LANE WHEN UNSAFE,No Data,No Data,78256,78015,No,WBA4A5C59FGK15621,30,2 - FEMALE,N - NOT INJURED,0,1,1 - FRONT LEFT OR MOTORCYCLE DRIVER
20737077,Yes,SAN ANTONIO POLICE DEPARTMENT,SAPD25065822,SAN ANTONIO,CHANGED LANE WHEN UNSAFE,BEXAR,2025-04-03,N - NOT INJURED,0,NO DATA,34 - BROOKE ARMY MEDICAL CENTER,4.816,70,No Data,No Data,No Data,78230,78852,No,4T1B11HK4KU258966,24,1 - MALE,N - NOT INJURED,0,1,1 - FRONT LEFT OR MOTORCYCLE DRIVER
20737078,Yes,SAN ANTONIO POLICE DEPARTMENT,SAPD25065827,SAN ANTONIO,CHANGED LANE WHEN UNSAFE;FAILED TO YIELD RIGHT OF WAY - YIELD SIGN;TURNED WHEN UNSAFE,BEXAR,2025-04-03,99 - UNKNOWN,0,NO DATA,181 - METHODIST SPECIALTY & TRANSPLANT HOSPITAL,2.117,70,66 - TURNED WHEN UNSAFE,4 - CHANGED LANE WHEN UNSAFE,39 - FAILED TO YIELD RIGHT OF WAY - YIELD SIGN,,No Data,Yes,No Data,No Data,99 - UNKNOWN,99 - UNKNOWN,0,1,1 - FRONT LEFT OR MOTORCYCLE DRIVER
20737081,Yes,MARBLE FALLS POLICE DEPARTMENT,25MF04017,MARBLE FALLS,FAILED TO YIELD RIGHT OF WAY - TURNING LEFT,BURNET,2025-04-03,B - SUSPECTED MINOR INJURY,0,NO DATA,23 - BAYLOR SCOTT & WHITE MEDICAL CENTER - MARBLE FALLS,5.002,,37 - FAILED TO YIELD RIGHT OF WAY - TURNING LEFT,No Data,No Data,78654,78654,No,5XYRHDLF8PG224368,80,2 - FEMALE,C - POSSIBLE INJURY,0,1,1 - FRONT LEFT OR MOTORCYCLE DRIVER
20737081,Yes,MARBLE FALLS POLICE DEPARTMENT,25MF04017,MARBLE FALLS,FAILED TO YIELD RIGHT OF WAY - TURNING LEFT,BURNET,2025-04-03,B - SUSPECTED MINOR INJURY,0,NO DATA,23 - BAYLOR SCOTT & WHITE MEDICAL CENTER - MARBLE FALLS,5.002,,No Data,No Data,No Data,78639,78639,No,1GCDC14Z7PZ247707,54,1 - MALE,B - SUSPECTED MINOR INJURY,1,1,1 - FRONT LEFT OR MOTORCYCLE DRIVER
20737083,Yes,SNYDER POLICE DEPARTMENT,,SNYDER,DRIVER INATTENTION; FAILED TO CONTROL SPEED,SCURRY,2025-04-03,N - NOT INJURED,0,NO DATA,67 - COGDELL MEMORIAL HOSPITAL,1.597,,22 - FAILED TO CONTROL SPEED,20 - DRIVER INATTENTION,No Data,79549,79549,No,1FD0W4GT5FEB32412,19,1 - MALE,N - NOT INJURED,0,1,1 - FRONT LEFT OR MOTORCYCLE DRIVER
20737083,Yes,SNYDER POLICE DEPARTMENT,,SNYDER,DRIVER INATTENTION; FAILED TO CONTROL SPEED,SCURRY,2025-04-03,N - NOT INJURED,0,NO DATA,67 - COGDELL MEMORIAL HOSPITAL,1.597,,No Data,No Data,No Data,79549,79549,No,No Data,32,1 - MALE,N - NOT INJURED,0,1,1 - FRONT LEFT OR MOTORCYCLE DRIVER
20737084,Yes,CLUTE POLICE DEPARTMENT,202508406,CLUTE,FAILED TO YIELD RIGHT OF WAY - PRIVATE DRIVE,BRAZORIA,2025-04-03,N - NOT INJURED,0,NO DATA,285 - UTMB HEALTH ANGLETON DANBURY CAMPUS,11.618,,34 - FAILED TO YIELD RIGHT OF WAY - PRIVATE DRIVE,No Data,No Data,77531,77531,No,4T1K31AKXNU576101,48,1 - MALE,N - NOT INJURED,0,1,1 - FRONT LEFT OR MOTORCYCLE DRIVER
20737084,Yes,CLUTE POLICE DEPARTMENT,202508406,CLUTE,FAILED TO YIELD RIGHT OF WAY - PRIVATE DRIVE,BRAZORIA,2025-04-03,N - NOT INJURED,0,NO DATA,285 - UTMB HEALTH ANGLETON DANBURY CAMPUS,11.618,,No Data,No Data,No Data,77515,77515,No,JN8AS5MT8DW504707,47,2 - FEMALE,N - NOT INJURED,0,1,1 - FRONT LEFT OR MOTORCYCLE DRIVER
20737090,Yes,DALLAS POLICE DEPARTMENT,46535-2025,DALLAS,FAILED TO YIELD RIGHT OF WAY - TURNING LEFT;FAULTY EVASIVE ACTION,DALLAS,2025-04-03,C - POSSIBLE INJURY,0,NO DATA,85 - DALLAS REGIONAL MEDICAL CENTER,5.669,,41 - FAULTY EVASIVE ACTION,No Data,No Data,75150,75150,No,1G1PA5SH9E7482308,41,1 - MALE,N - NOT INJURED,0,1,1 - FRONT LEFT OR MOTORCYCLE DRIVER
20737090,Yes,DALLAS POLICE DEPARTMENT,46535-2025,DALLAS,FAILED TO YIELD RIGHT OF WAY - TURNING LEFT;FAULTY EVASIVE ACTION,DALLAS,2025-04-03,C - POSSIBLE INJURY,0,NO DATA,85 - DALLAS REGIONAL MEDICAL CENTER,5.669,,41 - FAULTY EVASIVE ACTION,No Data,No Data,75150,75150,No,1G1PA5SH9E7482308,46,1 - MALE,C - POSSIBLE INJURY,0,2,3 - FRONT RIGHT
20737090,Yes,DALLAS POLICE DEPARTMENT,46535-2025,DALLAS,FAILED TO YIELD RIGHT OF WAY - TURNING LEFT;FAULTY EVASIVE ACTION,DALLAS,2025-04-03,C - POSSIBLE INJURY,0,NO DATA,85 - DALLAS REGIONAL MEDICAL CENTER,5.669,,No Data,No Data,No Data,75217,75217,No,1G1XX68R2FW129470,67,1 - MALE,C - POSSIBLE INJURY,0,1,1 - FRONT LEFT OR MOTORCYCLE DRIVER
20737090,Yes,DALLAS POLICE DEPARTMENT,46535-2025,DALLAS,FAILED TO YIELD RIGHT OF WAY - TURNING LEFT;FAULTY EVASIVE ACTION,DALLAS,2025-04-03,C - POSSIBLE INJURY,0,NO DATA,85 - DALLAS REGIONAL MEDICAL CENTER,5.669,,37 - FAILED TO YIELD RIGHT OF WAY - TURNING LEFT,No Data,No Data,75217,75217,No,3N1CN7AP5EL835057,37,2 - FEMALE,N - NOT INJURED,0,1,1 - FRONT LEFT OR MOTORCYCLE DRIVER
20737098,Yes,SAM HOUSTON STATE UNIVERSITY POLICE DEPARTMENT,2500005019,HUNTSVILLE,DRIVER INATTENTION;FAILED TO YIELD RIGHT OF WAY - STOP SIGN,WALKER,2025-04-03,N - NOT INJURED,0,NO DATA,132 - HUNTSVILLE MEMORIAL HOSPITAL,1.466,,35 - FAILED TO YIELD RIGHT OF WAY - STOP SIGN,20 - DRIVER INATTENTION,No Data,75771,75771,No,2T2BZMCA7JC154055,18,2 - FEMALE,N - NOT INJURED,0,1,1 - FRONT LEFT OR MOTORCYCLE DRIVER
20737098,Yes,SAM HOUSTON STATE UNIVERSITY POLICE DEPARTMENT,2500005019,HUNTSVILLE,DRIVER INATTENTION;FAILED TO YIELD RIGHT OF WAY - STOP SIGN,WALKER,2025-04-03,N - NOT INJURED,0,NO DATA,132 - HUNTSVILLE MEMORIAL HOSPITAL,1.466,,No Data,No Data,No Data,77515,77515,No,4T4BF1FK3FR456177,19,2 - FEMALE,N - NOT INJURED,0,1,1 - FRONT LEFT OR MOTORCYCLE DRIVER
20737100,Yes,DENISON POLICE DEPARTMENT,2025-7417,DENISON,DISTRACTION IN VEHICLE; DRIVER INATTENTION; FAILED TO CONTROL SPEED,GRAYSON,2025-04-03,N - NOT INJURED,0,NO DATA,265 - TEXOMA MEDICAL CENTER,4.179,,19 - DISTRACTION IN VEHICLE,20 - DRIVER INATTENTION,22 - FAILED TO CONTROL SPEED,75021,75021,No,1N4AL2APXCN504913,16,1 - MALE,N - NOT INJURED,0,1,1 - FRONT LEFT OR MOTORCYCLE DRIVER
20737100,Yes,DENISON POLICE DEPARTMENT,2025-7417,DENISON,DISTRACTION IN VEHICLE; DRIVER INATTENTION; FAILED TO CONTROL SPEED,GRAYSON,2025-04-03,N - NOT INJURED,0,NO DATA,265 - TEXOMA MEDICAL CENTER,4.179,,No Data,No Data,No Data,74733,74733,No,3GCPCREH8EG532706,21,1 - MALE,N - NOT INJURED,0,1,1 - FRONT LEFT OR MOTORCYCLE DRIVER
20737100,Yes,DENISON POLICE DEPARTMENT,2025-7417,DENISON,DISTRACTION IN VEHICLE; DRIVER INATTENTION; FAILED TO CONTROL SPEED,GRAYSON,2025-04-03,N - NOT INJURED,0,NO DATA,265 - TEXOMA MEDICAL CENTER,4.179,,No Data,No Data,No Data,74733,74733,No,3GCPCREH8EG532706,20,1 - MALE,N - NOT INJURED,0,2,3 - FRONT RIGHT
20737122,Yes,EL PASO POLICE DEPARTMENT,25-093095,EL PASO,DRIVER INATTENTION;OTHER (EXPLAIN IN NARRATIVE),EL PASO,2025-04-03,N - NOT INJURED,0,NO DATA,276 - UNIVERSITY MEDICAL CENTER OF EL PASO,1.827,,20 - DRIVER INATTENTION,No Data,No Data,79915,79901,No,1GB5YLE78MF231659,24,1 - MALE,N - NOT INJURED,0,1,1 - FRONT LEFT OR MOTORCYCLE DRIVER
20737122,Yes,EL PASO POLICE DEPARTMENT,25-093095,EL PASO,DRIVER INATTENTION;OTHER (EXPLAIN IN NARRATIVE),EL PASO,2025-04-03,N - NOT INJURED,0,NO DATA,276 - UNIVERSITY MEDICAL CENTER OF EL PASO,1.827,,98 - OTHER (EXPLAIN IN NARRATIVE),No Data,No Data,79938,79938,No,19XFB2F73FE299083,53,2 - FEMALE,N - NOT INJURED,0,1,1 - FRONT LEFT OR MOTORCYCLE DRIVER
20737127,Yes,ANGLETON POLICE DEPARTMENT,2025000533,ANGLETON,UNSAFE SPEED,BRAZORIA,2025-04-03,N - NOT INJURED,0,NO DATA,285 - UTMB HEALTH ANGLETON DANBURY CAMPUS,3.251,,60 - UNSAFE SPEED,No Data,No Data,77365,77338,No,3ALACWDT5EDFM4065,29,1 - MALE,N - NOT INJURED,0,1,1 - FRONT LEFT OR MOTORCYCLE DRIVER
20737127,Yes,ANGLETON POLICE DEPARTMENT,2025000533,ANGLETON,UNSAFE SPEED,BRAZORIA,2025-04-03,N - NOT INJURED,0,NO DATA,285 - UTMB HEALTH ANGLETON DANBURY CAMPUS,3.251,,No Data,No Data,No Data,77583,77583,No,3GCPCSE03BG147146,30,1 - MALE,N - NOT INJURED,0,1,1 - FRONT LEFT OR MOTORCYCLE DRIVER
20737127,Yes,ANGLETON POLICE DEPARTMENT,2025000533,ANGLETON,UNSAFE SPEED,BRAZORIA,2025-04-03,N - NOT INJURED,0,NO DATA,285 - UTMB HEALTH ANGLETON DANBURY CAMPUS,3.251,,No Data,No Data,No Data,78405,77578,No,2GCPACED9P1120435,55,1 - MALE,N - NOT INJURED,0,1,1 - FRONT LEFT OR MOTORCYCLE DRIVER
20737128,Yes,CANTON POLICE DEPARTMENT,25-001790,CANTON,DRIVER INATTENTION; FAILED TO CONTROL SPEED,VAN ZANDT,2025-04-03,N - NOT INJURED,0,NO DATA,279 - UT HEALTH EAST TEXAS ATHENS HOSPITAL,25.753,,20 - DRIVER INATTENTION,22 - FAILED TO CONTROL SPEED,No Data,75103,75103,No,1N6AA1E68HN535917,37,1 - MALE,N - NOT INJURED,0,1,1 - FRONT LEFT OR MOTORCYCLE DRIVER
20737128,Yes,CANTON POLICE DEPARTMENT,25-001790,CANTON,DRIVER INATTENTION; FAILED TO CONTROL SPEED,VAN ZANDT,2025-04-03,N - NOT INJURED,0,NO DATA,279 - UT HEALTH EAST TEXAS ATHENS HOSPITAL,25.753,,No Data,No Data,No Data,75103,75103,No,1GT12SEY8KF276628,26,1 - MALE,N - NOT INJURED,0,1,1 - FRONT LEFT OR MOTORCYCLE DRIVER
20737130,Yes,CORPUS CHRISTI POLICE DEPARTMENT,C2501930,CORPUS CHRISTI,FAILED TO YIELD RIGHT OF WAY - PRIVATE DRIVE,NUECES,2025-04-03,N - NOT INJURED,0,NO DATA,61 - CHRISTUS SPOHN HOSPITAL CORPUS CHRISTI SOUTH,2.416,,34 - FAILED TO YIELD RIGHT OF WAY - PRIVATE DRIVE,No Data,No Data,78412,78412,No,KNDJ23AU7N7803341,41,2 - FEMALE,N - NOT INJURED,0,1,1 - FRONT LEFT OR MOTORCYCLE DRIVER
20737130,Yes,CORPUS CHRISTI POLICE DEPARTMENT,C2501930,CORPUS CHRISTI,FAILED TO YIELD RIGHT OF WAY - PRIVATE DRIVE,NUECES,2025-04-03,N - NOT INJURED,0,NO DATA,61 - CHRISTUS SPOHN HOSPITAL CORPUS CHRISTI SOUTH,2.416,,34 - FAILED TO YIELD RIGHT OF WAY - PRIVATE DRIVE,No Data,No Data,78412,78412,No,KNDJ23AU7N7803341,42,1 - MALE,N - NOT INJURED,0,2,3 - FRONT RIGHT
20737130,Yes,CORPUS CHRISTI POLICE DEPARTMENT,C2501930,CORPUS CHRISTI,FAILED TO YIELD RIGHT OF WAY - PRIVATE DRIVE,NUECES,2025-04-03,N - NOT INJURED,0,NO DATA,61 - CHRISTUS SPOHN HOSPITAL CORPUS CHRISTI SOUTH,2.416,,34 - FAILED TO YIELD RIGHT OF WAY - PRIVATE DRIVE,No Data,No Data,78412,78412,No,KNDJ23AU7N7803341,44,1 - MALE,N - NOT INJURED,0,3,6 - SECOND SEAT RIGHT
20737130,Yes,CORPUS CHRISTI POLICE DEPARTMENT,C2501930,CORPUS CHRISTI,FAILED TO YIELD RIGHT OF WAY - PRIVATE DRIVE,NUECES,2025-04-03,N - NOT INJURED,0,NO DATA,61 - CHRISTUS SPOHN HOSPITAL CORPUS CHRISTI SOUTH,2.416,,No Data,No Data,No Data,78413,78413,No,1FT7W2BT6KEC48968,78,1 - MALE,N - NOT INJURED,0,1,1 - FRONT LEFT OR MOTORCYCLE DRIVER
20737130,Yes,CORPUS CHRISTI POLICE DEPARTMENT,C2501930,CORPUS CHRISTI,FAILED TO YIELD RIGHT OF WAY - PRIVATE DRIVE,NUECES,2025-04-03,N - NOT INJURED,0,NO DATA,61 - CHRISTUS SPOHN HOSPITAL CORPUS CHRISTI SOUTH,2.416,,No Data,No Data,No Data,78413,78413,No,1FT7W2BT6KEC48968,78,2 - FEMALE,N - NOT INJURED,0,2,3 - FRONT RIGHT
20737135,Yes,ODESSA POLICE DEPARTMENT,25-0003551,ODESSA,CHANGED LANE WHEN UNSAFE,ECTOR,2025-04-03,B - SUSPECTED MINOR INJURY,0,NO DATA,147 - MEDICAL CENTER HOSPITAL,1.705,,4 - CHANGED LANE WHEN UNSAFE,No Data,No Data,307056,300167,No,5PVNJ8JV6K4S72706,54,1 - MALE,B - SUSPECTED MINOR INJURY,1,1,1 - FRONT LEFT OR MOTORCYCLE DRIVER
20737135,Yes,ODESSA POLICE DEPARTMENT,25-0003551,ODESSA,CHANGED LANE WHEN UNSAFE,ECTOR,2025-04-03,B - SUSPECTED MINOR INJURY,0,NO DATA,147 - MEDICAL CENTER HOSPITAL,1.705,,No Data,No Data,No Data,No Data,79758,No,3C63RRJL2MG649209,43,1 - MALE,N - NOT INJURED,0,1,1 - FRONT LEFT OR MOTORCYCLE DRIVER
20737141,Yes,FORT BEND COUNTY SHERIFF'S OFFICE,25-13217,OUTSIDE CITY LIMITS,FAILED TO YIELD RIGHT OF WAY - YIELD SIGN,FORT BEND,2025-04-03,N - NOT INJURED,0,NO DATA,180 - MEMORIAL HERMANN SUGAR LAND HOSPITAL,0.873,04,39 - FAILED TO YIELD RIGHT OF WAY - YIELD SIGN,No Data,No Data,77479,77479,No,JTJYARBZ0H2066125,73,2 - FEMALE,N - NOT INJURED,0,1,1 - FRONT LEFT OR MOTORCYCLE DRIVER
20737141,Yes,FORT BEND COUNTY SHERIFF'S OFFICE,25-13217,OUTSIDE CITY LIMITS,FAILED TO YIELD RIGHT OF WAY - YIELD SIGN,FORT BEND,2025-04-03,N - NOT INJURED,0,NO DATA,180 - MEMORIAL HERMANN SUGAR LAND HOSPITAL,0.873,04,No Data,No Data,No Data,77084,77407,No,1FVHCYFE0PHNU9130,61,1 - MALE,N - NOT INJURED,0,1,1 - FRONT LEFT OR MOTORCYCLE DRIVER
20737142,Yes,FORT BEND COUNTY SHERIFF'S OFFICE,25-13215,RICHMOND,FAILED TO DRIVE IN SINGLE LANE,FORT BEND,2025-04-03,N - NOT INJURED,0,NO DATA,203 - OAKBEND MEDICAL CENTER ***JS MAIN CAMPUS,3.804,01,23 - FAILED TO DRIVE IN SINGLE LANE,No Data,No Data,77494,77494,No,KNDEU2AA6R7655135,29,2 - FEMALE,N - NOT INJURED,0,1,1 - FRONT LEFT OR MOTORCYCLE DRIVER
20737142,Yes,FORT BEND COUNTY SHERIFF'S OFFICE,25-13215,RICHMOND,FAILED TO DRIVE IN SINGLE LANE,FORT BEND,2025-04-03,N - NOT INJURED,0,NO DATA,203 - OAKBEND MEDICAL CENTER ***JS MAIN CAMPUS,3.804,01,No Data,No Data,No Data,77469,77493,No,1G1YY23P2P5117083,44,1 - MALE,N - NOT INJURED,0,1,1 - FRONT LEFT OR MOTORCYCLE DRIVER
20737145,Yes,ROWLETT POLICE DEPARTMENT,25016602,ROWLETT,DISTRACTION IN VEHICLE; FAILED TO CONTROL SPEED,DALLAS,2025-04-03,C - POSSIBLE INJURY,0,NO DATA,19 - BAYLOR SCOTT & WHITE MEDICAL CENTER - LAKE POINTE,2.165,,19 - DISTRACTION IN VEHICLE,22 - FAILED TO CONTROL SPEED,No Data,75089,75089,No,1GNERKKW8PJ324172,45,2 - FEMALE,N - NOT INJURED,0,1,1 - FRONT LEFT OR MOTORCYCLE DRIVER
20737145,Yes,ROWLETT POLICE DEPARTMENT,25016602,ROWLETT,DISTRACTION IN VEHICLE; FAILED TO CONTROL SPEED,DALLAS,2025-04-03,C - POSSIBLE INJURY,0,NO DATA,19 - BAYLOR SCOTT & WHITE MEDICAL CENTER - LAKE POINTE,2.165,,19 - DISTRACTION IN VEHICLE,22 - FAILED TO CONTROL SPEED,No Data,75089,75089,No,1GNERKKW8PJ324172,15,1 - MALE,N - NOT INJURED,0,2,3 - FRONT RIGHT
20737145,Yes,ROWLETT POLICE DEPARTMENT,25016602,ROWLETT,DISTRACTION IN VEHICLE; FAILED TO CONTROL SPEED,DALLAS,2025-04-03,C - POSSIBLE INJURY,0,NO DATA,19 - BAYLOR SCOTT & WHITE MEDICAL CENTER - LAKE POINTE,2.165,,19 - DISTRACTION IN VEHICLE,22 - FAILED TO CONTROL SPEED,No Data,75089,75089,No,1GNERKKW8PJ324172,22,2 - FEMALE,N - NOT INJURED,0,3,4 - SECOND SEAT LEFT OR MOTORCYCLE BACK PASSENGER
20737145,Yes,ROWLETT POLICE DEPARTMENT,25016602,ROWLETT,DISTRACTION IN VEHICLE; FAILED TO CONTROL SPEED,DALLAS,2025-04-03,C - POSSIBLE INJURY,0,NO DATA,19 - BAYLOR SCOTT & WHITE MEDICAL CENTER - LAKE POINTE,2.165,,No Data,No Data,No Data,75089,75409,No,KNMAT2MT7GP712468,41,2 - FEMALE,C - POSSIBLE INJURY,0,1,1 - FRONT LEFT OR MOTORCYCLE DRIVER
20737145,Yes,ROWLETT POLICE DEPARTMENT,25016602,ROWLETT,DISTRACTION IN VEHICLE; FAILED TO CONTROL SPEED,DALLAS,2025-04-03,C - POSSIBLE INJURY,0,NO DATA,19 - BAYLOR SCOTT & WHITE MEDICAL CENTER - LAKE POINTE,2.165,,No Data,No Data,No Data,75089,75409,No,KNMAT2MT7GP712468,16,2 - FEMALE,C - POSSIBLE INJURY,0,2,3 - FRONT RIGHT
20737145,Yes,ROWLETT POLICE DEPARTMENT,25016602,ROWLETT,DISTRACTION IN VEHICLE; FAILED TO CONTROL SPEED,DALLAS,2025-04-03,C - POSSIBLE INJURY,0,NO DATA,19 - BAYLOR SCOTT & WHITE MEDICAL CENTER - LAKE POINTE,2.165,,No Data,No Data,No Data,75089,75089,No,KNMAT2MT6GP605993,46,2 - FEMALE,N - NOT INJURED,0,1,1 - FRONT LEFT OR MOTORCYCLE DRIVER
20737145,Yes,ROWLETT POLICE DEPARTMENT,25016602,ROWLETT,DISTRACTION IN VEHICLE; FAILED TO CONTROL SPEED,DALLAS,2025-04-03,C - POSSIBLE INJURY,0,NO DATA,19 - BAYLOR SCOTT & WHITE MEDICAL CENTER - LAKE POINTE,2.165,,No Data,No Data,No Data,75089,75089,No,KNMAT2MT6GP605993,42,2 - FEMALE,N - NOT INJURED,0,2,3 - FRONT RIGHT
20737147,Yes,HARRIS COUNTY CONSTABLE PRECINCT 4,250400380,OUTSIDE CITY LIMITS,OTHER (EXPLAIN IN NARRATIVE),HARRIS,2025-04-03,N - NOT INJURED,0,NO DATA,120 - HCA HOUSTON HEALTHCARE NORTHWEST,2.156,,98 - OTHER (EXPLAIN IN NARRATIVE),No Data,No Data,77040,77092,No,3C6MRVHG9PE592528,23,1 - MALE,N - NOT INJURED,0,1,1 - FRONT LEFT OR MOTORCYCLE DRIVER
20737147,Yes,HARRIS COUNTY CONSTABLE PRECINCT 4,250400380,OUTSIDE CITY LIMITS,OTHER (EXPLAIN IN NARRATIVE),HARRIS,2025-04-03,N - NOT INJURED,0,NO DATA,120 - HCA HOUSTON HEALTHCARE NORTHWEST,2.156,,No Data,No Data,No Data,77080,77080,No,3C7WRSCL9JG159679,29,1 - MALE,N - NOT INJURED,0,1,1 - FRONT LEFT OR MOTORCYCLE DRIVER
20737151,Yes,CORPUS CHRISTI POLICE DEPARTMENT,C2501928,CORPUS CHRISTI,DISREGARD STOP AND GO SIGNAL,NUECES,2025-04-03,N - NOT INJURED,0,NO DATA,95 - DRISCOLL CHILDRENS HOSPITAL,2.233,,15 - DISREGARD STOP AND GO SIGNAL,No Data,No Data,78412,78404,No,JN1CV6EK7AM100914,61,2 - FEMALE,N - NOT INJURED,0,1,1 - FRONT LEFT OR MOTORCYCLE DRIVER
20737151,Yes,CORPUS CHRISTI POLICE DEPARTMENT,C2501928,CORPUS CHRISTI,DISREGARD STOP AND GO SIGNAL,NUECES,2025-04-03,N - NOT INJURED,0,NO DATA,95 - DRISCOLL CHILDRENS HOSPITAL,2.233,,No Data,No Data,No Data,78374,78374,No,3GCPCREC7JG196643,65,1 - MALE,N - NOT INJURED,0,1,1 - FRONT LEFT OR MOTORCYCLE DRIVER
20737153,No,ALIEF ISD POLICE DEPARTMENT,2500261,HOUSTON,DRIVER INATTENTION,HARRIS,2025-04-03,N - NOT INJURED,0,NO DATA,121 - HCA HOUSTON HEALTHCARE WEST,2.811,0,20 - DRIVER INATTENTION,No Data,No Data,77407,77083,No,1FDFE4FS1GDC05546,59,2 - FEMALE,N - NOT INJURED,0,1,1 - FRONT LEFT OR MOTORCYCLE DRIVER
20737153,No,ALIEF ISD POLICE DEPARTMENT,2500261,HOUSTON,DRIVER INATTENTION,HARRIS,2025-04-03,N - NOT INJURED,0,NO DATA,121 - HCA HOUSTON HEALTHCARE WEST,2.811,0,20 - DRIVER INATTENTION,No Data,No Data,77407,77083,No,1FDFE4FS1GDC05546,24,2 - FEMALE,N - NOT INJURED,0,2,14 - PASSENGER IN BUS
20737153,No,ALIEF ISD POLICE DEPARTMENT,2500261,HOUSTON,DRIVER INATTENTION,HARRIS,2025-04-03,N - NOT INJURED,0,NO DATA,121 - HCA HOUSTON HEALTHCARE WEST,2.811,0,20 - DRIVER INATTENTION,No Data,No Data,77433,77030,No,1F66F5DNXP0A05389,39,1 - MALE,N - NOT INJURED,0,1,1 - FRONT LEFT OR MOTORCYCLE DRIVER
20737153,No,ALIEF ISD POLICE DEPARTMENT,2500261,HOUSTON,DRIVER INATTENTION,HARRIS,2025-04-03,N - NOT INJURED,0,NO DATA,121 - HCA HOUSTON HEALTHCARE WEST,2.811,0,20 - DRIVER INATTENTION,No Data,No Data,77433,77030,No,1F66F5DNXP0A05389,22,2 - FEMALE,N - NOT INJURED,0,2,14 - PASSENGER IN BUS
20737153,No,ALIEF ISD POLICE DEPARTMENT,2500261,HOUSTON,DRIVER INATTENTION,HARRIS,2025-04-03,N - NOT INJURED,0,NO DATA,121 - HCA HOUSTON HEALTHCARE WEST,2.811,0,20 - DRIVER INATTENTION,No Data,No Data,77433,77030,No,1F66F5DNXP0A05389,50,2 - FEMALE,N - NOT INJURED,0,3,14 - PASSENGER IN BUS
20737153,No,ALIEF ISD POLICE DEPARTMENT,2500261,HOUSTON,DRIVER INATTENTION,HARRIS,2025-04-03,N - NOT INJURED,0,NO DATA,121 - HCA HOUSTON HEALTHCARE WEST,2.811,0,20 - DRIVER INATTENTION,No Data,No Data,77433,77030,No,1F66F5DNXP0A05389,40,2 - FEMALE,N - NOT INJURED,0,4,14 - PASSENGER IN BUS
20737159,Yes,CORPUS CHRISTI POLICE DEPARTMENT,C2501929,CORPUS CHRISTI,FAILED TO STOP AT PROPER PLACE,NUECES,2025-04-03,N - NOT INJURED,0,NO DATA,59 - CHRISTUS SPOHN HOSPITAL CORPUS CHRISTI SHORELINE,1.012,,29 - FAILED TO STOP AT PROPER PLACE,No Data,No Data,78414,78410,No,3GNAXKEV1NL293442,29,1 - MALE,N - NOT INJURED,0,1,1 - FRONT LEFT OR MOTORCYCLE DRIVER
20737159,Yes,CORPUS CHRISTI POLICE DEPARTMENT,C2501929,CORPUS CHRISTI,FAILED TO STOP AT PROPER PLACE,NUECES,2025-04-03,N - NOT INJURED,0,NO DATA,59 - CHRISTUS SPOHN HOSPITAL CORPUS CHRISTI SHORELINE,1.012,,No Data,No Data,No Data,78413,78413,No,1FTPW14525KE13428,39,1 - MALE,N - NOT INJURED,0,1,1 - FRONT LEFT OR MOTORCYCLE DRIVER
20737159,Yes,CORPUS CHRISTI POLICE DEPARTMENT,C2501929,CORPUS CHRISTI,FAILED TO STOP AT PROPER PLACE,NUECES,2025-04-03,N - NOT INJURED,0,NO DATA,59 - CHRISTUS SPOHN HOSPITAL CORPUS CHRISTI SHORELINE,1.012,,No Data,No Data,No Data,78413,78413,No,1FTPW14525KE13428,68,1 - MALE,N - NOT INJURED,0,2,3 - FRONT RIGHT
20737159,Yes,CORPUS CHRISTI POLICE DEPARTMENT,C2501929,CORPUS CHRISTI,FAILED TO STOP AT PROPER PLACE,NUECES,2025-04-03,N - NOT INJURED,0,NO DATA,59 - CHRISTUS SPOHN HOSPITAL CORPUS CHRISTI SHORELINE,1.012,,No Data,No Data,No Data,78413,78413,No,1FTPW14525KE13428,38,2 - FEMALE,N - NOT INJURED,0,3,6 - SECOND SEAT RIGHT
20737161,Yes,HARRIS COUNTY CONSTABLE PRECINCT 4,2504-00411,HOUSTON,CHANGED LANE WHEN UNSAFE,HARRIS,2025-04-03,N - NOT INJURED,0,NO DATA,120 - HCA HOUSTON HEALTHCARE NORTHWEST,5.546,,4 - CHANGED LANE WHEN UNSAFE,No Data,No Data,77093,77093,No,1FTNE24212HA12693,50,1 - MALE,N - NOT INJURED,0,1,1 - FRONT LEFT OR MOTORCYCLE DRIVER
20737161,Yes,HARRIS COUNTY CONSTABLE PRECINCT 4,2504-00411,HOUSTON,CHANGED LANE WHEN UNSAFE,HARRIS,2025-04-03,N - NOT INJURED,0,NO DATA,120 - HCA HOUSTON HEALTHCARE NORTHWEST,5.546,,No Data,No Data,No Data,91739,77032,No,JM3KKCHD1S1216682,54,1 - MALE,N - NOT INJURED,0,1,1 - FRONT LEFT OR MOTORCYCLE DRIVER
