Crash ID,$1000 Damage to Any One Person's Property,Agency,Case ID,City,Contributing Factors,County,Crash Date,Crash Severity,Fatal Crash Flag,Intersecting Street Number,Nearest Trauma Center,Nearest Trauma Center Distance,Region,Contributing Factor 1,Contributing Factor 2,Contributing Factor 3,Driver Zip Code,Lessee/Owner Zip Code,Vehicle Hit and Run Flag,VIN,Person Age,Person Gender,Person Injury Severity,Person Non-Suspected Serious Injury Count,Person Number,Physical Location of An Occupant
20733706,Yes,ALLEN POLICE DEPARTMENT,2025-01869,ALLEN,FAILED TO CONTROL SPEED,COLLIN,2025-04-02,N - NOT INJURED,0,NO DATA,157 - MEDICAL CITY MCKINNEY,2.49,,22 - FAILED TO CONTROL SPEED,No Data,No Data,75035,75035,No,1G6DE5EY0B0138822,26,1 - MALE,N - NOT INJURED,0,1,1 - FRONT LEFT OR MOTORCYCLE DRIVER
20733779,Yes,"DEPARTMENT OF PUBLIC SAFETY, STATE OF TEXAS",,OUTSIDE CITY LIMITS,NONE,LIVE OAK,2025-04-02,N - NOT INJURED,0,NO DATA,206 - OTTO KAISER MEMORIAL HOSPITAL,26.749,3C,No Data,No Data,No Data,78238,78415,No,1N4AL21E37C134212,20,1 - MALE,N - NOT INJURED,0,1,1 - FRONT LEFT OR MOTORCYCLE DRIVER
20733796,Yes,DICKINSON POLICE DEPARTMENT,DKPD25-0493,DICKINSON,FATIGUED OR ASLEEP,GALVESTON,2025-04-02,N - NOT INJURED,0,NO DATA,289 - UTMB HEALTH LEAGUE CITY CAMPUS,2.675,,40 - FATIGUED OR ASLEEP,No Data,No Data,77054,77025,No,4T1G11AK4PU777314,26,1 - MALE,N - NOT INJURED,0,1,1 - FRONT LEFT OR MOTORCYCLE DRIVER
20733852,Yes,"DEPARTMENT OF PUBLIC SAFETY, STATE OF TEXAS",,HUNTSVILLE,FAILED TO CONTROL SPEED,WALKER,2025-04-02,N - NOT INJURED,0,NO DATA,132 - HUNTSVILLE MEMORIAL HOSPITAL,3.332,2C,22 - FAILED TO CONTROL SPEED,No Data,No Data,77048,60660,No,1XKYDP9X6PJ238685,64,1 - MALE,N - NOT INJURED,0,1,1 - FRONT LEFT OR MOTORCYCLE DRIVER
20733852,Yes,"DEPARTMENT OF PUBLIC SAFETY, STATE OF TEXAS",,HUNTSVILLE,FAILED TO CONTROL SPEED,WALKER,2025-04-02,N - NOT INJURED,0,NO DATA,132 - HUNTSVILLE MEMORIAL HOSPITAL,3.332,2C,No Data,No Data,No Data,77365,77377,No,54DK6S1F3SSA00070,29,1 - MALE,N - NOT INJURED,0,1,1 - FRONT LEFT OR MOTORCYCLE DRIVER
20733912,Yes,FERRIS POLICE DEPARTMENT,2500004599,FERRIS,DRIVER INATTENTION; FAILED TO GIVE HALF OF ROADWAY,ELLIS,2025-04-02,N - NOT INJURED,0,NO DATA,30 - BAYLOR SCOTT & WHITE MEDICAL CENTER AT WAXAHACHIE,13.397,,20 - DRIVER INATTENTION,24 - FAILED TO GIVE HALF OF ROADWAY,No Data,75146,75114,No,1GCNCPEHXEZ283014,60,1 - MALE,N - NOT INJURED,0,1,1 - FRONT LEFT OR MOTORCYCLE DRIVER
20733912,Yes,FERRIS POLICE DEPARTMENT,2500004599,FERRIS,DRIVER INATTENTION; FAILED TO GIVE HALF OF ROADWAY,ELLIS,2025-04-02,N - NOT INJURED,0,NO DATA,30 - BAYLOR SCOTT & WHITE MEDICAL CENTER AT WAXAHACHIE,13.397,,No Data,No Data,No Data,75125,75125,No,JA3AY26A3WU030392,75,1 - MALE,N - NOT INJURED,0,1,1 - FRONT LEFT OR MOTORCYCLE DRIVER
20734089,Yes,TRAVIS COUNTY SHERIFF'S OFFICE,25092143,OUTSIDE CITY LIMITS,FAILED TO CONTROL SPEED,TRAVIS,2025-04-02,N - NOT INJURED,0,NO DATA,87 - DELL CHILDRENS MEDICAL CENTER,5.782,,22 - FAILED TO CONTROL SPEED,No Data,No Data,78724,78724,No,1FTNE2EWXEDA02029,28,1 - MALE,N - NOT INJURED,0,1,1 - FRONT LEFT OR MOTORCYCLE DRIVER
20734089,Yes,TRAVIS COUNTY SHERIFF'S OFFICE,25092143,OUTSIDE CITY LIMITS,FAILED TO CONTROL SPEED,TRAVIS,2025-04-02,N - NOT INJURED,0,NO DATA,87 - DELL CHILDRENS MEDICAL CENTER,5.782,,22 - FAILED TO CONTROL SPEED,No Data,No Data,78724,78724,No,1FTNE2EWXEDA02029,25,2 - FEMALE,N - NOT INJURED,0,2,3 - FRONT RIGHT
20734089,Yes,TRAVIS COUNTY SHERIFF'S OFFICE,25092143,OUTSIDE CITY LIMITS,FAILED TO CONTROL SPEED,TRAVIS,2025-04-02,N - NOT INJURED,0,NO DATA,87 - DELL CHILDRENS MEDICAL CENTER,5.782,,No Data,No Data,No Data,78724,78704,No,JM3KE2DY8E0327749,48,2 - FEMALE,N - NOT INJURED,0,1,1 - FRONT LEFT OR MOTORCYCLE DRIVER
20734089,Yes,TRAVIS COUNTY SHERIFF'S OFFICE,25092143,OUTSIDE CITY LIMITS,FAILED TO CONTROL SPEED,TRAVIS,2025-04-02,N - NOT INJURED,0,NO DATA,87 - DELL CHILDRENS MEDICAL CENTER,5.782,,No Data,No Data,No Data,78724,78704,No,JM3KE2DY8E0327749,22,2 - FEMALE,N - NOT INJURED,0,2,4 - SECOND SEAT LEFT OR MOTORCYCLE BACK PASSENGER
20734118,Yes,SAN ANTONIO POLICE DEPARTMENT,SAPD25064866,SAN ANTONIO,FAULTY EVASIVE ACTION,BEXAR,2025-04-02,C - POSSIBLE INJURY,0,NO DATA,187 - MISSION TRAIL BAPTIST HOSPITAL,1.647,10,41 - FAULTY EVASIVE ACTION,No Data,No Data,78264,78264,No,1GBGC24R2WZ233462,34,1 - MALE,N - NOT INJURED,0,1,1 - FRONT LEFT OR MOTORCYCLE DRIVER
20734118,Yes,SAN ANTONIO POLICE DEPARTMENT,SAPD25064866,SAN ANTONIO,FAULTY EVASIVE ACTION,BEXAR,2025-04-02,C - POSSIBLE INJURY,0,NO DATA,187 - MISSION TRAIL BAPTIST HOSPITAL,1.647,10,No Data,No Data,No Data,78112,78112,No,3GYFNAEY6BS567562,58,1 - MALE,C - POSSIBLE INJURY,0,1,1 - FRONT LEFT OR MOTORCYCLE DRIVER
20734125,Yes,HARRIS COUNTY SHERIFF'S OFFICE,2504-00465,OUTSIDE CITY LIMITS,FAILED TO DRIVE IN SINGLE LANE,HARRIS,2025-04-02,N - NOT INJURED,0,NO DATA,167 - MEMORIAL HERMANN CYPRESS HOSPITAL,5.97,PD,23 - FAILED TO DRIVE IN SINGLE LANE,No Data,No Data,77377,77377,No,1C4PJLFKXCW149426,18,2 - FEMALE,N - NOT INJURED,0,1,1 - FRONT LEFT OR MOTORCYCLE DRIVER
20734125,Yes,HARRIS COUNTY SHERIFF'S OFFICE,2504-00465,OUTSIDE CITY LIMITS,FAILED TO DRIVE IN SINGLE LANE,HARRIS,2025-04-02,N - NOT INJURED,0,NO DATA,167 - MEMORIAL HERMANN CYPRESS HOSPITAL,5.97,PD,No Data,No Data,No Data,77429,77429,No,1FMEE5JR0PLB41737,49,1 - MALE,N - NOT INJURED,0,1,1 - FRONT LEFT OR MOTORCYCLE DRIVER
20734159,Yes,SAN ANGELO POLICE DEPARTMENT,20250003573,SAN ANGELO,FAILED TO CONTROL SPEED,TOM GREEN,2025-04-02,N - NOT INJURED,0,NO DATA,230 - SHANNON MEDICAL CENTER,1.484,,22 - FAILED TO CONTROL SPEED,No Data,No Data,76905,76905,No,3C4PDCGG1JT379618,41,2 - FEMALE,N - NOT INJURED,0,1,1 - FRONT LEFT OR MOTORCYCLE DRIVER
20734159,Yes,SAN ANGELO POLICE DEPARTMENT,20250003573,SAN ANGELO,FAILED TO CONTROL SPEED,TOM GREEN,2025-04-02,N - NOT INJURED,0,NO DATA,230 - SHANNON MEDICAL CENTER,1.484,,No Data,No Data,No Data,76905,76904,No,3GCEC13C28G237489,17,1 - MALE,N - NOT INJURED,0,1,1 - FRONT LEFT OR MOTORCYCLE DRIVER
20734173,Yes,SAN ANGELO POLICE DEPARTMENT,20250003574,SAN ANGELO,FAILED TO CONTROL SPEED,TOM GREEN,2025-04-02,N - NOT INJURED,0,NO DATA,230 - SHANNON MEDICAL CENTER,1.46,,22 - FAILED TO CONTROL SPEED,No Data,No Data,76901,76901,No,W04GZ5GV2B1092903,22,2 - FEMALE,N - NOT INJURED,0,1,1 - FRONT LEFT OR MOTORCYCLE DRIVER
20734173,Yes,SAN ANGELO POLICE DEPARTMENT,20250003574,SAN ANGELO,FAILED TO CONTROL SPEED,TOM GREEN,2025-04-02,N - NOT INJURED,0,NO DATA,230 - SHANNON MEDICAL CENTER,1.46,,No Data,No Data,No Data,76901,76901,No,2C3CDZAG4LH185403,17,1 - MALE,N - NOT INJURED,0,1,1 - FRONT LEFT OR MOTORCYCLE DRIVER
20734173,Yes,SAN ANGELO POLICE DEPARTMENT,20250003574,SAN ANGELO,FAILED TO CONTROL SPEED,TOM GREEN,2025-04-02,N - NOT INJURED,0,NO DATA,230 - SHANNON MEDICAL CENTER,1.46,,No Data,No Data,No Data,76901,76901,No,2C3CDZAG4LH185403,16,1 - MALE,N - NOT INJURED,0,2,3 - FRONT RIGHT
20734196,Yes,WESLACO POLICE DEPARTMENT,25-8222,WESLACO,FAILED TO CONTROL SPEED;OTHER (EXPLAIN IN NARRATIVE),HIDALGO,2025-04-02,N - NOT INJURED,0,NO DATA,137 - KNAPP MEDICAL CENTER,0.708,,22 - FAILED TO CONTROL SPEED,No Data,No Data,78570,78570,No,KL8CD6S95DC599099,23,1 - MALE,N - NOT INJURED,0,1,1 - FRONT LEFT OR MOTORCYCLE DRIVER
20734196,Yes,WESLACO POLICE DEPARTMENT,25-8222,WESLACO,FAILED TO CONTROL SPEED;OTHER (EXPLAIN IN NARRATIVE),HIDALGO,2025-04-02,N - NOT INJURED,0,NO DATA,137 - KNAPP MEDICAL CENTER,0.708,,22 - FAILED TO CONTROL SPEED,No Data,No Data,78570,78570,No,KL8CD6S95DC599099,20,1 - MALE,N - NOT INJURED,0,2,3 - FRONT RIGHT
20734196,Yes,WESLACO POLICE DEPARTMENT,25-8222,WESLACO,FAILED TO CONTROL SPEED;OTHER (EXPLAIN IN NARRATIVE),HIDALGO,2025-04-02,N - NOT INJURED,0,NO DATA,137 - KNAPP MEDICAL CENTER,0.708,,No Data,No Data,No Data,78537,78599,No,1FTMF1CW8AKE49325,37,1 - MALE,N - NOT INJURED,0,1,1 - FRONT LEFT OR MOTORCYCLE DRIVER
20734205,Yes,ROCKWALL POLICE DEPARTMENT,2025-11539,ROCKWALL,BACKED WITHOUT SAFETY,ROCKWALL,2025-04-02,N - NOT INJURED,0,NO DATA,19 - BAYLOR SCOTT & WHITE MEDICAL CENTER - LAKE POINTE,2.451,1,3 - BACKED WITHOUT SAFETY,No Data,No Data,75065,75067,No,1FTFW1CV1AKE72915,26,1 - MALE,N - NOT INJURED,0,1,1 - FRONT LEFT OR MOTORCYCLE DRIVER
20734205,Yes,ROCKWALL POLICE DEPARTMENT,2025-11539,ROCKWALL,BACKED WITHOUT SAFETY,ROCKWALL,2025-04-02,N - NOT INJURED,0,NO DATA,19 - BAYLOR SCOTT & WHITE MEDICAL CENTER - LAKE POINTE,2.451,1,3 - BACKED WITHOUT SAFETY,No Data,No Data,75065,75067,No,1FTFW1CV1AKE72915,49,2 - FEMALE,N - NOT INJURED,0,2,4 - SECOND SEAT LEFT OR MOTORCYCLE BACK PASSENGER
20734205,Yes,ROCKWALL POLICE DEPARTMENT,2025-11539,ROCKWALL,BACKED WITHOUT SAFETY,ROCKWALL,2025-04-02,N - NOT INJURED,0,NO DATA,19 - BAYLOR SCOTT & WHITE MEDICAL CENTER - LAKE POINTE,2.451,1,3 - BACKED WITHOUT SAFETY,No Data,No Data,75065,75067,No,1FTFW1CV1AKE72915,31,1 - MALE,N - NOT INJURED,0,3,3 - FRONT RIGHT
20734205,Yes,ROCKWALL POLICE DEPARTMENT,2025-11539,ROCKWALL,BACKED WITHOUT SAFETY,ROCKWALL,2025-04-02,N - NOT INJURED,0,NO DATA,19 - BAYLOR SCOTT & WHITE MEDICAL CENTER - LAKE POINTE,2.451,1,No Data,No Data,No Data,75098,75098,No,1C4SDJFT1LC368047,43,1 - MALE,N - NOT INJURED,0,1,1 - FRONT LEFT OR MOTORCYCLE DRIVER
20734216,Yes,DALLAS POLICE DEPARTMENT,45852-2025,DALLAS,CHANGED LANE WHEN UNSAFE,DALLAS,2025-04-02,N - NOT INJURED,0,NO DATA,297 - WILLIAM P. CLEMENTS UNIVERSITY HOSPITAL,2.81,,4 - CHANGED LANE WHEN UNSAFE,No Data,No Data,,No Data,Yes,No Data,No Data,1 - MALE,99 - UNKNOWN,0,1,1 - FRONT LEFT OR MOTORCYCLE DRIVER
20734216,Yes,DALLAS POLICE DEPARTMENT,45852-2025,DALLAS,CHANGED LANE WHEN UNSAFE,DALLAS,2025-04-02,N - NOT INJURED,0,NO DATA,297 - WILLIAM P. CLEMENTS UNIVERSITY HOSPITAL,2.81,,4 - CHANGED LANE WHEN UNSAFE,No Data,No Data,,No Data,Yes,No Data,No Data,1 - MALE,N - NOT INJURED,0,2,3 - FRONT RIGHT
20734216,Yes,DALLAS POLICE DEPARTMENT,45852-2025,DALLAS,CHANGED LANE WHEN UNSAFE,DALLAS,2025-04-02,N - NOT INJURED,0,NO DATA,297 - WILLIAM P. CLEMENTS UNIVERSITY HOSPITAL,2.81,,No Data,No Data,No Data,75220,75220,No,2HGFC4A89KH305901,21,1 - MALE,N - NOT INJURED,0,1,1 - FRONT LEFT OR MOTORCYCLE DRIVER
20734244,Yes,GRAND PRAIRIE POLICE DEPARTMENT,2500005132,GRAND PRAIRIE,UNSAFE SPEED,DALLAS,2025-04-02,N - NOT INJURED,0,NO DATA,150 - MEDICAL CITY ARLINGTON,5.854,,60 - UNSAFE SPEED,No Data,No Data,75126,75126,No,2FMDK3GC3ABB16866,26,1 - MALE,N - NOT INJURED,0,1,1 - FRONT LEFT OR MOTORCYCLE DRIVER
20734244,Yes,GRAND PRAIRIE POLICE DEPARTMENT,2500005132,GRAND PRAIRIE,UNSAFE SPEED,DALLAS,2025-04-02,N - NOT INJURED,0,NO DATA,150 - MEDICAL CITY ARLINGTON,5.854,,No Data,No Data,No Data,76017,76017,No,1GCHK24192E167698,28,1 - MALE,N - NOT INJURED,0,1,1 - FRONT LEFT OR MOTORCYCLE DRIVER
20734245,Yes,MIDLAND POLICE DEPARTMENT,250402007,MIDLAND,OTHER (EXPLAIN IN NARRATIVE),MIDLAND,2025-04-02,N - NOT INJURED,0,NO DATA,190 - MIDLAND MEMORIAL HOSPITAL,1.929,,98 - OTHER (EXPLAIN IN NARRATIVE),No Data,No Data,79706,79706,No,3VWC57BU4MM039634,16,2 - FEMALE,N - NOT INJURED,0,1,1 - FRONT LEFT OR MOTORCYCLE DRIVER
20734248,Yes,GRAND PRAIRIE POLICE DEPARTMENT,2500005140,GRAND PRAIRIE,CHANGED LANE WHEN UNSAFE,TARRANT,2025-04-02,N - NOT INJURED,0,NO DATA,254 - TEXAS HEALTH ARLINGTON MEMORIAL HOSPITAL,4.314,,4 - CHANGED LANE WHEN UNSAFE,No Data,No Data,75054,75054,No,1G1ZE5ST1GF290407,23,1 - MALE,N - NOT INJURED,0,1,1 - FRONT LEFT OR MOTORCYCLE DRIVER
20734248,Yes,GRAND PRAIRIE POLICE DEPARTMENT,2500005140,GRAND PRAIRIE,CHANGED LANE WHEN UNSAFE,TARRANT,2025-04-02,N - NOT INJURED,0,NO DATA,254 - TEXAS HEALTH ARLINGTON MEMORIAL HOSPITAL,4.314,,No Data,No Data,No Data,,No Data,Yes,No Data,No Data,99 - UNKNOWN,99 - UNKNOWN,0,1,1 - FRONT LEFT OR MOTORCYCLE DRIVER
20734259,Yes,DENTON POLICE DEPARTMENT,25054432,DENTON,CHANGED LANE WHEN UNSAFE,DENTON,2025-04-02,N - NOT INJURED,0,NO DATA,152 - MEDICAL CITY DENTON,4.549,,4 - CHANGED LANE WHEN UNSAFE,No Data,No Data,,No Data,Yes,No Data,No Data,99 - UNKNOWN,99 - UNKNOWN,0,1,1 - FRONT LEFT OR MOTORCYCLE DRIVER
20734259,Yes,DENTON POLICE DEPARTMENT,25054432,DENTON,CHANGED LANE WHEN UNSAFE,DENTON,2025-04-02,N - NOT INJURED,0,NO DATA,152 - MEDICAL CITY DENTON,4.549,,No Data,No Data,No Data,76262,76262,No,7MUDAAAG1PV055733,22,2 - FEMALE,N - NOT INJURED,0,1,1 - FRONT LEFT OR MOTORCYCLE DRIVER
20734272,No,AMARILLO POLICE DEPARTMENT,25-504599,AMARILLO,FAILED TO DRIVE IN SINGLE LANE,POTTER,2025-04-02,N - NOT INJURED,0,NO DATA,31 - BSA HOSPITAL,7.07,,23 - FAILED TO DRIVE IN SINGLE LANE,No Data,No Data,,79108,Yes,3C4PDCABXET182157,No Data,99 - UNKNOWN,99 - UNKNOWN,0,1,1 - FRONT LEFT OR MOTORCYCLE DRIVER
20734272,No,AMARILLO POLICE DEPARTMENT,25-504599,AMARILLO,FAILED TO DRIVE IN SINGLE LANE,POTTER,2025-04-02,N - NOT INJURED,0,NO DATA,31 - BSA HOSPITAL,7.07,,No Data,No Data,No Data,79107,79107,No,5TDZT34A42S092667,32,1 - MALE,N - NOT INJURED,0,1,1 - FRONT LEFT OR MOTORCYCLE DRIVER
20734277,Yes,AMARILLO POLICE DEPARTMENT,25-038701,AMARILLO,FAILED TO YIELD RIGHT OF WAY - PRIVATE DRIVE,POTTER,2025-04-02,N - NOT INJURED,0,NO DATA,200 - NORTHWEST TEXAS HOSPITAL,0.899,,34 - FAILED TO YIELD RIGHT OF WAY - PRIVATE DRIVE,No Data,No Data,,,No,1G1JC124217390926,74,1 - MALE,N - NOT INJURED,0,1,1 - FRONT LEFT OR MOTORCYCLE DRIVER
20734277,Yes,AMARILLO POLICE DEPARTMENT,25-038701,AMARILLO,FAILED TO YIELD RIGHT OF WAY - PRIVATE DRIVE,POTTER,2025-04-02,N - NOT INJURED,0,NO DATA,200 - NORTHWEST TEXAS HOSPITAL,0.899,,No Data,No Data,No Data,,,No,JM1BK32F881160199,30,2 - FEMALE,N - NOT INJURED,0,1,1 - FRONT LEFT OR MOTORCYCLE DRIVER
20734308,Yes,NACOGDOCHES POLICE DEPARTMENT,P25-06637,NACOGDOCHES,ANIMAL ON ROAD - DOMESTIC,NACOGDOCHES,2025-04-02,N - NOT INJURED,0,NO DATA,191 - NACOGDOCHES MEMORIAL HOSPITAL,1.491,,1 - ANIMAL ON ROAD - DOMESTIC,No Data,No Data,75961,75961,No,1C4GJWAG0HL668997,51,2 - FEMALE,N - NOT INJURED,0,1,1 - FRONT LEFT OR MOTORCYCLE DRIVER
20734315,Yes,"DEPARTMENT OF PUBLIC SAFETY, STATE OF TEXAS",25-511524,OUTSIDE CITY LIMITS,DRIVER INATTENTION,TITUS,2025-04-02,N - NOT INJURED,0,NO DATA,271 - TITUS REGIONAL MEDICAL CENTER,2.524,1D,20 - DRIVER INATTENTION,No Data,No Data,75555,75686,No,1M1AW09Y4GM060457,34,1 - MALE,N - NOT INJURED,0,1,1 - FRONT LEFT OR MOTORCYCLE DRIVER
20734325,No,BAY CITY POLICE DEPARTMENT,25-06172,BAY CITY,TURNED IMPROPERLY - WRONG LANE,MATAGORDA,2025-04-02,N - NOT INJURED,0,NO DATA,148 - MATAGORDA REGIONAL MEDICAL CENTER,2.348,,65 - TURNED IMPROPERLY - WRONG LANE,No Data,No Data,,No Data,Yes,No Data,No Data,99 - UNKNOWN,99 - UNKNOWN,0,1,1 - FRONT LEFT OR MOTORCYCLE DRIVER
20734325,No,BAY CITY POLICE DEPARTMENT,25-06172,BAY CITY,TURNED IMPROPERLY - WRONG LANE,MATAGORDA,2025-04-02,N - NOT INJURED,0,NO DATA,148 - MATAGORDA REGIONAL MEDICAL CENTER,2.348,,No Data,No Data,No Data,77041,85226,No,3C6LRVDG7SE520267,51,1 - MALE,N - NOT INJURED,0,1,1 - FRONT LEFT OR MOTORCYCLE DRIVER
20734350,Yes,GRAND PRAIRIE POLICE DEPARTMENT,2500005141,GRAND PRAIRIE,DRIVER INATTENTION; FAULTY EVASIVE ACTION,DALLAS,2025-04-02,N - NOT INJURED,0,NO DATA,184 - METHODIST MANSFIELD MEDICAL CENTER,4.505,,41 - FAULTY EVASIVE ACTION,20 - DRIVER INATTENTION,No Data,76065,76065,No,1GCPYCEF3MZ330447,44,1 - MALE,N - NOT INJURED,0,1,1 - FRONT LEFT OR MOTORCYCLE DRIVER
20734354,Yes,FERRIS POLICE DEPARTMENT,2500004601,FERRIS,FAILED TO YIELD RIGHT OF WAY - TURNING LEFT,ELLIS,2025-04-02,N - NOT INJURED,0,NO DATA,30 - BAYLOR SCOTT & WHITE MEDICAL CENTER AT WAXAHACHIE,14.377,,37 - FAILED TO YIELD RIGHT OF WAY - TURNING LEFT,No Data,No Data,75125,75125,No,1GKFC13C47R317190,31,2 - FEMALE,N - NOT INJURED,0,1,1 - FRONT LEFT OR MOTORCYCLE DRIVER
20734354,Yes,FERRIS POLICE DEPARTMENT,2500004601,FERRIS,FAILED TO YIELD RIGHT OF WAY - TURNING LEFT,ELLIS,2025-04-02,N - NOT INJURED,0,NO DATA,30 - BAYLOR SCOTT & WHITE MEDICAL CENTER AT WAXAHACHIE,14.377,,37 - FAILED TO YIELD RIGHT OF WAY - TURNING LEFT,No Data,No Data,75125,75125,No,1GKFC13C47R317190,6,2 - FEMALE,N - NOT INJURED,0,2,4 - SECOND SEAT LEFT OR MOTORCYCLE BACK PASSENGER
20734354,Yes,FERRIS POLICE DEPARTMENT,2500004601,FERRIS,FAILED TO YIELD RIGHT OF WAY - TURNING LEFT,ELLIS,2025-04-02,N - NOT INJURED,0,NO DATA,30 - BAYLOR SCOTT & WHITE MEDICAL CENTER AT WAXAHACHIE,14.377,,37 - FAILED TO YIELD RIGHT OF WAY - TURNING LEFT,No Data,No Data,75125,75125,No,1GKFC13C47R317190,9,1 - MALE,N - NOT INJURED,0,3,6 - SECOND SEAT RIGHT
20734354,Yes,FERRIS POLICE DEPARTMENT,2500004601,FERRIS,FAILED TO YIELD RIGHT OF WAY - TURNING LEFT,ELLIS,2025-04-02,N - NOT INJURED,0,NO DATA,30 - BAYLOR SCOTT & WHITE MEDICAL CENTER AT WAXAHACHIE,14.377,,No Data,No Data,No Data,75125,75125,No,1GNEC13Z34R250273,36,2 - FEMALE,N - NOT INJURED,0,1,1 - FRONT LEFT OR MOTORCYCLE DRIVER
20734376,Yes,TRAVIS COUNTY SHERIFF'S OFFICE,250920116,OUTSIDE CITY LIMITS,FAILED TO CONTROL SPEED; FAILED TO DRIVE IN SINGLE LANE,TRAVIS,2025-04-02,99 - UNKNOWN,0,NO DATA,195 - NORTH AUSTIN MEDICAL CENTER,11.154,20,22 - FAILED TO CONTROL SPEED,23 - FAILED TO DRIVE IN SINGLE LANE,No Data,,78552,Yes,1FTEW1E53KFB03363,No Data,99 - UNKNOWN,99 - UNKNOWN,0,1,1 - FRONT LEFT OR MOTORCYCLE DRIVER
20734381,Yes,CEDAR PARK POLICE DEPARTMENT,2504-0030,CEDAR PARK,FAILED TO YIELD RIGHT OF WAY - TURNING LEFT,WILLIAMSON,2025-04-02,N - NOT INJURED,0,NO DATA,37 - CEDAR PARK REGIONAL MEDICAL CENTER,0.334,,37 - FAILED TO YIELD RIGHT OF WAY - TURNING LEFT,No Data,No Data,78641,78641,No,2T3MWRFV0KW018861,77,1 - MALE,N - NOT INJURED,0,1,1 - FRONT LEFT OR MOTORCYCLE DRIVER
20734381,Yes,CEDAR PARK POLICE DEPARTMENT,2504-0030,CEDAR PARK,FAILED TO YIELD RIGHT OF WAY - TURNING LEFT,WILLIAMSON,2025-04-02,N - NOT INJURED,0,NO DATA,37 - CEDAR PARK REGIONAL MEDICAL CENTER,0.334,,No Data,No Data,No Data,78613,78613,No,1D7HA18N84S645016,54,1 - MALE,N - NOT INJURED,0,1,1 - FRONT LEFT OR MOTORCYCLE DRIVER
20734381,Yes,CEDAR PARK POLICE DEPARTMENT,2504-0030,CEDAR PARK,FAILED TO YIELD RIGHT OF WAY - TURNING LEFT,WILLIAMSON,2025-04-02,N - NOT INJURED,0,NO DATA,37 - CEDAR PARK REGIONAL MEDICAL CENTER,0.334,,No Data,No Data,No Data,78613,78613,No,1D7HA18N84S645016,16,1 - MALE,N - NOT INJURED,0,2,3 - FRONT RIGHT
20734387,Yes,"DEPARTMENT OF PUBLIC SAFETY, STATE OF TEXAS",5462312,OUTSIDE CITY LIMITS,OTHER (EXPLAIN IN NARRATIVE),FRANKLIN,2025-04-02,C - POSSIBLE INJURY,0,NO DATA,51 - CHRISTUS MOTHER FRANCES HOSPITAL - WINNSBORO,10.223,1D,98 - OTHER (EXPLAIN IN NARRATIVE),No Data,No Data,75686,75686,No,1M1AW09Y9GM060454,60,1 - MALE,C - POSSIBLE INJURY,0,1,1 - FRONT LEFT OR MOTORCYCLE DRIVER
20734397,Yes,AUSTIN POLICE DEPARTMENT,250920415,AUSTIN,DRIVER INATTENTION; FATIGUED OR ASLEEP,TRAVIS,2025-04-02,B - SUSPECTED MINOR INJURY,0,NO DATA,8 - ASCENSION SETON MEDICAL CENTER AUSTIN,0.809,KE,40 - FATIGUED OR ASLEEP,No Data,No Data,78664,78664,No,4T1G11AK9LU399274,25,2 - FEMALE,B - SUSPECTED MINOR INJURY,1,1,1 - FRONT LEFT OR MOTORCYCLE DRIVER
20734398,Yes,AUSTIN POLICE DEPARTMENT,250920397,AUSTIN,DRIVER INATTENTION,TRAVIS,2025-04-02,N - NOT INJURED,0,NO DATA,91 - DELL SETON MEDICAL CENTER AT THE UNIVERSITY OF TEXAS,1.539,VI,20 - DRIVER INATTENTION,No Data,No Data,78751,78751,No,No Data,28,2 - FEMALE,N - NOT INJURED,0,1,1 - FRONT LEFT OR MOTORCYCLE DRIVER
20734398,Yes,AUSTIN POLICE DEPARTMENT,250920397,AUSTIN,DRIVER INATTENTION,TRAVIS,2025-04-02,N - NOT INJURED,0,NO DATA,91 - DELL SETON MEDICAL CENTER AT THE UNIVERSITY OF TEXAS,1.539,VI,No Data,No Data,No Data,78704,78704,No,No Data,34,1 - MALE,N - NOT INJURED,0,1,1 - FRONT LEFT OR MOTORCYCLE DRIVER
20734398,Yes,AUSTIN POLICE DEPARTMENT,250920397,AUSTIN,DRIVER INATTENTION,TRAVIS,2025-04-02,N - NOT INJURED,0,NO DATA,91 - DELL SETON MEDICAL CENTER AT THE UNIVERSITY OF TEXAS,1.539,VI,No Data,No Data,No Data,76513,76513,No,1HGCV3F27NA013937,20,2 - FEMALE,N - NOT INJURED,0,1,1 - FRONT LEFT OR MOTORCYCLE DRIVER
20734399,Yes,AUSTIN POLICE DEPARTMENT,250920442,AUSTIN,DRIVER INATTENTION; FOLLOWED TOO CLOSELY,TRAVIS,2025-04-02,C - POSSIBLE INJURY,0,NO DATA,6 - ASCENSION SETON NORTHWEST,0.971,KE,44 - FOLLOWED TOO CLOSELY,No Data,No Data,78130,78130,No,1FMJU1G57BEF49082,19,1 - MALE,N - NOT INJURED,0,1,1 - FRONT LEFT OR MOTORCYCLE DRIVER
20734399,Yes,AUSTIN POLICE DEPARTMENT,250920442,AUSTIN,DRIVER INATTENTION; FOLLOWED TOO CLOSELY,TRAVIS,2025-04-02,C - POSSIBLE INJURY,0,NO DATA,6 - ASCENSION SETON NORTHWEST,0.971,KE,No Data,No Data,No Data,78613,78613,No,2T2ZK1BAXFC185942,58,1 - MALE,N - NOT INJURED,0,1,1 - FRONT LEFT OR MOTORCYCLE DRIVER
20734399,Yes,AUSTIN POLICE DEPARTMENT,250920442,AUSTIN,DRIVER INATTENTION; FOLLOWED TOO CLOSELY,TRAVIS,2025-04-02,C - POSSIBLE INJURY,0,NO DATA,6 - ASCENSION SETON NORTHWEST,0.971,KE,No Data,No Data,No Data,78613,78613,No,2T2ZK1BAXFC185942,57,2 - FEMALE,N - NOT INJURED,0,2,3 - FRONT RIGHT
20734399,Yes,AUSTIN POLICE DEPARTMENT,250920442,AUSTIN,DRIVER INATTENTION; FOLLOWED TOO CLOSELY,TRAVIS,2025-04-02,C - POSSIBLE INJURY,0,NO DATA,6 - ASCENSION SETON NORTHWEST,0.971,KE,No Data,No Data,No Data,78613,78613,No,2T2ZK1BAXFC185942,61,2 - FEMALE,C - POSSIBLE INJURY,0,3,6 - SECOND SEAT RIGHT
20734428,Yes,SAN ANTONIO POLICE DEPARTMENT,SAPD25064879,SAN ANTONIO,DRIVER INATTENTION; TURNED WHEN UNSAFE,BEXAR,2025-04-02,N - NOT INJURED,0,NO DATA,199 - NORTHEAST BAPTIST HOSPITAL,1.431,40,20 - DRIVER INATTENTION,66 - TURNED WHEN UNSAFE,No Data,78065,78109,No,2C3CDXCT4JH134043,38,1 - MALE,N - NOT INJURED,0,1,1 - FRONT LEFT OR MOTORCYCLE DRIVER
20734428,Yes,SAN ANTONIO POLICE DEPARTMENT,SAPD25064879,SAN ANTONIO,DRIVER INATTENTION; TURNED WHEN UNSAFE,BEXAR,2025-04-02,N - NOT INJURED,0,NO DATA,199 - NORTHEAST BAPTIST HOSPITAL,1.431,40,No Data,No Data,No Data,78232,78232,No,ZACNJCAB4MPM48789,26,2 - FEMALE,N - NOT INJURED,0,1,1 - FRONT LEFT OR MOTORCYCLE DRIVER
20734440,Yes,CORPUS CHRISTI POLICE DEPARTMENT,C2501891,CORPUS CHRISTI,FAILED TO CONTROL SPEED,NUECES,2025-04-02,C - POSSIBLE INJURY,0,NO DATA,59 - CHRISTUS SPOHN HOSPITAL CORPUS CHRISTI SHORELINE,3.143,,22 - FAILED TO CONTROL SPEED,No Data,No Data,78410,78410,No,5N1AZ2MG4JN184906,57,2 - FEMALE,C - POSSIBLE INJURY,0,1,1 - FRONT LEFT OR MOTORCYCLE DRIVER
20734440,Yes,CORPUS CHRISTI POLICE DEPARTMENT,C2501891,CORPUS CHRISTI,FAILED TO CONTROL SPEED,NUECES,2025-04-02,C - POSSIBLE INJURY,0,NO DATA,59 - CHRISTUS SPOHN HOSPITAL CORPUS CHRISTI SHORELINE,3.143,,No Data,No Data,No Data,78404,78404,No,1FMCU0F7XHUD40410,28,1 - MALE,N - NOT INJURED,0,1,1 - FRONT LEFT OR MOTORCYCLE DRIVER
20734457,Yes,GRANBURY POLICE DEPARTMENT,G25006859,GRANBURY,FAILED TO YIELD RIGHT OF WAY - PRIVATE DRIVE,HOOD,2025-04-02,C - POSSIBLE INJURY,0,NO DATA,138 - LAKE GRANBURY MEDICAL CENTER,4.56,,34 - FAILED TO YIELD RIGHT OF WAY - PRIVATE DRIVE,No Data,No Data,76048,76048,No,1C4HJXFN3LW338604,23,1 - MALE,C - POSSIBLE INJURY,0,1,1 - FRONT LEFT OR MOTORCYCLE DRIVER
20734457,Yes,GRANBURY POLICE DEPARTMENT,G25006859,GRANBURY,FAILED TO YIELD RIGHT OF WAY - PRIVATE DRIVE,HOOD,2025-04-02,C - POSSIBLE INJURY,0,NO DATA,138 - LAKE GRANBURY MEDICAL CENTER,4.56,,No Data,No Data,No Data,76049,75032,No,JTEBU5JR2G5392060,53,2 - FEMALE,N - NOT INJURED,0,1,1 - FRONT LEFT OR MOTORCYCLE DRIVER
20734494,Yes,EL PASO POLICE DEPARTMENT,25-092028,EL PASO,OTHER (EXPLAIN IN NARRATIVE),EL PASO,2025-04-02,N - NOT INJURED,0,NO DATA,275 - THE HOSPITALS OF PROVIDENCE TRANSMOUNTAIN CAMPUS,3.513,,No Data,No Data,No Data,,No Data,Yes,No Data,No Data,99 - UNKNOWN,99 - UNKNOWN,0,1,1 - FRONT LEFT OR MOTORCYCLE DRIVER
20734494,Yes,EL PASO POLICE DEPARTMENT,25-092028,EL PASO,OTHER (EXPLAIN IN NARRATIVE),EL PASO,2025-04-02,N - NOT INJURED,0,NO DATA,275 - THE HOSPITALS OF PROVIDENCE TRANSMOUNTAIN CAMPUS,3.513,,98 - OTHER (EXPLAIN IN NARRATIVE),No Data,No Data,No Data,79912,No,1FMCU0GN8PUA77491,No Data,1 - MALE,N - NOT INJURED,0,1,99 - UNKNOWN
20734497,Yes,HARKER HEIGHTS POLICE DEPARTMENT,A25HH008093,HARKER HEIGHTS,FAILED TO YIELD RIGHT OF WAY - TURNING LEFT,BELL,2025-04-02,B - SUSPECTED MINOR INJURY,0,NO DATA,232 - SETON MEDICAL CENTER HARKER HEIGHTS,2.756,00,37 - FAILED TO YIELD RIGHT OF WAY - TURNING LEFT,No Data,No Data,76559,76557,No,3C63R3JL6RG167606,50,1 - MALE,N - NOT INJURED,0,1,1 - FRONT LEFT OR MOTORCYCLE DRIVER
20734497,Yes,HARKER HEIGHTS POLICE DEPARTMENT,A25HH008093,HARKER HEIGHTS,FAILED TO YIELD RIGHT OF WAY - TURNING LEFT,BELL,2025-04-02,B - SUSPECTED MINOR INJURY,0,NO DATA,232 - SETON MEDICAL CENTER HARKER HEIGHTS,2.756,00,No Data,No Data,No Data,76548,76549,No,3FA6P0RU3FR172727,30,2 - FEMALE,B - SUSPECTED MINOR INJURY,1,1,1 - FRONT LEFT OR MOTORCYCLE DRIVER
20734499,Yes,PASADENA POLICE DEPARTMENT,25-004735,PASADENA,OTHER (EXPLAIN IN NARRATIVE),HARRIS,2025-04-02,B - SUSPECTED MINOR INJURY,0,NO DATA,286 - UTMB HEALTH CLEAR LAKE CAMPUS,3.963,,98 - OTHER (EXPLAIN IN NARRATIVE),No Data,No Data,77571,77571,No,3GKALSEX8LL295082,52,2 - FEMALE,B - SUSPECTED MINOR INJURY,1,1,1 - FRONT LEFT OR MOTORCYCLE DRIVER
20734499,Yes,PASADENA POLICE DEPARTMENT,25-004735,PASADENA,OTHER (EXPLAIN IN NARRATIVE),HARRIS,2025-04-02,B - SUSPECTED MINOR INJURY,0,NO DATA,286 - UTMB HEALTH CLEAR LAKE CAMPUS,3.963,,98 - OTHER (EXPLAIN IN NARRATIVE),No Data,No Data,77084,77084,No,1FTEW1CP2FKD88977,26,1 - MALE,N - NOT INJURED,0,1,1 - FRONT LEFT OR MOTORCYCLE DRIVER
20734507,Yes,NORTH RICHLAND HILLS POLICE DEPARTMENT,25N19137,NORTH RICHLAND HILLS,PARKED AND FAILED TO SET BRAKES;CELL/MOBILE DEVICE USE - TALKING,TARRANT,2025-04-02,C - POSSIBLE INJURY,0,NO DATA,No Data,No Data,,54 - PARKED AND FAILED TO SET BRAKES,No Data,No Data,76180,76180,No,1N6ED1CL3RN664697,65,1 - MALE,C - POSSIBLE INJURY,0,1,1 - FRONT LEFT OR MOTORCYCLE DRIVER
20734518,Yes,WEBSTER POLICE DEPARTMENT,WBPD2500770,WEBSTER,DRIVER INATTENTION; FAILED TO CONTROL SPEED,HARRIS,2025-04-02,N - NOT INJURED,0,NO DATA,115 - HCA HOUSTON HEALTHCARE CLEAR LAKE,0.7,,22 - FAILED TO CONTROL SPEED,No Data,No Data,77598,77598,No,3FA6P0HD6JR202412,22,1 - MALE,N - NOT INJURED,0,1,1 - FRONT LEFT OR MOTORCYCLE DRIVER
20734518,Yes,WEBSTER POLICE DEPARTMENT,WBPD2500770,WEBSTER,DRIVER INATTENTION; FAILED TO CONTROL SPEED,HARRIS,2025-04-02,N - NOT INJURED,0,NO DATA,115 - HCA HOUSTON HEALTHCARE CLEAR LAKE,0.7,,No Data,No Data,No Data,77546,77546,No,19UUB3F40LA000216,55,1 - MALE,N - NOT INJURED,0,1,1 - FRONT LEFT OR MOTORCYCLE DRIVER
20734518,Yes,WEBSTER POLICE DEPARTMENT,WBPD2500770,WEBSTER,DRIVER INATTENTION; FAILED TO CONTROL SPEED,HARRIS,2025-04-02,N - NOT INJURED,0,NO DATA,115 - HCA HOUSTON HEALTHCARE CLEAR LAKE,0.7,,22 - FAILED TO CONTROL SPEED,No Data,No Data,77546,77546,No,5TFRY5F11AX092239,40,1 - MALE,N - NOT INJURED,0,1,1 - FRONT LEFT OR MOTORCYCLE DRIVER
20734526,Yes,HOUSTON POLICE DEPARTMENT,0042029125A,HOUSTON,FAILED TO CONTROL SPEED,HARRIS,2025-04-02,N - NOT INJURED,0,NO DATA,122 - HCA HOUSTON HEALTHCARE SOUTHEAST,4.829,H,22 - FAILED TO CONTROL SPEED,No Data,No Data,77506,77506,No,1GNER16K3HF128601,51,1 - MALE,N - NOT INJURED,0,1,1 - FRONT LEFT OR MOTORCYCLE DRIVER
20734526,Yes,HOUSTON POLICE DEPARTMENT,0042029125A,HOUSTON,FAILED TO CONTROL SPEED,HARRIS,2025-04-02,N - NOT INJURED,0,NO DATA,122 - HCA HOUSTON HEALTHCARE SOUTHEAST,4.829,H,No Data,No Data,No Data,77536,77536,No,1FTEW1CG6HKC75214,41,1 - MALE,N - NOT INJURED,0,1,1 - FRONT LEFT OR MOTORCYCLE DRIVER
20734526,Yes,HOUSTON POLICE DEPARTMENT,0042029125A,HOUSTON,FAILED TO CONTROL SPEED,HARRIS,2025-04-02,N - NOT INJURED,0,NO DATA,122 - HCA HOUSTON HEALTHCARE SOUTHEAST,4.829,H,No Data,No Data,No Data,77536,77536,No,1FTEW1CG6HKC75214,31,1 - MALE,N - NOT INJURED,0,2,4 - SECOND SEAT LEFT OR MOTORCYCLE BACK PASSENGER
20734543,Yes,SOUTHLAKE POLICE DEPARTMENT,CFS25065265,SOUTHLAKE,FAILED TO CONTROL SPEED,TARRANT,2025-04-02,N - NOT INJURED,0,NO DATA,17 - BAYLOR SCOTT & WHITE MEDICAL CENTER - GRAPEVINE,3.361,,22 - FAILED TO CONTROL SPEED,No Data,No Data,75216,75216,No,1FTRW12W86KC58115,22,1 - MALE,N - NOT INJURED,0,1,1 - FRONT LEFT OR MOTORCYCLE DRIVER
20734543,Yes,SOUTHLAKE POLICE DEPARTMENT,CFS25065265,SOUTHLAKE,FAILED TO CONTROL SPEED,TARRANT,2025-04-02,N - NOT INJURED,0,NO DATA,17 - BAYLOR SCOTT & WHITE MEDICAL CENTER - GRAPEVINE,3.361,,No Data,No Data,No Data,76248,76248,No,KNDNC5K37S6482287,70,2 - FEMALE,N - NOT INJURED,0,1,1 - FRONT LEFT OR MOTORCYCLE DRIVER
20734554,Yes,SELMA POLICE DEPARTMENT,25-07624,SELMA,CHANGED LANE WHEN UNSAFE,BEXAR,2025-04-02,N - NOT INJURED,0,NO DATA,202 - NORTHEAST METHODIST HOSPITAL,2.142,,No Data,No Data,No Data,76542,76051,No,3HCDZAPR8KL660670,40,1 - MALE,N - NOT INJURED,0,1,1 - FRONT LEFT OR MOTORCYCLE DRIVER
20734554,Yes,SELMA POLICE DEPARTMENT,25-07624,SELMA,CHANGED LANE WHEN UNSAFE,BEXAR,2025-04-02,N - NOT INJURED,0,NO DATA,202 - NORTHEAST METHODIST HOSPITAL,2.142,,No Data,No Data,No Data,78748,78748,No,1FTEW1CP5LKD08535,78,2 - FEMALE,N - NOT INJURED,0,1,1 - FRONT LEFT OR MOTORCYCLE DRIVER
20734562,No,HARRIS COUNTY CONSTABLE PRECINCT 4,2504-00176,OUTSIDE CITY LIMITS,DRIVER INATTENTION,HARRIS,2025-04-02,N - NOT INJURED,0,NO DATA,123 - HCA HOUSTON HEALTHCARE TOMBALL,3.992,,20 - DRIVER INATTENTION,No Data,No Data,77377,77377,No,5TDBK3EH3BS083880,48,2 - FEMALE,N - NOT INJURED,0,1,1 - FRONT LEFT OR MOTORCYCLE DRIVER
20734562,No,HARRIS COUNTY CONSTABLE PRECINCT 4,2504-00176,OUTSIDE CITY LIMITS,DRIVER INATTENTION,HARRIS,2025-04-02,N - NOT INJURED,0,NO DATA,123 - HCA HOUSTON HEALTHCARE TOMBALL,3.992,,No Data,No Data,No Data,No Data,No Data,No Data,No Data,17,1 - MALE,N - NOT INJURED,0,1,"16 - PEDESTRIAN, PEDALCYCLIST, OR MOTORIZED CONVEYANCE"
20734568,Yes,CEDAR PARK POLICE DEPARTMENT,2504-0037,CEDAR PARK,FAILED TO YIELD RIGHT OF WAY - TURN ON RED;TURNED IMPROPERLY - WIDE RIGHT,WILLIAMSON,2025-04-02,N - NOT INJURED,0,NO DATA,37 - CEDAR PARK REGIONAL MEDICAL CENTER,0.417,,38 - FAILED TO YIELD RIGHT OF WAY - TURN ON RED,64 - TURNED IMPROPERLY - WIDE RIGHT,No Data,78641,78641,No,19UDE2F72KA011616,49,2 - FEMALE,N - NOT INJURED,0,1,1 - FRONT LEFT OR MOTORCYCLE DRIVER
20734568,Yes,CEDAR PARK POLICE DEPARTMENT,2504-0037,CEDAR PARK,FAILED TO YIELD RIGHT OF WAY - TURN ON RED;TURNED IMPROPERLY - WIDE RIGHT,WILLIAMSON,2025-04-02,N - NOT INJURED,0,NO DATA,37 - CEDAR PARK REGIONAL MEDICAL CENTER,0.417,,No Data,No Data,No Data,78608,78608,No,3D6WR26D15G828450,56,1 - MALE,N - NOT INJURED,0,1,1 - FRONT LEFT OR MOTORCYCLE DRIVER
20734569,Yes,CORINTH POLICE DEPARTMENT,250122245,DENTON,CHANGED LANE WHEN UNSAFE; DRIVER INATTENTION,DENTON,2025-04-02,N - NOT INJURED,0,NO DATA,152 - MEDICAL CITY DENTON,1.003,,4 - CHANGED LANE WHEN UNSAFE,No Data,No Data,75006,75220,No,JHMCP26868C070466,19,2 - FEMALE,N - NOT INJURED,0,1,1 - FRONT LEFT OR MOTORCYCLE DRIVER
20734569,Yes,CORINTH POLICE DEPARTMENT,250122245,DENTON,CHANGED LANE WHEN UNSAFE; DRIVER INATTENTION,DENTON,2025-04-02,N - NOT INJURED,0,NO DATA,152 - MEDICAL CITY DENTON,1.003,,No Data,No Data,No Data,76234,76202,No,1XKYDP9X6FJ458973,70,1 - MALE,N - NOT INJURED,0,1,1 - FRONT LEFT OR MOTORCYCLE DRIVER
20734574,Yes,LONGVIEW POLICE DEPARTMENT,25-4344,LONGVIEW,FAILED TO YIELD RIGHT OF WAY - TURNING LEFT;IMPAIRED VISIBILITY (EXPLAIN IN NARRATIVE),GREGG,2025-04-02,N - NOT INJURED,0,NO DATA,149 - LONGVIEW REGIONAL MEDICAL CENTER,4.25,,No Data,No Data,No Data,75645,75645,No,1HGCR2F53GA083401,19,1 - MALE,N - NOT INJURED,0,1,1 - FRONT LEFT OR MOTORCYCLE DRIVER
20734574,Yes,LONGVIEW POLICE DEPARTMENT,25-4344,LONGVIEW,FAILED TO YIELD RIGHT OF WAY - TURNING LEFT;IMPAIRED VISIBILITY (EXPLAIN IN NARRATIVE),GREGG,2025-04-02,N - NOT INJURED,0,NO DATA,149 - LONGVIEW REGIONAL MEDICAL CENTER,4.25,,37 - FAILED TO YIELD RIGHT OF WAY - TURNING LEFT,No Data,No Data,75604,75604,No,5NMP3DGL6RH021185,41,2 - FEMALE,N - NOT INJURED,0,1,1 - FRONT LEFT OR MOTORCYCLE DRIVER
20734576,Yes,SAN ANTONIO POLICE DEPARTMENT,SAPD25064915,SAN ANTONIO,NONE,BEXAR,2025-04-02,99 - UNKNOWN,0,NO DATA,No Data,No Data,60,No Data,No Data,No Data,,No Data,Yes,No Data,No Data,99 - UNKNOWN,99 - UNKNOWN,0,1,1 - FRONT LEFT OR MOTORCYCLE DRIVER
20734577,No,SAN ANTONIO POLICE DEPARTMENT,SAPD25064895,SAN ANTONIO,DRIVER INATTENTION,BEXAR,2025-04-02,N - NOT INJURED,0,NO DATA,187 - MISSION TRAIL BAPTIST HOSPITAL,5.133,60,20 - DRIVER INATTENTION,No Data,No Data,,78264,Yes,1FTEX1C80HKD68851,No Data,99 - UNKNOWN,99 - UNKNOWN,0,1,1 - FRONT LEFT OR MOTORCYCLE DRIVER
20734577,No,SAN ANTONIO POLICE DEPARTMENT,SAPD25064895,SAN ANTONIO,DRIVER INATTENTION,BEXAR,2025-04-02,N - NOT INJURED,0,NO DATA,187 - MISSION TRAIL BAPTIST HOSPITAL,5.133,60,No Data,No Data,No Data,78222,78222,No,KNDPN3AC7M7849002,37,2 - FEMALE,N - NOT INJURED,0,1,1 - FRONT LEFT OR MOTORCYCLE DRIVER
20734587,Yes,BEAUMONT POLICE DEPARTMENT,2025006105,BEAUMONT,TURNED IMPROPERLY - WRONG LANE,JEFFERSON,2025-04-02,C - POSSIBLE INJURY,0,NO DATA,58 - CHRISTUS SOUTHEAST TEXAS - ST. ELIZABETH,2.072,,65 - TURNED IMPROPERLY - WRONG LANE,No Data,No Data,77615,77615,No,4T1BE32K34U892118,43,1 - MALE,N - NOT INJURED,0,1,1 - FRONT LEFT OR MOTORCYCLE DRIVER
20734587,Yes,BEAUMONT POLICE DEPARTMENT,2025006105,BEAUMONT,TURNED IMPROPERLY - WRONG LANE,JEFFERSON,2025-04-02,C - POSSIBLE INJURY,0,NO DATA,58 - CHRISTUS SOUTHEAST TEXAS - ST. ELIZABETH,2.072,,No Data,No Data,No Data,77705,77705,No,1D8GU28K77W616646,50,2 - FEMALE,C - POSSIBLE INJURY,0,1,1 - FRONT LEFT OR MOTORCYCLE DRIVER
20734588,Yes,DALLAS POLICE DEPARTMENT,45838-2025,DALLAS,FAILED TO YIELD RIGHT OF WAY - TURNING LEFT,DALLAS,2025-04-02,C - POSSIBLE INJURY,0,NO DATA,258 - TEXAS HEALTH PRESBYTERIAN HOSPITAL DALLAS,1.646,,37 - FAILED TO YIELD RIGHT OF WAY - TURNING LEFT,No Data,No Data,75217,75217,No,JHMES96683S000836,41,1 - MALE,N - NOT INJURED,0,1,1 - FRONT LEFT OR MOTORCYCLE DRIVER
20734588,Yes,DALLAS POLICE DEPARTMENT,45838-2025,DALLAS,FAILED TO YIELD RIGHT OF WAY - TURNING LEFT,DALLAS,2025-04-02,C - POSSIBLE INJURY,0,NO DATA,258 - TEXAS HEALTH PRESBYTERIAN HOSPITAL DALLAS,1.646,,No Data,No Data,No Data,75228,75228,No,1FADP3K20EL305376,41,1 - MALE,C - POSSIBLE INJURY,0,1,1 - FRONT LEFT OR MOTORCYCLE DRIVER
20734607,Yes,KERR COUNTY SHERIFF'S OFFICE,2025-00551,INGRAM,FAILED TO YIELD RIGHT OF WAY - STOP SIGN,KERR,2025-04-02,N - NOT INJURED,0,NO DATA,218 - PETERSON REGIONAL MEDICAL CENTER,6.181,,35 - FAILED TO YIELD RIGHT OF WAY - STOP SIGN,No Data,No Data,78025,78025,No,2C3KA63H56H244116,56,1 - MALE,N - NOT INJURED,0,1,1 - FRONT LEFT OR MOTORCYCLE DRIVER
20734607,Yes,KERR COUNTY SHERIFF'S OFFICE,2025-00551,INGRAM,FAILED TO YIELD RIGHT OF WAY - STOP SIGN,KERR,2025-04-02,N - NOT INJURED,0,NO DATA,218 - PETERSON REGIONAL MEDICAL CENTER,6.181,,No Data,No Data,No Data,78028,78028,No,5FNYF6H91JB063490,30,2 - FEMALE,N - NOT INJURED,0,1,1 - FRONT LEFT OR MOTORCYCLE DRIVER
20734607,Yes,KERR COUNTY SHERIFF'S OFFICE,2025-00551,INGRAM,FAILED TO YIELD RIGHT OF WAY - STOP SIGN,KERR,2025-04-02,N - NOT INJURED,0,NO DATA,218 - PETERSON REGIONAL MEDICAL CENTER,6.181,,No Data,No Data,No Data,78028,78028,No,5FNYF6H91JB063490,7,1 - MALE,N - NOT INJURED,0,2,6 - SECOND SEAT RIGHT
20734607,Yes,KERR COUNTY SHERIFF'S OFFICE,2025-00551,INGRAM,FAILED TO YIELD RIGHT OF WAY - STOP SIGN,KERR,2025-04-02,N - NOT INJURED,0,NO DATA,218 - PETERSON REGIONAL MEDICAL CENTER,6.181,,No Data,No Data,No Data,78028,78028,No,5FNYF6H91JB063490,6,1 - MALE,N - NOT INJURED,0,3,4 - SECOND SEAT LEFT OR MOTORCYCLE BACK PASSENGER
20734612,Yes,HARRIS COUNTY SHERIFF'S OFFICE,2504-00467,HOUSTON,CHANGED LANE WHEN UNSAFE,HARRIS,2025-04-02,N - NOT INJURED,0,NO DATA,No Data,No Data,MA,4 - CHANGED LANE WHEN UNSAFE,No Data,No Data,77015,77015,No,1FTEW1CP7GKE01708,No Data,1 - MALE,N - NOT INJURED,0,1,1 - FRONT LEFT OR MOTORCYCLE DRIVER
20734612,Yes,HARRIS COUNTY SHERIFF'S OFFICE,2504-00467,HOUSTON,CHANGED LANE WHEN UNSAFE,HARRIS,2025-04-02,N - NOT INJURED,0,NO DATA,No Data,No Data,MA,No Data,No Data,No Data,77521,77521,No,1FTEW1EG7HFC13200,No Data,1 - MALE,N - NOT INJURED,0,1,1 - FRONT LEFT OR MOTORCYCLE DRIVER
20734615,Yes,ROWLETT POLICE DEPARTMENT,25016411,ROWLETT,WRONG WAY - ONE WAY ROAD,DALLAS,2025-04-02,N - NOT INJURED,0,NO DATA,19 - BAYLOR SCOTT & WHITE MEDICAL CENTER - LAKE POINTE,3.302,,71 - WRONG WAY - ONE WAY ROAD,No Data,No Data,75253,75056,Yes,2GCEC19T2X1182394,21,1 - MALE,N - NOT INJURED,0,1,1 - FRONT LEFT OR MOTORCYCLE DRIVER
20734615,Yes,ROWLETT POLICE DEPARTMENT,25016411,ROWLETT,WRONG WAY - ONE WAY ROAD,DALLAS,2025-04-02,N - NOT INJURED,0,NO DATA,19 - BAYLOR SCOTT & WHITE MEDICAL CENTER - LAKE POINTE,3.302,,No Data,No Data,No Data,75088,75088,No,1FA6P8TH5R5148933,28,2 - FEMALE,N - NOT INJURED,0,1,1 - FRONT LEFT OR MOTORCYCLE DRIVER
20734616,Yes,LEWISVILLE POLICE DEPARTMENT,25-02588,LEWISVILLE,FAILED TO YIELD RIGHT OF WAY - YIELD SIGN,DENTON,2025-04-02,N - NOT INJURED,0,NO DATA,156 - MEDICAL CITY LEWISVILLE,3.196,,39 - FAILED TO YIELD RIGHT OF WAY - YIELD SIGN,No Data,No Data,75022,75022,No,JF2GUADC8RH862136,30,2 - FEMALE,N - NOT INJURED,0,1,1 - FRONT LEFT OR MOTORCYCLE DRIVER
20734616,Yes,LEWISVILLE POLICE DEPARTMENT,25-02588,LEWISVILLE,FAILED TO YIELD RIGHT OF WAY - YIELD SIGN,DENTON,2025-04-02,N - NOT INJURED,0,NO DATA,156 - MEDICAL CITY LEWISVILLE,3.196,,No Data,No Data,No Data,76132,19406,No,3HAEUMML3NL386392,26,1 - MALE,N - NOT INJURED,0,1,1 - FRONT LEFT OR MOTORCYCLE DRIVER
20734634,Yes,"DEPARTMENT OF PUBLIC SAFETY, STATE OF TEXAS",TX2025-511686,OUTSIDE CITY LIMITS,ANIMAL ON ROAD - WILD;FAULTY EVASIVE ACTION,KERR,2025-04-02,N - NOT INJURED,0,NO DATA,218 - PETERSON REGIONAL MEDICAL CENTER,10.14,6C,2 - ANIMAL ON ROAD - WILD,41 - FAULTY EVASIVE ACTION,No Data,78253,78253,No,3VWSK69MX3M123704,23,1 - MALE,N - NOT INJURED,0,1,1 - FRONT LEFT OR MOTORCYCLE DRIVER
20734635,Yes,LEWISVILLE POLICE DEPARTMENT,25-02592,LEWISVILLE,DISREGARD STOP AND GO SIGNAL,DENTON,2025-04-02,B - SUSPECTED MINOR INJURY,0,NO DATA,156 - MEDICAL CITY LEWISVILLE,1.107,,15 - DISREGARD STOP AND GO SIGNAL,No Data,No Data,75057,75057,No,KNDJT2A6XC7392913,44,2 - FEMALE,B - SUSPECTED MINOR INJURY,1,1,1 - FRONT LEFT OR MOTORCYCLE DRIVER
20734635,Yes,LEWISVILLE POLICE DEPARTMENT,25-02592,LEWISVILLE,DISREGARD STOP AND GO SIGNAL,DENTON,2025-04-02,B - SUSPECTED MINOR INJURY,0,NO DATA,156 - MEDICAL CITY LEWISVILLE,1.107,,No Data,No Data,No Data,76801,76801,No,KNAFU4A22A5064046,28,1 - MALE,N - NOT INJURED,0,1,1 - FRONT LEFT OR MOTORCYCLE DRIVER
20734635,Yes,LEWISVILLE POLICE DEPARTMENT,25-02592,LEWISVILLE,DISREGARD STOP AND GO SIGNAL,DENTON,2025-04-02,B - SUSPECTED MINOR INJURY,0,NO DATA,156 - MEDICAL CITY LEWISVILLE,1.107,,No Data,No Data,No Data,76801,76801,No,KNAFU4A22A5064046,36,2 - FEMALE,B - SUSPECTED MINOR INJURY,1,2,3 - FRONT RIGHT
20734655,Yes,KELLER POLICE DEPARTMENT,CFS25065235,KELLER,FAILED TO YIELD RIGHT OF WAY - STOP SIGN,TARRANT,2025-04-02,N - NOT INJURED,0,NO DATA,17 - BAYLOR SCOTT & WHITE MEDICAL CENTER - GRAPEVINE,5.562,,35 - FAILED TO YIELD RIGHT OF WAY - STOP SIGN,No Data,No Data,76148,76148,No,1B3CB3HA3BD120281,77,2 - FEMALE,N - NOT INJURED,0,1,1 - FRONT LEFT OR MOTORCYCLE DRIVER
20734655,Yes,KELLER POLICE DEPARTMENT,CFS25065235,KELLER,FAILED TO YIELD RIGHT OF WAY - STOP SIGN,TARRANT,2025-04-02,N - NOT INJURED,0,NO DATA,17 - BAYLOR SCOTT & WHITE MEDICAL CENTER - GRAPEVINE,5.562,,No Data,No Data,No Data,75261,75261,No,5TDDZRFH8JS867296,76,1 - MALE,N - NOT INJURED,0,1,1 - FRONT LEFT OR MOTORCYCLE DRIVER
20734677,Yes,HARRIS COUNTY CONSTABLE PRECINCT 4,2504-00184,OUTSIDE CITY LIMITS,TURNED IMPROPERLY - WIDE RIGHT,HARRIS,2025-04-02,N - NOT INJURED,0,NO DATA,123 - HCA HOUSTON HEALTHCARE TOMBALL,3.785,,64 - TURNED IMPROPERLY - WIDE RIGHT,No Data,No Data,77377,77379,No,1J4PP2GK9BW522083,40,2 - FEMALE,N - NOT INJURED,0,1,1 - FRONT LEFT OR MOTORCYCLE DRIVER
20734677,Yes,HARRIS COUNTY CONSTABLE PRECINCT 4,2504-00184,OUTSIDE CITY LIMITS,TURNED IMPROPERLY - WIDE RIGHT,HARRIS,2025-04-02,N - NOT INJURED,0,NO DATA,123 - HCA HOUSTON HEALTHCARE TOMBALL,3.785,,64 - TURNED IMPROPERLY - WIDE RIGHT,No Data,No Data,77377,77379,No,1J4PP2GK9BW522083,13,1 - MALE,N - NOT INJURED,0,2,3 - FRONT RIGHT
20734677,Yes,HARRIS COUNTY CONSTABLE PRECINCT 4,2504-00184,OUTSIDE CITY LIMITS,TURNED IMPROPERLY - WIDE RIGHT,HARRIS,2025-04-02,N - NOT INJURED,0,NO DATA,123 - HCA HOUSTON HEALTHCARE TOMBALL,3.785,,64 - TURNED IMPROPERLY - WIDE RIGHT,No Data,No Data,77377,77379,No,1J4PP2GK9BW522083,8,1 - MALE,N - NOT INJURED,0,3,6 - SECOND SEAT RIGHT
20734677,Yes,HARRIS COUNTY CONSTABLE PRECINCT 4,2504-00184,OUTSIDE CITY LIMITS,TURNED IMPROPERLY - WIDE RIGHT,HARRIS,2025-04-02,N - NOT INJURED,0,NO DATA,123 - HCA HOUSTON HEALTHCARE TOMBALL,3.785,,64 - TURNED IMPROPERLY - WIDE RIGHT,No Data,No Data,77377,77379,No,1J4PP2GK9BW522083,10,2 - FEMALE,N - NOT INJURED,0,4,5 - SECOND SEAT CENTER
20734677,Yes,HARRIS COUNTY CONSTABLE PRECINCT 4,2504-00184,OUTSIDE CITY LIMITS,TURNED IMPROPERLY - WIDE RIGHT,HARRIS,2025-04-02,N - NOT INJURED,0,NO DATA,123 - HCA HOUSTON HEALTHCARE TOMBALL,3.785,,No Data,No Data,No Data,77377,77377,No,1C4NJPBB7ED730157,22,1 - MALE,N - NOT INJURED,0,1,1 - FRONT LEFT OR MOTORCYCLE DRIVER
20734688,Yes,CORINTH POLICE DEPARTMENT,250122230,DENTON,CHANGED LANE WHEN UNSAFE,DENTON,2025-04-02,N - NOT INJURED,0,NO DATA,152 - MEDICAL CITY DENTON,1.003,,4 - CHANGED LANE WHEN UNSAFE,No Data,No Data,,No Data,Yes,UNKNOWN,No Data,99 - UNKNOWN,99 - UNKNOWN,0,1,1 - FRONT LEFT OR MOTORCYCLE DRIVER
20734688,Yes,CORINTH POLICE DEPARTMENT,250122230,DENTON,CHANGED LANE WHEN UNSAFE,DENTON,2025-04-02,N - NOT INJURED,0,NO DATA,152 - MEDICAL CITY DENTON,1.003,,No Data,No Data,No Data,75033,75033,No,5J6RM3H78EL005235,18,2 - FEMALE,N - NOT INJURED,0,1,1 - FRONT LEFT OR MOTORCYCLE DRIVER
20734695,Yes,CORINTH POLICE DEPARTMENT,250122215,CORINTH (DENTON),FAILED TO CONTROL SPEED,DENTON,2025-04-02,N - NOT INJURED,0,NO DATA,152 - MEDICAL CITY DENTON,1.348,,22 - FAILED TO CONTROL SPEED,No Data,No Data,75040,75040,No,KNMAT2MT4KP525164,21,2 - FEMALE,N - NOT INJURED,0,1,1 - FRONT LEFT OR MOTORCYCLE DRIVER
20734695,Yes,CORINTH POLICE DEPARTMENT,250122215,CORINTH (DENTON),FAILED TO CONTROL SPEED,DENTON,2025-04-02,N - NOT INJURED,0,NO DATA,152 - MEDICAL CITY DENTON,1.348,,22 - FAILED TO CONTROL SPEED,No Data,No Data,75040,75040,No,KNMAT2MT4KP525164,21,2 - FEMALE,N - NOT INJURED,0,2,3 - FRONT RIGHT
20734695,Yes,CORINTH POLICE DEPARTMENT,250122215,CORINTH (DENTON),FAILED TO CONTROL SPEED,DENTON,2025-04-02,N - NOT INJURED,0,NO DATA,152 - MEDICAL CITY DENTON,1.348,,No Data,No Data,No Data,77864,74134,No,1C6SRFJP9SN562098,55,1 - MALE,N - NOT INJURED,0,1,1 - FRONT LEFT OR MOTORCYCLE DRIVER
20734695,Yes,CORINTH POLICE DEPARTMENT,250122215,CORINTH (DENTON),FAILED TO CONTROL SPEED,DENTON,2025-04-02,N - NOT INJURED,0,NO DATA,152 - MEDICAL CITY DENTON,1.348,,No Data,No Data,No Data,77864,74134,No,1C6SRFJP9SN562098,25,1 - MALE,N - NOT INJURED,0,2,3 - FRONT RIGHT
20734695,Yes,CORINTH POLICE DEPARTMENT,250122215,CORINTH (DENTON),FAILED TO CONTROL SPEED,DENTON,2025-04-02,N - NOT INJURED,0,NO DATA,152 - MEDICAL CITY DENTON,1.348,,No Data,No Data,No Data,75072,75071,No,4T4BF3EK8AR026814,18,2 - FEMALE,N - NOT INJURED,0,1,1 - FRONT LEFT OR MOTORCYCLE DRIVER
20734695,Yes,CORINTH POLICE DEPARTMENT,250122215,CORINTH (DENTON),FAILED TO CONTROL SPEED,DENTON,2025-04-02,N - NOT INJURED,0,NO DATA,152 - MEDICAL CITY DENTON,1.348,,No Data,No Data,No Data,75019,75019,No,2C3CDYAG2DH545022,21,1 - MALE,N - NOT INJURED,0,1,1 - FRONT LEFT OR MOTORCYCLE DRIVER
20734705,Yes,TRAVIS COUNTY SHERIFF'S OFFICE,250920389,AUSTIN,FAILED TO HEED WARNING SIGN;FAILED TO YIELD RIGHT OF WAY - TURNING LEFT,TRAVIS,2025-04-02,N - NOT INJURED,0,NO DATA,195 - NORTH AUSTIN MEDICAL CENTER,3.036,,37 - FAILED TO YIELD RIGHT OF WAY - TURNING LEFT,No Data,No Data,78754,78754,No,1GCGSBEC6R1107648,32,1 - MALE,N - NOT INJURED,0,1,1 - FRONT LEFT OR MOTORCYCLE DRIVER
20734705,Yes,TRAVIS COUNTY SHERIFF'S OFFICE,250920389,AUSTIN,FAILED TO HEED WARNING SIGN;FAILED TO YIELD RIGHT OF WAY - TURNING LEFT,TRAVIS,2025-04-02,N - NOT INJURED,0,NO DATA,195 - NORTH AUSTIN MEDICAL CENTER,3.036,,25 - FAILED TO HEED WARNING SIGN OR TRAFFIC CONTROL DEVICE,No Data,No Data,78728,78728,No,3N1AB7AP1KY324623,34,1 - MALE,N - NOT INJURED,0,1,1 - FRONT LEFT OR MOTORCYCLE DRIVER
20734721,Yes,SAN ANTONIO POLICE DEPARTMENT,SAPD25065030,SAN ANTONIO,FAILED TO DRIVE IN SINGLE LANE,BEXAR,2025-04-02,N - NOT INJURED,0,NO DATA,196 - NORTH CENTRAL BAPTIST HOSPITAL,2.806,10,23 - FAILED TO DRIVE IN SINGLE LANE,No Data,No Data,78239,78207,No,WBA3C1C57DK104350,19,1 - MALE,N - NOT INJURED,0,1,1 - FRONT LEFT OR MOTORCYCLE DRIVER
20734721,Yes,SAN ANTONIO POLICE DEPARTMENT,SAPD25065030,SAN ANTONIO,FAILED TO DRIVE IN SINGLE LANE,BEXAR,2025-04-02,N - NOT INJURED,0,NO DATA,196 - NORTH CENTRAL BAPTIST HOSPITAL,2.806,10,No Data,No Data,No Data,78207,78219,No,1FDRF3GT6KED29925,45,1 - MALE,N - NOT INJURED,0,1,1 - FRONT LEFT OR MOTORCYCLE DRIVER
20734725,Yes,SAN ANTONIO POLICE DEPARTMENT,SAPD25065042,SAN ANTONIO,FOLLOWED TOO CLOSELY,BEXAR,2025-04-02,N - NOT INJURED,0,NO DATA,176 - METHODIST HOSPITAL,1.242,10,44 - FOLLOWED TOO CLOSELY,No Data,No Data,78228,63146,No,3MVDMBCM4RM619810,37,1 - MALE,N - NOT INJURED,0,1,1 - FRONT LEFT OR MOTORCYCLE DRIVER
20734725,Yes,SAN ANTONIO POLICE DEPARTMENT,SAPD25065042,SAN ANTONIO,FOLLOWED TOO CLOSELY,BEXAR,2025-04-02,N - NOT INJURED,0,NO DATA,176 - METHODIST HOSPITAL,1.242,10,No Data,No Data,No Data,78148,78218,No,2HKRM4H77EH686584,40,1 - MALE,N - NOT INJURED,0,1,1 - FRONT LEFT OR MOTORCYCLE DRIVER
20734731,Yes,DESOTO POLICE DEPARTMENT,DE2504030,DESOTO,FAILED TO CONTROL SPEED; TURNED IMPROPERLY - WRONG LANE,DALLAS,2025-04-02,N - NOT INJURED,0,NO DATA,177 - METHODIST CHARLTON MEDICAL CENTER,5.367,,No Data,No Data,No Data,75154,75154,No,JTMW1RFV7KJ012383,39,2 - FEMALE,N - NOT INJURED,0,1,1 - FRONT LEFT OR MOTORCYCLE DRIVER
20734731,Yes,DESOTO POLICE DEPARTMENT,DE2504030,DESOTO,FAILED TO CONTROL SPEED; TURNED IMPROPERLY - WRONG LANE,DALLAS,2025-04-02,N - NOT INJURED,0,NO DATA,177 - METHODIST CHARLTON MEDICAL CENTER,5.367,,No Data,No Data,No Data,75104,75115,No,1GAHG39R8Y1273204,66,1 - MALE,N - NOT INJURED,0,1,1 - FRONT LEFT OR MOTORCYCLE DRIVER
20734736,Yes,SAN ANTONIO POLICE DEPARTMENT,SAPD25064934,SAN ANTONIO,CHANGED LANE WHEN UNSAFE,BEXAR,2025-04-02,B - SUSPECTED MINOR INJURY,0,NO DATA,12 - BAPTIST MEDICAL CENTER,0.215,10,4 - CHANGED LANE WHEN UNSAFE,No Data,No Data,78220,78237,No,4M2ZU52E4XUJ39076,40,2 - FEMALE,N - NOT INJURED,0,1,1 - FRONT LEFT OR MOTORCYCLE DRIVER
20734736,Yes,SAN ANTONIO POLICE DEPARTMENT,SAPD25064934,SAN ANTONIO,CHANGED LANE WHEN UNSAFE,BEXAR,2025-04-02,B - SUSPECTED MINOR INJURY,0,NO DATA,12 - BAPTIST MEDICAL CENTER,0.215,10,No Data,No Data,No Data,,78207,Yes,JNKCV64E38M113273,No Data,99 - UNKNOWN,99 - UNKNOWN,0,1,1 - FRONT LEFT OR MOTORCYCLE DRIVER
20734736,Yes,SAN ANTONIO POLICE DEPARTMENT,SAPD25064934,SAN ANTONIO,CHANGED LANE WHEN UNSAFE,BEXAR,2025-04-02,B - SUSPECTED MINOR INJURY,0,NO DATA,12 - BAPTIST MEDICAL CENTER,0.215,10,No Data,No Data,No Data,,78207,Yes,JNKCV64E38M113273,No Data,1 - MALE,99 - UNKNOWN,0,2,99 - UNKNOWN
20734736,Yes,SAN ANTONIO POLICE DEPARTMENT,SAPD25064934,SAN ANTONIO,CHANGED LANE WHEN UNSAFE,BEXAR,2025-04-02,B - SUSPECTED MINOR INJURY,0,NO DATA,12 - BAPTIST MEDICAL CENTER,0.215,10,No Data,No Data,No Data,78258,78258,No,JM1GJ1V66F1173491,19,1 - MALE,B - SUSPECTED MINOR INJURY,1,1,1 - FRONT LEFT OR MOTORCYCLE DRIVER
20734745,Yes,SAN ANTONIO POLICE DEPARTMENT,SAPD25064939,BALCONES HEIGHTS,NONE,BEXAR,2025-04-02,N - NOT INJURED,0,NO DATA,"185 - METHODIST TEXSAN HOSPITAL, A METHODIST HOSPITAL FACILITY",0.216,10,No Data,No Data,No Data,78247,78252,No,1G1PC5SH6C7177498,29,1 - MALE,N - NOT INJURED,0,1,1 - FRONT LEFT OR MOTORCYCLE DRIVER
20734745,Yes,SAN ANTONIO POLICE DEPARTMENT,SAPD25064939,BALCONES HEIGHTS,NONE,BEXAR,2025-04-02,N - NOT INJURED,0,NO DATA,"185 - METHODIST TEXSAN HOSPITAL, A METHODIST HOSPITAL FACILITY",0.216,10,No Data,No Data,No Data,78229,78229,No,2C3CDXBG3DH502012,31,1 - MALE,N - NOT INJURED,0,1,1 - FRONT LEFT OR MOTORCYCLE DRIVER
20734749,Yes,SAN ANTONIO POLICE DEPARTMENT,SAPD25064912,SAN ANTONIO,FAILED TO DRIVE IN SINGLE LANE,BEXAR,2025-04-02,B - SUSPECTED MINOR INJURY,0,NO DATA,54 - CHRISTUS SANTA ROSA HOSPITAL - MEDICAL CENTER,5.247,10,23 - FAILED TO DRIVE IN SINGLE LANE,No Data,No Data,78227,78227,No,3VV4B7AX2RM128011,37,1 - MALE,99 - UNKNOWN,0,1,1 - FRONT LEFT OR MOTORCYCLE DRIVER
20734749,Yes,SAN ANTONIO POLICE DEPARTMENT,SAPD25064912,SAN ANTONIO,FAILED TO DRIVE IN SINGLE LANE,BEXAR,2025-04-02,B - SUSPECTED MINOR INJURY,0,NO DATA,54 - CHRISTUS SANTA ROSA HOSPITAL - MEDICAL CENTER,5.247,10,No Data,No Data,No Data,78249,78249,No,JF1ZCAC14L9703308,19,1 - MALE,B - SUSPECTED MINOR INJURY,1,1,1 - FRONT LEFT OR MOTORCYCLE DRIVER
20734750,Yes,IOWA COLONY POLICE DEPARTMENT,25-00198,IOWA COLONY,FAILED TO DRIVE IN SINGLE LANE,BRAZORIA,2025-04-02,N - NOT INJURED,0,NO DATA,169 - MEMORIAL HERMANN PEARLAND HOSPITAL,9.588,,23 - FAILED TO DRIVE IN SINGLE LANE,No Data,No Data,N9E4P5,N9E4P5,No,3FA6P0D90DR186455,27,1 - MALE,N - NOT INJURED,0,1,1 - FRONT LEFT OR MOTORCYCLE DRIVER
20734753,Yes,SAN ANTONIO POLICE DEPARTMENT,SAPD25064444,CASTLE HILLS,FAULTY EVASIVE ACTION,BEXAR,2025-04-02,N - NOT INJURED,0,NO DATA,53 - CHRISTUS SANTA ROSA HOSPITAL - ALAMO HEIGHTS,2.226,10,41 - FAULTY EVASIVE ACTION,No Data,No Data,78213,78213,No,3GCPCSE01DG245109,42,1 - MALE,N - NOT INJURED,0,1,1 - FRONT LEFT OR MOTORCYCLE DRIVER
20734753,Yes,SAN ANTONIO POLICE DEPARTMENT,SAPD25064444,CASTLE HILLS,FAULTY EVASIVE ACTION,BEXAR,2025-04-02,N - NOT INJURED,0,NO DATA,53 - CHRISTUS SANTA ROSA HOSPITAL - ALAMO HEIGHTS,2.226,10,No Data,No Data,No Data,78217,78217,No,KMHLN4AJ5PU052848,48,1 - MALE,N - NOT INJURED,0,1,1 - FRONT LEFT OR MOTORCYCLE DRIVER
20734769,Yes,PALESTINE POLICE DEPARTMENT,C2505609,PALESTINE,CHANGED LANE WHEN UNSAFE; FAULTY EVASIVE ACTION,ANDERSON,2025-04-02,N - NOT INJURED,0,NO DATA,207 - PALESTINE REGIONAL MEDICAL CENTER,2.658,,4 - CHANGED LANE WHEN UNSAFE,41 - FAULTY EVASIVE ACTION,No Data,75801,75024,No,2C7WDGBG4KR538567,61,1 - MALE,N - NOT INJURED,0,1,1 - FRONT LEFT OR MOTORCYCLE DRIVER
20734769,Yes,PALESTINE POLICE DEPARTMENT,C2505609,PALESTINE,CHANGED LANE WHEN UNSAFE; FAULTY EVASIVE ACTION,ANDERSON,2025-04-02,N - NOT INJURED,0,NO DATA,207 - PALESTINE REGIONAL MEDICAL CENTER,2.658,,No Data,No Data,No Data,75839,75839,No,JTEFU5JR4R5306431,29,2 - FEMALE,N - NOT INJURED,0,1,1 - FRONT LEFT OR MOTORCYCLE DRIVER
20734769,Yes,PALESTINE POLICE DEPARTMENT,C2505609,PALESTINE,CHANGED LANE WHEN UNSAFE; FAULTY EVASIVE ACTION,ANDERSON,2025-04-02,N - NOT INJURED,0,NO DATA,207 - PALESTINE REGIONAL MEDICAL CENTER,2.658,,No Data,No Data,No Data,75839,75839,No,JTEFU5JR4R5306431,1,2 - FEMALE,N - NOT INJURED,0,2,6 - SECOND SEAT RIGHT
20734795,Yes,COPPELL POLICE DEPARTMENT,25006211,GRAPEVINE,UNSAFE SPEED,DALLAS,2025-04-02,N - NOT INJURED,0,NO DATA,156 - MEDICAL CITY LEWISVILLE,4.312,2,60 - UNSAFE SPEED,No Data,No Data,75035,75035,No,55SWF4JB0JU268161,39,2 - FEMALE,N - NOT INJURED,0,1,1 - FRONT LEFT OR MOTORCYCLE DRIVER
20734806,Yes,TRAVIS COUNTY SHERIFF'S OFFICE,250920483,OUTSIDE CITY LIMITS,FAILED TO YIELD RIGHT OF WAY - STOP SIGN,TRAVIS,2025-04-02,N - NOT INJURED,0,NO DATA,21 - BAYLOR SCOTT & WHITE MEDICAL CENTER - LAKEWAY,3.246,10,35 - FAILED TO YIELD RIGHT OF WAY - STOP SIGN,No Data,No Data,78748,78748,No,W1XZ0BEM4L3790290,52,2 - FEMALE,N - NOT INJURED,0,1,2 - FRONT CENTER OR MOTORCYCLE SIDECAR PASSENGER
20734806,Yes,TRAVIS COUNTY SHERIFF'S OFFICE,250920483,OUTSIDE CITY LIMITS,FAILED TO YIELD RIGHT OF WAY - STOP SIGN,TRAVIS,2025-04-02,N - NOT INJURED,0,NO DATA,21 - BAYLOR SCOTT & WHITE MEDICAL CENTER - LAKEWAY,3.246,10,No Data,No Data,No Data,78503,70503,No,1GCPYCEFXMZ289377,19,1 - MALE,N - NOT INJURED,0,1,1 - FRONT LEFT OR MOTORCYCLE DRIVER
20734806,Yes,TRAVIS COUNTY SHERIFF'S OFFICE,250920483,OUTSIDE CITY LIMITS,FAILED TO YIELD RIGHT OF WAY - STOP SIGN,TRAVIS,2025-04-02,N - NOT INJURED,0,NO DATA,21 - BAYLOR SCOTT & WHITE MEDICAL CENTER - LAKEWAY,3.246,10,No Data,No Data,No Data,78503,70503,No,1GCPYCEFXMZ289377,19,1 - MALE,N - NOT INJURED,0,2,1 - FRONT LEFT OR MOTORCYCLE DRIVER
20734806,Yes,TRAVIS COUNTY SHERIFF'S OFFICE,250920483,OUTSIDE CITY LIMITS,FAILED TO YIELD RIGHT OF WAY - STOP SIGN,TRAVIS,2025-04-02,N - NOT INJURED,0,NO DATA,21 - BAYLOR SCOTT & WHITE MEDICAL CENTER - LAKEWAY,3.246,10,No Data,No Data,No Data,78503,70503,No,1GCPYCEFXMZ289377,19,1 - MALE,N - NOT INJURED,0,3,6 - SECOND SEAT RIGHT
20734816,Yes,SAN ANGELO POLICE DEPARTMENT,20250003579,SAN ANGELO,FAILED TO CONTROL SPEED,TOM GREEN,2025-04-02,99 - UNKNOWN,0,NO DATA,230 - SHANNON MEDICAL CENTER,0.867,,22 - FAILED TO CONTROL SPEED,No Data,No Data,,76903,Yes,2G1WC58R579113615,No Data,99 - UNKNOWN,99 - UNKNOWN,0,1,1 - FRONT LEFT OR MOTORCYCLE DRIVER
20734820,Yes,ROUND ROCK POLICE DEPARTMENT,25-0402-0011,ROUND ROCK,FAILED TO CONTROL SPEED,WILLIAMSON,2025-04-02,N - NOT INJURED,0,NO DATA,25 - BAYLOR SCOTT & WHITE MEDICAL CENTER - ROUND ROCK,0.448,AM,22 - FAILED TO CONTROL SPEED,No Data,No Data,78641,,No,1G1ZB5ST8MF033779,24,2 - FEMALE,N - NOT INJURED,0,1,1 - FRONT LEFT OR MOTORCYCLE DRIVER
20734820,Yes,ROUND ROCK POLICE DEPARTMENT,25-0402-0011,ROUND ROCK,FAILED TO CONTROL SPEED,WILLIAMSON,2025-04-02,N - NOT INJURED,0,NO DATA,25 - BAYLOR SCOTT & WHITE MEDICAL CENTER - ROUND ROCK,0.448,AM,No Data,No Data,No Data,78641,78641,No,5FNYF5H59GB006034,38,2 - FEMALE,N - NOT INJURED,0,1,1 - FRONT LEFT OR MOTORCYCLE DRIVER
20734820,Yes,ROUND ROCK POLICE DEPARTMENT,25-0402-0011,ROUND ROCK,FAILED TO CONTROL SPEED,WILLIAMSON,2025-04-02,N - NOT INJURED,0,NO DATA,25 - BAYLOR SCOTT & WHITE MEDICAL CENTER - ROUND ROCK,0.448,AM,No Data,No Data,No Data,78641,78641,No,5FNYF5H59GB006034,6,2 - FEMALE,N - NOT INJURED,0,2,4 - SECOND SEAT LEFT OR MOTORCYCLE BACK PASSENGER
20734828,Yes,METRO TRANSIT POLICE DEPARTMENT,2500028723,HOUSTON,FAILED TO DRIVE IN SINGLE LANE,HARRIS,2025-04-02,N - NOT INJURED,0,NO DATA,124 - HCA HOUSTON HEALTHCARE PEARLAND,2.551,05,23 - FAILED TO DRIVE IN SINGLE LANE,No Data,No Data,77045,77045,No,4T1BF3EK5BU769264,80,1 - MALE,N - NOT INJURED,0,1,1 - FRONT LEFT OR MOTORCYCLE DRIVER
20734828,Yes,METRO TRANSIT POLICE DEPARTMENT,2500028723,HOUSTON,FAILED TO DRIVE IN SINGLE LANE,HARRIS,2025-04-02,N - NOT INJURED,0,NO DATA,124 - HCA HOUSTON HEALTHCARE PEARLAND,2.551,05,No Data,No Data,No Data,77004,77002,No,1N9040558EA140548,70,1 - MALE,N - NOT INJURED,0,1,1 - FRONT LEFT OR MOTORCYCLE DRIVER
20734840,Yes,TYLER POLICE DEPARTMENT,25-004719,TYLER,DRIVER INATTENTION;FAILED TO YIELD RIGHT OF WAY - TURNING LEFT,SMITH,2025-04-02,N - NOT INJURED,0,NO DATA,288 - UT HEALTH EAST TEXAS TYLER REGIONAL HOSPITAL,3.26,,37 - FAILED TO YIELD RIGHT OF WAY - TURNING LEFT,No Data,No Data,75752,75752,No,5N1AT2MV4LC708005,66,2 - FEMALE,N - NOT INJURED,0,1,1 - FRONT LEFT OR MOTORCYCLE DRIVER
20734840,Yes,TYLER POLICE DEPARTMENT,25-004719,TYLER,DRIVER INATTENTION;FAILED TO YIELD RIGHT OF WAY - TURNING LEFT,SMITH,2025-04-02,N - NOT INJURED,0,NO DATA,288 - UT HEALTH EAST TEXAS TYLER REGIONAL HOSPITAL,3.26,,No Data,No Data,No Data,75703,75703,No,JTEBU5JR1H5450807,61,1 - MALE,N - NOT INJURED,0,1,1 - FRONT LEFT OR MOTORCYCLE DRIVER
20734844,Yes,TYLER POLICE DEPARTMENT,25-004722,TYLER,DISREGARD STOP AND GO SIGNAL,SMITH,2025-04-02,N - NOT INJURED,0,NO DATA,49 - CHRISTUS MOTHER FRANCES HOSPITAL - TYLER,0.982,,No Data,No Data,No Data,75605,75605,No,1FT7W2BT1HEE01555,20,1 - MALE,N - NOT INJURED,0,1,1 - FRONT LEFT OR MOTORCYCLE DRIVER
20734845,Yes,TYLER POLICE DEPARTMENT,25-004723,TYLER,FAILED TO CONTROL SPEED,SMITH,2025-04-02,N - NOT INJURED,0,NO DATA,288 - UT HEALTH EAST TEXAS TYLER REGIONAL HOSPITAL,3.77,,22 - FAILED TO CONTROL SPEED,No Data,No Data,75633,75633,No,YV1MC672X8J047314,76,1 - MALE,N - NOT INJURED,0,1,1 - FRONT LEFT OR MOTORCYCLE DRIVER
20734845,Yes,TYLER POLICE DEPARTMENT,25-004723,TYLER,FAILED TO CONTROL SPEED,SMITH,2025-04-02,N - NOT INJURED,0,NO DATA,288 - UT HEALTH EAST TEXAS TYLER REGIONAL HOSPITAL,3.77,,No Data,No Data,No Data,75757,75757,No,W1NKM4GB1RF230841,70,2 - FEMALE,N - NOT INJURED,0,1,1 - FRONT LEFT OR MOTORCYCLE DRIVER
20734845,Yes,TYLER POLICE DEPARTMENT,25-004723,TYLER,FAILED TO CONTROL SPEED,SMITH,2025-04-02,N - NOT INJURED,0,NO DATA,288 - UT HEALTH EAST TEXAS TYLER REGIONAL HOSPITAL,3.77,,No Data,No Data,No Data,75757,75757,No,W1NKM4GB1RF230841,75,1 - MALE,N - NOT INJURED,0,2,3 - FRONT RIGHT
20734871,Yes,AUSTIN POLICE DEPARTMENT,250920402,AUSTIN,FAILED TO YIELD RIGHT OF WAY - PRIVATE DRIVE,TRAVIS,2025-04-02,B - SUSPECTED MINOR INJURY,0,NO DATA,243 - ST. DAVIDS SOUTH AUSTIN MEDICAL CENTER,5.194,NR,34 - FAILED TO YIELD RIGHT OF WAY - PRIVATE DRIVE,No Data,No Data,78610,78610,No,1C4NJPBA8GD600091,21,1 - MALE,N - NOT INJURED,0,1,1 - FRONT LEFT OR MOTORCYCLE DRIVER
20734871,Yes,AUSTIN POLICE DEPARTMENT,250920402,AUSTIN,FAILED TO YIELD RIGHT OF WAY - PRIVATE DRIVE,TRAVIS,2025-04-02,B - SUSPECTED MINOR INJURY,0,NO DATA,243 - ST. DAVIDS SOUTH AUSTIN MEDICAL CENTER,5.194,NR,No Data,No Data,No Data,78745,78745,No,3GNDA23P16S677943,29,2 - FEMALE,B - SUSPECTED MINOR INJURY,1,1,1 - FRONT LEFT OR MOTORCYCLE DRIVER
20734871,Yes,AUSTIN POLICE DEPARTMENT,250920402,AUSTIN,FAILED TO YIELD RIGHT OF WAY - PRIVATE DRIVE,TRAVIS,2025-04-02,B - SUSPECTED MINOR INJURY,0,NO DATA,243 - ST. DAVIDS SOUTH AUSTIN MEDICAL CENTER,5.194,NR,No Data,No Data,No Data,78745,78745,No,3GNDA23P16S677943,48,1 - MALE,B - SUSPECTED MINOR INJURY,1,2,3 - FRONT RIGHT
20734871,Yes,AUSTIN POLICE DEPARTMENT,250920402,AUSTIN,FAILED TO YIELD RIGHT OF WAY - PRIVATE DRIVE,TRAVIS,2025-04-02,B - SUSPECTED MINOR INJURY,0,NO DATA,243 - ST. DAVIDS SOUTH AUSTIN MEDICAL CENTER,5.194,NR,No Data,No Data,No Data,78745,78745,No,3GNDA23P16S677943,24,1 - MALE,N - NOT INJURED,0,3,6 - SECOND SEAT RIGHT
20734871,Yes,AUSTIN POLICE DEPARTMENT,250920402,AUSTIN,FAILED TO YIELD RIGHT OF WAY - PRIVATE DRIVE,TRAVIS,2025-04-02,B - SUSPECTED MINOR INJURY,0,NO DATA,243 - ST. DAVIDS SOUTH AUSTIN MEDICAL CENTER,5.194,NR,No Data,No Data,No Data,78745,78745,No,3GNDA23P16S677943,2,2 - FEMALE,N - NOT INJURED,0,4,4 - SECOND SEAT LEFT OR MOTORCYCLE BACK PASSENGER
20734871,Yes,AUSTIN POLICE DEPARTMENT,250920402,AUSTIN,FAILED TO YIELD RIGHT OF WAY - PRIVATE DRIVE,TRAVIS,2025-04-02,B - SUSPECTED MINOR INJURY,0,NO DATA,243 - ST. DAVIDS SOUTH AUSTIN MEDICAL CENTER,5.194,NR,No Data,No Data,No Data,78745,78745,No,3GNDA23P16S677943,10,2 - FEMALE,N - NOT INJURED,0,5,5 - SECOND SEAT CENTER
20734872,Yes,AUSTIN POLICE DEPARTMENT,250920546,AUSTIN,DRIVER INATTENTION,TRAVIS,2025-04-02,C - POSSIBLE INJURY,0,NO DATA,195 - NORTH AUSTIN MEDICAL CENTER,1.957,WA,20 - DRIVER INATTENTION,No Data,No Data,,78754,No,WBA5U7C09MFL27298,25,1 - MALE,C - POSSIBLE INJURY,0,1,1 - FRONT LEFT OR MOTORCYCLE DRIVER
20734873,No,AUSTIN POLICE DEPARTMENT,250920576,AUSTIN,DRIVER INATTENTION,TRAVIS,2025-04-02,C - POSSIBLE INJURY,0,NO DATA,91 - DELL SETON MEDICAL CENTER AT THE UNIVERSITY OF TEXAS,0.731,OR,20 - DRIVER INATTENTION,No Data,No Data,78704,78704,No,1HGCP2F86CA043615,46,2 - FEMALE,N - NOT INJURED,0,1,1 - FRONT LEFT OR MOTORCYCLE DRIVER
20734873,No,AUSTIN POLICE DEPARTMENT,250920576,AUSTIN,DRIVER INATTENTION,TRAVIS,2025-04-02,C - POSSIBLE INJURY,0,NO DATA,91 - DELL SETON MEDICAL CENTER AT THE UNIVERSITY OF TEXAS,0.731,OR,No Data,No Data,No Data,No Data,No Data,No Data,No Data,63,1 - MALE,C - POSSIBLE INJURY,0,1,"16 - PEDESTRIAN, PEDALCYCLIST, OR MOTORIZED CONVEYANCE"
20734874,Yes,AUSTIN POLICE DEPARTMENT,250920592,AUSTIN,DISREGARD STOP SIGN OR LIGHT,TRAVIS,2025-04-02,N - NOT INJURED,0,NO DATA,91 - DELL SETON MEDICAL CENTER AT THE UNIVERSITY OF TEXAS,0.672,OR,16 - DISREGARD STOP SIGN OR LIGHT,No Data,No Data,78640,78640,No,5XYPG4A32KG575966,50,1 - MALE,N - NOT INJURED,0,1,1 - FRONT LEFT OR MOTORCYCLE DRIVER
20734874,Yes,AUSTIN POLICE DEPARTMENT,250920592,AUSTIN,DISREGARD STOP SIGN OR LIGHT,TRAVIS,2025-04-02,N - NOT INJURED,0,NO DATA,91 - DELL SETON MEDICAL CENTER AT THE UNIVERSITY OF TEXAS,0.672,OR,No Data,No Data,No Data,78702,78702,No,JM3KFACM4J1328553,37,2 - FEMALE,N - NOT INJURED,0,1,1 - FRONT LEFT OR MOTORCYCLE DRIVER
20734875,Yes,AUSTIN POLICE DEPARTMENT,250920545,AUSTIN,OTHER (EXPLAIN IN NARRATIVE),TRAVIS,2025-04-02,B - SUSPECTED MINOR INJURY,0,NO DATA,6 - ASCENSION SETON NORTHWEST,0.594,AM,98 - OTHER (EXPLAIN IN NARRATIVE),No Data,No Data,78732,78732,No,WA1FVAF10LD014201,58,2 - FEMALE,N - NOT INJURED,0,1,1 - FRONT LEFT OR MOTORCYCLE DRIVER
20734875,Yes,AUSTIN POLICE DEPARTMENT,250920545,AUSTIN,OTHER (EXPLAIN IN NARRATIVE),TRAVIS,2025-04-02,B - SUSPECTED MINOR INJURY,0,NO DATA,6 - ASCENSION SETON NORTHWEST,0.594,AM,No Data,No Data,No Data,78750,78750,No,4S4WMARD4M3462653,44,2 - FEMALE,B - SUSPECTED MINOR INJURY,1,1,1 - FRONT LEFT OR MOTORCYCLE DRIVER
20734877,Yes,AUSTIN POLICE DEPARTMENT,250920683,AUSTIN,DISREGARD STOP SIGN OR LIGHT,TRAVIS,2025-04-02,99 - UNKNOWN,0,NO DATA,8 - ASCENSION SETON MEDICAL CENTER AUSTIN,0.26,AR,16 - DISREGARD STOP SIGN OR LIGHT,No Data,No Data,78722,77842,No,3TMLB5JN7RM054906,41,1 - MALE,99 - UNKNOWN,0,1,1 - FRONT LEFT OR MOTORCYCLE DRIVER
20734877,Yes,AUSTIN POLICE DEPARTMENT,250920683,AUSTIN,DISREGARD STOP SIGN OR LIGHT,TRAVIS,2025-04-02,99 - UNKNOWN,0,NO DATA,8 - ASCENSION SETON MEDICAL CENTER AUSTIN,0.26,AR,16 - DISREGARD STOP SIGN OR LIGHT,No Data,No Data,78722,77842,No,3TMLB5JN7RM054906,43,2 - FEMALE,99 - UNKNOWN,0,2,3 - FRONT RIGHT
20734877,Yes,AUSTIN POLICE DEPARTMENT,250920683,AUSTIN,DISREGARD STOP SIGN OR LIGHT,TRAVIS,2025-04-02,99 - UNKNOWN,0,NO DATA,8 - ASCENSION SETON MEDICAL CENTER AUSTIN,0.26,AR,No Data,No Data,No Data,78717,78717,No,JTDKB20U883344493,29,2 - FEMALE,99 - UNKNOWN,0,1,1 - FRONT LEFT OR MOTORCYCLE DRIVER
20734878,Yes,AUSTIN POLICE DEPARTMENT,250920646,AUSTIN,DRIVER INATTENTION,TRAVIS,2025-04-02,N - NOT INJURED,0,NO DATA,195 - NORTH AUSTIN MEDICAL CENTER,3.341,WA,20 - DRIVER INATTENTION,No Data,No Data,77365,77365,No,JM3KFADL7H0107955,22,2 - FEMALE,N - NOT INJURED,0,1,1 - FRONT LEFT OR MOTORCYCLE DRIVER
20734878,Yes,AUSTIN POLICE DEPARTMENT,250920646,AUSTIN,DRIVER INATTENTION,TRAVIS,2025-04-02,N - NOT INJURED,0,NO DATA,195 - NORTH AUSTIN MEDICAL CENTER,3.341,WA,No Data,No Data,No Data,,,No,3LNHM26T47R648564,20,2 - FEMALE,N - NOT INJURED,0,1,1 - FRONT LEFT OR MOTORCYCLE DRIVER
20734878,Yes,AUSTIN POLICE DEPARTMENT,250920646,AUSTIN,DRIVER INATTENTION,TRAVIS,2025-04-02,N - NOT INJURED,0,NO DATA,195 - NORTH AUSTIN MEDICAL CENTER,3.341,WA,No Data,No Data,No Data,,,No,3LNHM26T47R648564,22,1 - MALE,N - NOT INJURED,0,2,3 - FRONT RIGHT
20734893,Yes,GEORGETOWN POLICE DEPARTMENT,2025-092-003,GEORGETOWN,FAILED TO YIELD RIGHT OF WAY - PRIVATE DRIVE,WILLIAMSON,2025-04-02,B - SUSPECTED MINOR INJURY,0,NO DATA,"235 - ST. DAVIDS GEORGETOWN HOSPITAL, A ST. DAVIDS MEDICAL CENTER FACILITY",4.241,,34 - FAILED TO YIELD RIGHT OF WAY - PRIVATE DRIVE,No Data,No Data,78633,78633,No,5J6RT6H87NL041219,81,2 - FEMALE,B - SUSPECTED MINOR INJURY,1,1,1 - FRONT LEFT OR MOTORCYCLE DRIVER
20734893,Yes,GEORGETOWN POLICE DEPARTMENT,2025-092-003,GEORGETOWN,FAILED TO YIELD RIGHT OF WAY - PRIVATE DRIVE,WILLIAMSON,2025-04-02,B - SUSPECTED MINOR INJURY,0,NO DATA,"235 - ST. DAVIDS GEORGETOWN HOSPITAL, A ST. DAVIDS MEDICAL CENTER FACILITY",4.241,,34 - FAILED TO YIELD RIGHT OF WAY - PRIVATE DRIVE,No Data,No Data,78633,78633,No,5J6RT6H87NL041219,84,1 - MALE,C - POSSIBLE INJURY,0,2,3 - FRONT RIGHT
20734893,Yes,GEORGETOWN POLICE DEPARTMENT,2025-092-003,GEORGETOWN,FAILED TO YIELD RIGHT OF WAY - PRIVATE DRIVE,WILLIAMSON,2025-04-02,B - SUSPECTED MINOR INJURY,0,NO DATA,"235 - ST. DAVIDS GEORGETOWN HOSPITAL, A ST. DAVIDS MEDICAL CENTER FACILITY",4.241,,No Data,No Data,No Data,78664,78720,No,WBAPH7C51AA176278,39,1 - MALE,C - POSSIBLE INJURY,0,1,1 - FRONT LEFT OR MOTORCYCLE DRIVER
20734898,Yes,"DEPARTMENT OF PUBLIC SAFETY, STATE OF TEXAS",TX25-512188,OUTSIDE CITY LIMITS,DISTRACTION IN VEHICLE; FAILED TO DRIVE IN SINGLE LANE,HILL,2025-04-02,N - NOT INJURED,0,NO DATA,130 - HILL REGIONAL HOSPITAL,15.438,6A,19 - DISTRACTION IN VEHICLE,23 - FAILED TO DRIVE IN SINGLE LANE,No Data,76622,76622,No,1GNEC13T05R195083,40,2 - FEMALE,N - NOT INJURED,0,1,1 - FRONT LEFT OR MOTORCYCLE DRIVER
20734900,Yes,"DEPARTMENT OF PUBLIC SAFETY, STATE OF TEXAS",TX2025-513130,OUTSIDE CITY LIMITS,FAILED TO CONTROL SPEED; FATIGUED OR ASLEEP,KIMBLE,2025-04-02,C - POSSIBLE INJURY,0,NO DATA,135 - KIMBLE HOSPITAL,7.593,4C,No Data,No Data,No Data,37174,37174,No,4UZACJFC7PCUJ1130,74,1 - MALE,N - NOT INJURED,0,1,1 - FRONT LEFT OR MOTORCYCLE DRIVER
20734900,Yes,"DEPARTMENT OF PUBLIC SAFETY, STATE OF TEXAS",TX2025-513130,OUTSIDE CITY LIMITS,FAILED TO CONTROL SPEED; FATIGUED OR ASLEEP,KIMBLE,2025-04-02,C - POSSIBLE INJURY,0,NO DATA,135 - KIMBLE HOSPITAL,7.593,4C,No Data,No Data,No Data,37174,37174,No,4UZACJFC7PCUJ1130,71,2 - FEMALE,N - NOT INJURED,0,2,3 - FRONT RIGHT
20734900,Yes,"DEPARTMENT OF PUBLIC SAFETY, STATE OF TEXAS",TX2025-513130,OUTSIDE CITY LIMITS,FAILED TO CONTROL SPEED; FATIGUED OR ASLEEP,KIMBLE,2025-04-02,C - POSSIBLE INJURY,0,NO DATA,135 - KIMBLE HOSPITAL,7.593,4C,22 - FAILED TO CONTROL SPEED,No Data,No Data,78501,78501,No,3FA6P0H74HR330670,27,1 - MALE,C - POSSIBLE INJURY,0,1,1 - FRONT LEFT OR MOTORCYCLE DRIVER
20734931,Yes,GRAPEVINE POLICE DEPARTMENT,2500012566,GRAPEVINE,FAILED TO DRIVE IN SINGLE LANE,TARRANT,2025-04-02,C - POSSIBLE INJURY,0,NO DATA,17 - BAYLOR SCOTT & WHITE MEDICAL CENTER - GRAPEVINE,3.156,,23 - FAILED TO DRIVE IN SINGLE LANE,No Data,No Data,76262,76262,No,JTLKE50E891089119,40,2 - FEMALE,C - POSSIBLE INJURY,0,1,1 - FRONT LEFT OR MOTORCYCLE DRIVER
20734931,Yes,GRAPEVINE POLICE DEPARTMENT,2500012566,GRAPEVINE,FAILED TO DRIVE IN SINGLE LANE,TARRANT,2025-04-02,C - POSSIBLE INJURY,0,NO DATA,17 - BAYLOR SCOTT & WHITE MEDICAL CENTER - GRAPEVINE,3.156,,No Data,No Data,No Data,76112,76112,No,1FTMF1C51PKF48858,22,1 - MALE,C - POSSIBLE INJURY,0,1,1 - FRONT LEFT OR MOTORCYCLE DRIVER
20734931,Yes,GRAPEVINE POLICE DEPARTMENT,2500012566,GRAPEVINE,FAILED TO DRIVE IN SINGLE LANE,TARRANT,2025-04-02,C - POSSIBLE INJURY,0,NO DATA,17 - BAYLOR SCOTT & WHITE MEDICAL CENTER - GRAPEVINE,3.156,,No Data,No Data,No Data,76112,76112,No,1FTMF1C51PKF48858,18,1 - MALE,N - NOT INJURED,0,2,13 - OTHER IN VEHICLE
20734935,Yes,DALLAS POLICE DEPARTMENT,45875-2025,DALLAS,UNSAFE SPEED,DALLAS,2025-04-02,B - SUSPECTED MINOR INJURY,0,NO DATA,177 - METHODIST CHARLTON MEDICAL CENTER,0.947,,60 - UNSAFE SPEED,No Data,No Data,75048,75048,No,2LMPJ6K9XNBL21964,34,1 - MALE,B - SUSPECTED MINOR INJURY,1,1,1 - FRONT LEFT OR MOTORCYCLE DRIVER
20734940,Yes,BURKBURNETT INDEPENDENT SCHOOL DISTRICT POLICE DEPARTMENT,,BURKBURNETT,NONE,WICHITA,2025-04-02,N - NOT INJURED,0,NO DATA,No Data,No Data,,No Data,No Data,No Data,76354,76354,No,5J6RW1H86KL002112,62,2 - FEMALE,N - NOT INJURED,0,1,1 - FRONT LEFT OR MOTORCYCLE DRIVER
20734940,Yes,BURKBURNETT INDEPENDENT SCHOOL DISTRICT POLICE DEPARTMENT,,BURKBURNETT,NONE,WICHITA,2025-04-02,N - NOT INJURED,0,NO DATA,No Data,No Data,,No Data,No Data,No Data,76354,76354,No,1GNSCBE07BR286519,17,2 - FEMALE,N - NOT INJURED,0,1,1 - FRONT LEFT OR MOTORCYCLE DRIVER
20734952,Yes,STAFFORD POLICE DEPARTMENT,25-0823PD,STAFFORD,CHANGED LANE WHEN UNSAFE; FAILED TO DRIVE IN SINGLE LANE,FORT BEND,2025-04-02,N - NOT INJURED,0,NO DATA,168 - MEMORIAL HERMANN SOUTHWEST HOSPITAL,5.8,,4 - CHANGED LANE WHEN UNSAFE,No Data,No Data,77584,77584,No,JTJBT20X280153979,37,1 - MALE,N - NOT INJURED,0,1,1 - FRONT LEFT OR MOTORCYCLE DRIVER
20734952,Yes,STAFFORD POLICE DEPARTMENT,25-0823PD,STAFFORD,CHANGED LANE WHEN UNSAFE; FAILED TO DRIVE IN SINGLE LANE,FORT BEND,2025-04-02,N - NOT INJURED,0,NO DATA,168 - MEMORIAL HERMANN SOUTHWEST HOSPITAL,5.8,,4 - CHANGED LANE WHEN UNSAFE,No Data,No Data,77584,77584,No,JTJBT20X280153979,34,1 - MALE,N - NOT INJURED,0,2,3 - FRONT RIGHT
20734952,Yes,STAFFORD POLICE DEPARTMENT,25-0823PD,STAFFORD,CHANGED LANE WHEN UNSAFE; FAILED TO DRIVE IN SINGLE LANE,FORT BEND,2025-04-02,N - NOT INJURED,0,NO DATA,168 - MEMORIAL HERMANN SOUTHWEST HOSPITAL,5.8,,4 - CHANGED LANE WHEN UNSAFE,No Data,No Data,77584,77584,No,JTJBT20X280153979,1,2 - FEMALE,N - NOT INJURED,0,3,5 - SECOND SEAT CENTER
20734952,Yes,STAFFORD POLICE DEPARTMENT,25-0823PD,STAFFORD,CHANGED LANE WHEN UNSAFE; FAILED TO DRIVE IN SINGLE LANE,FORT BEND,2025-04-02,N - NOT INJURED,0,NO DATA,168 - MEMORIAL HERMANN SOUTHWEST HOSPITAL,5.8,,23 - FAILED TO DRIVE IN SINGLE LANE,No Data,No Data,77459,77459,No,3FA6P0HD4ER367638,26,1 - MALE,N - NOT INJURED,0,1,1 - FRONT LEFT OR MOTORCYCLE DRIVER
20734953,Yes,ROCKWALL COUNTY SHERIFF'S OFFICE,2025-00007561,OUTSIDE CITY LIMITS,FAILED TO CONTROL SPEED,ROCKWALL,2025-04-02,N - NOT INJURED,0,NO DATA,19 - BAYLOR SCOTT & WHITE MEDICAL CENTER - LAKE POINTE,7.115,,22 - FAILED TO CONTROL SPEED,No Data,No Data,75474,75061,No,1D7HU18D73J609871,45,1 - MALE,N - NOT INJURED,0,1,1 - FRONT LEFT OR MOTORCYCLE DRIVER
20734953,Yes,ROCKWALL COUNTY SHERIFF'S OFFICE,2025-00007561,OUTSIDE CITY LIMITS,FAILED TO CONTROL SPEED,ROCKWALL,2025-04-02,N - NOT INJURED,0,NO DATA,19 - BAYLOR SCOTT & WHITE MEDICAL CENTER - LAKE POINTE,7.115,,No Data,No Data,No Data,75189,75189,No,2T2HZMAA0NC223686,63,2 - FEMALE,N - NOT INJURED,0,1,1 - FRONT LEFT OR MOTORCYCLE DRIVER
20734956,Yes,CORPUS CHRISTI POLICE DEPARTMENT,C2501890,CORPUS CHRISTI,CHANGED LANE WHEN UNSAFE,NUECES,2025-04-02,N - NOT INJURED,0,NO DATA,95 - DRISCOLL CHILDRENS HOSPITAL,1.641,,4 - CHANGED LANE WHEN UNSAFE,No Data,No Data,78412,78412,No,3VWDB7AJ8HM406237,18,2 - FEMALE,N - NOT INJURED,0,1,1 - FRONT LEFT OR MOTORCYCLE DRIVER
20734956,Yes,CORPUS CHRISTI POLICE DEPARTMENT,C2501890,CORPUS CHRISTI,CHANGED LANE WHEN UNSAFE,NUECES,2025-04-02,N - NOT INJURED,0,NO DATA,95 - DRISCOLL CHILDRENS HOSPITAL,1.641,,4 - CHANGED LANE WHEN UNSAFE,No Data,No Data,78412,78412,No,3VWDB7AJ8HM406237,18,1 - MALE,N - NOT INJURED,0,2,3 - FRONT RIGHT
20734956,Yes,CORPUS CHRISTI POLICE DEPARTMENT,C2501890,CORPUS CHRISTI,CHANGED LANE WHEN UNSAFE,NUECES,2025-04-02,N - NOT INJURED,0,NO DATA,95 - DRISCOLL CHILDRENS HOSPITAL,1.641,,No Data,No Data,No Data,78411,78411,No,1N4BL4EV9KC154712,24,2 - FEMALE,N - NOT INJURED,0,1,1 - FRONT LEFT OR MOTORCYCLE DRIVER
20734956,Yes,CORPUS CHRISTI POLICE DEPARTMENT,C2501890,CORPUS CHRISTI,CHANGED LANE WHEN UNSAFE,NUECES,2025-04-02,N - NOT INJURED,0,NO DATA,95 - DRISCOLL CHILDRENS HOSPITAL,1.641,,No Data,No Data,No Data,78411,78411,No,1N4BL4EV9KC154712,5,2 - FEMALE,N - NOT INJURED,0,2,6 - SECOND SEAT RIGHT
20734959,Yes,ROCKWALL COUNTY SHERIFF'S OFFICE,2025-00007564,OUTSIDE CITY LIMITS,FAILED TO CONTROL SPEED,ROCKWALL,2025-04-02,C - POSSIBLE INJURY,0,NO DATA,19 - BAYLOR SCOTT & WHITE MEDICAL CENTER - LAKE POINTE,8.705,,22 - FAILED TO CONTROL SPEED,No Data,No Data,73401,73438,No,3FAHP0HA0CR420492,18,2 - FEMALE,C - POSSIBLE INJURY,0,1,1 - FRONT LEFT OR MOTORCYCLE DRIVER
20734959,Yes,ROCKWALL COUNTY SHERIFF'S OFFICE,2025-00007564,OUTSIDE CITY LIMITS,FAILED TO CONTROL SPEED,ROCKWALL,2025-04-02,C - POSSIBLE INJURY,0,NO DATA,19 - BAYLOR SCOTT & WHITE MEDICAL CENTER - LAKE POINTE,8.705,,No Data,No Data,No Data,75189,75189,No,JM3TCADY6G0125547,54,2 - FEMALE,N - NOT INJURED,0,1,1 - FRONT LEFT OR MOTORCYCLE DRIVER
20734959,Yes,ROCKWALL COUNTY SHERIFF'S OFFICE,2025-00007564,OUTSIDE CITY LIMITS,FAILED TO CONTROL SPEED,ROCKWALL,2025-04-02,C - POSSIBLE INJURY,0,NO DATA,19 - BAYLOR SCOTT & WHITE MEDICAL CENTER - LAKE POINTE,8.705,,No Data,No Data,No Data,75160,75160,No,5TFJU4GN7FX084724,50,1 - MALE,C - POSSIBLE INJURY,0,1,1 - FRONT LEFT OR MOTORCYCLE DRIVER
20734959,Yes,ROCKWALL COUNTY SHERIFF'S OFFICE,2025-00007564,OUTSIDE CITY LIMITS,FAILED TO CONTROL SPEED,ROCKWALL,2025-04-02,C - POSSIBLE INJURY,0,NO DATA,19 - BAYLOR SCOTT & WHITE MEDICAL CENTER - LAKE POINTE,8.705,,No Data,No Data,No Data,75160,75160,No,5TFJU4GN7FX084724,12,1 - MALE,N - NOT INJURED,0,2,3 - FRONT RIGHT
20734959,Yes,ROCKWALL COUNTY SHERIFF'S OFFICE,2025-00007564,OUTSIDE CITY LIMITS,FAILED TO CONTROL SPEED,ROCKWALL,2025-04-02,C - POSSIBLE INJURY,0,NO DATA,19 - BAYLOR SCOTT & WHITE MEDICAL CENTER - LAKE POINTE,8.705,,No Data,No Data,No Data,75160,75160,No,5TFJU4GN7FX084724,11,1 - MALE,N - NOT INJURED,0,3,6 - SECOND SEAT RIGHT
20734966,Yes,ROCKWALL COUNTY SHERIFF'S OFFICE,2025-00007568,OUTSIDE CITY LIMITS,FAILED TO YIELD RIGHT OF WAY - TURNING LEFT,ROCKWALL,2025-04-02,C - POSSIBLE INJURY,0,NO DATA,19 - BAYLOR SCOTT & WHITE MEDICAL CENTER - LAKE POINTE,7.275,,37 - FAILED TO YIELD RIGHT OF WAY - TURNING LEFT,No Data,No Data,75407,75766,No,3HAEKTAT8LL813762,43,1 - MALE,N - NOT INJURED,0,1,1 - FRONT LEFT OR MOTORCYCLE DRIVER
20734966,Yes,ROCKWALL COUNTY SHERIFF'S OFFICE,2025-00007568,OUTSIDE CITY LIMITS,FAILED TO YIELD RIGHT OF WAY - TURNING LEFT,ROCKWALL,2025-04-02,C - POSSIBLE INJURY,0,NO DATA,19 - BAYLOR SCOTT & WHITE MEDICAL CENTER - LAKE POINTE,7.275,,No Data,No Data,No Data,75474,75474,No,5N1AN0NW5DN817908,57,2 - FEMALE,C - POSSIBLE INJURY,0,1,1 - FRONT LEFT OR MOTORCYCLE DRIVER
20734976,Yes,SAN ANGELO POLICE DEPARTMENT,20250003589,SAN ANGELO,FAILED TO CONTROL SPEED,TOM GREEN,2025-04-02,N - NOT INJURED,0,NO DATA,233 - SHANNON MEDICAL CENTER SOUTH,2.527,,22 - FAILED TO CONTROL SPEED,No Data,No Data,76904,76901,No,1FT8W3BT3MED69714,32,1 - MALE,N - NOT INJURED,0,1,1 - FRONT LEFT OR MOTORCYCLE DRIVER
20734976,Yes,SAN ANGELO POLICE DEPARTMENT,20250003589,SAN ANGELO,FAILED TO CONTROL SPEED,TOM GREEN,2025-04-02,N - NOT INJURED,0,NO DATA,233 - SHANNON MEDICAL CENTER SOUTH,2.527,,No Data,No Data,No Data,76901,76901,No,1FMJU1MT6KEA04039,65,2 - FEMALE,N - NOT INJURED,0,1,1 - FRONT LEFT OR MOTORCYCLE DRIVER
20734986,Yes,CORPUS CHRISTI POLICE DEPARTMENT,C2501888,CORPUS CHRISTI,FAILED TO YIELD RIGHT OF WAY - PRIVATE DRIVE,NUECES,2025-04-02,N - NOT INJURED,0,NO DATA,81 - CORPUS CHRISTI MEDICAL CENTER - BAY AREA,4.364,,34 - FAILED TO YIELD RIGHT OF WAY - PRIVATE DRIVE,No Data,No Data,78418,76036,No,2MEBM7FV4AX609344,28,1 - MALE,N - NOT INJURED,0,1,1 - FRONT LEFT OR MOTORCYCLE DRIVER
20734986,Yes,CORPUS CHRISTI POLICE DEPARTMENT,C2501888,CORPUS CHRISTI,FAILED TO YIELD RIGHT OF WAY - PRIVATE DRIVE,NUECES,2025-04-02,N - NOT INJURED,0,NO DATA,81 - CORPUS CHRISTI MEDICAL CENTER - BAY AREA,4.364,,34 - FAILED TO YIELD RIGHT OF WAY - PRIVATE DRIVE,No Data,No Data,78418,76036,No,2MEBM7FV4AX609344,28,2 - FEMALE,N - NOT INJURED,0,2,3 - FRONT RIGHT
20734986,Yes,CORPUS CHRISTI POLICE DEPARTMENT,C2501888,CORPUS CHRISTI,FAILED TO YIELD RIGHT OF WAY - PRIVATE DRIVE,NUECES,2025-04-02,N - NOT INJURED,0,NO DATA,81 - CORPUS CHRISTI MEDICAL CENTER - BAY AREA,4.364,,No Data,No Data,No Data,78418,78418,No,1FMCU0GD7JUD20321,23,2 - FEMALE,N - NOT INJURED,0,1,1 - FRONT LEFT OR MOTORCYCLE DRIVER
20734986,Yes,CORPUS CHRISTI POLICE DEPARTMENT,C2501888,CORPUS CHRISTI,FAILED TO YIELD RIGHT OF WAY - PRIVATE DRIVE,NUECES,2025-04-02,N - NOT INJURED,0,NO DATA,81 - CORPUS CHRISTI MEDICAL CENTER - BAY AREA,4.364,,No Data,No Data,No Data,78418,78418,No,1FMCU0GD7JUD20321,3,2 - FEMALE,N - NOT INJURED,0,2,6 - SECOND SEAT RIGHT
20734996,Yes,LAREDO POLICE DEPARTMENT,2025-00051999,LAREDO,CHANGED LANE WHEN UNSAFE,WEBB,2025-04-02,N - NOT INJURED,0,NO DATA,99 - DOCTORS HOSPITAL OF LAREDO,2.778,,4 - CHANGED LANE WHEN UNSAFE,No Data,No Data,78043,78043,No,28695344856009201,30,2 - FEMALE,N - NOT INJURED,0,1,1 - FRONT LEFT OR MOTORCYCLE DRIVER
20734996,Yes,LAREDO POLICE DEPARTMENT,2025-00051999,LAREDO,CHANGED LANE WHEN UNSAFE,WEBB,2025-04-02,N - NOT INJURED,0,NO DATA,99 - DOCTORS HOSPITAL OF LAREDO,2.778,,No Data,No Data,No Data,88290,88290,No,1C4HJWFG2GL137345,23,1 - MALE,N - NOT INJURED,0,1,1 - FRONT LEFT OR MOTORCYCLE DRIVER
20734998,Yes,LLANO POLICE DEPARTMENT,A25-004,LLANO,BACKED WITHOUT SAFETY; DRIVER INATTENTION,LLANO,2025-04-02,C - POSSIBLE INJURY,0,NO DATA,No Data,No Data,,20 - DRIVER INATTENTION,3 - BACKED WITHOUT SAFETY,No Data,78643,78643,No,JF1SG656X4H739409,33,1 - MALE,N - NOT INJURED,0,1,1 - FRONT LEFT OR MOTORCYCLE DRIVER
20734998,Yes,LLANO POLICE DEPARTMENT,A25-004,LLANO,BACKED WITHOUT SAFETY; DRIVER INATTENTION,LLANO,2025-04-02,C - POSSIBLE INJURY,0,NO DATA,No Data,No Data,,No Data,No Data,No Data,76140,76140,No,1C4PJMBB2EW109730,51,1 - MALE,N - NOT INJURED,0,1,1 - FRONT LEFT OR MOTORCYCLE DRIVER
20734998,Yes,LLANO POLICE DEPARTMENT,A25-004,LLANO,BACKED WITHOUT SAFETY; DRIVER INATTENTION,LLANO,2025-04-02,C - POSSIBLE INJURY,0,NO DATA,No Data,No Data,,No Data,No Data,No Data,76140,76140,No,1C4PJMBB2EW109730,44,2 - FEMALE,C - POSSIBLE INJURY,0,2,3 - FRONT RIGHT
20735013,Yes,EL PASO COUNTY SHERIFF'S OFFICE,202504324,EL PASO,FAULTY EVASIVE ACTION,EL PASO,2025-04-02,C - POSSIBLE INJURY,0,NO DATA,"88 - DEL SOL MEDICAL CENTER, A CAMPUS OF LPDS HEALTHCARE",0.969,,41 - FAULTY EVASIVE ACTION,No Data,No Data,79928,79928,No,JH2RC5815AK001022,35,1 - MALE,C - POSSIBLE INJURY,0,1,1 - FRONT LEFT OR MOTORCYCLE DRIVER
20735018,Yes,"DEPARTMENT OF PUBLIC SAFETY, STATE OF TEXAS",2025-511905,ABILENE,TURNED WHEN UNSAFE,TAYLOR,2025-04-02,B - SUSPECTED MINOR INJURY,0,NO DATA,131 - HENDRICK MEDICAL CENTER SOUTH,2.081,5C,66 - TURNED WHEN UNSAFE,No Data,No Data,79602,79602,No,1GCEC14W2XZ180749,68,1 - MALE,C - POSSIBLE INJURY,0,1,1 - FRONT LEFT OR MOTORCYCLE DRIVER
20735018,Yes,"DEPARTMENT OF PUBLIC SAFETY, STATE OF TEXAS",2025-511905,ABILENE,TURNED WHEN UNSAFE,TAYLOR,2025-04-02,B - SUSPECTED MINOR INJURY,0,NO DATA,131 - HENDRICK MEDICAL CENTER SOUTH,2.081,5C,No Data,No Data,No Data,79606,79602,No,5TDFARAH5PS520699,72,2 - FEMALE,B - SUSPECTED MINOR INJURY,1,1,1 - FRONT LEFT OR MOTORCYCLE DRIVER
20735018,Yes,"DEPARTMENT OF PUBLIC SAFETY, STATE OF TEXAS",2025-511905,ABILENE,TURNED WHEN UNSAFE,TAYLOR,2025-04-02,B - SUSPECTED MINOR INJURY,0,NO DATA,131 - HENDRICK MEDICAL CENTER SOUTH,2.081,5C,No Data,No Data,No Data,79606,79602,No,5TDFARAH5PS520699,77,1 - MALE,B - SUSPECTED MINOR INJURY,1,2,3 - FRONT RIGHT
20735022,No,ODESSA POLICE DEPARTMENT,25-0003492,ODESSA,FAILED TO DRIVE IN SINGLE LANE; UNDER INFLUENCE - ALCOHOL,ECTOR,2025-04-02,N - NOT INJURED,0,NO DATA,204 - ODESSA REGIONAL MEDICAL CENTER,6.992,,23 - FAILED TO DRIVE IN SINGLE LANE,67 - INTOXICATED - ALCOHOL,No Data,79762,79762,No,3C6UR5CJ2HG685058,33,1 - MALE,N - NOT INJURED,0,1,1 - FRONT LEFT OR MOTORCYCLE DRIVER
20735025,Yes,ODESSA POLICE DEPARTMENT,25-0003495,ODESSA,FAILED TO CONTROL SPEED,ECTOR,2025-04-02,B - SUSPECTED MINOR INJURY,0,NO DATA,204 - ODESSA REGIONAL MEDICAL CENTER,0.498,,22 - FAILED TO CONTROL SPEED,No Data,No Data,79761,79761,No,3GCPCREC2HG277298,60,1 - MALE,N - NOT INJURED,0,1,1 - FRONT LEFT OR MOTORCYCLE DRIVER
20735025,Yes,ODESSA POLICE DEPARTMENT,25-0003495,ODESSA,FAILED TO CONTROL SPEED,ECTOR,2025-04-02,B - SUSPECTED MINOR INJURY,0,NO DATA,204 - ODESSA REGIONAL MEDICAL CENTER,0.498,,No Data,No Data,No Data,79763,79763,No,2T3WFREV9JW440488,46,2 - FEMALE,B - SUSPECTED MINOR INJURY,1,1,1 - FRONT LEFT OR MOTORCYCLE DRIVER
20735027,Yes,SAN ANGELO POLICE DEPARTMENT,20250003593,SAN ANGELO,FAILED TO CONTROL SPEED,TOM GREEN,2025-04-02,N - NOT INJURED,0,NO DATA,230 - SHANNON MEDICAL CENTER,1.802,,22 - FAILED TO CONTROL SPEED,No Data,No Data,76903,76903,No,5NMJB3AE7NH151404,60,2 - FEMALE,N - NOT INJURED,0,1,1 - FRONT LEFT OR MOTORCYCLE DRIVER
20735027,Yes,SAN ANGELO POLICE DEPARTMENT,20250003593,SAN ANGELO,FAILED TO CONTROL SPEED,TOM GREEN,2025-04-02,N - NOT INJURED,0,NO DATA,230 - SHANNON MEDICAL CENTER,1.802,,22 - FAILED TO CONTROL SPEED,No Data,No Data,76903,76903,No,5NMJB3AE7NH151404,1,2 - FEMALE,N - NOT INJURED,0,2,4 - SECOND SEAT LEFT OR MOTORCYCLE BACK PASSENGER
20735027,Yes,SAN ANGELO POLICE DEPARTMENT,20250003593,SAN ANGELO,FAILED TO CONTROL SPEED,TOM GREEN,2025-04-02,N - NOT INJURED,0,NO DATA,230 - SHANNON MEDICAL CENTER,1.802,,22 - FAILED TO CONTROL SPEED,No Data,No Data,76903,76903,No,5NMJB3AE7NH151404,5,2 - FEMALE,N - NOT INJURED,0,3,6 - SECOND SEAT RIGHT
20735027,Yes,SAN ANGELO POLICE DEPARTMENT,20250003593,SAN ANGELO,FAILED TO CONTROL SPEED,TOM GREEN,2025-04-02,N - NOT INJURED,0,NO DATA,230 - SHANNON MEDICAL CENTER,1.802,,No Data,No Data,No Data,76903,76903,No,5YFB4MDE5RP223101,73,2 - FEMALE,N - NOT INJURED,0,1,1 - FRONT LEFT OR MOTORCYCLE DRIVER
20735027,Yes,SAN ANGELO POLICE DEPARTMENT,20250003593,SAN ANGELO,FAILED TO CONTROL SPEED,TOM GREEN,2025-04-02,N - NOT INJURED,0,NO DATA,230 - SHANNON MEDICAL CENTER,1.802,,No Data,No Data,No Data,76903,76903,No,5YFB4MDE5RP223101,74,2 - FEMALE,N - NOT INJURED,0,2,3 - FRONT RIGHT
20735028,Yes,WACO POLICE DEPARTMENT,25-4167,WACO,BACKED WITHOUT SAFETY; DRIVER INATTENTION,MCLENNAN,2025-04-02,N - NOT INJURED,0,NO DATA,2 - ASCENSION PROVIDENCE HOSPITAL,2.079,,3 - BACKED WITHOUT SAFETY,No Data,No Data,76653,76653,No,1FTFW1E80PFB47858,55,2 - FEMALE,N - NOT INJURED,0,1,1 - FRONT LEFT OR MOTORCYCLE DRIVER
20735028,Yes,WACO POLICE DEPARTMENT,25-4167,WACO,BACKED WITHOUT SAFETY; DRIVER INATTENTION,MCLENNAN,2025-04-02,N - NOT INJURED,0,NO DATA,2 - ASCENSION PROVIDENCE HOSPITAL,2.079,,3 - BACKED WITHOUT SAFETY,No Data,No Data,76653,76653,No,1FTFW1E80PFB47858,36,1 - MALE,N - NOT INJURED,0,2,3 - FRONT RIGHT
20735028,Yes,WACO POLICE DEPARTMENT,25-4167,WACO,BACKED WITHOUT SAFETY; DRIVER INATTENTION,MCLENNAN,2025-04-02,N - NOT INJURED,0,NO DATA,2 - ASCENSION PROVIDENCE HOSPITAL,2.079,,No Data,No Data,No Data,06237,06237,No,JTDBR32E260072660,22,1 - MALE,N - NOT INJURED,0,1,1 - FRONT LEFT OR MOTORCYCLE DRIVER
20735029,Yes,ODESSA POLICE DEPARTMENT,25-0003497,ODESSA,FOLLOWED TOO CLOSELY,ECTOR,2025-04-02,N - NOT INJURED,0,NO DATA,204 - ODESSA REGIONAL MEDICAL CENTER,3.44,,44 - FOLLOWED TOO CLOSELY,No Data,No Data,79762,79762,No,3CZRU6H50KM743587,19,2 - FEMALE,N - NOT INJURED,0,1,1 - FRONT LEFT OR MOTORCYCLE DRIVER
20735029,Yes,ODESSA POLICE DEPARTMENT,25-0003497,ODESSA,FOLLOWED TOO CLOSELY,ECTOR,2025-04-02,N - NOT INJURED,0,NO DATA,204 - ODESSA REGIONAL MEDICAL CENTER,3.44,,No Data,No Data,No Data,79764,79764,No,KM8J33A46KU849085,37,2 - FEMALE,N - NOT INJURED,0,1,1 - FRONT LEFT OR MOTORCYCLE DRIVER
20735029,Yes,ODESSA POLICE DEPARTMENT,25-0003497,ODESSA,FOLLOWED TOO CLOSELY,ECTOR,2025-04-02,N - NOT INJURED,0,NO DATA,204 - ODESSA REGIONAL MEDICAL CENTER,3.44,,No Data,No Data,No Data,79764,79764,No,KM8J33A46KU849085,29,2 - FEMALE,N - NOT INJURED,0,2,3 - FRONT RIGHT
20735033,Yes,"DEPARTMENT OF PUBLIC SAFETY, STATE OF TEXAS",2025-513070,OUTSIDE CITY LIMITS,UNSAFE SPEED,TAYLOR,2025-04-02,N - NOT INJURED,0,NO DATA,131 - HENDRICK MEDICAL CENTER SOUTH,12.26,5C,60 - UNSAFE SPEED,No Data,No Data,79562,79562,No,1ZVFT80NX65241505,16,2 - FEMALE,N - NOT INJURED,0,1,1 - FRONT LEFT OR MOTORCYCLE DRIVER
20735034,Yes,WACO POLICE DEPARTMENT,25-4173,WACO,FAILED TO HEED WARNING SIGN,MCLENNAN,2025-04-02,A - SUSPECTED SERIOUS INJURY,0,NO DATA,2 - ASCENSION PROVIDENCE HOSPITAL,2.226,,25 - FAILED TO HEED WARNING SIGN OR TRAFFIC CONTROL DEVICE,No Data,No Data,76708,76705,No,3GCPWEEK7LG361762,28,2 - FEMALE,C - POSSIBLE INJURY,0,1,1 - FRONT LEFT OR MOTORCYCLE DRIVER
20735034,Yes,WACO POLICE DEPARTMENT,25-4173,WACO,FAILED TO HEED WARNING SIGN,MCLENNAN,2025-04-02,A - SUSPECTED SERIOUS INJURY,0,NO DATA,2 - ASCENSION PROVIDENCE HOSPITAL,2.226,,No Data,No Data,No Data,76705,,No,1N4AL3AP5JC474881,55,2 - FEMALE,A - SUSPECTED SERIOUS INJURY,0,1,1 - FRONT LEFT OR MOTORCYCLE DRIVER
20735037,Yes,GILMER POLICE DEPARTMENT,25-044,GILMER,TURNED IMPROPERLY - CUT CORNER ON LEFT,UPSHUR,2025-04-02,N - NOT INJURED,0,NO DATA,149 - LONGVIEW REGIONAL MEDICAL CENTER,18.516,,63 - TURNED IMPROPERLY - CUT CORNER ON LEFT,No Data,No Data,75644,75644,No,1FAHP3FNZAW296114,23,2 - FEMALE,N - NOT INJURED,0,1,1 - FRONT LEFT OR MOTORCYCLE DRIVER
20735037,Yes,GILMER POLICE DEPARTMENT,25-044,GILMER,TURNED IMPROPERLY - CUT CORNER ON LEFT,UPSHUR,2025-04-02,N - NOT INJURED,0,NO DATA,149 - LONGVIEW REGIONAL MEDICAL CENTER,18.516,,No Data,No Data,No Data,75644,75644,No,5TDZA23C16S506030,70,2 - FEMALE,N - NOT INJURED,0,1,1 - FRONT LEFT OR MOTORCYCLE DRIVER
20735037,Yes,GILMER POLICE DEPARTMENT,25-044,GILMER,TURNED IMPROPERLY - CUT CORNER ON LEFT,UPSHUR,2025-04-02,N - NOT INJURED,0,NO DATA,149 - LONGVIEW REGIONAL MEDICAL CENTER,18.516,,No Data,No Data,No Data,75644,75644,No,5TDZA23C16S506030,69,1 - MALE,N - NOT INJURED,0,2,1 - FRONT LEFT OR MOTORCYCLE DRIVER
20735043,Yes,HEREFORD POLICE DEPARTMENT,C2025-003802,HEREFORD,DRIVER INATTENTION; FATIGUED OR ASLEEP; ILL (EXPLAIN IN NARRATIVE),DEAF SMITH,2025-04-02,N - NOT INJURED,0,NO DATA,No Data,No Data,,47 - ILL (EXPLAIN IN NARRATIVE),No Data,No Data,79045,79045,No,1G1PC5SBXD7320479,38,2 - FEMALE,N - NOT INJURED,0,1,1 - FRONT LEFT OR MOTORCYCLE DRIVER
20735043,Yes,HEREFORD POLICE DEPARTMENT,C2025-003802,HEREFORD,DRIVER INATTENTION; FATIGUED OR ASLEEP; ILL (EXPLAIN IN NARRATIVE),DEAF SMITH,2025-04-02,N - NOT INJURED,0,NO DATA,No Data,No Data,,47 - ILL (EXPLAIN IN NARRATIVE),No Data,No Data,79045,79045,No,1G1PC5SBXD7320479,12,1 - MALE,N - NOT INJURED,0,2,3 - FRONT RIGHT
20735047,Yes,GEORGETOWN POLICE DEPARTMENT,2025-092-006,GEORGETOWN,FAILED TO CONTROL SPEED; FOLLOWED TOO CLOSELY,WILLIAMSON,2025-04-02,B - SUSPECTED MINOR INJURY,0,NO DATA,"235 - ST. DAVIDS GEORGETOWN HOSPITAL, A ST. DAVIDS MEDICAL CENTER FACILITY",0.316,,44 - FOLLOWED TOO CLOSELY,22 - FAILED TO CONTROL SPEED,No Data,78633,78633,No,5N1AA0ND6BN620608,31,1 - MALE,N - NOT INJURED,0,1,1 - FRONT LEFT OR MOTORCYCLE DRIVER
20735047,Yes,GEORGETOWN POLICE DEPARTMENT,2025-092-006,GEORGETOWN,FAILED TO CONTROL SPEED; FOLLOWED TOO CLOSELY,WILLIAMSON,2025-04-02,B - SUSPECTED MINOR INJURY,0,NO DATA,"235 - ST. DAVIDS GEORGETOWN HOSPITAL, A ST. DAVIDS MEDICAL CENTER FACILITY",0.316,,No Data,No Data,No Data,78634,78634,No,2HKRS3H73RH311622,60,2 - FEMALE,B - SUSPECTED MINOR INJURY,1,1,1 - FRONT LEFT OR MOTORCYCLE DRIVER
20735047,Yes,GEORGETOWN POLICE DEPARTMENT,2025-092-006,GEORGETOWN,FAILED TO CONTROL SPEED; FOLLOWED TOO CLOSELY,WILLIAMSON,2025-04-02,B - SUSPECTED MINOR INJURY,0,NO DATA,"235 - ST. DAVIDS GEORGETOWN HOSPITAL, A ST. DAVIDS MEDICAL CENTER FACILITY",0.316,,No Data,No Data,No Data,78634,78634,No,2HKRS3H73RH311622,86,2 - FEMALE,B - SUSPECTED MINOR INJURY,1,2,3 - FRONT RIGHT
20735051,Yes,HOUSTON POLICE DEPARTMENT,0042228325Q,HOUSTON,FAILED TO PASS TO LEFT SAFELY,HARRIS,2025-04-02,N - NOT INJURED,0,NO DATA,122 - HCA HOUSTON HEALTHCARE SOUTHEAST,2.659,D,26 - FAILED TO PASS TO LEFT SAFELY,No Data,No Data,77021,77021,No,5NPEC4AC7CH326902,25,2 - FEMALE,99 - UNKNOWN,0,1,1 - FRONT LEFT OR MOTORCYCLE DRIVER
20735051,Yes,HOUSTON POLICE DEPARTMENT,0042228325Q,HOUSTON,FAILED TO PASS TO LEFT SAFELY,HARRIS,2025-04-02,N - NOT INJURED,0,NO DATA,122 - HCA HOUSTON HEALTHCARE SOUTHEAST,2.659,D,No Data,No Data,No Data,77581,77581,No,1GNS5SRD3SR181631,74,1 - MALE,N - NOT INJURED,0,1,1 - FRONT LEFT OR MOTORCYCLE DRIVER
20735055,Yes,WACO POLICE DEPARTMENT,25-4168,WACO,FOLLOWED TOO CLOSELY,MCLENNAN,2025-04-02,C - POSSIBLE INJURY,0,NO DATA,28 - BAYLOR SCOTT & WHITE MEDICAL CENTER - HILLCREST,0.635,,44 - FOLLOWED TOO CLOSELY,No Data,No Data,76657,76657,No,1GNEC16Z43J282528,78,2 - FEMALE,C - POSSIBLE INJURY,0,1,1 - FRONT LEFT OR MOTORCYCLE DRIVER
20735055,Yes,WACO POLICE DEPARTMENT,25-4168,WACO,FOLLOWED TOO CLOSELY,MCLENNAN,2025-04-02,C - POSSIBLE INJURY,0,NO DATA,28 - BAYLOR SCOTT & WHITE MEDICAL CENTER - HILLCREST,0.635,,No Data,No Data,No Data,73020,73020,No,2T3ZFREV7HW386082,23,2 - FEMALE,N - NOT INJURED,0,1,1 - FRONT LEFT OR MOTORCYCLE DRIVER
20735057,Yes,"DEPARTMENT OF PUBLIC SAFETY, STATE OF TEXAS",TX25-513787,OUTSIDE CITY LIMITS,UNDER INFLUENCE - ALCOHOL,BELL,2025-04-02,A - SUSPECTED SERIOUS INJURY,0,NO DATA,No Data,No Data,6A,67 - INTOXICATED - ALCOHOL,No Data,No Data,78681,78681,No,2C1MR2464R6766977,36,1 - MALE,A - SUSPECTED SERIOUS INJURY,0,1,1 - FRONT LEFT OR MOTORCYCLE DRIVER
20735057,Yes,"DEPARTMENT OF PUBLIC SAFETY, STATE OF TEXAS",TX25-513787,OUTSIDE CITY LIMITS,UNDER INFLUENCE - ALCOHOL,BELL,2025-04-02,A - SUSPECTED SERIOUS INJURY,0,NO DATA,No Data,No Data,6A,No Data,No Data,No Data,No Data,85365,No,W1Y4KBHY3PT141375,53,1 - MALE,B - SUSPECTED MINOR INJURY,1,1,10 - CARGO AREA
20735058,Yes,WACO POLICE DEPARTMENT,25-4171,WACO,FAILED TO YIELD RIGHT OF WAY - STOP SIGN,MCLENNAN,2025-04-02,C - POSSIBLE INJURY,0,NO DATA,2 - ASCENSION PROVIDENCE HOSPITAL,1.137,,35 - FAILED TO YIELD RIGHT OF WAY - STOP SIGN,No Data,No Data,76708,76708,No,3B7KC26ZX1M557420,63,1 - MALE,N - NOT INJURED,0,1,1 - FRONT LEFT OR MOTORCYCLE DRIVER
20735058,Yes,WACO POLICE DEPARTMENT,25-4171,WACO,FAILED TO YIELD RIGHT OF WAY - STOP SIGN,MCLENNAN,2025-04-02,C - POSSIBLE INJURY,0,NO DATA,2 - ASCENSION PROVIDENCE HOSPITAL,1.137,,No Data,No Data,No Data,76712,76712,No,1N6BA0ED0FN506115,23,1 - MALE,C - POSSIBLE INJURY,0,1,1 - FRONT LEFT OR MOTORCYCLE DRIVER
20735060,No,GEORGETOWN POLICE DEPARTMENT,2025-092-007,GEORGETOWN,FOLLOWED TOO CLOSELY,WILLIAMSON,2025-04-02,N - NOT INJURED,0,NO DATA,No Data,No Data,,44 - FOLLOWED TOO CLOSELY,No Data,No Data,78628,78628,No,1C4PJLLB4JD556946,20,2 - FEMALE,N - NOT INJURED,0,1,1 - FRONT LEFT OR MOTORCYCLE DRIVER
20735060,No,GEORGETOWN POLICE DEPARTMENT,2025-092-007,GEORGETOWN,FOLLOWED TOO CLOSELY,WILLIAMSON,2025-04-02,N - NOT INJURED,0,NO DATA,No Data,No Data,,No Data,No Data,No Data,78633,78633,Yes,JM3TCADY8H0134459,19,2 - FEMALE,N - NOT INJURED,0,1,1 - FRONT LEFT OR MOTORCYCLE DRIVER
20735062,Yes,WACO POLICE DEPARTMENT,25-4175,WACO,DISREGARD STOP AND GO SIGNAL,MCLENNAN,2025-04-02,C - POSSIBLE INJURY,0,NO DATA,28 - BAYLOR SCOTT & WHITE MEDICAL CENTER - HILLCREST,0.753,,15 - DISREGARD STOP AND GO SIGNAL,No Data,No Data,76706,76706,No,1FMCU0D73CKB03281,36,2 - FEMALE,N - NOT INJURED,0,1,1 - FRONT LEFT OR MOTORCYCLE DRIVER
20735062,Yes,WACO POLICE DEPARTMENT,25-4175,WACO,DISREGARD STOP AND GO SIGNAL,MCLENNAN,2025-04-02,C - POSSIBLE INJURY,0,NO DATA,28 - BAYLOR SCOTT & WHITE MEDICAL CENTER - HILLCREST,0.753,,15 - DISREGARD STOP AND GO SIGNAL,No Data,No Data,76711,76712,No,2HGFE1F75RH313030,45,2 - FEMALE,C - POSSIBLE INJURY,0,1,1 - FRONT LEFT OR MOTORCYCLE DRIVER
20735064,No,TRAVIS COUNTY SHERIFF'S OFFICE,250920429,OUTSIDE CITY LIMITS,FAILED TO CONTROL SPEED;OTHER (EXPLAIN IN NARRATIVE),TRAVIS,2025-04-02,C - POSSIBLE INJURY,0,NO DATA,243 - ST. DAVIDS SOUTH AUSTIN MEDICAL CENTER,6.5,30,22 - FAILED TO CONTROL SPEED,No Data,No Data,,78617,No,2T1BU4EE8AC426390,28,1 - MALE,N - NOT INJURED,0,1,1 - FRONT LEFT OR MOTORCYCLE DRIVER
20735064,No,TRAVIS COUNTY SHERIFF'S OFFICE,250920429,OUTSIDE CITY LIMITS,FAILED TO CONTROL SPEED;OTHER (EXPLAIN IN NARRATIVE),TRAVIS,2025-04-02,C - POSSIBLE INJURY,0,NO DATA,243 - ST. DAVIDS SOUTH AUSTIN MEDICAL CENTER,6.5,30,98 - OTHER (EXPLAIN IN NARRATIVE),No Data,No Data,,78644,No,1HGCM66597A081349,71,2 - FEMALE,C - POSSIBLE INJURY,0,1,1 - FRONT LEFT OR MOTORCYCLE DRIVER
20735064,No,TRAVIS COUNTY SHERIFF'S OFFICE,250920429,OUTSIDE CITY LIMITS,FAILED TO CONTROL SPEED;OTHER (EXPLAIN IN NARRATIVE),TRAVIS,2025-04-02,C - POSSIBLE INJURY,0,NO DATA,243 - ST. DAVIDS SOUTH AUSTIN MEDICAL CENTER,6.5,30,98 - OTHER (EXPLAIN IN NARRATIVE),No Data,No Data,,78644,No,1HGCM66597A081349,53,2 - FEMALE,N - NOT INJURED,0,2,3 - FRONT RIGHT
20735064,No,TRAVIS COUNTY SHERIFF'S OFFICE,250920429,OUTSIDE CITY LIMITS,FAILED TO CONTROL SPEED;OTHER (EXPLAIN IN NARRATIVE),TRAVIS,2025-04-02,C - POSSIBLE INJURY,0,NO DATA,243 - ST. DAVIDS SOUTH AUSTIN MEDICAL CENTER,6.5,30,98 - OTHER (EXPLAIN IN NARRATIVE),No Data,No Data,,78644,No,1HGCM66597A081349,53,1 - MALE,N - NOT INJURED,0,3,4 - SECOND SEAT LEFT OR MOTORCYCLE BACK PASSENGER
20735066,Yes,"DEPARTMENT OF PUBLIC SAFETY, STATE OF TEXAS",TX2025-511960,OUTSIDE CITY LIMITS,FAILED TO CONTROL SPEED,MONTGOMERY,2025-04-02,N - NOT INJURED,0,NO DATA,118 - HCA HOUSTON HEALTHCARE KINGWOOD,5.852,2C,22 - FAILED TO CONTROL SPEED,No Data,No Data,77327,77327,No,3C6UR5DL0EG148328,48,1 - MALE,N - NOT INJURED,0,1,1 - FRONT LEFT OR MOTORCYCLE DRIVER
20735066,Yes,"DEPARTMENT OF PUBLIC SAFETY, STATE OF TEXAS",TX2025-511960,OUTSIDE CITY LIMITS,FAILED TO CONTROL SPEED,MONTGOMERY,2025-04-02,N - NOT INJURED,0,NO DATA,118 - HCA HOUSTON HEALTHCARE KINGWOOD,5.852,2C,No Data,No Data,No Data,77506,77506,No,4T1BE32K84U904117,48,2 - FEMALE,N - NOT INJURED,0,1,1 - FRONT LEFT OR MOTORCYCLE DRIVER
20735072,Yes,"DEPARTMENT OF PUBLIC SAFETY, STATE OF TEXAS",TX2025-511771,OUTSIDE CITY LIMITS,FOLLOWED TOO CLOSELY,MONTGOMERY,2025-04-02,N - NOT INJURED,0,NO DATA,118 - HCA HOUSTON HEALTHCARE KINGWOOD,4.849,2C,44 - FOLLOWED TOO CLOSELY,No Data,No Data,77357,77365,No,3C6UR5DL2KG673600,39,1 - MALE,N - NOT INJURED,0,1,1 - FRONT LEFT OR MOTORCYCLE DRIVER
20735072,Yes,"DEPARTMENT OF PUBLIC SAFETY, STATE OF TEXAS",TX2025-511771,OUTSIDE CITY LIMITS,FOLLOWED TOO CLOSELY,MONTGOMERY,2025-04-02,N - NOT INJURED,0,NO DATA,118 - HCA HOUSTON HEALTHCARE KINGWOOD,4.849,2C,No Data,No Data,No Data,77365,77365,No,5UXTR7C52KLF31657,42,2 - FEMALE,N - NOT INJURED,0,1,1 - FRONT LEFT OR MOTORCYCLE DRIVER
20735073,Yes,SAN ANTONIO POLICE DEPARTMENT,SAPD25064976,SAN ANTONIO,DRIVER INATTENTION; FAILED TO DRIVE IN SINGLE LANE; TAKING MEDICATION (EXPLAIN IN NARRATIVE),BEXAR,2025-04-02,K - FATAL INJURY,1,NO DATA,202 - NORTHEAST METHODIST HOSPITAL,2.09,TI,20 - DRIVER INATTENTION,23 - FAILED TO DRIVE IN SINGLE LANE,No Data,78109,78217,No,5N1AR2MM3EC623357,34,1 - MALE,N - NOT INJURED,0,1,1 - FRONT LEFT OR MOTORCYCLE DRIVER
20735073,Yes,SAN ANTONIO POLICE DEPARTMENT,SAPD25064976,SAN ANTONIO,DRIVER INATTENTION; FAILED TO DRIVE IN SINGLE LANE; TAKING MEDICATION (EXPLAIN IN NARRATIVE),BEXAR,2025-04-02,K - FATAL INJURY,1,NO DATA,202 - NORTHEAST METHODIST HOSPITAL,2.09,TI,No Data,No Data,No Data,No Data,No Data,No Data,No Data,No Data,1 - MALE,K - FATAL INJURY,0,1,"16 - PEDESTRIAN, PEDALCYCLIST, OR MOTORIZED CONVEYANCE"
20735100,Yes,BEAUMONT POLICE DEPARTMENT,2025006119,BEAUMONT,FAILED TO CONTROL SPEED,JEFFERSON,2025-04-02,N - NOT INJURED,0,NO DATA,58 - CHRISTUS SOUTHEAST TEXAS - ST. ELIZABETH,1.501,,22 - FAILED TO CONTROL SPEED,No Data,No Data,77627,77627,No,5Y2SL628X4Z466199,24,1 - MALE,N - NOT INJURED,0,1,1 - FRONT LEFT OR MOTORCYCLE DRIVER
20735100,Yes,BEAUMONT POLICE DEPARTMENT,2025006119,BEAUMONT,FAILED TO CONTROL SPEED,JEFFERSON,2025-04-02,N - NOT INJURED,0,NO DATA,58 - CHRISTUS SOUTHEAST TEXAS - ST. ELIZABETH,1.501,,22 - FAILED TO CONTROL SPEED,No Data,No Data,77627,77627,No,5Y2SL628X4Z466199,18,1 - MALE,N - NOT INJURED,0,2,3 - FRONT RIGHT
20735100,Yes,BEAUMONT POLICE DEPARTMENT,2025006119,BEAUMONT,FAILED TO CONTROL SPEED,JEFFERSON,2025-04-02,N - NOT INJURED,0,NO DATA,58 - CHRISTUS SOUTHEAST TEXAS - ST. ELIZABETH,1.501,,No Data,No Data,No Data,77703,77703,No,1GKS1EEFXCR126497,64,2 - FEMALE,N - NOT INJURED,0,1,1 - FRONT LEFT OR MOTORCYCLE DRIVER
20735100,Yes,BEAUMONT POLICE DEPARTMENT,2025006119,BEAUMONT,FAILED TO CONTROL SPEED,JEFFERSON,2025-04-02,N - NOT INJURED,0,NO DATA,58 - CHRISTUS SOUTHEAST TEXAS - ST. ELIZABETH,1.501,,No Data,No Data,No Data,77703,77703,No,1GKS1EEFXCR126497,31,1 - MALE,N - NOT INJURED,0,2,3 - FRONT RIGHT
20735102,Yes,BEAUMONT POLICE DEPARTMENT,2025006114,BEAUMONT,FAILED TO DRIVE IN SINGLE LANE,JEFFERSON,2025-04-02,N - NOT INJURED,0,NO DATA,58 - CHRISTUS SOUTHEAST TEXAS - ST. ELIZABETH,0.377,,No Data,No Data,No Data,77619,77619,No,5TFTX4CN0CX019781,62,2 - FEMALE,N - NOT INJURED,0,1,1 - FRONT LEFT OR MOTORCYCLE DRIVER
20735102,Yes,BEAUMONT POLICE DEPARTMENT,2025006114,BEAUMONT,FAILED TO DRIVE IN SINGLE LANE,JEFFERSON,2025-04-02,N - NOT INJURED,0,NO DATA,58 - CHRISTUS SOUTHEAST TEXAS - ST. ELIZABETH,0.377,,No Data,No Data,No Data,70507,70342,No,3C6UR4HJ1RG215821,33,1 - MALE,N - NOT INJURED,0,1,1 - FRONT LEFT OR MOTORCYCLE DRIVER
20735102,Yes,BEAUMONT POLICE DEPARTMENT,2025006114,BEAUMONT,FAILED TO DRIVE IN SINGLE LANE,JEFFERSON,2025-04-02,N - NOT INJURED,0,NO DATA,58 - CHRISTUS SOUTHEAST TEXAS - ST. ELIZABETH,0.377,,No Data,No Data,No Data,70507,70342,No,3C6UR4HJ1RG215821,34,1 - MALE,N - NOT INJURED,0,2,3 - FRONT RIGHT
20735102,Yes,BEAUMONT POLICE DEPARTMENT,2025006114,BEAUMONT,FAILED TO DRIVE IN SINGLE LANE,JEFFERSON,2025-04-02,N - NOT INJURED,0,NO DATA,58 - CHRISTUS SOUTHEAST TEXAS - ST. ELIZABETH,0.377,,No Data,No Data,No Data,70507,70342,No,3C6UR4HJ1RG215821,30,1 - MALE,N - NOT INJURED,0,3,4 - SECOND SEAT LEFT OR MOTORCYCLE BACK PASSENGER
20735104,Yes,MIDLAND POLICE DEPARTMENT,250402022,MIDLAND,FAILED TO CONTROL SPEED,MIDLAND,2025-04-02,N - NOT INJURED,0,NO DATA,190 - MIDLAND MEMORIAL HOSPITAL,3.436,,No Data,No Data,No Data,79701,79701,No,1FAHP2F88FG207426,29,2 - FEMALE,N - NOT INJURED,0,1,1 - FRONT LEFT OR MOTORCYCLE DRIVER
20735104,Yes,MIDLAND POLICE DEPARTMENT,250402022,MIDLAND,FAILED TO CONTROL SPEED,MIDLAND,2025-04-02,N - NOT INJURED,0,NO DATA,190 - MIDLAND MEMORIAL HOSPITAL,3.436,,22 - FAILED TO CONTROL SPEED,No Data,No Data,79705,79705,No,1G1PG5SB7E7111285,19,1 - MALE,N - NOT INJURED,0,1,1 - FRONT LEFT OR MOTORCYCLE DRIVER
20735104,Yes,MIDLAND POLICE DEPARTMENT,250402022,MIDLAND,FAILED TO CONTROL SPEED,MIDLAND,2025-04-02,N - NOT INJURED,0,NO DATA,190 - MIDLAND MEMORIAL HOSPITAL,3.436,,22 - FAILED TO CONTROL SPEED,No Data,No Data,79705,79705,No,1G1PG5SB7E7111285,19,2 - FEMALE,N - NOT INJURED,0,2,3 - FRONT RIGHT
20735108,Yes,LAREDO POLICE DEPARTMENT,2025-00052131,LAREDO,FAILED TO DRIVE IN SINGLE LANE,WEBB,2025-04-02,N - NOT INJURED,0,NO DATA,No Data,No Data,2,23 - FAILED TO DRIVE IN SINGLE LANE,No Data,No Data,78043,78045,No,3C6UR5FLXKG652636,38,1 - MALE,N - NOT INJURED,0,1,1 - FRONT LEFT OR MOTORCYCLE DRIVER
20735108,Yes,LAREDO POLICE DEPARTMENT,2025-00052131,LAREDO,FAILED TO DRIVE IN SINGLE LANE,WEBB,2025-04-02,N - NOT INJURED,0,NO DATA,No Data,No Data,2,No Data,No Data,No Data,78046,78043,No,1M2MDBAA8RS073493,31,1 - MALE,N - NOT INJURED,0,1,1 - FRONT LEFT OR MOTORCYCLE DRIVER
20735116,Yes,DENTON POLICE DEPARTMENT,25054528,DENTON,CHANGED LANE WHEN UNSAFE,DENTON,2025-04-02,N - NOT INJURED,0,NO DATA,152 - MEDICAL CITY DENTON,5.081,,4 - CHANGED LANE WHEN UNSAFE,No Data,No Data,75211,76052,No,1FD8W3HT3HEE44288,24,1 - MALE,N - NOT INJURED,0,1,1 - FRONT LEFT OR MOTORCYCLE DRIVER
20735116,Yes,DENTON POLICE DEPARTMENT,25054528,DENTON,CHANGED LANE WHEN UNSAFE,DENTON,2025-04-02,N - NOT INJURED,0,NO DATA,152 - MEDICAL CITY DENTON,5.081,,4 - CHANGED LANE WHEN UNSAFE,No Data,No Data,75211,76052,No,1FD8W3HT3HEE44288,31,1 - MALE,N - NOT INJURED,0,2,3 - FRONT RIGHT
20735116,Yes,DENTON POLICE DEPARTMENT,25054528,DENTON,CHANGED LANE WHEN UNSAFE,DENTON,2025-04-02,N - NOT INJURED,0,NO DATA,152 - MEDICAL CITY DENTON,5.081,,4 - CHANGED LANE WHEN UNSAFE,No Data,No Data,75211,76052,No,1FD8W3HT3HEE44288,30,1 - MALE,N - NOT INJURED,0,3,6 - SECOND SEAT RIGHT
20735118,Yes,MARSHALL POLICE DEPARTMENT,2025-07744,MARSHALL,DRIVER INATTENTION; FAILED TO CONTROL SPEED,HARRISON,2025-04-02,N - NOT INJURED,0,NO DATA,50 - CHRISTUS GOOD SHEPHERD MEDICAL CENTER - MARSHALL,0.779,,22 - FAILED TO CONTROL SPEED,No Data,No Data,75670,75670,No,5N1DR2MN9HC604533,39,2 - FEMALE,N - NOT INJURED,0,1,1 - FRONT LEFT OR MOTORCYCLE DRIVER
20735118,Yes,MARSHALL POLICE DEPARTMENT,2025-07744,MARSHALL,DRIVER INATTENTION; FAILED TO CONTROL SPEED,HARRISON,2025-04-02,N - NOT INJURED,0,NO DATA,50 - CHRISTUS GOOD SHEPHERD MEDICAL CENTER - MARSHALL,0.779,,No Data,No Data,No Data,75605,75605,No,1GD07RFF0H1100516,53,1 - MALE,N - NOT INJURED,0,1,1 - FRONT LEFT OR MOTORCYCLE DRIVER
20735118,Yes,MARSHALL POLICE DEPARTMENT,2025-07744,MARSHALL,DRIVER INATTENTION; FAILED TO CONTROL SPEED,HARRISON,2025-04-02,N - NOT INJURED,0,NO DATA,50 - CHRISTUS GOOD SHEPHERD MEDICAL CENTER - MARSHALL,0.779,,No Data,No Data,No Data,75605,75605,No,1GD07RFF0H1100516,25,1 - MALE,N - NOT INJURED,0,2,3 - FRONT RIGHT
20735124,Yes,ROCKWALL POLICE DEPARTMENT,2025-11575,HEATH,DISREGARD STOP AND GO SIGNAL,ROCKWALL,2025-04-02,N - NOT INJURED,0,NO DATA,19 - BAYLOR SCOTT & WHITE MEDICAL CENTER - LAKE POINTE,3.474,1,15 - DISREGARD STOP AND GO SIGNAL,No Data,No Data,75126,75126,No,JN8AZ1MU1EW404477,73,2 - FEMALE,N - NOT INJURED,0,1,1 - FRONT LEFT OR MOTORCYCLE DRIVER
20735124,Yes,ROCKWALL POLICE DEPARTMENT,2025-11575,HEATH,DISREGARD STOP AND GO SIGNAL,ROCKWALL,2025-04-02,N - NOT INJURED,0,NO DATA,19 - BAYLOR SCOTT & WHITE MEDICAL CENTER - LAKE POINTE,3.474,1,No Data,No Data,No Data,75169,75169,No,1N6AA1E56JN536951,62,1 - MALE,N - NOT INJURED,0,1,1 - FRONT LEFT OR MOTORCYCLE DRIVER
20735132,Yes,TEMPLE POLICE DEPARTMENT,25000491,TEMPLE,NONE,BELL,2025-04-02,N - NOT INJURED,0,NO DATA,27 - BAYLOR SCOTT & WHITE MEDICAL CENTER - TEMPLE,1.974,,No Data,No Data,No Data,74105,74105,No,5UXTS1C07M9D79316,50,2 - FEMALE,N - NOT INJURED,0,1,1 - FRONT LEFT OR MOTORCYCLE DRIVER
20735135,Yes,TEMPLE POLICE DEPARTMENT,25000493,TEMPLE,UNSAFE SPEED,BELL,2025-04-02,C - POSSIBLE INJURY,0,NO DATA,No Data,No Data,,60 - UNSAFE SPEED,No Data,No Data,76501,76501,No,3FA6P0K97GR332051,25,2 - FEMALE,C - POSSIBLE INJURY,0,1,1 - FRONT LEFT OR MOTORCYCLE DRIVER
20735144,Yes,TROUP POLICE DEPARTMENT,25T-0400,TROUP,FAILED TO YIELD RIGHT OF WAY - STOP SIGN,SMITH,2025-04-02,N - NOT INJURED,0,NO DATA,No Data,No Data,,35 - FAILED TO YIELD RIGHT OF WAY - STOP SIGN,No Data,No Data,75789,75789,No,2GCEK13C291107967,16,1 - MALE,N - NOT INJURED,0,1,1 - FRONT LEFT OR MOTORCYCLE DRIVER
20735144,Yes,TROUP POLICE DEPARTMENT,25T-0400,TROUP,FAILED TO YIELD RIGHT OF WAY - STOP SIGN,SMITH,2025-04-02,N - NOT INJURED,0,NO DATA,No Data,No Data,,No Data,No Data,No Data,75654,75654,No,3C63RRGL2RG271861,44,1 - MALE,N - NOT INJURED,0,1,1 - FRONT LEFT OR MOTORCYCLE DRIVER
20735145,Yes,LUFKIN POLICE DEPARTMENT,2500010476,LUFKIN,FAILED TO YIELD RIGHT OF WAY - PRIVATE DRIVE;FAILED TO YIELD RIGHT OF WAY - STOP SIGN,ANGELINA,2025-04-02,N - NOT INJURED,0,NO DATA,302 - WOODLAND HEIGHTS MEDICAL CENTER,0.44,01,34 - FAILED TO YIELD RIGHT OF WAY - PRIVATE DRIVE,No Data,No Data,75904,75904,No,5N1DR2MN7HC632492,60,2 - FEMALE,N - NOT INJURED,0,1,1 - FRONT LEFT OR MOTORCYCLE DRIVER
20735145,Yes,LUFKIN POLICE DEPARTMENT,2500010476,LUFKIN,FAILED TO YIELD RIGHT OF WAY - PRIVATE DRIVE;FAILED TO YIELD RIGHT OF WAY - STOP SIGN,ANGELINA,2025-04-02,N - NOT INJURED,0,NO DATA,302 - WOODLAND HEIGHTS MEDICAL CENTER,0.44,01,35 - FAILED TO YIELD RIGHT OF WAY - STOP SIGN,No Data,No Data,75969,75969,No,3KPF44AC8ME414929,45,1 - MALE,N - NOT INJURED,0,1,1 - FRONT LEFT OR MOTORCYCLE DRIVER
20735150,Yes,LUFKIN POLICE DEPARTMENT,2500010389,LUFKIN,DISREGARD TURN MARKS AT INTERSECTION,ANGELINA,2025-04-02,N - NOT INJURED,0,NO DATA,40 - CHI ST. LUKES HEALTH MEMORIAL LUFKIN,2.247,01,No Data,No Data,No Data,75949,75949,No,5NPEB4AC4DH740837,18,2 - FEMALE,N - NOT INJURED,0,1,1 - FRONT LEFT OR MOTORCYCLE DRIVER
20735150,Yes,LUFKIN POLICE DEPARTMENT,2500010389,LUFKIN,DISREGARD TURN MARKS AT INTERSECTION,ANGELINA,2025-04-02,N - NOT INJURED,0,NO DATA,40 - CHI ST. LUKES HEALTH MEMORIAL LUFKIN,2.247,01,17 - DISREGARD TURN MARKS AT INTERSECTION,No Data,No Data,75901,75901,No,5NPD84LF8KH426462,30,2 - FEMALE,N - NOT INJURED,0,1,1 - FRONT LEFT OR MOTORCYCLE DRIVER
20735152,Yes,ROCKWALL POLICE DEPARTMENT,2025-11592,ROCKWALL,FAILED TO YIELD RIGHT OF WAY - PRIVATE DRIVE,ROCKWALL,2025-04-02,C - POSSIBLE INJURY,0,NO DATA,19 - BAYLOR SCOTT & WHITE MEDICAL CENTER - LAKE POINTE,2.891,1,34 - FAILED TO YIELD RIGHT OF WAY - PRIVATE DRIVE,No Data,No Data,75032,75032,No,5NMS54AL2PH516123,72,2 - FEMALE,N - NOT INJURED,0,1,1 - FRONT LEFT OR MOTORCYCLE DRIVER
20735152,Yes,ROCKWALL POLICE DEPARTMENT,2025-11592,ROCKWALL,FAILED TO YIELD RIGHT OF WAY - PRIVATE DRIVE,ROCKWALL,2025-04-02,C - POSSIBLE INJURY,0,NO DATA,19 - BAYLOR SCOTT & WHITE MEDICAL CENTER - LAKE POINTE,2.891,1,34 - FAILED TO YIELD RIGHT OF WAY - PRIVATE DRIVE,No Data,No Data,75032,75032,No,5NMS54AL2PH516123,73,1 - MALE,C - POSSIBLE INJURY,0,2,3 - FRONT RIGHT
20735152,Yes,ROCKWALL POLICE DEPARTMENT,2025-11592,ROCKWALL,FAILED TO YIELD RIGHT OF WAY - PRIVATE DRIVE,ROCKWALL,2025-04-02,C - POSSIBLE INJURY,0,NO DATA,19 - BAYLOR SCOTT & WHITE MEDICAL CENTER - LAKE POINTE,2.891,1,No Data,No Data,No Data,75087,75087,No,1C3CDZABXEN155448,63,1 - MALE,N - NOT INJURED,0,1,1 - FRONT LEFT OR MOTORCYCLE DRIVER
20735153,Yes,ROCKWALL POLICE DEPARTMENT,2025-11560,ROCKWALL,FAILED TO YIELD RIGHT OF WAY - STOP SIGN,ROCKWALL,2025-04-02,N - NOT INJURED,0,NO DATA,19 - BAYLOR SCOTT & WHITE MEDICAL CENTER - LAKE POINTE,5.762,1,35 - FAILED TO YIELD RIGHT OF WAY - STOP SIGN,No Data,No Data,75189,75189,No,2FAFP74W9XX143995,18,2 - FEMALE,N - NOT INJURED,0,1,1 - FRONT LEFT OR MOTORCYCLE DRIVER
20735153,Yes,ROCKWALL POLICE DEPARTMENT,2025-11560,ROCKWALL,FAILED TO YIELD RIGHT OF WAY - STOP SIGN,ROCKWALL,2025-04-02,N - NOT INJURED,0,NO DATA,19 - BAYLOR SCOTT & WHITE MEDICAL CENTER - LAKE POINTE,5.762,1,No Data,No Data,No Data,75087,75087,No,1FTEX1CP6GKF03806,46,1 - MALE,N - NOT INJURED,0,1,1 - FRONT LEFT OR MOTORCYCLE DRIVER
20735155,Yes,CORINTH POLICE DEPARTMENT,250122551,DENTON,DRIVER INATTENTION; WRONG SIDE - NOT PASSING,DENTON,2025-04-02,N - NOT INJURED,0,NO DATA,152 - MEDICAL CITY DENTON,1.619,,70 - WRONG SIDE - NOT PASSING,20 - DRIVER INATTENTION,No Data,76208,76208,No,3GNCJKSB8KL347626,23,2 - FEMALE,N - NOT INJURED,0,1,1 - FRONT LEFT OR MOTORCYCLE DRIVER
20735155,Yes,CORINTH POLICE DEPARTMENT,250122551,DENTON,DRIVER INATTENTION; WRONG SIDE - NOT PASSING,DENTON,2025-04-02,N - NOT INJURED,0,NO DATA,152 - MEDICAL CITY DENTON,1.619,,No Data,No Data,No Data,76208,76208,No,2FMDK3JC4EBB00965,73,2 - FEMALE,N - NOT INJURED,0,1,1 - FRONT LEFT OR MOTORCYCLE DRIVER
20735159,Yes,ABILENE POLICE DEPARTMENT,25-026337,ABILENE,PASSED IN NO PASSING LANE,JONES,2025-04-02,B - SUSPECTED MINOR INJURY,0,NO DATA,126 - HENDRICK MEDICAL CENTER,7.418,,57 - PASSED IN NO PASSING LANE,No Data,No Data,76430,79601,No,1FUJGBDV9GLGS0397,36,1 - MALE,N - NOT INJURED,0,1,1 - FRONT LEFT OR MOTORCYCLE DRIVER
20735159,Yes,ABILENE POLICE DEPARTMENT,25-026337,ABILENE,PASSED IN NO PASSING LANE,JONES,2025-04-02,B - SUSPECTED MINOR INJURY,0,NO DATA,126 - HENDRICK MEDICAL CENTER,7.418,,No Data,No Data,No Data,79602,79510,No,3D7MR48C15G859605,54,1 - MALE,B - SUSPECTED MINOR INJURY,1,1,1 - FRONT LEFT OR MOTORCYCLE DRIVER
20735159,Yes,ABILENE POLICE DEPARTMENT,25-026337,ABILENE,PASSED IN NO PASSING LANE,JONES,2025-04-02,B - SUSPECTED MINOR INJURY,0,NO DATA,126 - HENDRICK MEDICAL CENTER,7.418,,No Data,No Data,No Data,79602,79510,No,3D7MR48C15G859605,42,1 - MALE,B - SUSPECTED MINOR INJURY,1,2,4 - SECOND SEAT LEFT OR MOTORCYCLE BACK PASSENGER
20735159,Yes,ABILENE POLICE DEPARTMENT,25-026337,ABILENE,PASSED IN NO PASSING LANE,JONES,2025-04-02,B - SUSPECTED MINOR INJURY,0,NO DATA,126 - HENDRICK MEDICAL CENTER,7.418,,No Data,No Data,No Data,79602,79510,No,3D7MR48C15G859605,56,1 - MALE,N - NOT INJURED,0,3,3 - FRONT RIGHT
20735159,Yes,ABILENE POLICE DEPARTMENT,25-026337,ABILENE,PASSED IN NO PASSING LANE,JONES,2025-04-02,B - SUSPECTED MINOR INJURY,0,NO DATA,126 - HENDRICK MEDICAL CENTER,7.418,,No Data,No Data,No Data,79602,79510,No,3D7MR48C15G859605,60,1 - MALE,N - NOT INJURED,0,4,6 - SECOND SEAT RIGHT
20735160,Yes,SUNNYVALE POLICE DEPARTMENT,25SP04070,SUNNYVALE,FAILED TO CONTROL SPEED,DALLAS,2025-04-02,N - NOT INJURED,0,NO DATA,85 - DALLAS REGIONAL MEDICAL CENTER,3.942,,22 - FAILED TO CONTROL SPEED,No Data,No Data,75126,75126,No,3CZRM3H35DG712365,22,2 - FEMALE,N - NOT INJURED,0,1,1 - FRONT LEFT OR MOTORCYCLE DRIVER
20735160,Yes,SUNNYVALE POLICE DEPARTMENT,25SP04070,SUNNYVALE,FAILED TO CONTROL SPEED,DALLAS,2025-04-02,N - NOT INJURED,0,NO DATA,85 - DALLAS REGIONAL MEDICAL CENTER,3.942,,No Data,No Data,No Data,98188,75080,No,1FUJGLDR1HLHS8930,33,1 - MALE,N - NOT INJURED,0,1,1 - FRONT LEFT OR MOTORCYCLE DRIVER
20735162,Yes,HEREFORD POLICE DEPARTMENT,C2025-003813,HEREFORD,DRIVER INATTENTION;FAILED TO YIELD RIGHT OF WAY - STOP SIGN,DEAF SMITH,2025-04-02,N - NOT INJURED,0,NO DATA,129 - HEREFORD REGIONAL MEDICAL CENTER,1.669,,35 - FAILED TO YIELD RIGHT OF WAY - STOP SIGN,No Data,No Data,79045,79045,No,5FNYF5H35JB024889,34,1 - MALE,N - NOT INJURED,0,1,1 - FRONT LEFT OR MOTORCYCLE DRIVER
20735162,Yes,HEREFORD POLICE DEPARTMENT,C2025-003813,HEREFORD,DRIVER INATTENTION;FAILED TO YIELD RIGHT OF WAY - STOP SIGN,DEAF SMITH,2025-04-02,N - NOT INJURED,0,NO DATA,129 - HEREFORD REGIONAL MEDICAL CENTER,1.669,,No Data,No Data,No Data,79045,79045,No,1FMCU9G98JUC13620,26,2 - FEMALE,N - NOT INJURED,0,1,1 - FRONT LEFT OR MOTORCYCLE DRIVER
20735164,No,HARRIS COUNTY CONSTABLE PRECINCT 4,2504-00230,OUTSIDE CITY LIMITS,DISTRACTION IN VEHICLE; DRIVER INATTENTION; FAILED TO DRIVE IN SINGLE LANE,HARRIS,2025-04-02,N - NOT INJURED,0,NO DATA,No Data,No Data,,19 - DISTRACTION IN VEHICLE,20 - DRIVER INATTENTION,23 - FAILED TO DRIVE IN SINGLE LANE,77382,77382,No,1GYS4PKL2NR208245,40,2 - FEMALE,N - NOT INJURED,0,1,1 - FRONT LEFT OR MOTORCYCLE DRIVER
20735165,Yes,ABILENE POLICE DEPARTMENT,25-026410,ABILENE,CHANGED LANE WHEN UNSAFE,TAYLOR,2025-04-02,N - NOT INJURED,0,NO DATA,126 - HENDRICK MEDICAL CENTER,2.997,,4 - CHANGED LANE WHEN UNSAFE,No Data,No Data,79502,79502,No,JTEBU5JR0K5634479,79,2 - FEMALE,N - NOT INJURED,0,1,1 - FRONT LEFT OR MOTORCYCLE DRIVER
20735165,Yes,ABILENE POLICE DEPARTMENT,25-026410,ABILENE,CHANGED LANE WHEN UNSAFE,TAYLOR,2025-04-02,N - NOT INJURED,0,NO DATA,126 - HENDRICK MEDICAL CENTER,2.997,,No Data,No Data,No Data,79605,79602,No,1FTFW1E88MFA26071,19,1 - MALE,N - NOT INJURED,0,1,1 - FRONT LEFT OR MOTORCYCLE DRIVER
20735166,Yes,SUNNYVALE POLICE DEPARTMENT,25SP04071,SUNNYVALE,ANIMAL ON ROAD - DOMESTIC;FAILED TO CONTROL SPEED,DALLAS,2025-04-02,N - NOT INJURED,0,NO DATA,85 - DALLAS REGIONAL MEDICAL CENTER,3.905,,1 - ANIMAL ON ROAD - DOMESTIC,No Data,No Data,75126,75126,No,5TDKK3DC7BS129037,40,2 - FEMALE,N - NOT INJURED,0,1,1 - FRONT LEFT OR MOTORCYCLE DRIVER
20735180,Yes,SAN ANTONIO POLICE DEPARTMENT,SAPD25065145,SAN ANTONIO,CHANGED LANE WHEN UNSAFE,BEXAR,2025-04-02,N - NOT INJURED,0,NO DATA,181 - METHODIST SPECIALTY & TRANSPLANT HOSPITAL,2.007,70,4 - CHANGED LANE WHEN UNSAFE,No Data,No Data,78666,78612,No,3TMBZ5DN9MM031235,28,1 - MALE,N - NOT INJURED,0,1,1 - FRONT LEFT OR MOTORCYCLE DRIVER
20735180,Yes,SAN ANTONIO POLICE DEPARTMENT,SAPD25065145,SAN ANTONIO,CHANGED LANE WHEN UNSAFE,BEXAR,2025-04-02,N - NOT INJURED,0,NO DATA,181 - METHODIST SPECIALTY & TRANSPLANT HOSPITAL,2.007,70,4 - CHANGED LANE WHEN UNSAFE,No Data,No Data,78666,78612,No,3TMBZ5DN9MM031235,32,1 - MALE,N - NOT INJURED,0,2,3 - FRONT RIGHT
20735180,Yes,SAN ANTONIO POLICE DEPARTMENT,SAPD25065145,SAN ANTONIO,CHANGED LANE WHEN UNSAFE,BEXAR,2025-04-02,N - NOT INJURED,0,NO DATA,181 - METHODIST SPECIALTY & TRANSPLANT HOSPITAL,2.007,70,4 - CHANGED LANE WHEN UNSAFE,No Data,No Data,78666,78612,No,3TMBZ5DN9MM031235,4,1 - MALE,N - NOT INJURED,0,3,5 - SECOND SEAT CENTER
20735180,Yes,SAN ANTONIO POLICE DEPARTMENT,SAPD25065145,SAN ANTONIO,CHANGED LANE WHEN UNSAFE,BEXAR,2025-04-02,N - NOT INJURED,0,NO DATA,181 - METHODIST SPECIALTY & TRANSPLANT HOSPITAL,2.007,70,No Data,No Data,No Data,78009,78009,No,1C4PJLLB1MD183885,41,2 - FEMALE,N - NOT INJURED,0,1,1 - FRONT LEFT OR MOTORCYCLE DRIVER
20735185,Yes,GALVESTON COUNTY SHERIFF'S OFFICE,25-00001280,OUTSIDE CITY LIMITS,FAILED TO DRIVE IN SINGLE LANE; ILL (EXPLAIN IN NARRATIVE); IMPAIRED VISIBILITY (EXPLAIN IN NARRATIVE),GALVESTON,2025-04-02,B - SUSPECTED MINOR INJURY,0,NO DATA,278 - UNIVERSITY OF TEXAS MEDICAL BRANCH,7.312,,23 - FAILED TO DRIVE IN SINGLE LANE,48 - IMPAIRED VISIBILITY (EXPLAIN IN NARRATIVE),No Data,75077,75077,No,WDDZF4JB0HA028891,64,1 - MALE,B - SUSPECTED MINOR INJURY,1,1,1 - FRONT LEFT OR MOTORCYCLE DRIVER
20735186,Yes,DALLAS POLICE DEPARTMENT,46011-2025,DALLAS,DISREGARD STOP SIGN OR LIGHT,DALLAS,2025-04-02,N - NOT INJURED,0,NO DATA,26 - BAYLOR UNIVERSITY MEDICAL CENTER,5.122,,16 - DISREGARD STOP SIGN OR LIGHT,No Data,No Data,75410,75410,No,1FAFP34N37W279177,26,1 - MALE,N - NOT INJURED,0,1,1 - FRONT LEFT OR MOTORCYCLE DRIVER
20735186,Yes,DALLAS POLICE DEPARTMENT,46011-2025,DALLAS,DISREGARD STOP SIGN OR LIGHT,DALLAS,2025-04-02,N - NOT INJURED,0,NO DATA,26 - BAYLOR UNIVERSITY MEDICAL CENTER,5.122,,No Data,No Data,No Data,75227,75227,No,1D7HA16K52J200292,56,1 - MALE,N - NOT INJURED,0,1,1 - FRONT LEFT OR MOTORCYCLE DRIVER
20735188,Yes,LANCASTER POLICE DEPARTMENT,25-001351,LANCASTER,DRIVER INATTENTION; PASSED IN NO PASSING LANE,DALLAS,2025-04-02,N - NOT INJURED,0,NO DATA,177 - METHODIST CHARLTON MEDICAL CENTER,8.497,,20 - DRIVER INATTENTION,57 - PASSED IN NO PASSING LANE,No Data,75154,75154,No,5N1ED28TX2C604088,56,1 - MALE,N - NOT INJURED,0,1,1 - FRONT LEFT OR MOTORCYCLE DRIVER
20735188,Yes,LANCASTER POLICE DEPARTMENT,25-001351,LANCASTER,DRIVER INATTENTION; PASSED IN NO PASSING LANE,DALLAS,2025-04-02,N - NOT INJURED,0,NO DATA,177 - METHODIST CHARLTON MEDICAL CENTER,8.497,,No Data,No Data,No Data,86033,86033,No,1FT8W3BT3KEG13701,59,1 - MALE,N - NOT INJURED,0,1,1 - FRONT LEFT OR MOTORCYCLE DRIVER
20735189,Yes,LANCASTER POLICE DEPARTMENT,25-001352,LANCASTER,OTHER (EXPLAIN IN NARRATIVE),DALLAS,2025-04-02,N - NOT INJURED,0,NO DATA,177 - METHODIST CHARLTON MEDICAL CENTER,4.883,,98 - OTHER (EXPLAIN IN NARRATIVE),No Data,No Data,77338,77066,No,JN8AS5MT9EW621603,24,1 - MALE,N - NOT INJURED,0,1,1 - FRONT LEFT OR MOTORCYCLE DRIVER
20735189,Yes,LANCASTER POLICE DEPARTMENT,25-001352,LANCASTER,OTHER (EXPLAIN IN NARRATIVE),DALLAS,2025-04-02,N - NOT INJURED,0,NO DATA,177 - METHODIST CHARLTON MEDICAL CENTER,4.883,,98 - OTHER (EXPLAIN IN NARRATIVE),No Data,No Data,77338,77066,No,JN8AS5MT9EW621603,22,2 - FEMALE,N - NOT INJURED,0,2,3 - FRONT RIGHT
20735192,Yes,TRAVIS COUNTY SHERIFF'S OFFICE,250920701,OUTSIDE CITY LIMITS,DRIVER INATTENTION;FOLLOWED TOO CLOSELY;UNSAFE SPEED,TRAVIS,2025-04-02,N - NOT INJURED,0,NO DATA,243 - ST. DAVIDS SOUTH AUSTIN MEDICAL CENTER,6.626,10,44 - FOLLOWED TOO CLOSELY,No Data,No Data,78610,78610,No,3GCUKREC9GG255450,26,1 - MALE,N - NOT INJURED,0,1,1 - FRONT LEFT OR MOTORCYCLE DRIVER
20735192,Yes,TRAVIS COUNTY SHERIFF'S OFFICE,250920701,OUTSIDE CITY LIMITS,DRIVER INATTENTION;FOLLOWED TOO CLOSELY;UNSAFE SPEED,TRAVIS,2025-04-02,N - NOT INJURED,0,NO DATA,243 - ST. DAVIDS SOUTH AUSTIN MEDICAL CENTER,6.626,10,No Data,No Data,No Data,78744,77477,No,1C6RREFT5PN686942,45,1 - MALE,N - NOT INJURED,0,1,1 - FRONT LEFT OR MOTORCYCLE DRIVER
20735195,Yes,PORTLAND POLICE DEPARTMENT,25P15342,PORTLAND,DRIVER INATTENTION,SAN PATRICIO,2025-04-02,N - NOT INJURED,0,NO DATA,59 - CHRISTUS SPOHN HOSPITAL CORPUS CHRISTI SHORELINE,9.143,PH,No Data,No Data,No Data,78408,78408,No,3GCUKTEC4EG514646,51,1 - MALE,N - NOT INJURED,0,1,1 - FRONT LEFT OR MOTORCYCLE DRIVER
20735195,Yes,PORTLAND POLICE DEPARTMENT,25P15342,PORTLAND,DRIVER INATTENTION,SAN PATRICIO,2025-04-02,N - NOT INJURED,0,NO DATA,59 - CHRISTUS SPOHN HOSPITAL CORPUS CHRISTI SHORELINE,9.143,PH,No Data,No Data,No Data,78387,78387,No,1C6RD6KP0CS279295,51,2 - FEMALE,N - NOT INJURED,0,1,1 - FRONT LEFT OR MOTORCYCLE DRIVER
20735204,Yes,ROWLETT POLICE DEPARTMENT,25016467,ROWLETT,OTHER (EXPLAIN IN NARRATIVE),DALLAS,2025-04-02,C - POSSIBLE INJURY,0,NO DATA,19 - BAYLOR SCOTT & WHITE MEDICAL CENTER - LAKE POINTE,3.746,,98 - OTHER (EXPLAIN IN NARRATIVE),No Data,No Data,75474,75474,No,SAJD51FE7PCK81414,49,2 - FEMALE,C - POSSIBLE INJURY,0,1,1 - FRONT LEFT OR MOTORCYCLE DRIVER
20735205,Yes,HARRIS COUNTY CONSTABLE PRECINCT 4,2504-00246,OUTSIDE CITY LIMITS,FAILED TO YIELD RIGHT OF WAY - PRIVATE DRIVE,HARRIS,2025-04-02,C - POSSIBLE INJURY,0,NO DATA,120 - HCA HOUSTON HEALTHCARE NORTHWEST,2.799,,34 - FAILED TO YIELD RIGHT OF WAY - PRIVATE DRIVE,No Data,No Data,77365,77388,No,1FM5K7F8XJGA97279,17,2 - FEMALE,N - NOT INJURED,0,1,1 - FRONT LEFT OR MOTORCYCLE DRIVER
20735205,Yes,HARRIS COUNTY CONSTABLE PRECINCT 4,2504-00246,OUTSIDE CITY LIMITS,FAILED TO YIELD RIGHT OF WAY - PRIVATE DRIVE,HARRIS,2025-04-02,C - POSSIBLE INJURY,0,NO DATA,120 - HCA HOUSTON HEALTHCARE NORTHWEST,2.799,,34 - FAILED TO YIELD RIGHT OF WAY - PRIVATE DRIVE,No Data,No Data,77365,77388,No,1FM5K7F8XJGA97279,48,2 - FEMALE,N - NOT INJURED,0,2,3 - FRONT RIGHT
20735205,Yes,HARRIS COUNTY CONSTABLE PRECINCT 4,2504-00246,OUTSIDE CITY LIMITS,FAILED TO YIELD RIGHT OF WAY - PRIVATE DRIVE,HARRIS,2025-04-02,C - POSSIBLE INJURY,0,NO DATA,120 - HCA HOUSTON HEALTHCARE NORTHWEST,2.799,,No Data,No Data,No Data,77375,77375,No,1GCEK19T1YZ196816,62,1 - MALE,C - POSSIBLE INJURY,0,1,1 - FRONT LEFT OR MOTORCYCLE DRIVER
20735207,Yes,CORPUS CHRISTI POLICE DEPARTMENT,C2501903,CORPUS CHRISTI,TURNED IMPROPERLY - WIDE RIGHT,NUECES,2025-04-02,N - NOT INJURED,0,NO DATA,59 - CHRISTUS SPOHN HOSPITAL CORPUS CHRISTI SHORELINE,1.343,,64 - TURNED IMPROPERLY - WIDE RIGHT,No Data,No Data,78405,78405,No,2T3W1RFV3KW039789,19,1 - MALE,N - NOT INJURED,0,1,1 - FRONT LEFT OR MOTORCYCLE DRIVER
20735207,Yes,CORPUS CHRISTI POLICE DEPARTMENT,C2501903,CORPUS CHRISTI,TURNED IMPROPERLY - WIDE RIGHT,NUECES,2025-04-02,N - NOT INJURED,0,NO DATA,59 - CHRISTUS SPOHN HOSPITAL CORPUS CHRISTI SHORELINE,1.343,,No Data,No Data,No Data,78414,78414,No,5XYP5DGC3PG399983,35,2 - FEMALE,N - NOT INJURED,0,1,1 - FRONT LEFT OR MOTORCYCLE DRIVER
20735207,Yes,CORPUS CHRISTI POLICE DEPARTMENT,C2501903,CORPUS CHRISTI,TURNED IMPROPERLY - WIDE RIGHT,NUECES,2025-04-02,N - NOT INJURED,0,NO DATA,59 - CHRISTUS SPOHN HOSPITAL CORPUS CHRISTI SHORELINE,1.343,,No Data,No Data,No Data,78414,78414,No,5XYP5DGC3PG399983,19,2 - FEMALE,N - NOT INJURED,0,2,3 - FRONT RIGHT
20735207,Yes,CORPUS CHRISTI POLICE DEPARTMENT,C2501903,CORPUS CHRISTI,TURNED IMPROPERLY - WIDE RIGHT,NUECES,2025-04-02,N - NOT INJURED,0,NO DATA,59 - CHRISTUS SPOHN HOSPITAL CORPUS CHRISTI SHORELINE,1.343,,No Data,No Data,No Data,78414,78414,No,5XYP5DGC3PG399983,2,1 - MALE,N - NOT INJURED,0,3,6 - SECOND SEAT RIGHT
20735210,Yes,"DEPARTMENT OF PUBLIC SAFETY, STATE OF TEXAS",25-514068,OUTSIDE CITY LIMITS,UNSAFE SPEED;OTHER (EXPLAIN IN NARRATIVE),VAN ZANDT,2025-04-02,C - POSSIBLE INJURY,0,NO DATA,279 - UT HEALTH EAST TEXAS ATHENS HOSPITAL,14.8,1B,98 - OTHER (EXPLAIN IN NARRATIVE),No Data,No Data,75752,75752,No,2GTEC19J071661976,16,1 - MALE,C - POSSIBLE INJURY,0,1,1 - FRONT LEFT OR MOTORCYCLE DRIVER
20735220,Yes,CORPUS CHRISTI POLICE DEPARTMENT,C2501902,CORPUS CHRISTI,UNSAFE SPEED,NUECES,2025-04-02,C - POSSIBLE INJURY,0,NO DATA,81 - CORPUS CHRISTI MEDICAL CENTER - BAY AREA,0.758,,60 - UNSAFE SPEED,No Data,No Data,78413,78413,No,1FTEW1EP4FKD88346,32,2 - FEMALE,N - NOT INJURED,0,1,1 - FRONT LEFT OR MOTORCYCLE DRIVER
20735220,Yes,CORPUS CHRISTI POLICE DEPARTMENT,C2501902,CORPUS CHRISTI,UNSAFE SPEED,NUECES,2025-04-02,C - POSSIBLE INJURY,0,NO DATA,81 - CORPUS CHRISTI MEDICAL CENTER - BAY AREA,0.758,,60 - UNSAFE SPEED,No Data,No Data,78413,78413,No,1FTEW1EP4FKD88346,12,1 - MALE,N - NOT INJURED,0,2,3 - FRONT RIGHT
20735220,Yes,CORPUS CHRISTI POLICE DEPARTMENT,C2501902,CORPUS CHRISTI,UNSAFE SPEED,NUECES,2025-04-02,C - POSSIBLE INJURY,0,NO DATA,81 - CORPUS CHRISTI MEDICAL CENTER - BAY AREA,0.758,,No Data,No Data,No Data,78414,78414,No,1B3HB28B08D659538,36,2 - FEMALE,C - POSSIBLE INJURY,0,1,1 - FRONT LEFT OR MOTORCYCLE DRIVER
20735223,Yes,PARKER POLICE DEPARTMENT,25008439,PARKER (COLLIN),DRIVER INATTENTION,COLLIN,2025-04-02,N - NOT INJURED,0,NO DATA,186 - METHODIST RICHARDSON MEDICAL CENTER,5.696,,20 - DRIVER INATTENTION,No Data,No Data,75134,75134,No,1GT4UXEY0SF139560,47,1 - MALE,N - NOT INJURED,0,1,1 - FRONT LEFT OR MOTORCYCLE DRIVER
20735223,Yes,PARKER POLICE DEPARTMENT,25008439,PARKER (COLLIN),DRIVER INATTENTION,COLLIN,2025-04-02,N - NOT INJURED,0,NO DATA,186 - METHODIST RICHARDSON MEDICAL CENTER,5.696,,No Data,No Data,No Data,75094,75094,No,19UDE2F77GA012865,62,2 - FEMALE,N - NOT INJURED,0,1,1 - FRONT LEFT OR MOTORCYCLE DRIVER
20735225,Yes,"DEPARTMENT OF PUBLIC SAFETY, STATE OF TEXAS",25-515296,HAWKINS,IMPROPER START FROM PARKED POSITION,WOOD,2025-04-02,N - NOT INJURED,0,NO DATA,281 - UNIVERSITY OF TEXAS HEALTH SCIENCE CENTER AT TYLER,11.16,1D,"49 - IMPROPER START FROM A STOPPED, STANDING, OR PARKED POSITION",No Data,No Data,75765,75765,No,2B3CJ7DWXAH208824,22,1 - MALE,N - NOT INJURED,0,1,1 - FRONT LEFT OR MOTORCYCLE DRIVER
20735228,No,BROWNSVILLE POLICE DEPARTMENT,202504020152,BROWNSVILLE,FAILED TO CONTROL SPEED,CAMERON,2025-04-02,C - POSSIBLE INJURY,0,NO DATA,295 - VALLEY REGIONAL MEDICAL CENTER,0.89,NW,22 - FAILED TO CONTROL SPEED,No Data,No Data,78526,78526,No,JM3KE2DE4D0159077,20,2 - FEMALE,N - NOT INJURED,0,1,1 - FRONT LEFT OR MOTORCYCLE DRIVER
20735228,No,BROWNSVILLE POLICE DEPARTMENT,202504020152,BROWNSVILLE,FAILED TO CONTROL SPEED,CAMERON,2025-04-02,C - POSSIBLE INJURY,0,NO DATA,295 - VALLEY REGIONAL MEDICAL CENTER,0.89,NW,No Data,No Data,No Data,78520,78520,No,WA1DECF32R1048381,42,2 - FEMALE,C - POSSIBLE INJURY,0,1,1 - FRONT LEFT OR MOTORCYCLE DRIVER
20735228,No,BROWNSVILLE POLICE DEPARTMENT,202504020152,BROWNSVILLE,FAILED TO CONTROL SPEED,CAMERON,2025-04-02,C - POSSIBLE INJURY,0,NO DATA,295 - VALLEY REGIONAL MEDICAL CENTER,0.89,NW,No Data,No Data,No Data,78520,78520,No,WA1DECF32R1048381,11,1 - MALE,N - NOT INJURED,0,2,3 - FRONT RIGHT
20735232,Yes,CANTON POLICE DEPARTMENT,25-001774,CANTON,DRIVER INATTENTION; FAILED TO CONTROL SPEED,VAN ZANDT,2025-04-02,N - NOT INJURED,0,NO DATA,279 - UT HEALTH EAST TEXAS ATHENS HOSPITAL,27.497,,20 - DRIVER INATTENTION,22 - FAILED TO CONTROL SPEED,No Data,75147,,No,SALZL2GX1LH084471,19,1 - MALE,N - NOT INJURED,0,1,1 - FRONT LEFT OR MOTORCYCLE DRIVER
20735232,Yes,CANTON POLICE DEPARTMENT,25-001774,CANTON,DRIVER INATTENTION; FAILED TO CONTROL SPEED,VAN ZANDT,2025-04-02,N - NOT INJURED,0,NO DATA,279 - UT HEALTH EAST TEXAS ATHENS HOSPITAL,27.497,,20 - DRIVER INATTENTION,22 - FAILED TO CONTROL SPEED,No Data,75147,,No,SALZL2GX1LH084471,21,2 - FEMALE,N - NOT INJURED,0,2,3 - FRONT RIGHT
20735232,Yes,CANTON POLICE DEPARTMENT,25-001774,CANTON,DRIVER INATTENTION; FAILED TO CONTROL SPEED,VAN ZANDT,2025-04-02,N - NOT INJURED,0,NO DATA,279 - UT HEALTH EAST TEXAS ATHENS HOSPITAL,27.497,,20 - DRIVER INATTENTION,22 - FAILED TO CONTROL SPEED,No Data,75147,,No,SALZL2GX1LH084471,11,2 - FEMALE,N - NOT INJURED,0,3,5 - SECOND SEAT CENTER
20735232,Yes,CANTON POLICE DEPARTMENT,25-001774,CANTON,DRIVER INATTENTION; FAILED TO CONTROL SPEED,VAN ZANDT,2025-04-02,N - NOT INJURED,0,NO DATA,279 - UT HEALTH EAST TEXAS ATHENS HOSPITAL,27.497,,No Data,No Data,No Data,75706,75706,No,1FTEW1E59KKE90346,20,1 - MALE,N - NOT INJURED,0,1,1 - FRONT LEFT OR MOTORCYCLE DRIVER
20735233,Yes,PORTLAND POLICE DEPARTMENT,25P15326,PORTLAND,BACKED WITHOUT SAFETY,SAN PATRICIO,2025-04-02,N - NOT INJURED,0,NO DATA,No Data,No Data,PH,3 - BACKED WITHOUT SAFETY,No Data,No Data,78374,78374,No,5XYKTDA28CG297282,25,2 - FEMALE,N - NOT INJURED,0,1,1 - FRONT LEFT OR MOTORCYCLE DRIVER
20735233,Yes,PORTLAND POLICE DEPARTMENT,25P15326,PORTLAND,BACKED WITHOUT SAFETY,SAN PATRICIO,2025-04-02,N - NOT INJURED,0,NO DATA,No Data,No Data,PH,No Data,No Data,No Data,78411,78411,No,3TYAX5GN9MT011505,26,1 - MALE,N - NOT INJURED,0,1,1 - FRONT LEFT OR MOTORCYCLE DRIVER
20735238,Yes,CORPUS CHRISTI POLICE DEPARTMENT,C2501892,CORPUS CHRISTI,UNSAFE SPEED,NUECES,2025-04-02,N - NOT INJURED,0,NO DATA,61 - CHRISTUS SPOHN HOSPITAL CORPUS CHRISTI SOUTH,1.639,,60 - UNSAFE SPEED,No Data,No Data,78414,78414,No,2HGFE2F54RH502983,25,2 - FEMALE,N - NOT INJURED,0,1,1 - FRONT LEFT OR MOTORCYCLE DRIVER
20735238,Yes,CORPUS CHRISTI POLICE DEPARTMENT,C2501892,CORPUS CHRISTI,UNSAFE SPEED,NUECES,2025-04-02,N - NOT INJURED,0,NO DATA,61 - CHRISTUS SPOHN HOSPITAL CORPUS CHRISTI SOUTH,1.639,,No Data,No Data,No Data,78412,78412,No,1FTYR1ZM4JKA89078,49,1 - MALE,N - NOT INJURED,0,1,1 - FRONT LEFT OR MOTORCYCLE DRIVER
20735245,Yes,QUINLAN POLICE DEPARTMENT,250402803C1,QUINLAN,FAILED TO YIELD RIGHT OF WAY - TURNING LEFT,HUNT,2025-04-02,C - POSSIBLE INJURY,0,NO DATA,133 - HUNT REGIONAL HEALTHCARE,15.093,,37 - FAILED TO YIELD RIGHT OF WAY - TURNING LEFT,No Data,No Data,75169,75169,No,2A4GM68406R777249,81,2 - FEMALE,N - NOT INJURED,0,1,1 - FRONT LEFT OR MOTORCYCLE DRIVER
20735245,Yes,QUINLAN POLICE DEPARTMENT,250402803C1,QUINLAN,FAILED TO YIELD RIGHT OF WAY - TURNING LEFT,HUNT,2025-04-02,C - POSSIBLE INJURY,0,NO DATA,133 - HUNT REGIONAL HEALTHCARE,15.093,,No Data,No Data,No Data,75474,75474,No,3B7HC13Z5VG761099,62,1 - MALE,C - POSSIBLE INJURY,0,1,1 - FRONT LEFT OR MOTORCYCLE DRIVER
20735246,Yes,COLLIN COUNTY SHERIFF'S OFFICE,25071038,BLUE RIDGE,FAILED TO CONTROL SPEED,COLLIN,2025-04-02,B - SUSPECTED MINOR INJURY,0,NO DATA,157 - MEDICAL CITY MCKINNEY,16.982,1,22 - FAILED TO CONTROL SPEED,No Data,No Data,75495,75495,No,1FMUK7KH8SGA19473,33,2 - FEMALE,C - POSSIBLE INJURY,0,1,1 - FRONT LEFT OR MOTORCYCLE DRIVER
20735246,Yes,COLLIN COUNTY SHERIFF'S OFFICE,25071038,BLUE RIDGE,FAILED TO CONTROL SPEED,COLLIN,2025-04-02,B - SUSPECTED MINOR INJURY,0,NO DATA,157 - MEDICAL CITY MCKINNEY,16.982,1,No Data,No Data,No Data,75023,75069,No,1NKDXUEX87R992662,41,1 - MALE,B - SUSPECTED MINOR INJURY,1,1,1 - FRONT LEFT OR MOTORCYCLE DRIVER
20735247,Yes,CORPUS CHRISTI POLICE DEPARTMENT,C2501904,CORPUS CHRISTI,FAILED TO CONTROL SPEED,NUECES,2025-04-02,N - NOT INJURED,0,NO DATA,95 - DRISCOLL CHILDRENS HOSPITAL,2.464,,22 - FAILED TO CONTROL SPEED,No Data,No Data,78412,78412,No,1GCCS148648197258,18,1 - MALE,N - NOT INJURED,0,1,1 - FRONT LEFT OR MOTORCYCLE DRIVER
20735247,Yes,CORPUS CHRISTI POLICE DEPARTMENT,C2501904,CORPUS CHRISTI,FAILED TO CONTROL SPEED,NUECES,2025-04-02,N - NOT INJURED,0,NO DATA,95 - DRISCOLL CHILDRENS HOSPITAL,2.464,,22 - FAILED TO CONTROL SPEED,No Data,No Data,78412,78412,No,1GCCS148648197258,18,2 - FEMALE,N - NOT INJURED,0,2,3 - FRONT RIGHT
20735247,Yes,CORPUS CHRISTI POLICE DEPARTMENT,C2501904,CORPUS CHRISTI,FAILED TO CONTROL SPEED,NUECES,2025-04-02,N - NOT INJURED,0,NO DATA,95 - DRISCOLL CHILDRENS HOSPITAL,2.464,,No Data,No Data,No Data,78380,78380,No,3C6UR5LL5GG368987,63,2 - FEMALE,N - NOT INJURED,0,1,1 - FRONT LEFT OR MOTORCYCLE DRIVER
20735247,Yes,CORPUS CHRISTI POLICE DEPARTMENT,C2501904,CORPUS CHRISTI,FAILED TO CONTROL SPEED,NUECES,2025-04-02,N - NOT INJURED,0,NO DATA,95 - DRISCOLL CHILDRENS HOSPITAL,2.464,,No Data,No Data,No Data,78380,78380,No,3C6UR5LL5GG368987,6,2 - FEMALE,N - NOT INJURED,0,2,4 - SECOND SEAT LEFT OR MOTORCYCLE BACK PASSENGER
20735250,Yes,DENTON POLICE DEPARTMENT,25054648,DENTON,FAILED TO DRIVE IN SINGLE LANE;OTHER (EXPLAIN IN NARRATIVE),DENTON,2025-04-02,C - POSSIBLE INJURY,0,NO DATA,152 - MEDICAL CITY DENTON,5.23,,23 - FAILED TO DRIVE IN SINGLE LANE,No Data,No Data,76208,76208,No,1GKS1CKJ5LR120779,53,2 - FEMALE,C - POSSIBLE INJURY,0,1,1 - FRONT LEFT OR MOTORCYCLE DRIVER
20735271,No,TRAVIS COUNTY SHERIFF'S OFFICE,250920746,OUTSIDE CITY LIMITS,FAILED TO PASS TO LEFT SAFELY;OTHER (EXPLAIN IN NARRATIVE),TRAVIS,2025-04-02,N - NOT INJURED,0,NO DATA,21 - BAYLOR SCOTT & WHITE MEDICAL CENTER - LAKEWAY,6.009,30,26 - FAILED TO PASS TO LEFT SAFELY,No Data,No Data,78701,78701,No,1GNKRGKD2HJ298619,70,2 - FEMALE,N - NOT INJURED,0,1,1 - FRONT LEFT OR MOTORCYCLE DRIVER
20735271,No,TRAVIS COUNTY SHERIFF'S OFFICE,250920746,OUTSIDE CITY LIMITS,FAILED TO PASS TO LEFT SAFELY;OTHER (EXPLAIN IN NARRATIVE),TRAVIS,2025-04-02,N - NOT INJURED,0,NO DATA,21 - BAYLOR SCOTT & WHITE MEDICAL CENTER - LAKEWAY,6.009,30,98 - OTHER (EXPLAIN IN NARRATIVE),No Data,No Data,78738,78738,No,2HGFB2F51DH593048,33,2 - FEMALE,N - NOT INJURED,0,1,1 - FRONT LEFT OR MOTORCYCLE DRIVER
20735274,Yes,SAN ANTONIO POLICE DEPARTMENT,SAPD25065154,SAN ANTONIO,FAILED TO CONTROL SPEED; FAILED TO DRIVE IN SINGLE LANE,BEXAR,2025-04-02,N - NOT INJURED,0,NO DATA,46 - CHRISTUS CHILDRENS HOSPITAL OF SAN ANTONIO,3.784,60,22 - FAILED TO CONTROL SPEED,23 - FAILED TO DRIVE IN SINGLE LANE,No Data,78224,78224,No,3N1AB8BVXRY331602,40,1 - MALE,N - NOT INJURED,0,1,1 - FRONT LEFT OR MOTORCYCLE DRIVER
20735274,Yes,SAN ANTONIO POLICE DEPARTMENT,SAPD25065154,SAN ANTONIO,FAILED TO CONTROL SPEED; FAILED TO DRIVE IN SINGLE LANE,BEXAR,2025-04-02,N - NOT INJURED,0,NO DATA,46 - CHRISTUS CHILDRENS HOSPITAL OF SAN ANTONIO,3.784,60,No Data,No Data,No Data,78211,78211,No,No Data,73,2 - FEMALE,N - NOT INJURED,0,1,1 - FRONT LEFT OR MOTORCYCLE DRIVER
20735275,Yes,SAN ANTONIO POLICE DEPARTMENT,SAPD25065176,SAN ANTONIO,DRIVER INATTENTION; FAILED TO CONTROL SPEED; FOLLOWED TOO CLOSELY,BEXAR,2025-04-02,C - POSSIBLE INJURY,0,NO DATA,46 - CHRISTUS CHILDRENS HOSPITAL OF SAN ANTONIO,2.624,60,22 - FAILED TO CONTROL SPEED,44 - FOLLOWED TOO CLOSELY,20 - DRIVER INATTENTION,78002,78002,No,1C4PJLCB4FW690562,38,2 - FEMALE,C - POSSIBLE INJURY,0,1,1 - FRONT LEFT OR MOTORCYCLE DRIVER
20735275,Yes,SAN ANTONIO POLICE DEPARTMENT,SAPD25065176,SAN ANTONIO,DRIVER INATTENTION; FAILED TO CONTROL SPEED; FOLLOWED TOO CLOSELY,BEXAR,2025-04-02,C - POSSIBLE INJURY,0,NO DATA,46 - CHRISTUS CHILDRENS HOSPITAL OF SAN ANTONIO,2.624,60,22 - FAILED TO CONTROL SPEED,44 - FOLLOWED TOO CLOSELY,20 - DRIVER INATTENTION,78002,78002,No,1C4PJLCB4FW690562,15,2 - FEMALE,C - POSSIBLE INJURY,0,2,3 - FRONT RIGHT
20735275,Yes,SAN ANTONIO POLICE DEPARTMENT,SAPD25065176,SAN ANTONIO,DRIVER INATTENTION; FAILED TO CONTROL SPEED; FOLLOWED TOO CLOSELY,BEXAR,2025-04-02,C - POSSIBLE INJURY,0,NO DATA,46 - CHRISTUS CHILDRENS HOSPITAL OF SAN ANTONIO,2.624,60,No Data,No Data,No Data,78226,78226,No,2C4RDGCG0CR236347,37,1 - MALE,C - POSSIBLE INJURY,0,1,1 - FRONT LEFT OR MOTORCYCLE DRIVER
20735275,Yes,SAN ANTONIO POLICE DEPARTMENT,SAPD25065176,SAN ANTONIO,DRIVER INATTENTION; FAILED TO CONTROL SPEED; FOLLOWED TOO CLOSELY,BEXAR,2025-04-02,C - POSSIBLE INJURY,0,NO DATA,46 - CHRISTUS CHILDRENS HOSPITAL OF SAN ANTONIO,2.624,60,No Data,No Data,No Data,78239,78239,No,1FTPW12V86FB71323,29,1 - MALE,C - POSSIBLE INJURY,0,1,1 - FRONT LEFT OR MOTORCYCLE DRIVER
20735275,Yes,SAN ANTONIO POLICE DEPARTMENT,SAPD25065176,SAN ANTONIO,DRIVER INATTENTION; FAILED TO CONTROL SPEED; FOLLOWED TOO CLOSELY,BEXAR,2025-04-02,C - POSSIBLE INJURY,0,NO DATA,46 - CHRISTUS CHILDRENS HOSPITAL OF SAN ANTONIO,2.624,60,No Data,No Data,No Data,78223,78043,No,KL77LKE21RC221353,34,1 - MALE,C - POSSIBLE INJURY,0,1,1 - FRONT LEFT OR MOTORCYCLE DRIVER
20735275,Yes,SAN ANTONIO POLICE DEPARTMENT,SAPD25065176,SAN ANTONIO,DRIVER INATTENTION; FAILED TO CONTROL SPEED; FOLLOWED TOO CLOSELY,BEXAR,2025-04-02,C - POSSIBLE INJURY,0,NO DATA,46 - CHRISTUS CHILDRENS HOSPITAL OF SAN ANTONIO,2.624,60,No Data,No Data,No Data,78212,78212,No,1FT7W2AT3EEA71818,69,1 - MALE,C - POSSIBLE INJURY,0,1,1 - FRONT LEFT OR MOTORCYCLE DRIVER
20735278,No,SAN ANTONIO POLICE DEPARTMENT,SAPD25065241,SAN ANTONIO,CHANGED LANE WHEN UNSAFE; DRIVER INATTENTION,BEXAR,2025-04-02,C - POSSIBLE INJURY,0,NO DATA,187 - MISSION TRAIL BAPTIST HOSPITAL,8.862,60,4 - CHANGED LANE WHEN UNSAFE,20 - DRIVER INATTENTION,No Data,,,Yes,No Data,No Data,2 - FEMALE,99 - UNKNOWN,0,1,1 - FRONT LEFT OR MOTORCYCLE DRIVER
20735278,No,SAN ANTONIO POLICE DEPARTMENT,SAPD25065241,SAN ANTONIO,CHANGED LANE WHEN UNSAFE; DRIVER INATTENTION,BEXAR,2025-04-02,C - POSSIBLE INJURY,0,NO DATA,187 - MISSION TRAIL BAPTIST HOSPITAL,8.862,60,No Data,No Data,No Data,78101,78101,No,JTNKARJE3GJ508886,53,1 - MALE,C - POSSIBLE INJURY,0,1,1 - FRONT LEFT OR MOTORCYCLE DRIVER
20735279,Yes,MIDLAND POLICE DEPARTMENT,250402013,MIDLAND,FAILED TO CONTROL SPEED,MIDLAND,2025-04-02,C - POSSIBLE INJURY,0,NO DATA,190 - MIDLAND MEMORIAL HOSPITAL,1.183,,No Data,No Data,No Data,79706,79706,No,1C6RREJM6NN178783,50,2 - FEMALE,N - NOT INJURED,0,1,1 - FRONT LEFT OR MOTORCYCLE DRIVER
20735279,Yes,MIDLAND POLICE DEPARTMENT,250402013,MIDLAND,FAILED TO CONTROL SPEED,MIDLAND,2025-04-02,C - POSSIBLE INJURY,0,NO DATA,190 - MIDLAND MEMORIAL HOSPITAL,1.183,,No Data,No Data,No Data,79706,79706,No,1C6RREJM6NN178783,26,2 - FEMALE,C - POSSIBLE INJURY,0,2,3 - FRONT RIGHT
20735279,Yes,MIDLAND POLICE DEPARTMENT,250402013,MIDLAND,FAILED TO CONTROL SPEED,MIDLAND,2025-04-02,C - POSSIBLE INJURY,0,NO DATA,190 - MIDLAND MEMORIAL HOSPITAL,1.183,,No Data,No Data,No Data,79706,79706,No,1C6RREJM6NN178783,3,2 - FEMALE,C - POSSIBLE INJURY,0,3,6 - SECOND SEAT RIGHT
20735279,Yes,MIDLAND POLICE DEPARTMENT,250402013,MIDLAND,FAILED TO CONTROL SPEED,MIDLAND,2025-04-02,C - POSSIBLE INJURY,0,NO DATA,190 - MIDLAND MEMORIAL HOSPITAL,1.183,,No Data,No Data,No Data,79706,79706,No,1C6RREJM6NN178783,0,2 - FEMALE,C - POSSIBLE INJURY,0,4,5 - SECOND SEAT CENTER
20735279,Yes,MIDLAND POLICE DEPARTMENT,250402013,MIDLAND,FAILED TO CONTROL SPEED,MIDLAND,2025-04-02,C - POSSIBLE INJURY,0,NO DATA,190 - MIDLAND MEMORIAL HOSPITAL,1.183,,22 - FAILED TO CONTROL SPEED,No Data,No Data,79705,75142,No,3C4NJCBB3JT233703,23,1 - MALE,N - NOT INJURED,0,1,1 - FRONT LEFT OR MOTORCYCLE DRIVER
20735280,Yes,SAN ANTONIO POLICE DEPARTMENT,SAPD25065261,SAN ANTONIO,FAILED TO YIELD RIGHT OF WAY - STOP SIGN,BEXAR,2025-04-02,N - NOT INJURED,0,NO DATA,187 - MISSION TRAIL BAPTIST HOSPITAL,1.117,60,35 - FAILED TO YIELD RIGHT OF WAY - STOP SIGN,No Data,No Data,78214,78214,No,3GCRCSE26AG140538,22,1 - MALE,N - NOT INJURED,0,1,1 - FRONT LEFT OR MOTORCYCLE DRIVER
20735280,Yes,SAN ANTONIO POLICE DEPARTMENT,SAPD25065261,SAN ANTONIO,FAILED TO YIELD RIGHT OF WAY - STOP SIGN,BEXAR,2025-04-02,N - NOT INJURED,0,NO DATA,187 - MISSION TRAIL BAPTIST HOSPITAL,1.117,60,35 - FAILED TO YIELD RIGHT OF WAY - STOP SIGN,No Data,No Data,78214,78214,No,3GCRCSE26AG140538,23,1 - MALE,N - NOT INJURED,0,2,3 - FRONT RIGHT
20735280,Yes,SAN ANTONIO POLICE DEPARTMENT,SAPD25065261,SAN ANTONIO,FAILED TO YIELD RIGHT OF WAY - STOP SIGN,BEXAR,2025-04-02,N - NOT INJURED,0,NO DATA,187 - MISSION TRAIL BAPTIST HOSPITAL,1.117,60,35 - FAILED TO YIELD RIGHT OF WAY - STOP SIGN,No Data,No Data,78214,78214,No,3GCRCSE26AG140538,23,1 - MALE,N - NOT INJURED,0,3,5 - SECOND SEAT CENTER
20735280,Yes,SAN ANTONIO POLICE DEPARTMENT,SAPD25065261,SAN ANTONIO,FAILED TO YIELD RIGHT OF WAY - STOP SIGN,BEXAR,2025-04-02,N - NOT INJURED,0,NO DATA,187 - MISSION TRAIL BAPTIST HOSPITAL,1.117,60,No Data,No Data,No Data,78112,78112,No,1C4PJLAB6FW602355,72,2 - FEMALE,N - NOT INJURED,0,1,1 - FRONT LEFT OR MOTORCYCLE DRIVER
20735283,Yes,CEDAR HILL POLICE DEPARTMENT,CH250402013,CEDAR HILL,DISREGARD STOP AND GO SIGNAL; DISTRACTION IN VEHICLE,DALLAS,2025-04-02,C - POSSIBLE INJURY,0,NO DATA,177 - METHODIST CHARLTON MEDICAL CENTER,5.057,,19 - DISTRACTION IN VEHICLE,15 - DISREGARD STOP AND GO SIGNAL,No Data,75115,75115,No,JM3KE2DY4G0811386,64,2 - FEMALE,C - POSSIBLE INJURY,0,1,1 - FRONT LEFT OR MOTORCYCLE DRIVER
20735283,Yes,CEDAR HILL POLICE DEPARTMENT,CH250402013,CEDAR HILL,DISREGARD STOP AND GO SIGNAL; DISTRACTION IN VEHICLE,DALLAS,2025-04-02,C - POSSIBLE INJURY,0,NO DATA,177 - METHODIST CHARLTON MEDICAL CENTER,5.057,,No Data,No Data,No Data,75211,75104,No,JN1AZ4EH9GM933546,34,1 - MALE,N - NOT INJURED,0,1,1 - FRONT LEFT OR MOTORCYCLE DRIVER
20735288,Yes,ODESSA POLICE DEPARTMENT,25-0003509,ODESSA,FAILED TO YIELD RIGHT OF WAY - TURNING LEFT,ECTOR,2025-04-02,B - SUSPECTED MINOR INJURY,0,NO DATA,204 - ODESSA REGIONAL MEDICAL CENTER,3.813,,37 - FAILED TO YIELD RIGHT OF WAY - TURNING LEFT,No Data,No Data,79765,79765,No,3GTP2VE71CG241559,22,1 - MALE,N - NOT INJURED,0,1,1 - FRONT LEFT OR MOTORCYCLE DRIVER
20735288,Yes,ODESSA POLICE DEPARTMENT,25-0003509,ODESSA,FAILED TO YIELD RIGHT OF WAY - TURNING LEFT,ECTOR,2025-04-02,B - SUSPECTED MINOR INJURY,0,NO DATA,204 - ODESSA REGIONAL MEDICAL CENTER,3.813,,37 - FAILED TO YIELD RIGHT OF WAY - TURNING LEFT,No Data,No Data,79765,79765,No,3GTP2VE71CG241559,20,1 - MALE,N - NOT INJURED,0,2,3 - FRONT RIGHT
20735288,Yes,ODESSA POLICE DEPARTMENT,25-0003509,ODESSA,FAILED TO YIELD RIGHT OF WAY - TURNING LEFT,ECTOR,2025-04-02,B - SUSPECTED MINOR INJURY,0,NO DATA,204 - ODESSA REGIONAL MEDICAL CENTER,3.813,,No Data,No Data,No Data,79764,79764,No,1GCEC14Z47Z104959,30,1 - MALE,B - SUSPECTED MINOR INJURY,1,1,1 - FRONT LEFT OR MOTORCYCLE DRIVER
20735289,Yes,HARRIS COUNTY CONSTABLE PRECINCT 4,2504-00251,OUTSIDE CITY LIMITS,CHANGED LANE WHEN UNSAFE,HARRIS,2025-04-02,N - NOT INJURED,0,NO DATA,118 - HCA HOUSTON HEALTHCARE KINGWOOD,4.626,,4 - CHANGED LANE WHEN UNSAFE,No Data,No Data,77338,77064,No,2T1BU4EE8CC841471,25,2 - FEMALE,N - NOT INJURED,0,1,1 - FRONT LEFT OR MOTORCYCLE DRIVER
20735289,Yes,HARRIS COUNTY CONSTABLE PRECINCT 4,2504-00251,OUTSIDE CITY LIMITS,CHANGED LANE WHEN UNSAFE,HARRIS,2025-04-02,N - NOT INJURED,0,NO DATA,118 - HCA HOUSTON HEALTHCARE KINGWOOD,4.626,,4 - CHANGED LANE WHEN UNSAFE,No Data,No Data,77338,77064,No,2T1BU4EE8CC841471,46,1 - MALE,N - NOT INJURED,0,2,3 - FRONT RIGHT
20735289,Yes,HARRIS COUNTY CONSTABLE PRECINCT 4,2504-00251,OUTSIDE CITY LIMITS,CHANGED LANE WHEN UNSAFE,HARRIS,2025-04-02,N - NOT INJURED,0,NO DATA,118 - HCA HOUSTON HEALTHCARE KINGWOOD,4.626,,No Data,No Data,No Data,77373,63143,No,1FT7W2BA2REE57536,28,1 - MALE,N - NOT INJURED,0,1,1 - FRONT LEFT OR MOTORCYCLE DRIVER
20735290,Yes,ODESSA POLICE DEPARTMENT,25-0003513,ODESSA,FAILED TO YIELD RIGHT OF WAY - STOP SIGN,ECTOR,2025-04-02,N - NOT INJURED,0,NO DATA,204 - ODESSA REGIONAL MEDICAL CENTER,3.46,,35 - FAILED TO YIELD RIGHT OF WAY - STOP SIGN,No Data,No Data,79765,79765,No,SALVN2BG4FH030022,19,1 - MALE,N - NOT INJURED,0,1,1 - FRONT LEFT OR MOTORCYCLE DRIVER
20735290,Yes,ODESSA POLICE DEPARTMENT,25-0003513,ODESSA,FAILED TO YIELD RIGHT OF WAY - STOP SIGN,ECTOR,2025-04-02,N - NOT INJURED,0,NO DATA,204 - ODESSA REGIONAL MEDICAL CENTER,3.46,,No Data,No Data,No Data,79762,79762,No,KMHLN4DJXRU095712,62,2 - FEMALE,N - NOT INJURED,0,1,1 - FRONT LEFT OR MOTORCYCLE DRIVER
20735296,Yes,HOUSTON POLICE DEPARTMENT,0042305625J,HEDWIG VILLAGE,CHANGED LANE WHEN UNSAFE,HARRIS,2025-04-02,N - NOT INJURED,0,NO DATA,165 - MEMORIAL HERMANN MEMORIAL CITY MEDICAL CENTER,2.63,C,No Data,No Data,No Data,77064,77064,No,1GCUKDED0SZ126419,38,1 - MALE,N - NOT INJURED,0,1,1 - FRONT LEFT OR MOTORCYCLE DRIVER
20735296,Yes,HOUSTON POLICE DEPARTMENT,0042305625J,HEDWIG VILLAGE,CHANGED LANE WHEN UNSAFE,HARRIS,2025-04-02,N - NOT INJURED,0,NO DATA,165 - MEMORIAL HERMANN MEMORIAL CITY MEDICAL CENTER,2.63,C,4 - CHANGED LANE WHEN UNSAFE,No Data,No Data,,,Yes,1FTFX1CF4CFB63778,No Data,1 - MALE,99 - UNKNOWN,0,1,1 - FRONT LEFT OR MOTORCYCLE DRIVER
20735308,Yes,DALLAS POLICE DEPARTMENT,46109-2025,DALLAS,FAILED TO YIELD RIGHT OF WAY - TURNING LEFT,DALLAS,2025-04-02,B - SUSPECTED MINOR INJURY,0,NO DATA,151 - MEDICAL CITY DALLAS HOSPITAL,3.297,,37 - FAILED TO YIELD RIGHT OF WAY - TURNING LEFT,No Data,No Data,75082,74134,No,ML32AUHJ8RH017267,61,1 - MALE,N - NOT INJURED,0,1,1 - FRONT LEFT OR MOTORCYCLE DRIVER
20735308,Yes,DALLAS POLICE DEPARTMENT,46109-2025,DALLAS,FAILED TO YIELD RIGHT OF WAY - TURNING LEFT,DALLAS,2025-04-02,B - SUSPECTED MINOR INJURY,0,NO DATA,151 - MEDICAL CITY DALLAS HOSPITAL,3.297,,37 - FAILED TO YIELD RIGHT OF WAY - TURNING LEFT,No Data,No Data,75082,74134,No,ML32AUHJ8RH017267,40,2 - FEMALE,B - SUSPECTED MINOR INJURY,1,2,6 - SECOND SEAT RIGHT
20735308,Yes,DALLAS POLICE DEPARTMENT,46109-2025,DALLAS,FAILED TO YIELD RIGHT OF WAY - TURNING LEFT,DALLAS,2025-04-02,B - SUSPECTED MINOR INJURY,0,NO DATA,151 - MEDICAL CITY DALLAS HOSPITAL,3.297,,37 - FAILED TO YIELD RIGHT OF WAY - TURNING LEFT,No Data,No Data,75082,74134,No,ML32AUHJ8RH017267,1,1 - MALE,N - NOT INJURED,0,3,4 - SECOND SEAT LEFT OR MOTORCYCLE BACK PASSENGER
20735308,Yes,DALLAS POLICE DEPARTMENT,46109-2025,DALLAS,FAILED TO YIELD RIGHT OF WAY - TURNING LEFT,DALLAS,2025-04-02,B - SUSPECTED MINOR INJURY,0,NO DATA,151 - MEDICAL CITY DALLAS HOSPITAL,3.297,,No Data,No Data,No Data,75240,75240,No,JM3KFACM2K0580079,42,2 - FEMALE,N - NOT INJURED,0,1,1 - FRONT LEFT OR MOTORCYCLE DRIVER
20735310,Yes,SAN ANTONIO POLICE DEPARTMENT,SAPD25065233,SAN ANTONIO,DISREGARD STOP SIGN OR LIGHT; DRIVER INATTENTION,BEXAR,2025-04-02,C - POSSIBLE INJURY,0,NO DATA,187 - MISSION TRAIL BAPTIST HOSPITAL,2.132,60,16 - DISREGARD STOP SIGN OR LIGHT,20 - DRIVER INATTENTION,No Data,78223,78223,No,1C4NJDBB6GD638605,76,1 - MALE,C - POSSIBLE INJURY,0,1,1 - FRONT LEFT OR MOTORCYCLE DRIVER
20735310,Yes,SAN ANTONIO POLICE DEPARTMENT,SAPD25065233,SAN ANTONIO,DISREGARD STOP SIGN OR LIGHT; DRIVER INATTENTION,BEXAR,2025-04-02,C - POSSIBLE INJURY,0,NO DATA,187 - MISSION TRAIL BAPTIST HOSPITAL,2.132,60,16 - DISREGARD STOP SIGN OR LIGHT,20 - DRIVER INATTENTION,No Data,78223,78223,No,1C4NJDBB6GD638605,17,1 - MALE,C - POSSIBLE INJURY,0,2,3 - FRONT RIGHT
20735310,Yes,SAN ANTONIO POLICE DEPARTMENT,SAPD25065233,SAN ANTONIO,DISREGARD STOP SIGN OR LIGHT; DRIVER INATTENTION,BEXAR,2025-04-02,C - POSSIBLE INJURY,0,NO DATA,187 - MISSION TRAIL BAPTIST HOSPITAL,2.132,60,No Data,No Data,No Data,78223,78223,No,1HGCR2F81HA060226,30,2 - FEMALE,N - NOT INJURED,0,1,1 - FRONT LEFT OR MOTORCYCLE DRIVER
20735310,Yes,SAN ANTONIO POLICE DEPARTMENT,SAPD25065233,SAN ANTONIO,DISREGARD STOP SIGN OR LIGHT; DRIVER INATTENTION,BEXAR,2025-04-02,C - POSSIBLE INJURY,0,NO DATA,187 - MISSION TRAIL BAPTIST HOSPITAL,2.132,60,No Data,No Data,No Data,78223,78223,No,1FTRX12W04NA08957,45,1 - MALE,N - NOT INJURED,0,1,1 - FRONT LEFT OR MOTORCYCLE DRIVER
20735310,Yes,SAN ANTONIO POLICE DEPARTMENT,SAPD25065233,SAN ANTONIO,DISREGARD STOP SIGN OR LIGHT; DRIVER INATTENTION,BEXAR,2025-04-02,C - POSSIBLE INJURY,0,NO DATA,187 - MISSION TRAIL BAPTIST HOSPITAL,2.132,60,No Data,No Data,No Data,78223,78223,No,1FTRX12W04NA08957,49,2 - FEMALE,N - NOT INJURED,0,2,3 - FRONT RIGHT
20735310,Yes,SAN ANTONIO POLICE DEPARTMENT,SAPD25065233,SAN ANTONIO,DISREGARD STOP SIGN OR LIGHT; DRIVER INATTENTION,BEXAR,2025-04-02,C - POSSIBLE INJURY,0,NO DATA,187 - MISSION TRAIL BAPTIST HOSPITAL,2.132,60,No Data,No Data,No Data,78223,78223,No,1FTRX12W04NA08957,3,1 - MALE,C - POSSIBLE INJURY,0,3,4 - SECOND SEAT LEFT OR MOTORCYCLE BACK PASSENGER
20735322,Yes,SAN ANTONIO POLICE DEPARTMENT,SAPD25065113,SAN ANTONIO,DISTRACTION IN VEHICLE,BEXAR,2025-04-02,N - NOT INJURED,0,NO DATA,199 - NORTHEAST BAPTIST HOSPITAL,1.637,30,19 - DISTRACTION IN VEHICLE,No Data,No Data,78217,78217,No,1G11C5SL1EF166377,73,1 - MALE,N - NOT INJURED,0,1,1 - FRONT LEFT OR MOTORCYCLE DRIVER
20735323,No,SAN ANTONIO POLICE DEPARTMENT,SAPD25065180,SAN ANTONIO,CHANGED LANE WHEN UNSAFE,BEXAR,2025-04-02,N - NOT INJURED,0,NO DATA,196 - NORTH CENTRAL BAPTIST HOSPITAL,1.919,30,4 - CHANGED LANE WHEN UNSAFE,No Data,No Data,,No Data,Yes,No Data,No Data,99 - UNKNOWN,99 - UNKNOWN,0,1,1 - FRONT LEFT OR MOTORCYCLE DRIVER
20735323,No,SAN ANTONIO POLICE DEPARTMENT,SAPD25065180,SAN ANTONIO,CHANGED LANE WHEN UNSAFE,BEXAR,2025-04-02,N - NOT INJURED,0,NO DATA,196 - NORTH CENTRAL BAPTIST HOSPITAL,1.919,30,4 - CHANGED LANE WHEN UNSAFE,No Data,No Data,78258,78258,No,1C4RJECT6DC526046,88,2 - FEMALE,N - NOT INJURED,0,1,1 - FRONT LEFT OR MOTORCYCLE DRIVER
20735327,Yes,SAN ANTONIO POLICE DEPARTMENT,SAPD25065174,SAN ANTONIO,FAILED TO HEED WARNING SIGN,BEXAR,2025-04-02,99 - UNKNOWN,0,NO DATA,No Data,No Data,30,25 - FAILED TO HEED WARNING SIGN OR TRAFFIC CONTROL DEVICE,No Data,No Data,,78219,Yes,3HAEUMML3PL675971,No Data,99 - UNKNOWN,99 - UNKNOWN,0,1,1 - FRONT LEFT OR MOTORCYCLE DRIVER
20735328,Yes,EL PASO POLICE DEPARTMENT,25-092042,EL PASO,FAILED TO YIELD RIGHT OF WAY - TURNING LEFT,EL PASO,2025-04-02,C - POSSIBLE INJURY,0,NO DATA,275 - THE HOSPITALS OF PROVIDENCE TRANSMOUNTAIN CAMPUS,3.791,,37 - FAILED TO YIELD RIGHT OF WAY - TURNING LEFT,No Data,No Data,77045,77045,No,2G1FE1EV5A9217226,22,1 - MALE,C - POSSIBLE INJURY,0,1,1 - FRONT LEFT OR MOTORCYCLE DRIVER
20735328,Yes,EL PASO POLICE DEPARTMENT,25-092042,EL PASO,FAILED TO YIELD RIGHT OF WAY - TURNING LEFT,EL PASO,2025-04-02,C - POSSIBLE INJURY,0,NO DATA,275 - THE HOSPITALS OF PROVIDENCE TRANSMOUNTAIN CAMPUS,3.791,,No Data,No Data,No Data,79935,88008,No,5FNRL5H6XEB129098,38,1 - MALE,C - POSSIBLE INJURY,0,1,1 - FRONT LEFT OR MOTORCYCLE DRIVER
20735330,Yes,RICHMOND POLICE DEPARTMENT,202500003668,OUTSIDE CITY LIMITS,DRIVER INATTENTION;FAILED TO YIELD RIGHT OF WAY - OPEN INTERSECTION,FORT BEND,2025-04-02,N - NOT INJURED,0,NO DATA,180 - MEMORIAL HERMANN SUGAR LAND HOSPITAL,0.557,,33 - FAILED TO YIELD RIGHT OF WAY - OPEN INTERSECTION,20 - DRIVER INATTENTION,No Data,77080,77842,No,4T1DAACK8SU575813,76,2 - FEMALE,N - NOT INJURED,0,1,1 - FRONT LEFT OR MOTORCYCLE DRIVER
20735330,Yes,RICHMOND POLICE DEPARTMENT,202500003668,OUTSIDE CITY LIMITS,DRIVER INATTENTION;FAILED TO YIELD RIGHT OF WAY - OPEN INTERSECTION,FORT BEND,2025-04-02,N - NOT INJURED,0,NO DATA,180 - MEMORIAL HERMANN SUGAR LAND HOSPITAL,0.557,,No Data,No Data,No Data,77469,77036,No,1HGCR2F51FA084318,48,1 - MALE,N - NOT INJURED,0,1,1 - FRONT LEFT OR MOTORCYCLE DRIVER
20735340,No,WHITEHOUSE POLICE DEPARTMENT,25W-0781,OUTSIDE CITY LIMITS,FAULTY EVASIVE ACTION,SMITH,2025-04-02,N - NOT INJURED,0,NO DATA,No Data,No Data,,41 - FAULTY EVASIVE ACTION,No Data,No Data,75703,75703,No,3LNHL2GC7CR828360,88,2 - FEMALE,N - NOT INJURED,0,1,1 - FRONT LEFT OR MOTORCYCLE DRIVER
20735349,Yes,SAN ANTONIO POLICE DEPARTMENT,SAPD25065311,SAN ANTONIO,DRIVER INATTENTION; TURNED IMPROPERLY - WRONG LANE,BEXAR,2025-04-02,N - NOT INJURED,0,NO DATA,46 - CHRISTUS CHILDRENS HOSPITAL OF SAN ANTONIO,2.883,60,65 - TURNED IMPROPERLY - WRONG LANE,20 - DRIVER INATTENTION,No Data,78801,78065,No,3TMBZ5DN8NM036024,29,2 - FEMALE,N - NOT INJURED,0,1,1 - FRONT LEFT OR MOTORCYCLE DRIVER
20735349,Yes,SAN ANTONIO POLICE DEPARTMENT,SAPD25065311,SAN ANTONIO,DRIVER INATTENTION; TURNED IMPROPERLY - WRONG LANE,BEXAR,2025-04-02,N - NOT INJURED,0,NO DATA,46 - CHRISTUS CHILDRENS HOSPITAL OF SAN ANTONIO,2.883,60,No Data,No Data,No Data,78211,78211,No,1G1JD5SH1J4104170,22,2 - FEMALE,N - NOT INJURED,0,1,1 - FRONT LEFT OR MOTORCYCLE DRIVER
20735350,Yes,SAN ANTONIO POLICE DEPARTMENT,SAPD25065243,SAN ANTONIO,CHANGED LANE WHEN UNSAFE,BEXAR,2025-04-02,N - NOT INJURED,0,NO DATA,187 - MISSION TRAIL BAPTIST HOSPITAL,7.474,60,4 - CHANGED LANE WHEN UNSAFE,No Data,No Data,54728,56001,No,3AKJHHDR2TSWN4826,53,1 - MALE,N - NOT INJURED,0,1,1 - FRONT LEFT OR MOTORCYCLE DRIVER
20735350,Yes,SAN ANTONIO POLICE DEPARTMENT,SAPD25065243,SAN ANTONIO,CHANGED LANE WHEN UNSAFE,BEXAR,2025-04-02,N - NOT INJURED,0,NO DATA,187 - MISSION TRAIL BAPTIST HOSPITAL,7.474,60,No Data,No Data,No Data,78232,78232,No,1C6RR7KTXHS626756,61,1 - MALE,N - NOT INJURED,0,1,1 - FRONT LEFT OR MOTORCYCLE DRIVER
20735379,Yes,LAREDO POLICE DEPARTMENT,2025-00052160,LAREDO,FAILED TO CONTROL SPEED,WEBB,2025-04-02,N - NOT INJURED,0,NO DATA,99 - DOCTORS HOSPITAL OF LAREDO,1.114,AT,22 - FAILED TO CONTROL SPEED,No Data,No Data,78045,78045,No,1HGRW1848ML909421,47,2 - FEMALE,N - NOT INJURED,0,1,1 - FRONT LEFT OR MOTORCYCLE DRIVER
20735379,Yes,LAREDO POLICE DEPARTMENT,2025-00052160,LAREDO,FAILED TO CONTROL SPEED,WEBB,2025-04-02,N - NOT INJURED,0,NO DATA,99 - DOCTORS HOSPITAL OF LAREDO,1.114,AT,No Data,No Data,No Data,78045,78045,No,1C4RJEBG6MC624630,48,1 - MALE,N - NOT INJURED,0,1,1 - FRONT LEFT OR MOTORCYCLE DRIVER
20735380,Yes,LAREDO POLICE DEPARTMENT,2025-00052204,LAREDO,DRIVER INATTENTION; FAILED TO CONTROL SPEED,WEBB,2025-04-02,N - NOT INJURED,0,NO DATA,141 - LAREDO MEDICAL CENTER,1.18,,22 - FAILED TO CONTROL SPEED,No Data,No Data,78046,78046,No,5FNRL5H61GB108708,73,1 - MALE,N - NOT INJURED,0,1,1 - FRONT LEFT OR MOTORCYCLE DRIVER
20735380,Yes,LAREDO POLICE DEPARTMENT,2025-00052204,LAREDO,DRIVER INATTENTION; FAILED TO CONTROL SPEED,WEBB,2025-04-02,N - NOT INJURED,0,NO DATA,141 - LAREDO MEDICAL CENTER,1.18,,No Data,No Data,No Data,78043,78043,No,JN8AY2AC5R9195852,30,2 - FEMALE,N - NOT INJURED,0,1,1 - FRONT LEFT OR MOTORCYCLE DRIVER
20735381,Yes,LAREDO POLICE DEPARTMENT,2025-00052195,LAREDO,FAILED TO YIELD RIGHT OF WAY - TURN ON RED,WEBB,2025-04-02,N - NOT INJURED,0,NO DATA,141 - LAREDO MEDICAL CENTER,1.407,,38 - FAILED TO YIELD RIGHT OF WAY - TURN ON RED,No Data,No Data,78046,78046,No,5YJ3E1EAXLF598321,27,1 - MALE,N - NOT INJURED,0,1,1 - FRONT LEFT OR MOTORCYCLE DRIVER
20735381,Yes,LAREDO POLICE DEPARTMENT,2025-00052195,LAREDO,FAILED TO YIELD RIGHT OF WAY - TURN ON RED,WEBB,2025-04-02,N - NOT INJURED,0,NO DATA,141 - LAREDO MEDICAL CENTER,1.407,,No Data,No Data,No Data,78210,21152,No,1GCWGAFPXM1288240,41,1 - MALE,N - NOT INJURED,0,1,1 - FRONT LEFT OR MOTORCYCLE DRIVER
20735382,No,LAREDO POLICE DEPARTMENT,2025-00052260,LAREDO,FAILED TO CONTROL SPEED,WEBB,2025-04-02,N - NOT INJURED,0,NO DATA,99 - DOCTORS HOSPITAL OF LAREDO,0.991,,22 - FAILED TO CONTROL SPEED,No Data,No Data,78361,78361,No,5FNYF5H46KB003334,29,1 - MALE,N - NOT INJURED,0,1,1 - FRONT LEFT OR MOTORCYCLE DRIVER
20735382,No,LAREDO POLICE DEPARTMENT,2025-00052260,LAREDO,FAILED TO CONTROL SPEED,WEBB,2025-04-02,N - NOT INJURED,0,NO DATA,99 - DOCTORS HOSPITAL OF LAREDO,0.991,,22 - FAILED TO CONTROL SPEED,No Data,No Data,78361,78361,No,5FNYF5H46KB003334,26,2 - FEMALE,N - NOT INJURED,0,2,3 - FRONT RIGHT
20735382,No,LAREDO POLICE DEPARTMENT,2025-00052260,LAREDO,FAILED TO CONTROL SPEED,WEBB,2025-04-02,N - NOT INJURED,0,NO DATA,99 - DOCTORS HOSPITAL OF LAREDO,0.991,,22 - FAILED TO CONTROL SPEED,No Data,No Data,78361,78361,No,5FNYF5H46KB003334,6,1 - MALE,N - NOT INJURED,0,3,4 - SECOND SEAT LEFT OR MOTORCYCLE BACK PASSENGER
20735382,No,LAREDO POLICE DEPARTMENT,2025-00052260,LAREDO,FAILED TO CONTROL SPEED,WEBB,2025-04-02,N - NOT INJURED,0,NO DATA,99 - DOCTORS HOSPITAL OF LAREDO,0.991,,22 - FAILED TO CONTROL SPEED,No Data,No Data,78361,78361,No,5FNYF5H46KB003334,62,2 - FEMALE,N - NOT INJURED,0,4,6 - SECOND SEAT RIGHT
20735382,No,LAREDO POLICE DEPARTMENT,2025-00052260,LAREDO,FAILED TO CONTROL SPEED,WEBB,2025-04-02,N - NOT INJURED,0,NO DATA,99 - DOCTORS HOSPITAL OF LAREDO,0.991,,No Data,No Data,No Data,78045,78045,No,5J8YE1H04SL006000,38,2 - FEMALE,N - NOT INJURED,0,1,1 - FRONT LEFT OR MOTORCYCLE DRIVER
20735383,No,LAREDO POLICE DEPARTMENT,2025-00052306,LAREDO,IMPROPER START FROM PARKED POSITION,WEBB,2025-04-02,N - NOT INJURED,0,NO DATA,No Data,No Data,AT,"49 - IMPROPER START FROM A STOPPED, STANDING, OR PARKED POSITION",No Data,No Data,78041,78041,No,JTDKARFU7L3112804,28,2 - FEMALE,N - NOT INJURED,0,1,1 - FRONT LEFT OR MOTORCYCLE DRIVER
20735383,No,LAREDO POLICE DEPARTMENT,2025-00052306,LAREDO,IMPROPER START FROM PARKED POSITION,WEBB,2025-04-02,N - NOT INJURED,0,NO DATA,No Data,No Data,AT,No Data,No Data,No Data,78046,78043,No,1FM5K8AB2PGA21458,39,1 - MALE,N - NOT INJURED,0,1,1 - FRONT LEFT OR MOTORCYCLE DRIVER
20735385,Yes,SAN JUAN POLICE DEPARTMENT,25-04-02-007201,SAN JUAN,FAILED TO CONTROL SPEED,HIDALGO,2025-04-02,N - NOT INJURED,0,NO DATA,231 - SOUTH TEXAS HEALTH SYSTEM HEART,4.5,01,22 - FAILED TO CONTROL SPEED,No Data,No Data,78542,78542,No,3D7HA18N72G114989,35,1 - MALE,N - NOT INJURED,0,1,1 - FRONT LEFT OR MOTORCYCLE DRIVER
20735385,Yes,SAN JUAN POLICE DEPARTMENT,25-04-02-007201,SAN JUAN,FAILED TO CONTROL SPEED,HIDALGO,2025-04-02,N - NOT INJURED,0,NO DATA,231 - SOUTH TEXAS HEALTH SYSTEM HEART,4.5,01,22 - FAILED TO CONTROL SPEED,No Data,No Data,78542,78542,No,3D7HA18N72G114989,15,1 - MALE,N - NOT INJURED,0,2,3 - FRONT RIGHT
20735385,Yes,SAN JUAN POLICE DEPARTMENT,25-04-02-007201,SAN JUAN,FAILED TO CONTROL SPEED,HIDALGO,2025-04-02,N - NOT INJURED,0,NO DATA,231 - SOUTH TEXAS HEALTH SYSTEM HEART,4.5,01,22 - FAILED TO CONTROL SPEED,No Data,No Data,78542,78542,No,3D7HA18N72G114989,11,1 - MALE,N - NOT INJURED,0,3,4 - SECOND SEAT LEFT OR MOTORCYCLE BACK PASSENGER
20735385,Yes,SAN JUAN POLICE DEPARTMENT,25-04-02-007201,SAN JUAN,FAILED TO CONTROL SPEED,HIDALGO,2025-04-02,N - NOT INJURED,0,NO DATA,231 - SOUTH TEXAS HEALTH SYSTEM HEART,4.5,01,22 - FAILED TO CONTROL SPEED,No Data,No Data,78542,78542,No,3D7HA18N72G114989,9,2 - FEMALE,N - NOT INJURED,0,4,6 - SECOND SEAT RIGHT
20735385,Yes,SAN JUAN POLICE DEPARTMENT,25-04-02-007201,SAN JUAN,FAILED TO CONTROL SPEED,HIDALGO,2025-04-02,N - NOT INJURED,0,NO DATA,231 - SOUTH TEXAS HEALTH SYSTEM HEART,4.5,01,No Data,No Data,No Data,78537,78537,No,1GKENKRS7SJ203573,38,1 - MALE,N - NOT INJURED,0,1,1 - FRONT LEFT OR MOTORCYCLE DRIVER
20735385,Yes,SAN JUAN POLICE DEPARTMENT,25-04-02-007201,SAN JUAN,FAILED TO CONTROL SPEED,HIDALGO,2025-04-02,N - NOT INJURED,0,NO DATA,231 - SOUTH TEXAS HEALTH SYSTEM HEART,4.5,01,No Data,No Data,No Data,78537,78537,No,1GKENKRS7SJ203573,17,1 - MALE,N - NOT INJURED,0,2,3 - FRONT RIGHT
20735391,Yes,HOUSTON POLICE DEPARTMENT,0042314225R,HOUSTON,DISREGARD STOP AND GO SIGNAL,HARRIS,2025-04-02,B - SUSPECTED MINOR INJURY,0,NO DATA,163 - MEMORIAL HERMANN GREATER HEIGHTS HOSPITAL,2.059,B,No Data,No Data,No Data,77092,77092,No,2T3WFREV6EW103184,27,1 - MALE,B - SUSPECTED MINOR INJURY,1,1,1 - FRONT LEFT OR MOTORCYCLE DRIVER
20735391,Yes,HOUSTON POLICE DEPARTMENT,0042314225R,HOUSTON,DISREGARD STOP AND GO SIGNAL,HARRIS,2025-04-02,B - SUSPECTED MINOR INJURY,0,NO DATA,163 - MEMORIAL HERMANN GREATER HEIGHTS HOSPITAL,2.059,B,15 - DISREGARD STOP AND GO SIGNAL,No Data,No Data,,77092,Yes,KMTG54SE4SU151694,No Data,99 - UNKNOWN,99 - UNKNOWN,0,1,99 - UNKNOWN
20735403,No,ALLEN POLICE DEPARTMENT,2025-01880,ALLEN,OTHER (EXPLAIN IN NARRATIVE),COLLIN,2025-04-02,N - NOT INJURED,0,NO DATA,157 - MEDICAL CITY MCKINNEY,3.005,,98 - OTHER (EXPLAIN IN NARRATIVE),No Data,No Data,75002,75002,Yes,KM8HB3AB7RU105649,54,2 - FEMALE,N - NOT INJURED,0,1,1 - FRONT LEFT OR MOTORCYCLE DRIVER
20735403,No,ALLEN POLICE DEPARTMENT,2025-01880,ALLEN,OTHER (EXPLAIN IN NARRATIVE),COLLIN,2025-04-02,N - NOT INJURED,0,NO DATA,157 - MEDICAL CITY MCKINNEY,3.005,,No Data,No Data,No Data,75002,75002,No,4T1M11AK0LU918537,17,1 - MALE,N - NOT INJURED,0,1,1 - FRONT LEFT OR MOTORCYCLE DRIVER
20735417,Yes,ODESSA POLICE DEPARTMENT,25-0003515,ODESSA,NONE,ECTOR,2025-04-02,N - NOT INJURED,0,NO DATA,204 - ODESSA REGIONAL MEDICAL CENTER,2.342,,No Data,No Data,No Data,79763,79763,No,1GC4YNEY5PF178158,56,1 - MALE,N - NOT INJURED,0,1,1 - FRONT LEFT OR MOTORCYCLE DRIVER
20735417,Yes,ODESSA POLICE DEPARTMENT,25-0003515,ODESSA,NONE,ECTOR,2025-04-02,N - NOT INJURED,0,NO DATA,204 - ODESSA REGIONAL MEDICAL CENTER,2.342,,No Data,No Data,No Data,79763,79763,No,1N4AL3AP9DN475136,21,2 - FEMALE,N - NOT INJURED,0,1,1 - FRONT LEFT OR MOTORCYCLE DRIVER
20735417,Yes,ODESSA POLICE DEPARTMENT,25-0003515,ODESSA,NONE,ECTOR,2025-04-02,N - NOT INJURED,0,NO DATA,204 - ODESSA REGIONAL MEDICAL CENTER,2.342,,No Data,No Data,No Data,79763,79763,No,1N4AL3AP9DN475136,44,2 - FEMALE,N - NOT INJURED,0,2,3 - FRONT RIGHT
20735426,Yes,HOUSTON POLICE DEPARTMENT,0041985825J,HOUSTON,FAILED TO DRIVE IN SINGLE LANE,HARRIS,2025-04-02,99 - UNKNOWN,0,NO DATA,114 - HARRIS HEALTH SYSTEM LYNDON B. JOHNSON HOSPITAL,4.148,A,23 - FAILED TO DRIVE IN SINGLE LANE,No Data,No Data,,77449,No,2T3C1RFV7RW336755,No Data,99 - UNKNOWN,99 - UNKNOWN,0,1,99 - UNKNOWN
20735435,Yes,CORINTH POLICE DEPARTMENT,250122693,CORINTH (DENTON),FAILED TO CONTROL SPEED,DENTON,2025-04-02,N - NOT INJURED,0,NO DATA,152 - MEDICAL CITY DENTON,2.969,,22 - FAILED TO CONTROL SPEED,No Data,No Data,,No Data,Yes,No Data,No Data,99 - UNKNOWN,99 - UNKNOWN,0,1,1 - FRONT LEFT OR MOTORCYCLE DRIVER
20735435,Yes,CORINTH POLICE DEPARTMENT,250122693,CORINTH (DENTON),FAILED TO CONTROL SPEED,DENTON,2025-04-02,N - NOT INJURED,0,NO DATA,152 - MEDICAL CITY DENTON,2.969,,No Data,No Data,No Data,76249,76249,No,4T1BF1FK5CU574530,64,2 - FEMALE,N - NOT INJURED,0,1,1 - FRONT LEFT OR MOTORCYCLE DRIVER
20735436,Yes,SAN ANTONIO POLICE DEPARTMENT,SAPD25065368,SAN ANTONIO,DISREGARD STOP SIGN OR LIGHT; DRIVER INATTENTION,BEXAR,2025-04-02,C - POSSIBLE INJURY,0,NO DATA,182 - METROPOLITAN METHODIST HOSPITAL,2.026,50,20 - DRIVER INATTENTION,No Data,No Data,78251,78251,No,JN8AS5MV6EW704276,62,2 - FEMALE,C - POSSIBLE INJURY,0,1,1 - FRONT LEFT OR MOTORCYCLE DRIVER
20735436,Yes,SAN ANTONIO POLICE DEPARTMENT,SAPD25065368,SAN ANTONIO,DISREGARD STOP SIGN OR LIGHT; DRIVER INATTENTION,BEXAR,2025-04-02,C - POSSIBLE INJURY,0,NO DATA,182 - METROPOLITAN METHODIST HOSPITAL,2.026,50,No Data,No Data,No Data,78202,78202,No,2T3WFREVXGW251664,45,1 - MALE,C - POSSIBLE INJURY,0,1,1 - FRONT LEFT OR MOTORCYCLE DRIVER
20735447,Yes,SAN ANTONIO POLICE DEPARTMENT,SAPD25064923,SAN ANTONIO,NONE,BEXAR,2025-04-02,99 - UNKNOWN,0,NO DATA,187 - MISSION TRAIL BAPTIST HOSPITAL,7.67,60,No Data,No Data,No Data,,No Data,Yes,No Data,No Data,99 - UNKNOWN,99 - UNKNOWN,0,1,1 - FRONT LEFT OR MOTORCYCLE DRIVER
20735448,Yes,SAN ANTONIO POLICE DEPARTMENT,SAPD25064819,SAN ANTONIO,FATIGUED OR ASLEEP,BEXAR,2025-04-02,N - NOT INJURED,0,NO DATA,46 - CHRISTUS CHILDRENS HOSPITAL OF SAN ANTONIO,5.221,60,40 - FATIGUED OR ASLEEP,No Data,No Data,78211,78225,No,5N1BT3BB5PC797558,34,2 - FEMALE,N - NOT INJURED,0,1,1 - FRONT LEFT OR MOTORCYCLE DRIVER
20735466,Yes,SAN ANTONIO POLICE DEPARTMENT,SAPD25064804,SAN ANTONIO,DRIVER INATTENTION,BEXAR,2025-04-02,99 - UNKNOWN,0,NO DATA,187 - MISSION TRAIL BAPTIST HOSPITAL,3.401,40,20 - DRIVER INATTENTION,No Data,No Data,,,Yes,No Data,No Data,99 - UNKNOWN,99 - UNKNOWN,0,1,1 - FRONT LEFT OR MOTORCYCLE DRIVER
20735468,Yes,LAREDO POLICE DEPARTMENT,2025-00052085,LAREDO,TURNED WHEN UNSAFE,WEBB,2025-04-02,N - NOT INJURED,0,NO DATA,No Data,No Data,,66 - TURNED WHEN UNSAFE,No Data,No Data,78043,78043,No,2FMDK3KC6BBA81619,62,2 - FEMALE,N - NOT INJURED,0,1,1 - FRONT LEFT OR MOTORCYCLE DRIVER
20735468,Yes,LAREDO POLICE DEPARTMENT,2025-00052085,LAREDO,TURNED WHEN UNSAFE,WEBB,2025-04-02,N - NOT INJURED,0,NO DATA,No Data,No Data,,66 - TURNED WHEN UNSAFE,No Data,No Data,78043,78043,No,2FMDK3KC6BBA81619,62,1 - MALE,N - NOT INJURED,0,2,3 - FRONT RIGHT
20735468,Yes,LAREDO POLICE DEPARTMENT,2025-00052085,LAREDO,TURNED WHEN UNSAFE,WEBB,2025-04-02,N - NOT INJURED,0,NO DATA,No Data,No Data,,No Data,No Data,No Data,78046,78046,No,2T3W1RFVXMW166803,37,2 - FEMALE,N - NOT INJURED,0,1,1 - FRONT LEFT OR MOTORCYCLE DRIVER
20735468,Yes,LAREDO POLICE DEPARTMENT,2025-00052085,LAREDO,TURNED WHEN UNSAFE,WEBB,2025-04-02,N - NOT INJURED,0,NO DATA,No Data,No Data,,No Data,No Data,No Data,78046,78046,No,2T3W1RFVXMW166803,53,2 - FEMALE,N - NOT INJURED,0,2,3 - FRONT RIGHT
20735468,Yes,LAREDO POLICE DEPARTMENT,2025-00052085,LAREDO,TURNED WHEN UNSAFE,WEBB,2025-04-02,N - NOT INJURED,0,NO DATA,No Data,No Data,,No Data,No Data,No Data,78046,78046,No,2T3W1RFVXMW166803,1,2 - FEMALE,N - NOT INJURED,0,3,6 - SECOND SEAT RIGHT
20735470,No,LAREDO POLICE DEPARTMENT,2025-00052388,LAREDO,OTHER (EXPLAIN IN NARRATIVE),WEBB,2025-04-02,99 - UNKNOWN,0,NO DATA,No Data,No Data,,98 - OTHER (EXPLAIN IN NARRATIVE),No Data,No Data,,,Yes,No Data,No Data,99 - UNKNOWN,99 - UNKNOWN,0,1,1 - FRONT LEFT OR MOTORCYCLE DRIVER
20735471,Yes,HOUSTON POLICE DEPARTMENT,0041968625T,HOUSTON,FLEEING OR EVADING POLICE,HARRIS,2025-04-02,N - NOT INJURED,0,NO DATA,No Data,No Data,C,43 - FLEEING OR EVADING POLICE,No Data,No Data,,85004,No,1FDXE4FSXCDB31767,25,1 - MALE,N - NOT INJURED,0,1,1 - FRONT LEFT OR MOTORCYCLE DRIVER
20735474,Yes,SAN ANTONIO POLICE DEPARTMENT,SAPD25064857,SAN ANTONIO,DRIVER INATTENTION;OTHER (EXPLAIN IN NARRATIVE),BEXAR,2025-04-02,N - NOT INJURED,0,NO DATA,53 - CHRISTUS SANTA ROSA HOSPITAL - ALAMO HEIGHTS,0.962,30,20 - DRIVER INATTENTION,98 - OTHER (EXPLAIN IN NARRATIVE),No Data,,74134,No,1FAGP8UH9R5138165,26,1 - MALE,N - NOT INJURED,0,1,1 - FRONT LEFT OR MOTORCYCLE DRIVER
20735482,Yes,PFLUGERVILLE POLICE DEPARTMENT,25040300,PFLUGERVILLE,FAILED TO YIELD RIGHT OF WAY - TURN ON RED,TRAVIS,2025-04-02,N - NOT INJURED,0,NO DATA,195 - NORTH AUSTIN MEDICAL CENTER,7.452,,38 - FAILED TO YIELD RIGHT OF WAY - TURN ON RED,No Data,No Data,78660,78660,No,2HKRM3H40GH514710,17,1 - MALE,N - NOT INJURED,0,1,1 - FRONT LEFT OR MOTORCYCLE DRIVER
20735482,Yes,PFLUGERVILLE POLICE DEPARTMENT,25040300,PFLUGERVILLE,FAILED TO YIELD RIGHT OF WAY - TURN ON RED,TRAVIS,2025-04-02,N - NOT INJURED,0,NO DATA,195 - NORTH AUSTIN MEDICAL CENTER,7.452,,No Data,No Data,No Data,78653,78653,No,1FTPW14584KA10519,44,1 - MALE,N - NOT INJURED,0,1,1 - FRONT LEFT OR MOTORCYCLE DRIVER
20735490,Yes,ABILENE POLICE DEPARTMENT,25-026345,ABILENE,FAILED TO YIELD RIGHT OF WAY - PRIVATE DRIVE,TAYLOR,2025-04-02,B - SUSPECTED MINOR INJURY,0,NO DATA,131 - HENDRICK MEDICAL CENTER SOUTH,3,,34 - FAILED TO YIELD RIGHT OF WAY - PRIVATE DRIVE,No Data,No Data,79606,79606,No,2LMTJ6LR3GBL54787,79,2 - FEMALE,B - SUSPECTED MINOR INJURY,1,1,1 - FRONT LEFT OR MOTORCYCLE DRIVER
20735490,Yes,ABILENE POLICE DEPARTMENT,25-026345,ABILENE,FAILED TO YIELD RIGHT OF WAY - PRIVATE DRIVE,TAYLOR,2025-04-02,B - SUSPECTED MINOR INJURY,0,NO DATA,131 - HENDRICK MEDICAL CENTER SOUTH,3,,No Data,No Data,No Data,79606,79606,No,2GNALDEK5G1111601,60,2 - FEMALE,N - NOT INJURED,0,1,1 - FRONT LEFT OR MOTORCYCLE DRIVER
20735491,Yes,ABILENE POLICE DEPARTMENT,25-026460,ABILENE,FAILED TO YIELD RIGHT OF WAY - PRIVATE DRIVE,TAYLOR,2025-04-02,C - POSSIBLE INJURY,0,NO DATA,131 - HENDRICK MEDICAL CENTER SOUTH,1.91,,34 - FAILED TO YIELD RIGHT OF WAY - PRIVATE DRIVE,No Data,No Data,79606,79606,No,1FTNW20L23EB93740,72,1 - MALE,N - NOT INJURED,0,1,1 - FRONT LEFT OR MOTORCYCLE DRIVER
20735491,Yes,ABILENE POLICE DEPARTMENT,25-026460,ABILENE,FAILED TO YIELD RIGHT OF WAY - PRIVATE DRIVE,TAYLOR,2025-04-02,C - POSSIBLE INJURY,0,NO DATA,131 - HENDRICK MEDICAL CENTER SOUTH,1.91,,No Data,No Data,No Data,79525,79525,No,3N1CP5CVXML487104,20,2 - FEMALE,C - POSSIBLE INJURY,0,1,1 - FRONT LEFT OR MOTORCYCLE DRIVER
20735497,Yes,ABILENE POLICE DEPARTMENT,25-026500,ABILENE,FAILED TO YIELD RIGHT OF WAY - TURNING LEFT,TAYLOR,2025-04-02,N - NOT INJURED,0,NO DATA,126 - HENDRICK MEDICAL CENTER,2.086,,37 - FAILED TO YIELD RIGHT OF WAY - TURNING LEFT,No Data,No Data,79508,79606,No,4T1BK3DB3BU404630,84,2 - FEMALE,N - NOT INJURED,0,1,1 - FRONT LEFT OR MOTORCYCLE DRIVER
20735497,Yes,ABILENE POLICE DEPARTMENT,25-026500,ABILENE,FAILED TO YIELD RIGHT OF WAY - TURNING LEFT,TAYLOR,2025-04-02,N - NOT INJURED,0,NO DATA,126 - HENDRICK MEDICAL CENTER,2.086,,No Data,No Data,No Data,79605,79605,No,1GCCS1445VK208221,65,1 - MALE,N - NOT INJURED,0,1,1 - FRONT LEFT OR MOTORCYCLE DRIVER
20735498,Yes,ABILENE POLICE DEPARTMENT,25-026426,ABILENE,TURNED IMPROPERLY - CUT CORNER ON LEFT,TAYLOR,2025-04-02,N - NOT INJURED,0,NO DATA,131 - HENDRICK MEDICAL CENTER SOUTH,3.174,,63 - TURNED IMPROPERLY - CUT CORNER ON LEFT,No Data,No Data,79603,79603,No,3N1CN8DV0RL927893,17,1 - MALE,N - NOT INJURED,0,1,1 - FRONT LEFT OR MOTORCYCLE DRIVER
20735498,Yes,ABILENE POLICE DEPARTMENT,25-026426,ABILENE,TURNED IMPROPERLY - CUT CORNER ON LEFT,TAYLOR,2025-04-02,N - NOT INJURED,0,NO DATA,131 - HENDRICK MEDICAL CENTER SOUTH,3.174,,63 - TURNED IMPROPERLY - CUT CORNER ON LEFT,No Data,No Data,79603,79603,No,3N1CN8DV0RL927893,15,2 - FEMALE,N - NOT INJURED,0,2,3 - FRONT RIGHT
20735498,Yes,ABILENE POLICE DEPARTMENT,25-026426,ABILENE,TURNED IMPROPERLY - CUT CORNER ON LEFT,TAYLOR,2025-04-02,N - NOT INJURED,0,NO DATA,131 - HENDRICK MEDICAL CENTER SOUTH,3.174,,No Data,No Data,No Data,79549,79549,No,2T3WFREV9JW490789,56,2 - FEMALE,N - NOT INJURED,0,1,1 - FRONT LEFT OR MOTORCYCLE DRIVER
20735498,Yes,ABILENE POLICE DEPARTMENT,25-026426,ABILENE,TURNED IMPROPERLY - CUT CORNER ON LEFT,TAYLOR,2025-04-02,N - NOT INJURED,0,NO DATA,131 - HENDRICK MEDICAL CENTER SOUTH,3.174,,No Data,No Data,No Data,79549,79549,No,2T3WFREV9JW490789,75,2 - FEMALE,N - NOT INJURED,0,2,3 - FRONT RIGHT
20735517,No,SAN ANTONIO POLICE DEPARTMENT,SAPD25065023,SAN ANTONIO,DRIVER INATTENTION,BEXAR,2025-04-02,N - NOT INJURED,0,NO DATA,No Data,No Data,60,20 - DRIVER INATTENTION,No Data,No Data,78220,78220,No,JHHHDM2H6KK003975,22,1 - MALE,N - NOT INJURED,0,1,1 - FRONT LEFT OR MOTORCYCLE DRIVER
20735517,No,SAN ANTONIO POLICE DEPARTMENT,SAPD25065023,SAN ANTONIO,DRIVER INATTENTION,BEXAR,2025-04-02,N - NOT INJURED,0,NO DATA,No Data,No Data,60,No Data,No Data,No Data,78220,78220,No,1M2AX13C9HM038337,47,1 - MALE,N - NOT INJURED,0,1,1 - FRONT LEFT OR MOTORCYCLE DRIVER
20735519,Yes,SAN ANTONIO POLICE DEPARTMENT,SAPD25065026,SAN ANTONIO,UNSAFE SPEED;OTHER (EXPLAIN IN NARRATIVE),BEXAR,2025-04-02,C - POSSIBLE INJURY,0,NO DATA,46 - CHRISTUS CHILDRENS HOSPITAL OF SAN ANTONIO,2.722,60,60 - UNSAFE SPEED,98 - OTHER (EXPLAIN IN NARRATIVE),No Data,,78211,Yes,1GTG5CEN2K1238175,No Data,1 - MALE,99 - UNKNOWN,0,1,1 - FRONT LEFT OR MOTORCYCLE DRIVER
20735519,Yes,SAN ANTONIO POLICE DEPARTMENT,SAPD25065026,SAN ANTONIO,UNSAFE SPEED;OTHER (EXPLAIN IN NARRATIVE),BEXAR,2025-04-02,C - POSSIBLE INJURY,0,NO DATA,46 - CHRISTUS CHILDRENS HOSPITAL OF SAN ANTONIO,2.722,60,No Data,No Data,No Data,78207,78207,No,5J6RM4H75CL083393,49,2 - FEMALE,C - POSSIBLE INJURY,0,1,1 - FRONT LEFT OR MOTORCYCLE DRIVER
20735520,Yes,SAN ANTONIO POLICE DEPARTMENT,SAPD25065115,SAN ANTONIO,DRIVER INATTENTION; FOLLOWED TOO CLOSELY,BEXAR,2025-04-02,B - SUSPECTED MINOR INJURY,0,NO DATA,46 - CHRISTUS CHILDRENS HOSPITAL OF SAN ANTONIO,2.743,60,44 - FOLLOWED TOO CLOSELY,20 - DRIVER INATTENTION,No Data,78244,78257,No,1FTBR3X85MKA31671,28,1 - MALE,N - NOT INJURED,0,1,1 - FRONT LEFT OR MOTORCYCLE DRIVER
20735520,Yes,SAN ANTONIO POLICE DEPARTMENT,SAPD25065115,SAN ANTONIO,DRIVER INATTENTION; FOLLOWED TOO CLOSELY,BEXAR,2025-04-02,B - SUSPECTED MINOR INJURY,0,NO DATA,46 - CHRISTUS CHILDRENS HOSPITAL OF SAN ANTONIO,2.743,60,No Data,No Data,No Data,78259,78259,No,JTDEPMAE2MJ161906,38,2 - FEMALE,B - SUSPECTED MINOR INJURY,1,1,1 - FRONT LEFT OR MOTORCYCLE DRIVER
20735521,Yes,SAN ANTONIO POLICE DEPARTMENT,SAPD25065281,SAN ANTONIO,FAILED TO YIELD RIGHT OF WAY - TURNING LEFT,BEXAR,2025-04-02,N - NOT INJURED,0,NO DATA,187 - MISSION TRAIL BAPTIST HOSPITAL,2.524,60,37 - FAILED TO YIELD RIGHT OF WAY - TURNING LEFT,No Data,No Data,78101,78101,No,19UUA8F78CA023351,27,1 - MALE,N - NOT INJURED,0,1,1 - FRONT LEFT OR MOTORCYCLE DRIVER
20735521,Yes,SAN ANTONIO POLICE DEPARTMENT,SAPD25065281,SAN ANTONIO,FAILED TO YIELD RIGHT OF WAY - TURNING LEFT,BEXAR,2025-04-02,N - NOT INJURED,0,NO DATA,187 - MISSION TRAIL BAPTIST HOSPITAL,2.524,60,37 - FAILED TO YIELD RIGHT OF WAY - TURNING LEFT,No Data,No Data,78101,78101,No,19UUA8F78CA023351,25,1 - MALE,N - NOT INJURED,0,2,3 - FRONT RIGHT
20735521,Yes,SAN ANTONIO POLICE DEPARTMENT,SAPD25065281,SAN ANTONIO,FAILED TO YIELD RIGHT OF WAY - TURNING LEFT,BEXAR,2025-04-02,N - NOT INJURED,0,NO DATA,187 - MISSION TRAIL BAPTIST HOSPITAL,2.524,60,No Data,No Data,No Data,78223,78223,No,KNMAT2MT9FP505112,41,2 - FEMALE,N - NOT INJURED,0,1,1 - FRONT LEFT OR MOTORCYCLE DRIVER
20735521,Yes,SAN ANTONIO POLICE DEPARTMENT,SAPD25065281,SAN ANTONIO,FAILED TO YIELD RIGHT OF WAY - TURNING LEFT,BEXAR,2025-04-02,N - NOT INJURED,0,NO DATA,187 - MISSION TRAIL BAPTIST HOSPITAL,2.524,60,No Data,No Data,No Data,78223,78223,No,KNMAT2MT9FP505112,17,1 - MALE,N - NOT INJURED,0,2,3 - FRONT RIGHT
20735528,Yes,WACO POLICE DEPARTMENT,25-4186,WACO,DISREGARD STOP AND GO SIGNAL,MCLENNAN,2025-04-02,N - NOT INJURED,0,NO DATA,2 - ASCENSION PROVIDENCE HOSPITAL,3.965,,15 - DISREGARD STOP AND GO SIGNAL,No Data,No Data,76708,76708,No,1GKKRRKD6FJ365079,39,1 - MALE,N - NOT INJURED,0,1,1 - FRONT LEFT OR MOTORCYCLE DRIVER
20735528,Yes,WACO POLICE DEPARTMENT,25-4186,WACO,DISREGARD STOP AND GO SIGNAL,MCLENNAN,2025-04-02,N - NOT INJURED,0,NO DATA,2 - ASCENSION PROVIDENCE HOSPITAL,3.965,,15 - DISREGARD STOP AND GO SIGNAL,No Data,No Data,76708,76708,No,1GKKRRKD6FJ365079,56,1 - MALE,N - NOT INJURED,0,2,3 - FRONT RIGHT
20735528,Yes,WACO POLICE DEPARTMENT,25-4186,WACO,DISREGARD STOP AND GO SIGNAL,MCLENNAN,2025-04-02,N - NOT INJURED,0,NO DATA,2 - ASCENSION PROVIDENCE HOSPITAL,3.965,,No Data,No Data,No Data,76708,76710,No,1G1BC5SMXJ7223516,20,2 - FEMALE,N - NOT INJURED,0,1,1 - FRONT LEFT OR MOTORCYCLE DRIVER
20735534,Yes,DENTON POLICE DEPARTMENT,25054370,DENTON,FAILED TO CONTROL SPEED; UNDER INFLUENCE - ALCOHOL,DENTON,2025-04-02,N - NOT INJURED,0,NO DATA,No Data,No Data,,67 - INTOXICATED - ALCOHOL,22 - FAILED TO CONTROL SPEED,No Data,76207,76207,No,2C3CCAAG8LH234610,23,2 - FEMALE,N - NOT INJURED,0,1,1 - FRONT LEFT OR MOTORCYCLE DRIVER
20735537,Yes,SAN ANTONIO POLICE DEPARTMENT,SAPD25065307,SAN ANTONIO,CHANGED LANE WHEN UNSAFE,BEXAR,2025-04-02,N - NOT INJURED,0,NO DATA,199 - NORTHEAST BAPTIST HOSPITAL,2.383,40,No Data,No Data,No Data,78254,27360,No,1FUBGDDR6JLJJ5831,40,1 - MALE,N - NOT INJURED,0,1,1 - FRONT LEFT OR MOTORCYCLE DRIVER
20735537,Yes,SAN ANTONIO POLICE DEPARTMENT,SAPD25065307,SAN ANTONIO,CHANGED LANE WHEN UNSAFE,BEXAR,2025-04-02,N - NOT INJURED,0,NO DATA,199 - NORTHEAST BAPTIST HOSPITAL,2.383,40,4 - CHANGED LANE WHEN UNSAFE,No Data,No Data,,No Data,Yes,No Data,No Data,99 - UNKNOWN,99 - UNKNOWN,0,1,1 - FRONT LEFT OR MOTORCYCLE DRIVER
20735539,Yes,WACO POLICE DEPARTMENT,25-4193,WACO,TURNED WHEN UNSAFE,MCLENNAN,2025-04-02,N - NOT INJURED,0,NO DATA,28 - BAYLOR SCOTT & WHITE MEDICAL CENTER - HILLCREST,4.94,,66 - TURNED WHEN UNSAFE,No Data,No Data,45173523,45173523,No,2C3CDZAG6PH570922,20,2 - FEMALE,N - NOT INJURED,0,1,1 - FRONT LEFT OR MOTORCYCLE DRIVER
20735539,Yes,WACO POLICE DEPARTMENT,25-4193,WACO,TURNED WHEN UNSAFE,MCLENNAN,2025-04-02,N - NOT INJURED,0,NO DATA,28 - BAYLOR SCOTT & WHITE MEDICAL CENTER - HILLCREST,4.94,,No Data,No Data,No Data,76706,76706,No,3D4PG5FV0AT198015,36,2 - FEMALE,N - NOT INJURED,0,1,1 - FRONT LEFT OR MOTORCYCLE DRIVER
20735540,Yes,WACO POLICE DEPARTMENT,25-4187,WACO,FAILED TO YIELD RIGHT OF WAY - TURNING LEFT,MCLENNAN,2025-04-02,B - SUSPECTED MINOR INJURY,0,NO DATA,2 - ASCENSION PROVIDENCE HOSPITAL,1.857,,37 - FAILED TO YIELD RIGHT OF WAY - TURNING LEFT,No Data,No Data,76706,76706,No,1FMHK7F88CGA82585,42,2 - FEMALE,B - SUSPECTED MINOR INJURY,1,1,1 - FRONT LEFT OR MOTORCYCLE DRIVER
20735540,Yes,WACO POLICE DEPARTMENT,25-4187,WACO,FAILED TO YIELD RIGHT OF WAY - TURNING LEFT,MCLENNAN,2025-04-02,B - SUSPECTED MINOR INJURY,0,NO DATA,2 - ASCENSION PROVIDENCE HOSPITAL,1.857,,No Data,No Data,No Data,76707,76707,No,3GCRKSE34AG206953,38,1 - MALE,C - POSSIBLE INJURY,0,1,1 - FRONT LEFT OR MOTORCYCLE DRIVER
20735551,Yes,SAN ANTONIO POLICE DEPARTMENT,SAPD25065334,SAN ANTONIO,ILL (EXPLAIN IN NARRATIVE),BEXAR,2025-04-02,B - SUSPECTED MINOR INJURY,0,NO DATA,34 - BROOKE ARMY MEDICAL CENTER,4.034,40,47 - ILL (EXPLAIN IN NARRATIVE),No Data,No Data,78222,78216,No,1N6AD0ER5AC427431,49,1 - MALE,B - SUSPECTED MINOR INJURY,1,1,1 - FRONT LEFT OR MOTORCYCLE DRIVER
20735554,Yes,SAN ANTONIO POLICE DEPARTMENT,SAPD25065270,SAN ANTONIO,CHANGED LANE WHEN UNSAFE,BEXAR,2025-04-02,N - NOT INJURED,0,NO DATA,34 - BROOKE ARMY MEDICAL CENTER,1.26,40,4 - CHANGED LANE WHEN UNSAFE,No Data,No Data,78155,78155,No,JN8AY2AD6M9662634,30,2 - FEMALE,N - NOT INJURED,0,1,1 - FRONT LEFT OR MOTORCYCLE DRIVER
20735554,Yes,SAN ANTONIO POLICE DEPARTMENT,SAPD25065270,SAN ANTONIO,CHANGED LANE WHEN UNSAFE,BEXAR,2025-04-02,N - NOT INJURED,0,NO DATA,34 - BROOKE ARMY MEDICAL CENTER,1.26,40,4 - CHANGED LANE WHEN UNSAFE,No Data,No Data,78155,78155,No,JN8AY2AD6M9662634,24,2 - FEMALE,N - NOT INJURED,0,2,3 - FRONT RIGHT
20735554,Yes,SAN ANTONIO POLICE DEPARTMENT,SAPD25065270,SAN ANTONIO,CHANGED LANE WHEN UNSAFE,BEXAR,2025-04-02,N - NOT INJURED,0,NO DATA,34 - BROOKE ARMY MEDICAL CENTER,1.26,40,4 - CHANGED LANE WHEN UNSAFE,No Data,No Data,78155,78155,No,JN8AY2AD6M9662634,5,2 - FEMALE,N - NOT INJURED,0,3,4 - SECOND SEAT LEFT OR MOTORCYCLE BACK PASSENGER
20735554,Yes,SAN ANTONIO POLICE DEPARTMENT,SAPD25065270,SAN ANTONIO,CHANGED LANE WHEN UNSAFE,BEXAR,2025-04-02,N - NOT INJURED,0,NO DATA,34 - BROOKE ARMY MEDICAL CENTER,1.26,40,4 - CHANGED LANE WHEN UNSAFE,No Data,No Data,78155,78155,No,JN8AY2AD6M9662634,2,1 - MALE,N - NOT INJURED,0,4,6 - SECOND SEAT RIGHT
20735554,Yes,SAN ANTONIO POLICE DEPARTMENT,SAPD25065270,SAN ANTONIO,CHANGED LANE WHEN UNSAFE,BEXAR,2025-04-02,N - NOT INJURED,0,NO DATA,34 - BROOKE ARMY MEDICAL CENTER,1.26,40,4 - CHANGED LANE WHEN UNSAFE,No Data,No Data,75154,75154,No,3GTUUGED5NG685710,56,1 - MALE,N - NOT INJURED,0,1,1 - FRONT LEFT OR MOTORCYCLE DRIVER
20735555,Yes,SAN ANTONIO POLICE DEPARTMENT,SAPD25065396,SAN ANTONIO,FAILED TO CONTROL SPEED,BEXAR,2025-04-02,C - POSSIBLE INJURY,0,NO DATA,199 - NORTHEAST BAPTIST HOSPITAL,0.489,40,22 - FAILED TO CONTROL SPEED,No Data,No Data,78109,78109,No,19XFC2F76HE051734,44,1 - MALE,C - POSSIBLE INJURY,0,1,1 - FRONT LEFT OR MOTORCYCLE DRIVER
20735555,Yes,SAN ANTONIO POLICE DEPARTMENT,SAPD25065396,SAN ANTONIO,FAILED TO CONTROL SPEED,BEXAR,2025-04-02,C - POSSIBLE INJURY,0,NO DATA,199 - NORTHEAST BAPTIST HOSPITAL,0.489,40,No Data,No Data,No Data,78219,78219,No,1GCEK29019Z189216,67,1 - MALE,C - POSSIBLE INJURY,0,1,1 - FRONT LEFT OR MOTORCYCLE DRIVER
20735555,Yes,SAN ANTONIO POLICE DEPARTMENT,SAPD25065396,SAN ANTONIO,FAILED TO CONTROL SPEED,BEXAR,2025-04-02,C - POSSIBLE INJURY,0,NO DATA,199 - NORTHEAST BAPTIST HOSPITAL,0.489,40,No Data,No Data,No Data,78239,78239,No,MAJ6S3KL5LC313843,19,2 - FEMALE,N - NOT INJURED,0,1,1 - FRONT LEFT OR MOTORCYCLE DRIVER
20735555,Yes,SAN ANTONIO POLICE DEPARTMENT,SAPD25065396,SAN ANTONIO,FAILED TO CONTROL SPEED,BEXAR,2025-04-02,C - POSSIBLE INJURY,0,NO DATA,199 - NORTHEAST BAPTIST HOSPITAL,0.489,40,No Data,No Data,No Data,78244,78244,No,1C4PJLAB0GW146399,58,1 - MALE,N - NOT INJURED,0,1,1 - FRONT LEFT OR MOTORCYCLE DRIVER
20735561,Yes,HARRIS COUNTY SHERIFF'S OFFICE,2504-00438,OUTSIDE CITY LIMITS,ANIMAL ON ROAD - WILD;DRIVER INATTENTION,HARRIS,2025-04-02,N - NOT INJURED,0,NO DATA,120 - HCA HOUSTON HEALTHCARE NORTHWEST,7.585,PD,20 - DRIVER INATTENTION,2 - ANIMAL ON ROAD - WILD,No Data,77088,77088,No,1V2JR2CA1RC579584,34,1 - MALE,N - NOT INJURED,0,1,1 - FRONT LEFT OR MOTORCYCLE DRIVER
20735563,Yes,HARRIS COUNTY SHERIFF'S OFFICE,2504-00433,OUTSIDE CITY LIMITS,FAILED TO CONTROL SPEED,HARRIS,2025-04-02,N - NOT INJURED,0,NO DATA,120 - HCA HOUSTON HEALTHCARE NORTHWEST,5.148,PD,22 - FAILED TO CONTROL SPEED,No Data,No Data,UNKNOWN,UNKNOWN,Yes,UNKNOWN,No Data,99 - UNKNOWN,99 - UNKNOWN,0,1,1 - FRONT LEFT OR MOTORCYCLE DRIVER
20735563,Yes,HARRIS COUNTY SHERIFF'S OFFICE,2504-00433,OUTSIDE CITY LIMITS,FAILED TO CONTROL SPEED,HARRIS,2025-04-02,N - NOT INJURED,0,NO DATA,120 - HCA HOUSTON HEALTHCARE NORTHWEST,5.148,PD,No Data,No Data,No Data,77598,38401,No,KNDC34LA1R5193694,49,1 - MALE,N - NOT INJURED,0,1,1 - FRONT LEFT OR MOTORCYCLE DRIVER
20735563,Yes,HARRIS COUNTY SHERIFF'S OFFICE,2504-00433,OUTSIDE CITY LIMITS,FAILED TO CONTROL SPEED,HARRIS,2025-04-02,N - NOT INJURED,0,NO DATA,120 - HCA HOUSTON HEALTHCARE NORTHWEST,5.148,PD,No Data,No Data,No Data,77598,38401,No,KNDC34LA1R5193694,27,1 - MALE,N - NOT INJURED,0,2,6 - SECOND SEAT RIGHT
20735570,No,TRAVIS COUNTY SHERIFF'S OFFICE,250920753,OUTSIDE CITY LIMITS,FAILED TO YIELD RIGHT OF WAY - TURNING LEFT,TRAVIS,2025-04-02,C - POSSIBLE INJURY,0,NO DATA,21 - BAYLOR SCOTT & WHITE MEDICAL CENTER - LAKEWAY,5.922,40,37 - FAILED TO YIELD RIGHT OF WAY - TURNING LEFT,No Data,No Data,78620,78620,No,1VWBA7A3XNC007936,73,2 - FEMALE,N - NOT INJURED,0,1,1 - FRONT LEFT OR MOTORCYCLE DRIVER
20735570,No,TRAVIS COUNTY SHERIFF'S OFFICE,250920753,OUTSIDE CITY LIMITS,FAILED TO YIELD RIGHT OF WAY - TURNING LEFT,TRAVIS,2025-04-02,C - POSSIBLE INJURY,0,NO DATA,21 - BAYLOR SCOTT & WHITE MEDICAL CENTER - LAKEWAY,5.922,40,No Data,No Data,No Data,No Data,No Data,No Data,No Data,54,1 - MALE,C - POSSIBLE INJURY,0,1,"16 - PEDESTRIAN, PEDALCYCLIST, OR MOTORIZED CONVEYANCE"
20735571,Yes,HARRIS COUNTY CONSTABLE PRECINCT 2,2504-00030,HOUSTON,CHANGED LANE WHEN UNSAFE,HARRIS,2025-04-02,N - NOT INJURED,0,NO DATA,122 - HCA HOUSTON HEALTHCARE SOUTHEAST,5.409,,4 - CHANGED LANE WHEN UNSAFE,No Data,No Data,77087,77087,No,1FTEW1C83AFB05741,48,1 - MALE,N - NOT INJURED,0,1,1 - FRONT LEFT OR MOTORCYCLE DRIVER
20735571,Yes,HARRIS COUNTY CONSTABLE PRECINCT 2,2504-00030,HOUSTON,CHANGED LANE WHEN UNSAFE,HARRIS,2025-04-02,N - NOT INJURED,0,NO DATA,122 - HCA HOUSTON HEALTHCARE SOUTHEAST,5.409,,No Data,No Data,No Data,77089,77571,No,1G1ZD5ST0JF202148,21,1 - MALE,N - NOT INJURED,0,1,1 - FRONT LEFT OR MOTORCYCLE DRIVER
20735571,Yes,HARRIS COUNTY CONSTABLE PRECINCT 2,2504-00030,HOUSTON,CHANGED LANE WHEN UNSAFE,HARRIS,2025-04-02,N - NOT INJURED,0,NO DATA,122 - HCA HOUSTON HEALTHCARE SOUTHEAST,5.409,,No Data,No Data,No Data,77089,77571,No,1G1ZD5ST0JF202148,18,2 - FEMALE,N - NOT INJURED,0,2,3 - FRONT RIGHT
20735571,Yes,HARRIS COUNTY CONSTABLE PRECINCT 2,2504-00030,HOUSTON,CHANGED LANE WHEN UNSAFE,HARRIS,2025-04-02,N - NOT INJURED,0,NO DATA,122 - HCA HOUSTON HEALTHCARE SOUTHEAST,5.409,,No Data,No Data,No Data,77089,77571,No,1G1ZD5ST0JF202148,0,2 - FEMALE,N - NOT INJURED,0,3,99 - UNKNOWN
20735574,Yes,FORT BEND COUNTY SHERIFF'S OFFICE,25-13142,OUTSIDE CITY LIMITS,FAILED TO CONTROL SPEED,FORT BEND,2025-04-02,99 - UNKNOWN,0,NO DATA,No Data,No Data,03,22 - FAILED TO CONTROL SPEED,No Data,No Data,,No Data,Yes,No Data,No Data,99 - UNKNOWN,99 - UNKNOWN,0,1,1 - FRONT LEFT OR MOTORCYCLE DRIVER
20735580,Yes,MONTGOMERY COUNTY SHERIFF'S OFFICE,25A096830,OUTSIDE CITY LIMITS,FAILED TO CONTROL SPEED,MONTGOMERY,2025-04-02,N - NOT INJURED,0,NO DATA,253 - TEXAS CHILDRENS HOSPITAL THE WOODLANDS,5.285,,22 - FAILED TO CONTROL SPEED,No Data,No Data,77356,77356,No,1GCFG15X951260500,44,2 - FEMALE,N - NOT INJURED,0,1,1 - FRONT LEFT OR MOTORCYCLE DRIVER
20735580,Yes,MONTGOMERY COUNTY SHERIFF'S OFFICE,25A096830,OUTSIDE CITY LIMITS,FAILED TO CONTROL SPEED,MONTGOMERY,2025-04-02,N - NOT INJURED,0,NO DATA,253 - TEXAS CHILDRENS HOSPITAL THE WOODLANDS,5.285,,No Data,No Data,No Data,77384,77384,No,1GKS1BKD0MR171175,42,2 - FEMALE,N - NOT INJURED,0,1,1 - FRONT LEFT OR MOTORCYCLE DRIVER
20735581,Yes,MONTGOMERY COUNTY SHERIFF'S OFFICE,25A096899,OUTSIDE CITY LIMITS,FAILED TO YIELD RIGHT OF WAY - TURNING LEFT,MONTGOMERY,2025-04-02,C - POSSIBLE INJURY,0,NO DATA,253 - TEXAS CHILDRENS HOSPITAL THE WOODLANDS,6.747,,No Data,No Data,No Data,77354,77354,No,5XYK33DF3RG216321,25,2 - FEMALE,N - NOT INJURED,0,1,1 - FRONT LEFT OR MOTORCYCLE DRIVER
20735581,Yes,MONTGOMERY COUNTY SHERIFF'S OFFICE,25A096899,OUTSIDE CITY LIMITS,FAILED TO YIELD RIGHT OF WAY - TURNING LEFT,MONTGOMERY,2025-04-02,C - POSSIBLE INJURY,0,NO DATA,253 - TEXAS CHILDRENS HOSPITAL THE WOODLANDS,6.747,,37 - FAILED TO YIELD RIGHT OF WAY - TURNING LEFT,No Data,No Data,77316,77316,No,1GYEC63N26R127189,52,2 - FEMALE,C - POSSIBLE INJURY,0,1,1 - FRONT LEFT OR MOTORCYCLE DRIVER
20735592,Yes,ROWLETT POLICE DEPARTMENT,25016536,ROWLETT,FAILED TO CONTROL SPEED; HAD BEEN DRINKING,DALLAS,2025-04-02,C - POSSIBLE INJURY,0,NO DATA,19 - BAYLOR SCOTT & WHITE MEDICAL CENTER - LAKE POINTE,4.283,,45 - HAD BEEN DRINKING,22 - FAILED TO CONTROL SPEED,No Data,75216,75211,No,3N1AB7AP4FY227941,29,1 - MALE,N - NOT INJURED,0,1,1 - FRONT LEFT OR MOTORCYCLE DRIVER
20735592,Yes,ROWLETT POLICE DEPARTMENT,25016536,ROWLETT,FAILED TO CONTROL SPEED; HAD BEEN DRINKING,DALLAS,2025-04-02,C - POSSIBLE INJURY,0,NO DATA,19 - BAYLOR SCOTT & WHITE MEDICAL CENTER - LAKE POINTE,4.283,,No Data,No Data,No Data,75043,75043,No,19XFC2F81KE045324,19,1 - MALE,N - NOT INJURED,0,1,1 - FRONT LEFT OR MOTORCYCLE DRIVER
20735592,Yes,ROWLETT POLICE DEPARTMENT,25016536,ROWLETT,FAILED TO CONTROL SPEED; HAD BEEN DRINKING,DALLAS,2025-04-02,C - POSSIBLE INJURY,0,NO DATA,19 - BAYLOR SCOTT & WHITE MEDICAL CENTER - LAKE POINTE,4.283,,No Data,No Data,No Data,75043,75043,No,19XFC2F81KE045324,17,2 - FEMALE,N - NOT INJURED,0,2,3 - FRONT RIGHT
20735592,Yes,ROWLETT POLICE DEPARTMENT,25016536,ROWLETT,FAILED TO CONTROL SPEED; HAD BEEN DRINKING,DALLAS,2025-04-02,C - POSSIBLE INJURY,0,NO DATA,19 - BAYLOR SCOTT & WHITE MEDICAL CENTER - LAKE POINTE,4.283,,No Data,No Data,No Data,75043,75043,No,19XFC2F81KE045324,33,2 - FEMALE,C - POSSIBLE INJURY,0,3,4 - SECOND SEAT LEFT OR MOTORCYCLE BACK PASSENGER
20735592,Yes,ROWLETT POLICE DEPARTMENT,25016536,ROWLETT,FAILED TO CONTROL SPEED; HAD BEEN DRINKING,DALLAS,2025-04-02,C - POSSIBLE INJURY,0,NO DATA,19 - BAYLOR SCOTT & WHITE MEDICAL CENTER - LAKE POINTE,4.283,,No Data,No Data,No Data,75644,75684,No,4TAWN72N3VZ262249,42,1 - MALE,C - POSSIBLE INJURY,0,1,1 - FRONT LEFT OR MOTORCYCLE DRIVER
20735592,Yes,ROWLETT POLICE DEPARTMENT,25016536,ROWLETT,FAILED TO CONTROL SPEED; HAD BEEN DRINKING,DALLAS,2025-04-02,C - POSSIBLE INJURY,0,NO DATA,19 - BAYLOR SCOTT & WHITE MEDICAL CENTER - LAKE POINTE,4.283,,No Data,No Data,No Data,75644,75684,No,4TAWN72N3VZ262249,No Data,1 - MALE,N - NOT INJURED,0,2,3 - FRONT RIGHT
20735597,Yes,HARRIS COUNTY SHERIFF'S OFFICE,2504-00814,OUTSIDE CITY LIMITS,FAILED TO CONTROL SPEED,HARRIS,2025-04-02,N - NOT INJURED,0,NO DATA,165 - MEMORIAL HERMANN MEMORIAL CITY MEDICAL CENTER,9.384,PD,22 - FAILED TO CONTROL SPEED,No Data,No Data,77070,77498,No,KL4CJGSBXGB651811,17,2 - FEMALE,N - NOT INJURED,0,1,1 - FRONT LEFT OR MOTORCYCLE DRIVER
20735597,Yes,HARRIS COUNTY SHERIFF'S OFFICE,2504-00814,OUTSIDE CITY LIMITS,FAILED TO CONTROL SPEED,HARRIS,2025-04-02,N - NOT INJURED,0,NO DATA,165 - MEMORIAL HERMANN MEMORIAL CITY MEDICAL CENTER,9.384,PD,No Data,No Data,No Data,77064,77064,No,1G1BE5SM5G7250352,24,2 - FEMALE,N - NOT INJURED,0,1,1 - FRONT LEFT OR MOTORCYCLE DRIVER
20735597,Yes,HARRIS COUNTY SHERIFF'S OFFICE,2504-00814,OUTSIDE CITY LIMITS,FAILED TO CONTROL SPEED,HARRIS,2025-04-02,N - NOT INJURED,0,NO DATA,165 - MEMORIAL HERMANN MEMORIAL CITY MEDICAL CENTER,9.384,PD,No Data,No Data,No Data,77064,77064,No,1G1BE5SM5G7250352,No Data,2 - FEMALE,N - NOT INJURED,0,2,3 - FRONT RIGHT
20735622,No,SAN ANTONIO POLICE DEPARTMENT,219 E Houston St,SAN ANTONIO,OTHER (EXPLAIN IN NARRATIVE),BEXAR,2025-04-02,N - NOT INJURED,0,NO DATA,46 - CHRISTUS CHILDRENS HOSPITAL OF SAN ANTONIO,0.493,50,98 - OTHER (EXPLAIN IN NARRATIVE),No Data,No Data,,78248,Yes,4T1BK1FK5CU016317,No Data,99 - UNKNOWN,99 - UNKNOWN,0,1,1 - FRONT LEFT OR MOTORCYCLE DRIVER
20735622,No,SAN ANTONIO POLICE DEPARTMENT,219 E Houston St,SAN ANTONIO,OTHER (EXPLAIN IN NARRATIVE),BEXAR,2025-04-02,N - NOT INJURED,0,NO DATA,46 - CHRISTUS CHILDRENS HOSPITAL OF SAN ANTONIO,0.493,50,No Data,No Data,No Data,No Data,No Data,No Data,No Data,26,1 - MALE,N - NOT INJURED,0,1,"16 - PEDESTRIAN, PEDALCYCLIST, OR MOTORIZED CONVEYANCE"
20735639,Yes,LEWISVILLE POLICE DEPARTMENT,25-02595,LEWISVILLE,FAILED TO CONTROL SPEED,DENTON,2025-04-02,N - NOT INJURED,0,NO DATA,156 - MEDICAL CITY LEWISVILLE,1.251,,22 - FAILED TO CONTROL SPEED,No Data,No Data,,98009,Yes,2NP2HM6X6LM709156,No Data,99 - UNKNOWN,99 - UNKNOWN,0,1,1 - FRONT LEFT OR MOTORCYCLE DRIVER
20735639,Yes,LEWISVILLE POLICE DEPARTMENT,25-02595,LEWISVILLE,FAILED TO CONTROL SPEED,DENTON,2025-04-02,N - NOT INJURED,0,NO DATA,156 - MEDICAL CITY LEWISVILLE,1.251,,No Data,No Data,No Data,76210,76210,No,1FMCU0F73HUE57522,39,1 - MALE,N - NOT INJURED,0,1,1 - FRONT LEFT OR MOTORCYCLE DRIVER
20735641,Yes,SELMA POLICE DEPARTMENT,25-07661,SELMA,DRIVER INATTENTION,BEXAR,2025-04-02,N - NOT INJURED,0,NO DATA,202 - NORTHEAST METHODIST HOSPITAL,2.798,,20 - DRIVER INATTENTION,No Data,No Data,19090,75078,No,1NPXL49X1ND768544,39,1 - MALE,N - NOT INJURED,0,1,1 - FRONT LEFT OR MOTORCYCLE DRIVER
20735641,Yes,SELMA POLICE DEPARTMENT,25-07661,SELMA,DRIVER INATTENTION,BEXAR,2025-04-02,N - NOT INJURED,0,NO DATA,202 - NORTHEAST METHODIST HOSPITAL,2.798,,No Data,No Data,No Data,78249,78249,No,1FAHP3EN9BW202278,21,1 - MALE,N - NOT INJURED,0,1,1 - FRONT LEFT OR MOTORCYCLE DRIVER
20735641,Yes,SELMA POLICE DEPARTMENT,25-07661,SELMA,DRIVER INATTENTION,BEXAR,2025-04-02,N - NOT INJURED,0,NO DATA,202 - NORTHEAST METHODIST HOSPITAL,2.798,,No Data,No Data,No Data,78109,78415,No,1C6RR6KG3ES228619,31,1 - MALE,N - NOT INJURED,0,1,1 - FRONT LEFT OR MOTORCYCLE DRIVER
20735642,Yes,LEWISVILLE POLICE DEPARTMENT,25-02604,LEWISVILLE,FAILED TO CONTROL SPEED; FAILED TO STOP FOR TRAIN,DENTON,2025-04-02,N - NOT INJURED,0,NO DATA,156 - MEDICAL CITY LEWISVILLE,1.369,,22 - FAILED TO CONTROL SPEED,31 - FAILED TO STOP FOR TRAIN,No Data,76207,75022,No,1C4NJPFA5GD726872,25,1 - MALE,N - NOT INJURED,0,1,1 - FRONT LEFT OR MOTORCYCLE DRIVER
20735643,Yes,LEWISVILLE POLICE DEPARTMENT,25-02608,LEWISVILLE,FAILED TO YIELD RIGHT OF WAY - TURNING LEFT,DENTON,2025-04-02,B - SUSPECTED MINOR INJURY,0,NO DATA,156 - MEDICAL CITY LEWISVILLE,3.492,,37 - FAILED TO YIELD RIGHT OF WAY - TURNING LEFT,No Data,No Data,75056,75056,No,1C3CCBBG1DN569124,17,1 - MALE,N - NOT INJURED,0,1,1 - FRONT LEFT OR MOTORCYCLE DRIVER
20735643,Yes,LEWISVILLE POLICE DEPARTMENT,25-02608,LEWISVILLE,FAILED TO YIELD RIGHT OF WAY - TURNING LEFT,DENTON,2025-04-02,B - SUSPECTED MINOR INJURY,0,NO DATA,156 - MEDICAL CITY LEWISVILLE,3.492,,No Data,No Data,No Data,75067,75067,No,JTDKB20U973237838,68,1 - MALE,B - SUSPECTED MINOR INJURY,1,1,1 - FRONT LEFT OR MOTORCYCLE DRIVER
20735650,Yes,ALVIN POLICE DEPARTMENT,ALPD2500832,ALVIN,FAILED TO YIELD RIGHT OF WAY - TO PEDESTRIAN;PEDESTRIAN FAILED TO YIELD RIGHT OF WAY TO VEHICLE,BRAZORIA,2025-04-02,C - POSSIBLE INJURY,0,NO DATA,289 - UTMB HEALTH LEAGUE CITY CAMPUS,10.137,,36 - FAILED TO YIELD RIGHT OF WAY - TO PEDESTRIAN,No Data,No Data,77511,77511,No,1FTFW1CF8CFC48366,16,1 - MALE,N - NOT INJURED,0,1,1 - FRONT LEFT OR MOTORCYCLE DRIVER
20735650,Yes,ALVIN POLICE DEPARTMENT,ALPD2500832,ALVIN,FAILED TO YIELD RIGHT OF WAY - TO PEDESTRIAN;PEDESTRIAN FAILED TO YIELD RIGHT OF WAY TO VEHICLE,BRAZORIA,2025-04-02,C - POSSIBLE INJURY,0,NO DATA,289 - UTMB HEALTH LEAGUE CITY CAMPUS,10.137,,59 - PEDESTRIAN FAILED TO YIELD RIGHT OF WAY TO VEHICLE,No Data,No Data,No Data,No Data,No Data,No Data,15,2 - FEMALE,C - POSSIBLE INJURY,0,1,"16 - PEDESTRIAN, PEDALCYCLIST, OR MOTORIZED CONVEYANCE"
20735655,Yes,BROWNWOOD POLICE DEPARTMENT,25-010180,BROWNWOOD,PEDESTRIAN FAILED TO YIELD RIGHT OF WAY TO VEHICLE,BROWN,2025-04-02,B - SUSPECTED MINOR INJURY,0,NO DATA,128 - HENDRICK MEDICAL CENTER BROWNWOOD,2.247,,No Data,No Data,No Data,76801,76801,No,1C6RD7GT3CS163018,59,1 - MALE,N - NOT INJURED,0,1,1 - FRONT LEFT OR MOTORCYCLE DRIVER
20735655,Yes,BROWNWOOD POLICE DEPARTMENT,25-010180,BROWNWOOD,PEDESTRIAN FAILED TO YIELD RIGHT OF WAY TO VEHICLE,BROWN,2025-04-02,B - SUSPECTED MINOR INJURY,0,NO DATA,128 - HENDRICK MEDICAL CENTER BROWNWOOD,2.247,,59 - PEDESTRIAN FAILED TO YIELD RIGHT OF WAY TO VEHICLE,No Data,No Data,No Data,No Data,No Data,No Data,34,1 - MALE,B - SUSPECTED MINOR INJURY,1,1,"16 - PEDESTRIAN, PEDALCYCLIST, OR MOTORIZED CONVEYANCE"
20735657,Yes,LAREDO POLICE DEPARTMENT,2025-00052440,LAREDO,NONE,WEBB,2025-04-02,N - NOT INJURED,0,NO DATA,141 - LAREDO MEDICAL CENTER,1.118,,No Data,No Data,No Data,78045,78045,No,1GCDS136X58138915,65,1 - MALE,N - NOT INJURED,0,1,1 - FRONT LEFT OR MOTORCYCLE DRIVER
20735657,Yes,LAREDO POLICE DEPARTMENT,2025-00052440,LAREDO,NONE,WEBB,2025-04-02,N - NOT INJURED,0,NO DATA,141 - LAREDO MEDICAL CENTER,1.118,,No Data,No Data,No Data,78043,77845,No,KM8HC3AB5RU109650,64,2 - FEMALE,N - NOT INJURED,0,1,1 - FRONT LEFT OR MOTORCYCLE DRIVER
20735657,Yes,LAREDO POLICE DEPARTMENT,2025-00052440,LAREDO,NONE,WEBB,2025-04-02,N - NOT INJURED,0,NO DATA,141 - LAREDO MEDICAL CENTER,1.118,,No Data,No Data,No Data,78043,77845,No,KM8HC3AB5RU109650,13,2 - FEMALE,N - NOT INJURED,0,2,3 - FRONT RIGHT
20735667,Yes,PFLUGERVILLE POLICE DEPARTMENT,25040331,PFLUGERVILLE,FAILED TO CONTROL SPEED; FAILED TO DRIVE IN SINGLE LANE; WRONG SIDE - NOT PASSING,TRAVIS,2025-04-02,C - POSSIBLE INJURY,0,NO DATA,195 - NORTH AUSTIN MEDICAL CENTER,7.888,,22 - FAILED TO CONTROL SPEED,70 - WRONG SIDE - NOT PASSING,23 - FAILED TO DRIVE IN SINGLE LANE,78653,75098,No,3MZBM1N72GM307392,27,1 - MALE,C - POSSIBLE INJURY,0,1,1 - FRONT LEFT OR MOTORCYCLE DRIVER
20735667,Yes,PFLUGERVILLE POLICE DEPARTMENT,25040331,PFLUGERVILLE,FAILED TO CONTROL SPEED; FAILED TO DRIVE IN SINGLE LANE; WRONG SIDE - NOT PASSING,TRAVIS,2025-04-02,C - POSSIBLE INJURY,0,NO DATA,195 - NORTH AUSTIN MEDICAL CENTER,7.888,,No Data,No Data,No Data,78753,78653,No,1FMCU0GX4FUC61519,47,2 - FEMALE,N - NOT INJURED,0,1,1 - FRONT LEFT OR MOTORCYCLE DRIVER
20735667,Yes,PFLUGERVILLE POLICE DEPARTMENT,25040331,PFLUGERVILLE,FAILED TO CONTROL SPEED; FAILED TO DRIVE IN SINGLE LANE; WRONG SIDE - NOT PASSING,TRAVIS,2025-04-02,C - POSSIBLE INJURY,0,NO DATA,195 - NORTH AUSTIN MEDICAL CENTER,7.888,,No Data,No Data,No Data,78753,78653,No,1FMCU0GX4FUC61519,17,2 - FEMALE,N - NOT INJURED,0,2,3 - FRONT RIGHT
20735673,Yes,DESOTO POLICE DEPARTMENT,DE2504055,DESOTO,DRIVER INATTENTION,DALLAS,2025-04-02,C - POSSIBLE INJURY,0,NO DATA,177 - METHODIST CHARLTON MEDICAL CENTER,4.479,,No Data,No Data,No Data,75038,75038,No,1FTEW1CP8LKE60504,28,1 - MALE,C - POSSIBLE INJURY,0,1,1 - FRONT LEFT OR MOTORCYCLE DRIVER
20735673,Yes,DESOTO POLICE DEPARTMENT,DE2504055,DESOTO,DRIVER INATTENTION,DALLAS,2025-04-02,C - POSSIBLE INJURY,0,NO DATA,177 - METHODIST CHARLTON MEDICAL CENTER,4.479,,No Data,No Data,No Data,75152,76088,No,1GB2WLE74PF148436,35,1 - MALE,N - NOT INJURED,0,1,1 - FRONT LEFT OR MOTORCYCLE DRIVER
20735679,No,CROWLEY POLICE DEPARTMENT,2500008990,CROWLEY,DRIVER INATTENTION,TARRANT,2025-04-02,N - NOT INJURED,0,NO DATA,259 - TEXAS HEALTH HUGULEY HOSPITAL,2.983,,20 - DRIVER INATTENTION,No Data,No Data,76036,76036,No,2GCEC19J481224161,35,1 - MALE,N - NOT INJURED,0,1,1 - FRONT LEFT OR MOTORCYCLE DRIVER
20735680,Yes,CROWLEY POLICE DEPARTMENT,2500008982,CROWLEY,DRIVER INATTENTION;FAILED TO YIELD RIGHT OF WAY - STOP SIGN,TARRANT,2025-04-02,B - SUSPECTED MINOR INJURY,0,NO DATA,259 - TEXAS HEALTH HUGULEY HOSPITAL,1.164,,35 - FAILED TO YIELD RIGHT OF WAY - STOP SIGN,20 - DRIVER INATTENTION,No Data,,No Data,Yes,No Data,No Data,99 - UNKNOWN,99 - UNKNOWN,0,1,1 - FRONT LEFT OR MOTORCYCLE DRIVER
20735680,Yes,CROWLEY POLICE DEPARTMENT,2500008982,CROWLEY,DRIVER INATTENTION;FAILED TO YIELD RIGHT OF WAY - STOP SIGN,TARRANT,2025-04-02,B - SUSPECTED MINOR INJURY,0,NO DATA,259 - TEXAS HEALTH HUGULEY HOSPITAL,1.164,,No Data,No Data,No Data,76036,76036,No,JKAENEC18MDA03989,27,1 - MALE,B - SUSPECTED MINOR INJURY,1,1,1 - FRONT LEFT OR MOTORCYCLE DRIVER
20735680,Yes,CROWLEY POLICE DEPARTMENT,2500008982,CROWLEY,DRIVER INATTENTION;FAILED TO YIELD RIGHT OF WAY - STOP SIGN,TARRANT,2025-04-02,B - SUSPECTED MINOR INJURY,0,NO DATA,259 - TEXAS HEALTH HUGULEY HOSPITAL,1.164,,No Data,No Data,No Data,,No Data,Yes,No Data,No Data,99 - UNKNOWN,99 - UNKNOWN,0,1,1 - FRONT LEFT OR MOTORCYCLE DRIVER
20735688,Yes,ALLEN POLICE DEPARTMENT,2025-01881,ALLEN,FAILED TO CONTROL SPEED,COLLIN,2025-04-02,N - NOT INJURED,0,NO DATA,157 - MEDICAL CITY MCKINNEY,5.379,,22 - FAILED TO CONTROL SPEED,No Data,No Data,75002,75002,No,3N1AB7AP7HL638511,15,1 - MALE,N - NOT INJURED,0,1,1 - FRONT LEFT OR MOTORCYCLE DRIVER
20735688,Yes,ALLEN POLICE DEPARTMENT,2025-01881,ALLEN,FAILED TO CONTROL SPEED,COLLIN,2025-04-02,N - NOT INJURED,0,NO DATA,157 - MEDICAL CITY MCKINNEY,5.379,,22 - FAILED TO CONTROL SPEED,No Data,No Data,75002,75002,No,3N1AB7AP7HL638511,14,1 - MALE,N - NOT INJURED,0,2,3 - FRONT RIGHT
20735688,Yes,ALLEN POLICE DEPARTMENT,2025-01881,ALLEN,FAILED TO CONTROL SPEED,COLLIN,2025-04-02,N - NOT INJURED,0,NO DATA,157 - MEDICAL CITY MCKINNEY,5.379,,No Data,No Data,No Data,No Data,75002,No,5N1AT2MT2GC811573,64,1 - MALE,N - NOT INJURED,0,1,1 - FRONT LEFT OR MOTORCYCLE DRIVER
20735691,Yes,HUTTO POLICE DEPARTMENT,2025099062,HUTTO,DISTRACTION IN VEHICLE,WILLIAMSON,2025-04-02,B - SUSPECTED MINOR INJURY,0,NO DATA,13 - ASCENSION SETON WILLIAMSON,6.989,,19 - DISTRACTION IN VEHICLE,No Data,No Data,78634,78634,No,5XXG64J28MG059726,18,2 - FEMALE,N - NOT INJURED,0,1,1 - FRONT LEFT OR MOTORCYCLE DRIVER
20735691,Yes,HUTTO POLICE DEPARTMENT,2025099062,HUTTO,DISTRACTION IN VEHICLE,WILLIAMSON,2025-04-02,B - SUSPECTED MINOR INJURY,0,NO DATA,13 - ASCENSION SETON WILLIAMSON,6.989,,19 - DISTRACTION IN VEHICLE,No Data,No Data,78634,78634,No,5XXG64J28MG059726,18,2 - FEMALE,B - SUSPECTED MINOR INJURY,1,2,3 - FRONT RIGHT
20735691,Yes,HUTTO POLICE DEPARTMENT,2025099062,HUTTO,DISTRACTION IN VEHICLE,WILLIAMSON,2025-04-02,B - SUSPECTED MINOR INJURY,0,NO DATA,13 - ASCENSION SETON WILLIAMSON,6.989,,No Data,No Data,No Data,78634,78634,No,3KPF24AD6LE222793,18,1 - MALE,N - NOT INJURED,0,1,1 - FRONT LEFT OR MOTORCYCLE DRIVER
20735691,Yes,HUTTO POLICE DEPARTMENT,2025099062,HUTTO,DISTRACTION IN VEHICLE,WILLIAMSON,2025-04-02,B - SUSPECTED MINOR INJURY,0,NO DATA,13 - ASCENSION SETON WILLIAMSON,6.989,,No Data,No Data,No Data,78634,78634,No,3KPF24AD6LE222793,17,2 - FEMALE,N - NOT INJURED,0,2,3 - FRONT RIGHT
20735694,Yes,FORT WORTH POLICE DEPARTMENT,250023398,FORT WORTH,OTHER (EXPLAIN IN NARRATIVE),TARRANT,2025-04-02,C - POSSIBLE INJURY,0,NO DATA,136 - JOHN PETER SMITH HOSPITAL,5.712,ST,98 - OTHER (EXPLAIN IN NARRATIVE),No Data,No Data,76244,76140,No,2GTEC19K9P1515553,22,1 - MALE,N - NOT INJURED,0,1,1 - FRONT LEFT OR MOTORCYCLE DRIVER
20735694,Yes,FORT WORTH POLICE DEPARTMENT,250023398,FORT WORTH,OTHER (EXPLAIN IN NARRATIVE),TARRANT,2025-04-02,C - POSSIBLE INJURY,0,NO DATA,136 - JOHN PETER SMITH HOSPITAL,5.712,ST,98 - OTHER (EXPLAIN IN NARRATIVE),No Data,No Data,76063,76063,No,JN8AY2DA4N9391365,42,1 - MALE,C - POSSIBLE INJURY,0,1,1 - FRONT LEFT OR MOTORCYCLE DRIVER
20735699,Yes,SAN ANTONIO POLICE DEPARTMENT,SAPD25065476,SAN ANTONIO,BACKED WITHOUT SAFETY,BEXAR,2025-04-02,99 - UNKNOWN,0,NO DATA,238 - ST. LUKES BAPTIST HOSPITAL,3.972,30,3 - BACKED WITHOUT SAFETY,No Data,No Data,,No Data,Yes,UNKNOWN,No Data,99 - UNKNOWN,99 - UNKNOWN,0,1,1 - FRONT LEFT OR MOTORCYCLE DRIVER
20735702,Yes,HARRIS COUNTY CONSTABLE PRECINCT 4,2504-00294,OUTSIDE CITY LIMITS,DISREGARD STOP SIGN OR LIGHT,HARRIS,2025-04-02,B - SUSPECTED MINOR INJURY,0,NO DATA,120 - HCA HOUSTON HEALTHCARE NORTHWEST,6.496,,16 - DISREGARD STOP SIGN OR LIGHT,No Data,No Data,77041,77041,No,1HGCP2F49AA021246,19,1 - MALE,B - SUSPECTED MINOR INJURY,1,1,1 - FRONT LEFT OR MOTORCYCLE DRIVER
20735702,Yes,HARRIS COUNTY CONSTABLE PRECINCT 4,2504-00294,OUTSIDE CITY LIMITS,DISREGARD STOP SIGN OR LIGHT,HARRIS,2025-04-02,B - SUSPECTED MINOR INJURY,0,NO DATA,120 - HCA HOUSTON HEALTHCARE NORTHWEST,6.496,,No Data,No Data,No Data,77336,77336,No,No Data,44,1 - MALE,B - SUSPECTED MINOR INJURY,1,1,1 - FRONT LEFT OR MOTORCYCLE DRIVER
20735704,Yes,SPRING VALLEY VILLAGE POLICE DEPARTMENT,2515510,SPRING VALLEY (HARRIS),DRIVER INATTENTION,HARRIS,2025-04-02,N - NOT INJURED,0,NO DATA,165 - MEMORIAL HERMANN MEMORIAL CITY MEDICAL CENTER,2.823,,20 - DRIVER INATTENTION,No Data,No Data,77055,77055,No,3FMCR9C61MRA91126,17,2 - FEMALE,N - NOT INJURED,0,1,1 - FRONT LEFT OR MOTORCYCLE DRIVER
20735704,Yes,SPRING VALLEY VILLAGE POLICE DEPARTMENT,2515510,SPRING VALLEY (HARRIS),DRIVER INATTENTION,HARRIS,2025-04-02,N - NOT INJURED,0,NO DATA,165 - MEMORIAL HERMANN MEMORIAL CITY MEDICAL CENTER,2.823,,No Data,No Data,No Data,77067,77067,No,3N1AB7AP0EY294213,28,2 - FEMALE,N - NOT INJURED,0,1,1 - FRONT LEFT OR MOTORCYCLE DRIVER
20735709,Yes,SAN ANTONIO POLICE DEPARTMENT,SAPD25065041,SAN ANTONIO,DISREGARD STOP AND GO SIGNAL,BEXAR,2025-04-02,C - POSSIBLE INJURY,0,NO DATA,182 - METROPOLITAN METHODIST HOSPITAL,0.186,08,15 - DISREGARD STOP AND GO SIGNAL,No Data,No Data,78728,44143,No,3CZRZ1H58PM713099,38,1 - MALE,C - POSSIBLE INJURY,0,1,1 - FRONT LEFT OR MOTORCYCLE DRIVER
20735709,Yes,SAN ANTONIO POLICE DEPARTMENT,SAPD25065041,SAN ANTONIO,DISREGARD STOP AND GO SIGNAL,BEXAR,2025-04-02,C - POSSIBLE INJURY,0,NO DATA,182 - METROPOLITAN METHODIST HOSPITAL,0.186,08,No Data,No Data,No Data,78221,78221,No,ML32FVFJ5MHF05551,41,2 - FEMALE,C - POSSIBLE INJURY,0,1,1 - FRONT LEFT OR MOTORCYCLE DRIVER
20735711,Yes,SAN ANTONIO POLICE DEPARTMENT,SAPD25064868,SAN ANTONIO,BACKED WITHOUT SAFETY,BEXAR,2025-04-02,N - NOT INJURED,0,NO DATA,No Data,No Data,08,3 - BACKED WITHOUT SAFETY,No Data,No Data,78221,78237,No,3HCEUTAN6LL857875,21,1 - MALE,N - NOT INJURED,0,1,1 - FRONT LEFT OR MOTORCYCLE DRIVER
20735715,Yes,"DEPARTMENT OF PUBLIC SAFETY, STATE OF TEXAS",25-511542,OUTSIDE CITY LIMITS,FAILED TO DRIVE IN SINGLE LANE; FAULTY EVASIVE ACTION,CHILDRESS,2025-04-02,N - NOT INJURED,0,NO DATA,47 - CHILDRESS REGIONAL MEDICAL CENTER,3.172,5B,No Data,No Data,No Data,75033,46323,No,1FUJHTDV1LLLZ9100,63,1 - MALE,N - NOT INJURED,0,1,1 - FRONT LEFT OR MOTORCYCLE DRIVER
20735716,Yes,SUGAR LAND POLICE DEPARTMENT,25-02369,SUGAR LAND,CHANGED LANE WHEN UNSAFE; FAILED TO CONTROL SPEED,FORT BEND,2025-04-02,B - SUSPECTED MINOR INJURY,0,NO DATA,180 - MEMORIAL HERMANN SUGAR LAND HOSPITAL,0.219,,No Data,No Data,No Data,77479,77479,No,1G1ZD5ST0JF194939,24,2 - FEMALE,B - SUSPECTED MINOR INJURY,1,1,1 - FRONT LEFT OR MOTORCYCLE DRIVER
20735716,Yes,SUGAR LAND POLICE DEPARTMENT,25-02369,SUGAR LAND,CHANGED LANE WHEN UNSAFE; FAILED TO CONTROL SPEED,FORT BEND,2025-04-02,B - SUSPECTED MINOR INJURY,0,NO DATA,180 - MEMORIAL HERMANN SUGAR LAND HOSPITAL,0.219,,No Data,No Data,No Data,77583,77583,No,1FTER4FH6LLA44958,57,1 - MALE,N - NOT INJURED,0,1,1 - FRONT LEFT OR MOTORCYCLE DRIVER
20735723,Yes,CELINA POLICE DEPARTMENT,25071006,CELINA,DRIVER INATTENTION,COLLIN,2025-04-02,N - NOT INJURED,0,NO DATA,No Data,No Data,,20 - DRIVER INATTENTION,No Data,No Data,75224,75224,No,JTEZU5JR8J5181144,43,1 - MALE,N - NOT INJURED,0,1,1 - FRONT LEFT OR MOTORCYCLE DRIVER
20735723,Yes,CELINA POLICE DEPARTMENT,25071006,CELINA,DRIVER INATTENTION,COLLIN,2025-04-02,N - NOT INJURED,0,NO DATA,No Data,No Data,,No Data,No Data,No Data,75233,75233,No,2C3CDYBT3EH177253,43,1 - MALE,N - NOT INJURED,0,1,1 - FRONT LEFT OR MOTORCYCLE DRIVER
20735729,Yes,SOURLAKE POLICE DEPARTMENT,SLA-25-04-009,SOUR LAKE,DRIVER INATTENTION; FAILED TO CONTROL SPEED,HARDIN,2025-04-02,N - NOT INJURED,0,NO DATA,58 - CHRISTUS SOUTHEAST TEXAS - ST. ELIZABETH,16.624,0,22 - FAILED TO CONTROL SPEED,No Data,No Data,77713,77713,No,1GCDC14K7JZ181847,16,1 - MALE,N - NOT INJURED,0,1,1 - FRONT LEFT OR MOTORCYCLE DRIVER
20735729,Yes,SOURLAKE POLICE DEPARTMENT,SLA-25-04-009,SOUR LAKE,DRIVER INATTENTION; FAILED TO CONTROL SPEED,HARDIN,2025-04-02,N - NOT INJURED,0,NO DATA,58 - CHRISTUS SOUTHEAST TEXAS - ST. ELIZABETH,16.624,0,No Data,No Data,No Data,77713,77713,No,JM3KFADM4M1390246,17,2 - FEMALE,N - NOT INJURED,0,1,1 - FRONT LEFT OR MOTORCYCLE DRIVER
20735732,Yes,SAN ANTONIO POLICE DEPARTMENT,SAPD25064878,SAN ANTONIO,FAULTY EVASIVE ACTION,BEXAR,2025-04-02,N - NOT INJURED,0,NO DATA,179 - METHODIST HOSPITAL - STONE OAK,0.567,30,No Data,No Data,No Data,78260,78247,No,1C4BJWDG7JL895311,18,1 - MALE,N - NOT INJURED,0,1,1 - FRONT LEFT OR MOTORCYCLE DRIVER
20735732,Yes,SAN ANTONIO POLICE DEPARTMENT,SAPD25064878,SAN ANTONIO,FAULTY EVASIVE ACTION,BEXAR,2025-04-02,N - NOT INJURED,0,NO DATA,179 - METHODIST HOSPITAL - STONE OAK,0.567,30,41 - FAULTY EVASIVE ACTION,No Data,No Data,78260,78260,No,1FTEW1E42KFB70513,20,1 - MALE,N - NOT INJURED,0,1,1 - FRONT LEFT OR MOTORCYCLE DRIVER
20735736,Yes,DALLAS POLICE DEPARTMENT,45957-2025,DALLAS,FOLLOWED TOO CLOSELY,DALLAS,2025-04-02,N - NOT INJURED,0,NO DATA,26 - BAYLOR UNIVERSITY MEDICAL CENTER,2.495,,44 - FOLLOWED TOO CLOSELY,No Data,No Data,75238,75228,No,1N4AL3AP5EN350331,37,1 - MALE,N - NOT INJURED,0,1,1 - FRONT LEFT OR MOTORCYCLE DRIVER
20735736,Yes,DALLAS POLICE DEPARTMENT,45957-2025,DALLAS,FOLLOWED TOO CLOSELY,DALLAS,2025-04-02,N - NOT INJURED,0,NO DATA,26 - BAYLOR UNIVERSITY MEDICAL CENTER,2.495,,No Data,No Data,No Data,75778,75778,No,KMHLS4AG5PU504486,21,2 - FEMALE,N - NOT INJURED,0,1,1 - FRONT LEFT OR MOTORCYCLE DRIVER
20735736,Yes,DALLAS POLICE DEPARTMENT,45957-2025,DALLAS,FOLLOWED TOO CLOSELY,DALLAS,2025-04-02,N - NOT INJURED,0,NO DATA,26 - BAYLOR UNIVERSITY MEDICAL CENTER,2.495,,No Data,No Data,No Data,75778,75778,No,KMHLS4AG5PU504486,20,1 - MALE,N - NOT INJURED,0,2,3 - FRONT RIGHT
20735743,Yes,DALLAS POLICE DEPARTMENT,45906-2025,DALLAS,FAILED TO DRIVE IN SINGLE LANE;CELL/MOBILE DEVICE USE - OTHER,DALLAS,2025-04-02,N - NOT INJURED,0,NO DATA,85 - DALLAS REGIONAL MEDICAL CENTER,4.866,,23 - FAILED TO DRIVE IN SINGLE LANE,76 - CELL/MOBILE DEVICE USE - OTHER,No Data,75227,75227,No,1N4AL2AP7CN459350,30,2 - FEMALE,N - NOT INJURED,0,1,1 - FRONT LEFT OR MOTORCYCLE DRIVER
20735743,Yes,DALLAS POLICE DEPARTMENT,45906-2025,DALLAS,FAILED TO DRIVE IN SINGLE LANE;CELL/MOBILE DEVICE USE - OTHER,DALLAS,2025-04-02,N - NOT INJURED,0,NO DATA,85 - DALLAS REGIONAL MEDICAL CENTER,4.866,,23 - FAILED TO DRIVE IN SINGLE LANE,76 - CELL/MOBILE DEVICE USE - OTHER,No Data,75227,75227,No,1N4AL2AP7CN459350,14,2 - FEMALE,N - NOT INJURED,0,2,3 - FRONT RIGHT
20735743,Yes,DALLAS POLICE DEPARTMENT,45906-2025,DALLAS,FAILED TO DRIVE IN SINGLE LANE;CELL/MOBILE DEVICE USE - OTHER,DALLAS,2025-04-02,N - NOT INJURED,0,NO DATA,85 - DALLAS REGIONAL MEDICAL CENTER,4.866,,23 - FAILED TO DRIVE IN SINGLE LANE,76 - CELL/MOBILE DEVICE USE - OTHER,No Data,75227,75227,No,1N4AL2AP7CN459350,12,2 - FEMALE,N - NOT INJURED,0,3,4 - SECOND SEAT LEFT OR MOTORCYCLE BACK PASSENGER
20735743,Yes,DALLAS POLICE DEPARTMENT,45906-2025,DALLAS,FAILED TO DRIVE IN SINGLE LANE;CELL/MOBILE DEVICE USE - OTHER,DALLAS,2025-04-02,N - NOT INJURED,0,NO DATA,85 - DALLAS REGIONAL MEDICAL CENTER,4.866,,23 - FAILED TO DRIVE IN SINGLE LANE,76 - CELL/MOBILE DEVICE USE - OTHER,No Data,75227,75227,No,1N4AL2AP7CN459350,3,2 - FEMALE,N - NOT INJURED,0,4,6 - SECOND SEAT RIGHT
20735743,Yes,DALLAS POLICE DEPARTMENT,45906-2025,DALLAS,FAILED TO DRIVE IN SINGLE LANE;CELL/MOBILE DEVICE USE - OTHER,DALLAS,2025-04-02,N - NOT INJURED,0,NO DATA,85 - DALLAS REGIONAL MEDICAL CENTER,4.866,,No Data,No Data,No Data,75228,74134,No,3C6UR5DL4RG244694,35,1 - MALE,N - NOT INJURED,0,1,1 - FRONT LEFT OR MOTORCYCLE DRIVER
20735745,Yes,HALTOM CITY POLICE DEPARTMENT,25H10837,HALTOM CITY,FAILED TO PASS TO RIGHT SAFELY,TARRANT,2025-04-02,N - NOT INJURED,0,NO DATA,78 - COOK CHILDRENS MEDICAL CENTER,4.296,,No Data,No Data,No Data,76148,76148,No,1GC4YPEY3NF111454,57,1 - MALE,N - NOT INJURED,0,1,1 - FRONT LEFT OR MOTORCYCLE DRIVER
20735745,Yes,HALTOM CITY POLICE DEPARTMENT,25H10837,HALTOM CITY,FAILED TO PASS TO RIGHT SAFELY,TARRANT,2025-04-02,N - NOT INJURED,0,NO DATA,78 - COOK CHILDRENS MEDICAL CENTER,4.296,,No Data,No Data,No Data,75051,75051,No,1FT7X2B69FEC00944,40,1 - MALE,N - NOT INJURED,0,1,1 - FRONT LEFT OR MOTORCYCLE DRIVER
20735749,Yes,HALTOM CITY POLICE DEPARTMENT,25H10838,HALTOM CITY,FAILED TO YIELD RIGHT OF WAY - STOP SIGN,TARRANT,2025-04-02,N - NOT INJURED,0,NO DATA,78 - COOK CHILDRENS MEDICAL CENTER,4.397,,35 - FAILED TO YIELD RIGHT OF WAY - STOP SIGN,No Data,No Data,76240,76240,No,1HGCR2F8XGA028387,53,1 - MALE,N - NOT INJURED,0,1,1 - FRONT LEFT OR MOTORCYCLE DRIVER
20735749,Yes,HALTOM CITY POLICE DEPARTMENT,25H10838,HALTOM CITY,FAILED TO YIELD RIGHT OF WAY - STOP SIGN,TARRANT,2025-04-02,N - NOT INJURED,0,NO DATA,78 - COOK CHILDRENS MEDICAL CENTER,4.397,,No Data,No Data,No Data,76117,76117,No,5N1AT2MT1HC756258,38,1 - MALE,N - NOT INJURED,0,1,1 - FRONT LEFT OR MOTORCYCLE DRIVER
20735755,Yes,DALLAS POLICE DEPARTMENT,45951-2025,DALLAS,FAILED TO CONTROL SPEED,DALLAS,2025-04-02,N - NOT INJURED,0,NO DATA,41 - CHILDRENS MEDICAL CENTER OF DALLAS,1.915,,22 - FAILED TO CONTROL SPEED,No Data,No Data,,,Yes,KNDJ23AUXL7122071,No Data,99 - UNKNOWN,99 - UNKNOWN,0,1,1 - FRONT LEFT OR MOTORCYCLE DRIVER
20735755,Yes,DALLAS POLICE DEPARTMENT,45951-2025,DALLAS,FAILED TO CONTROL SPEED,DALLAS,2025-04-02,N - NOT INJURED,0,NO DATA,41 - CHILDRENS MEDICAL CENTER OF DALLAS,1.915,,No Data,No Data,No Data,75116,75116,No,5YJYGAEE8MF260971,44,1 - MALE,N - NOT INJURED,0,1,1 - FRONT LEFT OR MOTORCYCLE DRIVER
20735758,Yes,"DEPARTMENT OF PUBLIC SAFETY, STATE OF TEXAS",TX 25-512100,OUTSIDE CITY LIMITS,FAILED TO DRIVE IN SINGLE LANE; FAULTY EVASIVE ACTION; HAD BEEN DRINKING,POTTER,2025-04-02,99 - UNKNOWN,0,NO DATA,200 - NORTHWEST TEXAS HOSPITAL,20.882,5B,23 - FAILED TO DRIVE IN SINGLE LANE,41 - FAULTY EVASIVE ACTION,No Data,,79118,Yes,3GNFK16Z74G292710,No Data,99 - UNKNOWN,99 - UNKNOWN,0,1,1 - FRONT LEFT OR MOTORCYCLE DRIVER
20735759,Yes,SAN ANTONIO POLICE DEPARTMENT,SAPD25064916,SAN ANTONIO,OTHER (EXPLAIN IN NARRATIVE),BEXAR,2025-04-02,N - NOT INJURED,0,NO DATA,176 - METHODIST HOSPITAL,0.186,20,98 - OTHER (EXPLAIN IN NARRATIVE),No Data,No Data,,No Data,Yes,No Data,No Data,99 - UNKNOWN,99 - UNKNOWN,0,1,1 - FRONT LEFT OR MOTORCYCLE DRIVER
20735759,Yes,SAN ANTONIO POLICE DEPARTMENT,SAPD25064916,SAN ANTONIO,OTHER (EXPLAIN IN NARRATIVE),BEXAR,2025-04-02,N - NOT INJURED,0,NO DATA,176 - METHODIST HOSPITAL,0.186,20,No Data,No Data,No Data,78213,78213,No,1N4BL4BV9RN379585,67,1 - MALE,N - NOT INJURED,0,1,1 - FRONT LEFT OR MOTORCYCLE DRIVER
20735760,Yes,CELINA POLICE DEPARTMENT,25071191,CELINA,DRIVER INATTENTION; FOLLOWED TOO CLOSELY,COLLIN,2025-04-02,C - POSSIBLE INJURY,0,NO DATA,22 - BAYLOR SCOTT & WHITE MEDICAL CENTER - MCKINNEY,7.748,,44 - FOLLOWED TOO CLOSELY,20 - DRIVER INATTENTION,No Data,75009,75009,No,2HKRS3H23PH308513,35,2 - FEMALE,C - POSSIBLE INJURY,0,1,1 - FRONT LEFT OR MOTORCYCLE DRIVER
20735760,Yes,CELINA POLICE DEPARTMENT,25071191,CELINA,DRIVER INATTENTION; FOLLOWED TOO CLOSELY,COLLIN,2025-04-02,C - POSSIBLE INJURY,0,NO DATA,22 - BAYLOR SCOTT & WHITE MEDICAL CENTER - MCKINNEY,7.748,,No Data,No Data,No Data,75009,75009,No,1GYEC63T22R104214,18,1 - MALE,N - NOT INJURED,0,1,1 - FRONT LEFT OR MOTORCYCLE DRIVER
20735760,Yes,CELINA POLICE DEPARTMENT,25071191,CELINA,DRIVER INATTENTION; FOLLOWED TOO CLOSELY,COLLIN,2025-04-02,C - POSSIBLE INJURY,0,NO DATA,22 - BAYLOR SCOTT & WHITE MEDICAL CENTER - MCKINNEY,7.748,,No Data,No Data,No Data,75009,75009,No,1GYEC63T22R104214,17,1 - MALE,N - NOT INJURED,0,2,3 - FRONT RIGHT
20735764,Yes,FORT WORTH POLICE DEPARTMENT,250023370,FORT WORTH,DRIVER INATTENTION;OTHER (EXPLAIN IN NARRATIVE),TARRANT,2025-04-02,N - NOT INJURED,0,NO DATA,136 - JOHN PETER SMITH HOSPITAL,5.753,ST,20 - DRIVER INATTENTION,No Data,No Data,76140,76119,No,1GT21ZCG9DZ122067,32,1 - MALE,N - NOT INJURED,0,1,1 - FRONT LEFT OR MOTORCYCLE DRIVER
20735764,Yes,FORT WORTH POLICE DEPARTMENT,250023370,FORT WORTH,DRIVER INATTENTION;OTHER (EXPLAIN IN NARRATIVE),TARRANT,2025-04-02,N - NOT INJURED,0,NO DATA,136 - JOHN PETER SMITH HOSPITAL,5.753,ST,98 - OTHER (EXPLAIN IN NARRATIVE),No Data,No Data,,76140,No,1FD0W4GTXKEF03493,29,1 - MALE,N - NOT INJURED,0,1,1 - FRONT LEFT OR MOTORCYCLE DRIVER
20735764,Yes,FORT WORTH POLICE DEPARTMENT,250023370,FORT WORTH,DRIVER INATTENTION;OTHER (EXPLAIN IN NARRATIVE),TARRANT,2025-04-02,N - NOT INJURED,0,NO DATA,136 - JOHN PETER SMITH HOSPITAL,5.753,ST,98 - OTHER (EXPLAIN IN NARRATIVE),No Data,No Data,,76140,No,1FD0W4GTXKEF03493,29,1 - MALE,N - NOT INJURED,0,2,3 - FRONT RIGHT
20735764,Yes,FORT WORTH POLICE DEPARTMENT,250023370,FORT WORTH,DRIVER INATTENTION;OTHER (EXPLAIN IN NARRATIVE),TARRANT,2025-04-02,N - NOT INJURED,0,NO DATA,136 - JOHN PETER SMITH HOSPITAL,5.753,ST,20 - DRIVER INATTENTION,No Data,No Data,76123,76123,No,1C4HJXDGXKW642595,54,1 - MALE,N - NOT INJURED,0,1,1 - FRONT LEFT OR MOTORCYCLE DRIVER
20735764,Yes,FORT WORTH POLICE DEPARTMENT,250023370,FORT WORTH,DRIVER INATTENTION;OTHER (EXPLAIN IN NARRATIVE),TARRANT,2025-04-02,N - NOT INJURED,0,NO DATA,136 - JOHN PETER SMITH HOSPITAL,5.753,ST,No Data,No Data,No Data,76140,No Data,Yes,No Data,No Data,99 - UNKNOWN,99 - UNKNOWN,0,1,1 - FRONT LEFT OR MOTORCYCLE DRIVER
20735765,Yes,FORT WORTH POLICE DEPARTMENT,250023403,FORT WORTH,FAILED TO CONTROL SPEED; FAULTY EVASIVE ACTION,TARRANT,2025-04-02,B - SUSPECTED MINOR INJURY,0,NO DATA,136 - JOHN PETER SMITH HOSPITAL,5.674,ST,22 - FAILED TO CONTROL SPEED,41 - FAULTY EVASIVE ACTION,No Data,75146,75146,No,KMHDH4AE8CU318064,No Data,1 - MALE,B - SUSPECTED MINOR INJURY,1,1,1 - FRONT LEFT OR MOTORCYCLE DRIVER
20735765,Yes,FORT WORTH POLICE DEPARTMENT,250023403,FORT WORTH,FAILED TO CONTROL SPEED; FAULTY EVASIVE ACTION,TARRANT,2025-04-02,B - SUSPECTED MINOR INJURY,0,NO DATA,136 - JOHN PETER SMITH HOSPITAL,5.674,ST,22 - FAILED TO CONTROL SPEED,41 - FAULTY EVASIVE ACTION,No Data,75146,75146,No,KMHDH4AE8CU318064,37,2 - FEMALE,N - NOT INJURED,0,2,3 - FRONT RIGHT
20735765,Yes,FORT WORTH POLICE DEPARTMENT,250023403,FORT WORTH,FAILED TO CONTROL SPEED; FAULTY EVASIVE ACTION,TARRANT,2025-04-02,B - SUSPECTED MINOR INJURY,0,NO DATA,136 - JOHN PETER SMITH HOSPITAL,5.674,ST,22 - FAILED TO CONTROL SPEED,41 - FAULTY EVASIVE ACTION,No Data,75146,75146,No,KMHDH4AE8CU318064,3,1 - MALE,N - NOT INJURED,0,3,6 - SECOND SEAT RIGHT
20735765,Yes,FORT WORTH POLICE DEPARTMENT,250023403,FORT WORTH,FAILED TO CONTROL SPEED; FAULTY EVASIVE ACTION,TARRANT,2025-04-02,B - SUSPECTED MINOR INJURY,0,NO DATA,136 - JOHN PETER SMITH HOSPITAL,5.674,ST,No Data,No Data,No Data,76010,76140,No,1FT8W2BT4PEC14975,No Data,1 - MALE,N - NOT INJURED,0,1,1 - FRONT LEFT OR MOTORCYCLE DRIVER
20735766,Yes,MINERAL WELLS POLICE DEPARTMENT,250000599,MINERAL WELLS,DRIVER INATTENTION,PALO PINTO,2025-04-02,N - NOT INJURED,0,NO DATA,No Data,No Data,NE,20 - DRIVER INATTENTION,No Data,No Data,76067,76067,No,1GT120E82FF591256,38,2 - FEMALE,N - NOT INJURED,0,1,1 - FRONT LEFT OR MOTORCYCLE DRIVER
20735766,Yes,MINERAL WELLS POLICE DEPARTMENT,250000599,MINERAL WELLS,DRIVER INATTENTION,PALO PINTO,2025-04-02,N - NOT INJURED,0,NO DATA,No Data,No Data,NE,No Data,No Data,No Data,76449,76449,No,4T4BF1FK2FR487095,21,2 - FEMALE,N - NOT INJURED,0,1,1 - FRONT LEFT OR MOTORCYCLE DRIVER
20735766,Yes,MINERAL WELLS POLICE DEPARTMENT,250000599,MINERAL WELLS,DRIVER INATTENTION,PALO PINTO,2025-04-02,N - NOT INJURED,0,NO DATA,No Data,No Data,NE,No Data,No Data,No Data,76449,76449,No,4T4BF1FK2FR487095,4,1 - MALE,N - NOT INJURED,0,2,4 - SECOND SEAT LEFT OR MOTORCYCLE BACK PASSENGER
20735768,Yes,FORT WORTH POLICE DEPARTMENT,250023416,FORT WORTH,DISREGARD STOP SIGN OR LIGHT; DRIVER INATTENTION,TARRANT,2025-04-02,N - NOT INJURED,0,NO DATA,136 - JOHN PETER SMITH HOSPITAL,2.932,ST,16 - DISREGARD STOP SIGN OR LIGHT,No Data,No Data,76104,76104,No,1FTEX1CM3BFA66077,17,1 - MALE,N - NOT INJURED,0,1,1 - FRONT LEFT OR MOTORCYCLE DRIVER
20735768,Yes,FORT WORTH POLICE DEPARTMENT,250023416,FORT WORTH,DISREGARD STOP SIGN OR LIGHT; DRIVER INATTENTION,TARRANT,2025-04-02,N - NOT INJURED,0,NO DATA,136 - JOHN PETER SMITH HOSPITAL,2.932,ST,No Data,No Data,No Data,78258,78258,No,1N6AA1EK6KN500961,48,1 - MALE,N - NOT INJURED,0,1,1 - FRONT LEFT OR MOTORCYCLE DRIVER
20735770,Yes,FORT WORTH POLICE DEPARTMENT,250023395,FORT WORTH,UNDER INFLUENCE - ALCOHOL,TARRANT,2025-04-02,N - NOT INJURED,0,NO DATA,78 - COOK CHILDRENS MEDICAL CENTER,4.332,ST,67 - INTOXICATED - ALCOHOL,No Data,No Data,75228,75228,No,WVWPD63B53P380029,23,1 - MALE,N - NOT INJURED,0,1,1 - FRONT LEFT OR MOTORCYCLE DRIVER
20735770,Yes,FORT WORTH POLICE DEPARTMENT,250023395,FORT WORTH,UNDER INFLUENCE - ALCOHOL,TARRANT,2025-04-02,N - NOT INJURED,0,NO DATA,78 - COOK CHILDRENS MEDICAL CENTER,4.332,ST,No Data,No Data,No Data,76126,76126,No,4T1DAACK6SU506876,34,1 - MALE,N - NOT INJURED,0,1,1 - FRONT LEFT OR MOTORCYCLE DRIVER
20735786,Yes,CORSICANA POLICE DEPARTMENT,5758,CORSICANA,OTHER (EXPLAIN IN NARRATIVE),NAVARRO,2025-04-02,B - SUSPECTED MINOR INJURY,0,NO DATA,193 - NAVARRO REGIONAL HOSPITAL,2.784,,98 - OTHER (EXPLAIN IN NARRATIVE),No Data,No Data,75110,75224,No,JTEZU5JR7K5209355,19,1 - MALE,B - SUSPECTED MINOR INJURY,1,1,1 - FRONT LEFT OR MOTORCYCLE DRIVER
20735786,Yes,CORSICANA POLICE DEPARTMENT,5758,CORSICANA,OTHER (EXPLAIN IN NARRATIVE),NAVARRO,2025-04-02,B - SUSPECTED MINOR INJURY,0,NO DATA,193 - NAVARRO REGIONAL HOSPITAL,2.784,,98 - OTHER (EXPLAIN IN NARRATIVE),No Data,No Data,75153,75153,No,1GCEC19C39Z283275,35,1 - MALE,B - SUSPECTED MINOR INJURY,1,1,1 - FRONT LEFT OR MOTORCYCLE DRIVER
20735792,Yes,DALLAS POLICE DEPARTMENT,45964-2025,DALLAS,TURNED IMPROPERLY - WRONG LANE,DALLAS,2025-04-02,N - NOT INJURED,0,NO DATA,26 - BAYLOR UNIVERSITY MEDICAL CENTER,1.6,,65 - TURNED IMPROPERLY - WRONG LANE,No Data,No Data,75211,75219,No,4T1BF3EK9BU760356,34,2 - FEMALE,N - NOT INJURED,0,1,1 - FRONT LEFT OR MOTORCYCLE DRIVER
20735792,Yes,DALLAS POLICE DEPARTMENT,45964-2025,DALLAS,TURNED IMPROPERLY - WRONG LANE,DALLAS,2025-04-02,N - NOT INJURED,0,NO DATA,26 - BAYLOR UNIVERSITY MEDICAL CENTER,1.6,,No Data,No Data,No Data,71854,75040,No,4T1BG22K2XU591588,50,2 - FEMALE,N - NOT INJURED,0,1,1 - FRONT LEFT OR MOTORCYCLE DRIVER
20735794,Yes,"DEPARTMENT OF PUBLIC SAFETY, STATE OF TEXAS",TX2025-512724,OUTSIDE CITY LIMITS,BACKED WITHOUT SAFETY,CHAMBERS,2025-04-02,N - NOT INJURED,0,NO DATA,122 - HCA HOUSTON HEALTHCARE SOUTHEAST,19.728,2B,3 - BACKED WITHOUT SAFETY,No Data,No Data,77406,77407,No,4V4NC9EH3FN924576,60,1 - MALE,N - NOT INJURED,0,1,1 - FRONT LEFT OR MOTORCYCLE DRIVER
20735794,Yes,"DEPARTMENT OF PUBLIC SAFETY, STATE OF TEXAS",TX2025-512724,OUTSIDE CITY LIMITS,BACKED WITHOUT SAFETY,CHAMBERS,2025-04-02,N - NOT INJURED,0,NO DATA,122 - HCA HOUSTON HEALTHCARE SOUTHEAST,19.728,2B,No Data,No Data,No Data,77356,77842,No,5LMCJ1CA4RUL21686,31,1 - MALE,N - NOT INJURED,0,1,1 - FRONT LEFT OR MOTORCYCLE DRIVER
20735795,Yes,SAN ANTONIO POLICE DEPARTMENT,SAPD25065408,SAN ANTONIO,FAILED TO YIELD RIGHT OF WAY - OPEN INTERSECTION,BEXAR,2025-04-02,B - SUSPECTED MINOR INJURY,0,NO DATA,65 - CHRISTUS SANTA ROSA HOSPITAL - WESTOVER HILLS,1.92,50,33 - FAILED TO YIELD RIGHT OF WAY - OPEN INTERSECTION,No Data,No Data,78259,78259,No,5YFBURHE2EP088452,35,1 - MALE,N - NOT INJURED,0,1,1 - FRONT LEFT OR MOTORCYCLE DRIVER
20735795,Yes,SAN ANTONIO POLICE DEPARTMENT,SAPD25065408,SAN ANTONIO,FAILED TO YIELD RIGHT OF WAY - OPEN INTERSECTION,BEXAR,2025-04-02,B - SUSPECTED MINOR INJURY,0,NO DATA,65 - CHRISTUS SANTA ROSA HOSPITAL - WESTOVER HILLS,1.92,50,33 - FAILED TO YIELD RIGHT OF WAY - OPEN INTERSECTION,No Data,No Data,78259,78259,No,5YFBURHE2EP088452,34,2 - FEMALE,B - SUSPECTED MINOR INJURY,1,2,3 - FRONT RIGHT
20735795,Yes,SAN ANTONIO POLICE DEPARTMENT,SAPD25065408,SAN ANTONIO,FAILED TO YIELD RIGHT OF WAY - OPEN INTERSECTION,BEXAR,2025-04-02,B - SUSPECTED MINOR INJURY,0,NO DATA,65 - CHRISTUS SANTA ROSA HOSPITAL - WESTOVER HILLS,1.92,50,No Data,No Data,No Data,78250,78250,No,1GCEC39019Z202422,44,2 - FEMALE,N - NOT INJURED,0,1,1 - FRONT LEFT OR MOTORCYCLE DRIVER
20735795,Yes,SAN ANTONIO POLICE DEPARTMENT,SAPD25065408,SAN ANTONIO,FAILED TO YIELD RIGHT OF WAY - OPEN INTERSECTION,BEXAR,2025-04-02,B - SUSPECTED MINOR INJURY,0,NO DATA,65 - CHRISTUS SANTA ROSA HOSPITAL - WESTOVER HILLS,1.92,50,No Data,No Data,No Data,78250,78250,No,1GCEC39019Z202422,45,1 - MALE,C - POSSIBLE INJURY,0,2,3 - FRONT RIGHT
20735802,Yes,CORPUS CHRISTI POLICE DEPARTMENT,C2501906,CORPUS CHRISTI,FAILED TO CONTROL SPEED,NUECES,2025-04-02,N - NOT INJURED,0,NO DATA,59 - CHRISTUS SPOHN HOSPITAL CORPUS CHRISTI SHORELINE,4.895,,22 - FAILED TO CONTROL SPEED,No Data,No Data,78412,78412,No,1FMJU1HTXGEF42678,70,2 - FEMALE,N - NOT INJURED,0,1,1 - FRONT LEFT OR MOTORCYCLE DRIVER
20735802,Yes,CORPUS CHRISTI POLICE DEPARTMENT,C2501906,CORPUS CHRISTI,FAILED TO CONTROL SPEED,NUECES,2025-04-02,N - NOT INJURED,0,NO DATA,59 - CHRISTUS SPOHN HOSPITAL CORPUS CHRISTI SHORELINE,4.895,,No Data,No Data,No Data,78411,78411,No,1C4RDHAG0RC137473,19,2 - FEMALE,N - NOT INJURED,0,1,1 - FRONT LEFT OR MOTORCYCLE DRIVER
20735806,Yes,HARRIS COUNTY CONSTABLE PRECINCT 4,2504-00198,OUTSIDE CITY LIMITS,FAILED TO CONTROL SPEED,HARRIS,2025-04-02,N - NOT INJURED,0,NO DATA,120 - HCA HOUSTON HEALTHCARE NORTHWEST,4.514,,22 - FAILED TO CONTROL SPEED,No Data,No Data,77373,77014,No,5XXGN4A73DG238593,27,1 - MALE,N - NOT INJURED,0,1,1 - FRONT LEFT OR MOTORCYCLE DRIVER
20735806,Yes,HARRIS COUNTY CONSTABLE PRECINCT 4,2504-00198,OUTSIDE CITY LIMITS,FAILED TO CONTROL SPEED,HARRIS,2025-04-02,N - NOT INJURED,0,NO DATA,120 - HCA HOUSTON HEALTHCARE NORTHWEST,4.514,,22 - FAILED TO CONTROL SPEED,No Data,No Data,77373,77014,No,5XXGN4A73DG238593,5,1 - MALE,N - NOT INJURED,0,2,4 - SECOND SEAT LEFT OR MOTORCYCLE BACK PASSENGER
20735806,Yes,HARRIS COUNTY CONSTABLE PRECINCT 4,2504-00198,OUTSIDE CITY LIMITS,FAILED TO CONTROL SPEED,HARRIS,2025-04-02,N - NOT INJURED,0,NO DATA,120 - HCA HOUSTON HEALTHCARE NORTHWEST,4.514,,22 - FAILED TO CONTROL SPEED,No Data,No Data,77373,77014,No,5XXGN4A73DG238593,4,1 - MALE,N - NOT INJURED,0,3,5 - SECOND SEAT CENTER
20735806,Yes,HARRIS COUNTY CONSTABLE PRECINCT 4,2504-00198,OUTSIDE CITY LIMITS,FAILED TO CONTROL SPEED,HARRIS,2025-04-02,N - NOT INJURED,0,NO DATA,120 - HCA HOUSTON HEALTHCARE NORTHWEST,4.514,,22 - FAILED TO CONTROL SPEED,No Data,No Data,77373,77014,No,5XXGN4A73DG238593,2,1 - MALE,N - NOT INJURED,0,4,6 - SECOND SEAT RIGHT
20735806,Yes,HARRIS COUNTY CONSTABLE PRECINCT 4,2504-00198,OUTSIDE CITY LIMITS,FAILED TO CONTROL SPEED,HARRIS,2025-04-02,N - NOT INJURED,0,NO DATA,120 - HCA HOUSTON HEALTHCARE NORTHWEST,4.514,,No Data,No Data,No Data,77385,77354,No,2C4RC1GG9KR748729,38,2 - FEMALE,N - NOT INJURED,0,1,1 - FRONT LEFT OR MOTORCYCLE DRIVER
20735808,Yes,SAN ANTONIO POLICE DEPARTMENT,SAPD25064956,LEON VALLEY,DRIVER INATTENTION,BEXAR,2025-04-02,N - NOT INJURED,0,NO DATA,54 - CHRISTUS SANTA ROSA HOSPITAL - MEDICAL CENTER,2.152,50,20 - DRIVER INATTENTION,No Data,No Data,78250,78257,No,3N1BC1CP2BL389800,37,2 - FEMALE,N - NOT INJURED,0,1,1 - FRONT LEFT OR MOTORCYCLE DRIVER
20735808,Yes,SAN ANTONIO POLICE DEPARTMENT,SAPD25064956,LEON VALLEY,DRIVER INATTENTION,BEXAR,2025-04-02,N - NOT INJURED,0,NO DATA,54 - CHRISTUS SANTA ROSA HOSPITAL - MEDICAL CENTER,2.152,50,No Data,No Data,No Data,78227,78227,No,1G11C5SAXGF141981,25,1 - MALE,N - NOT INJURED,0,1,1 - FRONT LEFT OR MOTORCYCLE DRIVER
20735808,Yes,SAN ANTONIO POLICE DEPARTMENT,SAPD25064956,LEON VALLEY,DRIVER INATTENTION,BEXAR,2025-04-02,N - NOT INJURED,0,NO DATA,54 - CHRISTUS SANTA ROSA HOSPITAL - MEDICAL CENTER,2.152,50,No Data,No Data,No Data,78227,78227,No,1G11C5SAXGF141981,24,2 - FEMALE,N - NOT INJURED,0,2,3 - FRONT RIGHT
20735811,Yes,HARRIS COUNTY CONSTABLE PRECINCT 4,2504-00212,OUTSIDE CITY LIMITS,FAILED TO YIELD RIGHT OF WAY - STOP SIGN,HARRIS,2025-04-02,N - NOT INJURED,0,NO DATA,118 - HCA HOUSTON HEALTHCARE KINGWOOD,5.142,,No Data,No Data,No Data,70065,70065,No,2HKRM3H57GH533005,53,2 - FEMALE,N - NOT INJURED,0,1,1 - FRONT LEFT OR MOTORCYCLE DRIVER
20735811,Yes,HARRIS COUNTY CONSTABLE PRECINCT 4,2504-00212,OUTSIDE CITY LIMITS,FAILED TO YIELD RIGHT OF WAY - STOP SIGN,HARRIS,2025-04-02,N - NOT INJURED,0,NO DATA,118 - HCA HOUSTON HEALTHCARE KINGWOOD,5.142,,35 - FAILED TO YIELD RIGHT OF WAY - STOP SIGN,No Data,No Data,77373,77373,No,1D7HA18DX3J668700,25,2 - FEMALE,N - NOT INJURED,0,1,1 - FRONT LEFT OR MOTORCYCLE DRIVER
20735813,Yes,SAN ANTONIO POLICE DEPARTMENT,SAPD25064880,SAN ANTONIO,CHANGED LANE WHEN UNSAFE,BEXAR,2025-04-02,N - NOT INJURED,0,NO DATA,65 - CHRISTUS SANTA ROSA HOSPITAL - WESTOVER HILLS,4.369,50,4 - CHANGED LANE WHEN UNSAFE,No Data,No Data,78073,78073,No,JTEZU14R578087444,56,2 - FEMALE,N - NOT INJURED,0,1,1 - FRONT LEFT OR MOTORCYCLE DRIVER
20735813,Yes,SAN ANTONIO POLICE DEPARTMENT,SAPD25064880,SAN ANTONIO,CHANGED LANE WHEN UNSAFE,BEXAR,2025-04-02,N - NOT INJURED,0,NO DATA,65 - CHRISTUS SANTA ROSA HOSPITAL - WESTOVER HILLS,4.369,50,4 - CHANGED LANE WHEN UNSAFE,No Data,No Data,78073,78073,No,JTEZU14R578087444,17,1 - MALE,N - NOT INJURED,0,2,3 - FRONT RIGHT
20735813,Yes,SAN ANTONIO POLICE DEPARTMENT,SAPD25064880,SAN ANTONIO,CHANGED LANE WHEN UNSAFE,BEXAR,2025-04-02,N - NOT INJURED,0,NO DATA,65 - CHRISTUS SANTA ROSA HOSPITAL - WESTOVER HILLS,4.369,50,4 - CHANGED LANE WHEN UNSAFE,No Data,No Data,78073,78073,No,JTEZU14R578087444,12,2 - FEMALE,N - NOT INJURED,0,3,6 - SECOND SEAT RIGHT
20735813,Yes,SAN ANTONIO POLICE DEPARTMENT,SAPD25064880,SAN ANTONIO,CHANGED LANE WHEN UNSAFE,BEXAR,2025-04-02,N - NOT INJURED,0,NO DATA,65 - CHRISTUS SANTA ROSA HOSPITAL - WESTOVER HILLS,4.369,50,No Data,No Data,No Data,78245,78245,No,3GNAXKEV4ML346987,34,2 - FEMALE,N - NOT INJURED,0,1,1 - FRONT LEFT OR MOTORCYCLE DRIVER
20735817,Yes,WEBSTER POLICE DEPARTMENT,WBPD2500776,WEBSTER,FAILED TO YIELD RIGHT OF WAY - STOP SIGN,HARRIS,2025-04-02,N - NOT INJURED,0,NO DATA,286 - UTMB HEALTH CLEAR LAKE CAMPUS,0.08,,35 - FAILED TO YIELD RIGHT OF WAY - STOP SIGN,No Data,No Data,77707,77706,No,KMHD84LF9LU100544,40,2 - FEMALE,N - NOT INJURED,0,1,1 - FRONT LEFT OR MOTORCYCLE DRIVER
20735817,Yes,WEBSTER POLICE DEPARTMENT,WBPD2500776,WEBSTER,FAILED TO YIELD RIGHT OF WAY - STOP SIGN,HARRIS,2025-04-02,N - NOT INJURED,0,NO DATA,286 - UTMB HEALTH CLEAR LAKE CAMPUS,0.08,,35 - FAILED TO YIELD RIGHT OF WAY - STOP SIGN,No Data,No Data,77707,77706,No,KMHD84LF9LU100544,1,1 - MALE,N - NOT INJURED,0,2,6 - SECOND SEAT RIGHT
20735817,Yes,WEBSTER POLICE DEPARTMENT,WBPD2500776,WEBSTER,FAILED TO YIELD RIGHT OF WAY - STOP SIGN,HARRIS,2025-04-02,N - NOT INJURED,0,NO DATA,286 - UTMB HEALTH CLEAR LAKE CAMPUS,0.08,,No Data,No Data,No Data,77598,77598,No,1HGCR2F59FA036632,39,2 - FEMALE,N - NOT INJURED,0,1,1 - FRONT LEFT OR MOTORCYCLE DRIVER
20735831,Yes,MESQUITE POLICE DEPARTMENT,25028115,MESQUITE,CHANGED LANE WHEN UNSAFE,DALLAS,2025-04-02,N - NOT INJURED,0,NO DATA,85 - DALLAS REGIONAL MEDICAL CENTER,1.387,,No Data,No Data,No Data,75180,75253,No,JM1DE1LY5C0133559,60,1 - MALE,N - NOT INJURED,0,1,1 - FRONT LEFT OR MOTORCYCLE DRIVER
20735831,Yes,MESQUITE POLICE DEPARTMENT,25028115,MESQUITE,CHANGED LANE WHEN UNSAFE,DALLAS,2025-04-02,N - NOT INJURED,0,NO DATA,85 - DALLAS REGIONAL MEDICAL CENTER,1.387,,No Data,No Data,No Data,75040,75040,No,KMHLS4AGXPU564831,31,1 - MALE,N - NOT INJURED,0,1,1 - FRONT LEFT OR MOTORCYCLE DRIVER
20735831,Yes,MESQUITE POLICE DEPARTMENT,25028115,MESQUITE,CHANGED LANE WHEN UNSAFE,DALLAS,2025-04-02,N - NOT INJURED,0,NO DATA,85 - DALLAS REGIONAL MEDICAL CENTER,1.387,,No Data,No Data,No Data,75159,75159,No,1C6RREFT1MN533082,46,1 - MALE,N - NOT INJURED,0,1,1 - FRONT LEFT OR MOTORCYCLE DRIVER
20735839,Yes,LUBBOCK POLICE DEPARTMENT,250010204,LUBBOCK,OTHER (EXPLAIN IN NARRATIVE),LUBBOCK,2025-04-02,N - NOT INJURED,0,NO DATA,No Data,No Data,2,98 - OTHER (EXPLAIN IN NARRATIVE),No Data,No Data,79401,79457,No,1GNLCDEC0GR137967,48,1 - MALE,N - NOT INJURED,0,1,1 - FRONT LEFT OR MOTORCYCLE DRIVER
20735840,Yes,PORT ARTHUR POLICE DEPARTMENT,11891-25,PORT ARTHUR,FAILED TO CONTROL SPEED;OTHER (EXPLAIN IN NARRATIVE),JEFFERSON,2025-04-02,N - NOT INJURED,0,NO DATA,266 - THE MEDICAL CENTER OF SOUTHEAST TEXAS,0.623,ST,22 - FAILED TO CONTROL SPEED,98 - OTHER (EXPLAIN IN NARRATIVE),No Data,77642,77642,No,1GCCS339X88228149,18,2 - FEMALE,N - NOT INJURED,0,1,1 - FRONT LEFT OR MOTORCYCLE DRIVER
20735840,Yes,PORT ARTHUR POLICE DEPARTMENT,11891-25,PORT ARTHUR,FAILED TO CONTROL SPEED;OTHER (EXPLAIN IN NARRATIVE),JEFFERSON,2025-04-02,N - NOT INJURED,0,NO DATA,266 - THE MEDICAL CENTER OF SOUTHEAST TEXAS,0.623,ST,No Data,No Data,No Data,77642,77642,No,1HGCP36898A017779,35,1 - MALE,N - NOT INJURED,0,1,1 - FRONT LEFT OR MOTORCYCLE DRIVER
20735843,No,EL PASO POLICE DEPARTMENT,25-092044,EL PASO,NONE,EL PASO,2025-04-02,99 - UNKNOWN,0,NO DATA,"88 - DEL SOL MEDICAL CENTER, A CAMPUS OF LPDS HEALTHCARE",2.844,,No Data,No Data,No Data,,No Data,Yes,No Data,No Data,99 - UNKNOWN,99 - UNKNOWN,0,1,1 - FRONT LEFT OR MOTORCYCLE DRIVER
20735843,No,EL PASO POLICE DEPARTMENT,25-092044,EL PASO,NONE,EL PASO,2025-04-02,99 - UNKNOWN,0,NO DATA,"88 - DEL SOL MEDICAL CENTER, A CAMPUS OF LPDS HEALTHCARE",2.844,,No Data,No Data,No Data,,79936,No,No Data,No Data,99 - UNKNOWN,99 - UNKNOWN,0,1,1 - FRONT LEFT OR MOTORCYCLE DRIVER
20735845,Yes,LAKE JACKSON POLICE DEPARTMENT,2025-0012703,LAKE JACKSON,DRIVER INATTENTION,BRAZORIA,2025-04-02,N - NOT INJURED,0,NO DATA,285 - UTMB HEALTH ANGLETON DANBURY CAMPUS,10.13,,20 - DRIVER INATTENTION,No Data,No Data,77515,77422,No,1C4HJXEM9NW207396,31,2 - FEMALE,N - NOT INJURED,0,1,1 - FRONT LEFT OR MOTORCYCLE DRIVER
20735845,Yes,LAKE JACKSON POLICE DEPARTMENT,2025-0012703,LAKE JACKSON,DRIVER INATTENTION,BRAZORIA,2025-04-02,N - NOT INJURED,0,NO DATA,285 - UTMB HEALTH ANGLETON DANBURY CAMPUS,10.13,,No Data,No Data,No Data,77541,77541,No,3GKALMEG2PL158463,25,2 - FEMALE,N - NOT INJURED,0,1,1 - FRONT LEFT OR MOTORCYCLE DRIVER
20735847,Yes,HARRIS COUNTY SHERIFF'S OFFICE,2504-00455,OUTSIDE CITY LIMITS,DISREGARD STOP SIGN OR LIGHT;OTHER (EXPLAIN IN NARRATIVE),HARRIS,2025-04-02,C - POSSIBLE INJURY,0,NO DATA,121 - HCA HOUSTON HEALTHCARE WEST,2.129,PD,No Data,No Data,No Data,,77083,No,5XYZT3LB1GG335284,45,2 - FEMALE,C - POSSIBLE INJURY,0,1,1 - FRONT LEFT OR MOTORCYCLE DRIVER
20735847,Yes,HARRIS COUNTY SHERIFF'S OFFICE,2504-00455,OUTSIDE CITY LIMITS,DISREGARD STOP SIGN OR LIGHT;OTHER (EXPLAIN IN NARRATIVE),HARRIS,2025-04-02,C - POSSIBLE INJURY,0,NO DATA,121 - HCA HOUSTON HEALTHCARE WEST,2.129,PD,No Data,No Data,No Data,,77083,No,5XYZT3LB1GG335284,17,1 - MALE,N - NOT INJURED,0,2,4 - SECOND SEAT LEFT OR MOTORCYCLE BACK PASSENGER
20735847,Yes,HARRIS COUNTY SHERIFF'S OFFICE,2504-00455,OUTSIDE CITY LIMITS,DISREGARD STOP SIGN OR LIGHT;OTHER (EXPLAIN IN NARRATIVE),HARRIS,2025-04-02,C - POSSIBLE INJURY,0,NO DATA,121 - HCA HOUSTON HEALTHCARE WEST,2.129,PD,No Data,No Data,No Data,,77498,No,2LMPJ9JP1NBL12006,58,1 - MALE,N - NOT INJURED,0,1,1 - FRONT LEFT OR MOTORCYCLE DRIVER
20735848,Yes,LIBERTY POLICE DEPARTMENT,25-06337,LIBERTY,FAILED TO YIELD RIGHT OF WAY - TURNING LEFT,LIBERTY,2025-04-02,N - NOT INJURED,0,NO DATA,118 - HCA HOUSTON HEALTHCARE KINGWOOD,27.463,,37 - FAILED TO YIELD RIGHT OF WAY - TURNING LEFT,No Data,No Data,77338,77338,No,1GCHSBEN8K1111857,23,1 - MALE,N - NOT INJURED,0,1,1 - FRONT LEFT OR MOTORCYCLE DRIVER
20735848,Yes,LIBERTY POLICE DEPARTMENT,25-06337,LIBERTY,FAILED TO YIELD RIGHT OF WAY - TURNING LEFT,LIBERTY,2025-04-02,N - NOT INJURED,0,NO DATA,118 - HCA HOUSTON HEALTHCARE KINGWOOD,27.463,,No Data,No Data,No Data,77532,77532,No,KL7CJKSB0LB331932,66,2 - FEMALE,N - NOT INJURED,0,1,1 - FRONT LEFT OR MOTORCYCLE DRIVER
20735850,No,MESQUITE POLICE DEPARTMENT,25028256,MESQUITE,BACKED WITHOUT SAFETY,DALLAS,2025-04-02,N - NOT INJURED,0,NO DATA,No Data,No Data,,No Data,No Data,No Data,75149,75149,No,3N1AB7AP2GY287220,61,2 - FEMALE,N - NOT INJURED,0,1,1 - FRONT LEFT OR MOTORCYCLE DRIVER
20735852,Yes,EL PASO COUNTY SHERIFF'S OFFICE,202504344,OUTSIDE CITY LIMITS,FAILED TO CONTROL SPEED,EL PASO,2025-04-02,N - NOT INJURED,0,NO DATA,"88 - DEL SOL MEDICAL CENTER, A CAMPUS OF LPDS HEALTHCARE",6.885,,22 - FAILED TO CONTROL SPEED,No Data,No Data,79928,79928,No,2HGFB2F5XCH304375,21,2 - FEMALE,N - NOT INJURED,0,1,1 - FRONT LEFT OR MOTORCYCLE DRIVER
20735852,Yes,EL PASO COUNTY SHERIFF'S OFFICE,202504344,OUTSIDE CITY LIMITS,FAILED TO CONTROL SPEED,EL PASO,2025-04-02,N - NOT INJURED,0,NO DATA,"88 - DEL SOL MEDICAL CENTER, A CAMPUS OF LPDS HEALTHCARE",6.885,,No Data,No Data,No Data,79927,79927,No,5YFS4MCE9MP075125,22,2 - FEMALE,N - NOT INJURED,0,1,1 - FRONT LEFT OR MOTORCYCLE DRIVER
20735863,No,MESQUITE POLICE DEPARTMENT,25028337,MESQUITE,TURNED IMPROPERLY - WRONG LANE,DALLAS,2025-04-02,N - NOT INJURED,0,NO DATA,85 - DALLAS REGIONAL MEDICAL CENTER,2.767,,No Data,No Data,No Data,75040-5461,75040-5461,No,1VWAT7A35EC080508,21,1 - MALE,N - NOT INJURED,0,1,1 - FRONT LEFT OR MOTORCYCLE DRIVER
20735863,No,MESQUITE POLICE DEPARTMENT,25028337,MESQUITE,TURNED IMPROPERLY - WRONG LANE,DALLAS,2025-04-02,N - NOT INJURED,0,NO DATA,85 - DALLAS REGIONAL MEDICAL CENTER,2.767,,No Data,No Data,No Data,75040-5461,75040-5461,No,1VWAT7A35EC080508,21,2 - FEMALE,N - NOT INJURED,0,2,3 - FRONT RIGHT
20735867,Yes,FORT WORTH POLICE DEPARTMENT,250023495,FORT WORTH,BACKED WITHOUT SAFETY,TARRANT,2025-04-02,N - NOT INJURED,0,NO DATA,No Data,No Data,RT,3 - BACKED WITHOUT SAFETY,No Data,No Data,76137,76137,No,3CZRU5H55KM725290,66,1 - MALE,N - NOT INJURED,0,1,1 - FRONT LEFT OR MOTORCYCLE DRIVER
20735867,Yes,FORT WORTH POLICE DEPARTMENT,250023495,FORT WORTH,BACKED WITHOUT SAFETY,TARRANT,2025-04-02,N - NOT INJURED,0,NO DATA,No Data,No Data,RT,No Data,No Data,No Data,76052,76052,No,1GYAZAR45PF172743,76,1 - MALE,N - NOT INJURED,0,1,1 - FRONT LEFT OR MOTORCYCLE DRIVER
20735868,Yes,PASADENA POLICE DEPARTMENT,25-004654,PASADENA,FOLLOWED TOO CLOSELY;OTHER (EXPLAIN IN NARRATIVE),HARRIS,2025-04-02,N - NOT INJURED,0,NO DATA,122 - HCA HOUSTON HEALTHCARE SOUTHEAST,1.768,,44 - FOLLOWED TOO CLOSELY,No Data,No Data,77506,77506,No,1FTYR10D38PA28816,70,1 - MALE,N - NOT INJURED,0,1,1 - FRONT LEFT OR MOTORCYCLE DRIVER
20735868,Yes,PASADENA POLICE DEPARTMENT,25-004654,PASADENA,FOLLOWED TOO CLOSELY;OTHER (EXPLAIN IN NARRATIVE),HARRIS,2025-04-02,N - NOT INJURED,0,NO DATA,122 - HCA HOUSTON HEALTHCARE SOUTHEAST,1.768,,98 - OTHER (EXPLAIN IN NARRATIVE),No Data,No Data,77381,77381,No,1C4RDHDG2SC503063,53,2 - FEMALE,N - NOT INJURED,0,1,1 - FRONT LEFT OR MOTORCYCLE DRIVER
20735868,Yes,PASADENA POLICE DEPARTMENT,25-004654,PASADENA,FOLLOWED TOO CLOSELY;OTHER (EXPLAIN IN NARRATIVE),HARRIS,2025-04-02,N - NOT INJURED,0,NO DATA,122 - HCA HOUSTON HEALTHCARE SOUTHEAST,1.768,,98 - OTHER (EXPLAIN IN NARRATIVE),No Data,No Data,77381,77381,No,1C4RDHDG2SC503063,19,2 - FEMALE,N - NOT INJURED,0,2,3 - FRONT RIGHT
20735869,Yes,PFLUGERVILLE POLICE DEPARTMENT,25040200,PFLUGERVILLE,FAILED TO CONTROL SPEED; FATIGUED OR ASLEEP,TRAVIS,2025-04-02,N - NOT INJURED,0,NO DATA,195 - NORTH AUSTIN MEDICAL CENTER,8.028,,22 - FAILED TO CONTROL SPEED,40 - FATIGUED OR ASLEEP,No Data,78233,78233,No,3N1AB7APXGL636587,22,1 - MALE,N - NOT INJURED,0,1,1 - FRONT LEFT OR MOTORCYCLE DRIVER
20735869,Yes,PFLUGERVILLE POLICE DEPARTMENT,25040200,PFLUGERVILLE,FAILED TO CONTROL SPEED; FATIGUED OR ASLEEP,TRAVIS,2025-04-02,N - NOT INJURED,0,NO DATA,195 - NORTH AUSTIN MEDICAL CENTER,8.028,,No Data,No Data,No Data,78615,78660,No,1GBJC34103E142487,40,1 - MALE,N - NOT INJURED,0,1,1 - FRONT LEFT OR MOTORCYCLE DRIVER
20735871,Yes,HOUSTON POLICE DEPARTMENT,0042009325K,HOUSTON,CHANGED LANE WHEN UNSAFE,HARRIS,2025-04-02,N - NOT INJURED,0,NO DATA,168 - MEMORIAL HERMANN SOUTHWEST HOSPITAL,2.287,F,4 - CHANGED LANE WHEN UNSAFE,No Data,No Data,,,No,3FTTW8E94NRA45080,64,1 - MALE,N - NOT INJURED,0,1,1 - FRONT LEFT OR MOTORCYCLE DRIVER
20735871,Yes,HOUSTON POLICE DEPARTMENT,0042009325K,HOUSTON,CHANGED LANE WHEN UNSAFE,HARRIS,2025-04-02,N - NOT INJURED,0,NO DATA,168 - MEMORIAL HERMANN SOUTHWEST HOSPITAL,2.287,F,No Data,No Data,No Data,77082,77082,No,2GNAXKEV2L6222834,30,2 - FEMALE,N - NOT INJURED,0,1,1 - FRONT LEFT OR MOTORCYCLE DRIVER
20735871,Yes,HOUSTON POLICE DEPARTMENT,0042009325K,HOUSTON,CHANGED LANE WHEN UNSAFE,HARRIS,2025-04-02,N - NOT INJURED,0,NO DATA,168 - MEMORIAL HERMANN SOUTHWEST HOSPITAL,2.287,F,No Data,No Data,No Data,77082,77082,No,2GNAXKEV2L6222834,11,2 - FEMALE,N - NOT INJURED,0,2,4 - SECOND SEAT LEFT OR MOTORCYCLE BACK PASSENGER
20735871,Yes,HOUSTON POLICE DEPARTMENT,0042009325K,HOUSTON,CHANGED LANE WHEN UNSAFE,HARRIS,2025-04-02,N - NOT INJURED,0,NO DATA,168 - MEMORIAL HERMANN SOUTHWEST HOSPITAL,2.287,F,No Data,No Data,No Data,77082,77082,No,2GNAXKEV2L6222834,5,2 - FEMALE,N - NOT INJURED,0,3,6 - SECOND SEAT RIGHT
20735872,Yes,LAKEWAY POLICE DEPARTMENT,25-00365,LAKEWAY,CHANGED LANE WHEN UNSAFE,TRAVIS,2025-04-02,N - NOT INJURED,0,NO DATA,21 - BAYLOR SCOTT & WHITE MEDICAL CENTER - LAKEWAY,0.237,,4 - CHANGED LANE WHEN UNSAFE,No Data,No Data,78669,78669,No,5FNYF6H55GB032779,45,1 - MALE,N - NOT INJURED,0,1,1 - FRONT LEFT OR MOTORCYCLE DRIVER
20735872,Yes,LAKEWAY POLICE DEPARTMENT,25-00365,LAKEWAY,CHANGED LANE WHEN UNSAFE,TRAVIS,2025-04-02,N - NOT INJURED,0,NO DATA,21 - BAYLOR SCOTT & WHITE MEDICAL CENTER - LAKEWAY,0.237,,4 - CHANGED LANE WHEN UNSAFE,No Data,No Data,78669,78669,No,5FNYF6H55GB032779,14,2 - FEMALE,N - NOT INJURED,0,2,3 - FRONT RIGHT
20735872,Yes,LAKEWAY POLICE DEPARTMENT,25-00365,LAKEWAY,CHANGED LANE WHEN UNSAFE,TRAVIS,2025-04-02,N - NOT INJURED,0,NO DATA,21 - BAYLOR SCOTT & WHITE MEDICAL CENTER - LAKEWAY,0.237,,No Data,No Data,No Data,78728,78728,No,5YFEPMAE1MP176392,39,1 - MALE,N - NOT INJURED,0,1,1 - FRONT LEFT OR MOTORCYCLE DRIVER
20735872,Yes,LAKEWAY POLICE DEPARTMENT,25-00365,LAKEWAY,CHANGED LANE WHEN UNSAFE,TRAVIS,2025-04-02,N - NOT INJURED,0,NO DATA,21 - BAYLOR SCOTT & WHITE MEDICAL CENTER - LAKEWAY,0.237,,No Data,No Data,No Data,78728,78728,No,5YFEPMAE1MP176392,17,1 - MALE,N - NOT INJURED,0,2,6 - SECOND SEAT RIGHT
20735882,Yes,"DEPARTMENT OF PUBLIC SAFETY, STATE OF TEXAS",5462447,OUTSIDE CITY LIMITS,FAILED TO YIELD RIGHT OF WAY - STOP SIGN,CAMERON,2025-04-02,C - POSSIBLE INJURY,0,NO DATA,293 - VALLEY BAPTIST MEDICAL CENTER - BROWNSVILLE,5.596,3A,35 - FAILED TO YIELD RIGHT OF WAY - STOP SIGN,No Data,No Data,78526,78526,No,3GCUYDED1KG155281,18,1 - MALE,N - NOT INJURED,0,1,1 - FRONT LEFT OR MOTORCYCLE DRIVER
20735882,Yes,"DEPARTMENT OF PUBLIC SAFETY, STATE OF TEXAS",5462447,OUTSIDE CITY LIMITS,FAILED TO YIELD RIGHT OF WAY - STOP SIGN,CAMERON,2025-04-02,C - POSSIBLE INJURY,0,NO DATA,293 - VALLEY BAPTIST MEDICAL CENTER - BROWNSVILLE,5.596,3A,35 - FAILED TO YIELD RIGHT OF WAY - STOP SIGN,No Data,No Data,78526,78526,No,3GCUYDED1KG155281,16,1 - MALE,N - NOT INJURED,0,2,3 - FRONT RIGHT
20735882,Yes,"DEPARTMENT OF PUBLIC SAFETY, STATE OF TEXAS",5462447,OUTSIDE CITY LIMITS,FAILED TO YIELD RIGHT OF WAY - STOP SIGN,CAMERON,2025-04-02,C - POSSIBLE INJURY,0,NO DATA,293 - VALLEY BAPTIST MEDICAL CENTER - BROWNSVILLE,5.596,3A,No Data,No Data,No Data,78521,78521,No,2B3CA9CV2AH317279,23,2 - FEMALE,C - POSSIBLE INJURY,0,1,1 - FRONT LEFT OR MOTORCYCLE DRIVER
20735889,Yes,LUBBOCK POLICE DEPARTMENT,250010153,LUBBOCK,DISREGARD STOP AND GO SIGNAL,LUBBOCK,2025-04-02,N - NOT INJURED,0,NO DATA,82 - COVENANT MEDICAL CENTER,5.596,1,15 - DISREGARD STOP AND GO SIGNAL,No Data,No Data,79412,79412,No,1GNKRHKD7FJ132907,35,2 - FEMALE,N - NOT INJURED,0,1,1 - FRONT LEFT OR MOTORCYCLE DRIVER
20735889,Yes,LUBBOCK POLICE DEPARTMENT,250010153,LUBBOCK,DISREGARD STOP AND GO SIGNAL,LUBBOCK,2025-04-02,N - NOT INJURED,0,NO DATA,82 - COVENANT MEDICAL CENTER,5.596,1,No Data,No Data,No Data,79403,79464,No,1GT49NEY0PF111304,43,1 - MALE,N - NOT INJURED,0,1,1 - FRONT LEFT OR MOTORCYCLE DRIVER
20735889,Yes,LUBBOCK POLICE DEPARTMENT,250010153,LUBBOCK,DISREGARD STOP AND GO SIGNAL,LUBBOCK,2025-04-02,N - NOT INJURED,0,NO DATA,82 - COVENANT MEDICAL CENTER,5.596,1,No Data,No Data,No Data,79403,79464,No,1GT49NEY0PF111304,18,1 - MALE,N - NOT INJURED,0,2,2 - FRONT CENTER OR MOTORCYCLE SIDECAR PASSENGER
20735892,No,LUBBOCK POLICE DEPARTMENT,250010219,LUBBOCK,FAILED TO CONTROL SPEED; FAULTY EVASIVE ACTION,LUBBOCK,2025-04-02,N - NOT INJURED,0,NO DATA,77 - COVENANT CHILDRENS HOSPITAL,3.472,2,22 - FAILED TO CONTROL SPEED,No Data,No Data,79414,79404,No,2HJYK16526H515510,19,1 - MALE,N - NOT INJURED,0,1,1 - FRONT LEFT OR MOTORCYCLE DRIVER
20735892,No,LUBBOCK POLICE DEPARTMENT,250010219,LUBBOCK,FAILED TO CONTROL SPEED; FAULTY EVASIVE ACTION,LUBBOCK,2025-04-02,N - NOT INJURED,0,NO DATA,77 - COVENANT CHILDRENS HOSPITAL,3.472,2,22 - FAILED TO CONTROL SPEED,No Data,No Data,79414,79404,No,2HJYK16526H515510,18,2 - FEMALE,N - NOT INJURED,0,2,3 - FRONT RIGHT
20735892,No,LUBBOCK POLICE DEPARTMENT,250010219,LUBBOCK,FAILED TO CONTROL SPEED; FAULTY EVASIVE ACTION,LUBBOCK,2025-04-02,N - NOT INJURED,0,NO DATA,77 - COVENANT CHILDRENS HOSPITAL,3.472,2,No Data,No Data,No Data,79416,79416,No,1C4RJFBGXKC639005,34,2 - FEMALE,N - NOT INJURED,0,1,1 - FRONT LEFT OR MOTORCYCLE DRIVER
20735899,Yes,LAREDO POLICE DEPARTMENT,2025-00052116,LAREDO,BACKED WITHOUT SAFETY,WEBB,2025-04-02,99 - UNKNOWN,0,NO DATA,No Data,No Data,,3 - BACKED WITHOUT SAFETY,No Data,No Data,,78043,Yes,5TBEV54117S469203,No Data,99 - UNKNOWN,99 - UNKNOWN,0,1,1 - FRONT LEFT OR MOTORCYCLE DRIVER
20735900,No,LAREDO POLICE DEPARTMENT,2025-00052344,LAREDO,BACKED WITHOUT SAFETY,WEBB,2025-04-02,N - NOT INJURED,0,NO DATA,No Data,No Data,,3 - BACKED WITHOUT SAFETY,No Data,No Data,78040,78040,No,1GTEC19X33Z316611,28,2 - FEMALE,N - NOT INJURED,0,1,1 - FRONT LEFT OR MOTORCYCLE DRIVER
20735911,Yes,SAGINAW POLICE DEPARTMENT,25SG06190,SAGINAW,FAILED TO YIELD RIGHT OF WAY - OPEN INTERSECTION,TARRANT,2025-04-02,N - NOT INJURED,0,NO DATA,153 - MEDICAL CITY ALLIANCE,4.006,,33 - FAILED TO YIELD RIGHT OF WAY - OPEN INTERSECTION,No Data,No Data,76131,76131,No,1GTEC14X13Z316386,18,1 - MALE,N - NOT INJURED,0,1,1 - FRONT LEFT OR MOTORCYCLE DRIVER
20735911,Yes,SAGINAW POLICE DEPARTMENT,25SG06190,SAGINAW,FAILED TO YIELD RIGHT OF WAY - OPEN INTERSECTION,TARRANT,2025-04-02,N - NOT INJURED,0,NO DATA,153 - MEDICAL CITY ALLIANCE,4.006,,No Data,No Data,No Data,76244,76244,No,KNDME5C11G6130316,18,2 - FEMALE,N - NOT INJURED,0,1,1 - FRONT LEFT OR MOTORCYCLE DRIVER
20735912,Yes,SAGINAW POLICE DEPARTMENT,25SG06198,SAGINAW,CHANGED LANE WHEN UNSAFE,TARRANT,2025-04-02,N - NOT INJURED,0,NO DATA,153 - MEDICAL CITY ALLIANCE,4.463,,4 - CHANGED LANE WHEN UNSAFE,No Data,No Data,76179,76179,No,5TDZT34A86S276533,23,2 - FEMALE,N - NOT INJURED,0,1,1 - FRONT LEFT OR MOTORCYCLE DRIVER
20735912,Yes,SAGINAW POLICE DEPARTMENT,25SG06198,SAGINAW,CHANGED LANE WHEN UNSAFE,TARRANT,2025-04-02,N - NOT INJURED,0,NO DATA,153 - MEDICAL CITY ALLIANCE,4.463,,No Data,No Data,No Data,76137,76137,No,1FAHP2E95FG148829,26,1 - MALE,N - NOT INJURED,0,1,1 - FRONT LEFT OR MOTORCYCLE DRIVER
20735912,Yes,SAGINAW POLICE DEPARTMENT,25SG06198,SAGINAW,CHANGED LANE WHEN UNSAFE,TARRANT,2025-04-02,N - NOT INJURED,0,NO DATA,153 - MEDICAL CITY ALLIANCE,4.463,,No Data,No Data,No Data,76137,76137,No,1FAHP2E95FG148829,1,1 - MALE,N - NOT INJURED,0,2,6 - SECOND SEAT RIGHT
20735916,Yes,CARROLLTON POLICE DEPARTMENT,2025032757,CARROLLTON,FAULTY EVASIVE ACTION,DALLAS,2025-04-02,N - NOT INJURED,0,NO DATA,156 - MEDICAL CITY LEWISVILLE,5.674,,41 - FAULTY EVASIVE ACTION,No Data,No Data,75067,75067,No,1HGCP2F67CA213883,59,1 - MALE,N - NOT INJURED,0,1,1 - FRONT LEFT OR MOTORCYCLE DRIVER
20735916,Yes,CARROLLTON POLICE DEPARTMENT,2025032757,CARROLLTON,FAULTY EVASIVE ACTION,DALLAS,2025-04-02,N - NOT INJURED,0,NO DATA,156 - MEDICAL CITY LEWISVILLE,5.674,,No Data,No Data,No Data,75424,75070,No,1GCWGAFF6G1334786,21,1 - MALE,N - NOT INJURED,0,1,1 - FRONT LEFT OR MOTORCYCLE DRIVER
20735916,Yes,CARROLLTON POLICE DEPARTMENT,2025032757,CARROLLTON,FAULTY EVASIVE ACTION,DALLAS,2025-04-02,N - NOT INJURED,0,NO DATA,156 - MEDICAL CITY LEWISVILLE,5.674,,No Data,No Data,No Data,75068,75068,No,3N1AB7AP7EL633367,22,2 - FEMALE,N - NOT INJURED,0,1,1 - FRONT LEFT OR MOTORCYCLE DRIVER
20735917,Yes,CARROLLTON POLICE DEPARTMENT,2025032842,CARROLLTON,FAILED TO YIELD RIGHT OF WAY - PRIVATE DRIVE,DALLAS,2025-04-02,N - NOT INJURED,0,NO DATA,86 - DALLAS MEDICAL CENTER,5.768,,34 - FAILED TO YIELD RIGHT OF WAY - PRIVATE DRIVE,No Data,No Data,75034,75007,No,WP0AB2A95PS226170,32,2 - FEMALE,N - NOT INJURED,0,1,1 - FRONT LEFT OR MOTORCYCLE DRIVER
20735917,Yes,CARROLLTON POLICE DEPARTMENT,2025032842,CARROLLTON,FAILED TO YIELD RIGHT OF WAY - PRIVATE DRIVE,DALLAS,2025-04-02,N - NOT INJURED,0,NO DATA,86 - DALLAS MEDICAL CENTER,5.768,,No Data,No Data,No Data,72204,72204,No,JTEZT14R38K001149,29,2 - FEMALE,N - NOT INJURED,0,1,1 - FRONT LEFT OR MOTORCYCLE DRIVER
20735919,Yes,CARROLLTON POLICE DEPARTMENT,2025032948,CARROLLTON,FAILED TO YIELD RIGHT OF WAY - TURNING LEFT,DENTON,2025-04-02,N - NOT INJURED,0,NO DATA,156 - MEDICAL CITY LEWISVILLE,3.996,,37 - FAILED TO YIELD RIGHT OF WAY - TURNING LEFT,No Data,No Data,75010,75010,No,5TFNA5DB7NX032017,26,1 - MALE,N - NOT INJURED,0,1,1 - FRONT LEFT OR MOTORCYCLE DRIVER
20735919,Yes,CARROLLTON POLICE DEPARTMENT,2025032948,CARROLLTON,FAILED TO YIELD RIGHT OF WAY - TURNING LEFT,DENTON,2025-04-02,N - NOT INJURED,0,NO DATA,156 - MEDICAL CITY LEWISVILLE,3.996,,No Data,No Data,No Data,75056,75056,No,1NXBU40E59Z021492,25,1 - MALE,N - NOT INJURED,0,1,1 - FRONT LEFT OR MOTORCYCLE DRIVER
20735920,Yes,LAMAR CONSOLIDATED ISD POLICE DEPARTMENT,LCP25-00486,FULSHEAR,BACKED WITHOUT SAFETY;DRIVER INATTENTION;OTHER (EXPLAIN IN NARRATIVE),FORT BEND,2025-04-02,N - NOT INJURED,0,NO DATA,No Data,No Data,,98 - OTHER (EXPLAIN IN NARRATIVE),3 - BACKED WITHOUT SAFETY,20 - DRIVER INATTENTION,77494,77494,No,5NMJBCDE5RH325231,40,2 - FEMALE,N - NOT INJURED,0,1,1 - FRONT LEFT OR MOTORCYCLE DRIVER
20735920,Yes,LAMAR CONSOLIDATED ISD POLICE DEPARTMENT,LCP25-00486,FULSHEAR,BACKED WITHOUT SAFETY;DRIVER INATTENTION;OTHER (EXPLAIN IN NARRATIVE),FORT BEND,2025-04-02,N - NOT INJURED,0,NO DATA,No Data,No Data,,98 - OTHER (EXPLAIN IN NARRATIVE),3 - BACKED WITHOUT SAFETY,20 - DRIVER INATTENTION,77494,77494,No,5NMJBCDE5RH325231,15,2 - FEMALE,N - NOT INJURED,0,2,3 - FRONT RIGHT
20735920,Yes,LAMAR CONSOLIDATED ISD POLICE DEPARTMENT,LCP25-00486,FULSHEAR,BACKED WITHOUT SAFETY;DRIVER INATTENTION;OTHER (EXPLAIN IN NARRATIVE),FORT BEND,2025-04-02,N - NOT INJURED,0,NO DATA,No Data,No Data,,98 - OTHER (EXPLAIN IN NARRATIVE),3 - BACKED WITHOUT SAFETY,20 - DRIVER INATTENTION,77494,77494,No,5NMJBCDE5RH325231,6,1 - MALE,N - NOT INJURED,0,3,6 - SECOND SEAT RIGHT
20735920,Yes,LAMAR CONSOLIDATED ISD POLICE DEPARTMENT,LCP25-00486,FULSHEAR,BACKED WITHOUT SAFETY;DRIVER INATTENTION;OTHER (EXPLAIN IN NARRATIVE),FORT BEND,2025-04-02,N - NOT INJURED,0,NO DATA,No Data,No Data,,No Data,No Data,No Data,77441,77441,No,1C4RJEBG1HC868207,51,2 - FEMALE,N - NOT INJURED,0,1,1 - FRONT LEFT OR MOTORCYCLE DRIVER
20735924,Yes,LUBBOCK POLICE DEPARTMENT,250010215,LUBBOCK,FAILED TO YIELD RIGHT OF WAY - TURNING LEFT,LUBBOCK,2025-04-02,A - SUSPECTED SERIOUS INJURY,0,NO DATA,77 - COVENANT CHILDRENS HOSPITAL,1.913,3,37 - FAILED TO YIELD RIGHT OF WAY - TURNING LEFT,No Data,No Data,79407,79407,No,1G1JD5SH5H4147761,75,2 - FEMALE,A - SUSPECTED SERIOUS INJURY,0,1,1 - FRONT LEFT OR MOTORCYCLE DRIVER
20735924,Yes,LUBBOCK POLICE DEPARTMENT,250010215,LUBBOCK,FAILED TO YIELD RIGHT OF WAY - TURNING LEFT,LUBBOCK,2025-04-02,A - SUSPECTED SERIOUS INJURY,0,NO DATA,77 - COVENANT CHILDRENS HOSPITAL,1.913,3,No Data,No Data,No Data,79415,79415,No,1GCGK13U12F147411,19,1 - MALE,B - SUSPECTED MINOR INJURY,1,1,1 - FRONT LEFT OR MOTORCYCLE DRIVER
20735925,Yes,LUBBOCK POLICE DEPARTMENT,250010229,LUBBOCK,CHANGED LANE WHEN UNSAFE,LUBBOCK,2025-04-02,N - NOT INJURED,0,NO DATA,77 - COVENANT CHILDRENS HOSPITAL,3.982,2,4 - CHANGED LANE WHEN UNSAFE,No Data,No Data,,No Data,Yes,No Data,No Data,99 - UNKNOWN,99 - UNKNOWN,0,1,1 - FRONT LEFT OR MOTORCYCLE DRIVER
20735925,Yes,LUBBOCK POLICE DEPARTMENT,250010229,LUBBOCK,CHANGED LANE WHEN UNSAFE,LUBBOCK,2025-04-02,N - NOT INJURED,0,NO DATA,77 - COVENANT CHILDRENS HOSPITAL,3.982,2,No Data,No Data,No Data,79423,79423,No,5XXG64J27NG132375,41,2 - FEMALE,N - NOT INJURED,0,1,1 - FRONT LEFT OR MOTORCYCLE DRIVER
20735926,Yes,LUBBOCK POLICE DEPARTMENT,250010233,LUBBOCK,FAILED TO YIELD RIGHT OF WAY - TURNING LEFT,LUBBOCK,2025-04-02,C - POSSIBLE INJURY,0,NO DATA,77 - COVENANT CHILDRENS HOSPITAL,0.394,1,37 - FAILED TO YIELD RIGHT OF WAY - TURNING LEFT,No Data,No Data,79416,79416,No,1C3CDFAA2FD410865,21,2 - FEMALE,C - POSSIBLE INJURY,0,1,1 - FRONT LEFT OR MOTORCYCLE DRIVER
20735926,Yes,LUBBOCK POLICE DEPARTMENT,250010233,LUBBOCK,FAILED TO YIELD RIGHT OF WAY - TURNING LEFT,LUBBOCK,2025-04-02,C - POSSIBLE INJURY,0,NO DATA,77 - COVENANT CHILDRENS HOSPITAL,0.394,1,No Data,No Data,No Data,78015,21094,No,1C3CDFAA2FD410865,20,2 - FEMALE,N - NOT INJURED,0,1,1 - FRONT LEFT OR MOTORCYCLE DRIVER
20735926,Yes,LUBBOCK POLICE DEPARTMENT,250010233,LUBBOCK,FAILED TO YIELD RIGHT OF WAY - TURNING LEFT,LUBBOCK,2025-04-02,C - POSSIBLE INJURY,0,NO DATA,77 - COVENANT CHILDRENS HOSPITAL,0.394,1,No Data,No Data,No Data,78015,21094,No,1C3CDFAA2FD410865,20,2 - FEMALE,N - NOT INJURED,0,2,6 - SECOND SEAT RIGHT
20735926,Yes,LUBBOCK POLICE DEPARTMENT,250010233,LUBBOCK,FAILED TO YIELD RIGHT OF WAY - TURNING LEFT,LUBBOCK,2025-04-02,C - POSSIBLE INJURY,0,NO DATA,77 - COVENANT CHILDRENS HOSPITAL,0.394,1,No Data,No Data,No Data,78015,21094,No,1C3CDFAA2FD410865,19,2 - FEMALE,N - NOT INJURED,0,3,3 - FRONT RIGHT
20735937,No,LAREDO POLICE DEPARTMENT,2024-00052199,LAREDO,OTHER (EXPLAIN IN NARRATIVE),WEBB,2025-04-02,N - NOT INJURED,0,NO DATA,No Data,No Data,,98 - OTHER (EXPLAIN IN NARRATIVE),No Data,No Data,88290,88290,No,3KPA34AC3PE570443,48,2 - FEMALE,N - NOT INJURED,0,1,1 - FRONT LEFT OR MOTORCYCLE DRIVER
20735937,No,LAREDO POLICE DEPARTMENT,2024-00052199,LAREDO,OTHER (EXPLAIN IN NARRATIVE),WEBB,2025-04-02,N - NOT INJURED,0,NO DATA,No Data,No Data,,No Data,No Data,No Data,65200,65200,No,3GKAL8EG6PL163818,73,2 - FEMALE,N - NOT INJURED,0,1,1 - FRONT LEFT OR MOTORCYCLE DRIVER
20735938,Yes,SAN MARCOS POLICE DEPARTMENT,2025-00014228,SAN MARCOS,OTHER (EXPLAIN IN NARRATIVE),HAYS,2025-04-02,B - SUSPECTED MINOR INJURY,0,NO DATA,57 - CHRISTUS SANTA ROSA HOSPITAL - SAN MARCOS,3.176,,98 - OTHER (EXPLAIN IN NARRATIVE),No Data,No Data,,78656,Yes,ZACNJDE18PPP17260,No Data,99 - UNKNOWN,99 - UNKNOWN,0,1,1 - FRONT LEFT OR MOTORCYCLE DRIVER
20735938,Yes,SAN MARCOS POLICE DEPARTMENT,2025-00014228,SAN MARCOS,OTHER (EXPLAIN IN NARRATIVE),HAYS,2025-04-02,B - SUSPECTED MINOR INJURY,0,NO DATA,57 - CHRISTUS SANTA ROSA HOSPITAL - SAN MARCOS,3.176,,No Data,No Data,No Data,78133,78133,No,5NMJF3AE7NH050772,39,2 - FEMALE,B - SUSPECTED MINOR INJURY,1,1,1 - FRONT LEFT OR MOTORCYCLE DRIVER
20735943,No,HARRIS COUNTY SHERIFF'S OFFICE,2504-00518,OUTSIDE CITY LIMITS,FAILED TO CONTROL SPEED,HARRIS,2025-04-02,N - NOT INJURED,0,NO DATA,164 - MEMORIAL HERMANN KATY HOSPITAL,1.204,PD,22 - FAILED TO CONTROL SPEED,No Data,No Data,77318,77318,No,2T3YFREV2DW033612,27,1 - MALE,N - NOT INJURED,0,1,1 - FRONT LEFT OR MOTORCYCLE DRIVER
20735943,No,HARRIS COUNTY SHERIFF'S OFFICE,2504-00518,OUTSIDE CITY LIMITS,FAILED TO CONTROL SPEED,HARRIS,2025-04-02,N - NOT INJURED,0,NO DATA,164 - MEMORIAL HERMANN KATY HOSPITAL,1.204,PD,No Data,No Data,No Data,77449,77449,No,KNDMC233876021566,74,1 - MALE,N - NOT INJURED,0,1,1 - FRONT LEFT OR MOTORCYCLE DRIVER
20735944,Yes,"DEPARTMENT OF PUBLIC SAFETY, STATE OF TEXAS",25-513976,OUTSIDE CITY LIMITS,FAILED TO CONTROL SPEED,SMITH,2025-04-02,N - NOT INJURED,0,NO DATA,288 - UT HEALTH EAST TEXAS TYLER REGIONAL HOSPITAL,12.861,1B,22 - FAILED TO CONTROL SPEED,No Data,No Data,75763,75763,No,1GNERHKW0LJ229456,72,2 - FEMALE,N - NOT INJURED,0,1,1 - FRONT LEFT OR MOTORCYCLE DRIVER
20735944,Yes,"DEPARTMENT OF PUBLIC SAFETY, STATE OF TEXAS",25-513976,OUTSIDE CITY LIMITS,FAILED TO CONTROL SPEED,SMITH,2025-04-02,N - NOT INJURED,0,NO DATA,288 - UT HEALTH EAST TEXAS TYLER REGIONAL HOSPITAL,12.861,1B,No Data,No Data,No Data,75662,75662,No,JN8AY2ND9J9053754,47,2 - FEMALE,N - NOT INJURED,0,1,1 - FRONT LEFT OR MOTORCYCLE DRIVER
20735949,Yes,VICTORIA POLICE DEPARTMENT,2025-002082,VICTORIA,FAILED TO DRIVE IN SINGLE LANE,VICTORIA,2025-04-02,B - SUSPECTED MINOR INJURY,0,NO DATA,89 - DETAR HEALTHCARE SYSTEM,0.065,0,23 - FAILED TO DRIVE IN SINGLE LANE,No Data,No Data,77901,77905,No,5J6YH28645L024950,61,1 - MALE,N - NOT INJURED,0,1,1 - FRONT LEFT OR MOTORCYCLE DRIVER
20735949,Yes,VICTORIA POLICE DEPARTMENT,2025-002082,VICTORIA,FAILED TO DRIVE IN SINGLE LANE,VICTORIA,2025-04-02,B - SUSPECTED MINOR INJURY,0,NO DATA,89 - DETAR HEALTHCARE SYSTEM,0.065,0,23 - FAILED TO DRIVE IN SINGLE LANE,No Data,No Data,77901,77905,No,5J6YH28645L024950,58,2 - FEMALE,B - SUSPECTED MINOR INJURY,1,2,3 - FRONT RIGHT
20735952,Yes,VAN ALSTYNE POLICE DEPARTMENT,2500008066,VAN ALSTYNE,CHANGED LANE WHEN UNSAFE; FAILED TO CONTROL SPEED,GRAYSON,2025-04-02,N - NOT INJURED,0,NO DATA,22 - BAYLOR SCOTT & WHITE MEDICAL CENTER - MCKINNEY,14.291,,22 - FAILED TO CONTROL SPEED,No Data,No Data,75409,75409,No,3D4PG4FB7AT157039,46,2 - FEMALE,N - NOT INJURED,0,1,1 - FRONT LEFT OR MOTORCYCLE DRIVER
20735952,Yes,VAN ALSTYNE POLICE DEPARTMENT,2500008066,VAN ALSTYNE,CHANGED LANE WHEN UNSAFE; FAILED TO CONTROL SPEED,GRAYSON,2025-04-02,N - NOT INJURED,0,NO DATA,22 - BAYLOR SCOTT & WHITE MEDICAL CENTER - MCKINNEY,14.291,,4 - CHANGED LANE WHEN UNSAFE,No Data,No Data,75495,75495,No,3N1CP5CV2RL473978,30,2 - FEMALE,N - NOT INJURED,0,1,1 - FRONT LEFT OR MOTORCYCLE DRIVER
20735958,Yes,VICTORIA POLICE DEPARTMENT,2025-002081,VICTORIA,FAILED TO CONTROL SPEED,VICTORIA,2025-04-02,N - NOT INJURED,0,NO DATA,66 - CITIZENS MEDICAL CENTER,0.706,0,22 - FAILED TO CONTROL SPEED,No Data,No Data,,77904,Yes,1C6RR6FG9ES441200,No Data,1 - MALE,N - NOT INJURED,0,1,1 - FRONT LEFT OR MOTORCYCLE DRIVER
20735958,Yes,VICTORIA POLICE DEPARTMENT,2025-002081,VICTORIA,FAILED TO CONTROL SPEED,VICTORIA,2025-04-02,N - NOT INJURED,0,NO DATA,66 - CITIZENS MEDICAL CENTER,0.706,0,No Data,No Data,No Data,77901,77905,No,1FTWW30558EB86025,50,1 - MALE,N - NOT INJURED,0,1,1 - FRONT LEFT OR MOTORCYCLE DRIVER
20735958,Yes,VICTORIA POLICE DEPARTMENT,2025-002081,VICTORIA,FAILED TO CONTROL SPEED,VICTORIA,2025-04-02,N - NOT INJURED,0,NO DATA,66 - CITIZENS MEDICAL CENTER,0.706,0,No Data,No Data,No Data,77901,77905,No,1FTWW30558EB86025,54,1 - MALE,N - NOT INJURED,0,2,3 - FRONT RIGHT
20735959,Yes,ROCKWALL POLICE DEPARTMENT,2025-11608,ROCKWALL,FAILED TO YIELD RIGHT OF WAY - TURNING LEFT,ROCKWALL,2025-04-02,N - NOT INJURED,0,NO DATA,19 - BAYLOR SCOTT & WHITE MEDICAL CENTER - LAKE POINTE,4.399,1,37 - FAILED TO YIELD RIGHT OF WAY - TURNING LEFT,No Data,No Data,75173,75173,No,1HGCP26868A164779,56,1 - MALE,N - NOT INJURED,0,1,1 - FRONT LEFT OR MOTORCYCLE DRIVER
20735959,Yes,ROCKWALL POLICE DEPARTMENT,2025-11608,ROCKWALL,FAILED TO YIELD RIGHT OF WAY - TURNING LEFT,ROCKWALL,2025-04-02,N - NOT INJURED,0,NO DATA,19 - BAYLOR SCOTT & WHITE MEDICAL CENTER - LAKE POINTE,4.399,1,No Data,No Data,No Data,75087,75087,No,3MZBN1V35JM273966,35,2 - FEMALE,N - NOT INJURED,0,1,1 - FRONT LEFT OR MOTORCYCLE DRIVER
20735960,Yes,HARRIS COUNTY SHERIFF'S OFFICE,2504-00535,OUTSIDE CITY LIMITS,DISREGARD STOP SIGN OR LIGHT,HARRIS,2025-04-02,N - NOT INJURED,0,NO DATA,121 - HCA HOUSTON HEALTHCARE WEST,2.969,PD,16 - DISREGARD STOP SIGN OR LIGHT,No Data,No Data,,77082,Yes,3GNDA23D87S510194,No Data,99 - UNKNOWN,99 - UNKNOWN,0,1,1 - FRONT LEFT OR MOTORCYCLE DRIVER
20735960,Yes,HARRIS COUNTY SHERIFF'S OFFICE,2504-00535,OUTSIDE CITY LIMITS,DISREGARD STOP SIGN OR LIGHT,HARRIS,2025-04-02,N - NOT INJURED,0,NO DATA,121 - HCA HOUSTON HEALTHCARE WEST,2.969,PD,No Data,No Data,No Data,77083,77083,No,5TETX22N88Z522495,78,1 - MALE,N - NOT INJURED,0,1,1 - FRONT LEFT OR MOTORCYCLE DRIVER
20735964,Yes,VAN ALSTYNE POLICE DEPARTMENT,2500008074,VAN ALSTYNE,FAILED TO YIELD RIGHT OF WAY - STOP SIGN,GRAYSON,2025-04-02,N - NOT INJURED,0,NO DATA,303 - WILSON N. JONES REGIONAL MEDICAL CENTER,14.76,,35 - FAILED TO YIELD RIGHT OF WAY - STOP SIGN,No Data,No Data,75495,75495,No,3C6RR6KT1GG292858,16,2 - FEMALE,N - NOT INJURED,0,1,1 - FRONT LEFT OR MOTORCYCLE DRIVER
20735964,Yes,VAN ALSTYNE POLICE DEPARTMENT,2500008074,VAN ALSTYNE,FAILED TO YIELD RIGHT OF WAY - STOP SIGN,GRAYSON,2025-04-02,N - NOT INJURED,0,NO DATA,303 - WILSON N. JONES REGIONAL MEDICAL CENTER,14.76,,No Data,No Data,No Data,75495,75495,No,1FTFW1ET4EKG55243,15,1 - MALE,N - NOT INJURED,0,1,1 - FRONT LEFT OR MOTORCYCLE DRIVER
20735964,Yes,VAN ALSTYNE POLICE DEPARTMENT,2500008074,VAN ALSTYNE,FAILED TO YIELD RIGHT OF WAY - STOP SIGN,GRAYSON,2025-04-02,N - NOT INJURED,0,NO DATA,303 - WILSON N. JONES REGIONAL MEDICAL CENTER,14.76,,No Data,No Data,No Data,75495,75495,No,1FTFW1ET4EKG55243,44,2 - FEMALE,N - NOT INJURED,0,2,3 - FRONT RIGHT
20735967,Yes,FORT BEND COUNTY SHERIFF'S OFFICE,25-13026,OUTSIDE CITY LIMITS,DISREGARD STOP SIGN OR LIGHT,FORT BEND,2025-04-02,N - NOT INJURED,0,NO DATA,121 - HCA HOUSTON HEALTHCARE WEST,6.879,01,16 - DISREGARD STOP SIGN OR LIGHT,No Data,No Data,77407,77407,No,5YFBU4EE7DP149302,87,1 - MALE,N - NOT INJURED,0,1,1 - FRONT LEFT OR MOTORCYCLE DRIVER
20735967,Yes,FORT BEND COUNTY SHERIFF'S OFFICE,25-13026,OUTSIDE CITY LIMITS,DISREGARD STOP SIGN OR LIGHT,FORT BEND,2025-04-02,N - NOT INJURED,0,NO DATA,121 - HCA HOUSTON HEALTHCARE WEST,6.879,01,No Data,No Data,No Data,77407,77407,No,5TFJA5AB7PX029687,36,1 - MALE,N - NOT INJURED,0,1,1 - FRONT LEFT OR MOTORCYCLE DRIVER
20735967,Yes,FORT BEND COUNTY SHERIFF'S OFFICE,25-13026,OUTSIDE CITY LIMITS,DISREGARD STOP SIGN OR LIGHT,FORT BEND,2025-04-02,N - NOT INJURED,0,NO DATA,121 - HCA HOUSTON HEALTHCARE WEST,6.879,01,No Data,No Data,No Data,77407,77407,No,5TFJA5AB7PX029687,3,1 - MALE,N - NOT INJURED,0,2,4 - SECOND SEAT LEFT OR MOTORCYCLE BACK PASSENGER
20735969,Yes,FORT BEND COUNTY SHERIFF'S OFFICE,25-13039,OUTSIDE CITY LIMITS,TURNED WHEN UNSAFE,FORT BEND,2025-04-02,N - NOT INJURED,0,NO DATA,180 - MEMORIAL HERMANN SUGAR LAND HOSPITAL,2.565,01,66 - TURNED WHEN UNSAFE,No Data,No Data,77407,77407,No,5TDKRKEC4MS062534,68,1 - MALE,N - NOT INJURED,0,1,1 - FRONT LEFT OR MOTORCYCLE DRIVER
20735969,Yes,FORT BEND COUNTY SHERIFF'S OFFICE,25-13039,OUTSIDE CITY LIMITS,TURNED WHEN UNSAFE,FORT BEND,2025-04-02,N - NOT INJURED,0,NO DATA,180 - MEMORIAL HERMANN SUGAR LAND HOSPITAL,2.565,01,No Data,No Data,No Data,77545,77469,No,1XPXD49X2CD162069,53,1 - MALE,N - NOT INJURED,0,1,1 - FRONT LEFT OR MOTORCYCLE DRIVER
20735972,Yes,FORT BEND COUNTY SHERIFF'S OFFICE,25-13087,OUTSIDE CITY LIMITS,FAILED TO YIELD RIGHT OF WAY - TURNING LEFT,FORT BEND,2025-04-02,N - NOT INJURED,0,NO DATA,180 - MEMORIAL HERMANN SUGAR LAND HOSPITAL,5.885,02,37 - FAILED TO YIELD RIGHT OF WAY - TURNING LEFT,No Data,No Data,77498,77498,No,5TDDKRFH0GS303137,49,1 - MALE,N - NOT INJURED,0,1,1 - FRONT LEFT OR MOTORCYCLE DRIVER
20735972,Yes,FORT BEND COUNTY SHERIFF'S OFFICE,25-13087,OUTSIDE CITY LIMITS,FAILED TO YIELD RIGHT OF WAY - TURNING LEFT,FORT BEND,2025-04-02,N - NOT INJURED,0,NO DATA,180 - MEMORIAL HERMANN SUGAR LAND HOSPITAL,5.885,02,No Data,No Data,No Data,77498,77498,No,4T1BD1EB6DU008577,18,1 - MALE,N - NOT INJURED,0,1,1 - FRONT LEFT OR MOTORCYCLE DRIVER
20735974,Yes,DALLAS COUNTY SHERIFF'S OFFICE,25-021129,DALLAS,UNSAFE SPEED,DALLAS,2025-04-02,N - NOT INJURED,0,NO DATA,26 - BAYLOR UNIVERSITY MEDICAL CENTER,3.17,2,No Data,No Data,No Data,75160,75160,No,YV4ED3UR4N2646624,42,1 - MALE,N - NOT INJURED,0,1,1 - FRONT LEFT OR MOTORCYCLE DRIVER
20735974,Yes,DALLAS COUNTY SHERIFF'S OFFICE,25-021129,DALLAS,UNSAFE SPEED,DALLAS,2025-04-02,N - NOT INJURED,0,NO DATA,26 - BAYLOR UNIVERSITY MEDICAL CENTER,3.17,2,60 - UNSAFE SPEED,No Data,No Data,,75159,Yes,WBA3B3G57DNR79855,No Data,99 - UNKNOWN,99 - UNKNOWN,0,1,1 - FRONT LEFT OR MOTORCYCLE DRIVER
20735979,Yes,AMARILLO POLICE DEPARTMENT,25-038685,AMARILLO,FAILED TO YIELD RIGHT OF WAY - STOP SIGN,POTTER,2025-04-02,N - NOT INJURED,0,NO DATA,31 - BSA HOSPITAL,0.488,,35 - FAILED TO YIELD RIGHT OF WAY - STOP SIGN,No Data,No Data,79045,79045,No,2GTEK13T641382847,29,1 - MALE,N - NOT INJURED,0,1,1 - FRONT LEFT OR MOTORCYCLE DRIVER
20735979,Yes,AMARILLO POLICE DEPARTMENT,25-038685,AMARILLO,FAILED TO YIELD RIGHT OF WAY - STOP SIGN,POTTER,2025-04-02,N - NOT INJURED,0,NO DATA,31 - BSA HOSPITAL,0.488,,No Data,No Data,No Data,79102,79102,No,5GNEN13E898124200,59,2 - FEMALE,N - NOT INJURED,0,1,1 - FRONT LEFT OR MOTORCYCLE DRIVER
20735981,Yes,TYLER POLICE DEPARTMENT,25-004733,TYLER,NONE,SMITH,2025-04-02,N - NOT INJURED,0,NO DATA,288 - UT HEALTH EAST TEXAS TYLER REGIONAL HOSPITAL,2.823,,No Data,No Data,No Data,,No Data,Yes,No Data,No Data,99 - UNKNOWN,99 - UNKNOWN,0,1,1 - FRONT LEFT OR MOTORCYCLE DRIVER
20735981,Yes,TYLER POLICE DEPARTMENT,25-004733,TYLER,NONE,SMITH,2025-04-02,N - NOT INJURED,0,NO DATA,288 - UT HEALTH EAST TEXAS TYLER REGIONAL HOSPITAL,2.823,,No Data,No Data,No Data,76579,76579,No,3MZBM1U78GM286971,22,2 - FEMALE,N - NOT INJURED,0,1,1 - FRONT LEFT OR MOTORCYCLE DRIVER
20735988,Yes,TYLER POLICE DEPARTMENT,25-004749,TYLER,FAILED TO CONTROL SPEED,SMITH,2025-04-02,B - SUSPECTED MINOR INJURY,0,NO DATA,288 - UT HEALTH EAST TEXAS TYLER REGIONAL HOSPITAL,0.936,,22 - FAILED TO CONTROL SPEED,No Data,No Data,75762,75762,No,1FTEW1C87AKA60133,19,1 - MALE,N - NOT INJURED,0,1,1 - FRONT LEFT OR MOTORCYCLE DRIVER
20735988,Yes,TYLER POLICE DEPARTMENT,25-004749,TYLER,FAILED TO CONTROL SPEED,SMITH,2025-04-02,B - SUSPECTED MINOR INJURY,0,NO DATA,288 - UT HEALTH EAST TEXAS TYLER REGIONAL HOSPITAL,0.936,,No Data,No Data,No Data,75789,75789,No,JN8AT3AA5MW004203,39,2 - FEMALE,B - SUSPECTED MINOR INJURY,1,1,1 - FRONT LEFT OR MOTORCYCLE DRIVER
20735989,Yes,SHERMAN POLICE DEPARTMENT,250001348,SHERMAN,DRIVER INATTENTION,GRAYSON,2025-04-02,C - POSSIBLE INJURY,0,NO DATA,303 - WILSON N. JONES REGIONAL MEDICAL CENTER,2.419,,No Data,No Data,No Data,78083,78083,No,3C6UR5FL6JG297253,39,1 - MALE,N - NOT INJURED,0,1,1 - FRONT LEFT OR MOTORCYCLE DRIVER
20735989,Yes,SHERMAN POLICE DEPARTMENT,250001348,SHERMAN,DRIVER INATTENTION,GRAYSON,2025-04-02,C - POSSIBLE INJURY,0,NO DATA,303 - WILSON N. JONES REGIONAL MEDICAL CENTER,2.419,,No Data,No Data,No Data,75090,75090,No,2T3F1RFV8LW089363,42,1 - MALE,C - POSSIBLE INJURY,0,1,1 - FRONT LEFT OR MOTORCYCLE DRIVER
20735990,Yes,EL PASO POLICE DEPARTMENT,25-092164,EL PASO,FAILED TO YIELD RIGHT OF WAY - TURNING LEFT,EL PASO,2025-04-02,N - NOT INJURED,0,NO DATA,"88 - DEL SOL MEDICAL CENTER, A CAMPUS OF LPDS HEALTHCARE",2.326,,37 - FAILED TO YIELD RIGHT OF WAY - TURNING LEFT,No Data,No Data,79924,79915,No,3GCNWAEF2MG373209,49,1 - MALE,N - NOT INJURED,0,1,1 - FRONT LEFT OR MOTORCYCLE DRIVER
20735990,Yes,EL PASO POLICE DEPARTMENT,25-092164,EL PASO,FAILED TO YIELD RIGHT OF WAY - TURNING LEFT,EL PASO,2025-04-02,N - NOT INJURED,0,NO DATA,"88 - DEL SOL MEDICAL CENTER, A CAMPUS OF LPDS HEALTHCARE",2.326,,37 - FAILED TO YIELD RIGHT OF WAY - TURNING LEFT,No Data,No Data,79924,79915,No,3GCNWAEF2MG373209,18,1 - MALE,N - NOT INJURED,0,2,3 - FRONT RIGHT
20735990,Yes,EL PASO POLICE DEPARTMENT,25-092164,EL PASO,FAILED TO YIELD RIGHT OF WAY - TURNING LEFT,EL PASO,2025-04-02,N - NOT INJURED,0,NO DATA,"88 - DEL SOL MEDICAL CENTER, A CAMPUS OF LPDS HEALTHCARE",2.326,,No Data,No Data,No Data,79925,79925,No,1GCEC19V36Z278364,73,1 - MALE,N - NOT INJURED,0,1,1 - FRONT LEFT OR MOTORCYCLE DRIVER
20735991,Yes,TYLER POLICE DEPARTMENT,25-004730,TYLER,FAILED TO CONTROL SPEED,SMITH,2025-04-02,N - NOT INJURED,0,NO DATA,288 - UT HEALTH EAST TEXAS TYLER REGIONAL HOSPITAL,3.204,,22 - FAILED TO CONTROL SPEED,No Data,No Data,75703,75703,No,1G4HD57M69U114163,45,1 - MALE,N - NOT INJURED,0,1,1 - FRONT LEFT OR MOTORCYCLE DRIVER
20735991,Yes,TYLER POLICE DEPARTMENT,25-004730,TYLER,FAILED TO CONTROL SPEED,SMITH,2025-04-02,N - NOT INJURED,0,NO DATA,288 - UT HEALTH EAST TEXAS TYLER REGIONAL HOSPITAL,3.204,,No Data,No Data,No Data,75703,75703,No,JTEABFAJ5RK011002,22,1 - MALE,N - NOT INJURED,0,1,1 - FRONT LEFT OR MOTORCYCLE DRIVER
20735996,Yes,TYLER POLICE DEPARTMENT,25-004736,TYLER,FAILED TO CONTROL SPEED,SMITH,2025-04-02,N - NOT INJURED,0,NO DATA,288 - UT HEALTH EAST TEXAS TYLER REGIONAL HOSPITAL,5.793,,22 - FAILED TO CONTROL SPEED,No Data,No Data,75766,75766,No,5NPDH4AE0DH446623,25,2 - FEMALE,N - NOT INJURED,0,1,1 - FRONT LEFT OR MOTORCYCLE DRIVER
20735996,Yes,TYLER POLICE DEPARTMENT,25-004736,TYLER,FAILED TO CONTROL SPEED,SMITH,2025-04-02,N - NOT INJURED,0,NO DATA,288 - UT HEALTH EAST TEXAS TYLER REGIONAL HOSPITAL,5.793,,No Data,No Data,No Data,75750,75750,No,5UXTY3C07M9H44281,57,1 - MALE,N - NOT INJURED,0,1,1 - FRONT LEFT OR MOTORCYCLE DRIVER
20736004,Yes,TYLER POLICE DEPARTMENT,25-004743,TYLER,DISREGARD STOP SIGN OR LIGHT,SMITH,2025-04-02,C - POSSIBLE INJURY,0,NO DATA,49 - CHRISTUS MOTHER FRANCES HOSPITAL - TYLER,0.058,,16 - DISREGARD STOP SIGN OR LIGHT,No Data,No Data,75706,75706,No,1GCPYCEF6MZ352670,20,2 - FEMALE,C - POSSIBLE INJURY,0,1,1 - FRONT LEFT OR MOTORCYCLE DRIVER
20736004,Yes,TYLER POLICE DEPARTMENT,25-004743,TYLER,DISREGARD STOP SIGN OR LIGHT,SMITH,2025-04-02,C - POSSIBLE INJURY,0,NO DATA,49 - CHRISTUS MOTHER FRANCES HOSPITAL - TYLER,0.058,,No Data,No Data,No Data,75773,75773,No,5NMS44AL1PH487281,48,2 - FEMALE,C - POSSIBLE INJURY,0,1,1 - FRONT LEFT OR MOTORCYCLE DRIVER
20736004,Yes,TYLER POLICE DEPARTMENT,25-004743,TYLER,DISREGARD STOP SIGN OR LIGHT,SMITH,2025-04-02,C - POSSIBLE INJURY,0,NO DATA,49 - CHRISTUS MOTHER FRANCES HOSPITAL - TYLER,0.058,,No Data,No Data,No Data,75773,75773,No,5NMS44AL1PH487281,17,2 - FEMALE,C - POSSIBLE INJURY,0,2,3 - FRONT RIGHT
20736008,Yes,FORT BEND COUNTY SHERIFF'S OFFICE,25-13130,OUTSIDE CITY LIMITS,FAILED TO YIELD RIGHT OF WAY - PRIVATE DRIVE,FORT BEND,2025-04-02,N - NOT INJURED,0,NO DATA,203 - OAKBEND MEDICAL CENTER ***JS MAIN CAMPUS,4.521,02,34 - FAILED TO YIELD RIGHT OF WAY - PRIVATE DRIVE,No Data,No Data,77471,77471,No,4T1DAACK7SU016561,56,1 - MALE,N - NOT INJURED,0,1,1 - FRONT LEFT OR MOTORCYCLE DRIVER
20736008,Yes,FORT BEND COUNTY SHERIFF'S OFFICE,25-13130,OUTSIDE CITY LIMITS,FAILED TO YIELD RIGHT OF WAY - PRIVATE DRIVE,FORT BEND,2025-04-02,N - NOT INJURED,0,NO DATA,203 - OAKBEND MEDICAL CENTER ***JS MAIN CAMPUS,4.521,02,No Data,No Data,No Data,77406,77406,No,3FMCR9B67RRE63853,17,2 - FEMALE,N - NOT INJURED,0,1,1 - FRONT LEFT OR MOTORCYCLE DRIVER
20736012,Yes,EL PASO POLICE DEPARTMENT,25-092110,EL PASO,DISTRACTION IN VEHICLE; FAILED TO CONTROL SPEED,EL PASO,2025-04-02,B - SUSPECTED MINOR INJURY,0,NO DATA,"88 - DEL SOL MEDICAL CENTER, A CAMPUS OF LPDS HEALTHCARE",4.256,,22 - FAILED TO CONTROL SPEED,19 - DISTRACTION IN VEHICLE,No Data,79849,79849,No,5NPD84LF0HH121658,19,1 - MALE,B - SUSPECTED MINOR INJURY,1,1,1 - FRONT LEFT OR MOTORCYCLE DRIVER
20736012,Yes,EL PASO POLICE DEPARTMENT,25-092110,EL PASO,DISTRACTION IN VEHICLE; FAILED TO CONTROL SPEED,EL PASO,2025-04-02,B - SUSPECTED MINOR INJURY,0,NO DATA,"88 - DEL SOL MEDICAL CENTER, A CAMPUS OF LPDS HEALTHCARE",4.256,,No Data,No Data,No Data,79927,79927,No,1FTPW12V76FB43044,39,2 - FEMALE,B - SUSPECTED MINOR INJURY,1,1,1 - FRONT LEFT OR MOTORCYCLE DRIVER
20736012,Yes,EL PASO POLICE DEPARTMENT,25-092110,EL PASO,DISTRACTION IN VEHICLE; FAILED TO CONTROL SPEED,EL PASO,2025-04-02,B - SUSPECTED MINOR INJURY,0,NO DATA,"88 - DEL SOL MEDICAL CENTER, A CAMPUS OF LPDS HEALTHCARE",4.256,,No Data,No Data,No Data,79927,79927,No,1FTPW12V76FB43044,77,2 - FEMALE,B - SUSPECTED MINOR INJURY,1,2,3 - FRONT RIGHT
20736015,No,HOUSTON POLICE DEPARTMENT,0042139025H,HOUSTON,FAILED TO CONTROL SPEED,HARRIS,2025-04-02,C - POSSIBLE INJURY,0,NO DATA,165 - MEMORIAL HERMANN MEMORIAL CITY MEDICAL CENTER,5.294,F,22 - FAILED TO CONTROL SPEED,No Data,No Data,77041,77041,No,WD3PE7CC3C5680850,60,1 - MALE,C - POSSIBLE INJURY,0,1,1 - FRONT LEFT OR MOTORCYCLE DRIVER
20736015,No,HOUSTON POLICE DEPARTMENT,0042139025H,HOUSTON,FAILED TO CONTROL SPEED,HARRIS,2025-04-02,C - POSSIBLE INJURY,0,NO DATA,165 - MEMORIAL HERMANN MEMORIAL CITY MEDICAL CENTER,5.294,F,No Data,No Data,No Data,77018,77018,No,KL8CB6S99EC454428,26,2 - FEMALE,C - POSSIBLE INJURY,0,1,1 - FRONT LEFT OR MOTORCYCLE DRIVER
20736017,Yes,TYLER POLICE DEPARTMENT,25-004732,TYLER,FAILED TO YIELD RIGHT OF WAY - OPEN INTERSECTION;OTHER (EXPLAIN IN NARRATIVE),SMITH,2025-04-02,N - NOT INJURED,0,NO DATA,288 - UT HEALTH EAST TEXAS TYLER REGIONAL HOSPITAL,2.848,,33 - FAILED TO YIELD RIGHT OF WAY - OPEN INTERSECTION,98 - OTHER (EXPLAIN IN NARRATIVE),No Data,75701,75701,No,1HGCD5600VA152420,64,1 - MALE,N - NOT INJURED,0,1,1 - FRONT LEFT OR MOTORCYCLE DRIVER
20736017,Yes,TYLER POLICE DEPARTMENT,25-004732,TYLER,FAILED TO YIELD RIGHT OF WAY - OPEN INTERSECTION;OTHER (EXPLAIN IN NARRATIVE),SMITH,2025-04-02,N - NOT INJURED,0,NO DATA,288 - UT HEALTH EAST TEXAS TYLER REGIONAL HOSPITAL,2.848,,No Data,No Data,No Data,75703,75703,No,2C3CDXBG1MH677746,53,2 - FEMALE,N - NOT INJURED,0,1,1 - FRONT LEFT OR MOTORCYCLE DRIVER
20736017,Yes,TYLER POLICE DEPARTMENT,25-004732,TYLER,FAILED TO YIELD RIGHT OF WAY - OPEN INTERSECTION;OTHER (EXPLAIN IN NARRATIVE),SMITH,2025-04-02,N - NOT INJURED,0,NO DATA,288 - UT HEALTH EAST TEXAS TYLER REGIONAL HOSPITAL,2.848,,No Data,No Data,No Data,75801,75801,No,2C4RDGBG0HR769436,62,2 - FEMALE,N - NOT INJURED,0,1,1 - FRONT LEFT OR MOTORCYCLE DRIVER
20736020,Yes,BRAZORIA COUNTY SHERIFF'S OFFICE,,RICHWOOD,DRIVER INATTENTION; FAILED TO CONTROL SPEED,BRAZORIA,2025-04-02,N - NOT INJURED,0,NO DATA,285 - UTMB HEALTH ANGLETON DANBURY CAMPUS,6.105,,22 - FAILED TO CONTROL SPEED,20 - DRIVER INATTENTION,No Data,77566,77566,No,1GCHK63619F117631,61,1 - MALE,N - NOT INJURED,0,1,1 - FRONT LEFT OR MOTORCYCLE DRIVER
20736020,Yes,BRAZORIA COUNTY SHERIFF'S OFFICE,,RICHWOOD,DRIVER INATTENTION; FAILED TO CONTROL SPEED,BRAZORIA,2025-04-02,N - NOT INJURED,0,NO DATA,285 - UTMB HEALTH ANGLETON DANBURY CAMPUS,6.105,,20 - DRIVER INATTENTION,No Data,No Data,77566,77566,No,3GTUUDED9PG303888,57,1 - MALE,N - NOT INJURED,0,1,1 - FRONT LEFT OR MOTORCYCLE DRIVER
20736022,Yes,BRAZORIA COUNTY SHERIFF'S OFFICE,202541622,BAILEY'S PRAIRIE,FAILED TO YIELD RIGHT OF WAY - TURNING LEFT,BRAZORIA,2025-04-02,B - SUSPECTED MINOR INJURY,0,NO DATA,285 - UTMB HEALTH ANGLETON DANBURY CAMPUS,6.7,,37 - FAILED TO YIELD RIGHT OF WAY - TURNING LEFT,No Data,No Data,77471,77471,No,1GC4YNEY3NF256630,63,1 - MALE,N - NOT INJURED,0,1,1 - FRONT LEFT OR MOTORCYCLE DRIVER
20736022,Yes,BRAZORIA COUNTY SHERIFF'S OFFICE,202541622,BAILEY'S PRAIRIE,FAILED TO YIELD RIGHT OF WAY - TURNING LEFT,BRAZORIA,2025-04-02,B - SUSPECTED MINOR INJURY,0,NO DATA,285 - UTMB HEALTH ANGLETON DANBURY CAMPUS,6.7,,No Data,No Data,No Data,77515,77515,No,1N4AA6AP5HC453448,41,2 - FEMALE,B - SUSPECTED MINOR INJURY,1,1,1 - FRONT LEFT OR MOTORCYCLE DRIVER
20736024,Yes,GRAND PRAIRIE POLICE DEPARTMENT,2500005138,DALLAS,FLEEING OR EVADING POLICE,DALLAS,2025-04-02,N - NOT INJURED,0,NO DATA,177 - METHODIST CHARLTON MEDICAL CENTER,4.065,,43 - FLEEING OR EVADING POLICE,No Data,No Data,,76036,Yes,2C3CDXGJ7LH181692,No Data,1 - MALE,99 - UNKNOWN,0,1,1 - FRONT LEFT OR MOTORCYCLE DRIVER
20736024,Yes,GRAND PRAIRIE POLICE DEPARTMENT,2500005138,DALLAS,FLEEING OR EVADING POLICE,DALLAS,2025-04-02,N - NOT INJURED,0,NO DATA,177 - METHODIST CHARLTON MEDICAL CENTER,4.065,,No Data,No Data,No Data,75052,75052,No,1GNLCDEC2KR307478,30,1 - MALE,N - NOT INJURED,0,1,1 - FRONT LEFT OR MOTORCYCLE DRIVER
20736025,Yes,FORT BEND COUNTY SHERIFF'S OFFICE,25-13126,OUTSIDE CITY LIMITS,BACKED WITHOUT SAFETY,FORT BEND,2025-04-02,B - SUSPECTED MINOR INJURY,0,NO DATA,No Data,No Data,02,3 - BACKED WITHOUT SAFETY,No Data,No Data,77441,77441,No,19UUB1F63LA010907,40,1 - MALE,N - NOT INJURED,0,1,1 - FRONT LEFT OR MOTORCYCLE DRIVER
20736025,Yes,FORT BEND COUNTY SHERIFF'S OFFICE,25-13126,OUTSIDE CITY LIMITS,BACKED WITHOUT SAFETY,FORT BEND,2025-04-02,B - SUSPECTED MINOR INJURY,0,NO DATA,No Data,No Data,02,3 - BACKED WITHOUT SAFETY,No Data,No Data,77441,77441,No,19UUB1F63LA010907,17,2 - FEMALE,B - SUSPECTED MINOR INJURY,1,2,6 - SECOND SEAT RIGHT
20736025,Yes,FORT BEND COUNTY SHERIFF'S OFFICE,25-13126,OUTSIDE CITY LIMITS,BACKED WITHOUT SAFETY,FORT BEND,2025-04-02,B - SUSPECTED MINOR INJURY,0,NO DATA,No Data,No Data,02,No Data,No Data,No Data,77494,77494,No,5YFEPRAE1LP059911,41,1 - MALE,B - SUSPECTED MINOR INJURY,1,1,1 - FRONT LEFT OR MOTORCYCLE DRIVER
20736027,Yes,GRAND PRAIRIE POLICE DEPARTMENT,2500005158,GRAND PRAIRIE,FAILED TO YIELD RIGHT OF WAY - PRIVATE DRIVE,DALLAS,2025-04-02,N - NOT INJURED,0,NO DATA,150 - MEDICAL CITY ARLINGTON,6.285,,34 - FAILED TO YIELD RIGHT OF WAY - PRIVATE DRIVE,No Data,No Data,76018,76018,No,19VDE1F38EE001270,20,2 - FEMALE,N - NOT INJURED,0,1,1 - FRONT LEFT OR MOTORCYCLE DRIVER
20736027,Yes,GRAND PRAIRIE POLICE DEPARTMENT,2500005158,GRAND PRAIRIE,FAILED TO YIELD RIGHT OF WAY - PRIVATE DRIVE,DALLAS,2025-04-02,N - NOT INJURED,0,NO DATA,150 - MEDICAL CITY ARLINGTON,6.285,,34 - FAILED TO YIELD RIGHT OF WAY - PRIVATE DRIVE,No Data,No Data,76018,76018,No,19VDE1F38EE001270,20,2 - FEMALE,N - NOT INJURED,0,2,3 - FRONT RIGHT
20736027,Yes,GRAND PRAIRIE POLICE DEPARTMENT,2500005158,GRAND PRAIRIE,FAILED TO YIELD RIGHT OF WAY - PRIVATE DRIVE,DALLAS,2025-04-02,N - NOT INJURED,0,NO DATA,150 - MEDICAL CITY ARLINGTON,6.285,,No Data,No Data,No Data,75141,75141,No,1G1PC5SG9G7118717,19,1 - MALE,N - NOT INJURED,0,1,1 - FRONT LEFT OR MOTORCYCLE DRIVER
20736028,Yes,GRAND PRAIRIE POLICE DEPARTMENT,2500005173,GRAND PRAIRIE,FAILED TO CONTROL SPEED,TARRANT,2025-04-02,C - POSSIBLE INJURY,0,NO DATA,150 - MEDICAL CITY ARLINGTON,3.548,,22 - FAILED TO CONTROL SPEED,No Data,No Data,75052,75052,No,JH4CU2F65BC009785,19,1 - MALE,N - NOT INJURED,0,1,1 - FRONT LEFT OR MOTORCYCLE DRIVER
20736028,Yes,GRAND PRAIRIE POLICE DEPARTMENT,2500005173,GRAND PRAIRIE,FAILED TO CONTROL SPEED,TARRANT,2025-04-02,C - POSSIBLE INJURY,0,NO DATA,150 - MEDICAL CITY ARLINGTON,3.548,,No Data,No Data,No Data,76006,21117,No,NM0LS7E28L1460674,61,1 - MALE,N - NOT INJURED,0,1,1 - FRONT LEFT OR MOTORCYCLE DRIVER
20736028,Yes,GRAND PRAIRIE POLICE DEPARTMENT,2500005173,GRAND PRAIRIE,FAILED TO CONTROL SPEED,TARRANT,2025-04-02,C - POSSIBLE INJURY,0,NO DATA,150 - MEDICAL CITY ARLINGTON,3.548,,No Data,No Data,No Data,75080,75080,No,KMHCT4AE7HU191177,37,2 - FEMALE,N - NOT INJURED,0,1,1 - FRONT LEFT OR MOTORCYCLE DRIVER
20736028,Yes,GRAND PRAIRIE POLICE DEPARTMENT,2500005173,GRAND PRAIRIE,FAILED TO CONTROL SPEED,TARRANT,2025-04-02,C - POSSIBLE INJURY,0,NO DATA,150 - MEDICAL CITY ARLINGTON,3.548,,No Data,No Data,No Data,75080,75080,No,KMHCT4AE7HU191177,33,1 - MALE,N - NOT INJURED,0,2,3 - FRONT RIGHT
20736028,Yes,GRAND PRAIRIE POLICE DEPARTMENT,2500005173,GRAND PRAIRIE,FAILED TO CONTROL SPEED,TARRANT,2025-04-02,C - POSSIBLE INJURY,0,NO DATA,150 - MEDICAL CITY ARLINGTON,3.548,,No Data,No Data,No Data,76006,76006,No,2T2ZK1BA9CC074083,46,1 - MALE,N - NOT INJURED,0,1,1 - FRONT LEFT OR MOTORCYCLE DRIVER
20736028,Yes,GRAND PRAIRIE POLICE DEPARTMENT,2500005173,GRAND PRAIRIE,FAILED TO CONTROL SPEED,TARRANT,2025-04-02,C - POSSIBLE INJURY,0,NO DATA,150 - MEDICAL CITY ARLINGTON,3.548,,No Data,No Data,No Data,76006,76006,No,2T2ZK1BA9CC074083,22,1 - MALE,C - POSSIBLE INJURY,0,2,6 - SECOND SEAT RIGHT
20736029,No,GRAND PRAIRIE POLICE DEPARTMENT,2500005205,GRAND PRAIRIE,DRIVER INATTENTION,DALLAS,2025-04-02,B - SUSPECTED MINOR INJURY,0,NO DATA,150 - MEDICAL CITY ARLINGTON,6.54,,20 - DRIVER INATTENTION,No Data,No Data,,75211,Yes,5TFAW5F15FX468497,No Data,99 - UNKNOWN,99 - UNKNOWN,0,1,1 - FRONT LEFT OR MOTORCYCLE DRIVER
20736029,No,GRAND PRAIRIE POLICE DEPARTMENT,2500005205,GRAND PRAIRIE,DRIVER INATTENTION,DALLAS,2025-04-02,B - SUSPECTED MINOR INJURY,0,NO DATA,150 - MEDICAL CITY ARLINGTON,6.54,,No Data,No Data,No Data,75051,75051,No,JN8DR09X02W662527,74,1 - MALE,B - SUSPECTED MINOR INJURY,1,1,1 - FRONT LEFT OR MOTORCYCLE DRIVER
20736029,No,GRAND PRAIRIE POLICE DEPARTMENT,2500005205,GRAND PRAIRIE,DRIVER INATTENTION,DALLAS,2025-04-02,B - SUSPECTED MINOR INJURY,0,NO DATA,150 - MEDICAL CITY ARLINGTON,6.54,,No Data,No Data,No Data,75051,75051,No,JN8DR09X02W662527,76,2 - FEMALE,B - SUSPECTED MINOR INJURY,1,2,3 - FRONT RIGHT
20736031,Yes,FORT BEND COUNTY SHERIFF'S OFFICE,25-13097,OUTSIDE CITY LIMITS,CHANGED LANE WHEN UNSAFE,FORT BEND,2025-04-02,N - NOT INJURED,0,NO DATA,121 - HCA HOUSTON HEALTHCARE WEST,6.033,02,4 - CHANGED LANE WHEN UNSAFE,No Data,No Data,77083,77083,No,1C6RREFT7MN709732,30,2 - FEMALE,N - NOT INJURED,0,1,1 - FRONT LEFT OR MOTORCYCLE DRIVER
20736031,Yes,FORT BEND COUNTY SHERIFF'S OFFICE,25-13097,OUTSIDE CITY LIMITS,CHANGED LANE WHEN UNSAFE,FORT BEND,2025-04-02,N - NOT INJURED,0,NO DATA,121 - HCA HOUSTON HEALTHCARE WEST,6.033,02,4 - CHANGED LANE WHEN UNSAFE,No Data,No Data,77083,77083,No,1C6RREFT7MN709732,1,1 - MALE,N - NOT INJURED,0,2,5 - SECOND SEAT CENTER
20736031,Yes,FORT BEND COUNTY SHERIFF'S OFFICE,25-13097,OUTSIDE CITY LIMITS,CHANGED LANE WHEN UNSAFE,FORT BEND,2025-04-02,N - NOT INJURED,0,NO DATA,121 - HCA HOUSTON HEALTHCARE WEST,6.033,02,4 - CHANGED LANE WHEN UNSAFE,No Data,No Data,77083,77083,No,1C6RREFT7MN709732,3,1 - MALE,N - NOT INJURED,0,3,6 - SECOND SEAT RIGHT
20736031,Yes,FORT BEND COUNTY SHERIFF'S OFFICE,25-13097,OUTSIDE CITY LIMITS,CHANGED LANE WHEN UNSAFE,FORT BEND,2025-04-02,N - NOT INJURED,0,NO DATA,121 - HCA HOUSTON HEALTHCARE WEST,6.033,02,No Data,No Data,No Data,77074,77074,No,1HGCV1F34JA061824,36,2 - FEMALE,N - NOT INJURED,0,1,1 - FRONT LEFT OR MOTORCYCLE DRIVER
20736032,Yes,FORT BEND COUNTY SHERIFF'S OFFICE,25-13136,OUTSIDE CITY LIMITS,FAILED TO CONTROL SPEED,FORT BEND,2025-04-02,N - NOT INJURED,0,NO DATA,121 - HCA HOUSTON HEALTHCARE WEST,4.264,02,22 - FAILED TO CONTROL SPEED,No Data,No Data,77498,77498,No,4T1BF1FK0EU471132,61,1 - MALE,N - NOT INJURED,0,1,1 - FRONT LEFT OR MOTORCYCLE DRIVER
20736032,Yes,FORT BEND COUNTY SHERIFF'S OFFICE,25-13136,OUTSIDE CITY LIMITS,FAILED TO CONTROL SPEED,FORT BEND,2025-04-02,N - NOT INJURED,0,NO DATA,121 - HCA HOUSTON HEALTHCARE WEST,4.264,02,No Data,No Data,No Data,77082,77082,No,4T1G11AK7RU864787,No Data,1 - MALE,N - NOT INJURED,0,1,1 - FRONT LEFT OR MOTORCYCLE DRIVER
20736036,Yes,FORT BEND COUNTY SHERIFF'S OFFICE,25-13120,OUTSIDE CITY LIMITS,FAILED TO PASS TO LEFT SAFELY,FORT BEND,2025-04-02,99 - UNKNOWN,0,NO DATA,121 - HCA HOUSTON HEALTHCARE WEST,4.657,02,26 - FAILED TO PASS TO LEFT SAFELY,No Data,No Data,,No Data,Yes,No Data,No Data,99 - UNKNOWN,99 - UNKNOWN,0,1,1 - FRONT LEFT OR MOTORCYCLE DRIVER
20736037,Yes,EL PASO POLICE DEPARTMENT,25-092024,EL PASO,FAILED TO CONTROL SPEED,EL PASO,2025-04-02,B - SUSPECTED MINOR INJURY,0,NO DATA,276 - UNIVERSITY MEDICAL CENTER OF EL PASO,5.521,,22 - FAILED TO CONTROL SPEED,No Data,No Data,79915,79915,No,1G4PS5SK7F4106074,36,1 - MALE,B - SUSPECTED MINOR INJURY,1,1,1 - FRONT LEFT OR MOTORCYCLE DRIVER
20736037,Yes,EL PASO POLICE DEPARTMENT,25-092024,EL PASO,FAILED TO CONTROL SPEED,EL PASO,2025-04-02,B - SUSPECTED MINOR INJURY,0,NO DATA,276 - UNIVERSITY MEDICAL CENTER OF EL PASO,5.521,,22 - FAILED TO CONTROL SPEED,No Data,No Data,79915,79915,No,1G4PS5SK7F4106074,30,2 - FEMALE,C - POSSIBLE INJURY,0,2,3 - FRONT RIGHT
20736038,Yes,FORT BEND COUNTY SHERIFF'S OFFICE,25-13054,OUTSIDE CITY LIMITS,OTHER (EXPLAIN IN NARRATIVE),FORT BEND,2025-04-02,B - SUSPECTED MINOR INJURY,0,NO DATA,121 - HCA HOUSTON HEALTHCARE WEST,5.864,04,98 - OTHER (EXPLAIN IN NARRATIVE),No Data,No Data,77406,77406,No,1C4NJPBA6FD409624,45,1 - MALE,B - SUSPECTED MINOR INJURY,1,1,1 - FRONT LEFT OR MOTORCYCLE DRIVER
20736039,Yes,HARLINGEN POLICE DEPARTMENT,2025-23774,HARLINGEN,FAILED TO YIELD RIGHT OF WAY - PRIVATE DRIVE,CAMERON,2025-04-02,N - NOT INJURED,0,NO DATA,290 - VALLEY BAPTIST MEDICAL CENTER,1.84,B3,34 - FAILED TO YIELD RIGHT OF WAY - PRIVATE DRIVE,No Data,No Data,78550,78550,No,JTMWFREV5D5008699,82,2 - FEMALE,N - NOT INJURED,0,1,1 - FRONT LEFT OR MOTORCYCLE DRIVER
20736039,Yes,HARLINGEN POLICE DEPARTMENT,2025-23774,HARLINGEN,FAILED TO YIELD RIGHT OF WAY - PRIVATE DRIVE,CAMERON,2025-04-02,N - NOT INJURED,0,NO DATA,290 - VALLEY BAPTIST MEDICAL CENTER,1.84,B3,No Data,No Data,No Data,78586,78586,No,2GNALDEK6D6209597,29,2 - FEMALE,N - NOT INJURED,0,1,1 - FRONT LEFT OR MOTORCYCLE DRIVER
20736039,Yes,HARLINGEN POLICE DEPARTMENT,2025-23774,HARLINGEN,FAILED TO YIELD RIGHT OF WAY - PRIVATE DRIVE,CAMERON,2025-04-02,N - NOT INJURED,0,NO DATA,290 - VALLEY BAPTIST MEDICAL CENTER,1.84,B3,No Data,No Data,No Data,78586,78586,No,2GNALDEK6D6209597,54,2 - FEMALE,N - NOT INJURED,0,2,3 - FRONT RIGHT
20736055,Yes,NOLANVILLE POLICE DEPARTMENT,2500114,NOLANVILLE,UNSAFE SPEED;WRONG WAY - ONE WAY ROAD,BELL,2025-04-02,B - SUSPECTED MINOR INJURY,0,NO DATA,232 - SETON MEDICAL CENTER HARKER HEIGHTS,3.674,,71 - WRONG WAY - ONE WAY ROAD,60 - UNSAFE SPEED,No Data,76543,76543,No,2C3CDXGJ7KH716308,41,2 - FEMALE,B - SUSPECTED MINOR INJURY,1,1,1 - FRONT LEFT OR MOTORCYCLE DRIVER
20736055,Yes,NOLANVILLE POLICE DEPARTMENT,2500114,NOLANVILLE,UNSAFE SPEED;WRONG WAY - ONE WAY ROAD,BELL,2025-04-02,B - SUSPECTED MINOR INJURY,0,NO DATA,232 - SETON MEDICAL CENTER HARKER HEIGHTS,3.674,,71 - WRONG WAY - ONE WAY ROAD,60 - UNSAFE SPEED,No Data,76543,76543,No,2C3CDXGJ7KH716308,25,2 - FEMALE,B - SUSPECTED MINOR INJURY,1,2,3 - FRONT RIGHT
20736055,Yes,NOLANVILLE POLICE DEPARTMENT,2500114,NOLANVILLE,UNSAFE SPEED;WRONG WAY - ONE WAY ROAD,BELL,2025-04-02,B - SUSPECTED MINOR INJURY,0,NO DATA,232 - SETON MEDICAL CENTER HARKER HEIGHTS,3.674,,71 - WRONG WAY - ONE WAY ROAD,60 - UNSAFE SPEED,No Data,76543,76543,No,2C3CDXGJ7KH716308,21,2 - FEMALE,B - SUSPECTED MINOR INJURY,1,3,6 - SECOND SEAT RIGHT
20736055,Yes,NOLANVILLE POLICE DEPARTMENT,2500114,NOLANVILLE,UNSAFE SPEED;WRONG WAY - ONE WAY ROAD,BELL,2025-04-02,B - SUSPECTED MINOR INJURY,0,NO DATA,232 - SETON MEDICAL CENTER HARKER HEIGHTS,3.674,,71 - WRONG WAY - ONE WAY ROAD,60 - UNSAFE SPEED,No Data,76543,76543,No,2C3CDXGJ7KH716308,23,2 - FEMALE,B - SUSPECTED MINOR INJURY,1,4,4 - SECOND SEAT LEFT OR MOTORCYCLE BACK PASSENGER
20736071,No,EL PASO POLICE DEPARTMENT,25-092032,EL PASO,CHANGED LANE WHEN UNSAFE,EL PASO,2025-04-02,C - POSSIBLE INJURY,0,NO DATA,"88 - DEL SOL MEDICAL CENTER, A CAMPUS OF LPDS HEALTHCARE",3.61,,4 - CHANGED LANE WHEN UNSAFE,No Data,No Data,79938,79938,No,1N4AL3AP5GC155621,19,1 - MALE,N - NOT INJURED,0,1,1 - FRONT LEFT OR MOTORCYCLE DRIVER
20736071,No,EL PASO POLICE DEPARTMENT,25-092032,EL PASO,CHANGED LANE WHEN UNSAFE,EL PASO,2025-04-02,C - POSSIBLE INJURY,0,NO DATA,"88 - DEL SOL MEDICAL CENTER, A CAMPUS OF LPDS HEALTHCARE",3.61,,No Data,No Data,No Data,79938,79938,No,KNAFU4A21A5225082,29,1 - MALE,C - POSSIBLE INJURY,0,1,1 - FRONT LEFT OR MOTORCYCLE DRIVER
20736077,Yes,"DEPARTMENT OF PUBLIC SAFETY, STATE OF TEXAS",TX 25-511231,OUTSIDE CITY LIMITS,UNSAFE SPEED,ANDERSON,2025-04-02,N - NOT INJURED,0,NO DATA,207 - PALESTINE REGIONAL MEDICAL CENTER,4.278,1B,60 - UNSAFE SPEED,No Data,No Data,75803,75803,No,1C6RD6FK4CS116826,37,1 - MALE,N - NOT INJURED,0,1,1 - FRONT LEFT OR MOTORCYCLE DRIVER
20736080,Yes,ROWLETT POLICE DEPARTMENT,25016482,ROWLETT,CHANGED LANE WHEN UNSAFE,DALLAS,2025-04-02,N - NOT INJURED,0,NO DATA,19 - BAYLOR SCOTT & WHITE MEDICAL CENTER - LAKE POINTE,0.555,,4 - CHANGED LANE WHEN UNSAFE,No Data,No Data,75089,75089,No,1FM5K7D85KGA71838,17,2 - FEMALE,N - NOT INJURED,0,1,1 - FRONT LEFT OR MOTORCYCLE DRIVER
20736080,Yes,ROWLETT POLICE DEPARTMENT,25016482,ROWLETT,CHANGED LANE WHEN UNSAFE,DALLAS,2025-04-02,N - NOT INJURED,0,NO DATA,19 - BAYLOR SCOTT & WHITE MEDICAL CENTER - LAKE POINTE,0.555,,No Data,No Data,No Data,75089,75089,No,5FNYF5H59HB019576,33,2 - FEMALE,N - NOT INJURED,0,1,1 - FRONT LEFT OR MOTORCYCLE DRIVER
20736084,Yes,WHITEWRIGHT POLICE DEPARTMENT,25-15448,WHITEWRIGHT,DRIVER INATTENTION,GRAYSON,2025-04-02,N - NOT INJURED,0,NO DATA,269 - TMC BONHAM HOSPITAL,13.753,,20 - DRIVER INATTENTION,No Data,No Data,75491-2141,75491-2141,No,1FADP3F22GL398690,18,2 - FEMALE,N - NOT INJURED,0,1,1 - FRONT LEFT OR MOTORCYCLE DRIVER
20736084,Yes,WHITEWRIGHT POLICE DEPARTMENT,25-15448,WHITEWRIGHT,DRIVER INATTENTION,GRAYSON,2025-04-02,N - NOT INJURED,0,NO DATA,269 - TMC BONHAM HOSPITAL,13.753,,No Data,No Data,No Data,75491-2141,75491-2141,No,1D7RB1GP6AS195320,76,2 - FEMALE,N - NOT INJURED,0,1,1 - FRONT LEFT OR MOTORCYCLE DRIVER
20736087,Yes,DALLAS COUNTY SHERIFF'S OFFICE,25-021166,DALLAS,FOLLOWED TOO CLOSELY,DALLAS,2025-04-02,B - SUSPECTED MINOR INJURY,0,NO DATA,86 - DALLAS MEDICAL CENTER,3.223,2,44 - FOLLOWED TOO CLOSELY,No Data,No Data,75115,75134,No,1FDWE3FL6DDB19857,38,1 - MALE,B - SUSPECTED MINOR INJURY,1,1,1 - FRONT LEFT OR MOTORCYCLE DRIVER
20736087,Yes,DALLAS COUNTY SHERIFF'S OFFICE,25-021166,DALLAS,FOLLOWED TOO CLOSELY,DALLAS,2025-04-02,B - SUSPECTED MINOR INJURY,0,NO DATA,86 - DALLAS MEDICAL CENTER,3.223,2,44 - FOLLOWED TOO CLOSELY,No Data,No Data,79424,76120,No,3FA6P0HD5HR407052,42,2 - FEMALE,C - POSSIBLE INJURY,0,1,1 - FRONT LEFT OR MOTORCYCLE DRIVER
20736087,Yes,DALLAS COUNTY SHERIFF'S OFFICE,25-021166,DALLAS,FOLLOWED TOO CLOSELY,DALLAS,2025-04-02,B - SUSPECTED MINOR INJURY,0,NO DATA,86 - DALLAS MEDICAL CENTER,3.223,2,44 - FOLLOWED TOO CLOSELY,No Data,No Data,79424,76120,No,3FA6P0HD5HR407052,43,2 - FEMALE,C - POSSIBLE INJURY,0,2,3 - FRONT RIGHT
20736087,Yes,DALLAS COUNTY SHERIFF'S OFFICE,25-021166,DALLAS,FOLLOWED TOO CLOSELY,DALLAS,2025-04-02,B - SUSPECTED MINOR INJURY,0,NO DATA,86 - DALLAS MEDICAL CENTER,3.223,2,No Data,No Data,No Data,76006,76006,No,1FMEE0RR9RLA17041,55,1 - MALE,N - NOT INJURED,0,1,1 - FRONT LEFT OR MOTORCYCLE DRIVER
20736087,Yes,DALLAS COUNTY SHERIFF'S OFFICE,25-021166,DALLAS,FOLLOWED TOO CLOSELY,DALLAS,2025-04-02,B - SUSPECTED MINOR INJURY,0,NO DATA,86 - DALLAS MEDICAL CENTER,3.223,2,No Data,No Data,No Data,76006,76006,No,1FMEE0RR9RLA17041,37,2 - FEMALE,N - NOT INJURED,0,2,3 - FRONT RIGHT
20736087,Yes,DALLAS COUNTY SHERIFF'S OFFICE,25-021166,DALLAS,FOLLOWED TOO CLOSELY,DALLAS,2025-04-02,B - SUSPECTED MINOR INJURY,0,NO DATA,86 - DALLAS MEDICAL CENTER,3.223,2,No Data,No Data,No Data,76006,76006,No,1FMEE0RR9RLA17041,42,2 - FEMALE,N - NOT INJURED,0,3,6 - SECOND SEAT RIGHT
20736092,Yes,GILMER POLICE DEPARTMENT,25-045,GILMER,DRIVER INATTENTION;FAILED TO YIELD RIGHT OF WAY - STOP SIGN,UPSHUR,2025-04-02,N - NOT INJURED,0,NO DATA,149 - LONGVIEW REGIONAL MEDICAL CENTER,18.733,,35 - FAILED TO YIELD RIGHT OF WAY - STOP SIGN,20 - DRIVER INATTENTION,No Data,75457,75494,No,5GZCZ53436S821975,49,1 - MALE,N - NOT INJURED,0,1,1 - FRONT LEFT OR MOTORCYCLE DRIVER
20736092,Yes,GILMER POLICE DEPARTMENT,25-045,GILMER,DRIVER INATTENTION;FAILED TO YIELD RIGHT OF WAY - STOP SIGN,UPSHUR,2025-04-02,N - NOT INJURED,0,NO DATA,149 - LONGVIEW REGIONAL MEDICAL CENTER,18.733,,35 - FAILED TO YIELD RIGHT OF WAY - STOP SIGN,20 - DRIVER INATTENTION,No Data,75457,75494,No,5GZCZ53436S821975,53,1 - MALE,N - NOT INJURED,0,2,3 - FRONT RIGHT
20736092,Yes,GILMER POLICE DEPARTMENT,25-045,GILMER,DRIVER INATTENTION;FAILED TO YIELD RIGHT OF WAY - STOP SIGN,UPSHUR,2025-04-02,N - NOT INJURED,0,NO DATA,149 - LONGVIEW REGIONAL MEDICAL CENTER,18.733,,No Data,No Data,No Data,75755,75755,No,2GCEC19V121282836,63,2 - FEMALE,N - NOT INJURED,0,1,1 - FRONT LEFT OR MOTORCYCLE DRIVER
20736100,Yes,DALLAS COUNTY SHERIFF'S OFFICE,25-021193,DALLAS,CHANGED LANE WHEN UNSAFE,DALLAS,2025-04-02,N - NOT INJURED,0,NO DATA,174 - METHODIST DALLAS MEDICAL CENTER,0.871,2,4 - CHANGED LANE WHEN UNSAFE,No Data,No Data,,75211,Yes,JTHBF5C24D5185419,No Data,99 - UNKNOWN,99 - UNKNOWN,0,1,1 - FRONT LEFT OR MOTORCYCLE DRIVER
20736100,Yes,DALLAS COUNTY SHERIFF'S OFFICE,25-021193,DALLAS,CHANGED LANE WHEN UNSAFE,DALLAS,2025-04-02,N - NOT INJURED,0,NO DATA,174 - METHODIST DALLAS MEDICAL CENTER,0.871,2,No Data,No Data,No Data,75041,75041,No,1D3HB13T29S748444,57,1 - MALE,N - NOT INJURED,0,1,1 - FRONT LEFT OR MOTORCYCLE DRIVER
20736100,Yes,DALLAS COUNTY SHERIFF'S OFFICE,25-021193,DALLAS,CHANGED LANE WHEN UNSAFE,DALLAS,2025-04-02,N - NOT INJURED,0,NO DATA,174 - METHODIST DALLAS MEDICAL CENTER,0.871,2,No Data,No Data,No Data,75181,75181,No,1FT8W3CT1CEC86540,33,1 - MALE,N - NOT INJURED,0,1,1 - FRONT LEFT OR MOTORCYCLE DRIVER
20736108,Yes,WESLACO POLICE DEPARTMENT,25-8286,WESLACO,FAILED TO YIELD RIGHT OF WAY - TURNING LEFT,HIDALGO,2025-04-02,B - SUSPECTED MINOR INJURY,0,NO DATA,137 - KNAPP MEDICAL CENTER,1.05,,37 - FAILED TO YIELD RIGHT OF WAY - TURNING LEFT,No Data,No Data,78504,78504,No,1HGCT1B81EA006048,42,2 - FEMALE,N - NOT INJURED,0,1,1 - FRONT LEFT OR MOTORCYCLE DRIVER
20736108,Yes,WESLACO POLICE DEPARTMENT,25-8286,WESLACO,FAILED TO YIELD RIGHT OF WAY - TURNING LEFT,HIDALGO,2025-04-02,B - SUSPECTED MINOR INJURY,0,NO DATA,137 - KNAPP MEDICAL CENTER,1.05,,No Data,No Data,No Data,78596,78596,No,1N4AL11DX6N414293,84,1 - MALE,N - NOT INJURED,0,1,1 - FRONT LEFT OR MOTORCYCLE DRIVER
20736108,Yes,WESLACO POLICE DEPARTMENT,25-8286,WESLACO,FAILED TO YIELD RIGHT OF WAY - TURNING LEFT,HIDALGO,2025-04-02,B - SUSPECTED MINOR INJURY,0,NO DATA,137 - KNAPP MEDICAL CENTER,1.05,,No Data,No Data,No Data,78596,78596,No,1N4AL11DX6N414293,79,2 - FEMALE,B - SUSPECTED MINOR INJURY,1,2,3 - FRONT RIGHT
20736108,Yes,WESLACO POLICE DEPARTMENT,25-8286,WESLACO,FAILED TO YIELD RIGHT OF WAY - TURNING LEFT,HIDALGO,2025-04-02,B - SUSPECTED MINOR INJURY,0,NO DATA,137 - KNAPP MEDICAL CENTER,1.05,,No Data,No Data,No Data,78596,78596,No,1N4AL11DX6N414293,38,1 - MALE,N - NOT INJURED,0,3,6 - SECOND SEAT RIGHT
20736113,Yes,KILGORE POLICE DEPARTMENT,2504-0147,KILGORE,DRIVER INATTENTION; TURNED IMPROPERLY - CUT CORNER ON LEFT,GREGG,2025-04-02,N - NOT INJURED,0,NO DATA,45 - CHRISTUS GOOD SHEPHERD MEDICAL CENTER - LONGVIEW,9.883,,63 - TURNED IMPROPERLY - CUT CORNER ON LEFT,20 - DRIVER INATTENTION,No Data,75662,75662,No,5N1AT2MTXKC845902,85,2 - FEMALE,N - NOT INJURED,0,1,1 - FRONT LEFT OR MOTORCYCLE DRIVER
20736113,Yes,KILGORE POLICE DEPARTMENT,2504-0147,KILGORE,DRIVER INATTENTION; TURNED IMPROPERLY - CUT CORNER ON LEFT,GREGG,2025-04-02,N - NOT INJURED,0,NO DATA,45 - CHRISTUS GOOD SHEPHERD MEDICAL CENTER - LONGVIEW,9.883,,No Data,No Data,No Data,75662,75662,No,1FTFW1EV6AFD93102,31,2 - FEMALE,N - NOT INJURED,0,1,1 - FRONT LEFT OR MOTORCYCLE DRIVER
20736113,Yes,KILGORE POLICE DEPARTMENT,2504-0147,KILGORE,DRIVER INATTENTION; TURNED IMPROPERLY - CUT CORNER ON LEFT,GREGG,2025-04-02,N - NOT INJURED,0,NO DATA,45 - CHRISTUS GOOD SHEPHERD MEDICAL CENTER - LONGVIEW,9.883,,No Data,No Data,No Data,75662,75662,No,1FTFW1EV6AFD93102,54,1 - MALE,N - NOT INJURED,0,2,3 - FRONT RIGHT
20736113,Yes,KILGORE POLICE DEPARTMENT,2504-0147,KILGORE,DRIVER INATTENTION; TURNED IMPROPERLY - CUT CORNER ON LEFT,GREGG,2025-04-02,N - NOT INJURED,0,NO DATA,45 - CHRISTUS GOOD SHEPHERD MEDICAL CENTER - LONGVIEW,9.883,,No Data,No Data,No Data,75662,75662,No,1FTFW1EV6AFD93102,3,1 - MALE,N - NOT INJURED,0,3,6 - SECOND SEAT RIGHT
20736121,Yes,SAN ANGELO POLICE DEPARTMENT,20250003591,SAN ANGELO,TURNED IMPROPERLY - CUT CORNER ON LEFT,TOM GREEN,2025-04-02,N - NOT INJURED,0,NO DATA,230 - SHANNON MEDICAL CENTER,1.985,,63 - TURNED IMPROPERLY - CUT CORNER ON LEFT,No Data,No Data,76933,76903,No,1GTR8CEKXMZ366478,46,2 - FEMALE,N - NOT INJURED,0,1,1 - FRONT LEFT OR MOTORCYCLE DRIVER
20736132,No,GREGORY POLICE DEPARTMENT,2504-00097,GREGORY,BACKED WITHOUT SAFETY; DRIVER INATTENTION,SAN PATRICIO,2025-04-02,N - NOT INJURED,0,NO DATA,59 - CHRISTUS SPOHN HOSPITAL CORPUS CHRISTI SHORELINE,11.457,,3 - BACKED WITHOUT SAFETY,20 - DRIVER INATTENTION,No Data,78359,78359,No,19XFB2F88FE032661,23,1 - MALE,N - NOT INJURED,0,1,1 - FRONT LEFT OR MOTORCYCLE DRIVER
20736132,No,GREGORY POLICE DEPARTMENT,2504-00097,GREGORY,BACKED WITHOUT SAFETY; DRIVER INATTENTION,SAN PATRICIO,2025-04-02,N - NOT INJURED,0,NO DATA,59 - CHRISTUS SPOHN HOSPITAL CORPUS CHRISTI SHORELINE,11.457,,No Data,No Data,No Data,78374,78374,No,1GNSCCKC4KR263008,56,2 - FEMALE,N - NOT INJURED,0,1,1 - FRONT LEFT OR MOTORCYCLE DRIVER
20736132,No,GREGORY POLICE DEPARTMENT,2504-00097,GREGORY,BACKED WITHOUT SAFETY; DRIVER INATTENTION,SAN PATRICIO,2025-04-02,N - NOT INJURED,0,NO DATA,59 - CHRISTUS SPOHN HOSPITAL CORPUS CHRISTI SHORELINE,11.457,,No Data,No Data,No Data,78374,78374,No,1GNSCCKC4KR263008,8,2 - FEMALE,N - NOT INJURED,0,2,6 - SECOND SEAT RIGHT
20736134,Yes,LUBBOCK POLICE DEPARTMENT,250010178,LUBBOCK,CHANGED LANE WHEN UNSAFE,LUBBOCK,2025-04-02,N - NOT INJURED,0,NO DATA,77 - COVENANT CHILDRENS HOSPITAL,4.301,1,4 - CHANGED LANE WHEN UNSAFE,No Data,No Data,79416,79416,No,2CECCAEG7LH145864,17,2 - FEMALE,N - NOT INJURED,0,1,1 - FRONT LEFT OR MOTORCYCLE DRIVER
20736134,Yes,LUBBOCK POLICE DEPARTMENT,250010178,LUBBOCK,CHANGED LANE WHEN UNSAFE,LUBBOCK,2025-04-02,N - NOT INJURED,0,NO DATA,77 - COVENANT CHILDRENS HOSPITAL,4.301,1,4 - CHANGED LANE WHEN UNSAFE,No Data,No Data,79416,79416,No,2CECCAEG7LH145864,16,2 - FEMALE,N - NOT INJURED,0,2,3 - FRONT RIGHT
20736134,Yes,LUBBOCK POLICE DEPARTMENT,250010178,LUBBOCK,CHANGED LANE WHEN UNSAFE,LUBBOCK,2025-04-02,N - NOT INJURED,0,NO DATA,77 - COVENANT CHILDRENS HOSPITAL,4.301,1,4 - CHANGED LANE WHEN UNSAFE,No Data,No Data,79416,79416,No,2CECCAEG7LH145864,16,2 - FEMALE,N - NOT INJURED,0,3,6 - SECOND SEAT RIGHT
20736134,Yes,LUBBOCK POLICE DEPARTMENT,250010178,LUBBOCK,CHANGED LANE WHEN UNSAFE,LUBBOCK,2025-04-02,N - NOT INJURED,0,NO DATA,77 - COVENANT CHILDRENS HOSPITAL,4.301,1,No Data,No Data,No Data,74953,74953,No,JN8AY2NF7K9352551,52,1 - MALE,N - NOT INJURED,0,1,1 - FRONT LEFT OR MOTORCYCLE DRIVER
20736134,Yes,LUBBOCK POLICE DEPARTMENT,250010178,LUBBOCK,CHANGED LANE WHEN UNSAFE,LUBBOCK,2025-04-02,N - NOT INJURED,0,NO DATA,77 - COVENANT CHILDRENS HOSPITAL,4.301,1,No Data,No Data,No Data,74953,74953,No,JN8AY2NF7K9352551,18,2 - FEMALE,N - NOT INJURED,0,2,3 - FRONT RIGHT
20736135,Yes,LUBBOCK POLICE DEPARTMENT,250010197,LUBBOCK,FAILED TO YIELD RIGHT OF WAY - TURNING LEFT,LUBBOCK,2025-04-02,N - NOT INJURED,0,NO DATA,77 - COVENANT CHILDRENS HOSPITAL,5.068,4,37 - FAILED TO YIELD RIGHT OF WAY - TURNING LEFT,No Data,No Data,79331,79331,No,JHMGK5H59GX039255,75,2 - FEMALE,N - NOT INJURED,0,1,1 - FRONT LEFT OR MOTORCYCLE DRIVER
20736135,Yes,LUBBOCK POLICE DEPARTMENT,250010197,LUBBOCK,FAILED TO YIELD RIGHT OF WAY - TURNING LEFT,LUBBOCK,2025-04-02,N - NOT INJURED,0,NO DATA,77 - COVENANT CHILDRENS HOSPITAL,5.068,4,37 - FAILED TO YIELD RIGHT OF WAY - TURNING LEFT,No Data,No Data,79331,79331,No,JHMGK5H59GX039255,81,1 - MALE,N - NOT INJURED,0,2,3 - FRONT RIGHT
20736135,Yes,LUBBOCK POLICE DEPARTMENT,250010197,LUBBOCK,FAILED TO YIELD RIGHT OF WAY - TURNING LEFT,LUBBOCK,2025-04-02,N - NOT INJURED,0,NO DATA,77 - COVENANT CHILDRENS HOSPITAL,5.068,4,37 - FAILED TO YIELD RIGHT OF WAY - TURNING LEFT,No Data,No Data,79331,79331,No,JHMGK5H59GX039255,56,2 - FEMALE,N - NOT INJURED,0,3,6 - SECOND SEAT RIGHT
20736135,Yes,LUBBOCK POLICE DEPARTMENT,250010197,LUBBOCK,FAILED TO YIELD RIGHT OF WAY - TURNING LEFT,LUBBOCK,2025-04-02,N - NOT INJURED,0,NO DATA,77 - COVENANT CHILDRENS HOSPITAL,5.068,4,No Data,No Data,No Data,79423,79423,No,1GCEC19T65Z166350,33,2 - FEMALE,N - NOT INJURED,0,1,1 - FRONT LEFT OR MOTORCYCLE DRIVER
20736135,Yes,LUBBOCK POLICE DEPARTMENT,250010197,LUBBOCK,FAILED TO YIELD RIGHT OF WAY - TURNING LEFT,LUBBOCK,2025-04-02,N - NOT INJURED,0,NO DATA,77 - COVENANT CHILDRENS HOSPITAL,5.068,4,No Data,No Data,No Data,79423,79423,No,1GCEC19T65Z166350,7,1 - MALE,N - NOT INJURED,0,2,3 - FRONT RIGHT
20736137,Yes,MANSFIELD POLICE DEPARTMENT,25040204,MANSFIELD,FOLLOWED TOO CLOSELY,TARRANT,2025-04-02,C - POSSIBLE INJURY,0,NO DATA,184 - METHODIST MANSFIELD MEDICAL CENTER,2.418,,44 - FOLLOWED TOO CLOSELY,No Data,No Data,76115,76115,No,1FTRX12849KB51792,42,1 - MALE,N - NOT INJURED,0,1,1 - FRONT LEFT OR MOTORCYCLE DRIVER
20736137,Yes,MANSFIELD POLICE DEPARTMENT,25040204,MANSFIELD,FOLLOWED TOO CLOSELY,TARRANT,2025-04-02,C - POSSIBLE INJURY,0,NO DATA,184 - METHODIST MANSFIELD MEDICAL CENTER,2.418,,44 - FOLLOWED TOO CLOSELY,No Data,No Data,76115,76115,No,1FTRX12849KB51792,29,1 - MALE,N - NOT INJURED,0,2,3 - FRONT RIGHT
20736137,Yes,MANSFIELD POLICE DEPARTMENT,25040204,MANSFIELD,FOLLOWED TOO CLOSELY,TARRANT,2025-04-02,C - POSSIBLE INJURY,0,NO DATA,184 - METHODIST MANSFIELD MEDICAL CENTER,2.418,,No Data,No Data,No Data,75167,75167,No,JTDKN3DU8C5499775,64,1 - MALE,C - POSSIBLE INJURY,0,1,1 - FRONT LEFT OR MOTORCYCLE DRIVER
20736138,Yes,KENNEDALE POLICE DEPARTMENT,25-00000221,ARLINGTON,DISTRACTION IN VEHICLE; FAILED TO CONTROL SPEED,TARRANT,2025-04-02,N - NOT INJURED,0,NO DATA,150 - MEDICAL CITY ARLINGTON,5.98,,19 - DISTRACTION IN VEHICLE,22 - FAILED TO CONTROL SPEED,No Data,75050,75211,No,3FA6P0HD3FR228912,33,1 - MALE,N - NOT INJURED,0,1,1 - FRONT LEFT OR MOTORCYCLE DRIVER
20736138,Yes,KENNEDALE POLICE DEPARTMENT,25-00000221,ARLINGTON,DISTRACTION IN VEHICLE; FAILED TO CONTROL SPEED,TARRANT,2025-04-02,N - NOT INJURED,0,NO DATA,150 - MEDICAL CITY ARLINGTON,5.98,,No Data,No Data,No Data,75217,76009,No,1GTCS19H838116204,33,1 - MALE,N - NOT INJURED,0,1,1 - FRONT LEFT OR MOTORCYCLE DRIVER
20736144,No,BEDFORD POLICE DEPARTMENT,2025-011152,BEDFORD,FAILED TO CONTROL SPEED,TARRANT,2025-04-02,C - POSSIBLE INJURY,0,NO DATA,No Data,No Data,,22 - FAILED TO CONTROL SPEED,No Data,No Data,76012,75074,No,No Data,31,1 - MALE,N - NOT INJURED,0,1,1 - FRONT LEFT OR MOTORCYCLE DRIVER
20736144,No,BEDFORD POLICE DEPARTMENT,2025-011152,BEDFORD,FAILED TO CONTROL SPEED,TARRANT,2025-04-02,C - POSSIBLE INJURY,0,NO DATA,No Data,No Data,,No Data,No Data,No Data,No Data,75180,No,JA4MS31X77Z006743,49,2 - FEMALE,C - POSSIBLE INJURY,0,1,3 - FRONT RIGHT
20736148,Yes,DEL RIO POLICE DEPARTMENT,202500009499,DEL RIO,BACKED WITHOUT SAFETY; DRIVER INATTENTION,VAL VERDE,2025-04-02,C - POSSIBLE INJURY,0,NO DATA,291 - VAL VERDE REGIONAL MEDICAL CENTER,0.037,,3 - BACKED WITHOUT SAFETY,No Data,No Data,78840,78840,No,1FTRW12W79FA36341,77,1 - MALE,N - NOT INJURED,0,1,1 - FRONT LEFT OR MOTORCYCLE DRIVER
20736148,Yes,DEL RIO POLICE DEPARTMENT,202500009499,DEL RIO,BACKED WITHOUT SAFETY; DRIVER INATTENTION,VAL VERDE,2025-04-02,C - POSSIBLE INJURY,0,NO DATA,291 - VAL VERDE REGIONAL MEDICAL CENTER,0.037,,No Data,No Data,No Data,78840,78840,No,KMHLL4DG8SU970060,76,2 - FEMALE,C - POSSIBLE INJURY,0,1,1 - FRONT LEFT OR MOTORCYCLE DRIVER
20736148,Yes,DEL RIO POLICE DEPARTMENT,202500009499,DEL RIO,BACKED WITHOUT SAFETY; DRIVER INATTENTION,VAL VERDE,2025-04-02,C - POSSIBLE INJURY,0,NO DATA,291 - VAL VERDE REGIONAL MEDICAL CENTER,0.037,,No Data,No Data,No Data,78840,78840,No,KMHLL4DG8SU970060,78,1 - MALE,N - NOT INJURED,0,2,3 - FRONT RIGHT
20736154,Yes,BEAUMONT POLICE DEPARTMENT,2025006135,BEAUMONT,FAILED TO CONTROL SPEED,JEFFERSON,2025-04-02,C - POSSIBLE INJURY,0,NO DATA,9 - BAPTIST HOSPITALS OF SOUTHEAST TEXAS,1.63,,22 - FAILED TO CONTROL SPEED,No Data,No Data,77575,77575,No,1FT8W3DT9PEC99976,20,1 - MALE,N - NOT INJURED,0,1,1 - FRONT LEFT OR MOTORCYCLE DRIVER
20736154,Yes,BEAUMONT POLICE DEPARTMENT,2025006135,BEAUMONT,FAILED TO CONTROL SPEED,JEFFERSON,2025-04-02,C - POSSIBLE INJURY,0,NO DATA,9 - BAPTIST HOSPITALS OF SOUTHEAST TEXAS,1.63,,No Data,No Data,No Data,77707,77707,No,4T1C11AK2LU977701,49,2 - FEMALE,C - POSSIBLE INJURY,0,1,1 - FRONT LEFT OR MOTORCYCLE DRIVER
20736154,Yes,BEAUMONT POLICE DEPARTMENT,2025006135,BEAUMONT,FAILED TO CONTROL SPEED,JEFFERSON,2025-04-02,C - POSSIBLE INJURY,0,NO DATA,9 - BAPTIST HOSPITALS OF SOUTHEAST TEXAS,1.63,,No Data,No Data,No Data,77707,77707,No,4T1C11AK2LU977701,13,1 - MALE,N - NOT INJURED,0,2,3 - FRONT RIGHT
20736154,Yes,BEAUMONT POLICE DEPARTMENT,2025006135,BEAUMONT,FAILED TO CONTROL SPEED,JEFFERSON,2025-04-02,C - POSSIBLE INJURY,0,NO DATA,9 - BAPTIST HOSPITALS OF SOUTHEAST TEXAS,1.63,,No Data,No Data,No Data,77707,77707,No,4T1C11AK2LU977701,12,2 - FEMALE,N - NOT INJURED,0,3,4 - SECOND SEAT LEFT OR MOTORCYCLE BACK PASSENGER
20736158,Yes,LEAGUE CITY POLICE DEPARTMENT,25-01722,LEAGUE CITY,FAILED TO YIELD RIGHT OF WAY - TURNING LEFT,GALVESTON,2025-04-02,N - NOT INJURED,0,NO DATA,289 - UTMB HEALTH LEAGUE CITY CAMPUS,4.822,,37 - FAILED TO YIELD RIGHT OF WAY - TURNING LEFT,No Data,No Data,77573,77573,No,1HGCY2F56PA000451,28,1 - MALE,N - NOT INJURED,0,1,1 - FRONT LEFT OR MOTORCYCLE DRIVER
20736158,Yes,LEAGUE CITY POLICE DEPARTMENT,25-01722,LEAGUE CITY,FAILED TO YIELD RIGHT OF WAY - TURNING LEFT,GALVESTON,2025-04-02,N - NOT INJURED,0,NO DATA,289 - UTMB HEALTH LEAGUE CITY CAMPUS,4.822,,No Data,No Data,No Data,77573,77573,No,3GTP1NEC6JG601597,55,1 - MALE,N - NOT INJURED,0,1,1 - FRONT LEFT OR MOTORCYCLE DRIVER
20736161,Yes,MESQUITE POLICE DEPARTMENT,25028196,MESQUITE,DRIVER INATTENTION,DALLAS,2025-04-02,C - POSSIBLE INJURY,0,NO DATA,85 - DALLAS REGIONAL MEDICAL CENTER,1.77,,20 - DRIVER INATTENTION,No Data,No Data,75169,76106,No,1GC2WLE77RF181462,39,1 - MALE,N - NOT INJURED,0,1,1 - FRONT LEFT OR MOTORCYCLE DRIVER
20736161,Yes,MESQUITE POLICE DEPARTMENT,25028196,MESQUITE,DRIVER INATTENTION,DALLAS,2025-04-02,C - POSSIBLE INJURY,0,NO DATA,85 - DALLAS REGIONAL MEDICAL CENTER,1.77,,No Data,No Data,No Data,75228-0000,75228-0000,No,3VW5X7AT8DM821138,51,2 - FEMALE,N - NOT INJURED,0,1,1 - FRONT LEFT OR MOTORCYCLE DRIVER
20736161,Yes,MESQUITE POLICE DEPARTMENT,25028196,MESQUITE,DRIVER INATTENTION,DALLAS,2025-04-02,C - POSSIBLE INJURY,0,NO DATA,85 - DALLAS REGIONAL MEDICAL CENTER,1.77,,No Data,No Data,No Data,75287,75287,No,KMHCT5AEXHU316064,35,1 - MALE,N - NOT INJURED,0,1,1 - FRONT LEFT OR MOTORCYCLE DRIVER
20736161,Yes,MESQUITE POLICE DEPARTMENT,25028196,MESQUITE,DRIVER INATTENTION,DALLAS,2025-04-02,C - POSSIBLE INJURY,0,NO DATA,85 - DALLAS REGIONAL MEDICAL CENTER,1.77,,No Data,No Data,No Data,75287,75287,No,KMHCT5AEXHU316064,23,2 - FEMALE,N - NOT INJURED,0,2,3 - FRONT RIGHT
20736161,Yes,MESQUITE POLICE DEPARTMENT,25028196,MESQUITE,DRIVER INATTENTION,DALLAS,2025-04-02,C - POSSIBLE INJURY,0,NO DATA,85 - DALLAS REGIONAL MEDICAL CENTER,1.77,,No Data,No Data,No Data,75287,75287,No,KMHCT5AEXHU316064,24,2 - FEMALE,C - POSSIBLE INJURY,0,3,6 - SECOND SEAT RIGHT
20736171,Yes,LUBBOCK POLICE DEPARTMENT,250010247,LUBBOCK,FAILED TO PASS TO LEFT SAFELY; UNDER INFLUENCE - ALCOHOL,LUBBOCK,2025-04-02,N - NOT INJURED,0,NO DATA,82 - COVENANT MEDICAL CENTER,2.944,1,26 - FAILED TO PASS TO LEFT SAFELY,67 - INTOXICATED - ALCOHOL,No Data,79412,79404,No,KNDJT2A62C7394400,45,1 - MALE,N - NOT INJURED,0,1,1 - FRONT LEFT OR MOTORCYCLE DRIVER
20736171,Yes,LUBBOCK POLICE DEPARTMENT,250010247,LUBBOCK,FAILED TO PASS TO LEFT SAFELY; UNDER INFLUENCE - ALCOHOL,LUBBOCK,2025-04-02,N - NOT INJURED,0,NO DATA,82 - COVENANT MEDICAL CENTER,2.944,1,26 - FAILED TO PASS TO LEFT SAFELY,67 - INTOXICATED - ALCOHOL,No Data,79412,79404,No,KNDJT2A62C7394400,38,2 - FEMALE,N - NOT INJURED,0,2,3 - FRONT RIGHT
20736174,Yes,BEAUMONT POLICE DEPARTMENT,2025006147,BEAUMONT,FAILED TO CONTROL SPEED,JEFFERSON,2025-04-02,N - NOT INJURED,0,NO DATA,58 - CHRISTUS SOUTHEAST TEXAS - ST. ELIZABETH,4.855,,22 - FAILED TO CONTROL SPEED,No Data,No Data,77706,77713,No,2T3YFREV3HW380047,18,1 - MALE,N - NOT INJURED,0,1,1 - FRONT LEFT OR MOTORCYCLE DRIVER
20736174,Yes,BEAUMONT POLICE DEPARTMENT,2025006147,BEAUMONT,FAILED TO CONTROL SPEED,JEFFERSON,2025-04-02,N - NOT INJURED,0,NO DATA,58 - CHRISTUS SOUTHEAST TEXAS - ST. ELIZABETH,4.855,,No Data,No Data,No Data,77627,77627,No,JTMWFREV1HD094153,21,1 - MALE,N - NOT INJURED,0,1,1 - FRONT LEFT OR MOTORCYCLE DRIVER
20736174,Yes,BEAUMONT POLICE DEPARTMENT,2025006147,BEAUMONT,FAILED TO CONTROL SPEED,JEFFERSON,2025-04-02,N - NOT INJURED,0,NO DATA,58 - CHRISTUS SOUTHEAST TEXAS - ST. ELIZABETH,4.855,,No Data,No Data,No Data,77627,77627,No,JTMWFREV1HD094153,50,2 - FEMALE,N - NOT INJURED,0,2,3 - FRONT RIGHT
20736175,Yes,WEBSTER POLICE DEPARTMENT,WBPD2500775,WEBSTER,CHANGED LANE WHEN UNSAFE,HARRIS,2025-04-02,N - NOT INJURED,0,NO DATA,115 - HCA HOUSTON HEALTHCARE CLEAR LAKE,1.053,,4 - CHANGED LANE WHEN UNSAFE,No Data,No Data,77062,77539,No,3C6LRVDG9PE583409,26,2 - FEMALE,N - NOT INJURED,0,1,1 - FRONT LEFT OR MOTORCYCLE DRIVER
20736175,Yes,WEBSTER POLICE DEPARTMENT,WBPD2500775,WEBSTER,CHANGED LANE WHEN UNSAFE,HARRIS,2025-04-02,N - NOT INJURED,0,NO DATA,115 - HCA HOUSTON HEALTHCARE CLEAR LAKE,1.053,,4 - CHANGED LANE WHEN UNSAFE,No Data,No Data,77062,77539,No,3C6LRVDG9PE583409,30,2 - FEMALE,N - NOT INJURED,0,2,3 - FRONT RIGHT
20736175,Yes,WEBSTER POLICE DEPARTMENT,WBPD2500775,WEBSTER,CHANGED LANE WHEN UNSAFE,HARRIS,2025-04-02,N - NOT INJURED,0,NO DATA,115 - HCA HOUSTON HEALTHCARE CLEAR LAKE,1.053,,No Data,No Data,No Data,77539,77573,No,1FT7X2B6XJEC10472,50,1 - MALE,N - NOT INJURED,0,1,1 - FRONT LEFT OR MOTORCYCLE DRIVER
20736176,Yes,BEAUMONT POLICE DEPARTMENT,2025006144,BEAUMONT,FAILED TO YIELD RIGHT OF WAY - STOP SIGN,JEFFERSON,2025-04-02,C - POSSIBLE INJURY,0,NO DATA,9 - BAPTIST HOSPITALS OF SOUTHEAST TEXAS,0.801,,35 - FAILED TO YIELD RIGHT OF WAY - STOP SIGN,No Data,No Data,77701,77701,No,5TBRT34122S321100,73,1 - MALE,N - NOT INJURED,0,1,1 - FRONT LEFT OR MOTORCYCLE DRIVER
20736176,Yes,BEAUMONT POLICE DEPARTMENT,2025006144,BEAUMONT,FAILED TO YIELD RIGHT OF WAY - STOP SIGN,JEFFERSON,2025-04-02,C - POSSIBLE INJURY,0,NO DATA,9 - BAPTIST HOSPITALS OF SOUTHEAST TEXAS,0.801,,35 - FAILED TO YIELD RIGHT OF WAY - STOP SIGN,No Data,No Data,77701,77701,No,5TBRT34122S321100,66,2 - FEMALE,C - POSSIBLE INJURY,0,2,3 - FRONT RIGHT
20736176,Yes,BEAUMONT POLICE DEPARTMENT,2025006144,BEAUMONT,FAILED TO YIELD RIGHT OF WAY - STOP SIGN,JEFFERSON,2025-04-02,C - POSSIBLE INJURY,0,NO DATA,9 - BAPTIST HOSPITALS OF SOUTHEAST TEXAS,0.801,,No Data,No Data,No Data,77708,77708,No,1N4BL4CVXNN321297,71,2 - FEMALE,N - NOT INJURED,0,1,1 - FRONT LEFT OR MOTORCYCLE DRIVER
20736177,Yes,BEAUMONT POLICE DEPARTMENT,2025006143,BEAUMONT,DISREGARD STOP SIGN OR LIGHT,JEFFERSON,2025-04-02,B - SUSPECTED MINOR INJURY,0,NO DATA,58 - CHRISTUS SOUTHEAST TEXAS - ST. ELIZABETH,1.341,,16 - DISREGARD STOP SIGN OR LIGHT,No Data,No Data,77662,77662,No,1GCGTCEN9J1102551,64,2 - FEMALE,B - SUSPECTED MINOR INJURY,1,1,1 - FRONT LEFT OR MOTORCYCLE DRIVER
20736177,Yes,BEAUMONT POLICE DEPARTMENT,2025006143,BEAUMONT,DISREGARD STOP SIGN OR LIGHT,JEFFERSON,2025-04-02,B - SUSPECTED MINOR INJURY,0,NO DATA,58 - CHRISTUS SOUTHEAST TEXAS - ST. ELIZABETH,1.341,,No Data,No Data,No Data,77630,77630,No,1G1ZD5ST5NF184817,36,1 - MALE,N - NOT INJURED,0,1,1 - FRONT LEFT OR MOTORCYCLE DRIVER
20736178,Yes,BEAUMONT POLICE DEPARTMENT,2025006098,BEAUMONT,FAILED TO CONTROL SPEED,JEFFERSON,2025-04-02,N - NOT INJURED,0,NO DATA,9 - BAPTIST HOSPITALS OF SOUTHEAST TEXAS,0.91,,22 - FAILED TO CONTROL SPEED,No Data,No Data,77575,77575,No,1FTKR1ED8BPA19857,28,1 - MALE,N - NOT INJURED,0,1,1 - FRONT LEFT OR MOTORCYCLE DRIVER
20736185,Yes,BEAUMONT POLICE DEPARTMENT,2025006153,BEAUMONT,CHANGED LANE WHEN UNSAFE,JEFFERSON,2025-04-02,N - NOT INJURED,0,NO DATA,9 - BAPTIST HOSPITALS OF SOUTHEAST TEXAS,2.484,,4 - CHANGED LANE WHEN UNSAFE,No Data,No Data,,77708,Yes,2LNBL8CV3BX754774,No Data,99 - UNKNOWN,99 - UNKNOWN,0,1,1 - FRONT LEFT OR MOTORCYCLE DRIVER
20736185,Yes,BEAUMONT POLICE DEPARTMENT,2025006153,BEAUMONT,CHANGED LANE WHEN UNSAFE,JEFFERSON,2025-04-02,N - NOT INJURED,0,NO DATA,9 - BAPTIST HOSPITALS OF SOUTHEAST TEXAS,2.484,,No Data,No Data,No Data,77656,77656,No,JF2SJAEC0HH590293,22,1 - MALE,N - NOT INJURED,0,1,1 - FRONT LEFT OR MOTORCYCLE DRIVER
20736185,Yes,BEAUMONT POLICE DEPARTMENT,2025006153,BEAUMONT,CHANGED LANE WHEN UNSAFE,JEFFERSON,2025-04-02,N - NOT INJURED,0,NO DATA,9 - BAPTIST HOSPITALS OF SOUTHEAST TEXAS,2.484,,No Data,No Data,No Data,77656,77656,No,JF2SJAEC0HH590293,27,2 - FEMALE,N - NOT INJURED,0,2,3 - FRONT RIGHT
20736207,Yes,ODESSA POLICE DEPARTMENT,25-0003493,ODESSA,OTHER (EXPLAIN IN NARRATIVE),ECTOR,2025-04-02,N - NOT INJURED,0,NO DATA,147 - MEDICAL CENTER HOSPITAL,2.092,,98 - OTHER (EXPLAIN IN NARRATIVE),No Data,No Data,78542,78574,No,1XKDD49X8AJ274477,40,1 - MALE,N - NOT INJURED,0,1,1 - FRONT LEFT OR MOTORCYCLE DRIVER
20736207,Yes,ODESSA POLICE DEPARTMENT,25-0003493,ODESSA,OTHER (EXPLAIN IN NARRATIVE),ECTOR,2025-04-02,N - NOT INJURED,0,NO DATA,147 - MEDICAL CENTER HOSPITAL,2.092,,98 - OTHER (EXPLAIN IN NARRATIVE),No Data,No Data,79762,08054,No,3C6UR5CJXPG610607,50,1 - MALE,N - NOT INJURED,0,1,1 - FRONT LEFT OR MOTORCYCLE DRIVER
20736208,Yes,HIGHLAND VILLAGE POLICE DEPARTMENT,25002968,LEWISVILLE,DRIVER INATTENTION,DENTON,2025-04-02,N - NOT INJURED,0,NO DATA,156 - MEDICAL CITY LEWISVILLE,2.854,,20 - DRIVER INATTENTION,No Data,No Data,,No Data,Yes,No Data,No Data,99 - UNKNOWN,99 - UNKNOWN,0,1,1 - FRONT LEFT OR MOTORCYCLE DRIVER
20736208,Yes,HIGHLAND VILLAGE POLICE DEPARTMENT,25002968,LEWISVILLE,DRIVER INATTENTION,DENTON,2025-04-02,N - NOT INJURED,0,NO DATA,156 - MEDICAL CITY LEWISVILLE,2.854,,No Data,No Data,No Data,,75067,Yes,4DRBUC8N5MB162355,57,2 - FEMALE,N - NOT INJURED,0,1,1 - FRONT LEFT OR MOTORCYCLE DRIVER
20736212,No,PEARLAND POLICE DEPARTMENT,25-002843,PEARLAND,FOLLOWED TOO CLOSELY,BRAZORIA,2025-04-02,N - NOT INJURED,0,NO DATA,166 - MEMORIAL HERMANN SOUTHEAST HOSPITAL,2.095,,44 - FOLLOWED TOO CLOSELY,No Data,No Data,77584,77584,No,1FMEU6EE0AUA52753,63,2 - FEMALE,N - NOT INJURED,0,1,1 - FRONT LEFT OR MOTORCYCLE DRIVER
20736212,No,PEARLAND POLICE DEPARTMENT,25-002843,PEARLAND,FOLLOWED TOO CLOSELY,BRAZORIA,2025-04-02,N - NOT INJURED,0,NO DATA,166 - MEMORIAL HERMANN SOUTHEAST HOSPITAL,2.095,,No Data,No Data,No Data,77584,77584,No,5TDKKRFH2ES030707,56,2 - FEMALE,N - NOT INJURED,0,1,1 - FRONT LEFT OR MOTORCYCLE DRIVER
20736213,Yes,PEARLAND POLICE DEPARTMENT,25-002853,PEARLAND,FAILED TO CONTROL SPEED,BRAZORIA,2025-04-02,B - SUSPECTED MINOR INJURY,0,NO DATA,169 - MEMORIAL HERMANN PEARLAND HOSPITAL,0.19,,22 - FAILED TO CONTROL SPEED,No Data,No Data,77584,77584,No,5YFBURHE1FP178578,27,2 - FEMALE,B - SUSPECTED MINOR INJURY,1,1,1 - FRONT LEFT OR MOTORCYCLE DRIVER
20736213,Yes,PEARLAND POLICE DEPARTMENT,25-002853,PEARLAND,FAILED TO CONTROL SPEED,BRAZORIA,2025-04-02,B - SUSPECTED MINOR INJURY,0,NO DATA,169 - MEMORIAL HERMANN PEARLAND HOSPITAL,0.19,,No Data,No Data,No Data,77459,77054,No,2T2BAMBA5PC003216,62,1 - MALE,N - NOT INJURED,0,1,1 - FRONT LEFT OR MOTORCYCLE DRIVER
20736213,Yes,PEARLAND POLICE DEPARTMENT,25-002853,PEARLAND,FAILED TO CONTROL SPEED,BRAZORIA,2025-04-02,B - SUSPECTED MINOR INJURY,0,NO DATA,169 - MEMORIAL HERMANN PEARLAND HOSPITAL,0.19,,No Data,No Data,No Data,77459,77054,No,2T2BAMBA5PC003216,57,2 - FEMALE,N - NOT INJURED,0,2,3 - FRONT RIGHT
20736213,Yes,PEARLAND POLICE DEPARTMENT,25-002853,PEARLAND,FAILED TO CONTROL SPEED,BRAZORIA,2025-04-02,B - SUSPECTED MINOR INJURY,0,NO DATA,169 - MEMORIAL HERMANN PEARLAND HOSPITAL,0.19,,No Data,No Data,No Data,77459,77054,No,2T2BAMBA5PC003216,23,1 - MALE,N - NOT INJURED,0,3,4 - SECOND SEAT LEFT OR MOTORCYCLE BACK PASSENGER
20736227,Yes,DEL RIO POLICE DEPARTMENT,202500009513,DEL RIO,FOLLOWED TOO CLOSELY,VAL VERDE,2025-04-02,N - NOT INJURED,0,NO DATA,291 - VAL VERDE REGIONAL MEDICAL CENTER,0.643,,44 - FOLLOWED TOO CLOSELY,No Data,No Data,78840,78840,No,JTHBA1D26G5008221,19,2 - FEMALE,N - NOT INJURED,0,1,1 - FRONT LEFT OR MOTORCYCLE DRIVER
20736227,Yes,DEL RIO POLICE DEPARTMENT,202500009513,DEL RIO,FOLLOWED TOO CLOSELY,VAL VERDE,2025-04-02,N - NOT INJURED,0,NO DATA,291 - VAL VERDE REGIONAL MEDICAL CENTER,0.643,,No Data,No Data,No Data,78840,78840,No,1C4RJJAG4N8631431,31,2 - FEMALE,N - NOT INJURED,0,1,1 - FRONT LEFT OR MOTORCYCLE DRIVER
20736227,Yes,DEL RIO POLICE DEPARTMENT,202500009513,DEL RIO,FOLLOWED TOO CLOSELY,VAL VERDE,2025-04-02,N - NOT INJURED,0,NO DATA,291 - VAL VERDE REGIONAL MEDICAL CENTER,0.643,,No Data,No Data,No Data,78840,78840,No,1C4RJJAG4N8631431,9,2 - FEMALE,N - NOT INJURED,0,2,3 - FRONT RIGHT
20736227,Yes,DEL RIO POLICE DEPARTMENT,202500009513,DEL RIO,FOLLOWED TOO CLOSELY,VAL VERDE,2025-04-02,N - NOT INJURED,0,NO DATA,291 - VAL VERDE REGIONAL MEDICAL CENTER,0.643,,No Data,No Data,No Data,78840,78840,No,1C4RJJAG4N8631431,7,1 - MALE,N - NOT INJURED,0,3,6 - SECOND SEAT RIGHT
20736248,Yes,BRYAN POLICE DEPARTMENT,250400058,BRYAN,FAILED TO YIELD RIGHT OF WAY - STOP SIGN,BRAZOS,2025-04-02,N - NOT INJURED,0,NO DATA,239 - ST. JOSEPH REGIONAL HEALTH CENTER,0.45,,No Data,No Data,No Data,77807,77802,No,1C6RR7FTXPS534281,38,1 - MALE,N - NOT INJURED,0,1,1 - FRONT LEFT OR MOTORCYCLE DRIVER
20736248,Yes,BRYAN POLICE DEPARTMENT,250400058,BRYAN,FAILED TO YIELD RIGHT OF WAY - STOP SIGN,BRAZOS,2025-04-02,N - NOT INJURED,0,NO DATA,239 - ST. JOSEPH REGIONAL HEALTH CENTER,0.45,,35 - FAILED TO YIELD RIGHT OF WAY - STOP SIGN,No Data,No Data,77808,77801,No,5N1BV28U38N123542,31,2 - FEMALE,N - NOT INJURED,0,1,1 - FRONT LEFT OR MOTORCYCLE DRIVER
20736258,Yes,GALVESTON POLICE DEPARTMENT,25-001713,GALVESTON,FAILED TO HEED WARNING SIGN,GALVESTON,2025-04-02,N - NOT INJURED,0,NO DATA,278 - UNIVERSITY OF TEXAS MEDICAL BRANCH,2.384,,25 - FAILED TO HEED WARNING SIGN OR TRAFFIC CONTROL DEVICE,No Data,No Data,77551,77551,No,1FTEW1CP2LKE93451,55,2 - FEMALE,N - NOT INJURED,0,1,1 - FRONT LEFT OR MOTORCYCLE DRIVER
20736258,Yes,GALVESTON POLICE DEPARTMENT,25-001713,GALVESTON,FAILED TO HEED WARNING SIGN,GALVESTON,2025-04-02,N - NOT INJURED,0,NO DATA,278 - UNIVERSITY OF TEXAS MEDICAL BRANCH,2.384,,25 - FAILED TO HEED WARNING SIGN OR TRAFFIC CONTROL DEVICE,No Data,No Data,77551,77551,No,1FTEW1CP2LKE93451,29,2 - FEMALE,N - NOT INJURED,0,2,3 - FRONT RIGHT
20736258,Yes,GALVESTON POLICE DEPARTMENT,25-001713,GALVESTON,FAILED TO HEED WARNING SIGN,GALVESTON,2025-04-02,N - NOT INJURED,0,NO DATA,278 - UNIVERSITY OF TEXAS MEDICAL BRANCH,2.384,,25 - FAILED TO HEED WARNING SIGN OR TRAFFIC CONTROL DEVICE,No Data,No Data,77551,77551,No,1FTEW1CP2LKE93451,56,2 - FEMALE,N - NOT INJURED,0,3,6 - SECOND SEAT RIGHT
20736258,Yes,GALVESTON POLICE DEPARTMENT,25-001713,GALVESTON,FAILED TO HEED WARNING SIGN,GALVESTON,2025-04-02,N - NOT INJURED,0,NO DATA,278 - UNIVERSITY OF TEXAS MEDICAL BRANCH,2.384,,No Data,No Data,No Data,77551,77551,No,36CEC230X9G107067,23,1 - MALE,N - NOT INJURED,0,1,1 - FRONT LEFT OR MOTORCYCLE DRIVER
20736258,Yes,GALVESTON POLICE DEPARTMENT,25-001713,GALVESTON,FAILED TO HEED WARNING SIGN,GALVESTON,2025-04-02,N - NOT INJURED,0,NO DATA,278 - UNIVERSITY OF TEXAS MEDICAL BRANCH,2.384,,No Data,No Data,No Data,77551,77551,No,36CEC230X9G107067,22,2 - FEMALE,N - NOT INJURED,0,2,3 - FRONT RIGHT
20736258,Yes,GALVESTON POLICE DEPARTMENT,25-001713,GALVESTON,FAILED TO HEED WARNING SIGN,GALVESTON,2025-04-02,N - NOT INJURED,0,NO DATA,278 - UNIVERSITY OF TEXAS MEDICAL BRANCH,2.384,,No Data,No Data,No Data,77551,77551,No,36CEC230X9G107067,24,2 - FEMALE,N - NOT INJURED,0,3,4 - SECOND SEAT LEFT OR MOTORCYCLE BACK PASSENGER
20736264,Yes,SAN ANGELO POLICE DEPARTMENT,20250003594,SAN ANGELO,FAILED TO YIELD RIGHT OF WAY - STOP SIGN,TOM GREEN,2025-04-02,A - SUSPECTED SERIOUS INJURY,0,NO DATA,233 - SHANNON MEDICAL CENTER SOUTH,1.937,,No Data,No Data,No Data,76901,76901,No,1GNERFKW3JJ191481,72,2 - FEMALE,N - NOT INJURED,0,1,1 - FRONT LEFT OR MOTORCYCLE DRIVER
20736264,Yes,SAN ANGELO POLICE DEPARTMENT,20250003594,SAN ANGELO,FAILED TO YIELD RIGHT OF WAY - STOP SIGN,TOM GREEN,2025-04-02,A - SUSPECTED SERIOUS INJURY,0,NO DATA,233 - SHANNON MEDICAL CENTER SOUTH,1.937,,No Data,No Data,No Data,76901,76901,No,1GNERFKW3JJ191481,6,1 - MALE,N - NOT INJURED,0,2,4 - SECOND SEAT LEFT OR MOTORCYCLE BACK PASSENGER
20736264,Yes,SAN ANGELO POLICE DEPARTMENT,20250003594,SAN ANGELO,FAILED TO YIELD RIGHT OF WAY - STOP SIGN,TOM GREEN,2025-04-02,A - SUSPECTED SERIOUS INJURY,0,NO DATA,233 - SHANNON MEDICAL CENTER SOUTH,1.937,,35 - FAILED TO YIELD RIGHT OF WAY - STOP SIGN,No Data,No Data,No Data,No Data,No Data,No Data,9,2 - FEMALE,A - SUSPECTED SERIOUS INJURY,0,1,"16 - PEDESTRIAN, PEDALCYCLIST, OR MOTORIZED CONVEYANCE"
20736271,Yes,AMARILLO POLICE DEPARTMENT,25-038760,AMARILLO,TURNED IMPROPERLY - WRONG LANE,POTTER,2025-04-02,N - NOT INJURED,0,NO DATA,31 - BSA HOSPITAL,1.068,,65 - TURNED IMPROPERLY - WRONG LANE,No Data,No Data,79108,76010,No,3ALACXFC4RDVA5548,42,1 - MALE,N - NOT INJURED,0,1,1 - FRONT LEFT OR MOTORCYCLE DRIVER
20736271,Yes,AMARILLO POLICE DEPARTMENT,25-038760,AMARILLO,TURNED IMPROPERLY - WRONG LANE,POTTER,2025-04-02,N - NOT INJURED,0,NO DATA,31 - BSA HOSPITAL,1.068,,No Data,No Data,No Data,79110,79110,No,5TDKZRFH9HS521467,66,2 - FEMALE,N - NOT INJURED,0,1,1 - FRONT LEFT OR MOTORCYCLE DRIVER
20736273,No,BURLESON POLICE DEPARTMENT,25-001058,BURLESON,FAILED TO YIELD RIGHT OF WAY - TURNING LEFT,JOHNSON,2025-04-02,N - NOT INJURED,0,NO DATA,259 - TEXAS HEALTH HUGULEY HOSPITAL,3.621,,No Data,No Data,No Data,75002,75002,No,1FTFW5L57RFA59439,72,1 - MALE,N - NOT INJURED,0,1,1 - FRONT LEFT OR MOTORCYCLE DRIVER
20736273,No,BURLESON POLICE DEPARTMENT,25-001058,BURLESON,FAILED TO YIELD RIGHT OF WAY - TURNING LEFT,JOHNSON,2025-04-02,N - NOT INJURED,0,NO DATA,259 - TEXAS HEALTH HUGULEY HOSPITAL,3.621,,37 - FAILED TO YIELD RIGHT OF WAY - TURNING LEFT,No Data,No Data,76028,76028,No,JTHHP5BC6G5005556,21,1 - MALE,N - NOT INJURED,0,1,1 - FRONT LEFT OR MOTORCYCLE DRIVER
20736273,No,BURLESON POLICE DEPARTMENT,25-001058,BURLESON,FAILED TO YIELD RIGHT OF WAY - TURNING LEFT,JOHNSON,2025-04-02,N - NOT INJURED,0,NO DATA,259 - TEXAS HEALTH HUGULEY HOSPITAL,3.621,,37 - FAILED TO YIELD RIGHT OF WAY - TURNING LEFT,No Data,No Data,76028,76028,No,JTHHP5BC6G5005556,14,2 - FEMALE,N - NOT INJURED,0,2,1 - FRONT LEFT OR MOTORCYCLE DRIVER
20736274,Yes,AMARILLO POLICE DEPARTMENT,25-038805,AMARILLO,FAILED TO YIELD RIGHT OF WAY - STOP SIGN,RANDALL,2025-04-02,B - SUSPECTED MINOR INJURY,0,NO DATA,31 - BSA HOSPITAL,6.464,,35 - FAILED TO YIELD RIGHT OF WAY - STOP SIGN,No Data,No Data,79107,79107,No,1NXBR32E67Z805606,32,1 - MALE,N - NOT INJURED,0,1,1 - FRONT LEFT OR MOTORCYCLE DRIVER
20736274,Yes,AMARILLO POLICE DEPARTMENT,25-038805,AMARILLO,FAILED TO YIELD RIGHT OF WAY - STOP SIGN,RANDALL,2025-04-02,B - SUSPECTED MINOR INJURY,0,NO DATA,31 - BSA HOSPITAL,6.464,,No Data,No Data,No Data,79102,79102,No,5N1AZ2MG1HN126441,48,2 - FEMALE,B - SUSPECTED MINOR INJURY,1,1,1 - FRONT LEFT OR MOTORCYCLE DRIVER
20736276,Yes,GALVESTON POLICE DEPARTMENT,25-001716,GALVESTON,FAILED TO YIELD RIGHT OF WAY - STOP SIGN,GALVESTON,2025-04-02,N - NOT INJURED,0,NO DATA,278 - UNIVERSITY OF TEXAS MEDICAL BRANCH,2.536,,35 - FAILED TO YIELD RIGHT OF WAY - STOP SIGN,No Data,No Data,77551,77551,No,WBAVM5C57EVV91207,18,1 - MALE,N - NOT INJURED,0,1,1 - FRONT LEFT OR MOTORCYCLE DRIVER
20736276,Yes,GALVESTON POLICE DEPARTMENT,25-001716,GALVESTON,FAILED TO YIELD RIGHT OF WAY - STOP SIGN,GALVESTON,2025-04-02,N - NOT INJURED,0,NO DATA,278 - UNIVERSITY OF TEXAS MEDICAL BRANCH,2.536,,35 - FAILED TO YIELD RIGHT OF WAY - STOP SIGN,No Data,No Data,77551,77551,No,WBAVM5C57EVV91207,18,2 - FEMALE,N - NOT INJURED,0,2,3 - FRONT RIGHT
20736276,Yes,GALVESTON POLICE DEPARTMENT,25-001716,GALVESTON,FAILED TO YIELD RIGHT OF WAY - STOP SIGN,GALVESTON,2025-04-02,N - NOT INJURED,0,NO DATA,278 - UNIVERSITY OF TEXAS MEDICAL BRANCH,2.536,,No Data,No Data,No Data,77551,77551,No,3N1AB7AP5EY238736,48,2 - FEMALE,N - NOT INJURED,0,1,1 - FRONT LEFT OR MOTORCYCLE DRIVER
20736276,Yes,GALVESTON POLICE DEPARTMENT,25-001716,GALVESTON,FAILED TO YIELD RIGHT OF WAY - STOP SIGN,GALVESTON,2025-04-02,N - NOT INJURED,0,NO DATA,278 - UNIVERSITY OF TEXAS MEDICAL BRANCH,2.536,,No Data,No Data,No Data,77551,77551,No,3N1AB7AP5EY238736,17,2 - FEMALE,N - NOT INJURED,0,2,3 - FRONT RIGHT
20736280,Yes,AMARILLO POLICE DEPARTMENT,25-038892,AMARILLO,FAILED TO DRIVE IN SINGLE LANE,POTTER,2025-04-02,N - NOT INJURED,0,NO DATA,31 - BSA HOSPITAL,7.162,,23 - FAILED TO DRIVE IN SINGLE LANE,No Data,No Data,91381,18914,No,5KJJBZDR4SLVY5899,46,1 - MALE,N - NOT INJURED,0,1,1 - FRONT LEFT OR MOTORCYCLE DRIVER
20736280,Yes,AMARILLO POLICE DEPARTMENT,25-038892,AMARILLO,FAILED TO DRIVE IN SINGLE LANE,POTTER,2025-04-02,N - NOT INJURED,0,NO DATA,31 - BSA HOSPITAL,7.162,,No Data,No Data,No Data,79119,79119,No,JTMZFREV5HJ703811,20,2 - FEMALE,N - NOT INJURED,0,1,1 - FRONT LEFT OR MOTORCYCLE DRIVER
20736289,Yes,AMARILLO POLICE DEPARTMENT,25-038920,AMARILLO,CHANGED LANE WHEN UNSAFE,POTTER,2025-04-02,N - NOT INJURED,0,NO DATA,31 - BSA HOSPITAL,0.799,,4 - CHANGED LANE WHEN UNSAFE,No Data,No Data,79097,79097,No,1N6AD0ER5EN767382,21,1 - MALE,N - NOT INJURED,0,1,1 - FRONT LEFT OR MOTORCYCLE DRIVER
20736289,Yes,AMARILLO POLICE DEPARTMENT,25-038920,AMARILLO,CHANGED LANE WHEN UNSAFE,POTTER,2025-04-02,N - NOT INJURED,0,NO DATA,31 - BSA HOSPITAL,0.799,,No Data,No Data,No Data,79124,79124,No,1GYS4JKJ8GR404639,65,1 - MALE,N - NOT INJURED,0,1,1 - FRONT LEFT OR MOTORCYCLE DRIVER
20736290,Yes,TRAVIS COUNTY SHERIFF'S OFFICE,250920380,OUTSIDE CITY LIMITS,FAILED TO YIELD RIGHT OF WAY - PRIVATE DRIVE,TRAVIS,2025-04-02,B - SUSPECTED MINOR INJURY,0,NO DATA,195 - NORTH AUSTIN MEDICAL CENTER,3.767,10,34 - FAILED TO YIELD RIGHT OF WAY - PRIVATE DRIVE,No Data,No Data,78660,78660,No,JTDKN3DU8D5565968,24,1 - MALE,N - NOT INJURED,0,1,1 - FRONT LEFT OR MOTORCYCLE DRIVER
20736290,Yes,TRAVIS COUNTY SHERIFF'S OFFICE,250920380,OUTSIDE CITY LIMITS,FAILED TO YIELD RIGHT OF WAY - PRIVATE DRIVE,TRAVIS,2025-04-02,B - SUSPECTED MINOR INJURY,0,NO DATA,195 - NORTH AUSTIN MEDICAL CENTER,3.767,10,No Data,No Data,No Data,78660,78660,No,1GNSCHKC3HR307392,71,1 - MALE,B - SUSPECTED MINOR INJURY,1,1,1 - FRONT LEFT OR MOTORCYCLE DRIVER
20736291,Yes,FRANKSTON POLICE DEPARTMENT,2025-00113,FRANKSTON,FAILED TO CONTROL SPEED,ANDERSON,2025-04-02,N - NOT INJURED,0,NO DATA,282 - UT HEALTH EAST TEXAS JACKSONVILLE HOSPITAL,15.041,,22 - FAILED TO CONTROL SPEED,No Data,No Data,75703,75703,No,1N4AA5AP9DC821599,17,1 - MALE,N - NOT INJURED,0,1,1 - FRONT LEFT OR MOTORCYCLE DRIVER
20736291,Yes,FRANKSTON POLICE DEPARTMENT,2025-00113,FRANKSTON,FAILED TO CONTROL SPEED,ANDERSON,2025-04-02,N - NOT INJURED,0,NO DATA,282 - UT HEALTH EAST TEXAS JACKSONVILLE HOSPITAL,15.041,,22 - FAILED TO CONTROL SPEED,No Data,No Data,75703,75703,No,1N4AA5AP9DC821599,18,1 - MALE,N - NOT INJURED,0,2,4 - SECOND SEAT LEFT OR MOTORCYCLE BACK PASSENGER
20736291,Yes,FRANKSTON POLICE DEPARTMENT,2025-00113,FRANKSTON,FAILED TO CONTROL SPEED,ANDERSON,2025-04-02,N - NOT INJURED,0,NO DATA,282 - UT HEALTH EAST TEXAS JACKSONVILLE HOSPITAL,15.041,,22 - FAILED TO CONTROL SPEED,No Data,No Data,75703,75703,No,1N4AA5AP9DC821599,17,1 - MALE,N - NOT INJURED,0,3,3 - FRONT RIGHT
20736291,Yes,FRANKSTON POLICE DEPARTMENT,2025-00113,FRANKSTON,FAILED TO CONTROL SPEED,ANDERSON,2025-04-02,N - NOT INJURED,0,NO DATA,282 - UT HEALTH EAST TEXAS JACKSONVILLE HOSPITAL,15.041,,22 - FAILED TO CONTROL SPEED,No Data,No Data,75703,75703,No,1N4AA5AP9DC821599,17,1 - MALE,N - NOT INJURED,0,4,6 - SECOND SEAT RIGHT
20736292,Yes,EDINBURG POLICE DEPARTMENT,25-15053,EDINBURG,FAILED TO YIELD RIGHT OF WAY - PRIVATE DRIVE,HIDALGO,2025-04-02,N - NOT INJURED,0,NO DATA,234 - SOUTH TEXAS HEALTH SYSTEM EDINBURG,5.289,,No Data,No Data,No Data,78573,78573,No,1FTEW1C4XLKD78389,19,1 - MALE,N - NOT INJURED,0,1,1 - FRONT LEFT OR MOTORCYCLE DRIVER
20736292,Yes,EDINBURG POLICE DEPARTMENT,25-15053,EDINBURG,FAILED TO YIELD RIGHT OF WAY - PRIVATE DRIVE,HIDALGO,2025-04-02,N - NOT INJURED,0,NO DATA,234 - SOUTH TEXAS HEALTH SYSTEM EDINBURG,5.289,,34 - FAILED TO YIELD RIGHT OF WAY - PRIVATE DRIVE,No Data,No Data,78542,78542,No,1C6SRFFT7NN285218,34,2 - FEMALE,N - NOT INJURED,0,1,1 - FRONT LEFT OR MOTORCYCLE DRIVER
20736292,Yes,EDINBURG POLICE DEPARTMENT,25-15053,EDINBURG,FAILED TO YIELD RIGHT OF WAY - PRIVATE DRIVE,HIDALGO,2025-04-02,N - NOT INJURED,0,NO DATA,234 - SOUTH TEXAS HEALTH SYSTEM EDINBURG,5.289,,34 - FAILED TO YIELD RIGHT OF WAY - PRIVATE DRIVE,No Data,No Data,78542,78542,No,1C6SRFFT7NN285218,2,2 - FEMALE,N - NOT INJURED,0,2,6 - SECOND SEAT RIGHT
20736292,Yes,EDINBURG POLICE DEPARTMENT,25-15053,EDINBURG,FAILED TO YIELD RIGHT OF WAY - PRIVATE DRIVE,HIDALGO,2025-04-02,N - NOT INJURED,0,NO DATA,234 - SOUTH TEXAS HEALTH SYSTEM EDINBURG,5.289,,34 - FAILED TO YIELD RIGHT OF WAY - PRIVATE DRIVE,No Data,No Data,78542,78542,No,1C6SRFFT7NN285218,0,1 - MALE,N - NOT INJURED,0,3,4 - SECOND SEAT LEFT OR MOTORCYCLE BACK PASSENGER
20736294,Yes,AMARILLO POLICE DEPARTMENT,25-038771,AMARILLO,DISREGARD STOP AND GO SIGNAL; DRIVER INATTENTION,POTTER,2025-04-02,N - NOT INJURED,0,NO DATA,200 - NORTHWEST TEXAS HOSPITAL,2.316,,15 - DISREGARD STOP AND GO SIGNAL,20 - DRIVER INATTENTION,No Data,73942,73942,No,4S4BSETC9K3302020,58,2 - FEMALE,N - NOT INJURED,0,1,1 - FRONT LEFT OR MOTORCYCLE DRIVER
20736294,Yes,AMARILLO POLICE DEPARTMENT,25-038771,AMARILLO,DISREGARD STOP AND GO SIGNAL; DRIVER INATTENTION,POTTER,2025-04-02,N - NOT INJURED,0,NO DATA,200 - NORTHWEST TEXAS HOSPITAL,2.316,,No Data,No Data,No Data,79106,79106,No,1ZVBP8AM7C5263479,72,1 - MALE,N - NOT INJURED,0,1,1 - FRONT LEFT OR MOTORCYCLE DRIVER
20736296,Yes,"DEPARTMENT OF PUBLIC SAFETY, STATE OF TEXAS",TX2025-515974,OUTSIDE CITY LIMITS,FAILED TO DRIVE IN SINGLE LANE; FAULTY EVASIVE ACTION,WALKER,2025-04-02,N - NOT INJURED,0,NO DATA,42 - CHI ST. JOSEPH HEALTH MADISON HOSPITAL,10.999,2C,23 - FAILED TO DRIVE IN SINGLE LANE,41 - FAULTY EVASIVE ACTION,No Data,77320,77320,No,2HGFG12677H500970,25,2 - FEMALE,N - NOT INJURED,0,1,1 - FRONT LEFT OR MOTORCYCLE DRIVER
20736308,Yes,PLANO POLICE DEPARTMENT,25-68683,PLANO,DISREGARD STOP AND GO SIGNAL,COLLIN,2025-04-02,N - NOT INJURED,0,NO DATA,16 - BAYLOR SCOTT & WHITE MEDICAL CENTER - CENTENNIAL,0.495,,15 - DISREGARD STOP AND GO SIGNAL,No Data,No Data,75025,75025,No,JM3KE2CY0G0894560,21,1 - MALE,N - NOT INJURED,0,1,1 - FRONT LEFT OR MOTORCYCLE DRIVER
20736308,Yes,PLANO POLICE DEPARTMENT,25-68683,PLANO,DISREGARD STOP AND GO SIGNAL,COLLIN,2025-04-02,N - NOT INJURED,0,NO DATA,16 - BAYLOR SCOTT & WHITE MEDICAL CENTER - CENTENNIAL,0.495,,No Data,No Data,No Data,75068,75068,No,1GNLCDEC6LR300339,49,1 - MALE,N - NOT INJURED,0,1,1 - FRONT LEFT OR MOTORCYCLE DRIVER
20736314,Yes,AMARILLO POLICE DEPARTMENT,25-038958,AMARILLO,FAILED TO YIELD RIGHT OF WAY - STOP SIGN,POTTER,2025-04-02,N - NOT INJURED,0,NO DATA,31 - BSA HOSPITAL,6.506,,35 - FAILED TO YIELD RIGHT OF WAY - STOP SIGN,No Data,No Data,79103,79103,No,1C3CCBBB0EN137677,24,1 - MALE,N - NOT INJURED,0,1,1 - FRONT LEFT OR MOTORCYCLE DRIVER
20736314,Yes,AMARILLO POLICE DEPARTMENT,25-038958,AMARILLO,FAILED TO YIELD RIGHT OF WAY - STOP SIGN,POTTER,2025-04-02,N - NOT INJURED,0,NO DATA,31 - BSA HOSPITAL,6.506,,No Data,No Data,No Data,79107,79107,No,3N1CN7AP3HL809786,25,2 - FEMALE,N - NOT INJURED,0,1,1 - FRONT LEFT OR MOTORCYCLE DRIVER
20736314,Yes,AMARILLO POLICE DEPARTMENT,25-038958,AMARILLO,FAILED TO YIELD RIGHT OF WAY - STOP SIGN,POTTER,2025-04-02,N - NOT INJURED,0,NO DATA,31 - BSA HOSPITAL,6.506,,No Data,No Data,No Data,79107,79107,No,3N1CN7AP3HL809786,5,1 - MALE,N - NOT INJURED,0,2,4 - SECOND SEAT LEFT OR MOTORCYCLE BACK PASSENGER
20736317,Yes,AMARILLO POLICE DEPARTMENT,25-038954,AMARILLO,DRIVER INATTENTION; FAILED TO CONTROL SPEED,RANDALL,2025-04-02,N - NOT INJURED,0,NO DATA,31 - BSA HOSPITAL,1.7,,22 - FAILED TO CONTROL SPEED,20 - DRIVER INATTENTION,No Data,79109,79109,No,3GTU2UEC0FG201827,39,1 - MALE,N - NOT INJURED,0,1,1 - FRONT LEFT OR MOTORCYCLE DRIVER
20736317,Yes,AMARILLO POLICE DEPARTMENT,25-038954,AMARILLO,DRIVER INATTENTION; FAILED TO CONTROL SPEED,RANDALL,2025-04-02,N - NOT INJURED,0,NO DATA,31 - BSA HOSPITAL,1.7,,No Data,No Data,No Data,79109,79109,No,3GKALPEG0PL109621,50,2 - FEMALE,N - NOT INJURED,0,1,1 - FRONT LEFT OR MOTORCYCLE DRIVER
20736323,Yes,AMARILLO POLICE DEPARTMENT,25-038962,AMARILLO,DRIVER INATTENTION,RANDALL,2025-04-02,N - NOT INJURED,0,NO DATA,No Data,No Data,,20 - DRIVER INATTENTION,No Data,No Data,79118,79118,No,3N1CN8FV0RL870902,18,1 - MALE,N - NOT INJURED,0,1,1 - FRONT LEFT OR MOTORCYCLE DRIVER
20736323,Yes,AMARILLO POLICE DEPARTMENT,25-038962,AMARILLO,DRIVER INATTENTION,RANDALL,2025-04-02,N - NOT INJURED,0,NO DATA,No Data,No Data,,20 - DRIVER INATTENTION,No Data,No Data,79118,79118,No,3N1CN8FV0RL870902,17,1 - MALE,N - NOT INJURED,0,2,3 - FRONT RIGHT
20736323,Yes,AMARILLO POLICE DEPARTMENT,25-038962,AMARILLO,DRIVER INATTENTION,RANDALL,2025-04-02,N - NOT INJURED,0,NO DATA,No Data,No Data,,20 - DRIVER INATTENTION,No Data,No Data,79118,79118,No,2FMDK36C08BA17191,17,1 - MALE,N - NOT INJURED,0,1,1 - FRONT LEFT OR MOTORCYCLE DRIVER
20736323,Yes,AMARILLO POLICE DEPARTMENT,25-038962,AMARILLO,DRIVER INATTENTION,RANDALL,2025-04-02,N - NOT INJURED,0,NO DATA,No Data,No Data,,20 - DRIVER INATTENTION,No Data,No Data,79118,79118,No,2FMDK36C08BA17191,17,2 - FEMALE,N - NOT INJURED,0,2,3 - FRONT RIGHT
20736323,Yes,AMARILLO POLICE DEPARTMENT,25-038962,AMARILLO,DRIVER INATTENTION,RANDALL,2025-04-02,N - NOT INJURED,0,NO DATA,No Data,No Data,,20 - DRIVER INATTENTION,No Data,No Data,79118,79118,No,2FMDK36C08BA17191,16,1 - MALE,N - NOT INJURED,0,3,4 - SECOND SEAT LEFT OR MOTORCYCLE BACK PASSENGER
20736326,Yes,MONTGOMERY COUNTY SHERIFF'S OFFICE,25A096685,OUTSIDE CITY LIMITS,FAILED TO CONTROL SPEED; FAILED TO DRIVE IN SINGLE LANE,MONTGOMERY,2025-04-02,N - NOT INJURED,0,NO DATA,253 - TEXAS CHILDRENS HOSPITAL THE WOODLANDS,7.743,,22 - FAILED TO CONTROL SPEED,23 - FAILED TO DRIVE IN SINGLE LANE,No Data,77354,77354,No,2C3CDXCTXDH686585,40,1 - MALE,N - NOT INJURED,0,1,1 - FRONT LEFT OR MOTORCYCLE DRIVER
20736326,Yes,MONTGOMERY COUNTY SHERIFF'S OFFICE,25A096685,OUTSIDE CITY LIMITS,FAILED TO CONTROL SPEED; FAILED TO DRIVE IN SINGLE LANE,MONTGOMERY,2025-04-02,N - NOT INJURED,0,NO DATA,253 - TEXAS CHILDRENS HOSPITAL THE WOODLANDS,7.743,,No Data,No Data,No Data,77355,77355,No,1FA6P0H72E5368722,57,1 - MALE,N - NOT INJURED,0,1,1 - FRONT LEFT OR MOTORCYCLE DRIVER
20736326,Yes,MONTGOMERY COUNTY SHERIFF'S OFFICE,25A096685,OUTSIDE CITY LIMITS,FAILED TO CONTROL SPEED; FAILED TO DRIVE IN SINGLE LANE,MONTGOMERY,2025-04-02,N - NOT INJURED,0,NO DATA,253 - TEXAS CHILDRENS HOSPITAL THE WOODLANDS,7.743,,No Data,No Data,No Data,77432,77432,No,1HGCP26828A079017,38,1 - MALE,N - NOT INJURED,0,1,1 - FRONT LEFT OR MOTORCYCLE DRIVER
20736340,Yes,LEON VALLEY POLICE DEPARTMENT,202501052,LEON VALLEY,FAILED TO YIELD RIGHT OF WAY - TURNING LEFT,BEXAR,2025-04-02,N - NOT INJURED,0,NO DATA,273 - UNIVERSITY HOSPITAL,2.148,2,37 - FAILED TO YIELD RIGHT OF WAY - TURNING LEFT,No Data,No Data,78250,78250,No,2C3CDXBG6LH207680,17,1 - MALE,N - NOT INJURED,0,1,1 - FRONT LEFT OR MOTORCYCLE DRIVER
20736340,Yes,LEON VALLEY POLICE DEPARTMENT,202501052,LEON VALLEY,FAILED TO YIELD RIGHT OF WAY - TURNING LEFT,BEXAR,2025-04-02,N - NOT INJURED,0,NO DATA,273 - UNIVERSITY HOSPITAL,2.148,2,No Data,No Data,No Data,78003,78063,No,1FT7W2BT1KEC05686,42,1 - MALE,N - NOT INJURED,0,1,1 - FRONT LEFT OR MOTORCYCLE DRIVER
20736349,Yes,THE COLONY POLICE DEPARTMENT,2025-4675,THE COLONY,FAILED TO YIELD RIGHT OF WAY - OPEN INTERSECTION,DENTON,2025-04-02,N - NOT INJURED,0,NO DATA,No Data,No Data,,33 - FAILED TO YIELD RIGHT OF WAY - OPEN INTERSECTION,No Data,No Data,75217,76262,No,3HAEUMML0LL145385,50,1 - MALE,N - NOT INJURED,0,1,1 - FRONT LEFT OR MOTORCYCLE DRIVER
20736349,Yes,THE COLONY POLICE DEPARTMENT,2025-4675,THE COLONY,FAILED TO YIELD RIGHT OF WAY - OPEN INTERSECTION,DENTON,2025-04-02,N - NOT INJURED,0,NO DATA,No Data,No Data,,33 - FAILED TO YIELD RIGHT OF WAY - OPEN INTERSECTION,No Data,No Data,75092,75092,No,3FMTK3RM0PMA39768,26,1 - MALE,N - NOT INJURED,0,1,1 - FRONT LEFT OR MOTORCYCLE DRIVER
20736352,Yes,MOUNT PLEASANT POLICE DEPARTMENT,25-5286,MOUNT PLEASANT,DRIVER INATTENTION;OTHER (EXPLAIN IN NARRATIVE),TITUS,2025-04-02,N - NOT INJURED,0,NO DATA,No Data,No Data,,20 - DRIVER INATTENTION,No Data,No Data,75686,75686,No,JM1NC25F760107724,78,2 - FEMALE,N - NOT INJURED,0,1,1 - FRONT LEFT OR MOTORCYCLE DRIVER
20736352,Yes,MOUNT PLEASANT POLICE DEPARTMENT,25-5286,MOUNT PLEASANT,DRIVER INATTENTION;OTHER (EXPLAIN IN NARRATIVE),TITUS,2025-04-02,N - NOT INJURED,0,NO DATA,No Data,No Data,,98 - OTHER (EXPLAIN IN NARRATIVE),No Data,No Data,75568,75568,No,1G11H5SAXDF154288,30,2 - FEMALE,N - NOT INJURED,0,1,1 - FRONT LEFT OR MOTORCYCLE DRIVER
20736363,Yes,MCALLEN POLICE DEPARTMENT,2025-20808,MCALLEN,FAILED TO YIELD RIGHT OF WAY - TURNING LEFT,HIDALGO,2025-04-02,C - POSSIBLE INJURY,0,NO DATA,94 - DOCTORS HOSPITAL AT RENAISSANCE,1.182,,37 - FAILED TO YIELD RIGHT OF WAY - TURNING LEFT,No Data,No Data,78501,78501,No,1C4JJXP60PW613098,57,2 - FEMALE,N - NOT INJURED,0,1,1 - FRONT LEFT OR MOTORCYCLE DRIVER
20736363,Yes,MCALLEN POLICE DEPARTMENT,2025-20808,MCALLEN,FAILED TO YIELD RIGHT OF WAY - TURNING LEFT,HIDALGO,2025-04-02,C - POSSIBLE INJURY,0,NO DATA,94 - DOCTORS HOSPITAL AT RENAISSANCE,1.182,,No Data,No Data,No Data,78577,78577,No,JN8BT3DC7PW107595,46,2 - FEMALE,C - POSSIBLE INJURY,0,1,1 - FRONT LEFT OR MOTORCYCLE DRIVER
20736368,Yes,HEREFORD POLICE DEPARTMENT,C2025-003804,HEREFORD,DISREGARD TURN MARKS AT INTERSECTION,DEAF SMITH,2025-04-02,N - NOT INJURED,0,NO DATA,129 - HEREFORD REGIONAL MEDICAL CENTER,1.464,,17 - DISREGARD TURN MARKS AT INTERSECTION,No Data,No Data,79938,85027,No,3HSDZAPR7NN349048,51,1 - MALE,N - NOT INJURED,0,1,1 - FRONT LEFT OR MOTORCYCLE DRIVER
20736374,Yes,MONTGOMERY COUNTY SHERIFF'S OFFICE,25A097277,OUTSIDE CITY LIMITS,DRIVER INATTENTION;FAILED TO CONTROL SPEED;FAILED TO YIELD RIGHT OF WAY - PRIVATE DRIVE,MONTGOMERY,2025-04-02,N - NOT INJURED,0,NO DATA,No Data,No Data,,34 - FAILED TO YIELD RIGHT OF WAY - PRIVATE DRIVE,20 - DRIVER INATTENTION,No Data,77365,77365,No,5FNYF5H54HB032025,44,2 - FEMALE,N - NOT INJURED,0,1,1 - FRONT LEFT OR MOTORCYCLE DRIVER
20736374,Yes,MONTGOMERY COUNTY SHERIFF'S OFFICE,25A097277,OUTSIDE CITY LIMITS,DRIVER INATTENTION;FAILED TO CONTROL SPEED;FAILED TO YIELD RIGHT OF WAY - PRIVATE DRIVE,MONTGOMERY,2025-04-02,N - NOT INJURED,0,NO DATA,No Data,No Data,,34 - FAILED TO YIELD RIGHT OF WAY - PRIVATE DRIVE,20 - DRIVER INATTENTION,No Data,77365,77365,No,5FNYF5H54HB032025,13,1 - MALE,N - NOT INJURED,0,2,3 - FRONT RIGHT
20736374,Yes,MONTGOMERY COUNTY SHERIFF'S OFFICE,25A097277,OUTSIDE CITY LIMITS,DRIVER INATTENTION;FAILED TO CONTROL SPEED;FAILED TO YIELD RIGHT OF WAY - PRIVATE DRIVE,MONTGOMERY,2025-04-02,N - NOT INJURED,0,NO DATA,No Data,No Data,,34 - FAILED TO YIELD RIGHT OF WAY - PRIVATE DRIVE,20 - DRIVER INATTENTION,No Data,77365,77365,No,5FNYF5H54HB032025,15,2 - FEMALE,N - NOT INJURED,0,3,4 - SECOND SEAT LEFT OR MOTORCYCLE BACK PASSENGER
20736374,Yes,MONTGOMERY COUNTY SHERIFF'S OFFICE,25A097277,OUTSIDE CITY LIMITS,DRIVER INATTENTION;FAILED TO CONTROL SPEED;FAILED TO YIELD RIGHT OF WAY - PRIVATE DRIVE,MONTGOMERY,2025-04-02,N - NOT INJURED,0,NO DATA,No Data,No Data,,34 - FAILED TO YIELD RIGHT OF WAY - PRIVATE DRIVE,20 - DRIVER INATTENTION,No Data,77365,77365,No,5FNYF5H54HB032025,16,1 - MALE,N - NOT INJURED,0,4,6 - SECOND SEAT RIGHT
20736374,Yes,MONTGOMERY COUNTY SHERIFF'S OFFICE,25A097277,OUTSIDE CITY LIMITS,DRIVER INATTENTION;FAILED TO CONTROL SPEED;FAILED TO YIELD RIGHT OF WAY - PRIVATE DRIVE,MONTGOMERY,2025-04-02,N - NOT INJURED,0,NO DATA,No Data,No Data,,22 - FAILED TO CONTROL SPEED,No Data,No Data,77357,77357,No,3GTP1NECXJG176238,17,1 - MALE,N - NOT INJURED,0,1,1 - FRONT LEFT OR MOTORCYCLE DRIVER
20736374,Yes,MONTGOMERY COUNTY SHERIFF'S OFFICE,25A097277,OUTSIDE CITY LIMITS,DRIVER INATTENTION;FAILED TO CONTROL SPEED;FAILED TO YIELD RIGHT OF WAY - PRIVATE DRIVE,MONTGOMERY,2025-04-02,N - NOT INJURED,0,NO DATA,No Data,No Data,,22 - FAILED TO CONTROL SPEED,No Data,No Data,77357,77357,No,3GTP1NECXJG176238,16,2 - FEMALE,N - NOT INJURED,0,2,3 - FRONT RIGHT
20736378,Yes,EL PASO POLICE DEPARTMENT,25-092160,EL PASO,OTHER (EXPLAIN IN NARRATIVE),EL PASO,2025-04-02,N - NOT INJURED,0,NO DATA,275 - THE HOSPITALS OF PROVIDENCE TRANSMOUNTAIN CAMPUS,8.466,,98 - OTHER (EXPLAIN IN NARRATIVE),No Data,No Data,79924,79924,No,2G1FB1E38E9178760,55,2 - FEMALE,N - NOT INJURED,0,1,1 - FRONT LEFT OR MOTORCYCLE DRIVER
20736378,Yes,EL PASO POLICE DEPARTMENT,25-092160,EL PASO,OTHER (EXPLAIN IN NARRATIVE),EL PASO,2025-04-02,N - NOT INJURED,0,NO DATA,275 - THE HOSPITALS OF PROVIDENCE TRANSMOUNTAIN CAMPUS,8.466,,98 - OTHER (EXPLAIN IN NARRATIVE),No Data,No Data,79934,79934,No,JF2SKAEC0NH465125,47,2 - FEMALE,N - NOT INJURED,0,1,1 - FRONT LEFT OR MOTORCYCLE DRIVER
20736382,Yes,"DEPARTMENT OF PUBLIC SAFETY, STATE OF TEXAS",TX C25 511551,STREETMAN,FAILED TO CONTROL SPEED,NAVARRO,2025-04-02,C - POSSIBLE INJURY,0,NO DATA,102 - FREESTONE MEDICAL CENTER,14.516,1A,22 - FAILED TO CONTROL SPEED,No Data,No Data,77038,78219,No,3HCDZAPR2KL496459,43,1 - MALE,C - POSSIBLE INJURY,0,1,1 - FRONT LEFT OR MOTORCYCLE DRIVER
20736382,Yes,"DEPARTMENT OF PUBLIC SAFETY, STATE OF TEXAS",TX C25 511551,STREETMAN,FAILED TO CONTROL SPEED,NAVARRO,2025-04-02,C - POSSIBLE INJURY,0,NO DATA,102 - FREESTONE MEDICAL CENTER,14.516,1A,No Data,No Data,No Data,77085,77085,No,1XKYD49XXHJ108473,49,1 - MALE,N - NOT INJURED,0,1,1 - FRONT LEFT OR MOTORCYCLE DRIVER
20736383,Yes,EL PASO POLICE DEPARTMENT,25-092057,OUTSIDE CITY LIMITS,OTHER (EXPLAIN IN NARRATIVE),EL PASO,2025-04-02,N - NOT INJURED,0,NO DATA,261 - THE HOSPITALS OF PROVIDENCE EAST CAMPUS,5.029,,No Data,No Data,No Data,,No Data,Yes,No Data,No Data,99 - UNKNOWN,99 - UNKNOWN,0,1,1 - FRONT LEFT OR MOTORCYCLE DRIVER
20736383,Yes,EL PASO POLICE DEPARTMENT,25-092057,OUTSIDE CITY LIMITS,OTHER (EXPLAIN IN NARRATIVE),EL PASO,2025-04-02,N - NOT INJURED,0,NO DATA,261 - THE HOSPITALS OF PROVIDENCE EAST CAMPUS,5.029,,98 - OTHER (EXPLAIN IN NARRATIVE),No Data,No Data,79924,79924,No,19UUB1F33FA006043,25,1 - MALE,N - NOT INJURED,0,1,1 - FRONT LEFT OR MOTORCYCLE DRIVER
20736389,Yes,NEW BRAUNFELS POLICE DEPARTMENT,25-16340,NEW BRAUNFELS,FAILED TO YIELD RIGHT OF WAY - TURNING LEFT,COMAL,2025-04-02,N - NOT INJURED,0,NO DATA,217 - RESOLUTE BAPTIST HOSPITAL,1.438,,37 - FAILED TO YIELD RIGHT OF WAY - TURNING LEFT,No Data,No Data,78132,78132,No,58ADA1C1XMU001118,78,2 - FEMALE,N - NOT INJURED,0,1,1 - FRONT LEFT OR MOTORCYCLE DRIVER
20736389,Yes,NEW BRAUNFELS POLICE DEPARTMENT,25-16340,NEW BRAUNFELS,FAILED TO YIELD RIGHT OF WAY - TURNING LEFT,COMAL,2025-04-02,N - NOT INJURED,0,NO DATA,217 - RESOLUTE BAPTIST HOSPITAL,1.438,,No Data,No Data,No Data,78130,78130,No,KMHTC6AD2EU210961,60,2 - FEMALE,N - NOT INJURED,0,1,1 - FRONT LEFT OR MOTORCYCLE DRIVER
20736392,Yes,GRAND PRAIRIE POLICE DEPARTMENT,2500005146,GRAND PRAIRIE,FAILED TO CONTROL SPEED,DALLAS,2025-04-02,N - NOT INJURED,0,NO DATA,254 - TEXAS HEALTH ARLINGTON MEMORIAL HOSPITAL,5.726,,22 - FAILED TO CONTROL SPEED,No Data,No Data,75051,75051,No,JTJHF10U820250421,38,2 - FEMALE,N - NOT INJURED,0,1,1 - FRONT LEFT OR MOTORCYCLE DRIVER
20736392,Yes,GRAND PRAIRIE POLICE DEPARTMENT,2500005146,GRAND PRAIRIE,FAILED TO CONTROL SPEED,DALLAS,2025-04-02,N - NOT INJURED,0,NO DATA,254 - TEXAS HEALTH ARLINGTON MEMORIAL HOSPITAL,5.726,,No Data,No Data,No Data,75052,75052,No,WBA8E1G51HNU14749,41,2 - FEMALE,N - NOT INJURED,0,1,1 - FRONT LEFT OR MOTORCYCLE DRIVER
20736404,Yes,NEW BRAUNFELS POLICE DEPARTMENT,25-16355,NEW BRAUNFELS,DRIVER INATTENTION,COMAL,2025-04-02,N - NOT INJURED,0,NO DATA,No Data,No Data,,20 - DRIVER INATTENTION,No Data,No Data,78227,78227,No,1GC1KVE8XGF230761,27,1 - MALE,N - NOT INJURED,0,1,1 - FRONT LEFT OR MOTORCYCLE DRIVER
20736408,Yes,BROWNWOOD POLICE DEPARTMENT,25-010148,BROWNWOOD,FAILED TO YIELD RIGHT OF WAY - YIELD SIGN,BROWN,2025-04-02,N - NOT INJURED,0,NO DATA,128 - HENDRICK MEDICAL CENTER BROWNWOOD,1.739,,39 - FAILED TO YIELD RIGHT OF WAY - YIELD SIGN,No Data,No Data,77584,77584,No,1FTRW07692KC54507,31,1 - MALE,N - NOT INJURED,0,1,1 - FRONT LEFT OR MOTORCYCLE DRIVER
20736408,Yes,BROWNWOOD POLICE DEPARTMENT,25-010148,BROWNWOOD,FAILED TO YIELD RIGHT OF WAY - YIELD SIGN,BROWN,2025-04-02,N - NOT INJURED,0,NO DATA,128 - HENDRICK MEDICAL CENTER BROWNWOOD,1.739,,No Data,No Data,No Data,76801,76801,No,3VWDB7AJ1HM404619,37,2 - FEMALE,N - NOT INJURED,0,1,1 - FRONT LEFT OR MOTORCYCLE DRIVER
20736409,Yes,EAGLE PASS POLICE DEPARTMENT,202500007012,EAGLE PASS,DRIVER INATTENTION,MAVERICK,2025-04-02,C - POSSIBLE INJURY,0,NO DATA,101 - FORT DUNCAN REGIONAL MEDICAL CENTER,2.407,,No Data,No Data,No Data,78852,78212,No,5TFLU4EN7FX134906,74,1 - MALE,N - NOT INJURED,0,1,1 - FRONT LEFT OR MOTORCYCLE DRIVER
20736409,Yes,EAGLE PASS POLICE DEPARTMENT,202500007012,EAGLE PASS,DRIVER INATTENTION,MAVERICK,2025-04-02,C - POSSIBLE INJURY,0,NO DATA,101 - FORT DUNCAN REGIONAL MEDICAL CENTER,2.407,,No Data,No Data,No Data,26068,26090,No,3C6RRBDT4HG682229,33,1 - MALE,C - POSSIBLE INJURY,0,1,1 - FRONT LEFT OR MOTORCYCLE DRIVER
20736411,Yes,BROWNWOOD POLICE DEPARTMENT,25-010108,BROWNWOOD,DRIVER INATTENTION;FAILED TO YIELD RIGHT OF WAY - TURNING LEFT,BROWN,2025-04-02,N - NOT INJURED,0,NO DATA,128 - HENDRICK MEDICAL CENTER BROWNWOOD,3.613,,20 - DRIVER INATTENTION,37 - FAILED TO YIELD RIGHT OF WAY - TURNING LEFT,No Data,76023,76023,No,1GC4YPEY4NF213166,22,1 - MALE,N - NOT INJURED,0,1,1 - FRONT LEFT OR MOTORCYCLE DRIVER
20736411,Yes,BROWNWOOD POLICE DEPARTMENT,25-010108,BROWNWOOD,DRIVER INATTENTION;FAILED TO YIELD RIGHT OF WAY - TURNING LEFT,BROWN,2025-04-02,N - NOT INJURED,0,NO DATA,128 - HENDRICK MEDICAL CENTER BROWNWOOD,3.613,,No Data,No Data,No Data,76801,76801,No,KM8SR4HF0JU284024,63,2 - FEMALE,N - NOT INJURED,0,1,1 - FRONT LEFT OR MOTORCYCLE DRIVER
20736411,Yes,BROWNWOOD POLICE DEPARTMENT,25-010108,BROWNWOOD,DRIVER INATTENTION;FAILED TO YIELD RIGHT OF WAY - TURNING LEFT,BROWN,2025-04-02,N - NOT INJURED,0,NO DATA,128 - HENDRICK MEDICAL CENTER BROWNWOOD,3.613,,No Data,No Data,No Data,76801,76801,No,KM8SR4HF0JU284024,64,1 - MALE,N - NOT INJURED,0,2,3 - FRONT RIGHT
20736415,No,LAREDO POLICE DEPARTMENT,2025-00051965,LAREDO,FAILED TO CONTROL SPEED,WEBB,2025-04-02,N - NOT INJURED,0,NO DATA,141 - LAREDO MEDICAL CENTER,2.467,,22 - FAILED TO CONTROL SPEED,No Data,No Data,78043,78043,No,3C4PDCGB2LT265201,23,2 - FEMALE,N - NOT INJURED,0,1,1 - FRONT LEFT OR MOTORCYCLE DRIVER
20736415,No,LAREDO POLICE DEPARTMENT,2025-00051965,LAREDO,FAILED TO CONTROL SPEED,WEBB,2025-04-02,N - NOT INJURED,0,NO DATA,141 - LAREDO MEDICAL CENTER,2.467,,No Data,No Data,No Data,,78045,No,1C6RR7NM7FS625419,56,2 - FEMALE,N - NOT INJURED,0,1,1 - FRONT LEFT OR MOTORCYCLE DRIVER
20736426,Yes,MISSOURI CITY POLICE DEPARTMENT,25001125,MISSOURI CITY,CHANGED LANE WHEN UNSAFE,FORT BEND,2025-04-02,C - POSSIBLE INJURY,0,NO DATA,169 - MEMORIAL HERMANN PEARLAND HOSPITAL,8.48,,4 - CHANGED LANE WHEN UNSAFE,No Data,No Data,48314,77479,No,4T1BF3EK5AU101639,28,2 - FEMALE,N - NOT INJURED,0,1,1 - FRONT LEFT OR MOTORCYCLE DRIVER
20736426,Yes,MISSOURI CITY POLICE DEPARTMENT,25001125,MISSOURI CITY,CHANGED LANE WHEN UNSAFE,FORT BEND,2025-04-02,C - POSSIBLE INJURY,0,NO DATA,169 - MEMORIAL HERMANN PEARLAND HOSPITAL,8.48,,4 - CHANGED LANE WHEN UNSAFE,No Data,No Data,48314,77479,No,4T1BF3EK5AU101639,28,2 - FEMALE,N - NOT INJURED,0,2,3 - FRONT RIGHT
20736426,Yes,MISSOURI CITY POLICE DEPARTMENT,25001125,MISSOURI CITY,CHANGED LANE WHEN UNSAFE,FORT BEND,2025-04-02,C - POSSIBLE INJURY,0,NO DATA,169 - MEMORIAL HERMANN PEARLAND HOSPITAL,8.48,,No Data,No Data,No Data,77459,77583,No,JHLRD78946C018051,74,2 - FEMALE,C - POSSIBLE INJURY,0,1,1 - FRONT LEFT OR MOTORCYCLE DRIVER
20736427,Yes,MISSOURI CITY POLICE DEPARTMENT,25001127,MISSOURI CITY,FAILED TO YIELD RIGHT OF WAY - OPEN INTERSECTION,FORT BEND,2025-04-02,N - NOT INJURED,0,NO DATA,169 - MEMORIAL HERMANN PEARLAND HOSPITAL,7.856,,33 - FAILED TO YIELD RIGHT OF WAY - OPEN INTERSECTION,No Data,No Data,77459,77459,No,JM3KFADM4M0401705,32,2 - FEMALE,N - NOT INJURED,0,1,1 - FRONT LEFT OR MOTORCYCLE DRIVER
20736427,Yes,MISSOURI CITY POLICE DEPARTMENT,25001127,MISSOURI CITY,FAILED TO YIELD RIGHT OF WAY - OPEN INTERSECTION,FORT BEND,2025-04-02,N - NOT INJURED,0,NO DATA,169 - MEMORIAL HERMANN PEARLAND HOSPITAL,7.856,,No Data,No Data,No Data,77479,77479,No,4T1AZ1FB3LU041174,36,1 - MALE,N - NOT INJURED,0,1,1 - FRONT LEFT OR MOTORCYCLE DRIVER
20736433,Yes,GRAND PRAIRIE POLICE DEPARTMENT,2500005159,GRAND PRAIRIE,DRIVER INATTENTION,TARRANT,2025-04-02,99 - UNKNOWN,0,NO DATA,No Data,No Data,,20 - DRIVER INATTENTION,No Data,No Data,,No Data,Yes,No Data,No Data,99 - UNKNOWN,99 - UNKNOWN,0,1,1 - FRONT LEFT OR MOTORCYCLE DRIVER
20736434,Yes,FORT WORTH POLICE DEPARTMENT,250023580,FORT WORTH,UNDER INFLUENCE - ALCOHOL,TARRANT,2025-04-02,N - NOT INJURED,0,NO DATA,78 - COOK CHILDRENS MEDICAL CENTER,0.169,AF,67 - INTOXICATED - ALCOHOL,No Data,No Data,76016,76016,No,KMHM34AC1PA022808,30,2 - FEMALE,N - NOT INJURED,0,1,1 - FRONT LEFT OR MOTORCYCLE DRIVER
20736434,Yes,FORT WORTH POLICE DEPARTMENT,250023580,FORT WORTH,UNDER INFLUENCE - ALCOHOL,TARRANT,2025-04-02,N - NOT INJURED,0,NO DATA,78 - COOK CHILDRENS MEDICAL CENTER,0.169,AF,No Data,No Data,No Data,76114,76114,No,1GCPWBEH1LZ343049,40,1 - MALE,N - NOT INJURED,0,1,1 - FRONT LEFT OR MOTORCYCLE DRIVER
20736434,Yes,FORT WORTH POLICE DEPARTMENT,250023580,FORT WORTH,UNDER INFLUENCE - ALCOHOL,TARRANT,2025-04-02,N - NOT INJURED,0,NO DATA,78 - COOK CHILDRENS MEDICAL CENTER,0.169,AF,No Data,No Data,No Data,76102,76102,No,2G61M5S33K9113692,51,1 - MALE,N - NOT INJURED,0,1,1 - FRONT LEFT OR MOTORCYCLE DRIVER
20736440,Yes,"DEPARTMENT OF PUBLIC SAFETY, STATE OF TEXAS",25-511377,OUTSIDE CITY LIMITS,FAILED TO CONTROL SPEED; FAULTY EVASIVE ACTION,CAMP,2025-04-02,A - SUSPECTED SERIOUS INJURY,0,NO DATA,287 - UT HEALTH EAST TEXAS PITTSBURG HOSPITAL,3.099,1D,No Data,No Data,No Data,75455,75455,No,1XKTDU8X47J155542,70,1 - MALE,N - NOT INJURED,0,1,1 - FRONT LEFT OR MOTORCYCLE DRIVER
20736440,Yes,"DEPARTMENT OF PUBLIC SAFETY, STATE OF TEXAS",25-511377,OUTSIDE CITY LIMITS,FAILED TO CONTROL SPEED; FAULTY EVASIVE ACTION,CAMP,2025-04-02,A - SUSPECTED SERIOUS INJURY,0,NO DATA,287 - UT HEALTH EAST TEXAS PITTSBURG HOSPITAL,3.099,1D,22 - FAILED TO CONTROL SPEED,41 - FAULTY EVASIVE ACTION,No Data,75686,75686,No,3KPA24AD8ME369810,48,1 - MALE,A - SUSPECTED SERIOUS INJURY,0,1,1 - FRONT LEFT OR MOTORCYCLE DRIVER
20736441,Yes,"DEPARTMENT OF PUBLIC SAFETY, STATE OF TEXAS",25-511220,OUTSIDE CITY LIMITS,FAILED TO CONTROL SPEED,WISE,2025-04-02,A - SUSPECTED SERIOUS INJURY,0,NO DATA,299 - WISE HEALTH SYSTEM,8.241,1C,22 - FAILED TO CONTROL SPEED,No Data,No Data,76104,76104,No,1HD1FYW305Y640400,41,1 - MALE,A - SUSPECTED SERIOUS INJURY,0,1,1 - FRONT LEFT OR MOTORCYCLE DRIVER
20736456,Yes,WHITNEY POLICE DEPARTMENT,W25-00856,WHITNEY,OTHER (EXPLAIN IN NARRATIVE),HILL,2025-04-02,N - NOT INJURED,0,NO DATA,130 - HILL REGIONAL HOSPITAL,13.896,,98 - OTHER (EXPLAIN IN NARRATIVE),No Data,No Data,76692,76692,No,MAJ3S2GE0MC456479,78,2 - FEMALE,N - NOT INJURED,0,1,1 - FRONT LEFT OR MOTORCYCLE DRIVER
20736456,Yes,WHITNEY POLICE DEPARTMENT,W25-00856,WHITNEY,OTHER (EXPLAIN IN NARRATIVE),HILL,2025-04-02,N - NOT INJURED,0,NO DATA,130 - HILL REGIONAL HOSPITAL,13.896,,98 - OTHER (EXPLAIN IN NARRATIVE),No Data,No Data,76648,76648,No,5N1BT3AA2PC789345,20,2 - FEMALE,N - NOT INJURED,0,1,1 - FRONT LEFT OR MOTORCYCLE DRIVER
20736481,Yes,PARIS POLICE DEPARTMENT,202508477,PARIS,FAILED TO CONTROL SPEED,LAMAR,2025-04-02,N - NOT INJURED,0,NO DATA,209 - PARIS REGIONAL MEDICAL CENTER NORTH CAMPUS,0.416,,22 - FAILED TO CONTROL SPEED,No Data,No Data,75460,75460,No,2B3KA53H96H500006,37,1 - MALE,N - NOT INJURED,0,1,1 - FRONT LEFT OR MOTORCYCLE DRIVER
20736481,Yes,PARIS POLICE DEPARTMENT,202508477,PARIS,FAILED TO CONTROL SPEED,LAMAR,2025-04-02,N - NOT INJURED,0,NO DATA,209 - PARIS REGIONAL MEDICAL CENTER NORTH CAMPUS,0.416,,No Data,No Data,No Data,75402,75402,No,1C4RJGBG4RC187603,54,1 - MALE,N - NOT INJURED,0,1,1 - FRONT LEFT OR MOTORCYCLE DRIVER
20736484,Yes,PEARLAND POLICE DEPARTMENT,25-002850,PEARLAND,FAILED TO YIELD RIGHT OF WAY - YIELD SIGN,BRAZORIA,2025-04-02,N - NOT INJURED,0,NO DATA,169 - MEMORIAL HERMANN PEARLAND HOSPITAL,1.056,,39 - FAILED TO YIELD RIGHT OF WAY - YIELD SIGN,No Data,No Data,77048,77048,No,KNDJT2A65D7556067,31,2 - FEMALE,N - NOT INJURED,0,1,1 - FRONT LEFT OR MOTORCYCLE DRIVER
20736484,Yes,PEARLAND POLICE DEPARTMENT,25-002850,PEARLAND,FAILED TO YIELD RIGHT OF WAY - YIELD SIGN,BRAZORIA,2025-04-02,N - NOT INJURED,0,NO DATA,169 - MEMORIAL HERMANN PEARLAND HOSPITAL,1.056,,No Data,No Data,No Data,77578,77578,No,3TMAZ5CNXPM208358,21,1 - MALE,N - NOT INJURED,0,1,1 - FRONT LEFT OR MOTORCYCLE DRIVER
20736484,Yes,PEARLAND POLICE DEPARTMENT,25-002850,PEARLAND,FAILED TO YIELD RIGHT OF WAY - YIELD SIGN,BRAZORIA,2025-04-02,N - NOT INJURED,0,NO DATA,169 - MEMORIAL HERMANN PEARLAND HOSPITAL,1.056,,No Data,No Data,No Data,77578,77578,No,3TMAZ5CNXPM208358,21,2 - FEMALE,N - NOT INJURED,0,2,3 - FRONT RIGHT
20736495,Yes,HOUSTON POLICE DEPARTMENT,0042017825R,HOUSTON,DISREGARD STOP AND GO SIGNAL,HARRIS,2025-04-02,C - POSSIBLE INJURY,0,NO DATA,168 - MEMORIAL HERMANN SOUTHWEST HOSPITAL,3.226,E,No Data,No Data,No Data,77083,77099,No,5TDYK3DC4ES419928,51,2 - FEMALE,C - POSSIBLE INJURY,0,1,1 - FRONT LEFT OR MOTORCYCLE DRIVER
20736495,Yes,HOUSTON POLICE DEPARTMENT,0042017825R,HOUSTON,DISREGARD STOP AND GO SIGNAL,HARRIS,2025-04-02,C - POSSIBLE INJURY,0,NO DATA,168 - MEMORIAL HERMANN SOUTHWEST HOSPITAL,3.226,E,15 - DISREGARD STOP AND GO SIGNAL,No Data,No Data,77385,77381,No,3AKJGNDV8FDGH6190,38,1 - MALE,N - NOT INJURED,0,1,1 - FRONT LEFT OR MOTORCYCLE DRIVER
20736498,Yes,LONGVIEW POLICE DEPARTMENT,25-4362,LONGVIEW,DRIVER INATTENTION;FAILED TO YIELD RIGHT OF WAY - PRIVATE DRIVE,GREGG,2025-04-02,N - NOT INJURED,0,NO DATA,149 - LONGVIEW REGIONAL MEDICAL CENTER,0.686,,34 - FAILED TO YIELD RIGHT OF WAY - PRIVATE DRIVE,20 - DRIVER INATTENTION,No Data,75602,75602,No,1FTFX1E52JKC56565,17,1 - MALE,N - NOT INJURED,0,1,1 - FRONT LEFT OR MOTORCYCLE DRIVER
20736498,Yes,LONGVIEW POLICE DEPARTMENT,25-4362,LONGVIEW,DRIVER INATTENTION;FAILED TO YIELD RIGHT OF WAY - PRIVATE DRIVE,GREGG,2025-04-02,N - NOT INJURED,0,NO DATA,149 - LONGVIEW REGIONAL MEDICAL CENTER,0.686,,34 - FAILED TO YIELD RIGHT OF WAY - PRIVATE DRIVE,20 - DRIVER INATTENTION,No Data,75602,75602,No,1FTFX1E52JKC56565,17,1 - MALE,N - NOT INJURED,0,2,3 - FRONT RIGHT
20736498,Yes,LONGVIEW POLICE DEPARTMENT,25-4362,LONGVIEW,DRIVER INATTENTION;FAILED TO YIELD RIGHT OF WAY - PRIVATE DRIVE,GREGG,2025-04-02,N - NOT INJURED,0,NO DATA,149 - LONGVIEW REGIONAL MEDICAL CENTER,0.686,,34 - FAILED TO YIELD RIGHT OF WAY - PRIVATE DRIVE,20 - DRIVER INATTENTION,No Data,75602,75602,No,1FTFX1E52JKC56565,16,1 - MALE,N - NOT INJURED,0,3,4 - SECOND SEAT LEFT OR MOTORCYCLE BACK PASSENGER
20736498,Yes,LONGVIEW POLICE DEPARTMENT,25-4362,LONGVIEW,DRIVER INATTENTION;FAILED TO YIELD RIGHT OF WAY - PRIVATE DRIVE,GREGG,2025-04-02,N - NOT INJURED,0,NO DATA,149 - LONGVIEW REGIONAL MEDICAL CENTER,0.686,,34 - FAILED TO YIELD RIGHT OF WAY - PRIVATE DRIVE,20 - DRIVER INATTENTION,No Data,75602,75602,No,1FTFX1E52JKC56565,16,1 - MALE,N - NOT INJURED,0,4,6 - SECOND SEAT RIGHT
20736498,Yes,LONGVIEW POLICE DEPARTMENT,25-4362,LONGVIEW,DRIVER INATTENTION;FAILED TO YIELD RIGHT OF WAY - PRIVATE DRIVE,GREGG,2025-04-02,N - NOT INJURED,0,NO DATA,149 - LONGVIEW REGIONAL MEDICAL CENTER,0.686,,No Data,No Data,No Data,71105,71105,No,1FTER4EH6NLD17319,28,1 - MALE,N - NOT INJURED,0,1,1 - FRONT LEFT OR MOTORCYCLE DRIVER
20736505,Yes,AUSTIN POLICE DEPARTMENT,250920287,AUSTIN,FAILED TO YIELD RIGHT OF WAY - TURNING LEFT,TRAVIS,2025-04-02,N - NOT INJURED,0,NO DATA,"125 - HEART HOSPITAL OF AUSTIN, A CAMPUS OF ST. DAVIDS MEDICAL CENTER",2.069,KE,37 - FAILED TO YIELD RIGHT OF WAY - TURNING LEFT,No Data,No Data,78703,78703,No,JTDZN3EU7E3310478,25,2 - FEMALE,N - NOT INJURED,0,1,1 - FRONT LEFT OR MOTORCYCLE DRIVER
20736505,Yes,AUSTIN POLICE DEPARTMENT,250920287,AUSTIN,FAILED TO YIELD RIGHT OF WAY - TURNING LEFT,TRAVIS,2025-04-02,N - NOT INJURED,0,NO DATA,"125 - HEART HOSPITAL OF AUSTIN, A CAMPUS OF ST. DAVIDS MEDICAL CENTER",2.069,KE,No Data,No Data,No Data,78610,78610,No,WDC0J6EB7JF319396,54,1 - MALE,N - NOT INJURED,0,1,1 - FRONT LEFT OR MOTORCYCLE DRIVER
20736506,Yes,AUSTIN POLICE DEPARTMENT,250920946,AUSTIN,FAILED TO YIELD RIGHT OF WAY - TURNING LEFT,TRAVIS,2025-04-02,N - NOT INJURED,0,NO DATA,91 - DELL SETON MEDICAL CENTER AT THE UNIVERSITY OF TEXAS,2.395,AR,37 - FAILED TO YIELD RIGHT OF WAY - TURNING LEFT,No Data,No Data,78704,78704,No,WAUBNCF55JA098546,17,2 - FEMALE,N - NOT INJURED,0,1,1 - FRONT LEFT OR MOTORCYCLE DRIVER
20736506,Yes,AUSTIN POLICE DEPARTMENT,250920946,AUSTIN,FAILED TO YIELD RIGHT OF WAY - TURNING LEFT,TRAVIS,2025-04-02,N - NOT INJURED,0,NO DATA,91 - DELL SETON MEDICAL CENTER AT THE UNIVERSITY OF TEXAS,2.395,AR,No Data,No Data,No Data,78617,77842,No,3KPFU4DE1SE030727,55,2 - FEMALE,N - NOT INJURED,0,1,1 - FRONT LEFT OR MOTORCYCLE DRIVER
20736506,Yes,AUSTIN POLICE DEPARTMENT,250920946,AUSTIN,FAILED TO YIELD RIGHT OF WAY - TURNING LEFT,TRAVIS,2025-04-02,N - NOT INJURED,0,NO DATA,91 - DELL SETON MEDICAL CENTER AT THE UNIVERSITY OF TEXAS,2.395,AR,No Data,No Data,No Data,78721,78721,No,3GPKHVRJ1RS534154,31,2 - FEMALE,N - NOT INJURED,0,1,1 - FRONT LEFT OR MOTORCYCLE DRIVER
20736508,Yes,AUSTIN POLICE DEPARTMENT,250921002,AUSTIN,DRIVER INATTENTION;UNSAFE SPEED,TRAVIS,2025-04-02,B - SUSPECTED MINOR INJURY,0,NO DATA,243 - ST. DAVIDS SOUTH AUSTIN MEDICAL CENTER,0.708,VI,No Data,No Data,No Data,78741,77379,No,KNADM4A30E6329515,42,2 - FEMALE,B - SUSPECTED MINOR INJURY,1,1,1 - FRONT LEFT OR MOTORCYCLE DRIVER
20736508,Yes,AUSTIN POLICE DEPARTMENT,250921002,AUSTIN,DRIVER INATTENTION;UNSAFE SPEED,TRAVIS,2025-04-02,B - SUSPECTED MINOR INJURY,0,NO DATA,243 - ST. DAVIDS SOUTH AUSTIN MEDICAL CENTER,0.708,VI,No Data,No Data,No Data,78744,78744,No,1N4AL3AP3EN247814,32,1 - MALE,N - NOT INJURED,0,1,1 - FRONT LEFT OR MOTORCYCLE DRIVER
20736508,Yes,AUSTIN POLICE DEPARTMENT,250921002,AUSTIN,DRIVER INATTENTION;UNSAFE SPEED,TRAVIS,2025-04-02,B - SUSPECTED MINOR INJURY,0,NO DATA,243 - ST. DAVIDS SOUTH AUSTIN MEDICAL CENTER,0.708,VI,No Data,No Data,No Data,78744,78744,No,1N4AL3AP3EN247814,0,2 - FEMALE,N - NOT INJURED,0,2,6 - SECOND SEAT RIGHT
20736509,Yes,AUSTIN POLICE DEPARTMENT,250921019,AUSTIN,DRIVER INATTENTION;FATIGUED OR ASLEEP;OTHER (EXPLAIN IN NARRATIVE),TRAVIS,2025-04-02,B - SUSPECTED MINOR INJURY,0,NO DATA,243 - ST. DAVIDS SOUTH AUSTIN MEDICAL CENTER,4.535,AN,98 - OTHER (EXPLAIN IN NARRATIVE),No Data,No Data,77373,77017,No,1GNFC13017R193789,21,1 - MALE,N - NOT INJURED,0,1,1 - FRONT LEFT OR MOTORCYCLE DRIVER
20736509,Yes,AUSTIN POLICE DEPARTMENT,250921019,AUSTIN,DRIVER INATTENTION;FATIGUED OR ASLEEP;OTHER (EXPLAIN IN NARRATIVE),TRAVIS,2025-04-02,B - SUSPECTED MINOR INJURY,0,NO DATA,243 - ST. DAVIDS SOUTH AUSTIN MEDICAL CENTER,4.535,AN,No Data,No Data,No Data,78745,78745,No,JT3GN86R0Y0155930,67,2 - FEMALE,B - SUSPECTED MINOR INJURY,1,1,1 - FRONT LEFT OR MOTORCYCLE DRIVER
20736509,Yes,AUSTIN POLICE DEPARTMENT,250921019,AUSTIN,DRIVER INATTENTION;FATIGUED OR ASLEEP;OTHER (EXPLAIN IN NARRATIVE),TRAVIS,2025-04-02,B - SUSPECTED MINOR INJURY,0,NO DATA,243 - ST. DAVIDS SOUTH AUSTIN MEDICAL CENTER,4.535,AN,No Data,No Data,No Data,78046,78046,No,4T1G11AK3NU660952,70,1 - MALE,B - SUSPECTED MINOR INJURY,1,1,1 - FRONT LEFT OR MOTORCYCLE DRIVER
20736509,Yes,AUSTIN POLICE DEPARTMENT,250921019,AUSTIN,DRIVER INATTENTION;FATIGUED OR ASLEEP;OTHER (EXPLAIN IN NARRATIVE),TRAVIS,2025-04-02,B - SUSPECTED MINOR INJURY,0,NO DATA,243 - ST. DAVIDS SOUTH AUSTIN MEDICAL CENTER,4.535,AN,No Data,No Data,No Data,78046,78046,No,4T1G11AK3NU660952,4,1 - MALE,B - SUSPECTED MINOR INJURY,1,2,6 - SECOND SEAT RIGHT
20736512,No,AUSTIN POLICE DEPARTMENT,250921008,AUSTIN,OTHER (EXPLAIN IN NARRATIVE),TRAVIS,2025-04-02,N - NOT INJURED,0,NO DATA,87 - DELL CHILDRENS MEDICAL CENTER,4.124,AR,98 - OTHER (EXPLAIN IN NARRATIVE),No Data,No Data,78634,78634,No,1C4SJRAP4RS116857,43,2 - FEMALE,N - NOT INJURED,0,1,1 - FRONT LEFT OR MOTORCYCLE DRIVER
20736522,Yes,BEDFORD POLICE DEPARTMENT,2025-011197,BEDFORD,FAILED TO YIELD RIGHT OF WAY - TURNING LEFT,TARRANT,2025-04-02,B - SUSPECTED MINOR INJURY,0,NO DATA,257 - TEXAS HEALTH HARRIS METHODIST HOSPITAL HURST-EULESS-BEDFORD,0.359,,37 - FAILED TO YIELD RIGHT OF WAY - TURNING LEFT,No Data,No Data,75114,75114,No,1GCPTDEK3P1123108,23,1 - MALE,N - NOT INJURED,0,1,1 - FRONT LEFT OR MOTORCYCLE DRIVER
20736522,Yes,BEDFORD POLICE DEPARTMENT,2025-011197,BEDFORD,FAILED TO YIELD RIGHT OF WAY - TURNING LEFT,TARRANT,2025-04-02,B - SUSPECTED MINOR INJURY,0,NO DATA,257 - TEXAS HEALTH HARRIS METHODIST HOSPITAL HURST-EULESS-BEDFORD,0.359,,No Data,No Data,No Data,75235,75189,No,1FTEW1C52KKD48598,34,1 - MALE,B - SUSPECTED MINOR INJURY,1,1,1 - FRONT LEFT OR MOTORCYCLE DRIVER
20736522,Yes,BEDFORD POLICE DEPARTMENT,2025-011197,BEDFORD,FAILED TO YIELD RIGHT OF WAY - TURNING LEFT,TARRANT,2025-04-02,B - SUSPECTED MINOR INJURY,0,NO DATA,257 - TEXAS HEALTH HARRIS METHODIST HOSPITAL HURST-EULESS-BEDFORD,0.359,,No Data,No Data,No Data,75235,75189,No,1FTEW1C52KKD48598,34,1 - MALE,C - POSSIBLE INJURY,0,2,3 - FRONT RIGHT
20736530,Yes,"DEPARTMENT OF PUBLIC SAFETY, STATE OF TEXAS",511674,OUTSIDE CITY LIMITS,ANIMAL ON ROAD - WILD,BEE,2025-04-02,N - NOT INJURED,0,NO DATA,206 - OTTO KAISER MEMORIAL HOSPITAL,15.849,3C,2 - ANIMAL ON ROAD - WILD,No Data,No Data,78155,78155,No,2FMPK3J90GBB58169,22,2 - FEMALE,N - NOT INJURED,0,1,1 - FRONT LEFT OR MOTORCYCLE DRIVER
20736544,Yes,BEAUMONT POLICE DEPARTMENT,2025006150,BEAUMONT,CHANGED LANE WHEN UNSAFE,JEFFERSON,2025-04-02,N - NOT INJURED,0,NO DATA,58 - CHRISTUS SOUTHEAST TEXAS - ST. ELIZABETH,0.821,,4 - CHANGED LANE WHEN UNSAFE,No Data,No Data,47610,47610,No,1FTBF2A66BEB81732,73,1 - MALE,N - NOT INJURED,0,1,1 - FRONT LEFT OR MOTORCYCLE DRIVER
20736544,Yes,BEAUMONT POLICE DEPARTMENT,2025006150,BEAUMONT,CHANGED LANE WHEN UNSAFE,JEFFERSON,2025-04-02,N - NOT INJURED,0,NO DATA,58 - CHRISTUS SOUTHEAST TEXAS - ST. ELIZABETH,0.821,,No Data,No Data,No Data,70501,22712,No,3AKJHHDVXPSUM5269,43,1 - MALE,N - NOT INJURED,0,1,1 - FRONT LEFT OR MOTORCYCLE DRIVER
20736554,Yes,LONGVIEW POLICE DEPARTMENT,25-4378,LONGVIEW,CHANGED LANE WHEN UNSAFE;OTHER (EXPLAIN IN NARRATIVE),GREGG,2025-04-02,N - NOT INJURED,0,NO DATA,45 - CHRISTUS GOOD SHEPHERD MEDICAL CENTER - LONGVIEW,1.215,,No Data,No Data,No Data,75602,75602,No,1FA6P8TH6G5260072,32,1 - MALE,N - NOT INJURED,0,1,1 - FRONT LEFT OR MOTORCYCLE DRIVER
20736554,Yes,LONGVIEW POLICE DEPARTMENT,25-4378,LONGVIEW,CHANGED LANE WHEN UNSAFE;OTHER (EXPLAIN IN NARRATIVE),GREGG,2025-04-02,N - NOT INJURED,0,NO DATA,45 - CHRISTUS GOOD SHEPHERD MEDICAL CENTER - LONGVIEW,1.215,,No Data,No Data,No Data,75605,78209,No,3N1CN8EV5SL817443,39,2 - FEMALE,N - NOT INJURED,0,1,1 - FRONT LEFT OR MOTORCYCLE DRIVER
20736563,Yes,HOUSTON POLICE DEPARTMENT,0042331725K,HOUSTON,FAILED TO CONTROL SPEED,HARRIS,2025-04-02,B - SUSPECTED MINOR INJURY,0,NO DATA,242 - ST. JOSEPH MEDICAL CENTER,3.735,D,22 - FAILED TO CONTROL SPEED,No Data,No Data,,,No,KNDJN2A25G7832419,69,1 - MALE,B - SUSPECTED MINOR INJURY,1,1,1 - FRONT LEFT OR MOTORCYCLE DRIVER
20736563,Yes,HOUSTON POLICE DEPARTMENT,0042331725K,HOUSTON,FAILED TO CONTROL SPEED,HARRIS,2025-04-02,B - SUSPECTED MINOR INJURY,0,NO DATA,242 - ST. JOSEPH MEDICAL CENTER,3.735,D,No Data,No Data,No Data,,,No,2FMPK3J91LBA69320,70,1 - MALE,C - POSSIBLE INJURY,0,1,1 - FRONT LEFT OR MOTORCYCLE DRIVER
20736563,Yes,HOUSTON POLICE DEPARTMENT,0042331725K,HOUSTON,FAILED TO CONTROL SPEED,HARRIS,2025-04-02,B - SUSPECTED MINOR INJURY,0,NO DATA,242 - ST. JOSEPH MEDICAL CENTER,3.735,D,No Data,No Data,No Data,,,No,2FMPK3J91LBA69320,68,2 - FEMALE,C - POSSIBLE INJURY,0,2,3 - FRONT RIGHT
20736563,Yes,HOUSTON POLICE DEPARTMENT,0042331725K,HOUSTON,FAILED TO CONTROL SPEED,HARRIS,2025-04-02,B - SUSPECTED MINOR INJURY,0,NO DATA,242 - ST. JOSEPH MEDICAL CENTER,3.735,D,No Data,No Data,No Data,,,No,1C6SRFFT9MN507367,31,1 - MALE,N - NOT INJURED,0,1,1 - FRONT LEFT OR MOTORCYCLE DRIVER
20736563,Yes,HOUSTON POLICE DEPARTMENT,0042331725K,HOUSTON,FAILED TO CONTROL SPEED,HARRIS,2025-04-02,B - SUSPECTED MINOR INJURY,0,NO DATA,242 - ST. JOSEPH MEDICAL CENTER,3.735,D,No Data,No Data,No Data,,,No,1C6SRFFT9MN507367,61,2 - FEMALE,N - NOT INJURED,0,2,3 - FRONT RIGHT
20736563,Yes,HOUSTON POLICE DEPARTMENT,0042331725K,HOUSTON,FAILED TO CONTROL SPEED,HARRIS,2025-04-02,B - SUSPECTED MINOR INJURY,0,NO DATA,242 - ST. JOSEPH MEDICAL CENTER,3.735,D,No Data,No Data,No Data,,,No,1FM5K7F83DGC01261,41,1 - MALE,B - SUSPECTED MINOR INJURY,1,1,1 - FRONT LEFT OR MOTORCYCLE DRIVER
20736563,Yes,HOUSTON POLICE DEPARTMENT,0042331725K,HOUSTON,FAILED TO CONTROL SPEED,HARRIS,2025-04-02,B - SUSPECTED MINOR INJURY,0,NO DATA,242 - ST. JOSEPH MEDICAL CENTER,3.735,D,No Data,No Data,No Data,,,No,1FM5K7F83DGC01261,37,2 - FEMALE,N - NOT INJURED,0,2,3 - FRONT RIGHT
20736563,Yes,HOUSTON POLICE DEPARTMENT,0042331725K,HOUSTON,FAILED TO CONTROL SPEED,HARRIS,2025-04-02,B - SUSPECTED MINOR INJURY,0,NO DATA,242 - ST. JOSEPH MEDICAL CENTER,3.735,D,No Data,No Data,No Data,,,No,1FM5K7F83DGC01261,17,1 - MALE,N - NOT INJURED,0,3,4 - SECOND SEAT LEFT OR MOTORCYCLE BACK PASSENGER
20736563,Yes,HOUSTON POLICE DEPARTMENT,0042331725K,HOUSTON,FAILED TO CONTROL SPEED,HARRIS,2025-04-02,B - SUSPECTED MINOR INJURY,0,NO DATA,242 - ST. JOSEPH MEDICAL CENTER,3.735,D,No Data,No Data,No Data,,,No,1FM5K7F83DGC01261,18,2 - FEMALE,N - NOT INJURED,0,4,5 - SECOND SEAT CENTER
20736563,Yes,HOUSTON POLICE DEPARTMENT,0042331725K,HOUSTON,FAILED TO CONTROL SPEED,HARRIS,2025-04-02,B - SUSPECTED MINOR INJURY,0,NO DATA,242 - ST. JOSEPH MEDICAL CENTER,3.735,D,No Data,No Data,No Data,,,No,1FM5K7F83DGC01261,1,2 - FEMALE,N - NOT INJURED,0,5,6 - SECOND SEAT RIGHT
20736568,Yes,LONGVIEW POLICE DEPARTMENT,25-4365,LONGVIEW,FAILED TO YIELD RIGHT OF WAY - TURNING LEFT,GREGG,2025-04-02,B - SUSPECTED MINOR INJURY,0,NO DATA,149 - LONGVIEW REGIONAL MEDICAL CENTER,0.852,,37 - FAILED TO YIELD RIGHT OF WAY - TURNING LEFT,No Data,No Data,75604,75766,No,3B7HC12Z0WG132983,39,1 - MALE,N - NOT INJURED,0,1,1 - FRONT LEFT OR MOTORCYCLE DRIVER
20736568,Yes,LONGVIEW POLICE DEPARTMENT,25-4365,LONGVIEW,FAILED TO YIELD RIGHT OF WAY - TURNING LEFT,GREGG,2025-04-02,B - SUSPECTED MINOR INJURY,0,NO DATA,149 - LONGVIEW REGIONAL MEDICAL CENTER,0.852,,No Data,No Data,No Data,75693,75702,No,KMHD84LF8LU929864,27,2 - FEMALE,B - SUSPECTED MINOR INJURY,1,1,1 - FRONT LEFT OR MOTORCYCLE DRIVER
20736568,Yes,LONGVIEW POLICE DEPARTMENT,25-4365,LONGVIEW,FAILED TO YIELD RIGHT OF WAY - TURNING LEFT,GREGG,2025-04-02,B - SUSPECTED MINOR INJURY,0,NO DATA,149 - LONGVIEW REGIONAL MEDICAL CENTER,0.852,,No Data,No Data,No Data,75644,75605,No,3C6RR7KG4PG533028,44,1 - MALE,N - NOT INJURED,0,1,1 - FRONT LEFT OR MOTORCYCLE DRIVER
20736573,Yes,LONGVIEW POLICE DEPARTMENT,25-4375,LONGVIEW,UNSAFE SPEED,GREGG,2025-04-02,N - NOT INJURED,0,NO DATA,149 - LONGVIEW REGIONAL MEDICAL CENTER,2.609,,60 - UNSAFE SPEED,No Data,No Data,75640,75640,No,1C6RR7NT7JS136907,18,2 - FEMALE,N - NOT INJURED,0,1,1 - FRONT LEFT OR MOTORCYCLE DRIVER
20736576,Yes,LONGVIEW POLICE DEPARTMENT,25-4376,LONGVIEW,FAILED TO YIELD RIGHT OF WAY - YIELD SIGN,GREGG,2025-04-02,A - SUSPECTED SERIOUS INJURY,0,NO DATA,45 - CHRISTUS GOOD SHEPHERD MEDICAL CENTER - LONGVIEW,3.813,,39 - FAILED TO YIELD RIGHT OF WAY - YIELD SIGN,No Data,No Data,75602,75602,No,3GTP1UEC8EG552726,58,1 - MALE,A - SUSPECTED SERIOUS INJURY,0,1,1 - FRONT LEFT OR MOTORCYCLE DRIVER
20736576,Yes,LONGVIEW POLICE DEPARTMENT,25-4376,LONGVIEW,FAILED TO YIELD RIGHT OF WAY - YIELD SIGN,GREGG,2025-04-02,A - SUSPECTED SERIOUS INJURY,0,NO DATA,45 - CHRISTUS GOOD SHEPHERD MEDICAL CENTER - LONGVIEW,3.813,,No Data,No Data,No Data,75605,75605,No,5YFEPMAE5MP189842,82,1 - MALE,N - NOT INJURED,0,1,1 - FRONT LEFT OR MOTORCYCLE DRIVER
20736578,Yes,DICKINSON POLICE DEPARTMENT,DKPD25-0496,DICKINSON,DRIVER INATTENTION; TURNED WHEN UNSAFE,GALVESTON,2025-04-02,N - NOT INJURED,0,NO DATA,No Data,No Data,,20 - DRIVER INATTENTION,66 - TURNED WHEN UNSAFE,No Data,,No Data,Yes,No Data,No Data,99 - UNKNOWN,99 - UNKNOWN,0,1,1 - FRONT LEFT OR MOTORCYCLE DRIVER
20736578,Yes,DICKINSON POLICE DEPARTMENT,DKPD25-0496,DICKINSON,DRIVER INATTENTION; TURNED WHEN UNSAFE,GALVESTON,2025-04-02,N - NOT INJURED,0,NO DATA,No Data,No Data,,No Data,No Data,No Data,77539,21117,No,JTDACAAU4P3009618,38,1 - MALE,N - NOT INJURED,0,1,1 - FRONT LEFT OR MOTORCYCLE DRIVER
20736579,Yes,DICKINSON POLICE DEPARTMENT,DKPD25-0495,DICKINSON,DRIVER INATTENTION; FAILED TO CONTROL SPEED,GALVESTON,2025-04-02,N - NOT INJURED,0,NO DATA,289 - UTMB HEALTH LEAGUE CITY CAMPUS,2.791,,20 - DRIVER INATTENTION,22 - FAILED TO CONTROL SPEED,No Data,77584,77511,No,1B7HC16Y2XS137694,32,1 - MALE,N - NOT INJURED,0,1,1 - FRONT LEFT OR MOTORCYCLE DRIVER
20736579,Yes,DICKINSON POLICE DEPARTMENT,DKPD25-0495,DICKINSON,DRIVER INATTENTION; FAILED TO CONTROL SPEED,GALVESTON,2025-04-02,N - NOT INJURED,0,NO DATA,289 - UTMB HEALTH LEAGUE CITY CAMPUS,2.791,,No Data,No Data,No Data,77511,77511,No,SALSH2E4XCA744737,39,2 - FEMALE,N - NOT INJURED,0,1,1 - FRONT LEFT OR MOTORCYCLE DRIVER
20736579,Yes,DICKINSON POLICE DEPARTMENT,DKPD25-0495,DICKINSON,DRIVER INATTENTION; FAILED TO CONTROL SPEED,GALVESTON,2025-04-02,N - NOT INJURED,0,NO DATA,289 - UTMB HEALTH LEAGUE CITY CAMPUS,2.791,,No Data,No Data,No Data,77511,77511,No,SALSH2E4XCA744737,14,1 - MALE,N - NOT INJURED,0,2,3 - FRONT RIGHT
20736579,Yes,DICKINSON POLICE DEPARTMENT,DKPD25-0495,DICKINSON,DRIVER INATTENTION; FAILED TO CONTROL SPEED,GALVESTON,2025-04-02,N - NOT INJURED,0,NO DATA,289 - UTMB HEALTH LEAGUE CITY CAMPUS,2.791,,No Data,No Data,No Data,77511,77511,No,SALSH2E4XCA744737,11,1 - MALE,N - NOT INJURED,0,3,4 - SECOND SEAT LEFT OR MOTORCYCLE BACK PASSENGER
20736579,Yes,DICKINSON POLICE DEPARTMENT,DKPD25-0495,DICKINSON,DRIVER INATTENTION; FAILED TO CONTROL SPEED,GALVESTON,2025-04-02,N - NOT INJURED,0,NO DATA,289 - UTMB HEALTH LEAGUE CITY CAMPUS,2.791,,No Data,No Data,No Data,77511,77511,No,SALSH2E4XCA744737,2,2 - FEMALE,N - NOT INJURED,0,4,6 - SECOND SEAT RIGHT
20736586,Yes,ARLINGTON POLICE DEPARTMENT,2025-00920202,ARLINGTON,FOLLOWED TOO CLOSELY,TARRANT,2025-04-02,N - NOT INJURED,0,NO DATA,254 - TEXAS HEALTH ARLINGTON MEMORIAL HOSPITAL,3.092,,44 - FOLLOWED TOO CLOSELY,No Data,No Data,76014,76014,No,1N4AL3AP9HN326800,47,2 - FEMALE,N - NOT INJURED,0,1,1 - FRONT LEFT OR MOTORCYCLE DRIVER
20736586,Yes,ARLINGTON POLICE DEPARTMENT,2025-00920202,ARLINGTON,FOLLOWED TOO CLOSELY,TARRANT,2025-04-02,N - NOT INJURED,0,NO DATA,254 - TEXAS HEALTH ARLINGTON MEMORIAL HOSPITAL,3.092,,No Data,No Data,No Data,76014,76014,No,1GCUDEET1NZ607999,36,1 - MALE,N - NOT INJURED,0,1,1 - FRONT LEFT OR MOTORCYCLE DRIVER
20736591,Yes,HARRIS COUNTY CONSTABLE PRECINCT 4,2504-00175,OUTSIDE CITY LIMITS,FAILED TO CONTROL SPEED; FAILED TO DRIVE IN SINGLE LANE,HARRIS,2025-04-02,N - NOT INJURED,0,NO DATA,118 - HCA HOUSTON HEALTHCARE KINGWOOD,4.68,,22 - FAILED TO CONTROL SPEED,23 - FAILED TO DRIVE IN SINGLE LANE,No Data,77338,77338,No,1GNKRFED7HJ267226,39,2 - FEMALE,N - NOT INJURED,0,1,1 - FRONT LEFT OR MOTORCYCLE DRIVER
20736591,Yes,HARRIS COUNTY CONSTABLE PRECINCT 4,2504-00175,OUTSIDE CITY LIMITS,FAILED TO CONTROL SPEED; FAILED TO DRIVE IN SINGLE LANE,HARRIS,2025-04-02,N - NOT INJURED,0,NO DATA,118 - HCA HOUSTON HEALTHCARE KINGWOOD,4.68,,22 - FAILED TO CONTROL SPEED,23 - FAILED TO DRIVE IN SINGLE LANE,No Data,77338,77338,No,1GNKRFED7HJ267226,10,1 - MALE,N - NOT INJURED,0,2,3 - FRONT RIGHT
20736591,Yes,HARRIS COUNTY CONSTABLE PRECINCT 4,2504-00175,OUTSIDE CITY LIMITS,FAILED TO CONTROL SPEED; FAILED TO DRIVE IN SINGLE LANE,HARRIS,2025-04-02,N - NOT INJURED,0,NO DATA,118 - HCA HOUSTON HEALTHCARE KINGWOOD,4.68,,22 - FAILED TO CONTROL SPEED,23 - FAILED TO DRIVE IN SINGLE LANE,No Data,77338,77338,No,1GNKRFED7HJ267226,7,2 - FEMALE,N - NOT INJURED,0,3,6 - SECOND SEAT RIGHT
20736591,Yes,HARRIS COUNTY CONSTABLE PRECINCT 4,2504-00175,OUTSIDE CITY LIMITS,FAILED TO CONTROL SPEED; FAILED TO DRIVE IN SINGLE LANE,HARRIS,2025-04-02,N - NOT INJURED,0,NO DATA,118 - HCA HOUSTON HEALTHCARE KINGWOOD,4.68,,No Data,No Data,No Data,77338,77396,No,W1K5J4GB7RN443477,80,2 - FEMALE,N - NOT INJURED,0,1,1 - FRONT LEFT OR MOTORCYCLE DRIVER
20736592,Yes,GARLAND POLICE DEPARTMENT,2025A000731,GARLAND,NONE,DALLAS,2025-04-02,N - NOT INJURED,0,NO DATA,258 - TEXAS HEALTH PRESBYTERIAN HOSPITAL DALLAS,5.742,41,No Data,No Data,No Data,,,Yes,No Data,No Data,99 - UNKNOWN,99 - UNKNOWN,0,1,1 - FRONT LEFT OR MOTORCYCLE DRIVER
20736592,Yes,GARLAND POLICE DEPARTMENT,2025A000731,GARLAND,NONE,DALLAS,2025-04-02,N - NOT INJURED,0,NO DATA,258 - TEXAS HEALTH PRESBYTERIAN HOSPITAL DALLAS,5.742,41,No Data,No Data,No Data,75180,75180,No,3GCPCPEA3DG100031,49,1 - MALE,N - NOT INJURED,0,1,1 - FRONT LEFT OR MOTORCYCLE DRIVER
20736610,No,HOUSTON POLICE DEPARTMENT,0042006025D,HOUSTON,FAILED TO YIELD RIGHT OF WAY - TO PEDESTRIAN,HARRIS,2025-04-02,B - SUSPECTED MINOR INJURY,0,NO DATA,No Data,No Data,B,36 - FAILED TO YIELD RIGHT OF WAY - TO PEDESTRIAN,No Data,No Data,,No Data,Yes,No Data,No Data,1 - MALE,99 - UNKNOWN,0,1,99 - UNKNOWN
20736610,No,HOUSTON POLICE DEPARTMENT,0042006025D,HOUSTON,FAILED TO YIELD RIGHT OF WAY - TO PEDESTRIAN,HARRIS,2025-04-02,B - SUSPECTED MINOR INJURY,0,NO DATA,No Data,No Data,B,No Data,No Data,No Data,No Data,No Data,No Data,No Data,37,1 - MALE,B - SUSPECTED MINOR INJURY,1,1,"16 - PEDESTRIAN, PEDALCYCLIST, OR MOTORIZED CONVEYANCE"
20736622,Yes,EL PASO POLICE DEPARTMENT,25-092168,EL PASO,FAILED TO CONTROL SPEED,EL PASO,2025-04-02,N - NOT INJURED,0,NO DATA,275 - THE HOSPITALS OF PROVIDENCE TRANSMOUNTAIN CAMPUS,4.606,,22 - FAILED TO CONTROL SPEED,No Data,No Data,79902,79902,No,No Data,21,1 - MALE,N - NOT INJURED,0,1,1 - FRONT LEFT OR MOTORCYCLE DRIVER
20736622,Yes,EL PASO POLICE DEPARTMENT,25-092168,EL PASO,FAILED TO CONTROL SPEED,EL PASO,2025-04-02,N - NOT INJURED,0,NO DATA,275 - THE HOSPITALS OF PROVIDENCE TRANSMOUNTAIN CAMPUS,4.606,,No Data,No Data,No Data,88021,88021,No,KM8R14HE9LU057978,67,2 - FEMALE,N - NOT INJURED,0,1,1 - FRONT LEFT OR MOTORCYCLE DRIVER
20736622,Yes,EL PASO POLICE DEPARTMENT,25-092168,EL PASO,FAILED TO CONTROL SPEED,EL PASO,2025-04-02,N - NOT INJURED,0,NO DATA,275 - THE HOSPITALS OF PROVIDENCE TRANSMOUNTAIN CAMPUS,4.606,,No Data,No Data,No Data,88021,88021,No,KM8R14HE9LU057978,76,2 - FEMALE,N - NOT INJURED,0,2,3 - FRONT RIGHT
20736623,No,SAN BENITO POLICE DEPARTMENT,2501019,SAN BENITO,DRIVER INATTENTION,CAMERON,2025-04-02,B - SUSPECTED MINOR INJURY,0,NO DATA,119 - HARLINGEN MEDICAL CENTER,3.219,,No Data,No Data,No Data,78586,78586,No,1GTP9EEL0LZ155278,20,2 - FEMALE,N - NOT INJURED,0,1,1 - FRONT LEFT OR MOTORCYCLE DRIVER
20736623,No,SAN BENITO POLICE DEPARTMENT,2501019,SAN BENITO,DRIVER INATTENTION,CAMERON,2025-04-02,B - SUSPECTED MINOR INJURY,0,NO DATA,119 - HARLINGEN MEDICAL CENTER,3.219,,20 - DRIVER INATTENTION,No Data,No Data,No Data,No Data,No Data,No Data,22,2 - FEMALE,B - SUSPECTED MINOR INJURY,1,1,"16 - PEDESTRIAN, PEDALCYCLIST, OR MOTORIZED CONVEYANCE"
20736625,Yes,LONGVIEW POLICE DEPARTMENT,25-4381,LONGVIEW,WRONG SIDE - NOT PASSING,GREGG,2025-04-02,N - NOT INJURED,0,NO DATA,149 - LONGVIEW REGIONAL MEDICAL CENTER,5.467,,70 - WRONG SIDE - NOT PASSING,No Data,No Data,75650,75650,No,1GCEK19T6YE367339,25,2 - FEMALE,N - NOT INJURED,0,1,1 - FRONT LEFT OR MOTORCYCLE DRIVER
20736625,Yes,LONGVIEW POLICE DEPARTMENT,25-4381,LONGVIEW,WRONG SIDE - NOT PASSING,GREGG,2025-04-02,N - NOT INJURED,0,NO DATA,149 - LONGVIEW REGIONAL MEDICAL CENTER,5.467,,No Data,No Data,No Data,75158,75169,No,1FT8W3DT0RED99077,26,1 - MALE,N - NOT INJURED,0,1,1 - FRONT LEFT OR MOTORCYCLE DRIVER
20736631,Yes,SAN ANTONIO POLICE DEPARTMENT,SAPD25065107,SAN ANTONIO,FAILED TO YIELD RIGHT OF WAY - TURNING LEFT,BEXAR,2025-04-02,C - POSSIBLE INJURY,0,NO DATA,12 - BAPTIST MEDICAL CENTER,3.697,40,37 - FAILED TO YIELD RIGHT OF WAY - TURNING LEFT,No Data,No Data,78223,78220,No,7MUFBABGXRV055267,26,1 - MALE,N - NOT INJURED,0,1,1 - FRONT LEFT OR MOTORCYCLE DRIVER
20736631,Yes,SAN ANTONIO POLICE DEPARTMENT,SAPD25065107,SAN ANTONIO,FAILED TO YIELD RIGHT OF WAY - TURNING LEFT,BEXAR,2025-04-02,C - POSSIBLE INJURY,0,NO DATA,12 - BAPTIST MEDICAL CENTER,3.697,40,No Data,No Data,No Data,78210,78210,No,5NPDH4AE4FH600981,28,1 - MALE,C - POSSIBLE INJURY,0,1,1 - FRONT LEFT OR MOTORCYCLE DRIVER
20736633,Yes,SAN ANTONIO POLICE DEPARTMENT,SAPD25065222,SAN ANTONIO,FAILED TO YIELD RIGHT OF WAY - TURNING LEFT,BEXAR,2025-04-02,N - NOT INJURED,0,NO DATA,34 - BROOKE ARMY MEDICAL CENTER,1.952,40,37 - FAILED TO YIELD RIGHT OF WAY - TURNING LEFT,No Data,No Data,77075,77075,No,4T1BF1FK6EU870580,78,1 - MALE,N - NOT INJURED,0,1,1 - FRONT LEFT OR MOTORCYCLE DRIVER
20736633,Yes,SAN ANTONIO POLICE DEPARTMENT,SAPD25065222,SAN ANTONIO,FAILED TO YIELD RIGHT OF WAY - TURNING LEFT,BEXAR,2025-04-02,N - NOT INJURED,0,NO DATA,34 - BROOKE ARMY MEDICAL CENTER,1.952,40,No Data,No Data,No Data,,No Data,Yes,No Data,No Data,99 - UNKNOWN,99 - UNKNOWN,0,1,1 - FRONT LEFT OR MOTORCYCLE DRIVER
20736635,No,SAN ANTONIO POLICE DEPARTMENT,SAPD25065128,SAN ANTONIO,FAILED TO DRIVE IN SINGLE LANE,BEXAR,2025-04-02,N - NOT INJURED,0,NO DATA,34 - BROOKE ARMY MEDICAL CENTER,1.399,40,23 - FAILED TO DRIVE IN SINGLE LANE,No Data,No Data,78253,78218,No,4V4NB9EH8LN271418,60,1 - MALE,N - NOT INJURED,0,1,1 - FRONT LEFT OR MOTORCYCLE DRIVER
20736635,No,SAN ANTONIO POLICE DEPARTMENT,SAPD25065128,SAN ANTONIO,FAILED TO DRIVE IN SINGLE LANE,BEXAR,2025-04-02,N - NOT INJURED,0,NO DATA,34 - BROOKE ARMY MEDICAL CENTER,1.399,40,No Data,No Data,No Data,No Data,75234,No,1XKYD49X9KJ242494,59,1 - MALE,N - NOT INJURED,0,1,1 - FRONT LEFT OR MOTORCYCLE DRIVER
20736643,Yes,LONGVIEW POLICE DEPARTMENT,25-4364,LONGVIEW,DROVE ON IMPROVED SHOULDER,GREGG,2025-04-02,N - NOT INJURED,0,NO DATA,149 - LONGVIEW REGIONAL MEDICAL CENTER,0.71,,79 - DROVE ON IMPROVED SHOULDER,No Data,No Data,75605,75605,No,1FMCU0F79HUE35167,73,2 - FEMALE,N - NOT INJURED,0,1,1 - FRONT LEFT OR MOTORCYCLE DRIVER
20736643,Yes,LONGVIEW POLICE DEPARTMENT,25-4364,LONGVIEW,DROVE ON IMPROVED SHOULDER,GREGG,2025-04-02,N - NOT INJURED,0,NO DATA,149 - LONGVIEW REGIONAL MEDICAL CENTER,0.71,,No Data,No Data,No Data,75601,75601,No,1N4BL4CV0KC219756,18,2 - FEMALE,N - NOT INJURED,0,1,1 - FRONT LEFT OR MOTORCYCLE DRIVER
20736643,Yes,LONGVIEW POLICE DEPARTMENT,25-4364,LONGVIEW,DROVE ON IMPROVED SHOULDER,GREGG,2025-04-02,N - NOT INJURED,0,NO DATA,149 - LONGVIEW REGIONAL MEDICAL CENTER,0.71,,No Data,No Data,No Data,75601,75601,No,1N4BL4CV0KC219756,18,1 - MALE,N - NOT INJURED,0,2,3 - FRONT RIGHT
20736647,Yes,WEST UNIVERSITY PLACE POLICE DEPARTMENT,25-034,WEST UNIVERSITY PLACE,OVERSIZED VEHICLE OR LOAD; OVERTAKE AND PASS INSUFFICIENT CLEARANCE,HARRIS,2025-04-02,N - NOT INJURED,0,NO DATA,246 - TEXAS CHILDRENS HOSPITAL,2.269,,52 - OVERSIZED VEHICLE OR LOAD,53 - OVERTAKE AND PASS INSUFFICIENT CLEARANCE,No Data,77338,90720,No,1NPSL79X4CD151924,33,1 - MALE,N - NOT INJURED,0,1,1 - FRONT LEFT OR MOTORCYCLE DRIVER
20736650,No,SAN ANTONIO POLICE DEPARTMENT,SAPD25065316,SAN ANTONIO,FOLLOWED TOO CLOSELY,BEXAR,2025-04-02,N - NOT INJURED,0,NO DATA,196 - NORTH CENTRAL BAPTIST HOSPITAL,1.438,70,44 - FOLLOWED TOO CLOSELY,No Data,No Data,78260,78260,No,1C4PJLAB6FW584696,26,2 - FEMALE,N - NOT INJURED,0,1,1 - FRONT LEFT OR MOTORCYCLE DRIVER
20736650,No,SAN ANTONIO POLICE DEPARTMENT,SAPD25065316,SAN ANTONIO,FOLLOWED TOO CLOSELY,BEXAR,2025-04-02,N - NOT INJURED,0,NO DATA,196 - NORTH CENTRAL BAPTIST HOSPITAL,1.438,70,No Data,No Data,No Data,76108,75007,No,3FMCR9B65MRB07717,23,2 - FEMALE,N - NOT INJURED,0,1,1 - FRONT LEFT OR MOTORCYCLE DRIVER
20736651,No,JERSEY VILLAGE POLICE DEPARTMENT,2025-0008294,JERSEY VILLAGE,DRIVER INATTENTION; FAILED TO CONTROL SPEED,HARRIS,2025-04-02,N - NOT INJURED,0,NO DATA,165 - MEMORIAL HERMANN MEMORIAL CITY MEDICAL CENTER,7.178,PD,22 - FAILED TO CONTROL SPEED,20 - DRIVER INATTENTION,No Data,77447,77447,No,3CZRM3H64EG705975,39,2 - FEMALE,N - NOT INJURED,0,1,1 - FRONT LEFT OR MOTORCYCLE DRIVER
20736651,No,JERSEY VILLAGE POLICE DEPARTMENT,2025-0008294,JERSEY VILLAGE,DRIVER INATTENTION; FAILED TO CONTROL SPEED,HARRIS,2025-04-02,N - NOT INJURED,0,NO DATA,165 - MEMORIAL HERMANN MEMORIAL CITY MEDICAL CENTER,7.178,PD,No Data,No Data,No Data,77095,77095,No,1N6AA1E58JN541715,56,1 - MALE,N - NOT INJURED,0,1,1 - FRONT LEFT OR MOTORCYCLE DRIVER
20736661,Yes,SAN ANTONIO POLICE DEPARTMENT,SAPD25065178,SAN ANTONIO,TURNED WHEN UNSAFE,BEXAR,2025-04-02,N - NOT INJURED,0,NO DATA,65 - CHRISTUS SANTA ROSA HOSPITAL - WESTOVER HILLS,2.686,50,66 - TURNED WHEN UNSAFE,No Data,No Data,78245,78245,No,JF2SKADC6MH536473,63,2 - FEMALE,N - NOT INJURED,0,1,1 - FRONT LEFT OR MOTORCYCLE DRIVER
20736661,Yes,SAN ANTONIO POLICE DEPARTMENT,SAPD25065178,SAN ANTONIO,TURNED WHEN UNSAFE,BEXAR,2025-04-02,N - NOT INJURED,0,NO DATA,65 - CHRISTUS SANTA ROSA HOSPITAL - WESTOVER HILLS,2.686,50,No Data,No Data,No Data,89406,41144,No,1FTZR45E83PA37592,20,1 - MALE,N - NOT INJURED,0,1,1 - FRONT LEFT OR MOTORCYCLE DRIVER
20736661,Yes,SAN ANTONIO POLICE DEPARTMENT,SAPD25065178,SAN ANTONIO,TURNED WHEN UNSAFE,BEXAR,2025-04-02,N - NOT INJURED,0,NO DATA,65 - CHRISTUS SANTA ROSA HOSPITAL - WESTOVER HILLS,2.686,50,No Data,No Data,No Data,89406,41144,No,1FTZR45E83PA37592,21,1 - MALE,N - NOT INJURED,0,2,3 - FRONT RIGHT
20736664,No,SAN ANTONIO POLICE DEPARTMENT,SAPD25065216,SAN ANTONIO,FAILED TO DRIVE IN SINGLE LANE,BEXAR,2025-04-02,N - NOT INJURED,0,NO DATA,202 - NORTHEAST METHODIST HOSPITAL,1.447,50,No Data,No Data,No Data,,No Data,Yes,No Data,No Data,1 - MALE,99 - UNKNOWN,0,1,1 - FRONT LEFT OR MOTORCYCLE DRIVER
20736664,No,SAN ANTONIO POLICE DEPARTMENT,SAPD25065216,SAN ANTONIO,FAILED TO DRIVE IN SINGLE LANE,BEXAR,2025-04-02,N - NOT INJURED,0,NO DATA,202 - NORTHEAST METHODIST HOSPITAL,1.447,50,No Data,No Data,No Data,78237,78237,No,1GT12TEY3JF167742,42,2 - FEMALE,N - NOT INJURED,0,1,1 - FRONT LEFT OR MOTORCYCLE DRIVER
20736664,No,SAN ANTONIO POLICE DEPARTMENT,SAPD25065216,SAN ANTONIO,FAILED TO DRIVE IN SINGLE LANE,BEXAR,2025-04-02,N - NOT INJURED,0,NO DATA,202 - NORTHEAST METHODIST HOSPITAL,1.447,50,No Data,No Data,No Data,78237,78237,No,1GT12TEY3JF167742,74,2 - FEMALE,N - NOT INJURED,0,2,3 - FRONT RIGHT
20736664,No,SAN ANTONIO POLICE DEPARTMENT,SAPD25065216,SAN ANTONIO,FAILED TO DRIVE IN SINGLE LANE,BEXAR,2025-04-02,N - NOT INJURED,0,NO DATA,202 - NORTHEAST METHODIST HOSPITAL,1.447,50,No Data,No Data,No Data,78237,78237,No,1GT12TEY3JF167742,16,1 - MALE,N - NOT INJURED,0,3,6 - SECOND SEAT RIGHT
20736665,Yes,SAN ANTONIO POLICE DEPARTMENT,SAPD25065221,SAN ANTONIO,FOLLOWED TOO CLOSELY,BEXAR,2025-04-02,N - NOT INJURED,0,NO DATA,46 - CHRISTUS CHILDRENS HOSPITAL OF SAN ANTONIO,2.953,50,44 - FOLLOWED TOO CLOSELY,No Data,No Data,,No Data,Yes,No Data,No Data,99 - UNKNOWN,99 - UNKNOWN,0,1,1 - FRONT LEFT OR MOTORCYCLE DRIVER
20736665,Yes,SAN ANTONIO POLICE DEPARTMENT,SAPD25065221,SAN ANTONIO,FOLLOWED TOO CLOSELY,BEXAR,2025-04-02,N - NOT INJURED,0,NO DATA,46 - CHRISTUS CHILDRENS HOSPITAL OF SAN ANTONIO,2.953,50,No Data,No Data,No Data,78207,78207,No,3GCEC14X56G202623,54,1 - MALE,N - NOT INJURED,0,1,1 - FRONT LEFT OR MOTORCYCLE DRIVER
20736666,Yes,BROWNSVILLE POLICE DEPARTMENT,202504020216,BROWNSVILLE,TURNED WHEN UNSAFE; UNDER INFLUENCE - ALCOHOL,CAMERON,2025-04-02,N - NOT INJURED,0,NO DATA,293 - VALLEY BAPTIST MEDICAL CENTER - BROWNSVILLE,2.845,NE,66 - TURNED WHEN UNSAFE,67 - INTOXICATED - ALCOHOL,No Data,78521,78521,No,5UX33DT06P9S97738,24,1 - MALE,N - NOT INJURED,0,1,1 - FRONT LEFT OR MOTORCYCLE DRIVER
20736674,Yes,SAN ANTONIO POLICE DEPARTMENT,SAPD25065291,SAN ANTONIO,FAILED TO YIELD RIGHT OF WAY - TURNING LEFT,BEXAR,2025-04-02,N - NOT INJURED,0,NO DATA,65 - CHRISTUS SANTA ROSA HOSPITAL - WESTOVER HILLS,3.536,50,37 - FAILED TO YIELD RIGHT OF WAY - TURNING LEFT,No Data,No Data,78245,78245,No,2C3CDZFJ7JH271838,30,2 - FEMALE,N - NOT INJURED,0,1,1 - FRONT LEFT OR MOTORCYCLE DRIVER
20736674,Yes,SAN ANTONIO POLICE DEPARTMENT,SAPD25065291,SAN ANTONIO,FAILED TO YIELD RIGHT OF WAY - TURNING LEFT,BEXAR,2025-04-02,N - NOT INJURED,0,NO DATA,65 - CHRISTUS SANTA ROSA HOSPITAL - WESTOVER HILLS,3.536,50,No Data,No Data,No Data,78228,78228,No,5YFB4MDE7RP101534,21,1 - MALE,N - NOT INJURED,0,1,1 - FRONT LEFT OR MOTORCYCLE DRIVER
20736674,Yes,SAN ANTONIO POLICE DEPARTMENT,SAPD25065291,SAN ANTONIO,FAILED TO YIELD RIGHT OF WAY - TURNING LEFT,BEXAR,2025-04-02,N - NOT INJURED,0,NO DATA,65 - CHRISTUS SANTA ROSA HOSPITAL - WESTOVER HILLS,3.536,50,No Data,No Data,No Data,78252,30009,No,1GCHSCEA1N1260117,66,1 - MALE,N - NOT INJURED,0,1,1 - FRONT LEFT OR MOTORCYCLE DRIVER
20736678,Yes,SAN ANTONIO POLICE DEPARTMENT,SAPD25065197,SAN ANTONIO,FAILED TO YIELD RIGHT OF WAY - TURNING LEFT,BEXAR,2025-04-02,N - NOT INJURED,0,NO DATA,"185 - METHODIST TEXSAN HOSPITAL, A METHODIST HOSPITAL FACILITY",1.862,50,37 - FAILED TO YIELD RIGHT OF WAY - TURNING LEFT,No Data,No Data,78201,78201,No,WBA5A5C54ED511893,17,2 - FEMALE,N - NOT INJURED,0,1,1 - FRONT LEFT OR MOTORCYCLE DRIVER
20736678,Yes,SAN ANTONIO POLICE DEPARTMENT,SAPD25065197,SAN ANTONIO,FAILED TO YIELD RIGHT OF WAY - TURNING LEFT,BEXAR,2025-04-02,N - NOT INJURED,0,NO DATA,"185 - METHODIST TEXSAN HOSPITAL, A METHODIST HOSPITAL FACILITY",1.862,50,No Data,No Data,No Data,78253,78253,No,1FTHF36H3MKA56105,47,1 - MALE,N - NOT INJURED,0,1,1 - FRONT LEFT OR MOTORCYCLE DRIVER
20736680,Yes,SAN ANTONIO POLICE DEPARTMENT,SAPD25065255,SAN ANTONIO,FAILED TO YIELD RIGHT OF WAY - STOP SIGN,BEXAR,2025-04-02,B - SUSPECTED MINOR INJURY,0,NO DATA,46 - CHRISTUS CHILDRENS HOSPITAL OF SAN ANTONIO,2.646,50,No Data,No Data,No Data,78237,78237,No,1D7HA18P47S188887,79,1 - MALE,N - NOT INJURED,0,1,1 - FRONT LEFT OR MOTORCYCLE DRIVER
20736680,Yes,SAN ANTONIO POLICE DEPARTMENT,SAPD25065255,SAN ANTONIO,FAILED TO YIELD RIGHT OF WAY - STOP SIGN,BEXAR,2025-04-02,B - SUSPECTED MINOR INJURY,0,NO DATA,46 - CHRISTUS CHILDRENS HOSPITAL OF SAN ANTONIO,2.646,50,No Data,No Data,No Data,78228,78228,No,1FTFW1R62BFA72730,25,1 - MALE,B - SUSPECTED MINOR INJURY,1,1,1 - FRONT LEFT OR MOTORCYCLE DRIVER
20736680,Yes,SAN ANTONIO POLICE DEPARTMENT,SAPD25065255,SAN ANTONIO,FAILED TO YIELD RIGHT OF WAY - STOP SIGN,BEXAR,2025-04-02,B - SUSPECTED MINOR INJURY,0,NO DATA,46 - CHRISTUS CHILDRENS HOSPITAL OF SAN ANTONIO,2.646,50,No Data,No Data,No Data,78228,78228,No,1FTFW1R62BFA72730,49,2 - FEMALE,C - POSSIBLE INJURY,0,2,3 - FRONT RIGHT
20736680,Yes,SAN ANTONIO POLICE DEPARTMENT,SAPD25065255,SAN ANTONIO,FAILED TO YIELD RIGHT OF WAY - STOP SIGN,BEXAR,2025-04-02,B - SUSPECTED MINOR INJURY,0,NO DATA,46 - CHRISTUS CHILDRENS HOSPITAL OF SAN ANTONIO,2.646,50,No Data,No Data,No Data,78228,78228,No,1FTFW1R62BFA72730,5,1 - MALE,C - POSSIBLE INJURY,0,3,6 - SECOND SEAT RIGHT
20736691,Yes,BROWNFIELD POLICE DEPARTMENT,25-03323,BROWNFIELD,FAILED TO YIELD RIGHT OF WAY - STOP SIGN,TERRY,2025-04-02,N - NOT INJURED,0,NO DATA,32 - BROWNFIELD REGIONAL MEDICAL CENTER,0.325,,35 - FAILED TO YIELD RIGHT OF WAY - STOP SIGN,No Data,No Data,79424,79316,No,2GTEC19TXY1255271,16,1 - MALE,N - NOT INJURED,0,1,1 - FRONT LEFT OR MOTORCYCLE DRIVER
20736691,Yes,BROWNFIELD POLICE DEPARTMENT,25-03323,BROWNFIELD,FAILED TO YIELD RIGHT OF WAY - STOP SIGN,TERRY,2025-04-02,N - NOT INJURED,0,NO DATA,32 - BROWNFIELD REGIONAL MEDICAL CENTER,0.325,,35 - FAILED TO YIELD RIGHT OF WAY - STOP SIGN,No Data,No Data,79424,79316,No,2GTEC19TXY1255271,38,2 - FEMALE,N - NOT INJURED,0,2,3 - FRONT RIGHT
20736691,Yes,BROWNFIELD POLICE DEPARTMENT,25-03323,BROWNFIELD,FAILED TO YIELD RIGHT OF WAY - STOP SIGN,TERRY,2025-04-02,N - NOT INJURED,0,NO DATA,32 - BROWNFIELD REGIONAL MEDICAL CENTER,0.325,,No Data,No Data,No Data,79316,79316,No,WA1DECF38P1092463,63,1 - MALE,N - NOT INJURED,0,1,1 - FRONT LEFT OR MOTORCYCLE DRIVER
20736691,Yes,BROWNFIELD POLICE DEPARTMENT,25-03323,BROWNFIELD,FAILED TO YIELD RIGHT OF WAY - STOP SIGN,TERRY,2025-04-02,N - NOT INJURED,0,NO DATA,32 - BROWNFIELD REGIONAL MEDICAL CENTER,0.325,,No Data,No Data,No Data,79316,79316,No,WA1DECF38P1092463,12,1 - MALE,N - NOT INJURED,0,2,3 - FRONT RIGHT
20736691,Yes,BROWNFIELD POLICE DEPARTMENT,25-03323,BROWNFIELD,FAILED TO YIELD RIGHT OF WAY - STOP SIGN,TERRY,2025-04-02,N - NOT INJURED,0,NO DATA,32 - BROWNFIELD REGIONAL MEDICAL CENTER,0.325,,No Data,No Data,No Data,79316,79316,No,WA1DECF38P1092463,13,1 - MALE,N - NOT INJURED,0,3,6 - SECOND SEAT RIGHT
20736695,Yes,TEXARKANA POLICE DEPARTMENT,T25-12265,TEXARKANA,UNSAFE SPEED,BOWIE,2025-04-02,B - SUSPECTED MINOR INJURY,0,NO DATA,64 - CHRISTUS ST. MICHAEL HEALTH SYSTEM,1.613,,60 - UNSAFE SPEED,No Data,No Data,75501,75501,No,1GNSCNKD1MR363008,62,1 - MALE,B - SUSPECTED MINOR INJURY,1,1,1 - FRONT LEFT OR MOTORCYCLE DRIVER
20736695,Yes,TEXARKANA POLICE DEPARTMENT,T25-12265,TEXARKANA,UNSAFE SPEED,BOWIE,2025-04-02,B - SUSPECTED MINOR INJURY,0,NO DATA,64 - CHRISTUS ST. MICHAEL HEALTH SYSTEM,1.613,,60 - UNSAFE SPEED,No Data,No Data,75501,75501,No,1GNSCNKD1MR363008,38,1 - MALE,B - SUSPECTED MINOR INJURY,1,2,3 - FRONT RIGHT
20736695,Yes,TEXARKANA POLICE DEPARTMENT,T25-12265,TEXARKANA,UNSAFE SPEED,BOWIE,2025-04-02,B - SUSPECTED MINOR INJURY,0,NO DATA,64 - CHRISTUS ST. MICHAEL HEALTH SYSTEM,1.613,,60 - UNSAFE SPEED,No Data,No Data,75501,75501,No,1GNSCNKD1MR363008,35,1 - MALE,N - NOT INJURED,0,3,4 - SECOND SEAT LEFT OR MOTORCYCLE BACK PASSENGER
20736695,Yes,TEXARKANA POLICE DEPARTMENT,T25-12265,TEXARKANA,UNSAFE SPEED,BOWIE,2025-04-02,B - SUSPECTED MINOR INJURY,0,NO DATA,64 - CHRISTUS ST. MICHAEL HEALTH SYSTEM,1.613,,60 - UNSAFE SPEED,No Data,No Data,75501,75501,No,1GNSCNKD1MR363008,15,1 - MALE,B - SUSPECTED MINOR INJURY,1,4,6 - SECOND SEAT RIGHT
20736695,Yes,TEXARKANA POLICE DEPARTMENT,T25-12265,TEXARKANA,UNSAFE SPEED,BOWIE,2025-04-02,B - SUSPECTED MINOR INJURY,0,NO DATA,64 - CHRISTUS ST. MICHAEL HEALTH SYSTEM,1.613,,60 - UNSAFE SPEED,No Data,No Data,75501,75501,No,1GNSCNKD1MR363008,13,1 - MALE,B - SUSPECTED MINOR INJURY,1,5,9 - THIRD SEAT RIGHT
20736696,Yes,HARRIS COUNTY CONSTABLE PRECINCT 4,2504-00190,OUTSIDE CITY LIMITS,FAILED TO CONTROL SPEED,HARRIS,2025-04-02,N - NOT INJURED,0,NO DATA,165 - MEMORIAL HERMANN MEMORIAL CITY MEDICAL CENTER,6.341,,22 - FAILED TO CONTROL SPEED,No Data,No Data,77065,77065,No,1C3CDFAA1GD516130,24,1 - MALE,N - NOT INJURED,0,1,1 - FRONT LEFT OR MOTORCYCLE DRIVER
20736696,Yes,HARRIS COUNTY CONSTABLE PRECINCT 4,2504-00190,OUTSIDE CITY LIMITS,FAILED TO CONTROL SPEED,HARRIS,2025-04-02,N - NOT INJURED,0,NO DATA,165 - MEMORIAL HERMANN MEMORIAL CITY MEDICAL CENTER,6.341,,No Data,No Data,No Data,77429,77429,No,JTEBT17R268031105,53,1 - MALE,N - NOT INJURED,0,1,1 - FRONT LEFT OR MOTORCYCLE DRIVER
20736696,Yes,HARRIS COUNTY CONSTABLE PRECINCT 4,2504-00190,OUTSIDE CITY LIMITS,FAILED TO CONTROL SPEED,HARRIS,2025-04-02,N - NOT INJURED,0,NO DATA,165 - MEMORIAL HERMANN MEMORIAL CITY MEDICAL CENTER,6.341,,No Data,No Data,No Data,77447,77447,No,JN8AY2ND3KX010914,38,2 - FEMALE,N - NOT INJURED,0,1,1 - FRONT LEFT OR MOTORCYCLE DRIVER
20736715,Yes,EL PASO COUNTY SHERIFF'S OFFICE,202504325,OUTSIDE CITY LIMITS,FAILED TO YIELD RIGHT OF WAY - STOP SIGN;FAILED TO YIELD RIGHT OF WAY - TURNING LEFT,EL PASO,2025-04-02,N - NOT INJURED,0,NO DATA,261 - THE HOSPITALS OF PROVIDENCE EAST CAMPUS,20.474,,37 - FAILED TO YIELD RIGHT OF WAY - TURNING LEFT,No Data,No Data,32674,32674,No,1FTYR10D29PA53143,34,2 - FEMALE,N - NOT INJURED,0,1,1 - FRONT LEFT OR MOTORCYCLE DRIVER
20736715,Yes,EL PASO COUNTY SHERIFF'S OFFICE,202504325,OUTSIDE CITY LIMITS,FAILED TO YIELD RIGHT OF WAY - STOP SIGN;FAILED TO YIELD RIGHT OF WAY - TURNING LEFT,EL PASO,2025-04-02,N - NOT INJURED,0,NO DATA,261 - THE HOSPITALS OF PROVIDENCE EAST CAMPUS,20.474,,35 - FAILED TO YIELD RIGHT OF WAY - STOP SIGN,No Data,No Data,79928,79928,No,1N4AL21E57C116391,18,1 - MALE,N - NOT INJURED,0,1,1 - FRONT LEFT OR MOTORCYCLE DRIVER
20736716,Yes,EL PASO COUNTY SHERIFF'S OFFICE,202504353,OUTSIDE CITY LIMITS,BACKED WITHOUT SAFETY; FAILED TO CONTROL SPEED,EL PASO,2025-04-02,N - NOT INJURED,0,NO DATA,No Data,No Data,,22 - FAILED TO CONTROL SPEED,3 - BACKED WITHOUT SAFETY,No Data,79853,79853,No,3C4PDCBG7ET105918,14,1 - MALE,N - NOT INJURED,0,1,1 - FRONT LEFT OR MOTORCYCLE DRIVER
20736716,Yes,EL PASO COUNTY SHERIFF'S OFFICE,202504353,OUTSIDE CITY LIMITS,BACKED WITHOUT SAFETY; FAILED TO CONTROL SPEED,EL PASO,2025-04-02,N - NOT INJURED,0,NO DATA,No Data,No Data,,22 - FAILED TO CONTROL SPEED,3 - BACKED WITHOUT SAFETY,No Data,79853,79853,No,3C4PDCBG7ET105918,14,2 - FEMALE,N - NOT INJURED,0,2,3 - FRONT RIGHT
20736716,Yes,EL PASO COUNTY SHERIFF'S OFFICE,202504353,OUTSIDE CITY LIMITS,BACKED WITHOUT SAFETY; FAILED TO CONTROL SPEED,EL PASO,2025-04-02,N - NOT INJURED,0,NO DATA,No Data,No Data,,22 - FAILED TO CONTROL SPEED,3 - BACKED WITHOUT SAFETY,No Data,79853,79853,No,3C4PDCBG7ET105918,14,1 - MALE,N - NOT INJURED,0,3,4 - SECOND SEAT LEFT OR MOTORCYCLE BACK PASSENGER
20736717,Yes,"DEPARTMENT OF PUBLIC SAFETY, STATE OF TEXAS",TX25-516768,OUTSIDE CITY LIMITS,UNSAFE SPEED,BOWIE,2025-04-02,N - NOT INJURED,0,NO DATA,64 - CHRISTUS ST. MICHAEL HEALTH SYSTEM,25.905,1D,60 - UNSAFE SPEED,No Data,No Data,75559,75559,No,5YJ3E1EC1NF294332,19,1 - MALE,N - NOT INJURED,0,1,1 - FRONT LEFT OR MOTORCYCLE DRIVER
20736731,Yes,"DEPARTMENT OF PUBLIC SAFETY, STATE OF TEXAS",TX 2025-515185,OUTSIDE CITY LIMITS,FAILED TO YIELD RIGHT OF WAY - TURNING LEFT;CELL/MOBILE DEVICE USE - OTHER,COLLIN,2025-04-02,C - POSSIBLE INJURY,0,NO DATA,19 - BAYLOR SCOTT & WHITE MEDICAL CENTER - LAKE POINTE,12.848,1A,37 - FAILED TO YIELD RIGHT OF WAY - TURNING LEFT,76 - CELL/MOBILE DEVICE USE - OTHER,No Data,75075,75075,No,5NPDH4AE1FH591320,64,1 - MALE,N - NOT INJURED,0,1,1 - FRONT LEFT OR MOTORCYCLE DRIVER
20736731,Yes,"DEPARTMENT OF PUBLIC SAFETY, STATE OF TEXAS",TX 2025-515185,OUTSIDE CITY LIMITS,FAILED TO YIELD RIGHT OF WAY - TURNING LEFT;CELL/MOBILE DEVICE USE - OTHER,COLLIN,2025-04-02,C - POSSIBLE INJURY,0,NO DATA,19 - BAYLOR SCOTT & WHITE MEDICAL CENTER - LAKE POINTE,12.848,1A,No Data,No Data,No Data,75173,75173,No,KNDJ23AU6P7894377,54,1 - MALE,C - POSSIBLE INJURY,0,1,1 - FRONT LEFT OR MOTORCYCLE DRIVER
20736731,Yes,"DEPARTMENT OF PUBLIC SAFETY, STATE OF TEXAS",TX 2025-515185,OUTSIDE CITY LIMITS,FAILED TO YIELD RIGHT OF WAY - TURNING LEFT;CELL/MOBILE DEVICE USE - OTHER,COLLIN,2025-04-02,C - POSSIBLE INJURY,0,NO DATA,19 - BAYLOR SCOTT & WHITE MEDICAL CENTER - LAKE POINTE,12.848,1A,No Data,No Data,No Data,75173,75173,No,KNDJ23AU6P7894377,29,2 - FEMALE,N - NOT INJURED,0,2,3 - FRONT RIGHT
20736733,Yes,"DEPARTMENT OF PUBLIC SAFETY, STATE OF TEXAS",TX 25-514318,ALICE,CHANGED LANE WHEN UNSAFE,JIM WELLS,2025-04-02,N - NOT INJURED,0,NO DATA,60 - CHRISTUS SPOHN HOSPITAL ALICE,3.722,3C,No Data,No Data,No Data,78040,78040,No,1XPWDU9X3BD127504,36,1 - MALE,N - NOT INJURED,0,1,1 - FRONT LEFT OR MOTORCYCLE DRIVER
20736733,Yes,"DEPARTMENT OF PUBLIC SAFETY, STATE OF TEXAS",TX 25-514318,ALICE,CHANGED LANE WHEN UNSAFE,JIM WELLS,2025-04-02,N - NOT INJURED,0,NO DATA,60 - CHRISTUS SPOHN HOSPITAL ALICE,3.722,3C,4 - CHANGED LANE WHEN UNSAFE,No Data,No Data,78577,78577,No,1FTNX21L62EA92520,80,1 - MALE,N - NOT INJURED,0,1,1 - FRONT LEFT OR MOTORCYCLE DRIVER
20736743,Yes,HUMBLE POLICE DEPARTMENT,25-001703,HUMBLE,BACKED WITHOUT SAFETY,HARRIS,2025-04-02,N - NOT INJURED,0,NO DATA,No Data,No Data,,3 - BACKED WITHOUT SAFETY,No Data,No Data,,No Data,Yes,No Data,No Data,99 - UNKNOWN,N - NOT INJURED,0,1,1 - FRONT LEFT OR MOTORCYCLE DRIVER
20736743,Yes,HUMBLE POLICE DEPARTMENT,25-001703,HUMBLE,BACKED WITHOUT SAFETY,HARRIS,2025-04-02,N - NOT INJURED,0,NO DATA,No Data,No Data,,No Data,No Data,No Data,77338,77338,No,4T1C11AK9LU341065,78,2 - FEMALE,N - NOT INJURED,0,1,1 - FRONT LEFT OR MOTORCYCLE DRIVER
20736750,Yes,DALLAS POLICE DEPARTMENT,45959-2025,DALLAS,UNSAFE SPEED,DALLAS,2025-04-02,N - NOT INJURED,0,NO DATA,174 - METHODIST DALLAS MEDICAL CENTER,4.229,,60 - UNSAFE SPEED,No Data,No Data,75215,75215,No,3N1CN7APXDL882390,45,1 - MALE,N - NOT INJURED,0,1,1 - FRONT LEFT OR MOTORCYCLE DRIVER
20736761,Yes,HOUSTON POLICE DEPARTMENT,0042275925Y,HOUSTON,BACKED WITHOUT SAFETY,HARRIS,2025-04-02,99 - UNKNOWN,0,NO DATA,No Data,No Data,F,3 - BACKED WITHOUT SAFETY,No Data,No Data,,No Data,Yes,No Data,No Data,99 - UNKNOWN,99 - UNKNOWN,0,1,99 - UNKNOWN
20736768,Yes,HOUSTON POLICE DEPARTMENT,0042357925M,HOUSTON,FAILED TO YIELD RIGHT OF WAY - STOP SIGN,HARRIS,2025-04-02,N - NOT INJURED,0,NO DATA,163 - MEMORIAL HERMANN GREATER HEIGHTS HOSPITAL,2.542,F,No Data,No Data,No Data,77055,77055,No,JNKCV54E36M702069,37,1 - MALE,N - NOT INJURED,0,1,1 - FRONT LEFT OR MOTORCYCLE DRIVER
20736768,Yes,HOUSTON POLICE DEPARTMENT,0042357925M,HOUSTON,FAILED TO YIELD RIGHT OF WAY - STOP SIGN,HARRIS,2025-04-02,N - NOT INJURED,0,NO DATA,163 - MEMORIAL HERMANN GREATER HEIGHTS HOSPITAL,2.542,F,No Data,No Data,No Data,77055,77055,No,JNKCV54E36M702069,35,2 - FEMALE,N - NOT INJURED,0,2,3 - FRONT RIGHT
20736768,Yes,HOUSTON POLICE DEPARTMENT,0042357925M,HOUSTON,FAILED TO YIELD RIGHT OF WAY - STOP SIGN,HARRIS,2025-04-02,N - NOT INJURED,0,NO DATA,163 - MEMORIAL HERMANN GREATER HEIGHTS HOSPITAL,2.542,F,35 - FAILED TO YIELD RIGHT OF WAY - STOP SIGN,No Data,No Data,,No Data,Yes,No Data,No Data,99 - UNKNOWN,99 - UNKNOWN,0,1,99 - UNKNOWN
20736777,Yes,HOUSTON POLICE DEPARTMENT,0042370325G,HOUSTON,FAILED TO DRIVE IN SINGLE LANE,HARRIS,2025-04-02,C - POSSIBLE INJURY,0,NO DATA,114 - HARRIS HEALTH SYSTEM LYNDON B. JOHNSON HOSPITAL,0.999,C,23 - FAILED TO DRIVE IN SINGLE LANE,No Data,No Data,,,No,1C4NJDBB5ED567779,58,1 - MALE,C - POSSIBLE INJURY,0,1,1 - FRONT LEFT OR MOTORCYCLE DRIVER
20736777,Yes,HOUSTON POLICE DEPARTMENT,0042370325G,HOUSTON,FAILED TO DRIVE IN SINGLE LANE,HARRIS,2025-04-02,C - POSSIBLE INJURY,0,NO DATA,114 - HARRIS HEALTH SYSTEM LYNDON B. JOHNSON HOSPITAL,0.999,C,23 - FAILED TO DRIVE IN SINGLE LANE,No Data,No Data,,,No,1C4NJDBB5ED567779,45,1 - MALE,C - POSSIBLE INJURY,0,2,3 - FRONT RIGHT
20736779,Yes,SAN ANTONIO POLICE DEPARTMENT,SAPD25065285,SAN ANTONIO,FAILED TO YIELD RIGHT OF WAY - TURNING LEFT,BEXAR,2025-04-02,C - POSSIBLE INJURY,0,NO DATA,187 - MISSION TRAIL BAPTIST HOSPITAL,2.255,60,37 - FAILED TO YIELD RIGHT OF WAY - TURNING LEFT,No Data,No Data,78207,78207,No,3FA6P0H72GR389831,69,2 - FEMALE,N - NOT INJURED,0,1,1 - FRONT LEFT OR MOTORCYCLE DRIVER
20736779,Yes,SAN ANTONIO POLICE DEPARTMENT,SAPD25065285,SAN ANTONIO,FAILED TO YIELD RIGHT OF WAY - TURNING LEFT,BEXAR,2025-04-02,C - POSSIBLE INJURY,0,NO DATA,187 - MISSION TRAIL BAPTIST HOSPITAL,2.255,60,No Data,No Data,No Data,78223,78223,No,JN8AT2MT2GW025523,56,2 - FEMALE,C - POSSIBLE INJURY,0,1,1 - FRONT LEFT OR MOTORCYCLE DRIVER
20736785,Yes,WEIMAR POLICE DEPARTMENT,25-0263,WEIMAR,ANIMAL ON ROAD - DOMESTIC;FAULTY EVASIVE ACTION,COLORADO,2025-04-02,N - NOT INJURED,0,NO DATA,70 - COLUMBUS COMMUNITY HOSPITAL,14.41,2C,41 - FAULTY EVASIVE ACTION,No Data,No Data,78956,78956,No,1GC5CVBG7AZ244505,34,1 - MALE,N - NOT INJURED,0,1,1 - FRONT LEFT OR MOTORCYCLE DRIVER
20736794,Yes,HARRIS COUNTY SHERIFF'S OFFICE,2504-00729,OUTSIDE CITY LIMITS,DRIVER INATTENTION,HARRIS,2025-04-02,N - NOT INJURED,0,NO DATA,248 - TEXAS CHILDRENS HOSPITAL WEST CAMPUS,2.49,PD,20 - DRIVER INATTENTION,No Data,No Data,77449,77002,No,1FM5K8AB2PGC17724,30,1 - MALE,N - NOT INJURED,0,1,1 - FRONT LEFT OR MOTORCYCLE DRIVER
20736794,Yes,HARRIS COUNTY SHERIFF'S OFFICE,2504-00729,OUTSIDE CITY LIMITS,DRIVER INATTENTION,HARRIS,2025-04-02,N - NOT INJURED,0,NO DATA,248 - TEXAS CHILDRENS HOSPITAL WEST CAMPUS,2.49,PD,20 - DRIVER INATTENTION,No Data,No Data,77449,77002,No,1FM5K8AB2PGC17724,47,1 - MALE,N - NOT INJURED,0,2,3 - FRONT RIGHT
20736794,Yes,HARRIS COUNTY SHERIFF'S OFFICE,2504-00729,OUTSIDE CITY LIMITS,DRIVER INATTENTION,HARRIS,2025-04-02,N - NOT INJURED,0,NO DATA,248 - TEXAS CHILDRENS HOSPITAL WEST CAMPUS,2.49,PD,No Data,No Data,No Data,77493,77493,No,WA1AECF39L1056987,34,2 - FEMALE,N - NOT INJURED,0,1,1 - FRONT LEFT OR MOTORCYCLE DRIVER
20736799,Yes,"DEPARTMENT OF PUBLIC SAFETY, STATE OF TEXAS",,OUTSIDE CITY LIMITS,ANIMAL ON ROAD - WILD,LEON,2025-04-02,B - SUSPECTED MINOR INJURY,0,NO DATA,207 - PALESTINE REGIONAL MEDICAL CENTER,26.76,2C,2 - ANIMAL ON ROAD - WILD,No Data,No Data,75835,75835,No,KNDEPCAA6N7337815,49,2 - FEMALE,B - SUSPECTED MINOR INJURY,1,1,1 - FRONT LEFT OR MOTORCYCLE DRIVER
20736809,Yes,GARLAND POLICE DEPARTMENT,2025A000732,GARLAND,DRIVER INATTENTION; FAILED TO CONTROL SPEED,DALLAS,2025-04-02,C - POSSIBLE INJURY,0,NO DATA,186 - METHODIST RICHARDSON MEDICAL CENTER,5.114,35,20 - DRIVER INATTENTION,22 - FAILED TO CONTROL SPEED,No Data,75150,75150,No,5XYPH4A18GG015940,57,2 - FEMALE,N - NOT INJURED,0,1,1 - FRONT LEFT OR MOTORCYCLE DRIVER
20736809,Yes,GARLAND POLICE DEPARTMENT,2025A000732,GARLAND,DRIVER INATTENTION; FAILED TO CONTROL SPEED,DALLAS,2025-04-02,C - POSSIBLE INJURY,0,NO DATA,186 - METHODIST RICHARDSON MEDICAL CENTER,5.114,35,No Data,No Data,No Data,75043,75043,No,2T3WFREV6GW284886,41,2 - FEMALE,C - POSSIBLE INJURY,0,1,1 - FRONT LEFT OR MOTORCYCLE DRIVER
20736809,Yes,GARLAND POLICE DEPARTMENT,2025A000732,GARLAND,DRIVER INATTENTION; FAILED TO CONTROL SPEED,DALLAS,2025-04-02,C - POSSIBLE INJURY,0,NO DATA,186 - METHODIST RICHARDSON MEDICAL CENTER,5.114,35,No Data,No Data,No Data,75043,75043,No,2T3WFREV6GW284886,21,2 - FEMALE,C - POSSIBLE INJURY,0,2,3 - FRONT RIGHT
20736823,Yes,TEXARKANA POLICE DEPARTMENT,T25-12226,TEXARKANA,BACKED WITHOUT SAFETY,BOWIE,2025-04-02,N - NOT INJURED,0,NO DATA,No Data,No Data,,3 - BACKED WITHOUT SAFETY,No Data,No Data,75569,75569,No,4T1BG22K6YU932119,36,1 - MALE,N - NOT INJURED,0,1,1 - FRONT LEFT OR MOTORCYCLE DRIVER
20736823,Yes,TEXARKANA POLICE DEPARTMENT,T25-12226,TEXARKANA,BACKED WITHOUT SAFETY,BOWIE,2025-04-02,N - NOT INJURED,0,NO DATA,No Data,No Data,,3 - BACKED WITHOUT SAFETY,No Data,No Data,75569,75569,No,4T1BG22K6YU932119,30,2 - FEMALE,N - NOT INJURED,0,2,3 - FRONT RIGHT
20736823,Yes,TEXARKANA POLICE DEPARTMENT,T25-12226,TEXARKANA,BACKED WITHOUT SAFETY,BOWIE,2025-04-02,N - NOT INJURED,0,NO DATA,No Data,No Data,,3 - BACKED WITHOUT SAFETY,No Data,No Data,75569,75569,No,4T1BG22K6YU932119,1,1 - MALE,N - NOT INJURED,0,3,6 - SECOND SEAT RIGHT
20736823,Yes,TEXARKANA POLICE DEPARTMENT,T25-12226,TEXARKANA,BACKED WITHOUT SAFETY,BOWIE,2025-04-02,N - NOT INJURED,0,NO DATA,No Data,No Data,,No Data,No Data,No Data,71854,71854,No,1GTDC14H8EF705745,75,1 - MALE,N - NOT INJURED,0,1,1 - FRONT LEFT OR MOTORCYCLE DRIVER
20736826,Yes,PLANO POLICE DEPARTMENT,25-68696,PLANO,FAILED TO YIELD RIGHT OF WAY - TURNING LEFT,COLLIN,2025-04-02,C - POSSIBLE INJURY,0,NO DATA,186 - METHODIST RICHARDSON MEDICAL CENTER,4.185,,37 - FAILED TO YIELD RIGHT OF WAY - TURNING LEFT,No Data,No Data,75002,75002,No,5TDYKRFH1FS114609,38,1 - MALE,C - POSSIBLE INJURY,0,1,1 - FRONT LEFT OR MOTORCYCLE DRIVER
20736826,Yes,PLANO POLICE DEPARTMENT,25-68696,PLANO,FAILED TO YIELD RIGHT OF WAY - TURNING LEFT,COLLIN,2025-04-02,C - POSSIBLE INJURY,0,NO DATA,186 - METHODIST RICHARDSON MEDICAL CENTER,4.185,,37 - FAILED TO YIELD RIGHT OF WAY - TURNING LEFT,No Data,No Data,75002,75002,No,5TDYKRFH1FS114609,12,1 - MALE,C - POSSIBLE INJURY,0,2,3 - FRONT RIGHT
20736826,Yes,PLANO POLICE DEPARTMENT,25-68696,PLANO,FAILED TO YIELD RIGHT OF WAY - TURNING LEFT,COLLIN,2025-04-02,C - POSSIBLE INJURY,0,NO DATA,186 - METHODIST RICHARDSON MEDICAL CENTER,4.185,,No Data,No Data,No Data,75063,75063,No,5YFB4MDE2PP025895,25,2 - FEMALE,N - NOT INJURED,0,1,1 - FRONT LEFT OR MOTORCYCLE DRIVER
20736827,Yes,PARKER POLICE DEPARTMENT,25008426,PARKER (COLLIN),DRIVER INATTENTION,COLLIN,2025-04-02,B - SUSPECTED MINOR INJURY,0,NO DATA,186 - METHODIST RICHARDSON MEDICAL CENTER,3.672,,20 - DRIVER INATTENTION,No Data,No Data,76010,34743,No,2B8GP74L52R618233,30,1 - MALE,B - SUSPECTED MINOR INJURY,1,1,1 - FRONT LEFT OR MOTORCYCLE DRIVER
20736829,Yes,EVERMAN POLICE DEPARTMENT,25PD005567,EVERMAN,DRIVER INATTENTION; FAILED TO CONTROL SPEED,TARRANT,2025-04-02,B - SUSPECTED MINOR INJURY,0,NO DATA,259 - TEXAS HEALTH HUGULEY HOSPITAL,3.225,,20 - DRIVER INATTENTION,22 - FAILED TO CONTROL SPEED,No Data,,,No,JN8AF5MR6BT004343,51,2 - FEMALE,N - NOT INJURED,0,1,1 - FRONT LEFT OR MOTORCYCLE DRIVER
20736829,Yes,EVERMAN POLICE DEPARTMENT,25PD005567,EVERMAN,DRIVER INATTENTION; FAILED TO CONTROL SPEED,TARRANT,2025-04-02,B - SUSPECTED MINOR INJURY,0,NO DATA,259 - TEXAS HEALTH HUGULEY HOSPITAL,3.225,,No Data,No Data,No Data,76113,76113,No,1GNSCJKJ2KR341384,44,2 - FEMALE,B - SUSPECTED MINOR INJURY,1,1,1 - FRONT LEFT OR MOTORCYCLE DRIVER
20736829,Yes,EVERMAN POLICE DEPARTMENT,25PD005567,EVERMAN,DRIVER INATTENTION; FAILED TO CONTROL SPEED,TARRANT,2025-04-02,B - SUSPECTED MINOR INJURY,0,NO DATA,259 - TEXAS HEALTH HUGULEY HOSPITAL,3.225,,No Data,No Data,No Data,76113,76113,No,1GNSCJKJ2KR341384,19,2 - FEMALE,B - SUSPECTED MINOR INJURY,1,2,3 - FRONT RIGHT
20736829,Yes,EVERMAN POLICE DEPARTMENT,25PD005567,EVERMAN,DRIVER INATTENTION; FAILED TO CONTROL SPEED,TARRANT,2025-04-02,B - SUSPECTED MINOR INJURY,0,NO DATA,259 - TEXAS HEALTH HUGULEY HOSPITAL,3.225,,No Data,No Data,No Data,76113,76113,No,1GNSCJKJ2KR341384,3,1 - MALE,B - SUSPECTED MINOR INJURY,1,3,6 - SECOND SEAT RIGHT
20736829,Yes,EVERMAN POLICE DEPARTMENT,25PD005567,EVERMAN,DRIVER INATTENTION; FAILED TO CONTROL SPEED,TARRANT,2025-04-02,B - SUSPECTED MINOR INJURY,0,NO DATA,259 - TEXAS HEALTH HUGULEY HOSPITAL,3.225,,No Data,No Data,No Data,76140,76140,No,5FNRL5H93CB125241,37,2 - FEMALE,N - NOT INJURED,0,1,1 - FRONT LEFT OR MOTORCYCLE DRIVER
20736829,Yes,EVERMAN POLICE DEPARTMENT,25PD005567,EVERMAN,DRIVER INATTENTION; FAILED TO CONTROL SPEED,TARRANT,2025-04-02,B - SUSPECTED MINOR INJURY,0,NO DATA,259 - TEXAS HEALTH HUGULEY HOSPITAL,3.225,,No Data,No Data,No Data,76140,76140,No,5FNRL5H93CB125241,38,1 - MALE,N - NOT INJURED,0,2,3 - FRONT RIGHT
20736829,Yes,EVERMAN POLICE DEPARTMENT,25PD005567,EVERMAN,DRIVER INATTENTION; FAILED TO CONTROL SPEED,TARRANT,2025-04-02,B - SUSPECTED MINOR INJURY,0,NO DATA,259 - TEXAS HEALTH HUGULEY HOSPITAL,3.225,,No Data,No Data,No Data,76140,76140,No,5FNRL5H93CB125241,9,2 - FEMALE,N - NOT INJURED,0,3,99 - UNKNOWN
20736829,Yes,EVERMAN POLICE DEPARTMENT,25PD005567,EVERMAN,DRIVER INATTENTION; FAILED TO CONTROL SPEED,TARRANT,2025-04-02,B - SUSPECTED MINOR INJURY,0,NO DATA,259 - TEXAS HEALTH HUGULEY HOSPITAL,3.225,,No Data,No Data,No Data,76140,76140,No,5FNRL5H93CB125241,7,2 - FEMALE,B - SUSPECTED MINOR INJURY,1,4,99 - UNKNOWN
20736829,Yes,EVERMAN POLICE DEPARTMENT,25PD005567,EVERMAN,DRIVER INATTENTION; FAILED TO CONTROL SPEED,TARRANT,2025-04-02,B - SUSPECTED MINOR INJURY,0,NO DATA,259 - TEXAS HEALTH HUGULEY HOSPITAL,3.225,,No Data,No Data,No Data,76140,76140,No,5FNRL5H93CB125241,5,1 - MALE,B - SUSPECTED MINOR INJURY,1,5,99 - UNKNOWN
20736829,Yes,EVERMAN POLICE DEPARTMENT,25PD005567,EVERMAN,DRIVER INATTENTION; FAILED TO CONTROL SPEED,TARRANT,2025-04-02,B - SUSPECTED MINOR INJURY,0,NO DATA,259 - TEXAS HEALTH HUGULEY HOSPITAL,3.225,,No Data,No Data,No Data,76140,76140,No,5FNRL5H93CB125241,3,1 - MALE,N - NOT INJURED,0,6,99 - UNKNOWN
20736832,Yes,HARRIS COUNTY SHERIFF'S OFFICE,2504-00743,OUTSIDE CITY LIMITS,FAILED TO DRIVE IN SINGLE LANE,HARRIS,2025-04-02,N - NOT INJURED,0,NO DATA,248 - TEXAS CHILDRENS HOSPITAL WEST CAMPUS,1.508,PD,No Data,No Data,No Data,77494,77494,No,1HGCY2F59RA076569,59,1 - MALE,N - NOT INJURED,0,1,1 - FRONT LEFT OR MOTORCYCLE DRIVER
20736832,Yes,HARRIS COUNTY SHERIFF'S OFFICE,2504-00743,OUTSIDE CITY LIMITS,FAILED TO DRIVE IN SINGLE LANE,HARRIS,2025-04-02,N - NOT INJURED,0,NO DATA,248 - TEXAS CHILDRENS HOSPITAL WEST CAMPUS,1.508,PD,No Data,No Data,No Data,77494,77494,No,1HGCY2F59RA076569,16,1 - MALE,N - NOT INJURED,0,2,6 - SECOND SEAT RIGHT
20736832,Yes,HARRIS COUNTY SHERIFF'S OFFICE,2504-00743,OUTSIDE CITY LIMITS,FAILED TO DRIVE IN SINGLE LANE,HARRIS,2025-04-02,N - NOT INJURED,0,NO DATA,248 - TEXAS CHILDRENS HOSPITAL WEST CAMPUS,1.508,PD,No Data,No Data,No Data,77449,77449,No,5TFJX4GN1EX034441,51,1 - MALE,N - NOT INJURED,0,1,1 - FRONT LEFT OR MOTORCYCLE DRIVER
20736835,Yes,"DEPARTMENT OF PUBLIC SAFETY, STATE OF TEXAS",TX2025-514579,OUTSIDE CITY LIMITS,UNDER INFLUENCE - ALCOHOL,FREESTONE,2025-04-02,B - SUSPECTED MINOR INJURY,0,NO DATA,102 - FREESTONE MEDICAL CENTER,5.139,6A,67 - INTOXICATED - ALCOHOL,No Data,No Data,75859,75859,No,1GTJK39G11E281004,42,1 - MALE,B - SUSPECTED MINOR INJURY,1,1,1 - FRONT LEFT OR MOTORCYCLE DRIVER
20736843,Yes,HARRIS COUNTY SHERIFF'S OFFICE,2504-00701,OUTSIDE CITY LIMITS,FAILED TO CONTROL SPEED,HARRIS,2025-04-02,N - NOT INJURED,0,NO DATA,164 - MEMORIAL HERMANN KATY HOSPITAL,2.894,PD,22 - FAILED TO CONTROL SPEED,No Data,No Data,77494,77494,No,2GCEC130681124899,32,1 - MALE,N - NOT INJURED,0,1,1 - FRONT LEFT OR MOTORCYCLE DRIVER
20736843,Yes,HARRIS COUNTY SHERIFF'S OFFICE,2504-00701,OUTSIDE CITY LIMITS,FAILED TO CONTROL SPEED,HARRIS,2025-04-02,N - NOT INJURED,0,NO DATA,164 - MEMORIAL HERMANN KATY HOSPITAL,2.894,PD,No Data,No Data,No Data,77449,77449,No,5YFBURHE8EP109143,35,1 - MALE,N - NOT INJURED,0,1,1 - FRONT LEFT OR MOTORCYCLE DRIVER
20736843,Yes,HARRIS COUNTY SHERIFF'S OFFICE,2504-00701,OUTSIDE CITY LIMITS,FAILED TO CONTROL SPEED,HARRIS,2025-04-02,N - NOT INJURED,0,NO DATA,164 - MEMORIAL HERMANN KATY HOSPITAL,2.894,PD,No Data,No Data,No Data,77449,77449,No,5YFBURHE8EP109143,23,2 - FEMALE,N - NOT INJURED,0,2,3 - FRONT RIGHT
20736847,Yes,DALLAS POLICE DEPARTMENT,45928-2025,DALLAS,FAILED TO DRIVE IN SINGLE LANE,DALLAS,2025-04-02,B - SUSPECTED MINOR INJURY,0,NO DATA,26 - BAYLOR UNIVERSITY MEDICAL CENTER,2.434,,23 - FAILED TO DRIVE IN SINGLE LANE,No Data,No Data,75228,75228,No,3GCEC13J98G162563,42,1 - MALE,N - NOT INJURED,0,1,1 - FRONT LEFT OR MOTORCYCLE DRIVER
20736847,Yes,DALLAS POLICE DEPARTMENT,45928-2025,DALLAS,FAILED TO DRIVE IN SINGLE LANE,DALLAS,2025-04-02,B - SUSPECTED MINOR INJURY,0,NO DATA,26 - BAYLOR UNIVERSITY MEDICAL CENTER,2.434,,23 - FAILED TO DRIVE IN SINGLE LANE,No Data,No Data,75228,75228,No,3GCEC13J98G162563,20,1 - MALE,N - NOT INJURED,0,2,3 - FRONT RIGHT
20736847,Yes,DALLAS POLICE DEPARTMENT,45928-2025,DALLAS,FAILED TO DRIVE IN SINGLE LANE,DALLAS,2025-04-02,B - SUSPECTED MINOR INJURY,0,NO DATA,26 - BAYLOR UNIVERSITY MEDICAL CENTER,2.434,,No Data,No Data,No Data,75075,75075,No,2FMDK3JC7EBB37802,42,2 - FEMALE,B - SUSPECTED MINOR INJURY,1,1,1 - FRONT LEFT OR MOTORCYCLE DRIVER
20736854,Yes,HOUSTON POLICE DEPARTMENT,0042343325W,HOUSTON,FAILED TO CONTROL SPEED,HARRIS,2025-04-02,B - SUSPECTED MINOR INJURY,0,NO DATA,121 - HCA HOUSTON HEALTHCARE WEST,1.967,G,22 - FAILED TO CONTROL SPEED,No Data,No Data,77077,77077,No,1HGCR2F57HA223502,24,2 - FEMALE,N - NOT INJURED,0,1,1 - FRONT LEFT OR MOTORCYCLE DRIVER
20736854,Yes,HOUSTON POLICE DEPARTMENT,0042343325W,HOUSTON,FAILED TO CONTROL SPEED,HARRIS,2025-04-02,B - SUSPECTED MINOR INJURY,0,NO DATA,121 - HCA HOUSTON HEALTHCARE WEST,1.967,G,22 - FAILED TO CONTROL SPEED,No Data,No Data,77077,77077,No,1HGCR2F57HA223502,1,2 - FEMALE,N - NOT INJURED,0,2,4 - SECOND SEAT LEFT OR MOTORCYCLE BACK PASSENGER
20736854,Yes,HOUSTON POLICE DEPARTMENT,0042343325W,HOUSTON,FAILED TO CONTROL SPEED,HARRIS,2025-04-02,B - SUSPECTED MINOR INJURY,0,NO DATA,121 - HCA HOUSTON HEALTHCARE WEST,1.967,G,No Data,No Data,No Data,77079,77079,No,3N1CB7APXHY225056,43,2 - FEMALE,B - SUSPECTED MINOR INJURY,1,1,1 - FRONT LEFT OR MOTORCYCLE DRIVER
20736860,Yes,BEXAR COUNTY LAW ENFORCEMENT,BCSO-2025-0129792,SAN ANTONIO,TURNED WHEN UNSAFE,BEXAR,2025-04-02,B - SUSPECTED MINOR INJURY,0,NO DATA,"185 - METHODIST TEXSAN HOSPITAL, A METHODIST HOSPITAL FACILITY",2.905,,66 - TURNED WHEN UNSAFE,No Data,No Data,78253,78253,No,1C4BJWDG1HL645623,18,1 - MALE,B - SUSPECTED MINOR INJURY,1,1,1 - FRONT LEFT OR MOTORCYCLE DRIVER
20736860,Yes,BEXAR COUNTY LAW ENFORCEMENT,BCSO-2025-0129792,SAN ANTONIO,TURNED WHEN UNSAFE,BEXAR,2025-04-02,B - SUSPECTED MINOR INJURY,0,NO DATA,"185 - METHODIST TEXSAN HOSPITAL, A METHODIST HOSPITAL FACILITY",2.905,,No Data,No Data,No Data,78253,78253,No,3N1AB7AP4FY257022,18,1 - MALE,N - NOT INJURED,0,1,1 - FRONT LEFT OR MOTORCYCLE DRIVER
20736867,No,HARRIS COUNTY SHERIFF'S OFFICE,2504-00693,OUTSIDE CITY LIMITS,FAILED TO CONTROL SPEED,HARRIS,2025-04-02,N - NOT INJURED,0,NO DATA,167 - MEMORIAL HERMANN CYPRESS HOSPITAL,2.566,PD,22 - FAILED TO CONTROL SPEED,No Data,No Data,77433,77433,No,2FMDK3KC6BBB07670,21,2 - FEMALE,N - NOT INJURED,0,1,1 - FRONT LEFT OR MOTORCYCLE DRIVER
20736867,No,HARRIS COUNTY SHERIFF'S OFFICE,2504-00693,OUTSIDE CITY LIMITS,FAILED TO CONTROL SPEED,HARRIS,2025-04-02,N - NOT INJURED,0,NO DATA,167 - MEMORIAL HERMANN CYPRESS HOSPITAL,2.566,PD,No Data,No Data,No Data,77084,77084,No,4T4BF1FK7CR270993,29,2 - FEMALE,N - NOT INJURED,0,1,1 - FRONT LEFT OR MOTORCYCLE DRIVER
20736872,Yes,HOUSTON POLICE DEPARTMENT,0042176925W,HOUSTON,FAILED TO CONTROL SPEED,HARRIS,2025-04-02,B - SUSPECTED MINOR INJURY,0,NO DATA,121 - HCA HOUSTON HEALTHCARE WEST,2.23,G,22 - FAILED TO CONTROL SPEED,No Data,No Data,77024,77024,No,WDC0J4KB9KF497708,35,1 - MALE,N - NOT INJURED,0,1,1 - FRONT LEFT OR MOTORCYCLE DRIVER
20736872,Yes,HOUSTON POLICE DEPARTMENT,0042176925W,HOUSTON,FAILED TO CONTROL SPEED,HARRIS,2025-04-02,B - SUSPECTED MINOR INJURY,0,NO DATA,121 - HCA HOUSTON HEALTHCARE WEST,2.23,G,No Data,No Data,No Data,77079,77079,No,1GYS4CKJ0HR121990,69,1 - MALE,B - SUSPECTED MINOR INJURY,1,1,1 - FRONT LEFT OR MOTORCYCLE DRIVER
20736873,Yes,HOUSTON POLICE DEPARTMENT,0042328825H,HOUSTON,FAILED TO CONTROL SPEED,HARRIS,2025-04-02,N - NOT INJURED,0,NO DATA,121 - HCA HOUSTON HEALTHCARE WEST,1.715,G,No Data,No Data,No Data,77077,77077,No,1FAHP2F83JG118694,35,1 - MALE,N - NOT INJURED,0,1,1 - FRONT LEFT OR MOTORCYCLE DRIVER
20736873,Yes,HOUSTON POLICE DEPARTMENT,0042328825H,HOUSTON,FAILED TO CONTROL SPEED,HARRIS,2025-04-02,N - NOT INJURED,0,NO DATA,121 - HCA HOUSTON HEALTHCARE WEST,1.715,G,No Data,No Data,No Data,77077,77077,No,1FAHP2F83JG118694,2,1 - MALE,N - NOT INJURED,0,2,5 - SECOND SEAT CENTER
20736873,Yes,HOUSTON POLICE DEPARTMENT,0042328825H,HOUSTON,FAILED TO CONTROL SPEED,HARRIS,2025-04-02,N - NOT INJURED,0,NO DATA,121 - HCA HOUSTON HEALTHCARE WEST,1.715,G,No Data,No Data,No Data,77493,77493,No,SHHFK7H67KU225007,30,1 - MALE,N - NOT INJURED,0,1,1 - FRONT LEFT OR MOTORCYCLE DRIVER
20736878,Yes,GARLAND POLICE DEPARTMENT,2025A000734,GARLAND,FAILED TO CONTROL SPEED,DALLAS,2025-04-02,C - POSSIBLE INJURY,0,NO DATA,258 - TEXAS HEALTH PRESBYTERIAN HOSPITAL DALLAS,4.688,43,22 - FAILED TO CONTROL SPEED,No Data,No Data,75042,75042,No,5YFBURHE4EP129857,29,2 - FEMALE,N - NOT INJURED,0,1,1 - FRONT LEFT OR MOTORCYCLE DRIVER
20736878,Yes,GARLAND POLICE DEPARTMENT,2025A000734,GARLAND,FAILED TO CONTROL SPEED,DALLAS,2025-04-02,C - POSSIBLE INJURY,0,NO DATA,258 - TEXAS HEALTH PRESBYTERIAN HOSPITAL DALLAS,4.688,43,No Data,No Data,No Data,75211,75211,No,5TFAZ5CN0JX068323,52,1 - MALE,C - POSSIBLE INJURY,0,1,1 - FRONT LEFT OR MOTORCYCLE DRIVER
20736878,Yes,GARLAND POLICE DEPARTMENT,2025A000734,GARLAND,FAILED TO CONTROL SPEED,DALLAS,2025-04-02,C - POSSIBLE INJURY,0,NO DATA,258 - TEXAS HEALTH PRESBYTERIAN HOSPITAL DALLAS,4.688,43,No Data,No Data,No Data,75211,75211,No,5TFAZ5CN0JX068323,66,1 - MALE,N - NOT INJURED,0,2,3 - FRONT RIGHT
20736879,Yes,MONTGOMERY COUNTY SHERIFF'S OFFICE,25A097280,OUTSIDE CITY LIMITS,CHANGED LANE WHEN UNSAFE;CELL/MOBILE DEVICE USE - UNKNOWN,MONTGOMERY,2025-04-02,N - NOT INJURED,0,NO DATA,171 - MEMORIAL HERMANN THE WOODLANDS MEDICAL CENTER,0.522,,No Data,No Data,No Data,77380,77380,No,1C4PJXDG5RW364520,37,2 - FEMALE,N - NOT INJURED,0,1,1 - FRONT LEFT OR MOTORCYCLE DRIVER
20736879,Yes,MONTGOMERY COUNTY SHERIFF'S OFFICE,25A097280,OUTSIDE CITY LIMITS,CHANGED LANE WHEN UNSAFE;CELL/MOBILE DEVICE USE - UNKNOWN,MONTGOMERY,2025-04-02,N - NOT INJURED,0,NO DATA,171 - MEMORIAL HERMANN THE WOODLANDS MEDICAL CENTER,0.522,,No Data,No Data,No Data,77380,77380,No,JTJGM7BX7P5363119,33,1 - MALE,N - NOT INJURED,0,1,1 - FRONT LEFT OR MOTORCYCLE DRIVER
20736888,Yes,BEXAR COUNTY LAW ENFORCEMENT,BCSO-2025-0130188,SAN ANTONIO,TURNED IMPROPERLY - WIDE RIGHT,BEXAR,2025-04-02,N - NOT INJURED,0,NO DATA,65 - CHRISTUS SANTA ROSA HOSPITAL - WESTOVER HILLS,2.206,,No Data,No Data,No Data,78254,78254,No,1C6RREBT6LN221814,47,1 - MALE,N - NOT INJURED,0,1,1 - FRONT LEFT OR MOTORCYCLE DRIVER
20736888,Yes,BEXAR COUNTY LAW ENFORCEMENT,BCSO-2025-0130188,SAN ANTONIO,TURNED IMPROPERLY - WIDE RIGHT,BEXAR,2025-04-02,N - NOT INJURED,0,NO DATA,65 - CHRISTUS SANTA ROSA HOSPITAL - WESTOVER HILLS,2.206,,64 - TURNED IMPROPERLY - WIDE RIGHT,No Data,No Data,,No Data,Yes,No Data,No Data,99 - UNKNOWN,99 - UNKNOWN,0,1,1 - FRONT LEFT OR MOTORCYCLE DRIVER
20736899,Yes,DENTON POLICE DEPARTMENT,25054708,DENTON,UNDER INFLUENCE - ALCOHOL,DENTON,2025-04-02,N - NOT INJURED,0,NO DATA,152 - MEDICAL CITY DENTON,4.013,,67 - INTOXICATED - ALCOHOL,No Data,No Data,77375,77396,No,1N4AL4CV8MN347830,22,2 - FEMALE,N - NOT INJURED,0,1,1 - FRONT LEFT OR MOTORCYCLE DRIVER
20736903,Yes,BEXAR COUNTY LAW ENFORCEMENT,BCSO-2025-0130125,SAN ANTONIO,TURNED WHEN UNSAFE,BEXAR,2025-04-02,N - NOT INJURED,0,NO DATA,"185 - METHODIST TEXSAN HOSPITAL, A METHODIST HOSPITAL FACILITY",2.905,,66 - TURNED WHEN UNSAFE,No Data,No Data,78254,78254,No,3GCPCREC4JG162580,19,1 - MALE,N - NOT INJURED,0,1,1 - FRONT LEFT OR MOTORCYCLE DRIVER
20736903,Yes,BEXAR COUNTY LAW ENFORCEMENT,BCSO-2025-0130125,SAN ANTONIO,TURNED WHEN UNSAFE,BEXAR,2025-04-02,N - NOT INJURED,0,NO DATA,"185 - METHODIST TEXSAN HOSPITAL, A METHODIST HOSPITAL FACILITY",2.905,,66 - TURNED WHEN UNSAFE,No Data,No Data,78221,78222,No,KMHD74LF5HU101197,24,2 - FEMALE,N - NOT INJURED,0,1,1 - FRONT LEFT OR MOTORCYCLE DRIVER
20736904,Yes,BEXAR COUNTY LAW ENFORCEMENT,BCSO-2025-0130086,OUTSIDE CITY LIMITS,DRIVER INATTENTION;FAILED TO YIELD RIGHT OF WAY - TURNING LEFT,BEXAR,2025-04-02,B - SUSPECTED MINOR INJURY,0,NO DATA,65 - CHRISTUS SANTA ROSA HOSPITAL - WESTOVER HILLS,4.748,,No Data,No Data,No Data,78253,78253,No,5GAKRBKD8FJ143535,52,2 - FEMALE,N - NOT INJURED,0,1,1 - FRONT LEFT OR MOTORCYCLE DRIVER
20736904,Yes,BEXAR COUNTY LAW ENFORCEMENT,BCSO-2025-0130086,OUTSIDE CITY LIMITS,DRIVER INATTENTION;FAILED TO YIELD RIGHT OF WAY - TURNING LEFT,BEXAR,2025-04-02,B - SUSPECTED MINOR INJURY,0,NO DATA,65 - CHRISTUS SANTA ROSA HOSPITAL - WESTOVER HILLS,4.748,,No Data,No Data,No Data,78253,78253,No,5GAKRBKD8FJ143535,13,1 - MALE,B - SUSPECTED MINOR INJURY,1,2,3 - FRONT RIGHT
20736904,Yes,BEXAR COUNTY LAW ENFORCEMENT,BCSO-2025-0130086,OUTSIDE CITY LIMITS,DRIVER INATTENTION;FAILED TO YIELD RIGHT OF WAY - TURNING LEFT,BEXAR,2025-04-02,B - SUSPECTED MINOR INJURY,0,NO DATA,65 - CHRISTUS SANTA ROSA HOSPITAL - WESTOVER HILLS,4.748,,No Data,No Data,No Data,78245,78245,No,1GCUDJET8NZ594807,26,1 - MALE,N - NOT INJURED,0,1,1 - FRONT LEFT OR MOTORCYCLE DRIVER
20736917,Yes,WESLACO POLICE DEPARTMENT,25-8255,WESLACO,FAILED TO CONTROL SPEED,HIDALGO,2025-04-02,N - NOT INJURED,0,NO DATA,137 - KNAPP MEDICAL CENTER,0.773,,22 - FAILED TO CONTROL SPEED,No Data,No Data,78599,78562,No,2MEFM75WX3X669157,46,1 - MALE,N - NOT INJURED,0,1,1 - FRONT LEFT OR MOTORCYCLE DRIVER
20736917,Yes,WESLACO POLICE DEPARTMENT,25-8255,WESLACO,FAILED TO CONTROL SPEED,HIDALGO,2025-04-02,N - NOT INJURED,0,NO DATA,137 - KNAPP MEDICAL CENTER,0.773,,No Data,No Data,No Data,78599,78599,No,1FTEW1CPXKKC85154,48,2 - FEMALE,N - NOT INJURED,0,1,1 - FRONT LEFT OR MOTORCYCLE DRIVER
20736920,Yes,BEXAR COUNTY LAW ENFORCEMENT,BCSO-2025-0129799,OUTSIDE CITY LIMITS,OTHER (EXPLAIN IN NARRATIVE),BEXAR,2025-04-02,N - NOT INJURED,0,NO DATA,65 - CHRISTUS SANTA ROSA HOSPITAL - WESTOVER HILLS,4.187,,98 - OTHER (EXPLAIN IN NARRATIVE),No Data,No Data,77640,77640,No,5PVNJ8JP5K4S52531,30,1 - MALE,N - NOT INJURED,0,1,1 - FRONT LEFT OR MOTORCYCLE DRIVER
20736920,Yes,BEXAR COUNTY LAW ENFORCEMENT,BCSO-2025-0129799,OUTSIDE CITY LIMITS,OTHER (EXPLAIN IN NARRATIVE),BEXAR,2025-04-02,N - NOT INJURED,0,NO DATA,65 - CHRISTUS SANTA ROSA HOSPITAL - WESTOVER HILLS,4.187,,98 - OTHER (EXPLAIN IN NARRATIVE),No Data,No Data,78596,78596,No,1G6DJ5RK8M0143805,19,2 - FEMALE,N - NOT INJURED,0,1,1 - FRONT LEFT OR MOTORCYCLE DRIVER
20736930,Yes,HARRIS COUNTY CONSTABLE PRECINCT 5,2504-00077,HOUSTON,FAILED TO CONTROL SPEED,HARRIS,2025-04-02,N - NOT INJURED,0,NO DATA,165 - MEMORIAL HERMANN MEMORIAL CITY MEDICAL CENTER,2.136,TR,22 - FAILED TO CONTROL SPEED,No Data,No Data,77070,77070,No,1FTFW1E80PFB84988,39,1 - MALE,N - NOT INJURED,0,1,1 - FRONT LEFT OR MOTORCYCLE DRIVER
20736930,Yes,HARRIS COUNTY CONSTABLE PRECINCT 5,2504-00077,HOUSTON,FAILED TO CONTROL SPEED,HARRIS,2025-04-02,N - NOT INJURED,0,NO DATA,165 - MEMORIAL HERMANN MEMORIAL CITY MEDICAL CENTER,2.136,TR,No Data,No Data,No Data,77055,77055,No,1N4AL3AP2JC280910,35,2 - FEMALE,N - NOT INJURED,0,1,1 - FRONT LEFT OR MOTORCYCLE DRIVER
20736930,Yes,HARRIS COUNTY CONSTABLE PRECINCT 5,2504-00077,HOUSTON,FAILED TO CONTROL SPEED,HARRIS,2025-04-02,N - NOT INJURED,0,NO DATA,165 - MEMORIAL HERMANN MEMORIAL CITY MEDICAL CENTER,2.136,TR,22 - FAILED TO CONTROL SPEED,No Data,No Data,77449,77449,No,1C6RREFT3KN581499,41,1 - MALE,N - NOT INJURED,0,1,1 - FRONT LEFT OR MOTORCYCLE DRIVER
20736930,Yes,HARRIS COUNTY CONSTABLE PRECINCT 5,2504-00077,HOUSTON,FAILED TO CONTROL SPEED,HARRIS,2025-04-02,N - NOT INJURED,0,NO DATA,165 - MEMORIAL HERMANN MEMORIAL CITY MEDICAL CENTER,2.136,TR,No Data,No Data,No Data,77429,77429,No,1C4BJWDG1DL589340,29,2 - FEMALE,N - NOT INJURED,0,1,1 - FRONT LEFT OR MOTORCYCLE DRIVER
20736933,Yes,CASTLE HILLS POLICE DEPARTMENT,25-006899,CASTLE HILLS,DRIVER INATTENTION; FATIGUED OR ASLEEP,BEXAR,2025-04-02,A - SUSPECTED SERIOUS INJURY,0,NO DATA,53 - CHRISTUS SANTA ROSA HOSPITAL - ALAMO HEIGHTS,3.018,1,40 - FATIGUED OR ASLEEP,No Data,No Data,78231,78231,No,1GTEC19J48Z164048,40,1 - MALE,A - SUSPECTED SERIOUS INJURY,0,1,1 - FRONT LEFT OR MOTORCYCLE DRIVER
20736941,Yes,GARLAND POLICE DEPARTMENT,2025A000736,GARLAND,FAILED TO CONTROL SPEED,DALLAS,2025-04-02,C - POSSIBLE INJURY,0,NO DATA,258 - TEXAS HEALTH PRESBYTERIAN HOSPITAL DALLAS,5.692,27,22 - FAILED TO CONTROL SPEED,No Data,No Data,75220,75042,No,SALSF25438A144803,35,2 - FEMALE,C - POSSIBLE INJURY,0,1,1 - FRONT LEFT OR MOTORCYCLE DRIVER
20736941,Yes,GARLAND POLICE DEPARTMENT,2025A000736,GARLAND,FAILED TO CONTROL SPEED,DALLAS,2025-04-02,C - POSSIBLE INJURY,0,NO DATA,258 - TEXAS HEALTH PRESBYTERIAN HOSPITAL DALLAS,5.692,27,No Data,No Data,No Data,75137,75261,No,1FTBF5XG5PKB12931,30,1 - MALE,N - NOT INJURED,0,1,1 - FRONT LEFT OR MOTORCYCLE DRIVER
20736942,Yes,HORIZON CITY POLICE DEPARTMENT,2025000126,HORIZON CITY,FAILED TO CONTROL SPEED,EL PASO,2025-04-02,C - POSSIBLE INJURY,0,NO DATA,261 - THE HOSPITALS OF PROVIDENCE EAST CAMPUS,8.689,,22 - FAILED TO CONTROL SPEED,No Data,No Data,79927,79927,No,3N1CN8FV6LL919298,48,2 - FEMALE,N - NOT INJURED,0,1,1 - FRONT LEFT OR MOTORCYCLE DRIVER
20736942,Yes,HORIZON CITY POLICE DEPARTMENT,2025000126,HORIZON CITY,FAILED TO CONTROL SPEED,EL PASO,2025-04-02,C - POSSIBLE INJURY,0,NO DATA,261 - THE HOSPITALS OF PROVIDENCE EAST CAMPUS,8.689,,No Data,No Data,No Data,79905,79925,No,1FMSK8JH6PGA21499,43,2 - FEMALE,C - POSSIBLE INJURY,0,1,1 - FRONT LEFT OR MOTORCYCLE DRIVER
20736948,Yes,DENTON POLICE DEPARTMENT,25054441,DENTON,DRIVER INATTENTION,DENTON,2025-04-02,N - NOT INJURED,0,NO DATA,152 - MEDICAL CITY DENTON,4.109,,20 - DRIVER INATTENTION,No Data,No Data,76209,73401,No,5TFET54188X025664,33,1 - MALE,N - NOT INJURED,0,1,1 - FRONT LEFT OR MOTORCYCLE DRIVER
20736948,Yes,DENTON POLICE DEPARTMENT,25054441,DENTON,DRIVER INATTENTION,DENTON,2025-04-02,N - NOT INJURED,0,NO DATA,152 - MEDICAL CITY DENTON,4.109,,No Data,No Data,No Data,76209,76209,No,3GCPCPECXEG495795,29,1 - MALE,N - NOT INJURED,0,1,1 - FRONT LEFT OR MOTORCYCLE DRIVER
20736952,Yes,GARLAND POLICE DEPARTMENT,2025A000737,GARLAND,DRIVER INATTENTION; FAILED TO CONTROL SPEED,DALLAS,2025-04-02,C - POSSIBLE INJURY,0,NO DATA,85 - DALLAS REGIONAL MEDICAL CENTER,4.272,52,22 - FAILED TO CONTROL SPEED,20 - DRIVER INATTENTION,No Data,75043,75043,No,KNDJT2A53D7495700,17,2 - FEMALE,N - NOT INJURED,0,1,1 - FRONT LEFT OR MOTORCYCLE DRIVER
20736952,Yes,GARLAND POLICE DEPARTMENT,2025A000737,GARLAND,DRIVER INATTENTION; FAILED TO CONTROL SPEED,DALLAS,2025-04-02,C - POSSIBLE INJURY,0,NO DATA,85 - DALLAS REGIONAL MEDICAL CENTER,4.272,52,22 - FAILED TO CONTROL SPEED,20 - DRIVER INATTENTION,No Data,75043,75043,No,KNDJT2A53D7495700,15,2 - FEMALE,N - NOT INJURED,0,2,3 - FRONT RIGHT
20736952,Yes,GARLAND POLICE DEPARTMENT,2025A000737,GARLAND,DRIVER INATTENTION; FAILED TO CONTROL SPEED,DALLAS,2025-04-02,C - POSSIBLE INJURY,0,NO DATA,85 - DALLAS REGIONAL MEDICAL CENTER,4.272,52,No Data,No Data,No Data,75149,75149,No,3C4PDCGB2LT266641,41,2 - FEMALE,C - POSSIBLE INJURY,0,1,1 - FRONT LEFT OR MOTORCYCLE DRIVER
20736963,No,HORIZON CITY POLICE DEPARTMENT,2025000127,HORIZON CITY,FOLLOWED TOO CLOSELY,EL PASO,2025-04-02,N - NOT INJURED,0,NO DATA,261 - THE HOSPITALS OF PROVIDENCE EAST CAMPUS,8.916,,44 - FOLLOWED TOO CLOSELY,No Data,No Data,79928,79928,No,2C4RC1BG2FR695868,33,2 - FEMALE,N - NOT INJURED,0,1,1 - FRONT LEFT OR MOTORCYCLE DRIVER
20736963,No,HORIZON CITY POLICE DEPARTMENT,2025000127,HORIZON CITY,FOLLOWED TOO CLOSELY,EL PASO,2025-04-02,N - NOT INJURED,0,NO DATA,261 - THE HOSPITALS OF PROVIDENCE EAST CAMPUS,8.916,,44 - FOLLOWED TOO CLOSELY,No Data,No Data,79928,79928,No,2C4RC1BG2FR695868,17,1 - MALE,N - NOT INJURED,0,2,3 - FRONT RIGHT
20736963,No,HORIZON CITY POLICE DEPARTMENT,2025000127,HORIZON CITY,FOLLOWED TOO CLOSELY,EL PASO,2025-04-02,N - NOT INJURED,0,NO DATA,261 - THE HOSPITALS OF PROVIDENCE EAST CAMPUS,8.916,,44 - FOLLOWED TOO CLOSELY,No Data,No Data,79928,79928,No,2C4RC1BG2FR695868,2,1 - MALE,N - NOT INJURED,0,3,4 - SECOND SEAT LEFT OR MOTORCYCLE BACK PASSENGER
20736963,No,HORIZON CITY POLICE DEPARTMENT,2025000127,HORIZON CITY,FOLLOWED TOO CLOSELY,EL PASO,2025-04-02,N - NOT INJURED,0,NO DATA,261 - THE HOSPITALS OF PROVIDENCE EAST CAMPUS,8.916,,44 - FOLLOWED TOO CLOSELY,No Data,No Data,79928,79928,No,2C4RC1BG2FR695868,11,1 - MALE,N - NOT INJURED,0,4,6 - SECOND SEAT RIGHT
20736963,No,HORIZON CITY POLICE DEPARTMENT,2025000127,HORIZON CITY,FOLLOWED TOO CLOSELY,EL PASO,2025-04-02,N - NOT INJURED,0,NO DATA,261 - THE HOSPITALS OF PROVIDENCE EAST CAMPUS,8.916,,44 - FOLLOWED TOO CLOSELY,No Data,No Data,79928,79928,No,2C4RC1BG2FR695868,13,2 - FEMALE,N - NOT INJURED,0,5,7 - THIRD SEAT LEFT
20736963,No,HORIZON CITY POLICE DEPARTMENT,2025000127,HORIZON CITY,FOLLOWED TOO CLOSELY,EL PASO,2025-04-02,N - NOT INJURED,0,NO DATA,261 - THE HOSPITALS OF PROVIDENCE EAST CAMPUS,8.916,,44 - FOLLOWED TOO CLOSELY,No Data,No Data,79928,79928,No,2C4RC1BG2FR695868,13,2 - FEMALE,N - NOT INJURED,0,6,7 - THIRD SEAT LEFT
20736963,No,HORIZON CITY POLICE DEPARTMENT,2025000127,HORIZON CITY,FOLLOWED TOO CLOSELY,EL PASO,2025-04-02,N - NOT INJURED,0,NO DATA,261 - THE HOSPITALS OF PROVIDENCE EAST CAMPUS,8.916,,No Data,No Data,No Data,79928,79928,No,JM1NA3511L0144120,20,1 - MALE,N - NOT INJURED,0,1,1 - FRONT LEFT OR MOTORCYCLE DRIVER
20736966,Yes,HARRIS COUNTY CONSTABLE PRECINCT 5,2504-00075,HOUSTON,FAILED TO CONTROL SPEED,HARRIS,2025-04-02,N - NOT INJURED,0,NO DATA,165 - MEMORIAL HERMANN MEMORIAL CITY MEDICAL CENTER,2.361,TR,22 - FAILED TO CONTROL SPEED,No Data,No Data,77566,77566,No,KMHLL4DG9RU851279,47,1 - MALE,N - NOT INJURED,0,1,1 - FRONT LEFT OR MOTORCYCLE DRIVER
20736966,Yes,HARRIS COUNTY CONSTABLE PRECINCT 5,2504-00075,HOUSTON,FAILED TO CONTROL SPEED,HARRIS,2025-04-02,N - NOT INJURED,0,NO DATA,165 - MEMORIAL HERMANN MEMORIAL CITY MEDICAL CENTER,2.361,TR,No Data,No Data,No Data,77082,21030,No,WBA53BH02PWY19741,40,1 - MALE,N - NOT INJURED,0,1,1 - FRONT LEFT OR MOTORCYCLE DRIVER
20736970,Yes,ALVIN POLICE DEPARTMENT,ALPD2500835,ALVIN,FAILED TO CONTROL SPEED,BRAZORIA,2025-04-02,N - NOT INJURED,0,NO DATA,289 - UTMB HEALTH LEAGUE CITY CAMPUS,8.739,,22 - FAILED TO CONTROL SPEED,No Data,No Data,77534,77534,No,1C6RR6LT2HS867820,62,1 - MALE,N - NOT INJURED,0,1,1 - FRONT LEFT OR MOTORCYCLE DRIVER
20736970,Yes,ALVIN POLICE DEPARTMENT,ALPD2500835,ALVIN,FAILED TO CONTROL SPEED,BRAZORIA,2025-04-02,N - NOT INJURED,0,NO DATA,289 - UTMB HEALTH LEAGUE CITY CAMPUS,8.739,,No Data,No Data,No Data,77583,77583,No,1GNSCAE02CR320491,38,2 - FEMALE,N - NOT INJURED,0,1,1 - FRONT LEFT OR MOTORCYCLE DRIVER
20736971,Yes,HARRIS COUNTY SHERIFF'S OFFICE,2504-00710,OUTSIDE CITY LIMITS,CHANGED LANE WHEN UNSAFE,HARRIS,2025-04-02,N - NOT INJURED,0,NO DATA,167 - MEMORIAL HERMANN CYPRESS HOSPITAL,7.166,PD,4 - CHANGED LANE WHEN UNSAFE,No Data,No Data,77447,77447,No,1GCGSCEA0N1313191,42,1 - MALE,N - NOT INJURED,0,1,1 - FRONT LEFT OR MOTORCYCLE DRIVER
20736971,Yes,HARRIS COUNTY SHERIFF'S OFFICE,2504-00710,OUTSIDE CITY LIMITS,CHANGED LANE WHEN UNSAFE,HARRIS,2025-04-02,N - NOT INJURED,0,NO DATA,167 - MEMORIAL HERMANN CYPRESS HOSPITAL,7.166,PD,4 - CHANGED LANE WHEN UNSAFE,No Data,No Data,77090,77090,No,1G1ZG5ST7PF128386,39,1 - MALE,N - NOT INJURED,0,1,1 - FRONT LEFT OR MOTORCYCLE DRIVER
20736976,No,BAYTOWN POLICE DEPARTMENT,2025-15682,BAYTOWN,DRIVER INATTENTION; FOLLOWED TOO CLOSELY,HARRIS,2025-04-02,N - NOT INJURED,0,NO DATA,122 - HCA HOUSTON HEALTHCARE SOUTHEAST,16.223,,44 - FOLLOWED TOO CLOSELY,No Data,No Data,77521,77521,No,1N4AL2AP3CN455019,45,2 - FEMALE,N - NOT INJURED,0,1,1 - FRONT LEFT OR MOTORCYCLE DRIVER
20736976,No,BAYTOWN POLICE DEPARTMENT,2025-15682,BAYTOWN,DRIVER INATTENTION; FOLLOWED TOO CLOSELY,HARRIS,2025-04-02,N - NOT INJURED,0,NO DATA,122 - HCA HOUSTON HEALTHCARE SOUTHEAST,16.223,,No Data,No Data,No Data,77571,77571,No,1FTEW1CP0PKD90132,50,1 - MALE,N - NOT INJURED,0,1,1 - FRONT LEFT OR MOTORCYCLE DRIVER
20736985,Yes,FORT BEND COUNTY CONSTABLE PRECINCT 4,25-13021,OUTSIDE CITY LIMITS,FAILED TO YIELD RIGHT OF WAY - PRIVATE DRIVE,FORT BEND,2025-04-02,N - NOT INJURED,0,NO DATA,121 - HCA HOUSTON HEALTHCARE WEST,5.993,,34 - FAILED TO YIELD RIGHT OF WAY - PRIVATE DRIVE,No Data,No Data,7498,7498,No,2HKRW1H88LH420859,38,2 - FEMALE,N - NOT INJURED,0,1,1 - FRONT LEFT OR MOTORCYCLE DRIVER
20736985,Yes,FORT BEND COUNTY CONSTABLE PRECINCT 4,25-13021,OUTSIDE CITY LIMITS,FAILED TO YIELD RIGHT OF WAY - PRIVATE DRIVE,FORT BEND,2025-04-02,N - NOT INJURED,0,NO DATA,121 - HCA HOUSTON HEALTHCARE WEST,5.993,,No Data,No Data,No Data,77498,77498,No,1C4HJWDG2EL104618,49,2 - FEMALE,N - NOT INJURED,0,1,1 - FRONT LEFT OR MOTORCYCLE DRIVER
20736986,Yes,"DEPARTMENT OF PUBLIC SAFETY, STATE OF TEXAS",TX2025-516705,OUTSIDE CITY LIMITS,ANIMAL ON ROAD - DOMESTIC,LIMESTONE,2025-04-02,N - NOT INJURED,0,NO DATA,212 - PARKVIEW REGIONAL HOSPITAL,14.588,6A,1 - ANIMAL ON ROAD - DOMESTIC,No Data,No Data,76110,76110,No,4T3ZA3BB8EU086696,61,1 - MALE,N - NOT INJURED,0,1,1 - FRONT LEFT OR MOTORCYCLE DRIVER
20736988,Yes,DALLAS POLICE DEPARTMENT,45929-2025,DALLAS,DISREGARD STOP SIGN OR LIGHT,DALLAS,2025-04-02,N - NOT INJURED,0,NO DATA,151 - MEDICAL CITY DALLAS HOSPITAL,2.366,,16 - DISREGARD STOP SIGN OR LIGHT,No Data,No Data,75007,75007,No,1HGCP2F68BA133247,20,2 - FEMALE,N - NOT INJURED,0,1,1 - FRONT LEFT OR MOTORCYCLE DRIVER
20736988,Yes,DALLAS POLICE DEPARTMENT,45929-2025,DALLAS,DISREGARD STOP SIGN OR LIGHT,DALLAS,2025-04-02,N - NOT INJURED,0,NO DATA,151 - MEDICAL CITY DALLAS HOSPITAL,2.366,,No Data,No Data,No Data,75042,75042,No,5TDKDRAH1RS541543,40,2 - FEMALE,N - NOT INJURED,0,1,1 - FRONT LEFT OR MOTORCYCLE DRIVER
20736990,Yes,"DEPARTMENT OF PUBLIC SAFETY, STATE OF TEXAS",2025-515150,OUTSIDE CITY LIMITS,FAILED TO YIELD RIGHT OF WAY - STOP SIGN,TOM GREEN,2025-04-02,C - POSSIBLE INJURY,0,NO DATA,230 - SHANNON MEDICAL CENTER,10.746,8R,35 - FAILED TO YIELD RIGHT OF WAY - STOP SIGN,No Data,No Data,76905,76905,No,1GT29MEY1LF234203,16,1 - MALE,N - NOT INJURED,0,1,1 - FRONT LEFT OR MOTORCYCLE DRIVER
20736990,Yes,"DEPARTMENT OF PUBLIC SAFETY, STATE OF TEXAS",2025-515150,OUTSIDE CITY LIMITS,FAILED TO YIELD RIGHT OF WAY - STOP SIGN,TOM GREEN,2025-04-02,C - POSSIBLE INJURY,0,NO DATA,230 - SHANNON MEDICAL CENTER,10.746,8R,35 - FAILED TO YIELD RIGHT OF WAY - STOP SIGN,No Data,No Data,76905,76905,No,1GT29MEY1LF234203,14,2 - FEMALE,N - NOT INJURED,0,2,3 - FRONT RIGHT
20736990,Yes,"DEPARTMENT OF PUBLIC SAFETY, STATE OF TEXAS",2025-515150,OUTSIDE CITY LIMITS,FAILED TO YIELD RIGHT OF WAY - STOP SIGN,TOM GREEN,2025-04-02,C - POSSIBLE INJURY,0,NO DATA,230 - SHANNON MEDICAL CENTER,10.746,8R,No Data,No Data,No Data,76905,76905,No,1FMJU2AT2JEA22367,41,2 - FEMALE,C - POSSIBLE INJURY,0,1,1 - FRONT LEFT OR MOTORCYCLE DRIVER
20736991,Yes,BAYTOWN POLICE DEPARTMENT,2025-15600,BAYTOWN,DRIVER INATTENTION; FAILED TO CONTROL SPEED,HARRIS,2025-04-02,N - NOT INJURED,0,NO DATA,122 - HCA HOUSTON HEALTHCARE SOUTHEAST,15.485,,22 - FAILED TO CONTROL SPEED,20 - DRIVER INATTENTION,No Data,77521,77521,No,1FMSK7DH2MGA04636,41,2 - FEMALE,N - NOT INJURED,0,1,1 - FRONT LEFT OR MOTORCYCLE DRIVER
20736996,Yes,BAYTOWN POLICE DEPARTMENT,2025-15641,BAYTOWN,CHANGED LANE WHEN UNSAFE,HARRIS,2025-04-02,N - NOT INJURED,0,NO DATA,122 - HCA HOUSTON HEALTHCARE SOUTHEAST,14.844,,4 - CHANGED LANE WHEN UNSAFE,No Data,No Data,76574,76574,No,KL8CB6SA2MC708182,23,2 - FEMALE,N - NOT INJURED,0,1,1 - FRONT LEFT OR MOTORCYCLE DRIVER
20736996,Yes,BAYTOWN POLICE DEPARTMENT,2025-15641,BAYTOWN,CHANGED LANE WHEN UNSAFE,HARRIS,2025-04-02,N - NOT INJURED,0,NO DATA,122 - HCA HOUSTON HEALTHCARE SOUTHEAST,14.844,,4 - CHANGED LANE WHEN UNSAFE,No Data,No Data,76574,76574,No,KL8CB6SA2MC708182,24,1 - MALE,N - NOT INJURED,0,2,3 - FRONT RIGHT
20736996,Yes,BAYTOWN POLICE DEPARTMENT,2025-15641,BAYTOWN,CHANGED LANE WHEN UNSAFE,HARRIS,2025-04-02,N - NOT INJURED,0,NO DATA,122 - HCA HOUSTON HEALTHCARE SOUTHEAST,14.844,,No Data,No Data,No Data,77469,77469,No,1FTEW3LP8RFC12492,23,1 - MALE,N - NOT INJURED,0,1,1 - FRONT LEFT OR MOTORCYCLE DRIVER
20737005,Yes,HARRIS COUNTY CONSTABLE PRECINCT 2,2504-00018,OUTSIDE CITY LIMITS,DRIVER INATTENTION; FAILED TO DRIVE IN SINGLE LANE,HARRIS,2025-04-02,N - NOT INJURED,0,NO DATA,166 - MEMORIAL HERMANN SOUTHEAST HOSPITAL,2.592,,23 - FAILED TO DRIVE IN SINGLE LANE,20 - DRIVER INATTENTION,No Data,77089,77089,No,5TFEM5F11HX118682,19,1 - MALE,N - NOT INJURED,0,1,1 - FRONT LEFT OR MOTORCYCLE DRIVER
20737005,Yes,HARRIS COUNTY CONSTABLE PRECINCT 2,2504-00018,OUTSIDE CITY LIMITS,DRIVER INATTENTION; FAILED TO DRIVE IN SINGLE LANE,HARRIS,2025-04-02,N - NOT INJURED,0,NO DATA,166 - MEMORIAL HERMANN SOUTHEAST HOSPITAL,2.592,,No Data,No Data,No Data,77089,77089,No,SADCJ2EX6PA715790,47,2 - FEMALE,N - NOT INJURED,0,1,1 - FRONT LEFT OR MOTORCYCLE DRIVER
20737035,Yes,EL PASO POLICE DEPARTMENT,25-092232,EL PASO,NONE,EL PASO,2025-04-02,99 - UNKNOWN,0,NO DATA,276 - UNIVERSITY MEDICAL CENTER OF EL PASO,1.228,,No Data,No Data,No Data,,No Data,Yes,No Data,No Data,99 - UNKNOWN,99 - UNKNOWN,0,1,1 - FRONT LEFT OR MOTORCYCLE DRIVER
20737039,Yes,LA MARQUE POLICE DEPARTMENT,25-00705,LA MARQUE,DRIVER INATTENTION,GALVESTON,2025-04-02,N - NOT INJURED,0,NO DATA,117 - HCA HOUSTON HEALTHCARE MAINLAND,2.728,,20 - DRIVER INATTENTION,No Data,No Data,77590,77590,No,1G1JC6SH9E4220912,67,2 - FEMALE,N - NOT INJURED,0,1,1 - FRONT LEFT OR MOTORCYCLE DRIVER
20737039,Yes,LA MARQUE POLICE DEPARTMENT,25-00705,LA MARQUE,DRIVER INATTENTION,GALVESTON,2025-04-02,N - NOT INJURED,0,NO DATA,117 - HCA HOUSTON HEALTHCARE MAINLAND,2.728,,No Data,No Data,No Data,77450,77095,No,3C63RRHL5FG617136,40,1 - MALE,N - NOT INJURED,0,1,1 - FRONT LEFT OR MOTORCYCLE DRIVER
20737039,Yes,LA MARQUE POLICE DEPARTMENT,25-00705,LA MARQUE,DRIVER INATTENTION,GALVESTON,2025-04-02,N - NOT INJURED,0,NO DATA,117 - HCA HOUSTON HEALTHCARE MAINLAND,2.728,,No Data,No Data,No Data,77450,77095,No,3C63RRHL5FG617136,39,2 - FEMALE,N - NOT INJURED,0,2,3 - FRONT RIGHT
20737048,Yes,EL PASO POLICE DEPARTMENT,25-092179,EL PASO,FAILED TO YIELD RIGHT OF WAY - TURNING LEFT,EL PASO,2025-04-02,N - NOT INJURED,0,NO DATA,268 - THE HOSPITALS OF PROVIDENCE SIERRA CAMPUS,1.372,,37 - FAILED TO YIELD RIGHT OF WAY - TURNING LEFT,No Data,No Data,88063,88063,No,1CX4PJMBX7JD51712,38,2 - FEMALE,N - NOT INJURED,0,1,1 - FRONT LEFT OR MOTORCYCLE DRIVER
20737048,Yes,EL PASO POLICE DEPARTMENT,25-092179,EL PASO,FAILED TO YIELD RIGHT OF WAY - TURNING LEFT,EL PASO,2025-04-02,N - NOT INJURED,0,NO DATA,268 - THE HOSPITALS OF PROVIDENCE SIERRA CAMPUS,1.372,,No Data,No Data,No Data,79938,79938,No,5TFCZ5AN9MX257973,56,1 - MALE,N - NOT INJURED,0,1,1 - FRONT LEFT OR MOTORCYCLE DRIVER
20737049,Yes,EL PASO POLICE DEPARTMENT,25-092174,EL PASO,OTHER (EXPLAIN IN NARRATIVE),EL PASO,2025-04-02,N - NOT INJURED,0,NO DATA,276 - UNIVERSITY MEDICAL CENTER OF EL PASO,1.982,,98 - OTHER (EXPLAIN IN NARRATIVE),No Data,No Data,79836,79836,No,1GDDM15Z6RB537276,52,1 - MALE,N - NOT INJURED,0,1,1 - FRONT LEFT OR MOTORCYCLE DRIVER
20737049,Yes,EL PASO POLICE DEPARTMENT,25-092174,EL PASO,OTHER (EXPLAIN IN NARRATIVE),EL PASO,2025-04-02,N - NOT INJURED,0,NO DATA,276 - UNIVERSITY MEDICAL CENTER OF EL PASO,1.982,,98 - OTHER (EXPLAIN IN NARRATIVE),No Data,No Data,79903,79903,No,JNKCA21D7TT309778,57,1 - MALE,N - NOT INJURED,0,1,1 - FRONT LEFT OR MOTORCYCLE DRIVER
20737052,Yes,SAN ANTONIO POLICE DEPARTMENT,SAPD25064833,SAN ANTONIO,FAILED TO CONTROL SPEED,BEXAR,2025-04-02,N - NOT INJURED,0,NO DATA,199 - NORTHEAST BAPTIST HOSPITAL,1.751,AP,22 - FAILED TO CONTROL SPEED,No Data,No Data,78210,78210,No,3FA6P0H72DR111071,21,1 - MALE,N - NOT INJURED,0,1,1 - FRONT LEFT OR MOTORCYCLE DRIVER
20737052,Yes,SAN ANTONIO POLICE DEPARTMENT,SAPD25064833,SAN ANTONIO,FAILED TO CONTROL SPEED,BEXAR,2025-04-02,N - NOT INJURED,0,NO DATA,199 - NORTHEAST BAPTIST HOSPITAL,1.751,AP,22 - FAILED TO CONTROL SPEED,No Data,No Data,78210,78210,No,3FA6P0H72DR111071,46,1 - MALE,N - NOT INJURED,0,2,3 - FRONT RIGHT
20737057,Yes,LA PORTE POLICE DEPARTMENT,25-00938,LA PORTE,CHANGED LANE WHEN UNSAFE,HARRIS,2025-04-02,C - POSSIBLE INJURY,0,NO DATA,286 - UTMB HEALTH CLEAR LAKE CAMPUS,8.105,,4 - CHANGED LANE WHEN UNSAFE,No Data,No Data,77590,77590,No,4T1BE46K99U367264,41,1 - MALE,N - NOT INJURED,0,1,1 - FRONT LEFT OR MOTORCYCLE DRIVER
20737057,Yes,LA PORTE POLICE DEPARTMENT,25-00938,LA PORTE,CHANGED LANE WHEN UNSAFE,HARRIS,2025-04-02,C - POSSIBLE INJURY,0,NO DATA,286 - UTMB HEALTH CLEAR LAKE CAMPUS,8.105,,No Data,No Data,No Data,75948,77518,No,1D7RV1CT9AS136854,64,1 - MALE,N - NOT INJURED,0,1,1 - FRONT LEFT OR MOTORCYCLE DRIVER
20737057,Yes,LA PORTE POLICE DEPARTMENT,25-00938,LA PORTE,CHANGED LANE WHEN UNSAFE,HARRIS,2025-04-02,C - POSSIBLE INJURY,0,NO DATA,286 - UTMB HEALTH CLEAR LAKE CAMPUS,8.105,,No Data,No Data,No Data,77518,77518,No,2GCEC19TX21346032,64,1 - MALE,N - NOT INJURED,0,1,1 - FRONT LEFT OR MOTORCYCLE DRIVER
20737057,Yes,LA PORTE POLICE DEPARTMENT,25-00938,LA PORTE,CHANGED LANE WHEN UNSAFE,HARRIS,2025-04-02,C - POSSIBLE INJURY,0,NO DATA,286 - UTMB HEALTH CLEAR LAKE CAMPUS,8.105,,No Data,No Data,No Data,77511,46375,No,3HCDZTZR4KL074959,48,1 - MALE,C - POSSIBLE INJURY,0,1,1 - FRONT LEFT OR MOTORCYCLE DRIVER
20737058,Yes,MARBLE FALLS POLICE DEPARTMENT,25MF03970,MARBLE FALLS,FAILED TO CONTROL SPEED,BURNET,2025-04-02,N - NOT INJURED,0,NO DATA,23 - BAYLOR SCOTT & WHITE MEDICAL CENTER - MARBLE FALLS,5.77,,22 - FAILED TO CONTROL SPEED,No Data,No Data,78657,78657,No,5XYPK4A56HG314428,33,2 - FEMALE,N - NOT INJURED,0,1,1 - FRONT LEFT OR MOTORCYCLE DRIVER
20737058,Yes,MARBLE FALLS POLICE DEPARTMENT,25MF03970,MARBLE FALLS,FAILED TO CONTROL SPEED,BURNET,2025-04-02,N - NOT INJURED,0,NO DATA,23 - BAYLOR SCOTT & WHITE MEDICAL CENTER - MARBLE FALLS,5.77,,No Data,No Data,No Data,78636,78636,No,JN8AT3DCXMW102348,22,1 - MALE,N - NOT INJURED,0,1,1 - FRONT LEFT OR MOTORCYCLE DRIVER
20737070,Yes,FORT WORTH POLICE DEPARTMENT,250023356,FORT WORTH,FATIGUED OR ASLEEP,TARRANT,2025-04-02,C - POSSIBLE INJURY,0,NO DATA,259 - TEXAS HEALTH HUGULEY HOSPITAL,3.638,UT,40 - FATIGUED OR ASLEEP,No Data,No Data,76123,76123,No,1GNSKDKD9PR411517,28,2 - FEMALE,C - POSSIBLE INJURY,0,1,1 - FRONT LEFT OR MOTORCYCLE DRIVER
20737117,Yes,EL PASO POLICE DEPARTMENT,25-092176,EL PASO,NONE,EL PASO,2025-04-02,N - NOT INJURED,0,NO DATA,275 - THE HOSPITALS OF PROVIDENCE TRANSMOUNTAIN CAMPUS,4.642,,No Data,No Data,No Data,,No Data,Yes,No Data,No Data,99 - UNKNOWN,99 - UNKNOWN,0,1,1 - FRONT LEFT OR MOTORCYCLE DRIVER
20737117,Yes,EL PASO POLICE DEPARTMENT,25-092176,EL PASO,NONE,EL PASO,2025-04-02,N - NOT INJURED,0,NO DATA,275 - THE HOSPITALS OF PROVIDENCE TRANSMOUNTAIN CAMPUS,4.642,,No Data,No Data,No Data,88008,88008,No,JM1NA3518N0306327,67,1 - MALE,N - NOT INJURED,0,1,1 - FRONT LEFT OR MOTORCYCLE DRIVER
20737126,Yes,FORT BEND COUNTY SHERIFF'S OFFICE,25-13185,OUTSIDE CITY LIMITS,OTHER (EXPLAIN IN NARRATIVE),FORT BEND,2025-04-02,N - NOT INJURED,0,NO DATA,164 - MEMORIAL HERMANN KATY HOSPITAL,5.99,01,98 - OTHER (EXPLAIN IN NARRATIVE),No Data,No Data,77406,77406,No,5FNYF6H2XNB101954,35,1 - MALE,N - NOT INJURED,0,1,1 - FRONT LEFT OR MOTORCYCLE DRIVER
20737126,Yes,FORT BEND COUNTY SHERIFF'S OFFICE,25-13185,OUTSIDE CITY LIMITS,OTHER (EXPLAIN IN NARRATIVE),FORT BEND,2025-04-02,N - NOT INJURED,0,NO DATA,164 - MEMORIAL HERMANN KATY HOSPITAL,5.99,01,No Data,No Data,No Data,77494,77494,No,2HKRS3H43SH303421,51,2 - FEMALE,N - NOT INJURED,0,1,1 - FRONT LEFT OR MOTORCYCLE DRIVER
20737158,No,GEORGETOWN POLICE DEPARTMENT,2025-092-008,GEORGETOWN,FAILED TO CONTROL SPEED,WILLIAMSON,2025-04-02,N - NOT INJURED,0,NO DATA,"235 - ST. DAVIDS GEORGETOWN HOSPITAL, A ST. DAVIDS MEDICAL CENTER FACILITY",0.349,,22 - FAILED TO CONTROL SPEED,No Data,No Data,,78681,Yes,WVGBV7AX4DW533823,No Data,99 - UNKNOWN,99 - UNKNOWN,0,1,1 - FRONT LEFT OR MOTORCYCLE DRIVER
20737158,No,GEORGETOWN POLICE DEPARTMENT,2025-092-008,GEORGETOWN,FAILED TO CONTROL SPEED,WILLIAMSON,2025-04-02,N - NOT INJURED,0,NO DATA,"235 - ST. DAVIDS GEORGETOWN HOSPITAL, A ST. DAVIDS MEDICAL CENTER FACILITY",0.349,,No Data,No Data,No Data,78641,78641,No,1N4AL3AP1GN322481,49,2 - FEMALE,N - NOT INJURED,0,1,1 - FRONT LEFT OR MOTORCYCLE DRIVER
20735674,Yes,HARRIS COUNTY CONSTABLE PRECINCT 8,,BAYTOWN,FAILED TO DRIVE IN SINGLE LANE,HARRIS,2025-04-03,99 - UNKNOWN,0,NO DATA,122 - HCA HOUSTON HEALTHCARE SOUTHEAST,11.743,,23 - FAILED TO DRIVE IN SINGLE LANE,No Data,No Data,,,Yes,1FA6P8CF6P5303050,No Data,99 - UNKNOWN,99 - UNKNOWN,0,1,1 - FRONT LEFT OR MOTORCYCLE DRIVER
20735819,Yes,"DEPARTMENT OF PUBLIC SAFETY, STATE OF TEXAS",TX 2025-517417,OUTSIDE CITY LIMITS,UNSAFE SPEED,CLAY,2025-04-03,C - POSSIBLE INJURY,0,NO DATA,274 - UNITED REGIONAL HEALTH CARE SYSTEM,5.029,5A,60 - UNSAFE SPEED,No Data,No Data,75235,75201,No,2C3CDZBT1KH621215,19,1 - MALE,C - POSSIBLE INJURY,0,1,1 - FRONT LEFT OR MOTORCYCLE DRIVER
20735846,Yes,HALTOM CITY POLICE DEPARTMENT,25H10945,HALTOM CITY,FATIGUED OR ASLEEP,TARRANT,2025-04-03,N - NOT INJURED,0,NO DATA,161 - MEDICAL CITY NORTH HILLS,3.208,,40 - FATIGUED OR ASLEEP,No Data,No Data,76244,76177,No,1G1ZE5ST3HF100379,20,1 - MALE,N - NOT INJURED,0,1,1 - FRONT LEFT OR MOTORCYCLE DRIVER
20735895,Yes,FATE DEPARTMENT OF PUBLIC SAFETY,2025-4315,FATE,OTHER (EXPLAIN IN NARRATIVE),ROCKWALL,2025-04-03,N - NOT INJURED,0,NO DATA,19 - BAYLOR SCOTT & WHITE MEDICAL CENTER - LAKE POINTE,7.502,,98 - OTHER (EXPLAIN IN NARRATIVE),No Data,No Data,75173,75173,No,1FADP3L98HL245945,23,1 - MALE,N - NOT INJURED,0,1,1 - FRONT LEFT OR MOTORCYCLE DRIVER
20736082,Yes,ROANOKE POLICE DEPARTMENT,25007196,ROANOKE,FAILED TO YIELD RIGHT OF WAY - TURNING LEFT,DENTON,2025-04-03,C - POSSIBLE INJURY,0,NO DATA,249 - TEXAS HEALTH HARRIS METHODIST HOSPITAL ALLIANCE,6.848,,37 - FAILED TO YIELD RIGHT OF WAY - TURNING LEFT,No Data,No Data,76262,76262,No,2T3BF4DV6CW257247,44,1 - MALE,C - POSSIBLE INJURY,0,1,1 - FRONT LEFT OR MOTORCYCLE DRIVER
20736082,Yes,ROANOKE POLICE DEPARTMENT,25007196,ROANOKE,FAILED TO YIELD RIGHT OF WAY - TURNING LEFT,DENTON,2025-04-03,C - POSSIBLE INJURY,0,NO DATA,249 - TEXAS HEALTH HARRIS METHODIST HOSPITAL ALLIANCE,6.848,,No Data,No Data,No Data,76148,76148,No,3GKALMEV8JL341162,31,2 - FEMALE,C - POSSIBLE INJURY,0,1,1 - FRONT LEFT OR MOTORCYCLE DRIVER
20736082,Yes,ROANOKE POLICE DEPARTMENT,25007196,ROANOKE,FAILED TO YIELD RIGHT OF WAY - TURNING LEFT,DENTON,2025-04-03,C - POSSIBLE INJURY,0,NO DATA,249 - TEXAS HEALTH HARRIS METHODIST HOSPITAL ALLIANCE,6.848,,No Data,No Data,No Data,76148,76148,No,3GKALMEV8JL341162,5,1 - MALE,C - POSSIBLE INJURY,0,2,6 - SECOND SEAT RIGHT
20736082,Yes,ROANOKE POLICE DEPARTMENT,25007196,ROANOKE,FAILED TO YIELD RIGHT OF WAY - TURNING LEFT,DENTON,2025-04-03,C - POSSIBLE INJURY,0,NO DATA,249 - TEXAS HEALTH HARRIS METHODIST HOSPITAL ALLIANCE,6.848,,No Data,No Data,No Data,76148,76148,No,3GKALMEV8JL341162,7,2 - FEMALE,C - POSSIBLE INJURY,0,3,4 - SECOND SEAT LEFT OR MOTORCYCLE BACK PASSENGER
20736111,Yes,MIDLAND POLICE DEPARTMENT,250403005,MIDLAND,FAILED TO YIELD RIGHT OF WAY - STOP SIGN,MIDLAND,2025-04-03,N - NOT INJURED,0,NO DATA,190 - MIDLAND MEMORIAL HOSPITAL,2.716,,No Data,No Data,No Data,79706,79706,No,1C4RJKEG7R8933091,34,2 - FEMALE,N - NOT INJURED,0,1,1 - FRONT LEFT OR MOTORCYCLE DRIVER
20736111,Yes,MIDLAND POLICE DEPARTMENT,250403005,MIDLAND,FAILED TO YIELD RIGHT OF WAY - STOP SIGN,MIDLAND,2025-04-03,N - NOT INJURED,0,NO DATA,190 - MIDLAND MEMORIAL HOSPITAL,2.716,,No Data,No Data,No Data,79706,79706,No,1C4RJKEG7R8933091,12,1 - MALE,N - NOT INJURED,0,2,3 - FRONT RIGHT
20736111,Yes,MIDLAND POLICE DEPARTMENT,250403005,MIDLAND,FAILED TO YIELD RIGHT OF WAY - STOP SIGN,MIDLAND,2025-04-03,N - NOT INJURED,0,NO DATA,190 - MIDLAND MEMORIAL HOSPITAL,2.716,,35 - FAILED TO YIELD RIGHT OF WAY - STOP SIGN,No Data,No Data,79701,79701,No,1FTFW1E55MFA69532,31,2 - FEMALE,N - NOT INJURED,0,1,1 - FRONT LEFT OR MOTORCYCLE DRIVER
20736123,Yes,DALLAS COUNTY SHERIFF'S OFFICE,25-021359,DALLAS,TURNED IMPROPERLY - WRONG LANE,DALLAS,2025-04-03,N - NOT INJURED,0,NO DATA,174 - METHODIST DALLAS MEDICAL CENTER,3.181,2,No Data,No Data,No Data,75216,75216,No,3FADP4AJ2BM207197,34,1 - MALE,N - NOT INJURED,0,1,1 - FRONT LEFT OR MOTORCYCLE DRIVER
20736123,Yes,DALLAS COUNTY SHERIFF'S OFFICE,25-021359,DALLAS,TURNED IMPROPERLY - WRONG LANE,DALLAS,2025-04-03,N - NOT INJURED,0,NO DATA,174 - METHODIST DALLAS MEDICAL CENTER,3.181,2,65 - TURNED IMPROPERLY - WRONG LANE,No Data,No Data,75115,75115,No,1GKKNML4XPZ256222,53,2 - FEMALE,N - NOT INJURED,0,1,1 - FRONT LEFT OR MOTORCYCLE DRIVER
20736147,Yes,"DEPARTMENT OF PUBLIC SAFETY, STATE OF TEXAS",TX 2025-517607,DALLAS,UNSAFE SPEED,DALLAS,2025-04-03,N - NOT INJURED,0,NO DATA,260 - TEXAS HEALTH PRESBYTERIAN HOSPITAL PLANO,4.168,1E,60 - UNSAFE SPEED,No Data,No Data,75429,75429,No,1GNSKBE08BR188845,35,1 - MALE,N - NOT INJURED,0,1,1 - FRONT LEFT OR MOTORCYCLE DRIVER
20736170,Yes,LUBBOCK POLICE DEPARTMENT,250010271,LUBBOCK,FAILED TO YIELD RIGHT OF WAY - TURNING LEFT,LUBBOCK,2025-04-03,C - POSSIBLE INJURY,0,NO DATA,77 - COVENANT CHILDRENS HOSPITAL,4.796,6,37 - FAILED TO YIELD RIGHT OF WAY - TURNING LEFT,No Data,No Data,79423,79423,No,3FA6P0H76ER110779,19,1 - MALE,C - POSSIBLE INJURY,0,1,1 - FRONT LEFT OR MOTORCYCLE DRIVER
20736170,Yes,LUBBOCK POLICE DEPARTMENT,250010271,LUBBOCK,FAILED TO YIELD RIGHT OF WAY - TURNING LEFT,LUBBOCK,2025-04-03,C - POSSIBLE INJURY,0,NO DATA,77 - COVENANT CHILDRENS HOSPITAL,4.796,6,37 - FAILED TO YIELD RIGHT OF WAY - TURNING LEFT,No Data,No Data,79423,79423,No,3FA6P0H76ER110779,22,1 - MALE,N - NOT INJURED,0,2,3 - FRONT RIGHT
20736170,Yes,LUBBOCK POLICE DEPARTMENT,250010271,LUBBOCK,FAILED TO YIELD RIGHT OF WAY - TURNING LEFT,LUBBOCK,2025-04-03,C - POSSIBLE INJURY,0,NO DATA,77 - COVENANT CHILDRENS HOSPITAL,4.796,6,No Data,No Data,No Data,,,No,1FMZU67E02UC23257,40,1 - MALE,C - POSSIBLE INJURY,0,1,1 - FRONT LEFT OR MOTORCYCLE DRIVER
20736170,Yes,LUBBOCK POLICE DEPARTMENT,250010271,LUBBOCK,FAILED TO YIELD RIGHT OF WAY - TURNING LEFT,LUBBOCK,2025-04-03,C - POSSIBLE INJURY,0,NO DATA,77 - COVENANT CHILDRENS HOSPITAL,4.796,6,No Data,No Data,No Data,,,No,1FMZU67E02UC23257,34,2 - FEMALE,N - NOT INJURED,0,2,3 - FRONT RIGHT
20736170,Yes,LUBBOCK POLICE DEPARTMENT,250010271,LUBBOCK,FAILED TO YIELD RIGHT OF WAY - TURNING LEFT,LUBBOCK,2025-04-03,C - POSSIBLE INJURY,0,NO DATA,77 - COVENANT CHILDRENS HOSPITAL,4.796,6,No Data,No Data,No Data,79423,79423,No,5FNRL6H76KB062588,40,1 - MALE,N - NOT INJURED,0,1,1 - FRONT LEFT OR MOTORCYCLE DRIVER
20736170,Yes,LUBBOCK POLICE DEPARTMENT,250010271,LUBBOCK,FAILED TO YIELD RIGHT OF WAY - TURNING LEFT,LUBBOCK,2025-04-03,C - POSSIBLE INJURY,0,NO DATA,77 - COVENANT CHILDRENS HOSPITAL,4.796,6,No Data,No Data,No Data,79423,79423,No,5FNRL6H76KB062588,39,1 - MALE,N - NOT INJURED,0,2,3 - FRONT RIGHT
20736193,Yes,"DEPARTMENT OF PUBLIC SAFETY, STATE OF TEXAS",,OUTSIDE CITY LIMITS,OTHER (EXPLAIN IN NARRATIVE),WICHITA,2025-04-03,N - NOT INJURED,0,NO DATA,274 - UNITED REGIONAL HEALTH CARE SYSTEM,6.066,5A,98 - OTHER (EXPLAIN IN NARRATIVE),No Data,No Data,76367,76367,No,1GCGC23U04F125471,33,2 - FEMALE,N - NOT INJURED,0,1,1 - FRONT LEFT OR MOTORCYCLE DRIVER
20736193,Yes,"DEPARTMENT OF PUBLIC SAFETY, STATE OF TEXAS",,OUTSIDE CITY LIMITS,OTHER (EXPLAIN IN NARRATIVE),WICHITA,2025-04-03,N - NOT INJURED,0,NO DATA,274 - UNITED REGIONAL HEALTH CARE SYSTEM,6.066,5A,98 - OTHER (EXPLAIN IN NARRATIVE),No Data,No Data,76367,76367,No,1GCGC23U04F125471,3,1 - MALE,N - NOT INJURED,0,2,6 - SECOND SEAT RIGHT
20736196,Yes,"DEPARTMENT OF PUBLIC SAFETY, STATE OF TEXAS",TX 2025-517802,THE COLONY,UNSAFE SPEED,DENTON,2025-04-03,N - NOT INJURED,0,NO DATA,260 - TEXAS HEALTH PRESBYTERIAN HOSPITAL PLANO,3.048,1E,60 - UNSAFE SPEED,No Data,No Data,75071,75071,No,1C6RR7FT3KS638474,66,1 - MALE,N - NOT INJURED,0,1,1 - FRONT LEFT OR MOTORCYCLE DRIVER
20736197,Yes,MUSTANG RIDGE POLICE DEPARTMENT,250930107,MUSTANG RIDGE,DRIVER INATTENTION,TRAVIS,2025-04-03,N - NOT INJURED,0,NO DATA,243 - ST. DAVIDS SOUTH AUSTIN MEDICAL CENTER,10.324,,20 - DRIVER INATTENTION,No Data,No Data,78621,78621,No,KMHCM3AC2AU173763,24,2 - FEMALE,N - NOT INJURED,0,1,1 - FRONT LEFT OR MOTORCYCLE DRIVER
20736197,Yes,MUSTANG RIDGE POLICE DEPARTMENT,250930107,MUSTANG RIDGE,DRIVER INATTENTION,TRAVIS,2025-04-03,N - NOT INJURED,0,NO DATA,243 - ST. DAVIDS SOUTH AUSTIN MEDICAL CENTER,10.324,,20 - DRIVER INATTENTION,No Data,No Data,78621,78621,No,KMHCM3AC2AU173763,30,1 - MALE,N - NOT INJURED,0,2,3 - FRONT RIGHT
20736197,Yes,MUSTANG RIDGE POLICE DEPARTMENT,250930107,MUSTANG RIDGE,DRIVER INATTENTION,TRAVIS,2025-04-03,N - NOT INJURED,0,NO DATA,243 - ST. DAVIDS SOUTH AUSTIN MEDICAL CENTER,10.324,,No Data,No Data,No Data,78719,78719,No,5YFBU4EEXDP182617,51,2 - FEMALE,N - NOT INJURED,0,1,1 - FRONT LEFT OR MOTORCYCLE DRIVER
20736197,Yes,MUSTANG RIDGE POLICE DEPARTMENT,250930107,MUSTANG RIDGE,DRIVER INATTENTION,TRAVIS,2025-04-03,N - NOT INJURED,0,NO DATA,243 - ST. DAVIDS SOUTH AUSTIN MEDICAL CENTER,10.324,,No Data,No Data,No Data,78719,78719,No,5YFBU4EEXDP182617,29,2 - FEMALE,N - NOT INJURED,0,2,3 - FRONT RIGHT
20736206,Yes,ODESSA POLICE DEPARTMENT,25-0003530,ODESSA,DISREGARD STOP SIGN OR LIGHT,ECTOR,2025-04-03,N - NOT INJURED,0,NO DATA,204 - ODESSA REGIONAL MEDICAL CENTER,2.852,,16 - DISREGARD STOP SIGN OR LIGHT,No Data,No Data,,,Yes,No Data,No Data,99 - UNKNOWN,99 - UNKNOWN,0,1,1 - FRONT LEFT OR MOTORCYCLE DRIVER
20736206,Yes,ODESSA POLICE DEPARTMENT,25-0003530,ODESSA,DISREGARD STOP SIGN OR LIGHT,ECTOR,2025-04-03,N - NOT INJURED,0,NO DATA,204 - ODESSA REGIONAL MEDICAL CENTER,2.852,,No Data,No Data,No Data,79758,79761,No,1G1ZB5E04CF311450,51,1 - MALE,N - NOT INJURED,0,1,1 - FRONT LEFT OR MOTORCYCLE DRIVER
20736209,Yes,FORT WORTH POLICE DEPARTMENT,250023667,FORT WORTH,FAILED TO CONTROL SPEED,TARRANT,2025-04-03,N - NOT INJURED,0,NO DATA,78 - COOK CHILDRENS MEDICAL CENTER,3.076,NT,22 - FAILED TO CONTROL SPEED,No Data,No Data,76133,76133,No,2GCEC19T811351762,19,1 - MALE,N - NOT INJURED,0,1,1 - FRONT LEFT OR MOTORCYCLE DRIVER
20736209,Yes,FORT WORTH POLICE DEPARTMENT,250023667,FORT WORTH,FAILED TO CONTROL SPEED,TARRANT,2025-04-03,N - NOT INJURED,0,NO DATA,78 - COOK CHILDRENS MEDICAL CENTER,3.076,NT,No Data,No Data,No Data,,76111,No,JTEZU5JR5K5210102,37,2 - FEMALE,N - NOT INJURED,0,1,1 - FRONT LEFT OR MOTORCYCLE DRIVER
20736209,Yes,FORT WORTH POLICE DEPARTMENT,250023667,FORT WORTH,FAILED TO CONTROL SPEED,TARRANT,2025-04-03,N - NOT INJURED,0,NO DATA,78 - COOK CHILDRENS MEDICAL CENTER,3.076,NT,No Data,No Data,No Data,,76111,No,JTEZU5JR5K5210102,2,1 - MALE,N - NOT INJURED,0,2,6 - SECOND SEAT RIGHT
20736209,Yes,FORT WORTH POLICE DEPARTMENT,250023667,FORT WORTH,FAILED TO CONTROL SPEED,TARRANT,2025-04-03,N - NOT INJURED,0,NO DATA,78 - COOK CHILDRENS MEDICAL CENTER,3.076,NT,No Data,No Data,No Data,,76111,No,JTEZU5JR5K5210102,6,1 - MALE,N - NOT INJURED,0,3,4 - SECOND SEAT LEFT OR MOTORCYCLE BACK PASSENGER
20736210,Yes,DALLAS POLICE DEPARTMENT,46330-2025,DALLAS,FAILED TO YIELD RIGHT OF WAY - TO PEDESTRIAN,DALLAS,2025-04-03,B - SUSPECTED MINOR INJURY,0,NO DATA,86 - DALLAS MEDICAL CENTER,2.706,,36 - FAILED TO YIELD RIGHT OF WAY - TO PEDESTRIAN,No Data,No Data,76227,76205,No,1XPCD49X1PD865487,61,1 - MALE,N - NOT INJURED,0,1,1 - FRONT LEFT OR MOTORCYCLE DRIVER
20736210,Yes,DALLAS POLICE DEPARTMENT,46330-2025,DALLAS,FAILED TO YIELD RIGHT OF WAY - TO PEDESTRIAN,DALLAS,2025-04-03,B - SUSPECTED MINOR INJURY,0,NO DATA,86 - DALLAS MEDICAL CENTER,2.706,,No Data,No Data,No Data,No Data,No Data,No Data,No Data,54,2 - FEMALE,B - SUSPECTED MINOR INJURY,1,1,"16 - PEDESTRIAN, PEDALCYCLIST, OR MOTORIZED CONVEYANCE"
20736231,Yes,GARLAND POLICE DEPARTMENT,2025A000740,GARLAND,DRIVER INATTENTION,DALLAS,2025-04-03,99 - UNKNOWN,0,NO DATA,186 - METHODIST RICHARDSON MEDICAL CENTER,6.407,27,20 - DRIVER INATTENTION,No Data,No Data,,No Data,Yes,No Data,No Data,99 - UNKNOWN,99 - UNKNOWN,0,1,1 - FRONT LEFT OR MOTORCYCLE DRIVER
20736236,Yes,TRAVIS COUNTY SHERIFF'S OFFICE,,OUTSIDE CITY LIMITS,OTHER (EXPLAIN IN NARRATIVE),TRAVIS,2025-04-03,B - SUSPECTED MINOR INJURY,0,NO DATA,4 - ASCENSION SETON HAYS,8.856,40,98 - OTHER (EXPLAIN IN NARRATIVE),No Data,No Data,78610,78610,No,JH2RC50364K010412,23,1 - MALE,B - SUSPECTED MINOR INJURY,1,1,1 - FRONT LEFT OR MOTORCYCLE DRIVER
20736241,Yes,DALLAS POLICE DEPARTMENT,46338-2025,DALLAS,DISREGARD STOP AND GO SIGNAL,DALLAS,2025-04-03,C - POSSIBLE INJURY,0,NO DATA,297 - WILLIAM P. CLEMENTS UNIVERSITY HOSPITAL,2.87,,15 - DISREGARD STOP AND GO SIGNAL,No Data,No Data,75287,75287,No,5TDZARFH7KS059519,31,1 - MALE,N - NOT INJURED,0,1,1 - FRONT LEFT OR MOTORCYCLE DRIVER
20736241,Yes,DALLAS POLICE DEPARTMENT,46338-2025,DALLAS,DISREGARD STOP AND GO SIGNAL,DALLAS,2025-04-03,C - POSSIBLE INJURY,0,NO DATA,297 - WILLIAM P. CLEMENTS UNIVERSITY HOSPITAL,2.87,,No Data,No Data,No Data,75220,75220,No,1FTRX12W78FB38203,50,1 - MALE,C - POSSIBLE INJURY,0,1,1 - FRONT LEFT OR MOTORCYCLE DRIVER
20736256,Yes,BEAUMONT POLICE DEPARTMENT,2025006184,BEAUMONT,FAILED TO CONTROL SPEED,JEFFERSON,2025-04-03,N - NOT INJURED,0,NO DATA,9 - BAPTIST HOSPITALS OF SOUTHEAST TEXAS,1.744,,22 - FAILED TO CONTROL SPEED,No Data,No Data,77662,77662,No,KNDJT2A24A7037374,53,1 - MALE,N - NOT INJURED,0,1,1 - FRONT LEFT OR MOTORCYCLE DRIVER
20736256,Yes,BEAUMONT POLICE DEPARTMENT,2025006184,BEAUMONT,FAILED TO CONTROL SPEED,JEFFERSON,2025-04-03,N - NOT INJURED,0,NO DATA,9 - BAPTIST HOSPITALS OF SOUTHEAST TEXAS,1.744,,No Data,No Data,No Data,77632,77632,No,1GKS1BKD8MR212555,63,2 - FEMALE,N - NOT INJURED,0,1,1 - FRONT LEFT OR MOTORCYCLE DRIVER
20736260,Yes,BEAUMONT POLICE DEPARTMENT,2025006175,BEAUMONT,FAILED TO CONTROL SPEED,JEFFERSON,2025-04-03,N - NOT INJURED,0,NO DATA,9 - BAPTIST HOSPITALS OF SOUTHEAST TEXAS,0.84,,22 - FAILED TO CONTROL SPEED,No Data,No Data,77619,77619,No,1G1ZD5ST0LF122349,33,1 - MALE,N - NOT INJURED,0,1,1 - FRONT LEFT OR MOTORCYCLE DRIVER
20736260,Yes,BEAUMONT POLICE DEPARTMENT,2025006175,BEAUMONT,FAILED TO CONTROL SPEED,JEFFERSON,2025-04-03,N - NOT INJURED,0,NO DATA,9 - BAPTIST HOSPITALS OF SOUTHEAST TEXAS,0.84,,No Data,No Data,No Data,77656,77656,No,5GAKRAED2BJ269468,45,2 - FEMALE,N - NOT INJURED,0,1,1 - FRONT LEFT OR MOTORCYCLE DRIVER
20736281,Yes,GALVESTON POLICE DEPARTMENT,25-001729,GALVESTON,FAILED TO HEED WARNING SIGN,GALVESTON,2025-04-03,N - NOT INJURED,0,NO DATA,278 - UNIVERSITY OF TEXAS MEDICAL BRANCH,4.513,,25 - FAILED TO HEED WARNING SIGN OR TRAFFIC CONTROL DEVICE,No Data,No Data,77550,77550,No,1FM5K7B83JGB07558,29,2 - FEMALE,N - NOT INJURED,0,1,1 - FRONT LEFT OR MOTORCYCLE DRIVER
20736281,Yes,GALVESTON POLICE DEPARTMENT,25-001729,GALVESTON,FAILED TO HEED WARNING SIGN,GALVESTON,2025-04-03,N - NOT INJURED,0,NO DATA,278 - UNIVERSITY OF TEXAS MEDICAL BRANCH,4.513,,25 - FAILED TO HEED WARNING SIGN OR TRAFFIC CONTROL DEVICE,No Data,No Data,77550,77550,No,1FM5K7B83JGB07558,3,2 - FEMALE,N - NOT INJURED,0,2,5 - SECOND SEAT CENTER
20736281,Yes,GALVESTON POLICE DEPARTMENT,25-001729,GALVESTON,FAILED TO HEED WARNING SIGN,GALVESTON,2025-04-03,N - NOT INJURED,0,NO DATA,278 - UNIVERSITY OF TEXAS MEDICAL BRANCH,4.513,,25 - FAILED TO HEED WARNING SIGN OR TRAFFIC CONTROL DEVICE,No Data,No Data,77550,77550,No,1FM5K7B83JGB07558,4,2 - FEMALE,N - NOT INJURED,0,3,6 - SECOND SEAT RIGHT
20736281,Yes,GALVESTON POLICE DEPARTMENT,25-001729,GALVESTON,FAILED TO HEED WARNING SIGN,GALVESTON,2025-04-03,N - NOT INJURED,0,NO DATA,278 - UNIVERSITY OF TEXAS MEDICAL BRANCH,4.513,,No Data,No Data,No Data,77554,77550,No,1FTFW1P85RKE82251,26,2 - FEMALE,N - NOT INJURED,0,1,1 - FRONT LEFT OR MOTORCYCLE DRIVER
20736329,Yes,TRAVIS COUNTY SHERIFF'S OFFICE,250930129,OUTSIDE CITY LIMITS,FAILED TO YIELD RIGHT OF WAY - STOP SIGN;SPEEDING - (OVERLIMIT),TRAVIS,2025-04-03,B - SUSPECTED MINOR INJURY,0,NO DATA,13 - ASCENSION SETON WILLIAMSON,8.412,10,35 - FAILED TO YIELD RIGHT OF WAY - STOP SIGN,No Data,No Data,78634,78634,No,3GCPWCED4MG381394,59,1 - MALE,N - NOT INJURED,0,1,1 - FRONT LEFT OR MOTORCYCLE DRIVER
20736329,Yes,TRAVIS COUNTY SHERIFF'S OFFICE,250930129,OUTSIDE CITY LIMITS,FAILED TO YIELD RIGHT OF WAY - STOP SIGN;SPEEDING - (OVERLIMIT),TRAVIS,2025-04-03,B - SUSPECTED MINOR INJURY,0,NO DATA,13 - ASCENSION SETON WILLIAMSON,8.412,10,No Data,No Data,No Data,78660,78660,No,WMWZC5C54BWL53955,17,1 - MALE,B - SUSPECTED MINOR INJURY,1,1,1 - FRONT LEFT OR MOTORCYCLE DRIVER
20736329,Yes,TRAVIS COUNTY SHERIFF'S OFFICE,250930129,OUTSIDE CITY LIMITS,FAILED TO YIELD RIGHT OF WAY - STOP SIGN;SPEEDING - (OVERLIMIT),TRAVIS,2025-04-03,B - SUSPECTED MINOR INJURY,0,NO DATA,13 - ASCENSION SETON WILLIAMSON,8.412,10,No Data,No Data,No Data,78660,78660,No,5TDLZRAH8NS098047,37,2 - FEMALE,N - NOT INJURED,0,1,1 - FRONT LEFT OR MOTORCYCLE DRIVER
20736329,Yes,TRAVIS COUNTY SHERIFF'S OFFICE,250930129,OUTSIDE CITY LIMITS,FAILED TO YIELD RIGHT OF WAY - STOP SIGN;SPEEDING - (OVERLIMIT),TRAVIS,2025-04-03,B - SUSPECTED MINOR INJURY,0,NO DATA,13 - ASCENSION SETON WILLIAMSON,8.412,10,No Data,No Data,No Data,78660,78660,No,5TDLZRAH8NS098047,6,1 - MALE,N - NOT INJURED,0,2,4 - SECOND SEAT LEFT OR MOTORCYCLE BACK PASSENGER
20736329,Yes,TRAVIS COUNTY SHERIFF'S OFFICE,250930129,OUTSIDE CITY LIMITS,FAILED TO YIELD RIGHT OF WAY - STOP SIGN;SPEEDING - (OVERLIMIT),TRAVIS,2025-04-03,B - SUSPECTED MINOR INJURY,0,NO DATA,13 - ASCENSION SETON WILLIAMSON,8.412,10,No Data,No Data,No Data,78660,78660,No,5TDLZRAH8NS098047,4,2 - FEMALE,N - NOT INJURED,0,3,6 - SECOND SEAT RIGHT
20736335,Yes,AMARILLO POLICE DEPARTMENT,25-039100,AMARILLO,FAULTY EVASIVE ACTION,POTTER,2025-04-03,N - NOT INJURED,0,NO DATA,31 - BSA HOSPITAL,5.835,,41 - FAULTY EVASIVE ACTION,No Data,No Data,,,No,2C3KA53G46H205633,22,2 - FEMALE,N - NOT INJURED,0,1,1 - FRONT LEFT OR MOTORCYCLE DRIVER
20736338,Yes,"DEPARTMENT OF PUBLIC SAFETY, STATE OF TEXAS",,OUTSIDE CITY LIMITS,ANIMAL ON ROAD - DOMESTIC;FAULTY EVASIVE ACTION,SHELBY,2025-04-03,C - POSSIBLE INJURY,0,NO DATA,284 - UT HEALTH EAST TEXAS CARTHAGE HOSPITAL,21.74,2B,1 - ANIMAL ON ROAD - DOMESTIC,41 - FAULTY EVASIVE ACTION,No Data,75935,75935,No,2B7KB31Z0VK595195,18,1 - MALE,C - POSSIBLE INJURY,0,1,1 - FRONT LEFT OR MOTORCYCLE DRIVER
20736343,Yes,AMARILLO POLICE DEPARTMENT,25-039157,AMARILLO,FAILED TO YIELD RIGHT OF WAY - TURNING LEFT,RANDALL,2025-04-03,B - SUSPECTED MINOR INJURY,0,NO DATA,31 - BSA HOSPITAL,3.636,,37 - FAILED TO YIELD RIGHT OF WAY - TURNING LEFT,No Data,No Data,79109,79109,No,LRBAZLR44ND158342,68,2 - FEMALE,N - NOT INJURED,0,1,1 - FRONT LEFT OR MOTORCYCLE DRIVER
20736343,Yes,AMARILLO POLICE DEPARTMENT,25-039157,AMARILLO,FAILED TO YIELD RIGHT OF WAY - TURNING LEFT,RANDALL,2025-04-03,B - SUSPECTED MINOR INJURY,0,NO DATA,31 - BSA HOSPITAL,3.636,,No Data,No Data,No Data,79109,79109,No,1FM5K7F84JGC85327,61,2 - FEMALE,B - SUSPECTED MINOR INJURY,1,1,1 - FRONT LEFT OR MOTORCYCLE DRIVER
20736350,Yes,AMARILLO POLICE DEPARTMENT,25-039170,AMARILLO,FAILED TO YIELD RIGHT OF WAY - STOP SIGN,POTTER,2025-04-03,N - NOT INJURED,0,NO DATA,200 - NORTHWEST TEXAS HOSPITAL,5.992,,35 - FAILED TO YIELD RIGHT OF WAY - STOP SIGN,No Data,No Data,79107,79107,No,JTEEP21A250104724,18,2 - FEMALE,N - NOT INJURED,0,1,1 - FRONT LEFT OR MOTORCYCLE DRIVER
20736350,Yes,AMARILLO POLICE DEPARTMENT,25-039170,AMARILLO,FAILED TO YIELD RIGHT OF WAY - STOP SIGN,POTTER,2025-04-03,N - NOT INJURED,0,NO DATA,200 - NORTHWEST TEXAS HOSPITAL,5.992,,35 - FAILED TO YIELD RIGHT OF WAY - STOP SIGN,No Data,No Data,79107,79107,No,JTEEP21A250104724,17,2 - FEMALE,N - NOT INJURED,0,2,3 - FRONT RIGHT
20736350,Yes,AMARILLO POLICE DEPARTMENT,25-039170,AMARILLO,FAILED TO YIELD RIGHT OF WAY - STOP SIGN,POTTER,2025-04-03,N - NOT INJURED,0,NO DATA,200 - NORTHWEST TEXAS HOSPITAL,5.992,,No Data,No Data,No Data,79107,79119,No,1GKS1MEFXDR167238,20,2 - FEMALE,N - NOT INJURED,0,1,1 - FRONT LEFT OR MOTORCYCLE DRIVER
20736353,Yes,CORINTH POLICE DEPARTMENT,250123511,CORINTH (DENTON),CHANGED LANE WHEN UNSAFE; FAULTY EVASIVE ACTION,DENTON,2025-04-03,N - NOT INJURED,0,NO DATA,152 - MEDICAL CITY DENTON,1.687,,4 - CHANGED LANE WHEN UNSAFE,41 - FAULTY EVASIVE ACTION,No Data,75077,75077,No,JTHBE1D27F5017920,32,1 - MALE,N - NOT INJURED,0,1,1 - FRONT LEFT OR MOTORCYCLE DRIVER
20736353,Yes,CORINTH POLICE DEPARTMENT,250123511,CORINTH (DENTON),CHANGED LANE WHEN UNSAFE; FAULTY EVASIVE ACTION,DENTON,2025-04-03,N - NOT INJURED,0,NO DATA,152 - MEDICAL CITY DENTON,1.687,,No Data,No Data,No Data,76210,76210,No,1FMSK7DH0MGA52023,43,2 - FEMALE,N - NOT INJURED,0,1,1 - FRONT LEFT OR MOTORCYCLE DRIVER
20736358,Yes,MARSHALL POLICE DEPARTMENT,2500-7811,MARSHALL,FAILED TO YIELD RIGHT OF WAY - TURNING LEFT,HARRISON,2025-04-03,N - NOT INJURED,0,NO DATA,50 - CHRISTUS GOOD SHEPHERD MEDICAL CENTER - MARSHALL,1.715,,37 - FAILED TO YIELD RIGHT OF WAY - TURNING LEFT,No Data,No Data,75672,75670,No,4M2CN8HG0AKJ23201,70,2 - FEMALE,N - NOT INJURED,0,1,1 - FRONT LEFT OR MOTORCYCLE DRIVER
20736358,Yes,MARSHALL POLICE DEPARTMENT,2500-7811,MARSHALL,FAILED TO YIELD RIGHT OF WAY - TURNING LEFT,HARRISON,2025-04-03,N - NOT INJURED,0,NO DATA,50 - CHRISTUS GOOD SHEPHERD MEDICAL CENTER - MARSHALL,1.715,,37 - FAILED TO YIELD RIGHT OF WAY - TURNING LEFT,No Data,No Data,75672,75670,No,4M2CN8HG0AKJ23201,37,2 - FEMALE,N - NOT INJURED,0,2,3 - FRONT RIGHT
20736358,Yes,MARSHALL POLICE DEPARTMENT,2500-7811,MARSHALL,FAILED TO YIELD RIGHT OF WAY - TURNING LEFT,HARRISON,2025-04-03,N - NOT INJURED,0,NO DATA,50 - CHRISTUS GOOD SHEPHERD MEDICAL CENTER - MARSHALL,1.715,,No Data,No Data,No Data,75672,75672,No,1C6RR6FP4DS603037,60,1 - MALE,N - NOT INJURED,0,1,1 - FRONT LEFT OR MOTORCYCLE DRIVER
20736358,Yes,MARSHALL POLICE DEPARTMENT,2500-7811,MARSHALL,FAILED TO YIELD RIGHT OF WAY - TURNING LEFT,HARRISON,2025-04-03,N - NOT INJURED,0,NO DATA,50 - CHRISTUS GOOD SHEPHERD MEDICAL CENTER - MARSHALL,1.715,,No Data,No Data,No Data,75672,75672,No,1C6RR6FP4DS603037,23,1 - MALE,N - NOT INJURED,0,2,3 - FRONT RIGHT
20736396,Yes,DALLAS POLICE DEPARTMENT,46374-2025,DALLAS,FAILED TO YIELD RIGHT OF WAY - TURNING LEFT,DALLAS,2025-04-03,N - NOT INJURED,0,NO DATA,297 - WILLIAM P. CLEMENTS UNIVERSITY HOSPITAL,2.927,,37 - FAILED TO YIELD RIGHT OF WAY - TURNING LEFT,No Data,No Data,75225,75225,No,5UX33EM07P9N46259,27,2 - FEMALE,N - NOT INJURED,0,1,1 - FRONT LEFT OR MOTORCYCLE DRIVER
20736396,Yes,DALLAS POLICE DEPARTMENT,46374-2025,DALLAS,FAILED TO YIELD RIGHT OF WAY - TURNING LEFT,DALLAS,2025-04-03,N - NOT INJURED,0,NO DATA,297 - WILLIAM P. CLEMENTS UNIVERSITY HOSPITAL,2.927,,No Data,No Data,No Data,75205,75205,No,3VV3B7AXXJM026844,38,1 - MALE,N - NOT INJURED,0,1,1 - FRONT LEFT OR MOTORCYCLE DRIVER
20736397,Yes,HEREFORD POLICE DEPARTMENT,25-00000301,HEREFORD,CHANGED LANE WHEN UNSAFE,DEAF SMITH,2025-04-03,N - NOT INJURED,0,NO DATA,129 - HEREFORD REGIONAL MEDICAL CENTER,0.798,,4 - CHANGED LANE WHEN UNSAFE,No Data,No Data,,No Data,Yes,No Data,No Data,99 - UNKNOWN,99 - UNKNOWN,0,1,1 - FRONT LEFT OR MOTORCYCLE DRIVER
20736397,Yes,HEREFORD POLICE DEPARTMENT,25-00000301,HEREFORD,CHANGED LANE WHEN UNSAFE,DEAF SMITH,2025-04-03,N - NOT INJURED,0,NO DATA,129 - HEREFORD REGIONAL MEDICAL CENTER,0.798,,No Data,No Data,No Data,79045,79045,No,5GAKRBKD4FJ333624,31,1 - MALE,N - NOT INJURED,0,1,1 - FRONT LEFT OR MOTORCYCLE DRIVER
20736397,Yes,HEREFORD POLICE DEPARTMENT,25-00000301,HEREFORD,CHANGED LANE WHEN UNSAFE,DEAF SMITH,2025-04-03,N - NOT INJURED,0,NO DATA,129 - HEREFORD REGIONAL MEDICAL CENTER,0.798,,No Data,No Data,No Data,79045,79045,No,5GAKRBKD4FJ333624,1,1 - MALE,N - NOT INJURED,0,2,4 - SECOND SEAT LEFT OR MOTORCYCLE BACK PASSENGER
20736406,Yes,HARRIS COUNTY CONSTABLE PRECINCT 4,2504-00318,OUTSIDE CITY LIMITS,FAILED TO YIELD RIGHT OF WAY - TURNING LEFT,HARRIS,2025-04-03,C - POSSIBLE INJURY,0,NO DATA,120 - HCA HOUSTON HEALTHCARE NORTHWEST,2.982,,37 - FAILED TO YIELD RIGHT OF WAY - TURNING LEFT,No Data,No Data,77327,77327,No,1HGCY1F36PA013886,20,1 - MALE,C - POSSIBLE INJURY,0,1,1 - FRONT LEFT OR MOTORCYCLE DRIVER
20736406,Yes,HARRIS COUNTY CONSTABLE PRECINCT 4,2504-00318,OUTSIDE CITY LIMITS,FAILED TO YIELD RIGHT OF WAY - TURNING LEFT,HARRIS,2025-04-03,C - POSSIBLE INJURY,0,NO DATA,120 - HCA HOUSTON HEALTHCARE NORTHWEST,2.982,,No Data,No Data,No Data,77073,77073,No,2LMDJ6JK1DBL46497,48,1 - MALE,N - NOT INJURED,0,1,1 - FRONT LEFT OR MOTORCYCLE DRIVER
20736406,Yes,HARRIS COUNTY CONSTABLE PRECINCT 4,2504-00318,OUTSIDE CITY LIMITS,FAILED TO YIELD RIGHT OF WAY - TURNING LEFT,HARRIS,2025-04-03,C - POSSIBLE INJURY,0,NO DATA,120 - HCA HOUSTON HEALTHCARE NORTHWEST,2.982,,No Data,No Data,No Data,77073,77073,No,2LMDJ6JK1DBL46497,14,1 - MALE,C - POSSIBLE INJURY,0,2,3 - FRONT RIGHT
20736413,Yes,"DEPARTMENT OF PUBLIC SAFETY, STATE OF TEXAS",TX 25-518283,ALVORD,UNSAFE SPEED,WISE,2025-04-03,B - SUSPECTED MINOR INJURY,0,NO DATA,299 - WISE HEALTH SYSTEM,11.908,1C,60 - UNSAFE SPEED,No Data,No Data,73501,73501,No,5XYRL4LC4NG093070,27,1 - MALE,B - SUSPECTED MINOR INJURY,1,1,1 - FRONT LEFT OR MOTORCYCLE DRIVER
20736419,Yes,"DEPARTMENT OF PUBLIC SAFETY, STATE OF TEXAS",TX 2025-518552,OUTSIDE CITY LIMITS,DRIVER INATTENTION; FAILED TO PASS TO RIGHT SAFELY,WALKER,2025-04-03,N - NOT INJURED,0,NO DATA,132 - HUNTSVILLE MEMORIAL HOSPITAL,7.573,2C,27 - FAILED TO PASS TO RIGHT SAFELY,20 - DRIVER INATTENTION,No Data,77320,77320,No,1FTFW1E52NKD49997,43,1 - MALE,N - NOT INJURED,0,1,1 - FRONT LEFT OR MOTORCYCLE DRIVER
20736419,Yes,"DEPARTMENT OF PUBLIC SAFETY, STATE OF TEXAS",TX 2025-518552,OUTSIDE CITY LIMITS,DRIVER INATTENTION; FAILED TO PASS TO RIGHT SAFELY,WALKER,2025-04-03,N - NOT INJURED,0,NO DATA,132 - HUNTSVILLE MEMORIAL HOSPITAL,7.573,2C,No Data,No Data,No Data,77320,77320,No,3TMCZ5AN3KM232747,31,1 - MALE,N - NOT INJURED,0,1,1 - FRONT LEFT OR MOTORCYCLE DRIVER
20736419,Yes,"DEPARTMENT OF PUBLIC SAFETY, STATE OF TEXAS",TX 2025-518552,OUTSIDE CITY LIMITS,DRIVER INATTENTION; FAILED TO PASS TO RIGHT SAFELY,WALKER,2025-04-03,N - NOT INJURED,0,NO DATA,132 - HUNTSVILLE MEMORIAL HOSPITAL,7.573,2C,No Data,No Data,No Data,77320,77320,No,3TMCZ5AN3KM232747,64,1 - MALE,N - NOT INJURED,0,2,3 - FRONT RIGHT
20736420,Yes,"DEPARTMENT OF PUBLIC SAFETY, STATE OF TEXAS",TX 25-518725,OUTSIDE CITY LIMITS,UNSAFE SPEED,GRAYSON,2025-04-03,N - NOT INJURED,0,NO DATA,265 - TEXOMA MEDICAL CENTER,5.159,1A,60 - UNSAFE SPEED,No Data,No Data,88030,88030,No,1D7HA16D35J596681,19,1 - MALE,N - NOT INJURED,0,1,1 - FRONT LEFT OR MOTORCYCLE DRIVER
20736444,Yes,TRAVIS COUNTY SHERIFF'S OFFICE,250930114,OUTSIDE CITY LIMITS,FAILED TO CONTROL SPEED,TRAVIS,2025-04-03,N - NOT INJURED,0,NO DATA,243 - ST. DAVIDS SOUTH AUSTIN MEDICAL CENTER,8.085,40,22 - FAILED TO CONTROL SPEED,No Data,No Data,78754,78754,No,JTHBK262472036438,32,1 - MALE,N - NOT INJURED,0,1,1 - FRONT LEFT OR MOTORCYCLE DRIVER
20736444,Yes,TRAVIS COUNTY SHERIFF'S OFFICE,250930114,OUTSIDE CITY LIMITS,FAILED TO CONTROL SPEED,TRAVIS,2025-04-03,N - NOT INJURED,0,NO DATA,243 - ST. DAVIDS SOUTH AUSTIN MEDICAL CENTER,8.085,40,No Data,No Data,No Data,78723,78645,No,WBABR3344YEK96246,60,1 - MALE,N - NOT INJURED,0,1,1 - FRONT LEFT OR MOTORCYCLE DRIVER
20736488,Yes,GRANBURY POLICE DEPARTMENT,G25006927,GRANBURY,FAILED TO YIELD RIGHT OF WAY - PRIVATE DRIVE,HOOD,2025-04-03,B - SUSPECTED MINOR INJURY,0,NO DATA,138 - LAKE GRANBURY MEDICAL CENTER,0.606,,34 - FAILED TO YIELD RIGHT OF WAY - PRIVATE DRIVE,No Data,No Data,76087,76087,No,4T1BF3EK2BU166627,17,2 - FEMALE,C - POSSIBLE INJURY,0,1,1 - FRONT LEFT OR MOTORCYCLE DRIVER
20736488,Yes,GRANBURY POLICE DEPARTMENT,G25006927,GRANBURY,FAILED TO YIELD RIGHT OF WAY - PRIVATE DRIVE,HOOD,2025-04-03,B - SUSPECTED MINOR INJURY,0,NO DATA,138 - LAKE GRANBURY MEDICAL CENTER,0.606,,No Data,No Data,No Data,76476,95376,No,1C3CCBBG6CN224184,21,2 - FEMALE,B - SUSPECTED MINOR INJURY,1,1,1 - FRONT LEFT OR MOTORCYCLE DRIVER
20736488,Yes,GRANBURY POLICE DEPARTMENT,G25006927,GRANBURY,FAILED TO YIELD RIGHT OF WAY - PRIVATE DRIVE,HOOD,2025-04-03,B - SUSPECTED MINOR INJURY,0,NO DATA,138 - LAKE GRANBURY MEDICAL CENTER,0.606,,No Data,No Data,No Data,76476,95376,No,1C3CCBBG6CN224184,0,1 - MALE,N - NOT INJURED,0,2,6 - SECOND SEAT RIGHT
20736489,Yes,METRO TRANSIT POLICE DEPARTMENT,2500029273,OUTSIDE CITY LIMITS,FAILED TO CONTROL SPEED,HARRIS,2025-04-03,N - NOT INJURED,0,NO DATA,120 - HCA HOUSTON HEALTHCARE NORTHWEST,0.71,02,22 - FAILED TO CONTROL SPEED,No Data,No Data,77090,77338,No,KNDPC3A62E7663658,27,1 - MALE,N - NOT INJURED,0,1,1 - FRONT LEFT OR MOTORCYCLE DRIVER
20736489,Yes,METRO TRANSIT POLICE DEPARTMENT,2500029273,OUTSIDE CITY LIMITS,FAILED TO CONTROL SPEED,HARRIS,2025-04-03,N - NOT INJURED,0,NO DATA,120 - HCA HOUSTON HEALTHCARE NORTHWEST,0.71,02,No Data,No Data,No Data,77014,77002,No,5FYC8FB18SC110908,38,1 - MALE,N - NOT INJURED,0,1,1 - FRONT LEFT OR MOTORCYCLE DRIVER
20736490,Yes,KATY POLICE DEPARTMENT,202510659,KATY,DRIVER INATTENTION,FORT BEND,2025-04-03,N - NOT INJURED,0,NO DATA,164 - MEMORIAL HERMANN KATY HOSPITAL,5.199,,20 - DRIVER INATTENTION,No Data,No Data,77494,77494,No,KMHLM4DJ8SU143460,23,2 - FEMALE,N - NOT INJURED,0,1,1 - FRONT LEFT OR MOTORCYCLE DRIVER
20736490,Yes,KATY POLICE DEPARTMENT,202510659,KATY,DRIVER INATTENTION,FORT BEND,2025-04-03,N - NOT INJURED,0,NO DATA,164 - MEMORIAL HERMANN KATY HOSPITAL,5.199,,20 - DRIVER INATTENTION,No Data,No Data,77494,77494,No,KMHLM4DJ8SU143460,23,2 - FEMALE,N - NOT INJURED,0,2,3 - FRONT RIGHT
20736516,Yes,AUSTIN POLICE DEPARTMENT,250930278,AUSTIN,DRIVER INATTENTION,TRAVIS,2025-04-03,N - NOT INJURED,0,NO DATA,236 - ST. DAVIDS MEDICAL CENTER,1.47,AR,20 - DRIVER INATTENTION,No Data,No Data,78758,78758,No,4T3RWRFV3MU021956,32,2 - FEMALE,N - NOT INJURED,0,1,1 - FRONT LEFT OR MOTORCYCLE DRIVER
20736516,Yes,AUSTIN POLICE DEPARTMENT,250930278,AUSTIN,DRIVER INATTENTION,TRAVIS,2025-04-03,N - NOT INJURED,0,NO DATA,236 - ST. DAVIDS MEDICAL CENTER,1.47,AR,No Data,No Data,No Data,78723,78723,No,4T1C11AK7RU196178,46,1 - MALE,N - NOT INJURED,0,1,1 - FRONT LEFT OR MOTORCYCLE DRIVER
20736516,Yes,AUSTIN POLICE DEPARTMENT,250930278,AUSTIN,DRIVER INATTENTION,TRAVIS,2025-04-03,N - NOT INJURED,0,NO DATA,236 - ST. DAVIDS MEDICAL CENTER,1.47,AR,No Data,No Data,No Data,78744,78744,No,JHMGE8H3XCC006676,28,2 - FEMALE,N - NOT INJURED,0,1,1 - FRONT LEFT OR MOTORCYCLE DRIVER
20736517,Yes,AUSTIN POLICE DEPARTMENT,250930284,AUSTIN,UNDER INFLUENCE - ALCOHOL,TRAVIS,2025-04-03,N - NOT INJURED,0,NO DATA,87 - DELL CHILDRENS MEDICAL CENTER,4.832,AR,67 - INTOXICATED - ALCOHOL,No Data,No Data,78722,78722,No,3FA6P0HD9HR292522,30,1 - MALE,N - NOT INJURED,0,1,1 - FRONT LEFT OR MOTORCYCLE DRIVER
20736518,Yes,AUSTIN POLICE DEPARTMENT,250930428,AUSTIN,DISREGARD STOP AND GO SIGNAL; DRIVER INATTENTION,TRAVIS,2025-04-03,N - NOT INJURED,0,NO DATA,243 - ST. DAVIDS SOUTH AUSTIN MEDICAL CENTER,3.067,VI,15 - DISREGARD STOP AND GO SIGNAL,20 - DRIVER INATTENTION,No Data,76244,76244,No,JTHSE5BC8F5000367,24,1 - MALE,N - NOT INJURED,0,1,1 - FRONT LEFT OR MOTORCYCLE DRIVER
20736518,Yes,AUSTIN POLICE DEPARTMENT,250930428,AUSTIN,DISREGARD STOP AND GO SIGNAL; DRIVER INATTENTION,TRAVIS,2025-04-03,N - NOT INJURED,0,NO DATA,243 - ST. DAVIDS SOUTH AUSTIN MEDICAL CENTER,3.067,VI,No Data,No Data,No Data,78739,78739,No,3TMDZ5BN8GM004995,55,1 - MALE,N - NOT INJURED,0,1,1 - FRONT LEFT OR MOTORCYCLE DRIVER
20736518,Yes,AUSTIN POLICE DEPARTMENT,250930428,AUSTIN,DISREGARD STOP AND GO SIGNAL; DRIVER INATTENTION,TRAVIS,2025-04-03,N - NOT INJURED,0,NO DATA,243 - ST. DAVIDS SOUTH AUSTIN MEDICAL CENTER,3.067,VI,No Data,No Data,No Data,78739,78739,No,3TMDZ5BN8GM004995,54,2 - FEMALE,N - NOT INJURED,0,2,3 - FRONT RIGHT
20736519,Yes,AUSTIN POLICE DEPARTMENT,250930393,AUSTIN,DRIVER INATTENTION,TRAVIS,2025-04-03,C - POSSIBLE INJURY,0,NO DATA,6 - ASCENSION SETON NORTHWEST,1.582,AM,No Data,No Data,No Data,78752,78752,No,3TYAZ5CN2PT033544,19,1 - MALE,N - NOT INJURED,0,1,1 - FRONT LEFT OR MOTORCYCLE DRIVER
20736519,Yes,AUSTIN POLICE DEPARTMENT,250930393,AUSTIN,DRIVER INATTENTION,TRAVIS,2025-04-03,C - POSSIBLE INJURY,0,NO DATA,6 - ASCENSION SETON NORTHWEST,1.582,AM,No Data,No Data,No Data,75150,75150,No,5XXG64J20NG119032,27,2 - FEMALE,C - POSSIBLE INJURY,0,1,1 - FRONT LEFT OR MOTORCYCLE DRIVER
20736523,Yes,CORPUS CHRISTI POLICE DEPARTMENT,C2501913,CORPUS CHRISTI,LOAD NOT SECURED,NUECES,2025-04-03,C - POSSIBLE INJURY,0,NO DATA,81 - CORPUS CHRISTI MEDICAL CENTER - BAY AREA,1.131,,50 - LOAD NOT SECURED,No Data,No Data,,No Data,Yes,No Data,No Data,99 - UNKNOWN,99 - UNKNOWN,0,1,1 - FRONT LEFT OR MOTORCYCLE DRIVER
20736523,Yes,CORPUS CHRISTI POLICE DEPARTMENT,C2501913,CORPUS CHRISTI,LOAD NOT SECURED,NUECES,2025-04-03,C - POSSIBLE INJURY,0,NO DATA,81 - CORPUS CHRISTI MEDICAL CENTER - BAY AREA,1.131,,No Data,No Data,No Data,78415,78409,No,1FTNF1CF0CKD65765,46,1 - MALE,C - POSSIBLE INJURY,0,1,1 - FRONT LEFT OR MOTORCYCLE DRIVER
20736523,Yes,CORPUS CHRISTI POLICE DEPARTMENT,C2501913,CORPUS CHRISTI,LOAD NOT SECURED,NUECES,2025-04-03,C - POSSIBLE INJURY,0,NO DATA,81 - CORPUS CHRISTI MEDICAL CENTER - BAY AREA,1.131,,No Data,No Data,No Data,78416,78416,No,1ZVBP8AM0E5316414,26,1 - MALE,N - NOT INJURED,0,1,1 - FRONT LEFT OR MOTORCYCLE DRIVER
20736531,Yes,AZLE POLICE DEPARTMENT,25AP005777,OUTSIDE CITY LIMITS,PASSED IN NO PASSING LANE,PARKER,2025-04-03,N - NOT INJURED,0,NO DATA,250 - TEXAS HEALTH HARRIS METHODIST HOSPITAL AZLE,2.298,,57 - PASSED IN NO PASSING LANE,No Data,No Data,27601,76020,Yes,5TFTU4GN4FX086214,28,1 - MALE,99 - UNKNOWN,0,1,1 - FRONT LEFT OR MOTORCYCLE DRIVER
20736531,Yes,AZLE POLICE DEPARTMENT,25AP005777,OUTSIDE CITY LIMITS,PASSED IN NO PASSING LANE,PARKER,2025-04-03,N - NOT INJURED,0,NO DATA,250 - TEXAS HEALTH HARRIS METHODIST HOSPITAL AZLE,2.298,,No Data,No Data,No Data,76020,76020,No,JN8AY2NE2J9735268,44,1 - MALE,N - NOT INJURED,0,1,1 - FRONT LEFT OR MOTORCYCLE DRIVER
20736531,Yes,AZLE POLICE DEPARTMENT,25AP005777,OUTSIDE CITY LIMITS,PASSED IN NO PASSING LANE,PARKER,2025-04-03,N - NOT INJURED,0,NO DATA,250 - TEXAS HEALTH HARRIS METHODIST HOSPITAL AZLE,2.298,,No Data,No Data,No Data,76020,76020,No,JN8AY2NE2J9735268,40,2 - FEMALE,N - NOT INJURED,0,2,3 - FRONT RIGHT
20736551,Yes,PARIS POLICE DEPARTMENT,202508554,PARIS,DISREGARD STOP AND GO SIGNAL,LAMAR,2025-04-03,N - NOT INJURED,0,NO DATA,209 - PARIS REGIONAL MEDICAL CENTER NORTH CAMPUS,0.925,,15 - DISREGARD STOP AND GO SIGNAL,No Data,No Data,74562,74562,No,1GKS1GKC0KR409317,17,2 - FEMALE,N - NOT INJURED,0,1,1 - FRONT LEFT OR MOTORCYCLE DRIVER
20736551,Yes,PARIS POLICE DEPARTMENT,202508554,PARIS,DISREGARD STOP AND GO SIGNAL,LAMAR,2025-04-03,N - NOT INJURED,0,NO DATA,209 - PARIS REGIONAL MEDICAL CENTER NORTH CAMPUS,0.925,,No Data,No Data,No Data,75460,75460,No,2C3CDZAG2JH161842,49,2 - FEMALE,N - NOT INJURED,0,1,1 - FRONT LEFT OR MOTORCYCLE DRIVER
20736565,Yes,CORPUS CHRISTI POLICE DEPARTMENT,C2501914,CORPUS CHRISTI,FAILED TO YIELD RIGHT OF WAY - PRIVATE DRIVE,NUECES,2025-04-03,N - NOT INJURED,0,NO DATA,61 - CHRISTUS SPOHN HOSPITAL CORPUS CHRISTI SOUTH,1.699,,34 - FAILED TO YIELD RIGHT OF WAY - PRIVATE DRIVE,No Data,No Data,78410,78410,No,1FM5K7D86FGB95848,48,1 - MALE,N - NOT INJURED,0,1,1 - FRONT LEFT OR MOTORCYCLE DRIVER
20736565,Yes,CORPUS CHRISTI POLICE DEPARTMENT,C2501914,CORPUS CHRISTI,FAILED TO YIELD RIGHT OF WAY - PRIVATE DRIVE,NUECES,2025-04-03,N - NOT INJURED,0,NO DATA,61 - CHRISTUS SPOHN HOSPITAL CORPUS CHRISTI SOUTH,1.699,,34 - FAILED TO YIELD RIGHT OF WAY - PRIVATE DRIVE,No Data,No Data,78410,78410,No,1FM5K7D86FGB95848,53,2 - FEMALE,N - NOT INJURED,0,2,3 - FRONT RIGHT
20736565,Yes,CORPUS CHRISTI POLICE DEPARTMENT,C2501914,CORPUS CHRISTI,FAILED TO YIELD RIGHT OF WAY - PRIVATE DRIVE,NUECES,2025-04-03,N - NOT INJURED,0,NO DATA,61 - CHRISTUS SPOHN HOSPITAL CORPUS CHRISTI SOUTH,1.699,,No Data,No Data,No Data,78413,78413,No,1FA6P8TH7F5344772,21,2 - FEMALE,N - NOT INJURED,0,1,1 - FRONT LEFT OR MOTORCYCLE DRIVER
20736570,Yes,"DEPARTMENT OF PUBLIC SAFETY, STATE OF TEXAS",TX 25-517975,OUTSIDE CITY LIMITS,FATIGUED OR ASLEEP; WRONG SIDE - NOT PASSING,SHELBY,2025-04-03,B - SUSPECTED MINOR INJURY,0,NO DATA,284 - UT HEALTH EAST TEXAS CARTHAGE HOSPITAL,32.28,2B,40 - FATIGUED OR ASLEEP,70 - WRONG SIDE - NOT PASSING,No Data,75973,75973,No,1J4NT1GB8BD249047,18,1 - MALE,B - SUSPECTED MINOR INJURY,1,1,1 - FRONT LEFT OR MOTORCYCLE DRIVER
20736572,Yes,BAYLOR COUNTY SHERIFF'S OFFICE,20251434,OUTSIDE CITY LIMITS,FAILED TO CONTROL SPEED;OTHER (EXPLAIN IN NARRATIVE),BAYLOR,2025-04-03,N - NOT INJURED,0,NO DATA,227 - SEYMOUR HOSPITAL,2.509,,22 - FAILED TO CONTROL SPEED,No Data,No Data,76380,76380,No,2GTEC13Z761338683,No Data,1 - MALE,N - NOT INJURED,0,1,1 - FRONT LEFT OR MOTORCYCLE DRIVER
20736575,Yes,BOERNE POLICE DEPARTMENT,B2501298,BOERNE,DRIVER INATTENTION,KENDALL,2025-04-03,C - POSSIBLE INJURY,0,NO DATA,196 - NORTH CENTRAL BAPTIST HOSPITAL,17.744,,20 - DRIVER INATTENTION,No Data,No Data,78201,78232,No,5GAERBRS3SJ148301,34,2 - FEMALE,N - NOT INJURED,0,1,1 - FRONT LEFT OR MOTORCYCLE DRIVER
20736575,Yes,BOERNE POLICE DEPARTMENT,B2501298,BOERNE,DRIVER INATTENTION,KENDALL,2025-04-03,C - POSSIBLE INJURY,0,NO DATA,196 - NORTH CENTRAL BAPTIST HOSPITAL,17.744,,No Data,No Data,No Data,78004,78004,No,KM8R74GEXPU546704,59,2 - FEMALE,C - POSSIBLE INJURY,0,1,1 - FRONT LEFT OR MOTORCYCLE DRIVER
20736580,Yes,TYLER POLICE DEPARTMENT,25-004765,TYLER,FAILED TO CONTROL SPEED,SMITH,2025-04-03,N - NOT INJURED,0,NO DATA,288 - UT HEALTH EAST TEXAS TYLER REGIONAL HOSPITAL,3.953,,22 - FAILED TO CONTROL SPEED,No Data,No Data,75935,75935,No,3FAHP0JG9BR172904,22,2 - FEMALE,N - NOT INJURED,0,1,1 - FRONT LEFT OR MOTORCYCLE DRIVER
20736580,Yes,TYLER POLICE DEPARTMENT,25-004765,TYLER,FAILED TO CONTROL SPEED,SMITH,2025-04-03,N - NOT INJURED,0,NO DATA,288 - UT HEALTH EAST TEXAS TYLER REGIONAL HOSPITAL,3.953,,No Data,No Data,No Data,75791,76702,No,3FTTW8E9XPRA49167,27,1 - MALE,N - NOT INJURED,0,1,1 - FRONT LEFT OR MOTORCYCLE DRIVER
20736585,Yes,TYLER POLICE DEPARTMENT,25-004767,TYLER,FAILED TO YIELD RIGHT OF WAY - TURNING LEFT,SMITH,2025-04-03,N - NOT INJURED,0,NO DATA,288 - UT HEALTH EAST TEXAS TYLER REGIONAL HOSPITAL,2.157,,No Data,No Data,No Data,75701,75701,No,JTEGP21A140013158,17,2 - FEMALE,N - NOT INJURED,0,1,1 - FRONT LEFT OR MOTORCYCLE DRIVER
20736585,Yes,TYLER POLICE DEPARTMENT,25-004767,TYLER,FAILED TO YIELD RIGHT OF WAY - TURNING LEFT,SMITH,2025-04-03,N - NOT INJURED,0,NO DATA,288 - UT HEALTH EAST TEXAS TYLER REGIONAL HOSPITAL,2.157,,No Data,No Data,No Data,75701,75701,No,JTEGP21A140013158,18,2 - FEMALE,N - NOT INJURED,0,2,3 - FRONT RIGHT
20736585,Yes,TYLER POLICE DEPARTMENT,25-004767,TYLER,FAILED TO YIELD RIGHT OF WAY - TURNING LEFT,SMITH,2025-04-03,N - NOT INJURED,0,NO DATA,288 - UT HEALTH EAST TEXAS TYLER REGIONAL HOSPITAL,2.157,,37 - FAILED TO YIELD RIGHT OF WAY - TURNING LEFT,No Data,No Data,75701,75701,No,5NPE34AFXGH334086,17,2 - FEMALE,N - NOT INJURED,0,1,1 - FRONT LEFT OR MOTORCYCLE DRIVER
20736585,Yes,TYLER POLICE DEPARTMENT,25-004767,TYLER,FAILED TO YIELD RIGHT OF WAY - TURNING LEFT,SMITH,2025-04-03,N - NOT INJURED,0,NO DATA,288 - UT HEALTH EAST TEXAS TYLER REGIONAL HOSPITAL,2.157,,37 - FAILED TO YIELD RIGHT OF WAY - TURNING LEFT,No Data,No Data,75701,75701,No,5NPE34AFXGH334086,12,2 - FEMALE,N - NOT INJURED,0,2,3 - FRONT RIGHT
20736594,Yes,CORPUS CHRISTI POLICE DEPARTMENT,C2501915,CORPUS CHRISTI,FAILED TO PASS TO LEFT SAFELY,NUECES,2025-04-03,N - NOT INJURED,0,NO DATA,81 - CORPUS CHRISTI MEDICAL CENTER - BAY AREA,1.726,,26 - FAILED TO PASS TO LEFT SAFELY,No Data,No Data,78415,78415,No,19XFC1F71GE011277,71,2 - FEMALE,N - NOT INJURED,0,1,1 - FRONT LEFT OR MOTORCYCLE DRIVER
20736595,Yes,HURST POLICE DEPARTMENT,2025008800,HURST,OTHER (EXPLAIN IN NARRATIVE),TARRANT,2025-04-03,A - SUSPECTED SERIOUS INJURY,0,NO DATA,161 - MEDICAL CITY NORTH HILLS,1.577,,98 - OTHER (EXPLAIN IN NARRATIVE),No Data,No Data,76036,76036,No,1D7HE42K75S217752,77,1 - MALE,A - SUSPECTED SERIOUS INJURY,0,1,1 - FRONT LEFT OR MOTORCYCLE DRIVER
20736597,Yes,HOUSTON POLICE DEPARTMENT,0042531825J,HOUSTON,FAILED TO CONTROL SPEED,HARRIS,2025-04-03,C - POSSIBLE INJURY,0,NO DATA,118 - HCA HOUSTON HEALTHCARE KINGWOOD,2.358,C,22 - FAILED TO CONTROL SPEED,No Data,No Data,77385,77385,No,3GTP1VEC9EG199564,52,2 - FEMALE,N - NOT INJURED,0,1,1 - FRONT LEFT OR MOTORCYCLE DRIVER
20736597,Yes,HOUSTON POLICE DEPARTMENT,0042531825J,HOUSTON,FAILED TO CONTROL SPEED,HARRIS,2025-04-03,C - POSSIBLE INJURY,0,NO DATA,118 - HCA HOUSTON HEALTHCARE KINGWOOD,2.358,C,No Data,No Data,No Data,77092,77092,No,1FMCU0J98FUA32867,31,2 - FEMALE,C - POSSIBLE INJURY,0,1,1 - FRONT LEFT OR MOTORCYCLE DRIVER
20736607,Yes,"DEPARTMENT OF PUBLIC SAFETY, STATE OF TEXAS",TX 2025-517949,OUTSIDE CITY LIMITS,FAILED TO CONTROL SPEED,HIDALGO,2025-04-03,C - POSSIBLE INJURY,0,NO DATA,234 - SOUTH TEXAS HEALTH SYSTEM EDINBURG,9.514,3D,22 - FAILED TO CONTROL SPEED,No Data,No Data,78538,78538,No,1GNKRGED5CJ188328,38,1 - MALE,C - POSSIBLE INJURY,0,1,1 - FRONT LEFT OR MOTORCYCLE DRIVER
20736607,Yes,"DEPARTMENT OF PUBLIC SAFETY, STATE OF TEXAS",TX 2025-517949,OUTSIDE CITY LIMITS,FAILED TO CONTROL SPEED,HIDALGO,2025-04-03,C - POSSIBLE INJURY,0,NO DATA,234 - SOUTH TEXAS HEALTH SYSTEM EDINBURG,9.514,3D,No Data,No Data,No Data,78570,78570,No,1N4AL3AP2DN550565,20,2 - FEMALE,C - POSSIBLE INJURY,0,1,1 - FRONT LEFT OR MOTORCYCLE DRIVER
20736607,Yes,"DEPARTMENT OF PUBLIC SAFETY, STATE OF TEXAS",TX 2025-517949,OUTSIDE CITY LIMITS,FAILED TO CONTROL SPEED,HIDALGO,2025-04-03,C - POSSIBLE INJURY,0,NO DATA,234 - SOUTH TEXAS HEALTH SYSTEM EDINBURG,9.514,3D,No Data,No Data,No Data,78538,78538,No,1FTEX07LXVKC07833,24,1 - MALE,C - POSSIBLE INJURY,0,1,1 - FRONT LEFT OR MOTORCYCLE DRIVER
20736608,Yes,"DEPARTMENT OF PUBLIC SAFETY, STATE OF TEXAS",TX 25-517903,OUTSIDE CITY LIMITS,ANIMAL ON ROAD - WILD;FAILED TO DRIVE IN SINGLE LANE,REFUGIO,2025-04-03,N - NOT INJURED,0,NO DATA,216 - REFUGIO COUNTY MEMORIAL HOSPITAL DISTRICT,15.669,3C,2 - ANIMAL ON ROAD - WILD,23 - FAILED TO DRIVE IN SINGLE LANE,No Data,78377,78377,No,3B7HC13Z4WG117501,68,1 - MALE,N - NOT INJURED,0,1,1 - FRONT LEFT OR MOTORCYCLE DRIVER
20736626,Yes,HOUSTON POLICE DEPARTMENT,0042513325G,OUTSIDE CITY LIMITS,FAILED TO CONTROL SPEED; FAILED TO DRIVE IN SINGLE LANE,HARRIS,2025-04-03,N - NOT INJURED,0,NO DATA,120 - HCA HOUSTON HEALTHCARE NORTHWEST,4.784,B,22 - FAILED TO CONTROL SPEED,23 - FAILED TO DRIVE IN SINGLE LANE,No Data,,,No,3KPF24AD3PE648981,22,1 - MALE,N - NOT INJURED,0,1,1 - FRONT LEFT OR MOTORCYCLE DRIVER
20736626,Yes,HOUSTON POLICE DEPARTMENT,0042513325G,OUTSIDE CITY LIMITS,FAILED TO CONTROL SPEED; FAILED TO DRIVE IN SINGLE LANE,HARRIS,2025-04-03,N - NOT INJURED,0,NO DATA,120 - HCA HOUSTON HEALTHCARE NORTHWEST,4.784,B,No Data,No Data,No Data,,,No,No Data,49,1 - MALE,N - NOT INJURED,0,1,1 - FRONT LEFT OR MOTORCYCLE DRIVER
20736626,Yes,HOUSTON POLICE DEPARTMENT,0042513325G,OUTSIDE CITY LIMITS,FAILED TO CONTROL SPEED; FAILED TO DRIVE IN SINGLE LANE,HARRIS,2025-04-03,N - NOT INJURED,0,NO DATA,120 - HCA HOUSTON HEALTHCARE NORTHWEST,4.784,B,No Data,No Data,No Data,,,No,1ZVBP8EM7B5159289,39,2 - FEMALE,N - NOT INJURED,0,1,1 - FRONT LEFT OR MOTORCYCLE DRIVER
20736629,Yes,PHARR POLICE DEPARTMENT,25-9533,PHARR,OTHER (EXPLAIN IN NARRATIVE),HIDALGO,2025-04-03,N - NOT INJURED,0,NO DATA,94 - DOCTORS HOSPITAL AT RENAISSANCE,2.57,,98 - OTHER (EXPLAIN IN NARRATIVE),No Data,No Data,78542,78541,No,1GKKRTKD8GJ325858,30,2 - FEMALE,N - NOT INJURED,0,1,1 - FRONT LEFT OR MOTORCYCLE DRIVER
20736649,Yes,"DEPARTMENT OF PUBLIC SAFETY, STATE OF TEXAS",TX 2025-518864,OUTSIDE CITY LIMITS,FAILED TO CONTROL SPEED,GAINES,2025-04-03,C - POSSIBLE INJURY,0,NO DATA,301 - YOAKUM COUNTY HOSPITAL,19.202,4A,22 - FAILED TO CONTROL SPEED,No Data,No Data,79360,79360,No,1GCVKREC6GZ212091,30,1 - MALE,C - POSSIBLE INJURY,0,1,1 - FRONT LEFT OR MOTORCYCLE DRIVER
20736649,Yes,"DEPARTMENT OF PUBLIC SAFETY, STATE OF TEXAS",TX 2025-518864,OUTSIDE CITY LIMITS,FAILED TO CONTROL SPEED,GAINES,2025-04-03,C - POSSIBLE INJURY,0,NO DATA,301 - YOAKUM COUNTY HOSPITAL,19.202,4A,No Data,No Data,No Data,78130,78130,No,3C6UR5CL4MG675658,30,1 - MALE,N - NOT INJURED,0,1,1 - FRONT LEFT OR MOTORCYCLE DRIVER
20736657,Yes,IRVING POLICE DEPARTMENT,25-6843,IRVING,DRIVER INATTENTION,DALLAS,2025-04-03,N - NOT INJURED,0,NO DATA,No Data,No Data,,20 - DRIVER INATTENTION,No Data,No Data,75038,75038,No,5J8TB2H21BA004176,50,2 - FEMALE,N - NOT INJURED,0,1,1 - FRONT LEFT OR MOTORCYCLE DRIVER
20736657,Yes,IRVING POLICE DEPARTMENT,25-6843,IRVING,DRIVER INATTENTION,DALLAS,2025-04-03,N - NOT INJURED,0,NO DATA,No Data,No Data,,No Data,No Data,No Data,75150,75150,No,1N4AA6AP8HC368183,29,2 - FEMALE,N - NOT INJURED,0,1,1 - FRONT LEFT OR MOTORCYCLE DRIVER
20736658,Yes,"DEPARTMENT OF PUBLIC SAFETY, STATE OF TEXAS",TX 2025-517598,OUTSIDE CITY LIMITS,OTHER (EXPLAIN IN NARRATIVE),COLLIN,2025-04-03,A - SUSPECTED SERIOUS INJURY,0,NO DATA,19 - BAYLOR SCOTT & WHITE MEDICAL CENTER - LAKE POINTE,11.363,1A,98 - OTHER (EXPLAIN IN NARRATIVE),No Data,No Data,75092,43064,No,3HSDZAPR1PN733605,58,1 - MALE,A - SUSPECTED SERIOUS INJURY,0,1,1 - FRONT LEFT OR MOTORCYCLE DRIVER
20736660,Yes,IRVING POLICE DEPARTMENT,25-6832,IRVING,FAILED TO YIELD RIGHT OF WAY - PRIVATE DRIVE,DALLAS,2025-04-03,N - NOT INJURED,0,NO DATA,297 - WILLIAM P. CLEMENTS UNIVERSITY HOSPITAL,6.547,,34 - FAILED TO YIELD RIGHT OF WAY - PRIVATE DRIVE,No Data,No Data,75061,75061,No,JM1BJ245231165005,47,2 - FEMALE,N - NOT INJURED,0,1,1 - FRONT LEFT OR MOTORCYCLE DRIVER
20736660,Yes,IRVING POLICE DEPARTMENT,25-6832,IRVING,FAILED TO YIELD RIGHT OF WAY - PRIVATE DRIVE,DALLAS,2025-04-03,N - NOT INJURED,0,NO DATA,297 - WILLIAM P. CLEMENTS UNIVERSITY HOSPITAL,6.547,,No Data,No Data,No Data,75060,75060,No,5TEGN92N53Z295260,44,2 - FEMALE,N - NOT INJURED,0,1,1 - FRONT LEFT OR MOTORCYCLE DRIVER
20736670,Yes,GALVESTON POLICE DEPARTMENT,25-001733,GALVESTON,DISTRACTION IN VEHICLE; FAILED TO DRIVE IN SINGLE LANE,GALVESTON,2025-04-03,N - NOT INJURED,0,NO DATA,278 - UNIVERSITY OF TEXAS MEDICAL BRANCH,0.923,,19 - DISTRACTION IN VEHICLE,23 - FAILED TO DRIVE IN SINGLE LANE,No Data,77338,77338,No,5TDYK3DC3ES427342,52,1 - MALE,N - NOT INJURED,0,1,1 - FRONT LEFT OR MOTORCYCLE DRIVER
20736670,Yes,GALVESTON POLICE DEPARTMENT,25-001733,GALVESTON,DISTRACTION IN VEHICLE; FAILED TO DRIVE IN SINGLE LANE,GALVESTON,2025-04-03,N - NOT INJURED,0,NO DATA,278 - UNIVERSITY OF TEXAS MEDICAL BRANCH,0.923,,No Data,No Data,No Data,77551,77551,No,3GNEC12017G304659,59,1 - MALE,N - NOT INJURED,0,1,1 - FRONT LEFT OR MOTORCYCLE DRIVER
20736698,Yes,HALTOM CITY POLICE DEPARTMENT,25H10989,HALTOM CITY,FAILED TO YIELD RIGHT OF WAY - STOP SIGN,TARRANT,2025-04-03,N - NOT INJURED,0,NO DATA,161 - MEDICAL CITY NORTH HILLS,4.081,,35 - FAILED TO YIELD RIGHT OF WAY - STOP SIGN,No Data,No Data,76118,76118,No,1GNKRGKD9EJ141553,32,2 - FEMALE,N - NOT INJURED,0,1,1 - FRONT LEFT OR MOTORCYCLE DRIVER
20736698,Yes,HALTOM CITY POLICE DEPARTMENT,25H10989,HALTOM CITY,FAILED TO YIELD RIGHT OF WAY - STOP SIGN,TARRANT,2025-04-03,N - NOT INJURED,0,NO DATA,161 - MEDICAL CITY NORTH HILLS,4.081,,No Data,No Data,No Data,76137,76071,No,1FMYU60E43UA46784,60,2 - FEMALE,N - NOT INJURED,0,1,1 - FRONT LEFT OR MOTORCYCLE DRIVER
20736699,Yes,CORPUS CHRISTI POLICE DEPARTMENT,C2501916,CORPUS CHRISTI,FAILED TO DRIVE IN SINGLE LANE,NUECES,2025-04-03,C - POSSIBLE INJURY,0,NO DATA,81 - CORPUS CHRISTI MEDICAL CENTER - BAY AREA,1.459,,23 - FAILED TO DRIVE IN SINGLE LANE,No Data,No Data,78413,78412,No,KNDJN2A21J7597055,35,1 - MALE,C - POSSIBLE INJURY,0,1,1 - FRONT LEFT OR MOTORCYCLE DRIVER
20736709,No,HARRIS COUNTY CONSTABLE PRECINCT 5,250400095,HOUSTON,FAILED TO DRIVE IN SINGLE LANE,HARRIS,2025-04-03,N - NOT INJURED,0,NO DATA,121 - HCA HOUSTON HEALTHCARE WEST,4.157,PK,23 - FAILED TO DRIVE IN SINGLE LANE,No Data,No Data,77079,77079,No,JA4APUAU3MU014413,28,2 - FEMALE,N - NOT INJURED,0,1,1 - FRONT LEFT OR MOTORCYCLE DRIVER
20736709,No,HARRIS COUNTY CONSTABLE PRECINCT 5,250400095,HOUSTON,FAILED TO DRIVE IN SINGLE LANE,HARRIS,2025-04-03,N - NOT INJURED,0,NO DATA,121 - HCA HOUSTON HEALTHCARE WEST,4.157,PK,No Data,No Data,No Data,77493,77004,No,1FD0W5GN2PEC90649,60,1 - MALE,N - NOT INJURED,0,1,1 - FRONT LEFT OR MOTORCYCLE DRIVER
20736712,Yes,BROWNSVILLE POLICE DEPARTMENT,202504030040,BROWNSVILLE,FAILED TO CONTROL SPEED,CAMERON,2025-04-03,N - NOT INJURED,0,NO DATA,295 - VALLEY REGIONAL MEDICAL CENTER,3.771,NW,22 - FAILED TO CONTROL SPEED,No Data,No Data,78521,78521,No,4UZABRDT1ECFV2943,65,1 - MALE,N - NOT INJURED,0,1,1 - FRONT LEFT OR MOTORCYCLE DRIVER
20736712,Yes,BROWNSVILLE POLICE DEPARTMENT,202504030040,BROWNSVILLE,FAILED TO CONTROL SPEED,CAMERON,2025-04-03,N - NOT INJURED,0,NO DATA,295 - VALLEY REGIONAL MEDICAL CENTER,3.771,NW,22 - FAILED TO CONTROL SPEED,No Data,No Data,78521,78521,No,4UZABRDT1ECFV2943,15,1 - MALE,N - NOT INJURED,0,2,14 - PASSENGER IN BUS
20736712,Yes,BROWNSVILLE POLICE DEPARTMENT,202504030040,BROWNSVILLE,FAILED TO CONTROL SPEED,CAMERON,2025-04-03,N - NOT INJURED,0,NO DATA,295 - VALLEY REGIONAL MEDICAL CENTER,3.771,NW,22 - FAILED TO CONTROL SPEED,No Data,No Data,78521,78521,No,4UZABRDT1ECFV2943,15,2 - FEMALE,N - NOT INJURED,0,3,14 - PASSENGER IN BUS
20736712,Yes,BROWNSVILLE POLICE DEPARTMENT,202504030040,BROWNSVILLE,FAILED TO CONTROL SPEED,CAMERON,2025-04-03,N - NOT INJURED,0,NO DATA,295 - VALLEY REGIONAL MEDICAL CENTER,3.771,NW,22 - FAILED TO CONTROL SPEED,No Data,No Data,78521,78521,No,4UZABRDT1ECFV2943,15,2 - FEMALE,N - NOT INJURED,0,4,14 - PASSENGER IN BUS
20736712,Yes,BROWNSVILLE POLICE DEPARTMENT,202504030040,BROWNSVILLE,FAILED TO CONTROL SPEED,CAMERON,2025-04-03,N - NOT INJURED,0,NO DATA,295 - VALLEY REGIONAL MEDICAL CENTER,3.771,NW,22 - FAILED TO CONTROL SPEED,No Data,No Data,78521,78521,No,4UZABRDT1ECFV2943,15,1 - MALE,N - NOT INJURED,0,5,14 - PASSENGER IN BUS
20736712,Yes,BROWNSVILLE POLICE DEPARTMENT,202504030040,BROWNSVILLE,FAILED TO CONTROL SPEED,CAMERON,2025-04-03,N - NOT INJURED,0,NO DATA,295 - VALLEY REGIONAL MEDICAL CENTER,3.771,NW,22 - FAILED TO CONTROL SPEED,No Data,No Data,78521,78521,No,4UZABRDT1ECFV2943,15,2 - FEMALE,N - NOT INJURED,0,6,14 - PASSENGER IN BUS
20736712,Yes,BROWNSVILLE POLICE DEPARTMENT,202504030040,BROWNSVILLE,FAILED TO CONTROL SPEED,CAMERON,2025-04-03,N - NOT INJURED,0,NO DATA,295 - VALLEY REGIONAL MEDICAL CENTER,3.771,NW,22 - FAILED TO CONTROL SPEED,No Data,No Data,78521,78521,No,4UZABRDT1ECFV2943,15,2 - FEMALE,N - NOT INJURED,0,7,14 - PASSENGER IN BUS
20736712,Yes,BROWNSVILLE POLICE DEPARTMENT,202504030040,BROWNSVILLE,FAILED TO CONTROL SPEED,CAMERON,2025-04-03,N - NOT INJURED,0,NO DATA,295 - VALLEY REGIONAL MEDICAL CENTER,3.771,NW,22 - FAILED TO CONTROL SPEED,No Data,No Data,78521,78521,No,4UZABRDT1ECFV2943,15,2 - FEMALE,N - NOT INJURED,0,8,14 - PASSENGER IN BUS
20736712,Yes,BROWNSVILLE POLICE DEPARTMENT,202504030040,BROWNSVILLE,FAILED TO CONTROL SPEED,CAMERON,2025-04-03,N - NOT INJURED,0,NO DATA,295 - VALLEY REGIONAL MEDICAL CENTER,3.771,NW,22 - FAILED TO CONTROL SPEED,No Data,No Data,78521,78521,No,4UZABRDT1ECFV2943,15,1 - MALE,N - NOT INJURED,0,9,14 - PASSENGER IN BUS
20736712,Yes,BROWNSVILLE POLICE DEPARTMENT,202504030040,BROWNSVILLE,FAILED TO CONTROL SPEED,CAMERON,2025-04-03,N - NOT INJURED,0,NO DATA,295 - VALLEY REGIONAL MEDICAL CENTER,3.771,NW,22 - FAILED TO CONTROL SPEED,No Data,No Data,78521,78521,No,4UZABRDT1ECFV2943,15,1 - MALE,N - NOT INJURED,0,10,14 - PASSENGER IN BUS
20736712,Yes,BROWNSVILLE POLICE DEPARTMENT,202504030040,BROWNSVILLE,FAILED TO CONTROL SPEED,CAMERON,2025-04-03,N - NOT INJURED,0,NO DATA,295 - VALLEY REGIONAL MEDICAL CENTER,3.771,NW,No Data,No Data,No Data,78521,78526,No,1GCPTFEK3S1109777,31,1 - MALE,N - NOT INJURED,0,1,1 - FRONT LEFT OR MOTORCYCLE DRIVER
20736719,Yes,LAKE JACKSON POLICE DEPARTMENT,,LAKE JACKSON,DRIVER INATTENTION; FOLLOWED TOO CLOSELY,BRAZORIA,2025-04-03,N - NOT INJURED,0,NO DATA,285 - UTMB HEALTH ANGLETON DANBURY CAMPUS,11.235,,44 - FOLLOWED TOO CLOSELY,20 - DRIVER INATTENTION,No Data,77428,77428,No,1FMJU1K50CEF24534,37,2 - FEMALE,N - NOT INJURED,0,1,1 - FRONT LEFT OR MOTORCYCLE DRIVER
20736719,Yes,LAKE JACKSON POLICE DEPARTMENT,,LAKE JACKSON,DRIVER INATTENTION; FOLLOWED TOO CLOSELY,BRAZORIA,2025-04-03,N - NOT INJURED,0,NO DATA,285 - UTMB HEALTH ANGLETON DANBURY CAMPUS,11.235,,44 - FOLLOWED TOO CLOSELY,20 - DRIVER INATTENTION,No Data,77428,77428,No,1FMJU1K50CEF24534,18,1 - MALE,N - NOT INJURED,0,2,3 - FRONT RIGHT
20736719,Yes,LAKE JACKSON POLICE DEPARTMENT,,LAKE JACKSON,DRIVER INATTENTION; FOLLOWED TOO CLOSELY,BRAZORIA,2025-04-03,N - NOT INJURED,0,NO DATA,285 - UTMB HEALTH ANGLETON DANBURY CAMPUS,11.235,,44 - FOLLOWED TOO CLOSELY,20 - DRIVER INATTENTION,No Data,77428,77428,No,1FMJU1K50CEF24534,13,2 - FEMALE,N - NOT INJURED,0,3,4 - SECOND SEAT LEFT OR MOTORCYCLE BACK PASSENGER
20736719,Yes,LAKE JACKSON POLICE DEPARTMENT,,LAKE JACKSON,DRIVER INATTENTION; FOLLOWED TOO CLOSELY,BRAZORIA,2025-04-03,N - NOT INJURED,0,NO DATA,285 - UTMB HEALTH ANGLETON DANBURY CAMPUS,11.235,,44 - FOLLOWED TOO CLOSELY,20 - DRIVER INATTENTION,No Data,77428,77428,No,1FMJU1K50CEF24534,11,1 - MALE,N - NOT INJURED,0,4,6 - SECOND SEAT RIGHT
20736719,Yes,LAKE JACKSON POLICE DEPARTMENT,,LAKE JACKSON,DRIVER INATTENTION; FOLLOWED TOO CLOSELY,BRAZORIA,2025-04-03,N - NOT INJURED,0,NO DATA,285 - UTMB HEALTH ANGLETON DANBURY CAMPUS,11.235,,No Data,No Data,No Data,77566,77566,No,ZARFAEBN2H7537152,18,2 - FEMALE,N - NOT INJURED,0,1,1 - FRONT LEFT OR MOTORCYCLE DRIVER
20736719,Yes,LAKE JACKSON POLICE DEPARTMENT,,LAKE JACKSON,DRIVER INATTENTION; FOLLOWED TOO CLOSELY,BRAZORIA,2025-04-03,N - NOT INJURED,0,NO DATA,285 - UTMB HEALTH ANGLETON DANBURY CAMPUS,11.235,,No Data,No Data,No Data,77566,77566,No,ZARFAEBN2H7537152,15,2 - FEMALE,N - NOT INJURED,0,2,3 - FRONT RIGHT
20736755,Yes,"DEPARTMENT OF PUBLIC SAFETY, STATE OF TEXAS",TX2025-517826,OUTSIDE CITY LIMITS,UNSAFE SPEED,CALLAHAN,2025-04-03,B - SUSPECTED MINOR INJURY,0,NO DATA,126 - HENDRICK MEDICAL CENTER,22.097,5C,60 - UNSAFE SPEED,No Data,No Data,79602,79602,No,2G1WC58R779319129,30,1 - MALE,C - POSSIBLE INJURY,0,1,1 - FRONT LEFT OR MOTORCYCLE DRIVER
20736755,Yes,"DEPARTMENT OF PUBLIC SAFETY, STATE OF TEXAS",TX2025-517826,OUTSIDE CITY LIMITS,UNSAFE SPEED,CALLAHAN,2025-04-03,B - SUSPECTED MINOR INJURY,0,NO DATA,126 - HENDRICK MEDICAL CENTER,22.097,5C,No Data,No Data,No Data,802292207,841045301,No,3C6UR5FL4RG367117,43,1 - MALE,B - SUSPECTED MINOR INJURY,1,1,1 - FRONT LEFT OR MOTORCYCLE DRIVER
20736759,Yes,HARRIS COUNTY CONSTABLE PRECINCT 5,2504-00091,HOUSTON,FAILED TO CONTROL SPEED,HARRIS,2025-04-03,N - NOT INJURED,0,NO DATA,168 - MEMORIAL HERMANN SOUTHWEST HOSPITAL,2.194,TR,22 - FAILED TO CONTROL SPEED,No Data,No Data,77433,77433,No,2FMPK4J92NBA23312,28,1 - MALE,N - NOT INJURED,0,1,1 - FRONT LEFT OR MOTORCYCLE DRIVER
20736759,Yes,HARRIS COUNTY CONSTABLE PRECINCT 5,2504-00091,HOUSTON,FAILED TO CONTROL SPEED,HARRIS,2025-04-03,N - NOT INJURED,0,NO DATA,168 - MEMORIAL HERMANN SOUTHWEST HOSPITAL,2.194,TR,No Data,No Data,No Data,77406,77406,No,7FARS5H89SE024203,61,1 - MALE,N - NOT INJURED,0,1,1 - FRONT LEFT OR MOTORCYCLE DRIVER
20736769,Yes,COPPELL POLICE DEPARTMENT,25006286,COPPELL,FAILED TO CONTROL SPEED,DALLAS,2025-04-03,N - NOT INJURED,0,NO DATA,156 - MEDICAL CITY LEWISVILLE,4.344,2,22 - FAILED TO CONTROL SPEED,No Data,No Data,75019,75019,No,WDDGF4HBXCR231858,18,2 - FEMALE,N - NOT INJURED,0,1,1 - FRONT LEFT OR MOTORCYCLE DRIVER
20736769,Yes,COPPELL POLICE DEPARTMENT,25006286,COPPELL,FAILED TO CONTROL SPEED,DALLAS,2025-04-03,N - NOT INJURED,0,NO DATA,156 - MEDICAL CITY LEWISVILLE,4.344,2,No Data,No Data,No Data,75019,75019,No,YV4K92HM6P2910135,17,2 - FEMALE,N - NOT INJURED,0,1,1 - FRONT LEFT OR MOTORCYCLE DRIVER
20736778,Yes,"DEPARTMENT OF PUBLIC SAFETY, STATE OF TEXAS",TX2025-518641,OUTSIDE CITY LIMITS,ANIMAL ON ROAD - DOMESTIC,HARDIN,2025-04-03,B - SUSPECTED MINOR INJURY,0,NO DATA,58 - CHRISTUS SOUTHEAST TEXAS - ST. ELIZABETH,30.534,2B,1 - ANIMAL ON ROAD - DOMESTIC,No Data,No Data,77575,77575,No,1M1AA13Y5WW090356,35,1 - MALE,B - SUSPECTED MINOR INJURY,1,1,1 - FRONT LEFT OR MOTORCYCLE DRIVER
20736782,Yes,GILMER POLICE DEPARTMENT,25-046,GILMER,DISREGARD STOP AND GO SIGNAL; DRIVER INATTENTION,UPSHUR,2025-04-03,N - NOT INJURED,0,NO DATA,149 - LONGVIEW REGIONAL MEDICAL CENTER,18.516,,20 - DRIVER INATTENTION,No Data,No Data,75644,75644,No,5N1AT2MTXJC848488,60,2 - FEMALE,N - NOT INJURED,0,1,1 - FRONT LEFT OR MOTORCYCLE DRIVER
20736782,Yes,GILMER POLICE DEPARTMENT,25-046,GILMER,DISREGARD STOP AND GO SIGNAL; DRIVER INATTENTION,UPSHUR,2025-04-03,N - NOT INJURED,0,NO DATA,149 - LONGVIEW REGIONAL MEDICAL CENTER,18.516,,No Data,No Data,No Data,75686,75686,No,1GNSKHKC7HR324179,43,1 - MALE,N - NOT INJURED,0,1,1 - FRONT LEFT OR MOTORCYCLE DRIVER
20736782,Yes,GILMER POLICE DEPARTMENT,25-046,GILMER,DISREGARD STOP AND GO SIGNAL; DRIVER INATTENTION,UPSHUR,2025-04-03,N - NOT INJURED,0,NO DATA,149 - LONGVIEW REGIONAL MEDICAL CENTER,18.516,,No Data,No Data,No Data,75686,75686,No,1GNSKHKC7HR324179,35,2 - FEMALE,N - NOT INJURED,0,2,5 - SECOND SEAT CENTER
20736782,Yes,GILMER POLICE DEPARTMENT,25-046,GILMER,DISREGARD STOP AND GO SIGNAL; DRIVER INATTENTION,UPSHUR,2025-04-03,N - NOT INJURED,0,NO DATA,149 - LONGVIEW REGIONAL MEDICAL CENTER,18.516,,No Data,No Data,No Data,75686,75686,No,1GNSKHKC7HR324179,2,1 - MALE,N - NOT INJURED,0,3,4 - SECOND SEAT LEFT OR MOTORCYCLE BACK PASSENGER
20736782,Yes,GILMER POLICE DEPARTMENT,25-046,GILMER,DISREGARD STOP AND GO SIGNAL; DRIVER INATTENTION,UPSHUR,2025-04-03,N - NOT INJURED,0,NO DATA,149 - LONGVIEW REGIONAL MEDICAL CENTER,18.516,,No Data,No Data,No Data,75686,75686,No,1GNSKHKC7HR324179,0,2 - FEMALE,N - NOT INJURED,0,4,6 - SECOND SEAT RIGHT
20736795,Yes,SANGER POLICE DEPARTMENT,250123549,SANGER,UNSAFE SPEED,DENTON,2025-04-03,N - NOT INJURED,0,NO DATA,152 - MEDICAL CITY DENTON,12.485,,60 - UNSAFE SPEED,No Data,No Data,76264,76264,No,2FMDK38C49BA66747,18,2 - FEMALE,N - NOT INJURED,0,1,1 - FRONT LEFT OR MOTORCYCLE DRIVER
20736795,Yes,SANGER POLICE DEPARTMENT,250123549,SANGER,UNSAFE SPEED,DENTON,2025-04-03,N - NOT INJURED,0,NO DATA,152 - MEDICAL CITY DENTON,12.485,,60 - UNSAFE SPEED,No Data,No Data,76264,76264,No,2FMDK38C49BA66747,20,1 - MALE,N - NOT INJURED,0,2,3 - FRONT RIGHT
20736834,Yes,PERRYTON POLICE DEPARTMENT,25-01109,PERRYTON,DISREGARD STOP SIGN OR LIGHT; DRIVER INATTENTION,OCHILTREE,2025-04-03,N - NOT INJURED,0,NO DATA,201 - OCHILTREE GENERAL HOSPITAL,2.034,,16 - DISREGARD STOP SIGN OR LIGHT,No Data,No Data,79070,79040,No,1FTFW1ET1BFB46585,24,2 - FEMALE,N - NOT INJURED,0,1,1 - FRONT LEFT OR MOTORCYCLE DRIVER
20736834,Yes,PERRYTON POLICE DEPARTMENT,25-01109,PERRYTON,DISREGARD STOP SIGN OR LIGHT; DRIVER INATTENTION,OCHILTREE,2025-04-03,N - NOT INJURED,0,NO DATA,201 - OCHILTREE GENERAL HOSPITAL,2.034,,16 - DISREGARD STOP SIGN OR LIGHT,No Data,No Data,79070,79040,No,1FTFW1ET1BFB46585,3,2 - FEMALE,N - NOT INJURED,0,2,5 - SECOND SEAT CENTER
20736834,Yes,PERRYTON POLICE DEPARTMENT,25-01109,PERRYTON,DISREGARD STOP SIGN OR LIGHT; DRIVER INATTENTION,OCHILTREE,2025-04-03,N - NOT INJURED,0,NO DATA,201 - OCHILTREE GENERAL HOSPITAL,2.034,,No Data,No Data,No Data,79124,79070,No,3HSDZAPRXPN111682,28,1 - MALE,N - NOT INJURED,0,1,1 - FRONT LEFT OR MOTORCYCLE DRIVER
20736834,Yes,PERRYTON POLICE DEPARTMENT,25-01109,PERRYTON,DISREGARD STOP SIGN OR LIGHT; DRIVER INATTENTION,OCHILTREE,2025-04-03,N - NOT INJURED,0,NO DATA,201 - OCHILTREE GENERAL HOSPITAL,2.034,,No Data,No Data,No Data,79124,79070,No,3HSDZAPRXPN111682,36,1 - MALE,N - NOT INJURED,0,2,3 - FRONT RIGHT
20736836,Yes,"DEPARTMENT OF PUBLIC SAFETY, STATE OF TEXAS",TX 2025-519680,OUTSIDE CITY LIMITS,FAILED TO DRIVE IN SINGLE LANE;OTHER (EXPLAIN IN NARRATIVE),GLASSCOCK,2025-04-03,N - NOT INJURED,0,NO DATA,"226 - SCENIC MOUNTAIN MEDICAL CENTER, A STEWARD FAMILY HOSPITAL",26.652,4A,23 - FAILED TO DRIVE IN SINGLE LANE,98 - OTHER (EXPLAIN IN NARRATIVE),No Data,88021,77441,No,1FT8W2BT7NEE57225,43,1 - MALE,N - NOT INJURED,0,1,1 - FRONT LEFT OR MOTORCYCLE DRIVER
20736836,Yes,"DEPARTMENT OF PUBLIC SAFETY, STATE OF TEXAS",TX 2025-519680,OUTSIDE CITY LIMITS,FAILED TO DRIVE IN SINGLE LANE;OTHER (EXPLAIN IN NARRATIVE),GLASSCOCK,2025-04-03,N - NOT INJURED,0,NO DATA,"226 - SCENIC MOUNTAIN MEDICAL CENTER, A STEWARD FAMILY HOSPITAL",26.652,4A,23 - FAILED TO DRIVE IN SINGLE LANE,98 - OTHER (EXPLAIN IN NARRATIVE),No Data,88021,77441,No,1FT8W2BT7NEE57225,25,2 - FEMALE,N - NOT INJURED,0,2,3 - FRONT RIGHT
20736839,Yes,MINERAL WELLS POLICE DEPARTMENT,250000610,MINERAL WELLS,CHANGED LANE WHEN UNSAFE; DRIVER INATTENTION,PALO PINTO,2025-04-03,N - NOT INJURED,0,NO DATA,211 - PALO PINTO GENERAL HOSPITAL,2.284,NE,4 - CHANGED LANE WHEN UNSAFE,20 - DRIVER INATTENTION,No Data,76424-6105,76424-6105,No,4T1G11AK9NU711726,56,2 - FEMALE,N - NOT INJURED,0,1,1 - FRONT LEFT OR MOTORCYCLE DRIVER
20736839,Yes,MINERAL WELLS POLICE DEPARTMENT,250000610,MINERAL WELLS,CHANGED LANE WHEN UNSAFE; DRIVER INATTENTION,PALO PINTO,2025-04-03,N - NOT INJURED,0,NO DATA,211 - PALO PINTO GENERAL HOSPITAL,2.284,NE,4 - CHANGED LANE WHEN UNSAFE,20 - DRIVER INATTENTION,No Data,76424-6105,76424-6105,No,4T1G11AK9NU711726,57,1 - MALE,N - NOT INJURED,0,2,3 - FRONT RIGHT
20736839,Yes,MINERAL WELLS POLICE DEPARTMENT,250000610,MINERAL WELLS,CHANGED LANE WHEN UNSAFE; DRIVER INATTENTION,PALO PINTO,2025-04-03,N - NOT INJURED,0,NO DATA,211 - PALO PINTO GENERAL HOSPITAL,2.284,NE,No Data,No Data,No Data,76067-0000,76067-0000,No,2T1BURHE5JC070800,42,2 - FEMALE,N - NOT INJURED,0,1,1 - FRONT LEFT OR MOTORCYCLE DRIVER
20736853,Yes,MINERAL WELLS POLICE DEPARTMENT,250000604,MINERAL WELLS,DISREGARD STOP AND GO SIGNAL; DRIVER INATTENTION,PALO PINTO,2025-04-03,C - POSSIBLE INJURY,0,NO DATA,211 - PALO PINTO GENERAL HOSPITAL,3.413,NE,20 - DRIVER INATTENTION,15 - DISREGARD STOP AND GO SIGNAL,No Data,76067,76067,No,2G2WC55C781168160,29,1 - MALE,C - POSSIBLE INJURY,0,1,1 - FRONT LEFT OR MOTORCYCLE DRIVER
20736853,Yes,MINERAL WELLS POLICE DEPARTMENT,250000604,MINERAL WELLS,DISREGARD STOP AND GO SIGNAL; DRIVER INATTENTION,PALO PINTO,2025-04-03,C - POSSIBLE INJURY,0,NO DATA,211 - PALO PINTO GENERAL HOSPITAL,3.413,NE,20 - DRIVER INATTENTION,15 - DISREGARD STOP AND GO SIGNAL,No Data,76067,76067,No,2G2WC55C781168160,17,1 - MALE,N - NOT INJURED,0,2,3 - FRONT RIGHT
20736853,Yes,MINERAL WELLS POLICE DEPARTMENT,250000604,MINERAL WELLS,DISREGARD STOP AND GO SIGNAL; DRIVER INATTENTION,PALO PINTO,2025-04-03,C - POSSIBLE INJURY,0,NO DATA,211 - PALO PINTO GENERAL HOSPITAL,3.413,NE,20 - DRIVER INATTENTION,15 - DISREGARD STOP AND GO SIGNAL,No Data,76067,76067,No,2G2WC55C781168160,6,1 - MALE,N - NOT INJURED,0,3,6 - SECOND SEAT RIGHT
20736853,Yes,MINERAL WELLS POLICE DEPARTMENT,250000604,MINERAL WELLS,DISREGARD STOP AND GO SIGNAL; DRIVER INATTENTION,PALO PINTO,2025-04-03,C - POSSIBLE INJURY,0,NO DATA,211 - PALO PINTO GENERAL HOSPITAL,3.413,NE,No Data,No Data,No Data,32127,,No,1FUJHHDR2LLLP9714,73,1 - MALE,N - NOT INJURED,0,1,1 - FRONT LEFT OR MOTORCYCLE DRIVER
20736856,Yes,ABILENE POLICE DEPARTMENT,25-026682,ABILENE,FAILED TO YIELD RIGHT OF WAY - STOP SIGN,TAYLOR,2025-04-03,C - POSSIBLE INJURY,0,NO DATA,131 - HENDRICK MEDICAL CENTER SOUTH,1.811,,35 - FAILED TO YIELD RIGHT OF WAY - STOP SIGN,No Data,No Data,79602,79602,No,3GKALUEG8SL194201,19,2 - FEMALE,N - NOT INJURED,0,1,1 - FRONT LEFT OR MOTORCYCLE DRIVER
20736856,Yes,ABILENE POLICE DEPARTMENT,25-026682,ABILENE,FAILED TO YIELD RIGHT OF WAY - STOP SIGN,TAYLOR,2025-04-03,C - POSSIBLE INJURY,0,NO DATA,131 - HENDRICK MEDICAL CENTER SOUTH,1.811,,No Data,No Data,No Data,79606,79602,No,1N9MLACL17C084228,43,1 - MALE,N - NOT INJURED,0,1,1 - FRONT LEFT OR MOTORCYCLE DRIVER
20736856,Yes,ABILENE POLICE DEPARTMENT,25-026682,ABILENE,FAILED TO YIELD RIGHT OF WAY - STOP SIGN,TAYLOR,2025-04-03,C - POSSIBLE INJURY,0,NO DATA,131 - HENDRICK MEDICAL CENTER SOUTH,1.811,,No Data,No Data,No Data,79606,79602,No,1N9MLACL17C084228,64,1 - MALE,N - NOT INJURED,0,2,14 - PASSENGER IN BUS
20736856,Yes,ABILENE POLICE DEPARTMENT,25-026682,ABILENE,FAILED TO YIELD RIGHT OF WAY - STOP SIGN,TAYLOR,2025-04-03,C - POSSIBLE INJURY,0,NO DATA,131 - HENDRICK MEDICAL CENTER SOUTH,1.811,,No Data,No Data,No Data,79606,79602,No,1N9MLACL17C084228,45,1 - MALE,N - NOT INJURED,0,3,14 - PASSENGER IN BUS
20736856,Yes,ABILENE POLICE DEPARTMENT,25-026682,ABILENE,FAILED TO YIELD RIGHT OF WAY - STOP SIGN,TAYLOR,2025-04-03,C - POSSIBLE INJURY,0,NO DATA,131 - HENDRICK MEDICAL CENTER SOUTH,1.811,,No Data,No Data,No Data,79606,79602,No,1N9MLACL17C084228,26,1 - MALE,N - NOT INJURED,0,4,14 - PASSENGER IN BUS
20736856,Yes,ABILENE POLICE DEPARTMENT,25-026682,ABILENE,FAILED TO YIELD RIGHT OF WAY - STOP SIGN,TAYLOR,2025-04-03,C - POSSIBLE INJURY,0,NO DATA,131 - HENDRICK MEDICAL CENTER SOUTH,1.811,,No Data,No Data,No Data,79606,79602,No,1N9MLACL17C084228,39,2 - FEMALE,C - POSSIBLE INJURY,0,5,14 - PASSENGER IN BUS
20736856,Yes,ABILENE POLICE DEPARTMENT,25-026682,ABILENE,FAILED TO YIELD RIGHT OF WAY - STOP SIGN,TAYLOR,2025-04-03,C - POSSIBLE INJURY,0,NO DATA,131 - HENDRICK MEDICAL CENTER SOUTH,1.811,,No Data,No Data,No Data,79606,79602,No,1N9MLACL17C084228,70,1 - MALE,N - NOT INJURED,0,6,14 - PASSENGER IN BUS
20736866,Yes,TRAVIS COUNTY SHERIFF'S OFFICE,250930247,AUSTIN,DISREGARD STOP SIGN OR LIGHT,TRAVIS,2025-04-03,B - SUSPECTED MINOR INJURY,0,NO DATA,87 - DELL CHILDRENS MEDICAL CENTER,6.27,40,No Data,No Data,No Data,78660,78660,No,KMHLS4AG2PU579937,32,2 - FEMALE,B - SUSPECTED MINOR INJURY,1,1,1 - FRONT LEFT OR MOTORCYCLE DRIVER
20736866,Yes,TRAVIS COUNTY SHERIFF'S OFFICE,250930247,AUSTIN,DISREGARD STOP SIGN OR LIGHT,TRAVIS,2025-04-03,B - SUSPECTED MINOR INJURY,0,NO DATA,87 - DELL CHILDRENS MEDICAL CENTER,6.27,40,No Data,No Data,No Data,78753,78753,No,JTDKN3DU0D1628374,22,1 - MALE,N - NOT INJURED,0,1,1 - FRONT LEFT OR MOTORCYCLE DRIVER
20736866,Yes,TRAVIS COUNTY SHERIFF'S OFFICE,250930247,AUSTIN,DISREGARD STOP SIGN OR LIGHT,TRAVIS,2025-04-03,B - SUSPECTED MINOR INJURY,0,NO DATA,87 - DELL CHILDRENS MEDICAL CENTER,6.27,40,No Data,No Data,No Data,78641,78641,No,5TFRM5F10FX088962,37,1 - MALE,N - NOT INJURED,0,1,1 - FRONT LEFT OR MOTORCYCLE DRIVER
20736874,Yes,MINERAL WELLS POLICE DEPARTMENT,250000607,MINERAL WELLS,BACKED WITHOUT SAFETY; DISTRACTION IN VEHICLE; DRIVER INATTENTION,PALO PINTO,2025-04-03,N - NOT INJURED,0,NO DATA,No Data,No Data,NE,20 - DRIVER INATTENTION,3 - BACKED WITHOUT SAFETY,No Data,35578,35578,No,1FT7W2BT4NED02496,25,1 - MALE,N - NOT INJURED,0,1,1 - FRONT LEFT OR MOTORCYCLE DRIVER
20736880,Yes,SAN ANGELO POLICE DEPARTMENT,20250003635,SAN ANGELO,FAILED TO YIELD RIGHT OF WAY - PRIVATE DRIVE,TOM GREEN,2025-04-03,N - NOT INJURED,0,NO DATA,230 - SHANNON MEDICAL CENTER,0.685,,34 - FAILED TO YIELD RIGHT OF WAY - PRIVATE DRIVE,No Data,No Data,76901,76901,No,1FAHP3K23CL256401,16,1 - MALE,N - NOT INJURED,0,1,1 - FRONT LEFT OR MOTORCYCLE DRIVER
20736880,Yes,SAN ANGELO POLICE DEPARTMENT,20250003635,SAN ANGELO,FAILED TO YIELD RIGHT OF WAY - PRIVATE DRIVE,TOM GREEN,2025-04-03,N - NOT INJURED,0,NO DATA,230 - SHANNON MEDICAL CENTER,0.685,,No Data,No Data,No Data,76904,76904,No,1C4HJXFN9LW240452,42,1 - MALE,N - NOT INJURED,0,1,1 - FRONT LEFT OR MOTORCYCLE DRIVER
20736905,Yes,DENTON POLICE DEPARTMENT,25055037,CORINTH (DENTON),FAILED TO CONTROL SPEED,DENTON,2025-04-03,C - POSSIBLE INJURY,0,NO DATA,152 - MEDICAL CITY DENTON,1.339,,22 - FAILED TO CONTROL SPEED,No Data,No Data,29732,29732,No,1XKYDP9XXGJ983794,60,1 - MALE,N - NOT INJURED,0,1,1 - FRONT LEFT OR MOTORCYCLE DRIVER
20736905,Yes,DENTON POLICE DEPARTMENT,25055037,CORINTH (DENTON),FAILED TO CONTROL SPEED,DENTON,2025-04-03,C - POSSIBLE INJURY,0,NO DATA,152 - MEDICAL CITY DENTON,1.339,,No Data,No Data,No Data,76266,76266,No,1FTEX1CM8EFD08995,63,2 - FEMALE,C - POSSIBLE INJURY,0,1,1 - FRONT LEFT OR MOTORCYCLE DRIVER
20736905,Yes,DENTON POLICE DEPARTMENT,25055037,CORINTH (DENTON),FAILED TO CONTROL SPEED,DENTON,2025-04-03,C - POSSIBLE INJURY,0,NO DATA,152 - MEDICAL CITY DENTON,1.339,,No Data,No Data,No Data,76266,76266,No,1FTEX1CM8EFD08995,71,1 - MALE,N - NOT INJURED,0,2,3 - FRONT RIGHT
20736906,Yes,HARRIS COUNTY CONSTABLE PRECINCT 7,250400018,OUTSIDE CITY LIMITS,FAILED TO DRIVE IN SINGLE LANE; FATIGUED OR ASLEEP,HARRIS,2025-04-03,N - NOT INJURED,0,NO DATA,124 - HCA HOUSTON HEALTHCARE PEARLAND,1.751,,23 - FAILED TO DRIVE IN SINGLE LANE,No Data,No Data,77055,77055,No,1FTFX1CT8DKG13141,50,1 - MALE,N - NOT INJURED,0,1,1 - FRONT LEFT OR MOTORCYCLE DRIVER
20736906,Yes,HARRIS COUNTY CONSTABLE PRECINCT 7,250400018,OUTSIDE CITY LIMITS,FAILED TO DRIVE IN SINGLE LANE; FATIGUED OR ASLEEP,HARRIS,2025-04-03,N - NOT INJURED,0,NO DATA,124 - HCA HOUSTON HEALTHCARE PEARLAND,1.751,,No Data,No Data,No Data,77047,77047,No,1GCPABEK3PZ270847,43,1 - MALE,N - NOT INJURED,0,1,1 - FRONT LEFT OR MOTORCYCLE DRIVER
20736907,Yes,CORPUS CHRISTI POLICE DEPARTMENT,C2501918,CORPUS CHRISTI,CHANGED LANE WHEN UNSAFE,NUECES,2025-04-03,N - NOT INJURED,0,NO DATA,61 - CHRISTUS SPOHN HOSPITAL CORPUS CHRISTI SOUTH,2.223,,4 - CHANGED LANE WHEN UNSAFE,No Data,No Data,78785,78785,No,1N4BL4EV0LC150548,24,2 - FEMALE,N - NOT INJURED,0,1,1 - FRONT LEFT OR MOTORCYCLE DRIVER
20736907,Yes,CORPUS CHRISTI POLICE DEPARTMENT,C2501918,CORPUS CHRISTI,CHANGED LANE WHEN UNSAFE,NUECES,2025-04-03,N - NOT INJURED,0,NO DATA,61 - CHRISTUS SPOHN HOSPITAL CORPUS CHRISTI SOUTH,2.223,,No Data,No Data,No Data,78411,78411,No,3GCUYDED7LG422201,28,1 - MALE,N - NOT INJURED,0,1,1 - FRONT LEFT OR MOTORCYCLE DRIVER
20736915,Yes,DALLAS POLICE DEPARTMENT,46342-2025,DALLAS,CHANGED LANE WHEN UNSAFE,DALLAS,2025-04-03,C - POSSIBLE INJURY,0,NO DATA,258 - TEXAS HEALTH PRESBYTERIAN HOSPITAL DALLAS,3.047,,4 - CHANGED LANE WHEN UNSAFE,No Data,No Data,75253,75253,No,3G1BE6SMXKS559296,28,2 - FEMALE,N - NOT INJURED,0,1,1 - FRONT LEFT OR MOTORCYCLE DRIVER
20736915,Yes,DALLAS POLICE DEPARTMENT,46342-2025,DALLAS,CHANGED LANE WHEN UNSAFE,DALLAS,2025-04-03,C - POSSIBLE INJURY,0,NO DATA,258 - TEXAS HEALTH PRESBYTERIAN HOSPITAL DALLAS,3.047,,No Data,No Data,No Data,75238,75238,No,1HGCR2F52HA070592,32,2 - FEMALE,C - POSSIBLE INJURY,0,1,1 - FRONT LEFT OR MOTORCYCLE DRIVER
20736915,Yes,DALLAS POLICE DEPARTMENT,46342-2025,DALLAS,CHANGED LANE WHEN UNSAFE,DALLAS,2025-04-03,C - POSSIBLE INJURY,0,NO DATA,258 - TEXAS HEALTH PRESBYTERIAN HOSPITAL DALLAS,3.047,,No Data,No Data,No Data,75126,75126,No,1FMSK7DH6NGB35070,33,2 - FEMALE,N - NOT INJURED,0,1,1 - FRONT LEFT OR MOTORCYCLE DRIVER
20736918,Yes,ODESSA POLICE DEPARTMENT,25-0003539,ODESSA,FAILED TO YIELD RIGHT OF WAY - STOP SIGN,ECTOR,2025-04-03,C - POSSIBLE INJURY,0,NO DATA,204 - ODESSA REGIONAL MEDICAL CENTER,0.138,,35 - FAILED TO YIELD RIGHT OF WAY - STOP SIGN,No Data,No Data,79761,79761,No,1GKS2DKL0NR201289,39,2 - FEMALE,N - NOT INJURED,0,1,1 - FRONT LEFT OR MOTORCYCLE DRIVER
20736918,Yes,ODESSA POLICE DEPARTMENT,25-0003539,ODESSA,FAILED TO YIELD RIGHT OF WAY - STOP SIGN,ECTOR,2025-04-03,C - POSSIBLE INJURY,0,NO DATA,204 - ODESSA REGIONAL MEDICAL CENTER,0.138,,No Data,No Data,No Data,79720,79720,No,JTHBA1D23H5050525,25,1 - MALE,N - NOT INJURED,0,1,1 - FRONT LEFT OR MOTORCYCLE DRIVER
20736918,Yes,ODESSA POLICE DEPARTMENT,25-0003539,ODESSA,FAILED TO YIELD RIGHT OF WAY - STOP SIGN,ECTOR,2025-04-03,C - POSSIBLE INJURY,0,NO DATA,204 - ODESSA REGIONAL MEDICAL CENTER,0.138,,No Data,No Data,No Data,79720,79720,No,JTHBA1D23H5050525,40,2 - FEMALE,C - POSSIBLE INJURY,0,2,3 - FRONT RIGHT
20736919,Yes,ODESSA POLICE DEPARTMENT,25-0003543,ODESSA,BACKED WITHOUT SAFETY,ECTOR,2025-04-03,N - NOT INJURED,0,NO DATA,147 - MEDICAL CENTER HOSPITAL,1.434,,3 - BACKED WITHOUT SAFETY,No Data,No Data,79761,79761,No,1HGCS128X8A028430,50,1 - MALE,N - NOT INJURED,0,1,1 - FRONT LEFT OR MOTORCYCLE DRIVER
20736919,Yes,ODESSA POLICE DEPARTMENT,25-0003543,ODESSA,BACKED WITHOUT SAFETY,ECTOR,2025-04-03,N - NOT INJURED,0,NO DATA,147 - MEDICAL CENTER HOSPITAL,1.434,,No Data,No Data,No Data,79763,79763,No,2C3CDXBG3HH654670,30,2 - FEMALE,N - NOT INJURED,0,1,1 - FRONT LEFT OR MOTORCYCLE DRIVER
20736921,Yes,DECATUR POLICE DEPARTMENT,202500011089,DECATUR,CHANGED LANE WHEN UNSAFE,WISE,2025-04-03,N - NOT INJURED,0,NO DATA,299 - WISE HEALTH SYSTEM,1.709,,4 - CHANGED LANE WHEN UNSAFE,No Data,No Data,60120,60120,No,3AKJHHDR3SSWF1461,62,1 - MALE,N - NOT INJURED,0,1,1 - FRONT LEFT OR MOTORCYCLE DRIVER
20736921,Yes,DECATUR POLICE DEPARTMENT,202500011089,DECATUR,CHANGED LANE WHEN UNSAFE,WISE,2025-04-03,N - NOT INJURED,0,NO DATA,299 - WISE HEALTH SYSTEM,1.709,,No Data,No Data,No Data,76262,75024,No,5YFB4MDE4SP231339,45,1 - MALE,N - NOT INJURED,0,1,1 - FRONT LEFT OR MOTORCYCLE DRIVER
20736936,Yes,DENTON POLICE DEPARTMENT,25055095,DENTON,FATIGUED OR ASLEEP,DENTON,2025-04-03,B - SUSPECTED MINOR INJURY,0,NO DATA,152 - MEDICAL CITY DENTON,4.375,,No Data,No Data,No Data,75078,75078,No,1FADP3F25JL258902,21,2 - FEMALE,B - SUSPECTED MINOR INJURY,1,1,1 - FRONT LEFT OR MOTORCYCLE DRIVER
20736947,Yes,HUNTSVILLE POLICE DEPARTMENT,25013078,HUNTSVILLE,NONE,WALKER,2025-04-03,99 - UNKNOWN,0,NO DATA,No Data,No Data,,No Data,No Data,No Data,,No Data,Yes,No Data,No Data,99 - UNKNOWN,99 - UNKNOWN,0,1,1 - FRONT LEFT OR MOTORCYCLE DRIVER
20736958,Yes,"DEPARTMENT OF PUBLIC SAFETY, STATE OF TEXAS",TX 2025-517694,NIEDERWALD,DROVE ON IMPROVED SHOULDER,CALDWELL,2025-04-03,N - NOT INJURED,0,NO DATA,4 - ASCENSION SETON HAYS,6.214,6B,79 - DROVE ON IMPROVED SHOULDER,No Data,No Data,78644,78644,No,1FMCU0GX5EUA85076,56,2 - FEMALE,N - NOT INJURED,0,1,1 - FRONT LEFT OR MOTORCYCLE DRIVER
20736958,Yes,"DEPARTMENT OF PUBLIC SAFETY, STATE OF TEXAS",TX 2025-517694,NIEDERWALD,DROVE ON IMPROVED SHOULDER,CALDWELL,2025-04-03,N - NOT INJURED,0,NO DATA,4 - ASCENSION SETON HAYS,6.214,6B,No Data,No Data,No Data,78616,78644,No,4DRBUC8N1LB181628,59,1 - MALE,N - NOT INJURED,0,1,1 - FRONT LEFT OR MOTORCYCLE DRIVER
20736958,Yes,"DEPARTMENT OF PUBLIC SAFETY, STATE OF TEXAS",TX 2025-517694,NIEDERWALD,DROVE ON IMPROVED SHOULDER,CALDWELL,2025-04-03,N - NOT INJURED,0,NO DATA,4 - ASCENSION SETON HAYS,6.214,6B,No Data,No Data,No Data,78616,78644,No,4DRBUC8N1LB181628,6,2 - FEMALE,N - NOT INJURED,0,2,14 - PASSENGER IN BUS
20736958,Yes,"DEPARTMENT OF PUBLIC SAFETY, STATE OF TEXAS",TX 2025-517694,NIEDERWALD,DROVE ON IMPROVED SHOULDER,CALDWELL,2025-04-03,N - NOT INJURED,0,NO DATA,4 - ASCENSION SETON HAYS,6.214,6B,No Data,No Data,No Data,78616,78644,No,4DRBUC8N1LB181628,11,1 - MALE,N - NOT INJURED,0,3,14 - PASSENGER IN BUS
20736958,Yes,"DEPARTMENT OF PUBLIC SAFETY, STATE OF TEXAS",TX 2025-517694,NIEDERWALD,DROVE ON IMPROVED SHOULDER,CALDWELL,2025-04-03,N - NOT INJURED,0,NO DATA,4 - ASCENSION SETON HAYS,6.214,6B,No Data,No Data,No Data,78616,78644,No,4DRBUC8N1LB181628,11,1 - MALE,N - NOT INJURED,0,4,14 - PASSENGER IN BUS
20736958,Yes,"DEPARTMENT OF PUBLIC SAFETY, STATE OF TEXAS",TX 2025-517694,NIEDERWALD,DROVE ON IMPROVED SHOULDER,CALDWELL,2025-04-03,N - NOT INJURED,0,NO DATA,4 - ASCENSION SETON HAYS,6.214,6B,No Data,No Data,No Data,78616,78644,No,4DRBUC8N1LB181628,8,2 - FEMALE,N - NOT INJURED,0,5,14 - PASSENGER IN BUS
20736958,Yes,"DEPARTMENT OF PUBLIC SAFETY, STATE OF TEXAS",TX 2025-517694,NIEDERWALD,DROVE ON IMPROVED SHOULDER,CALDWELL,2025-04-03,N - NOT INJURED,0,NO DATA,4 - ASCENSION SETON HAYS,6.214,6B,No Data,No Data,No Data,78616,78644,No,4DRBUC8N1LB181628,8,1 - MALE,N - NOT INJURED,0,6,14 - PASSENGER IN BUS
20736958,Yes,"DEPARTMENT OF PUBLIC SAFETY, STATE OF TEXAS",TX 2025-517694,NIEDERWALD,DROVE ON IMPROVED SHOULDER,CALDWELL,2025-04-03,N - NOT INJURED,0,NO DATA,4 - ASCENSION SETON HAYS,6.214,6B,No Data,No Data,No Data,78616,78644,No,4DRBUC8N1LB181628,7,1 - MALE,N - NOT INJURED,0,7,14 - PASSENGER IN BUS
20736958,Yes,"DEPARTMENT OF PUBLIC SAFETY, STATE OF TEXAS",TX 2025-517694,NIEDERWALD,DROVE ON IMPROVED SHOULDER,CALDWELL,2025-04-03,N - NOT INJURED,0,NO DATA,4 - ASCENSION SETON HAYS,6.214,6B,No Data,No Data,No Data,78616,78644,No,4DRBUC8N1LB181628,10,1 - MALE,N - NOT INJURED,0,8,14 - PASSENGER IN BUS
20736958,Yes,"DEPARTMENT OF PUBLIC SAFETY, STATE OF TEXAS",TX 2025-517694,NIEDERWALD,DROVE ON IMPROVED SHOULDER,CALDWELL,2025-04-03,N - NOT INJURED,0,NO DATA,4 - ASCENSION SETON HAYS,6.214,6B,No Data,No Data,No Data,78616,78644,No,4DRBUC8N1LB181628,9,1 - MALE,N - NOT INJURED,0,9,14 - PASSENGER IN BUS
20736977,Yes,CASTLE HILLS POLICE DEPARTMENT,2025-04-0012,SAN ANTONIO,FAILED TO CONTROL SPEED,BEXAR,2025-04-03,N - NOT INJURED,0,NO DATA,53 - CHRISTUS SANTA ROSA HOSPITAL - ALAMO HEIGHTS,2.112,2,22 - FAILED TO CONTROL SPEED,No Data,No Data,78245,78245,Yes,1FMYU02Z66KC87405,51,1 - MALE,N - NOT INJURED,0,1,1 - FRONT LEFT OR MOTORCYCLE DRIVER
20736977,Yes,CASTLE HILLS POLICE DEPARTMENT,2025-04-0012,SAN ANTONIO,FAILED TO CONTROL SPEED,BEXAR,2025-04-03,N - NOT INJURED,0,NO DATA,53 - CHRISTUS SANTA ROSA HOSPITAL - ALAMO HEIGHTS,2.112,2,No Data,No Data,No Data,78254,78254,No,W1N9M0CB9PN027681,48,1 - MALE,N - NOT INJURED,0,1,1 - FRONT LEFT OR MOTORCYCLE DRIVER
20736978,Yes,EULESS POLICE DEPARTMENT,2500013447,EULESS,DRIVER INATTENTION,TARRANT,2025-04-03,N - NOT INJURED,0,NO DATA,257 - TEXAS HEALTH HARRIS METHODIST HOSPITAL HURST-EULESS-BEDFORD,3.118,3,20 - DRIVER INATTENTION,No Data,No Data,,76040,Yes,1HGCM567X6A067678,No Data,99 - UNKNOWN,99 - UNKNOWN,0,1,1 - FRONT LEFT OR MOTORCYCLE DRIVER
20736978,Yes,EULESS POLICE DEPARTMENT,2500013447,EULESS,DRIVER INATTENTION,TARRANT,2025-04-03,N - NOT INJURED,0,NO DATA,257 - TEXAS HEALTH HARRIS METHODIST HOSPITAL HURST-EULESS-BEDFORD,3.118,3,No Data,No Data,No Data,76022,76022,No,2C3CCAAG7GH212023,38,2 - FEMALE,N - NOT INJURED,0,1,1 - FRONT LEFT OR MOTORCYCLE DRIVER
20736982,Yes,BAYTOWN POLICE DEPARTMENT,2025-15824,BAYTOWN,DRIVER INATTENTION,HARRIS,2025-04-03,B - SUSPECTED MINOR INJURY,0,NO DATA,122 - HCA HOUSTON HEALTHCARE SOUTHEAST,15.609,,No Data,No Data,No Data,77521,77521,No,1N4BL4CV8RN327458,36,1 - MALE,B - SUSPECTED MINOR INJURY,1,1,1 - FRONT LEFT OR MOTORCYCLE DRIVER
20736982,Yes,BAYTOWN POLICE DEPARTMENT,2025-15824,BAYTOWN,DRIVER INATTENTION,HARRIS,2025-04-03,B - SUSPECTED MINOR INJURY,0,NO DATA,122 - HCA HOUSTON HEALTHCARE SOUTHEAST,15.609,,20 - DRIVER INATTENTION,No Data,No Data,77521,77521,No,1G1ZB5E14BF327364,75,2 - FEMALE,B - SUSPECTED MINOR INJURY,1,1,1 - FRONT LEFT OR MOTORCYCLE DRIVER
20736982,Yes,BAYTOWN POLICE DEPARTMENT,2025-15824,BAYTOWN,DRIVER INATTENTION,HARRIS,2025-04-03,B - SUSPECTED MINOR INJURY,0,NO DATA,122 - HCA HOUSTON HEALTHCARE SOUTHEAST,15.609,,No Data,No Data,No Data,77521,No Data,No,5J6RW1H27LL009583,52,2 - FEMALE,B - SUSPECTED MINOR INJURY,1,1,1 - FRONT LEFT OR MOTORCYCLE DRIVER
20736983,Yes,SAN ANTONIO POLICE DEPARTMENT,SAPD25065945,SAN ANTONIO,DISREGARD STOP AND GO SIGNAL; FOLLOWED TOO CLOSELY,BEXAR,2025-04-03,N - NOT INJURED,0,NO DATA,187 - MISSION TRAIL BAPTIST HOSPITAL,2.696,60,44 - FOLLOWED TOO CLOSELY,15 - DISREGARD STOP AND GO SIGNAL,No Data,78227,78228,No,1FTZF07241KB09841,32,2 - FEMALE,N - NOT INJURED,0,1,1 - FRONT LEFT OR MOTORCYCLE DRIVER
20736983,Yes,SAN ANTONIO POLICE DEPARTMENT,SAPD25065945,SAN ANTONIO,DISREGARD STOP AND GO SIGNAL; FOLLOWED TOO CLOSELY,BEXAR,2025-04-03,N - NOT INJURED,0,NO DATA,187 - MISSION TRAIL BAPTIST HOSPITAL,2.696,60,No Data,No Data,No Data,78221,78221,No,2GTEC19V231114978,46,1 - MALE,N - NOT INJURED,0,1,1 - FRONT LEFT OR MOTORCYCLE DRIVER
20736983,Yes,SAN ANTONIO POLICE DEPARTMENT,SAPD25065945,SAN ANTONIO,DISREGARD STOP AND GO SIGNAL; FOLLOWED TOO CLOSELY,BEXAR,2025-04-03,N - NOT INJURED,0,NO DATA,187 - MISSION TRAIL BAPTIST HOSPITAL,2.696,60,No Data,No Data,No Data,78221,78221,No,5NPEB4AC1BH094654,36,1 - MALE,N - NOT INJURED,0,1,1 - FRONT LEFT OR MOTORCYCLE DRIVER
20736983,Yes,SAN ANTONIO POLICE DEPARTMENT,SAPD25065945,SAN ANTONIO,DISREGARD STOP AND GO SIGNAL; FOLLOWED TOO CLOSELY,BEXAR,2025-04-03,N - NOT INJURED,0,NO DATA,187 - MISSION TRAIL BAPTIST HOSPITAL,2.696,60,No Data,No Data,No Data,78221,78221,No,5NPEB4AC1BH094654,15,1 - MALE,N - NOT INJURED,0,2,3 - FRONT RIGHT
20736983,Yes,SAN ANTONIO POLICE DEPARTMENT,SAPD25065945,SAN ANTONIO,DISREGARD STOP AND GO SIGNAL; FOLLOWED TOO CLOSELY,BEXAR,2025-04-03,N - NOT INJURED,0,NO DATA,187 - MISSION TRAIL BAPTIST HOSPITAL,2.696,60,No Data,No Data,No Data,78221,78221,No,5NPEB4AC1BH094654,10,1 - MALE,N - NOT INJURED,0,3,6 - SECOND SEAT RIGHT
20736984,Yes,BAYTOWN POLICE DEPARTMENT,2025-15810,BAYTOWN,DRIVER INATTENTION; FAILED TO CONTROL SPEED,HARRIS,2025-04-03,N - NOT INJURED,0,NO DATA,122 - HCA HOUSTON HEALTHCARE SOUTHEAST,14.837,,22 - FAILED TO CONTROL SPEED,No Data,No Data,77521,77521,No,3MEFM08146R604721,23,2 - FEMALE,N - NOT INJURED,0,1,1 - FRONT LEFT OR MOTORCYCLE DRIVER
20736993,Yes,GALVESTON COUNTY SHERIFF'S OFFICE,25-00001289,TEXAS CITY,FAILED TO CONTROL SPEED; FAULTY EVASIVE ACTION,GALVESTON,2025-04-03,B - SUSPECTED MINOR INJURY,0,NO DATA,117 - HCA HOUSTON HEALTHCARE MAINLAND,2.135,,22 - FAILED TO CONTROL SPEED,41 - FAULTY EVASIVE ACTION,No Data,77058,77058,No,5XYPK4A59KG451659,37,2 - FEMALE,B - SUSPECTED MINOR INJURY,1,1,1 - FRONT LEFT OR MOTORCYCLE DRIVER
20736993,Yes,GALVESTON COUNTY SHERIFF'S OFFICE,25-00001289,TEXAS CITY,FAILED TO CONTROL SPEED; FAULTY EVASIVE ACTION,GALVESTON,2025-04-03,B - SUSPECTED MINOR INJURY,0,NO DATA,117 - HCA HOUSTON HEALTHCARE MAINLAND,2.135,,22 - FAILED TO CONTROL SPEED,41 - FAULTY EVASIVE ACTION,No Data,77058,77058,No,5XYPK4A59KG451659,33,2 - FEMALE,B - SUSPECTED MINOR INJURY,1,2,3 - FRONT RIGHT
20736993,Yes,GALVESTON COUNTY SHERIFF'S OFFICE,25-00001289,TEXAS CITY,FAILED TO CONTROL SPEED; FAULTY EVASIVE ACTION,GALVESTON,2025-04-03,B - SUSPECTED MINOR INJURY,0,NO DATA,117 - HCA HOUSTON HEALTHCARE MAINLAND,2.135,,No Data,No Data,No Data,77498,77498,No,KL77LGE2XRC162123,43,1 - MALE,N - NOT INJURED,0,1,1 - FRONT LEFT OR MOTORCYCLE DRIVER
20736993,Yes,GALVESTON COUNTY SHERIFF'S OFFICE,25-00001289,TEXAS CITY,FAILED TO CONTROL SPEED; FAULTY EVASIVE ACTION,GALVESTON,2025-04-03,B - SUSPECTED MINOR INJURY,0,NO DATA,117 - HCA HOUSTON HEALTHCARE MAINLAND,2.135,,No Data,No Data,No Data,77568,77568,No,1FAHP35N48W133668,44,1 - MALE,N - NOT INJURED,0,1,1 - FRONT LEFT OR MOTORCYCLE DRIVER
20737002,Yes,HARRIS COUNTY CONSTABLE PRECINCT 2,2504-00032,OUTSIDE CITY LIMITS,FAILED TO YIELD RIGHT OF WAY - STOP SIGN,HARRIS,2025-04-03,N - NOT INJURED,0,NO DATA,166 - MEMORIAL HERMANN SOUTHEAST HOSPITAL,1.571,,35 - FAILED TO YIELD RIGHT OF WAY - STOP SIGN,No Data,No Data,77089,77089,No,1N4AL3AP3DC239285,19,2 - FEMALE,N - NOT INJURED,0,1,1 - FRONT LEFT OR MOTORCYCLE DRIVER
20737002,Yes,HARRIS COUNTY CONSTABLE PRECINCT 2,2504-00032,OUTSIDE CITY LIMITS,FAILED TO YIELD RIGHT OF WAY - STOP SIGN,HARRIS,2025-04-03,N - NOT INJURED,0,NO DATA,166 - MEMORIAL HERMANN SOUTHEAST HOSPITAL,1.571,,No Data,No Data,No Data,77089,77089,No,1GCEC19V2YZ141449,55,2 - FEMALE,N - NOT INJURED,0,1,1 - FRONT LEFT OR MOTORCYCLE DRIVER
20737002,Yes,HARRIS COUNTY CONSTABLE PRECINCT 2,2504-00032,OUTSIDE CITY LIMITS,FAILED TO YIELD RIGHT OF WAY - STOP SIGN,HARRIS,2025-04-03,N - NOT INJURED,0,NO DATA,166 - MEMORIAL HERMANN SOUTHEAST HOSPITAL,1.571,,No Data,No Data,No Data,77089,77089,No,1GCEC19V2YZ141449,11,1 - MALE,N - NOT INJURED,0,2,6 - SECOND SEAT RIGHT
20737023,Yes,PORTLAND POLICE DEPARTMENT,25P15435,PORTLAND,CHANGED LANE WHEN UNSAFE,SAN PATRICIO,2025-04-03,N - NOT INJURED,0,NO DATA,59 - CHRISTUS SPOHN HOSPITAL CORPUS CHRISTI SHORELINE,9.107,PH,4 - CHANGED LANE WHEN UNSAFE,No Data,No Data,78362,78362,No,2T3C1RFV7NC198601,41,1 - MALE,N - NOT INJURED,0,1,1 - FRONT LEFT OR MOTORCYCLE DRIVER
20737023,Yes,PORTLAND POLICE DEPARTMENT,25P15435,PORTLAND,CHANGED LANE WHEN UNSAFE,SAN PATRICIO,2025-04-03,N - NOT INJURED,0,NO DATA,59 - CHRISTUS SPOHN HOSPITAL CORPUS CHRISTI SHORELINE,9.107,PH,4 - CHANGED LANE WHEN UNSAFE,No Data,No Data,78362,78362,No,2T3C1RFV7NC198601,45,1 - MALE,N - NOT INJURED,0,2,3 - FRONT RIGHT
20737023,Yes,PORTLAND POLICE DEPARTMENT,25P15435,PORTLAND,CHANGED LANE WHEN UNSAFE,SAN PATRICIO,2025-04-03,N - NOT INJURED,0,NO DATA,59 - CHRISTUS SPOHN HOSPITAL CORPUS CHRISTI SHORELINE,9.107,PH,No Data,No Data,No Data,78374,78374,No,1C4RDHAG0LC381311,33,2 - FEMALE,N - NOT INJURED,0,1,1 - FRONT LEFT OR MOTORCYCLE DRIVER
20737038,Yes,SAN ANTONIO POLICE DEPARTMENT,SAPD25065998,SAN ANTONIO,FAILED TO YIELD RIGHT OF WAY - STOP SIGN,BEXAR,2025-04-03,B - SUSPECTED MINOR INJURY,0,NO DATA,187 - MISSION TRAIL BAPTIST HOSPITAL,4.755,60,35 - FAILED TO YIELD RIGHT OF WAY - STOP SIGN,No Data,No Data,78221,78221,No,1ZVFT80N755107792,39,2 - FEMALE,B - SUSPECTED MINOR INJURY,1,1,1 - FRONT LEFT OR MOTORCYCLE DRIVER
20737038,Yes,SAN ANTONIO POLICE DEPARTMENT,SAPD25065998,SAN ANTONIO,FAILED TO YIELD RIGHT OF WAY - STOP SIGN,BEXAR,2025-04-03,B - SUSPECTED MINOR INJURY,0,NO DATA,187 - MISSION TRAIL BAPTIST HOSPITAL,4.755,60,No Data,No Data,No Data,78221,78221,No,2T3ZFREV8EW096235,68,2 - FEMALE,B - SUSPECTED MINOR INJURY,1,1,1 - FRONT LEFT OR MOTORCYCLE DRIVER
20737043,Yes,WAXAHACHIE POLICE DEPARTMENT,250403-14411,WAXAHACHIE,FAILED TO CONTROL SPEED; FAULTY EVASIVE ACTION,ELLIS,2025-04-03,N - NOT INJURED,0,NO DATA,30 - BAYLOR SCOTT & WHITE MEDICAL CENTER AT WAXAHACHIE,0.16,,22 - FAILED TO CONTROL SPEED,No Data,No Data,75054,75054,No,1N6AA07AX4N511527,21,1 - MALE,N - NOT INJURED,0,1,1 - FRONT LEFT OR MOTORCYCLE DRIVER
20737045,Yes,WAXAHACHIE POLICE DEPARTMENT,250403-14445,WAXAHACHIE,DRIVER INATTENTION; FAILED TO CONTROL SPEED,ELLIS,2025-04-03,N - NOT INJURED,0,NO DATA,30 - BAYLOR SCOTT & WHITE MEDICAL CENTER AT WAXAHACHIE,1.282,,22 - FAILED TO CONTROL SPEED,20 - DRIVER INATTENTION,No Data,75165,75165,No,1FTEW1CPXGKF95098,51,1 - MALE,N - NOT INJURED,0,1,1 - FRONT LEFT OR MOTORCYCLE DRIVER
20737045,Yes,WAXAHACHIE POLICE DEPARTMENT,250403-14445,WAXAHACHIE,DRIVER INATTENTION; FAILED TO CONTROL SPEED,ELLIS,2025-04-03,N - NOT INJURED,0,NO DATA,30 - BAYLOR SCOTT & WHITE MEDICAL CENTER AT WAXAHACHIE,1.282,,No Data,No Data,No Data,75165,75165,No,1B3HB48B27D173873,48,2 - FEMALE,N - NOT INJURED,0,1,1 - FRONT LEFT OR MOTORCYCLE DRIVER
20737047,Yes,WAXAHACHIE POLICE DEPARTMENT,250403-14414,WAXAHACHIE,FAILED TO CONTROL SPEED,ELLIS,2025-04-03,B - SUSPECTED MINOR INJURY,0,NO DATA,30 - BAYLOR SCOTT & WHITE MEDICAL CENTER AT WAXAHACHIE,0.432,,22 - FAILED TO CONTROL SPEED,No Data,No Data,75165,75165,No,5XXG64J22MG032666,31,2 - FEMALE,B - SUSPECTED MINOR INJURY,1,1,1 - FRONT LEFT OR MOTORCYCLE DRIVER
20737047,Yes,WAXAHACHIE POLICE DEPARTMENT,250403-14414,WAXAHACHIE,FAILED TO CONTROL SPEED,ELLIS,2025-04-03,B - SUSPECTED MINOR INJURY,0,NO DATA,30 - BAYLOR SCOTT & WHITE MEDICAL CENTER AT WAXAHACHIE,0.432,,No Data,No Data,No Data,75165,75165,No,5TDCZRAHXLS013187,36,2 - FEMALE,C - POSSIBLE INJURY,0,1,1 - FRONT LEFT OR MOTORCYCLE DRIVER
20737047,Yes,WAXAHACHIE POLICE DEPARTMENT,250403-14414,WAXAHACHIE,FAILED TO CONTROL SPEED,ELLIS,2025-04-03,B - SUSPECTED MINOR INJURY,0,NO DATA,30 - BAYLOR SCOTT & WHITE MEDICAL CENTER AT WAXAHACHIE,0.432,,No Data,No Data,No Data,75165,75165,No,5TDCZRAHXLS013187,1,1 - MALE,C - POSSIBLE INJURY,0,2,4 - SECOND SEAT LEFT OR MOTORCYCLE BACK PASSENGER
20737059,Yes,CORPUS CHRISTI POLICE DEPARTMENT,C2501923,CORPUS CHRISTI,FAILED TO CONTROL SPEED,NUECES,2025-04-03,N - NOT INJURED,0,NO DATA,59 - CHRISTUS SPOHN HOSPITAL CORPUS CHRISTI SHORELINE,2.865,,22 - FAILED TO CONTROL SPEED,No Data,No Data,76693,78413,No,1N4AL11D76N354019,23,1 - MALE,N - NOT INJURED,0,1,1 - FRONT LEFT OR MOTORCYCLE DRIVER
20737059,Yes,CORPUS CHRISTI POLICE DEPARTMENT,C2501923,CORPUS CHRISTI,FAILED TO CONTROL SPEED,NUECES,2025-04-03,N - NOT INJURED,0,NO DATA,59 - CHRISTUS SPOHN HOSPITAL CORPUS CHRISTI SHORELINE,2.865,,No Data,No Data,No Data,77963,77963,No,3GCPCREC1GG179930,37,1 - MALE,N - NOT INJURED,0,1,1 - FRONT LEFT OR MOTORCYCLE DRIVER
20737069,Yes,DENTON POLICE DEPARTMENT,25055078,DENTON,FAILED TO YIELD RIGHT OF WAY - STOP SIGN,DENTON,2025-04-03,B - SUSPECTED MINOR INJURY,0,NO DATA,152 - MEDICAL CITY DENTON,4.678,,35 - FAILED TO YIELD RIGHT OF WAY - STOP SIGN,No Data,No Data,75253,801124223,No,1FTFX1E51JKF44125,47,1 - MALE,N - NOT INJURED,0,1,1 - FRONT LEFT OR MOTORCYCLE DRIVER
20737069,Yes,DENTON POLICE DEPARTMENT,25055078,DENTON,FAILED TO YIELD RIGHT OF WAY - STOP SIGN,DENTON,2025-04-03,B - SUSPECTED MINOR INJURY,0,NO DATA,152 - MEDICAL CITY DENTON,4.678,,35 - FAILED TO YIELD RIGHT OF WAY - STOP SIGN,No Data,No Data,75253,801124223,No,1FTFX1E51JKF44125,41,1 - MALE,B - SUSPECTED MINOR INJURY,1,2,3 - FRONT RIGHT
20737069,Yes,DENTON POLICE DEPARTMENT,25055078,DENTON,FAILED TO YIELD RIGHT OF WAY - STOP SIGN,DENTON,2025-04-03,B - SUSPECTED MINOR INJURY,0,NO DATA,152 - MEDICAL CITY DENTON,4.678,,35 - FAILED TO YIELD RIGHT OF WAY - STOP SIGN,No Data,No Data,75253,801124223,No,1FTFX1E51JKF44125,27,1 - MALE,C - POSSIBLE INJURY,0,3,6 - SECOND SEAT RIGHT
20737069,Yes,DENTON POLICE DEPARTMENT,25055078,DENTON,FAILED TO YIELD RIGHT OF WAY - STOP SIGN,DENTON,2025-04-03,B - SUSPECTED MINOR INJURY,0,NO DATA,152 - MEDICAL CITY DENTON,4.678,,No Data,No Data,No Data,75077,75077,No,JN1HZ14S4GX164270,17,1 - MALE,N - NOT INJURED,0,1,1 - FRONT LEFT OR MOTORCYCLE DRIVER
20737073,Yes,LEWISVILLE POLICE DEPARTMENT,25-02638,LEWISVILLE,CHANGED LANE WHEN UNSAFE; DRIVER INATTENTION,DENTON,2025-04-03,N - NOT INJURED,0,NO DATA,156 - MEDICAL CITY LEWISVILLE,2.757,,4 - CHANGED LANE WHEN UNSAFE,No Data,No Data,75067,75067,No,1NXBR32E68Z050748,20,1 - MALE,N - NOT INJURED,0,1,1 - FRONT LEFT OR MOTORCYCLE DRIVER
20737073,Yes,LEWISVILLE POLICE DEPARTMENT,25-02638,LEWISVILLE,CHANGED LANE WHEN UNSAFE; DRIVER INATTENTION,DENTON,2025-04-03,N - NOT INJURED,0,NO DATA,156 - MEDICAL CITY LEWISVILLE,2.757,,No Data,No Data,No Data,75068,75068,No,3GTU2WEJ7FG323420,29,1 - MALE,N - NOT INJURED,0,1,1 - FRONT LEFT OR MOTORCYCLE DRIVER
20737075,Yes,MAVERICK COUNTY SHERIFF'S OFFICE,MC25001129,OUTSIDE CITY LIMITS,DISREGARD STOP SIGN OR LIGHT; DISTRACTION IN VEHICLE,MAVERICK,2025-04-03,99 - UNKNOWN,0,NO DATA,101 - FORT DUNCAN REGIONAL MEDICAL CENTER,3.824,,16 - DISREGARD STOP SIGN OR LIGHT,No Data,No Data,78852,78852,No,1FAHP35NX8W228283,48,2 - FEMALE,99 - UNKNOWN,0,1,1 - FRONT LEFT OR MOTORCYCLE DRIVER
20737075,Yes,MAVERICK COUNTY SHERIFF'S OFFICE,MC25001129,OUTSIDE CITY LIMITS,DISREGARD STOP SIGN OR LIGHT; DISTRACTION IN VEHICLE,MAVERICK,2025-04-03,99 - UNKNOWN,0,NO DATA,101 - FORT DUNCAN REGIONAL MEDICAL CENTER,3.824,,No Data,No Data,No Data,78852,78852,No,ZACNJABB5KPK05072,28,2 - FEMALE,99 - UNKNOWN,0,1,1 - FRONT LEFT OR MOTORCYCLE DRIVER
20737075,Yes,MAVERICK COUNTY SHERIFF'S OFFICE,MC25001129,OUTSIDE CITY LIMITS,DISREGARD STOP SIGN OR LIGHT; DISTRACTION IN VEHICLE,MAVERICK,2025-04-03,99 - UNKNOWN,0,NO DATA,101 - FORT DUNCAN REGIONAL MEDICAL CENTER,3.824,,No Data,No Data,No Data,78852,78852,No,ZACNJABB5KPK05072,29,2 - FEMALE,99 - UNKNOWN,0,2,3 - FRONT RIGHT
20737077,Yes,SAN ANTONIO POLICE DEPARTMENT,SAPD25065822,SAN ANTONIO,CHANGED LANE WHEN UNSAFE,BEXAR,2025-04-03,N - NOT INJURED,0,NO DATA,34 - BROOKE ARMY MEDICAL CENTER,4.816,70,4 - CHANGED LANE WHEN UNSAFE,No Data,No Data,78256,78015,No,WBA4A5C59FGK15621,30,2 - FEMALE,N - NOT INJURED,0,1,1 - FRONT LEFT OR MOTORCYCLE DRIVER
20737077,Yes,SAN ANTONIO POLICE DEPARTMENT,SAPD25065822,SAN ANTONIO,CHANGED LANE WHEN UNSAFE,BEXAR,2025-04-03,N - NOT INJURED,0,NO DATA,34 - BROOKE ARMY MEDICAL CENTER,4.816,70,No Data,No Data,No Data,78230,78852,No,4T1B11HK4KU258966,24,1 - MALE,N - NOT INJURED,0,1,1 - FRONT LEFT OR MOTORCYCLE DRIVER
20737078,Yes,SAN ANTONIO POLICE DEPARTMENT,SAPD25065827,SAN ANTONIO,CHANGED LANE WHEN UNSAFE;FAILED TO YIELD RIGHT OF WAY - YIELD SIGN;TURNED WHEN UNSAFE,BEXAR,2025-04-03,99 - UNKNOWN,0,NO DATA,181 - METHODIST SPECIALTY & TRANSPLANT HOSPITAL,2.117,70,66 - TURNED WHEN UNSAFE,4 - CHANGED LANE WHEN UNSAFE,39 - FAILED TO YIELD RIGHT OF WAY - YIELD SIGN,,No Data,Yes,No Data,No Data,99 - UNKNOWN,99 - UNKNOWN,0,1,1 - FRONT LEFT OR MOTORCYCLE DRIVER
20737081,Yes,MARBLE FALLS POLICE DEPARTMENT,25MF04017,MARBLE FALLS,FAILED TO YIELD RIGHT OF WAY - TURNING LEFT,BURNET,2025-04-03,B - SUSPECTED MINOR INJURY,0,NO DATA,23 - BAYLOR SCOTT & WHITE MEDICAL CENTER - MARBLE FALLS,5.002,,37 - FAILED TO YIELD RIGHT OF WAY - TURNING LEFT,No Data,No Data,78654,78654,No,5XYRHDLF8PG224368,80,2 - FEMALE,C - POSSIBLE INJURY,0,1,1 - FRONT LEFT OR MOTORCYCLE DRIVER
20737081,Yes,MARBLE FALLS POLICE DEPARTMENT,25MF04017,MARBLE FALLS,FAILED TO YIELD RIGHT OF WAY - TURNING LEFT,BURNET,2025-04-03,B - SUSPECTED MINOR INJURY,0,NO DATA,23 - BAYLOR SCOTT & WHITE MEDICAL CENTER - MARBLE FALLS,5.002,,No Data,No Data,No Data,78639,78639,No,1GCDC14Z7PZ247707,54,1 - MALE,B - SUSPECTED MINOR INJURY,1,1,1 - FRONT LEFT OR MOTORCYCLE DRIVER
20737083,Yes,SNYDER POLICE DEPARTMENT,,SNYDER,DRIVER INATTENTION; FAILED TO CONTROL SPEED,SCURRY,2025-04-03,N - NOT INJURED,0,NO DATA,67 - COGDELL MEMORIAL HOSPITAL,1.597,,22 - FAILED TO CONTROL SPEED,20 - DRIVER INATTENTION,No Data,79549,79549,No,1FD0W4GT5FEB32412,19,1 - MALE,N - NOT INJURED,0,1,1 - FRONT LEFT OR MOTORCYCLE DRIVER
20737083,Yes,SNYDER POLICE DEPARTMENT,,SNYDER,DRIVER INATTENTION; FAILED TO CONTROL SPEED,SCURRY,2025-04-03,N - NOT INJURED,0,NO DATA,67 - COGDELL MEMORIAL HOSPITAL,1.597,,No Data,No Data,No Data,79549,79549,No,No Data,32,1 - MALE,N - NOT INJURED,0,1,1 - FRONT LEFT OR MOTORCYCLE DRIVER
20737084,Yes,CLUTE POLICE DEPARTMENT,202508406,CLUTE,FAILED TO YIELD RIGHT OF WAY - PRIVATE DRIVE,BRAZORIA,2025-04-03,N - NOT INJURED,0,NO DATA,285 - UTMB HEALTH ANGLETON DANBURY CAMPUS,11.618,,34 - FAILED TO YIELD RIGHT OF WAY - PRIVATE DRIVE,No Data,No Data,77531,77531,No,4T1K31AKXNU576101,48,1 - MALE,N - NOT INJURED,0,1,1 - FRONT LEFT OR MOTORCYCLE DRIVER
20737084,Yes,CLUTE POLICE DEPARTMENT,202508406,CLUTE,FAILED TO YIELD RIGHT OF WAY - PRIVATE DRIVE,BRAZORIA,2025-04-03,N - NOT INJURED,0,NO DATA,285 - UTMB HEALTH ANGLETON DANBURY CAMPUS,11.618,,No Data,No Data,No Data,77515,77515,No,JN8AS5MT8DW504707,47,2 - FEMALE,N - NOT INJURED,0,1,1 - FRONT LEFT OR MOTORCYCLE DRIVER
20737090,Yes,DALLAS POLICE DEPARTMENT,46535-2025,DALLAS,FAILED TO YIELD RIGHT OF WAY - TURNING LEFT;FAULTY EVASIVE ACTION,DALLAS,2025-04-03,C - POSSIBLE INJURY,0,NO DATA,85 - DALLAS REGIONAL MEDICAL CENTER,5.669,,41 - FAULTY EVASIVE ACTION,No Data,No Data,75150,75150,No,1G1PA5SH9E7482308,41,1 - MALE,N - NOT INJURED,0,1,1 - FRONT LEFT OR MOTORCYCLE DRIVER
20737090,Yes,DALLAS POLICE DEPARTMENT,46535-2025,DALLAS,FAILED TO YIELD RIGHT OF WAY - TURNING LEFT;FAULTY EVASIVE ACTION,DALLAS,2025-04-03,C - POSSIBLE INJURY,0,NO DATA,85 - DALLAS REGIONAL MEDICAL CENTER,5.669,,41 - FAULTY EVASIVE ACTION,No Data,No Data,75150,75150,No,1G1PA5SH9E7482308,46,1 - MALE,C - POSSIBLE INJURY,0,2,3 - FRONT RIGHT
20737090,Yes,DALLAS POLICE DEPARTMENT,46535-2025,DALLAS,FAILED TO YIELD RIGHT OF WAY - TURNING LEFT;FAULTY EVASIVE ACTION,DALLAS,2025-04-03,C - POSSIBLE INJURY,0,NO DATA,85 - DALLAS REGIONAL MEDICAL CENTER,5.669,,No Data,No Data,No Data,75217,75217,No,1G1XX68R2FW129470,67,1 - MALE,C - POSSIBLE INJURY,0,1,1 - FRONT LEFT OR MOTORCYCLE DRIVER
20737090,Yes,DALLAS POLICE DEPARTMENT,46535-2025,DALLAS,FAILED TO YIELD RIGHT OF WAY - TURNING LEFT;FAULTY EVASIVE ACTION,DALLAS,2025-04-03,C - POSSIBLE INJURY,0,NO DATA,85 - DALLAS REGIONAL MEDICAL CENTER,5.669,,37 - FAILED TO YIELD RIGHT OF WAY - TURNING LEFT,No Data,No Data,75217,75217,No,3N1CN7AP5EL835057,37,2 - FEMALE,N - NOT INJURED,0,1,1 - FRONT LEFT OR MOTORCYCLE DRIVER
20737098,Yes,SAM HOUSTON STATE UNIVERSITY POLICE DEPARTMENT,2500005019,HUNTSVILLE,DRIVER INATTENTION;FAILED TO YIELD RIGHT OF WAY - STOP SIGN,WALKER,2025-04-03,N - NOT INJURED,0,NO DATA,132 - HUNTSVILLE MEMORIAL HOSPITAL,1.466,,35 - FAILED TO YIELD RIGHT OF WAY - STOP SIGN,20 - DRIVER INATTENTION,No Data,75771,75771,No,2T2BZMCA7JC154055,18,2 - FEMALE,N - NOT INJURED,0,1,1 - FRONT LEFT OR MOTORCYCLE DRIVER
20737098,Yes,SAM HOUSTON STATE UNIVERSITY POLICE DEPARTMENT,2500005019,HUNTSVILLE,DRIVER INATTENTION;FAILED TO YIELD RIGHT OF WAY - STOP SIGN,WALKER,2025-04-03,N - NOT INJURED,0,NO DATA,132 - HUNTSVILLE MEMORIAL HOSPITAL,1.466,,No Data,No Data,No Data,77515,77515,No,4T4BF1FK3FR456177,19,2 - FEMALE,N - NOT INJURED,0,1,1 - FRONT LEFT OR MOTORCYCLE DRIVER
20737100,Yes,DENISON POLICE DEPARTMENT,2025-7417,DENISON,DISTRACTION IN VEHICLE; DRIVER INATTENTION; FAILED TO CONTROL SPEED,GRAYSON,2025-04-03,N - NOT INJURED,0,NO DATA,265 - TEXOMA MEDICAL CENTER,4.179,,19 - DISTRACTION IN VEHICLE,20 - DRIVER INATTENTION,22 - FAILED TO CONTROL SPEED,75021,75021,No,1N4AL2APXCN504913,16,1 - MALE,N - NOT INJURED,0,1,1 - FRONT LEFT OR MOTORCYCLE DRIVER
20737100,Yes,DENISON POLICE DEPARTMENT,2025-7417,DENISON,DISTRACTION IN VEHICLE; DRIVER INATTENTION; FAILED TO CONTROL SPEED,GRAYSON,2025-04-03,N - NOT INJURED,0,NO DATA,265 - TEXOMA MEDICAL CENTER,4.179,,No Data,No Data,No Data,74733,74733,No,3GCPCREH8EG532706,21,1 - MALE,N - NOT INJURED,0,1,1 - FRONT LEFT OR MOTORCYCLE DRIVER
20737100,Yes,DENISON POLICE DEPARTMENT,2025-7417,DENISON,DISTRACTION IN VEHICLE; DRIVER INATTENTION; FAILED TO CONTROL SPEED,GRAYSON,2025-04-03,N - NOT INJURED,0,NO DATA,265 - TEXOMA MEDICAL CENTER,4.179,,No Data,No Data,No Data,74733,74733,No,3GCPCREH8EG532706,20,1 - MALE,N - NOT INJURED,0,2,3 - FRONT RIGHT
20737122,Yes,EL PASO POLICE DEPARTMENT,25-093095,EL PASO,DRIVER INATTENTION;OTHER (EXPLAIN IN NARRATIVE),EL PASO,2025-04-03,N - NOT INJURED,0,NO DATA,276 - UNIVERSITY MEDICAL CENTER OF EL PASO,1.827,,20 - DRIVER INATTENTION,No Data,No Data,79915,79901,No,1GB5YLE78MF231659,24,1 - MALE,N - NOT INJURED,0,1,1 - FRONT LEFT OR MOTORCYCLE DRIVER
20737122,Yes,EL PASO POLICE DEPARTMENT,25-093095,EL PASO,DRIVER INATTENTION;OTHER (EXPLAIN IN NARRATIVE),EL PASO,2025-04-03,N - NOT INJURED,0,NO DATA,276 - UNIVERSITY MEDICAL CENTER OF EL PASO,1.827,,98 - OTHER (EXPLAIN IN NARRATIVE),No Data,No Data,79938,79938,No,19XFB2F73FE299083,53,2 - FEMALE,N - NOT INJURED,0,1,1 - FRONT LEFT OR MOTORCYCLE DRIVER
20737127,Yes,ANGLETON POLICE DEPARTMENT,2025000533,ANGLETON,UNSAFE SPEED,BRAZORIA,2025-04-03,N - NOT INJURED,0,NO DATA,285 - UTMB HEALTH ANGLETON DANBURY CAMPUS,3.251,,60 - UNSAFE SPEED,No Data,No Data,77365,77338,No,3ALACWDT5EDFM4065,29,1 - MALE,N - NOT INJURED,0,1,1 - FRONT LEFT OR MOTORCYCLE DRIVER
20737127,Yes,ANGLETON POLICE DEPARTMENT,2025000533,ANGLETON,UNSAFE SPEED,BRAZORIA,2025-04-03,N - NOT INJURED,0,NO DATA,285 - UTMB HEALTH ANGLETON DANBURY CAMPUS,3.251,,No Data,No Data,No Data,77583,77583,No,3GCPCSE03BG147146,30,1 - MALE,N - NOT INJURED,0,1,1 - FRONT LEFT OR MOTORCYCLE DRIVER
20737127,Yes,ANGLETON POLICE DEPARTMENT,2025000533,ANGLETON,UNSAFE SPEED,BRAZORIA,2025-04-03,N - NOT INJURED,0,NO DATA,285 - UTMB HEALTH ANGLETON DANBURY CAMPUS,3.251,,No Data,No Data,No Data,78405,77578,No,2GCPACED9P1120435,55,1 - MALE,N - NOT INJURED,0,1,1 - FRONT LEFT OR MOTORCYCLE DRIVER
20737128,Yes,CANTON POLICE DEPARTMENT,25-001790,CANTON,DRIVER INATTENTION; FAILED TO CONTROL SPEED,VAN ZANDT,2025-04-03,N - NOT INJURED,0,NO DATA,279 - UT HEALTH EAST TEXAS ATHENS HOSPITAL,25.753,,20 - DRIVER INATTENTION,22 - FAILED TO CONTROL SPEED,No Data,75103,75103,No,1N6AA1E68HN535917,37,1 - MALE,N - NOT INJURED,0,1,1 - FRONT LEFT OR MOTORCYCLE DRIVER
20737128,Yes,CANTON POLICE DEPARTMENT,25-001790,CANTON,DRIVER INATTENTION; FAILED TO CONTROL SPEED,VAN ZANDT,2025-04-03,N - NOT INJURED,0,NO DATA,279 - UT HEALTH EAST TEXAS ATHENS HOSPITAL,25.753,,No Data,No Data,No Data,75103,75103,No,1GT12SEY8KF276628,26,1 - MALE,N - NOT INJURED,0,1,1 - FRONT LEFT OR MOTORCYCLE DRIVER
20737130,Yes,CORPUS CHRISTI POLICE DEPARTMENT,C2501930,CORPUS CHRISTI,FAILED TO YIELD RIGHT OF WAY - PRIVATE DRIVE,NUECES,2025-04-03,N - NOT INJURED,0,NO DATA,61 - CHRISTUS SPOHN HOSPITAL CORPUS CHRISTI SOUTH,2.416,,34 - FAILED TO YIELD RIGHT OF WAY - PRIVATE DRIVE,No Data,No Data,78412,78412,No,KNDJ23AU7N7803341,41,2 - FEMALE,N - NOT INJURED,0,1,1 - FRONT LEFT OR MOTORCYCLE DRIVER
20737130,Yes,CORPUS CHRISTI POLICE DEPARTMENT,C2501930,CORPUS CHRISTI,FAILED TO YIELD RIGHT OF WAY - PRIVATE DRIVE,NUECES,2025-04-03,N - NOT INJURED,0,NO DATA,61 - CHRISTUS SPOHN HOSPITAL CORPUS CHRISTI SOUTH,2.416,,34 - FAILED TO YIELD RIGHT OF WAY - PRIVATE DRIVE,No Data,No Data,78412,78412,No,KNDJ23AU7N7803341,42,1 - MALE,N - NOT INJURED,0,2,3 - FRONT RIGHT
20737130,Yes,CORPUS CHRISTI POLICE DEPARTMENT,C2501930,CORPUS CHRISTI,FAILED TO YIELD RIGHT OF WAY - PRIVATE DRIVE,NUECES,2025-04-03,N - NOT INJURED,0,NO DATA,61 - CHRISTUS SPOHN HOSPITAL CORPUS CHRISTI SOUTH,2.416,,34 - FAILED TO YIELD RIGHT OF WAY - PRIVATE DRIVE,No Data,No Data,78412,78412,No,KNDJ23AU7N7803341,44,1 - MALE,N - NOT INJURED,0,3,6 - SECOND SEAT RIGHT
20737130,Yes,CORPUS CHRISTI POLICE DEPARTMENT,C2501930,CORPUS CHRISTI,FAILED TO YIELD RIGHT OF WAY - PRIVATE DRIVE,NUECES,2025-04-03,N - NOT INJURED,0,NO DATA,61 - CHRISTUS SPOHN HOSPITAL CORPUS CHRISTI SOUTH,2.416,,No Data,No Data,No Data,78413,78413,No,1FT7W2BT6KEC48968,78,1 - MALE,N - NOT INJURED,0,1,1 - FRONT LEFT OR MOTORCYCLE DRIVER
20737130,Yes,CORPUS CHRISTI POLICE DEPARTMENT,C2501930,CORPUS CHRISTI,FAILED TO YIELD RIGHT OF WAY - PRIVATE DRIVE,NUECES,2025-04-03,N - NOT INJURED,0,NO DATA,61 - CHRISTUS SPOHN HOSPITAL CORPUS CHRISTI SOUTH,2.416,,No Data,No Data,No Data,78413,78413,No,1FT7W2BT6KEC48968,78,2 - FEMALE,N - NOT INJURED,0,2,3 - FRONT RIGHT
20737135,Yes,ODESSA POLICE DEPARTMENT,25-0003551,ODESSA,CHANGED LANE WHEN UNSAFE,ECTOR,2025-04-03,B - SUSPECTED MINOR INJURY,0,NO DATA,147 - MEDICAL CENTER HOSPITAL,1.705,,4 - CHANGED LANE WHEN UNSAFE,No Data,No Data,307056,300167,No,5PVNJ8JV6K4S72706,54,1 - MALE,B - SUSPECTED MINOR INJURY,1,1,1 - FRONT LEFT OR MOTORCYCLE DRIVER
20737135,Yes,ODESSA POLICE DEPARTMENT,25-0003551,ODESSA,CHANGED LANE WHEN UNSAFE,ECTOR,2025-04-03,B - SUSPECTED MINOR INJURY,0,NO DATA,147 - MEDICAL CENTER HOSPITAL,1.705,,No Data,No Data,No Data,No Data,79758,No,3C63RRJL2MG649209,43,1 - MALE,N - NOT INJURED,0,1,1 - FRONT LEFT OR MOTORCYCLE DRIVER
20737141,Yes,FORT BEND COUNTY SHERIFF'S OFFICE,25-13217,OUTSIDE CITY LIMITS,FAILED TO YIELD RIGHT OF WAY - YIELD SIGN,FORT BEND,2025-04-03,N - NOT INJURED,0,NO DATA,180 - MEMORIAL HERMANN SUGAR LAND HOSPITAL,0.873,04,39 - FAILED TO YIELD RIGHT OF WAY - YIELD SIGN,No Data,No Data,77479,77479,No,JTJYARBZ0H2066125,73,2 - FEMALE,N - NOT INJURED,0,1,1 - FRONT LEFT OR MOTORCYCLE DRIVER
20737141,Yes,FORT BEND COUNTY SHERIFF'S OFFICE,25-13217,OUTSIDE CITY LIMITS,FAILED TO YIELD RIGHT OF WAY - YIELD SIGN,FORT BEND,2025-04-03,N - NOT INJURED,0,NO DATA,180 - MEMORIAL HERMANN SUGAR LAND HOSPITAL,0.873,04,No Data,No Data,No Data,77084,77407,No,1FVHCYFE0PHNU9130,61,1 - MALE,N - NOT INJURED,0,1,1 - FRONT LEFT OR MOTORCYCLE DRIVER
20737142,Yes,FORT BEND COUNTY SHERIFF'S OFFICE,25-13215,RICHMOND,FAILED TO DRIVE IN SINGLE LANE,FORT BEND,2025-04-03,N - NOT INJURED,0,NO DATA,203 - OAKBEND MEDICAL CENTER ***JS MAIN CAMPUS,3.804,01,23 - FAILED TO DRIVE IN SINGLE LANE,No Data,No Data,77494,77494,No,KNDEU2AA6R7655135,29,2 - FEMALE,N - NOT INJURED,0,1,1 - FRONT LEFT OR MOTORCYCLE DRIVER
20737142,Yes,FORT BEND COUNTY SHERIFF'S OFFICE,25-13215,RICHMOND,FAILED TO DRIVE IN SINGLE LANE,FORT BEND,2025-04-03,N - NOT INJURED,0,NO DATA,203 - OAKBEND MEDICAL CENTER ***JS MAIN CAMPUS,3.804,01,No Data,No Data,No Data,77469,77493,No,1G1YY23P2P5117083,44,1 - MALE,N - NOT INJURED,0,1,1 - FRONT LEFT OR MOTORCYCLE DRIVER
20737145,Yes,ROWLETT POLICE DEPARTMENT,25016602,ROWLETT,DISTRACTION IN VEHICLE; FAILED TO CONTROL SPEED,DALLAS,2025-04-03,C - POSSIBLE INJURY,0,NO DATA,19 - BAYLOR SCOTT & WHITE MEDICAL CENTER - LAKE POINTE,2.165,,19 - DISTRACTION IN VEHICLE,22 - FAILED TO CONTROL SPEED,No Data,75089,75089,No,1GNERKKW8PJ324172,45,2 - FEMALE,N - NOT INJURED,0,1,1 - FRONT LEFT OR MOTORCYCLE DRIVER
20737145,Yes,ROWLETT POLICE DEPARTMENT,25016602,ROWLETT,DISTRACTION IN VEHICLE; FAILED TO CONTROL SPEED,DALLAS,2025-04-03,C - POSSIBLE INJURY,0,NO DATA,19 - BAYLOR SCOTT & WHITE MEDICAL CENTER - LAKE POINTE,2.165,,19 - DISTRACTION IN VEHICLE,22 - FAILED TO CONTROL SPEED,No Data,75089,75089,No,1GNERKKW8PJ324172,15,1 - MALE,N - NOT INJURED,0,2,3 - FRONT RIGHT
20737145,Yes,ROWLETT POLICE DEPARTMENT,25016602,ROWLETT,DISTRACTION IN VEHICLE; FAILED TO CONTROL SPEED,DALLAS,2025-04-03,C - POSSIBLE INJURY,0,NO DATA,19 - BAYLOR SCOTT & WHITE MEDICAL CENTER - LAKE POINTE,2.165,,19 - DISTRACTION IN VEHICLE,22 - FAILED TO CONTROL SPEED,No Data,75089,75089,No,1GNERKKW8PJ324172,22,2 - FEMALE,N - NOT INJURED,0,3,4 - SECOND SEAT LEFT OR MOTORCYCLE BACK PASSENGER
20737145,Yes,ROWLETT POLICE DEPARTMENT,25016602,ROWLETT,DISTRACTION IN VEHICLE; FAILED TO CONTROL SPEED,DALLAS,2025-04-03,C - POSSIBLE INJURY,0,NO DATA,19 - BAYLOR SCOTT & WHITE MEDICAL CENTER - LAKE POINTE,2.165,,No Data,No Data,No Data,75089,75409,No,KNMAT2MT7GP712468,41,2 - FEMALE,C - POSSIBLE INJURY,0,1,1 - FRONT LEFT OR MOTORCYCLE DRIVER
20737145,Yes,ROWLETT POLICE DEPARTMENT,25016602,ROWLETT,DISTRACTION IN VEHICLE; FAILED TO CONTROL SPEED,DALLAS,2025-04-03,C - POSSIBLE INJURY,0,NO DATA,19 - BAYLOR SCOTT & WHITE MEDICAL CENTER - LAKE POINTE,2.165,,No Data,No Data,No Data,75089,75409,No,KNMAT2MT7GP712468,16,2 - FEMALE,C - POSSIBLE INJURY,0,2,3 - FRONT RIGHT
20737145,Yes,ROWLETT POLICE DEPARTMENT,25016602,ROWLETT,DISTRACTION IN VEHICLE; FAILED TO CONTROL SPEED,DALLAS,2025-04-03,C - POSSIBLE INJURY,0,NO DATA,19 - BAYLOR SCOTT & WHITE MEDICAL CENTER - LAKE POINTE,2.165,,No Data,No Data,No Data,75089,75089,No,KNMAT2MT6GP605993,46,2 - FEMALE,N - NOT INJURED,0,1,1 - FRONT LEFT OR MOTORCYCLE DRIVER
20737145,Yes,ROWLETT POLICE DEPARTMENT,25016602,ROWLETT,DISTRACTION IN VEHICLE; FAILED TO CONTROL SPEED,DALLAS,2025-04-03,C - POSSIBLE INJURY,0,NO DATA,19 - BAYLOR SCOTT & WHITE MEDICAL CENTER - LAKE POINTE,2.165,,No Data,No Data,No Data,75089,75089,No,KNMAT2MT6GP605993,42,2 - FEMALE,N - NOT INJURED,0,2,3 - FRONT RIGHT
20737147,Yes,HARRIS COUNTY CONSTABLE PRECINCT 4,250400380,OUTSIDE CITY LIMITS,OTHER (EXPLAIN IN NARRATIVE),HARRIS,2025-04-03,N - NOT INJURED,0,NO DATA,120 - HCA HOUSTON HEALTHCARE NORTHWEST,2.156,,98 - OTHER (EXPLAIN IN NARRATIVE),No Data,No Data,77040,77092,No,3C6MRVHG9PE592528,23,1 - MALE,N - NOT INJURED,0,1,1 - FRONT LEFT OR MOTORCYCLE DRIVER
20737147,Yes,HARRIS COUNTY CONSTABLE PRECINCT 4,250400380,OUTSIDE CITY LIMITS,OTHER (EXPLAIN IN NARRATIVE),HARRIS,2025-04-03,N - NOT INJURED,0,NO DATA,120 - HCA HOUSTON HEALTHCARE NORTHWEST,2.156,,No Data,No Data,No Data,77080,77080,No,3C7WRSCL9JG159679,29,1 - MALE,N - NOT INJURED,0,1,1 - FRONT LEFT OR MOTORCYCLE DRIVER
20737151,Yes,CORPUS CHRISTI POLICE DEPARTMENT,C2501928,CORPUS CHRISTI,DISREGARD STOP AND GO SIGNAL,NUECES,2025-04-03,N - NOT INJURED,0,NO DATA,95 - DRISCOLL CHILDRENS HOSPITAL,2.233,,15 - DISREGARD STOP AND GO SIGNAL,No Data,No Data,78412,78404,No,JN1CV6EK7AM100914,61,2 - FEMALE,N - NOT INJURED,0,1,1 - FRONT LEFT OR MOTORCYCLE DRIVER
20737151,Yes,CORPUS CHRISTI POLICE DEPARTMENT,C2501928,CORPUS CHRISTI,DISREGARD STOP AND GO SIGNAL,NUECES,2025-04-03,N - NOT INJURED,0,NO DATA,95 - DRISCOLL CHILDRENS HOSPITAL,2.233,,No Data,No Data,No Data,78374,78374,No,3GCPCREC7JG196643,65,1 - MALE,N - NOT INJURED,0,1,1 - FRONT LEFT OR MOTORCYCLE DRIVER
20737153,No,ALIEF ISD POLICE DEPARTMENT,2500261,HOUSTON,DRIVER INATTENTION,HARRIS,2025-04-03,N - NOT INJURED,0,NO DATA,121 - HCA HOUSTON HEALTHCARE WEST,2.811,0,20 - DRIVER INATTENTION,No Data,No Data,77407,77083,No,1FDFE4FS1GDC05546,59,2 - FEMALE,N - NOT INJURED,0,1,1 - FRONT LEFT OR MOTORCYCLE DRIVER
20737153,No,ALIEF ISD POLICE DEPARTMENT,2500261,HOUSTON,DRIVER INATTENTION,HARRIS,2025-04-03,N - NOT INJURED,0,NO DATA,121 - HCA HOUSTON HEALTHCARE WEST,2.811,0,20 - DRIVER INATTENTION,No Data,No Data,77407,77083,No,1FDFE4FS1GDC05546,24,2 - FEMALE,N - NOT INJURED,0,2,14 - PASSENGER IN BUS
20737153,No,ALIEF ISD POLICE DEPARTMENT,2500261,HOUSTON,DRIVER INATTENTION,HARRIS,2025-04-03,N - NOT INJURED,0,NO DATA,121 - HCA HOUSTON HEALTHCARE WEST,2.811,0,20 - DRIVER INATTENTION,No Data,No Data,77433,77030,No,1F66F5DNXP0A05389,39,1 - MALE,N - NOT INJURED,0,1,1 - FRONT LEFT OR MOTORCYCLE DRIVER
20737153,No,ALIEF ISD POLICE DEPARTMENT,2500261,HOUSTON,DRIVER INATTENTION,HARRIS,2025-04-03,N - NOT INJURED,0,NO DATA,121 - HCA HOUSTON HEALTHCARE WEST,2.811,0,20 - DRIVER INATTENTION,No Data,No Data,77433,77030,No,1F66F5DNXP0A05389,22,2 - FEMALE,N - NOT INJURED,0,2,14 - PASSENGER IN BUS
20737153,No,ALIEF ISD POLICE DEPARTMENT,2500261,HOUSTON,DRIVER INATTENTION,HARRIS,2025-04-03,N - NOT INJURED,0,NO DATA,121 - HCA HOUSTON HEALTHCARE WEST,2.811,0,20 - DRIVER INATTENTION,No Data,No Data,77433,77030,No,1F66F5DNXP0A05389,50,2 - FEMALE,N - NOT INJURED,0,3,14 - PASSENGER IN BUS
20737153,No,ALIEF ISD POLICE DEPARTMENT,2500261,HOUSTON,DRIVER INATTENTION,HARRIS,2025-04-03,N - NOT INJURED,0,NO DATA,121 - HCA HOUSTON HEALTHCARE WEST,2.811,0,20 - DRIVER INATTENTION,No Data,No Data,77433,77030,No,1F66F5DNXP0A05389,40,2 - FEMALE,N - NOT INJURED,0,4,14 - PASSENGER IN BUS
20737159,Yes,CORPUS CHRISTI POLICE DEPARTMENT,C2501929,CORPUS CHRISTI,FAILED TO STOP AT PROPER PLACE,NUECES,2025-04-03,N - NOT INJURED,0,NO DATA,59 - CHRISTUS SPOHN HOSPITAL CORPUS CHRISTI SHORELINE,1.012,,29 - FAILED TO STOP AT PROPER PLACE,No Data,No Data,78414,78410,No,3GNAXKEV1NL293442,29,1 - MALE,N - NOT INJURED,0,1,1 - FRONT LEFT OR MOTORCYCLE DRIVER
20737159,Yes,CORPUS CHRISTI POLICE DEPARTMENT,C2501929,CORPUS CHRISTI,FAILED TO STOP AT PROPER PLACE,NUECES,2025-04-03,N - NOT INJURED,0,NO DATA,59 - CHRISTUS SPOHN HOSPITAL CORPUS CHRISTI SHORELINE,1.012,,No Data,No Data,No Data,78413,78413,No,1FTPW14525KE13428,39,1 - MALE,N - NOT INJURED,0,1,1 - FRONT LEFT OR MOTORCYCLE DRIVER
20737159,Yes,CORPUS CHRISTI POLICE DEPARTMENT,C2501929,CORPUS CHRISTI,FAILED TO STOP AT PROPER PLACE,NUECES,2025-04-03,N - NOT INJURED,0,NO DATA,59 - CHRISTUS SPOHN HOSPITAL CORPUS CHRISTI SHORELINE,1.012,,No Data,No Data,No Data,78413,78413,No,1FTPW14525KE13428,68,1 - MALE,N - NOT INJURED,0,2,3 - FRONT RIGHT
20737159,Yes,CORPUS CHRISTI POLICE DEPARTMENT,C2501929,CORPUS CHRISTI,FAILED TO STOP AT PROPER PLACE,NUECES,2025-04-03,N - NOT INJURED,0,NO DATA,59 - CHRISTUS SPOHN HOSPITAL CORPUS CHRISTI SHORELINE,1.012,,No Data,No Data,No Data,78413,78413,No,1FTPW14525KE13428,38,2 - FEMALE,N - NOT INJURED,0,3,6 - SECOND SEAT RIGHT
20737161,Yes,HARRIS COUNTY CONSTABLE PRECINCT 4,2504-00411,HOUSTON,CHANGED LANE WHEN UNSAFE,HARRIS,2025-04-03,N - NOT INJURED,0,NO DATA,120 - HCA HOUSTON HEALTHCARE NORTHWEST,5.546,,4 - CHANGED LANE WHEN UNSAFE,No Data,No Data,77093,77093,No,1FTNE24212HA12693,50,1 - MALE,N - NOT INJURED,0,1,1 - FRONT LEFT OR MOTORCYCLE DRIVER
20737161,Yes,HARRIS COUNTY CONSTABLE PRECINCT 4,2504-00411,HOUSTON,CHANGED LANE WHEN UNSAFE,HARRIS,2025-04-03,N - NOT INJURED,0,NO DATA,120 - HCA HOUSTON HEALTHCARE NORTHWEST,5.546,,No Data,No Data,No Data,91739,77032,No,JM3KKCHD1S1216682,54,1 - MALE,N - NOT INJURED,0,1,1 - FRONT LEFT OR MOTORCYCLE DRIVER
