crash_record_id;crash_date;posted_speed_limit;traffic_control_device;device_condition;weather_condition;lighting_condition;first_crash_type;trafficway_type;alignment;roadway_surface_cond;road_defect;crash_type;intersection_related_i;hit_and_run_i;damage;prim_contributory_cause;sec_contributory_cause;street_no;street_direction;street_name;beat_of_occurrence;photos_taken_i;statements_taken_i;dooring_i;work_zone_i;work_zone_type;workers_present_i;num_units;most_severe_injury;injuries_total;injuries_fatal;injuries_incapacitating;injuries_non_incapacitating;injuries_reported_not_evident;injuries_no_indication;injuries_unknown;crash_hour;crash_day_of_week;crash_month;latitude;longitude;location;report_type;date_police_notified
247ab8e2425095f9e4f2767016b57a585353edfdb590dfc6110e72b1b354865af8e262a58887078aeb5ca7f0576129926684dd9475a84a2f03a5c2f85e9f7e82;2025-06-17 02:12:00;30;NO CONTROLS;NO CONTROLS;CLEAR;DARKNESS, LIGHTED ROAD;PARKED MOTOR VEHICLE;OTHER;STRAIGHT AND LEVEL;DRY;UNKNOWN;INJURY AND / OR TOW DUE TO CRASH;N;Y;OVER $1,500;FAILING TO REDUCE SPEED TO AVOID CRASH;IMPROPER LANE USAGE;5826;N;MILTIMORE AVE;1622;;;;;;;2;NO INDICATION OF INJURY;0;0;0;0;0;2;0;2;3;6;41.9865546588;-87.7732763393;{'type': 'Point', 'coordinates': [-87.773276339277, 41.986554658809]};ON SCENE;2025-06-17T02:15:00.000
f41579c29654299db8a4aad9f8d085448053756389ca22275167861081892b1eb0a4ef2bbb38c38499b0fb7d726de04e78bf18099814768b1057e1aca55c305b;2025-06-17 01:35:00;30;NO CONTROLS;NO CONTROLS;CLEAR;DARKNESS, LIGHTED ROAD;REAR TO FRONT;NOT DIVIDED;STRAIGHT AND LEVEL;DRY;NO DEFECTS;NO INJURY / DRIVE AWAY;;;OVER $1,500;IMPROPER BACKING;IMPROPER BACKING;10611;S;WENTWORTH AVE;512;;;;;;;2;NO INDICATION OF INJURY;0;0;0;0;0;2;0;1;3;6;41.701250529;-87.6279769174;{'type': 'Point', 'coordinates': [-87.627976917407, 41.701250528995]};ON SCENE;2025-06-17T01:51:00.000
073413197e826c7c0a656cfd0cc7ff8ca7726487c43406b3e23ed187187ec02d37648d05dc175eb8752ee7c0d25666e524ec7ffc75159eaa68f0d60cf7089fcd;2025-06-17 01:17:00;30;TRAFFIC SIGNAL;FUNCTIONING PROPERLY;CLEAR;DARKNESS, LIGHTED ROAD;ANGLE;T-INTERSECTION;STRAIGHT AND LEVEL;DRY;UNKNOWN;INJURY AND / OR TOW DUE TO CRASH;Y;Y;OVER $1,500;FAILING TO YIELD RIGHT-OF-WAY;UNABLE TO DETERMINE;400;S;DAMEN AVE;1225;;Y;;;;;3;NONINCAPACITATING INJURY;4;0;0;2;2;1;0;1;3;6;41.8761861666;-87.6766739725;{'type': 'Point', 'coordinates': [-87.67667397249, 41.876186166555]};ON SCENE;2025-06-17T01:17:00.000
a51e49e85246ae4cbd7f855e90507bf62a104922dc656e08ebca0a23d4b5c85bcb036dded0184e7eab00488ac53a6fba010ed0567acaa894c8d857bf44f5e666;2025-06-17 00:58:00;40;NO CONTROLS;NO CONTROLS;CLEAR;DARKNESS, LIGHTED ROAD;REAR END;DIVIDED - W/MEDIAN BARRIER;STRAIGHT AND LEVEL;DRY;NO DEFECTS;NO INJURY / DRIVE AWAY;;Y;OVER $1,500;IMPROPER LANE USAGE;IMPROPER OVERTAKING/PASSING;3051;N;LAKE SHORE DR NB;1934;;;;;;;2;NO INDICATION OF INJURY;0;0;0;0;0;3;0;0;3;6;41.9376434852;-87.634602149;{'type': 'Point', 'coordinates': [-87.634602149006, 41.937643485221]};ON SCENE;2025-06-17T01:17:00.000
96fc8971d34162bcf744cbd75ce5ce9d657e8d22523d196a4153d1ffd2339c7be43ba910f16cae1c948f735885988e8ba7e4f3660619b3088e1e8db6f9ea6494;2025-06-17 00:45:00;30;NO CONTROLS;NO CONTROLS;CLEAR;DARKNESS, LIGHTED ROAD;SIDESWIPE SAME DIRECTION;NOT DIVIDED;STRAIGHT AND LEVEL;DRY;NO DEFECTS;NO INJURY / DRIVE AWAY;;Y;OVER $1,500;IMPROPER OVERTAKING/PASSING;IMPROPER OVERTAKING/PASSING;5453;S;SHORE DR;234;;;;;;;2;NO INDICATION OF INJURY;0;0;0;0;0;3;0;0;3;6;41.7965960422;-87.5807573202;{'type': 'Point', 'coordinates': [-87.580757320179, 41.796596042166]};ON SCENE;2025-06-17T01:19:00.000
be684fc3bc1047d37c92ab10bb1030d0187a339d996825b4f5582e74471172353ace0886b2b568c11bf62ed353bf6eb5e079cb332dfc61bf2de864a78376c109;2025-06-17 00:25:00;30;TRAFFIC SIGNAL;FUNCTIONING PROPERLY;CLEAR;DARKNESS, LIGHTED ROAD;REAR END;DIVIDED - W/MEDIAN BARRIER;STRAIGHT AND LEVEL;DRY;NO DEFECTS;NO INJURY / DRIVE AWAY;Y;;OVER $1,500;FOLLOWING TOO CLOSELY;FAILING TO REDUCE SPEED TO AVOID CRASH;900;S;MICHIGAN AVE;123;;;;;;;2;NO INDICATION OF INJURY;0;0;0;0;0;2;0;0;3;6;41.8705584683;-87.6242866096;{'type': 'Point', 'coordinates': [-87.624286609605, 41.870558468293]};NOT ON SCENE (DESK REPORT);2025-06-17T00:45:00.000
2161d0578585aff99e0e6043329666fa328dc6ce1f4eebaf97ee4dd15552c6e012e13c3840c80e62054b943fa84c527108ac7dbec52337042e4966424312707c;2025-06-17 00:07:00;30;UNKNOWN;UNKNOWN;CLEAR;DARKNESS, LIGHTED ROAD;PARKED MOTOR VEHICLE;NOT DIVIDED;STRAIGHT AND LEVEL;DRY;NO DEFECTS;INJURY AND / OR TOW DUE TO CRASH;;;OVER $1,500;UNDER THE INFLUENCE OF ALCOHOL/DRUGS (USE WHEN ARREST IS EFFECTED);HAD BEEN DRINKING (USE WHEN ARREST IS NOT MADE);2622;S;KOSTNER AVE;1031;;;;;;;3;NO INDICATION OF INJURY;0;0;0;0;0;4;0;0;3;6;41.8434540743;-87.7344082275;{'type': 'Point', 'coordinates': [-87.734408227537, 41.843454074312]};ON SCENE;2025-06-17T00:07:00.000
c6e2828d9315b757f5d4a7f11d8b0187174a005c525654f545e49aa35cb55e79d64d673f3ba7951dd6087829797a95e066dfee1673729c073d6c99c9b4147286;2025-06-17 00:00:00;30;UNKNOWN;UNKNOWN;CLEAR;DARKNESS, LIGHTED ROAD;SIDESWIPE OPPOSITE DIRECTION;NOT DIVIDED;STRAIGHT AND LEVEL;UNKNOWN;UNKNOWN;NO INJURY / DRIVE AWAY;;Y;$501 - $1,500;DRIVING ON WRONG SIDE/WRONG WAY;UNABLE TO DETERMINE;8020;S;YATES BLVD;414;;;;;;;2;NO INDICATION OF INJURY;0;0;0;0;0;2;0;0;3;6;41.7491957194;-87.5663360652;{'type': 'Point', 'coordinates': [-87.566336065158, 41.749195719412]};ON SCENE;2025-06-17T00:38:00.000
3245d9f66853a67ad2a9cb01432cb5ace3730cf29631c4eb47a8cea7c3df12d8ab6d9e7c90b0c937fb0d13f1ef6600127585c059a9bdc46cfde6ed93a33712b4;2025-06-16 23:54:00;30;NO CONTROLS;NO CONTROLS;CLEAR;DARKNESS, LIGHTED ROAD;PARKED MOTOR VEHICLE;DIVIDED - W/MEDIAN BARRIER;STRAIGHT AND LEVEL;DRY;WORN SURFACE;INJURY AND / OR TOW DUE TO CRASH;;;OVER $1,500;VISION OBSCURED (SIGNS, TREE LIMBS, BUILDINGS, ETC.);UNABLE TO DETERMINE;4130;W;79TH ST;834;;;;;;;2;NO INDICATION OF INJURY;0;0;0;0;0;1;0;23;2;6;41.7496146106;-87.7255378524;{'type': 'Point', 'coordinates': [-87.725537852358, 41.749614610589]};ON SCENE;2025-06-16T23:54:00.000
4e92f7e08a1f5c391144daae3885a77eb3e392b3e6c25110fb39c4a603dd1090f705a70e863088d7dc7824bb5412b8308ebd89828907516639a227e5065d075d;2025-06-16 23:50:00;30;TRAFFIC SIGNAL;FUNCTIONING PROPERLY;CLEAR;DARKNESS, LIGHTED ROAD;SIDESWIPE SAME DIRECTION;NOT DIVIDED;STRAIGHT AND LEVEL;DRY;NO DEFECTS;NO INJURY / DRIVE AWAY;;Y;$501 - $1,500;FOLLOWING TOO CLOSELY;NOT APPLICABLE;2400;N;NARRAGANSETT AVE;2512;;;;;;;2;NO INDICATION OF INJURY;0;0;0;0;0;2;0;23;2;6;41.9237770788;-87.7855930627;{'type': 'Point', 'coordinates': [-87.785593062676, 41.923777078794]};NOT ON SCENE (DESK REPORT);2025-06-17T00:30:00.000
cfe727ab2e9c3424ea93c3b301fc5bf0a31bd5b188e68617d655e81a8c28a0e215ff26401e2558da37acb420651e905a9ddaef083f5ef0c71bdfccb46cfa19fc;2025-06-16 23:36:00;30;YIELD;UNKNOWN;CLEAR;DARKNESS, LIGHTED ROAD;ANGLE;FOUR WAY;STRAIGHT AND LEVEL;DRY;UNKNOWN;INJURY AND / OR TOW DUE TO CRASH;Y;;OVER $1,500;FAILING TO YIELD RIGHT-OF-WAY;NOT APPLICABLE;3990;N;SAWYER AVE;1733;;;;;;;2;REPORTED, NOT EVIDENT;1;0;0;0;1;2;0;23;2;6;41.9538175749;-87.70938409;{'type': 'Point', 'coordinates': [-87.709384089971, 41.953817574879]};ON SCENE;2025-06-16T23:36:00.000
5c75055f317f8da8e160f9110e3eb7be581e8a2a08a2592709193a53e4ab3a7d452c6710926aed8ca4876e5bf83726faa21876ef008c3ef07b06b7a24b7675ee;2025-06-16 23:17:00;30;TRAFFIC SIGNAL;FUNCTIONING PROPERLY;CLEAR;DARKNESS;ANGLE;NOT DIVIDED;STRAIGHT AND LEVEL;DRY;NO DEFECTS;INJURY AND / OR TOW DUE TO CRASH;;;$501 - $1,500;DISREGARDING TRAFFIC SIGNALS;DISREGARDING TRAFFIC SIGNALS;5900;S;WESTERN AVE;824;;;;;;;2;NO INDICATION OF INJURY;0;0;0;0;0;2;0;23;2;6;41.7864371748;-87.6839752465;{'type': 'Point', 'coordinates': [-87.683975246481, 41.786437174774]};ON SCENE;2025-06-16T23:46:00.000
2d5ad64caab4226e14a8eada3c69c44dcc08ffc52c638e20cdee529dc6ec80746fe712c28187752c6f0c83a0039640c4095f8582740d215099901dd6331d9a03;2025-06-16 22:38:00;30;TRAFFIC SIGNAL;FUNCTIONING PROPERLY;CLEAR;DARKNESS, LIGHTED ROAD;ANGLE;FOUR WAY;STRAIGHT AND LEVEL;DRY;UNKNOWN;INJURY AND / OR TOW DUE TO CRASH;Y;Y;OVER $1,500;UNABLE TO DETERMINE;NOT APPLICABLE;3400;W;ADDISON ST;1732;;;;;;;2;NONINCAPACITATING INJURY;1;0;0;1;0;1;0;22;2;6;41.9466752452;-87.7127785774;{'type': 'Point', 'coordinates': [-87.712778577395, 41.946675245157]};ON SCENE;2025-06-16T22:55:00.000
2e96cf36b0400e498560d30a607e564e98c54238a3e68f0bee86e2dc4c9f6d33c397526e19d5a004ca518eb0626a9f0b19c77fff9fcde5c8c317af9a7a4dce77;2025-06-16 22:10:00;30;TRAFFIC SIGNAL;FUNCTIONING PROPERLY;CLEAR;DARKNESS, LIGHTED ROAD;PEDESTRIAN;FOUR WAY;STRAIGHT AND LEVEL;DRY;UNKNOWN;INJURY AND / OR TOW DUE TO CRASH;;Y;OVER $1,500;FAILING TO YIELD RIGHT-OF-WAY;NOT APPLICABLE;800;N;LARAMIE AVE;1524;;;;;;;2;NONINCAPACITATING INJURY;1;0;0;1;0;1;0;22;2;6;41.8950231464;-87.7557497823;{'type': 'Point', 'coordinates': [-87.755749782345, 41.895023146364]};ON SCENE;2025-06-16T22:13:00.000
403b4fddc0380cb10a0375e019681784cc09fceb86d38510e05136467e7286fb1e7bdcc24d0bb48e8a4a60d1dfb751c44679bcf8d3dafbce20d2e05b4bd9a59d;2025-06-16 22:05:00;30;NO CONTROLS;NO CONTROLS;CLEAR;DARKNESS, LIGHTED ROAD;PARKED MOTOR VEHICLE;UNKNOWN;STRAIGHT AND LEVEL;DRY;NO DEFECTS;NO INJURY / DRIVE AWAY;;;$501 - $1,500;UNABLE TO DETERMINE;NOT APPLICABLE;6401;S;ROCKWELL ST;825;;;;;;;2;NO INDICATION OF INJURY;0;0;0;0;0;1;0;22;2;6;41.7772453584;-87.6883314882;{'type': 'Point', 'coordinates': [-87.688331488241, 41.777245358373]};NOT ON SCENE (DESK REPORT);2025-06-16T23:25:00.000
bce011c3366e40e0a89df3a316f83015ccd6c4b6ed1f129982d7962bfbe7e57a2cd71496c80668210cf1b5efb77584310bd5312b9f1026b9109b1ee835614e66;2025-06-16 22:00:00;35;TRAFFIC SIGNAL;FUNCTIONING PROPERLY;CLEAR;DARKNESS, LIGHTED ROAD;ANGLE;T-INTERSECTION;STRAIGHT AND LEVEL;DRY;NO DEFECTS;INJURY AND / OR TOW DUE TO CRASH;Y;;OVER $1,500;UNABLE TO DETERMINE;UNABLE TO DETERMINE;4200;S;MICHIGAN AVE;213;;Y;;;;;2;NONINCAPACITATING INJURY;1;0;0;1;0;2;0;22;2;6;41.8182516248;-87.6232200081;{'type': 'Point', 'coordinates': [-87.623220008107, 41.818251624789]};ON SCENE;2025-06-16T22:06:00.000
6b5ef7157c1a15711b6f02fc4aedc00773ab65d31138fa799f4a9ee8e12bc0c01eabe7f8d6bff72d542583b38d4f2de07abf642aa141bd76b998f2a742e2bc45;2025-06-16 21:56:00;30;NO CONTROLS;NO CONTROLS;CLEAR;DARKNESS, LIGHTED ROAD;PARKED MOTOR VEHICLE;ONE-WAY;STRAIGHT AND LEVEL;DRY;NO DEFECTS;INJURY AND / OR TOW DUE TO CRASH;;Y;OVER $1,500;FAILING TO REDUCE SPEED TO AVOID CRASH;UNABLE TO DETERMINE;2618;N;SAYRE AVE;2512;;;;;;;3;NO INDICATION OF INJURY;0;0;0;0;0;1;0;21;2;6;41.9277797429;-87.8010240822;{'type': 'Point', 'coordinates': [-87.801024082228, 41.927779742859]};ON SCENE;2025-06-16T21:56:00.000
502b515bf0c3d1665f467e250cac29af9d63a2be31129ab78f6b0e71c9cafbcd67f0bbd2122a2990b624c249c19838609644b41b87ca245193b028a4bd47417f;2025-06-16 21:40:00;30;NO CONTROLS;NO CONTROLS;CLEAR;DARKNESS, LIGHTED ROAD;SIDESWIPE SAME DIRECTION;DIVIDED - W/MEDIAN (NOT RAISED);STRAIGHT AND LEVEL;DRY;NO DEFECTS;NO INJURY / DRIVE AWAY;;;OVER $1,500;UNABLE TO DETERMINE;UNABLE TO DETERMINE;6659;S;CICERO AVE;833;;;;;;;2;NO INDICATION OF INJURY;0;0;0;0;0;2;0;21;2;6;41.7712226966;-87.7419103875;{'type': 'Point', 'coordinates': [-87.741910387507, 41.771222696555]};NOT ON SCENE (DESK REPORT);2025-06-16T22:40:00.000
59d70e9cfc49f312dfa263f2e52d8db06636c5cc9963f30caf61503d601b79b296e0b8a24d704a4598953c0daa7901ac350444460adf9a748fbb6834f1905b1d;2025-06-16 21:07:00;30;TRAFFIC SIGNAL;UNKNOWN;CLEAR;DARKNESS, LIGHTED ROAD;TURNING;FOUR WAY;STRAIGHT AND LEVEL;DRY;UNKNOWN;NO INJURY / DRIVE AWAY;Y;;OVER $1,500;FAILING TO YIELD RIGHT-OF-WAY;IMPROPER TURNING/NO SIGNAL;638;W;MONTROSE AVE;1914;;;;;;;2;NO INDICATION OF INJURY;0;0;0;0;0;3;0;21;2;6;41.9620146383;-87.6468477257;{'type': 'Point', 'coordinates': [-87.646847725709, 41.962014638288]};ON SCENE;2025-06-16T21:07:00.000
9ef1b5df16a5f163b2686ca363aa8e7f55f0285bbd52dcf40370c914155d18e2ddd15763b381c91f482533cc3cf19776632f4f736823831abcee495f83817fd7;2025-06-16 21:00:00;30;TRAFFIC SIGNAL;FUNCTIONING PROPERLY;CLEAR;DARKNESS, LIGHTED ROAD;REAR END;NOT DIVIDED;STRAIGHT AND LEVEL;DRY;UNKNOWN;NO INJURY / DRIVE AWAY;;;OVER $1,500;FOLLOWING TOO CLOSELY;DRIVING SKILLS/KNOWLEDGE/EXPERIENCE;3203;W;IRVING PARK RD;1733;;;;;;;2;NO INDICATION OF INJURY;0;0;0;0;0;2;0;21;2;6;41.9538089732;-87.7081534672;{'type': 'Point', 'coordinates': [-87.708153467159, 41.953808973235]};NOT ON SCENE (DESK REPORT);2025-06-16T22:30:00.000
971f6d03190b24dc16c86d44656b3b239a5406392dd521b2199802360ec47f3e9f4b06dd03ad393ecf95ca45ef1e129989527e7731a8ce014e1293237f910850;2025-06-16 20:51:00;30;STOP SIGN/FLASHER;FUNCTIONING PROPERLY;CLEAR;DARKNESS, LIGHTED ROAD;PEDALCYCLIST;DIVIDED - W/MEDIAN (NOT RAISED);STRAIGHT AND LEVEL;DRY;NO DEFECTS;NO INJURY / DRIVE AWAY;Y;;$500 OR LESS;DISREGARDING OTHER TRAFFIC SIGNS;DISREGARDING OTHER TRAFFIC SIGNS;3141;N;BROADWAY;1934;;;;;;;2;NO INDICATION OF INJURY;0;0;0;0;0;2;0;20;2;6;41.9388520231;-87.6442112807;{'type': 'Point', 'coordinates': [-87.644211280712, 41.938852023061]};ON SCENE;2025-06-16T21:44:00.000
93723378e1eaca6e81dd3e04c45e3ed047fa96c7b088fee354dc0cf682f07a520a4226d39f22a81f03cc87ab482abdefaa5a98dfda834e65de244ddf84a5cf2f;2025-06-16 20:40:00;30;NO CONTROLS;NO CONTROLS;CLEAR;DUSK;TURNING;DIVIDED - W/MEDIAN (NOT RAISED);STRAIGHT AND LEVEL;DRY;NO DEFECTS;INJURY AND / OR TOW DUE TO CRASH;;Y;OVER $1,500;IMPROPER OVERTAKING/PASSING;NOT APPLICABLE;5800;S;KEDZIE AVE;822;;Y;;;;;2;NO INDICATION OF INJURY;0;0;0;0;0;4;0;20;2;6;41.7879702014;-87.7035444651;{'type': 'Point', 'coordinates': [-87.703544465118, 41.787970201401]};NOT ON SCENE (DESK REPORT);2025-06-16T20:46:00.000
6eb5ac9bdeeeb065fd70d86fa6b939752d33f2322aa482f76541082d9b0229a502e7e7e57334ba1a2994ec788f04e6f55e7ad1baeb48ec56b74a396a47e0d975;2025-06-16 20:20:00;20;NO CONTROLS;NO CONTROLS;CLEAR;DARKNESS, LIGHTED ROAD;PARKED MOTOR VEHICLE;NOT DIVIDED;STRAIGHT AND LEVEL;DRY;NO DEFECTS;INJURY AND / OR TOW DUE TO CRASH;;;OVER $1,500;DISTRACTION - FROM OUTSIDE VEHICLE;FAILING TO REDUCE SPEED TO AVOID CRASH;3710;W;LE MOYNE ST;2535;;;;;;;3;NO INDICATION OF INJURY;0;0;0;0;0;1;0;20;2;6;41.9082555642;-87.7197649852;{'type': 'Point', 'coordinates': [-87.719764985191, 41.908255564168]};ON SCENE;2025-06-16T20:30:00.000
0870e41c4ec5e77bbbe9e470bca200bc8f6ef825ec3b219fc514afe8949192f5469c1bde2474e59711a14b4355183b413a69eee5e67ffd8bffd3a30361962712;2025-06-16 20:10:00;30;UNKNOWN;UNKNOWN;CLEAR;DUSK;REAR END;PARKING LOT;STRAIGHT AND LEVEL;DRY;UNKNOWN;INJURY AND / OR TOW DUE TO CRASH;;Y;$500 OR LESS;FOLLOWING TOO CLOSELY;UNABLE TO DETERMINE;1220;S;ASHLAND AVE;1233;;;;;;;2;REPORTED, NOT EVIDENT;2;0;0;0;2;2;0;20;2;6;41.8662541761;-87.6665241401;{'type': 'Point', 'coordinates': [-87.666524140131, 41.866254176143]};ON SCENE;2025-06-16T20:35:00.000
c30938b50eacfb5a626b1eeb2fe469a1751cba3cebceaa0af3b1570d4c8e7a549aee74996879c43db0e7b67106a0b9af0acdd732962553afe9eb6c3243890eda;2025-06-16 20:05:00;30;TRAFFIC SIGNAL;FUNCTIONING PROPERLY;CLEAR;DUSK;PARKED MOTOR VEHICLE;ONE-WAY;STRAIGHT AND LEVEL;DRY;NO DEFECTS;NO INJURY / DRIVE AWAY;;N;$501 - $1,500;UNABLE TO DETERMINE;UNABLE TO DETERMINE;299;S;DEARBORN ST;113;;;;;;;2;NO INDICATION OF INJURY;0;0;0;0;0;1;0;20;2;6;41.8782348114;-87.6291555036;{'type': 'Point', 'coordinates': [-87.629155503628, 41.878234811434]};;2025-06-16T20:13:00.000
1c99cf7003dd78ef1d28e1606119bde96912ab1cc7874a0d77e21bd083dbe8a95d423a049ec45ba85d1262443f14db58b2180fdd44049e2e7f15bb813dc1945c;2025-06-16 20:00:00;30;TRAFFIC SIGNAL;FUNCTIONING PROPERLY;CLEAR;DARKNESS, LIGHTED ROAD;REAR END;NOT DIVIDED;STRAIGHT AND LEVEL;DRY;NO DEFECTS;NO INJURY / DRIVE AWAY;Y;;OVER $1,500;FOLLOWING TOO CLOSELY;DRIVING SKILLS/KNOWLEDGE/EXPERIENCE;5618;W;BELMONT AVE;1633;;;;;;;4;NO INDICATION OF INJURY;0;0;0;0;0;4;0;20;2;6;41.938675754;-87.767264242;{'type': 'Point', 'coordinates': [-87.767264242029, 41.938675753962]};NOT ON SCENE (DESK REPORT);2025-06-16T21:00:00.000
74099d89a8040200497f68f74a20fd02d326d59f8fbfd882093003646b02cb298f4e75d43b5e3110a8ab4b70ee2be2151c4695416a174ff7a381c3b3d8f3bdae;2025-06-16 20:00:00;30;NO CONTROLS;FUNCTIONING PROPERLY;CLEAR;UNKNOWN;SIDESWIPE OPPOSITE DIRECTION;NOT DIVIDED;STRAIGHT AND LEVEL;DRY;UNKNOWN;NO INJURY / DRIVE AWAY;;Y;OVER $1,500;UNABLE TO DETERMINE;UNABLE TO DETERMINE;6935;S;ASHLAND AVE;734;;;;;;;2;NO INDICATION OF INJURY;0;0;0;0;0;2;0;20;2;6;41.767502545;-87.663714216;{'type': 'Point', 'coordinates': [-87.66371421596, 41.767502544959]};NOT ON SCENE (DESK REPORT);2025-06-16T20:10:00.000
101cf10ba59ab0c7fdbd00abb777d0a2e9af11f5a993db7aac7ef8342830c607fdb66158a34f7bddf2a9054c0fafb6390cd51b1f047004dcbabc53f0bb35e276;2025-06-16 19:40:00;25;TRAFFIC SIGNAL;FUNCTIONING PROPERLY;CLEAR;DAYLIGHT;SIDESWIPE SAME DIRECTION;DIVIDED - W/MEDIAN (NOT RAISED);STRAIGHT AND LEVEL;DRY;NO DEFECTS;NO INJURY / DRIVE AWAY;Y;;OVER $1,500;IMPROPER TURNING/NO SIGNAL;FAILING TO YIELD RIGHT-OF-WAY;309;S;COLUMBUS DR;114;;;;;;;2;NO INDICATION OF INJURY;0;0;0;0;0;2;0;19;2;6;41.8780856475;-87.6205237356;{'type': 'Point', 'coordinates': [-87.620523735619, 41.878085647459]};NOT ON SCENE (DESK REPORT);2025-06-16T21:00:00.000
bec4e677500d491950b6cd81b17d71c48f81d3cfc1f7ab709c24b562d322665180bd96ef3d68bce2ca2a04f53c89eede9ca69d11ba8dd5504b0537866515e192;2025-06-16 19:30:00;30;NO CONTROLS;NO CONTROLS;CLEAR;DAYLIGHT;OTHER OBJECT;OTHER;STRAIGHT AND LEVEL;DRY;NO DEFECTS;NO INJURY / DRIVE AWAY;;;OVER $1,500;EQUIPMENT - VEHICLE CONDITION;NOT APPLICABLE;8315;S;JEFFERY BLVD;414;;;;;;;1;NO INDICATION OF INJURY;0;0;0;0;0;1;0;19;2;6;41.7443642575;-87.5757074393;{'type': 'Point', 'coordinates': [-87.575707439272, 41.74436425749]};NOT ON SCENE (DESK REPORT);2025-06-16T21:59:00.000
da396f5b8788367c5c05d41b3b3b763089066f395020073e17cdabf1b46848e78061f037e1148eabe203884d0b1fbe998d1620c3378923fe00fb2b5c579a487d;2025-06-16 19:25:00;30;STOP SIGN/FLASHER;FUNCTIONING PROPERLY;CLEAR;DUSK;ANGLE;FOUR WAY;STRAIGHT AND LEVEL;DRY;UNKNOWN;NO INJURY / DRIVE AWAY;Y;;$501 - $1,500;UNABLE TO DETERMINE;NOT APPLICABLE;800;W;SCOTT ST;1822;;;;;;;2;NO INDICATION OF INJURY;0;0;0;0;0;4;0;19;2;6;41.9052077515;-87.6481714997;{'type': 'Point', 'coordinates': [-87.648171499749, 41.905207751516]};ON SCENE;2025-06-16T20:58:00.000
c9e6b9e12a2f52891e0c6f92eda9b750428a3835fdacbceb159689271d8ba52ed30730a463bce85590153c00e86d68bd0771d0f89e7eea7b2bd60b01983b087b;2025-06-16 19:13:00;30;STOP SIGN/FLASHER;FUNCTIONING PROPERLY;CLEAR;DAYLIGHT;ANGLE;NOT DIVIDED;STRAIGHT AND LEVEL;DRY;NO DEFECTS;INJURY AND / OR TOW DUE TO CRASH;;Y;OVER $1,500;FAILING TO YIELD RIGHT-OF-WAY;DISREGARDING STOP SIGN;3799;W;LE MOYNE ST;2535;;;;;;;2;NONINCAPACITATING INJURY;1;0;0;1;0;1;0;19;2;6;41.908015935;-87.7215420911;{'type': 'Point', 'coordinates': [-87.721542091085, 41.908015935021]};NOT ON SCENE (DESK REPORT);2025-06-16T22:00:00.000
b2739efc204c8575967ec0557f90bc7cdd1452c2003d62b16b16b64537275682d9e2dd06a94499313c268630058175e30fe9d4bca071622328a7e8f0caf78036;2025-06-16 19:00:00;30;UNKNOWN;UNKNOWN;CLEAR;DAYLIGHT;ANGLE;UNKNOWN;STRAIGHT AND LEVEL;DRY;UNKNOWN;NO INJURY / DRIVE AWAY;Y;;OVER $1,500;UNABLE TO DETERMINE;UNABLE TO DETERMINE;5701;S;STATE ST;232;;;;;;;2;NO INDICATION OF INJURY;0;0;0;0;0;2;0;19;2;6;41.7909552796;-87.6254591349;{'type': 'Point', 'coordinates': [-87.625459134906, 41.790955279552]};NOT ON SCENE (DESK REPORT);2025-06-16T19:45:00.000
d2a1f6b41adb924df2694028b07691da85e2f0e897e59676a186243d9b5617a7c8cb5dc1cab71cbc9aa42434f6e1ce49ec2003ec1162cce9c7a1d731edc5bc89;2025-06-16 19:00:00;30;NO CONTROLS;NO CONTROLS;CLEAR;DARKNESS, LIGHTED ROAD;SIDESWIPE SAME DIRECTION;NOT DIVIDED;STRAIGHT AND LEVEL;DRY;NO DEFECTS;NO INJURY / DRIVE AWAY;;Y;$500 OR LESS;FAILING TO YIELD RIGHT-OF-WAY;FOLLOWING TOO CLOSELY;2944;W;CULLOM AVE;1724;;;;;;;2;NO INDICATION OF INJURY;0;0;0;0;0;2;0;19;2;6;41.9594996437;-87.7026903695;{'type': 'Point', 'coordinates': [-87.702690369542, 41.959499643659]};NOT ON SCENE (DESK REPORT);2025-06-17T02:20:00.000
6bbc41a7ad2852fc70b64cfd57da81f47b129ba166f9f8717ccea2f1891e3ff99a17e049fccc5862272a7c27748f3151a4fd9c5a41c59b615a8f5cec742f4930;2025-06-16 18:58:00;30;UNKNOWN;UNKNOWN;UNKNOWN;UNKNOWN;REAR END;UNKNOWN;STRAIGHT AND LEVEL;UNKNOWN;UNKNOWN;INJURY AND / OR TOW DUE TO CRASH;;Y;$500 OR LESS;UNABLE TO DETERMINE;UNABLE TO DETERMINE;7100;N;SHERIDAN RD;2423;;;;;;;2;NO INDICATION OF INJURY;0;0;0;0;0;2;0;18;2;6;42.0116439244;-87.6630533424;{'type': 'Point', 'coordinates': [-87.663053342399, 42.0116439244]};NOT ON SCENE (DESK REPORT);2025-06-16T20:14:00.000
186102423c0932b19046d8067e99f5c74d258277453fc5ea7542a251be9d54ecb612c170f813850fe895f79dc9d7797ce86fa36807c9257010ff380d61da7c88;2025-06-16 18:45:00;30;TRAFFIC SIGNAL;FUNCTIONING PROPERLY;CLEAR;DAYLIGHT;ANGLE;DIVIDED - W/MEDIAN (NOT RAISED);STRAIGHT AND LEVEL;DRY;NO DEFECTS;NO INJURY / DRIVE AWAY;Y;;OVER $1,500;FAILING TO YIELD RIGHT-OF-WAY;NOT APPLICABLE;2400;W;FULLERTON AVE;1431;;;;;;;2;NO INDICATION OF INJURY;0;0;0;0;0;2;0;18;2;6;41.9250099348;-87.6877047522;{'type': 'Point', 'coordinates': [-87.687704752222, 41.925009934765]};NOT ON SCENE (DESK REPORT);2025-06-16T19:54:00.000
ddd0acf1c0c5039c48ade6a66584a65f32f2a946c2d94933cb8badf8defe2936553372607cb0ab949ea681d008e7de183ff3b306d63d9182c6025f985f39103e;2025-06-16 18:41:00;30;NO CONTROLS;NO CONTROLS;CLEAR;DAYLIGHT;REAR END;DIVIDED - W/MEDIAN BARRIER;STRAIGHT AND LEVEL;DRY;NO DEFECTS;INJURY AND / OR TOW DUE TO CRASH;;;OVER $1,500;FOLLOWING TOO CLOSELY;NOT APPLICABLE;6218;S;LAKE SHORE DR;331;;;;;;;2;NO INDICATION OF INJURY;0;0;0;0;0;2;0;18;2;6;41.781939998;-87.5755398308;{'type': 'Point', 'coordinates': [-87.575539830783, 41.781939998041]};ON SCENE;2025-06-16T18:41:00.000
2890c8b373bfeb44c25d04f5ad0cd53c071008454976bf44ffe0c721bf3bd8de0faf37ac8b170795cb4dfca6ff634ff919668685b792fd40e2d765c068b8b8b5;2025-06-16 18:40:00;20;NO CONTROLS;NO CONTROLS;CLEAR;DAYLIGHT;PARKED MOTOR VEHICLE;NOT DIVIDED;STRAIGHT AND LEVEL;DRY;NO DEFECTS;NO INJURY / DRIVE AWAY;;Y;OVER $1,500;OPERATING VEHICLE IN ERRATIC, RECKLESS, CARELESS, NEGLIGENT OR AGGRESSIVE MANNER;NOT APPLICABLE;1630;E;92ND ST;413;;;;;;;2;NO INDICATION OF INJURY;0;0;0;0;0;1;0;18;2;6;41.7279377821;-87.5837737037;{'type': 'Point', 'coordinates': [-87.583773703722, 41.727937782064]};NOT ON SCENE (DESK REPORT);2025-06-16T19:30:00.000
827ba2d8d425a1792475483c75781b2f793096a116d1bb3d2f43185375e2797ebe58c8af6a2ecc17ef8531d69f29cbebbdefbcf425777e2db9a842ad48d0369b;2025-06-16 18:40:00;30;TRAFFIC SIGNAL;FUNCTIONING PROPERLY;CLEAR;DAYLIGHT;TURNING;NOT DIVIDED;STRAIGHT AND LEVEL;DRY;UNKNOWN;NO INJURY / DRIVE AWAY;;;OVER $1,500;UNABLE TO DETERMINE;UNABLE TO DETERMINE;4122;N;CICERO AVE;1624;;;;;;;2;NO INDICATION OF INJURY;0;0;0;0;0;3;0;18;2;6;41.9559966149;-87.7475264166;{'type': 'Point', 'coordinates': [-87.747526416576, 41.955996614897]};NOT ON SCENE (DESK REPORT);2025-06-16T19:35:00.000
f24ddd1bb54dd8578c6ebaaad26264c7b89954341bc53bd7abd086d5592aedc7b091492d684141e79304f5cb27cd732aa2f54d0bfbcb655cdc4408a158413620;2025-06-16 18:40:00;30;TRAFFIC SIGNAL;FUNCTIONING PROPERLY;CLEAR;DAYLIGHT;TURNING;FOUR WAY;STRAIGHT AND LEVEL;DRY;NO DEFECTS;NO INJURY / DRIVE AWAY;Y;;OVER $1,500;IMPROPER TURNING/NO SIGNAL;NOT APPLICABLE;1200;S;CANAL ST;124;;;;;;;2;NO INDICATION OF INJURY;0;0;0;0;0;4;0;18;2;6;41.8671751247;-87.6393758126;{'type': 'Point', 'coordinates': [-87.639375812581, 41.86717512472]};NOT ON SCENE (DESK REPORT);2025-06-16T19:30:00.000
552e4cd3622d064557691e3d877c4e028710ac1e8a38bd11dc49c2c329ccc7186fdfb8be1e3ccdf281e1d18476050ee6cf6e8d4c8086f43110f7c6e8ac5fe085;2025-06-16 18:38:00;30;TRAFFIC SIGNAL;FUNCTIONING PROPERLY;CLEAR;DAYLIGHT;REAR END;FOUR WAY;STRAIGHT AND LEVEL;UNKNOWN;UNKNOWN;NO INJURY / DRIVE AWAY;Y;Y;OVER $1,500;UNABLE TO DETERMINE;UNABLE TO DETERMINE;4500;W;WASHINGTON BLVD;1113;;;;;;;2;NO INDICATION OF INJURY;0;0;0;0;0;2;0;18;2;6;41.8820086436;-87.7380810685;{'type': 'Point', 'coordinates': [-87.73808106854, 41.882008643613]};NOT ON SCENE (DESK REPORT);2025-06-16T19:15:00.000
02d749c56001723282ebfb80ec3ad939127651b0a8b290e4c43506dd3dd70dcd8792227e9b2a8c1e0a4dd433818d144c04ecf2b2ec9eb6e776596afe070699ff;2025-06-16 18:30:00;30;NO CONTROLS;NO CONTROLS;CLEAR;DAYLIGHT;SIDESWIPE SAME DIRECTION;NOT DIVIDED;STRAIGHT AND LEVEL;DRY;NO DEFECTS;NO INJURY / DRIVE AWAY;;Y;OVER $1,500;IMPROPER OVERTAKING/PASSING;UNABLE TO DETERMINE;5230;W;FOSTER AVE;1623;;;;;;;2;NO INDICATION OF INJURY;0;0;0;0;0;2;0;18;2;6;41.9753146756;-87.7590806926;{'type': 'Point', 'coordinates': [-87.759080692558, 41.975314675614]};NOT ON SCENE (DESK REPORT);2025-06-16T18:55:00.000
c4a2baf4eb1904505d817c022aac21b8b007d6d92fc45a7cf0f922684c8a81b2f416d95e5b179dc43f073fc1431050fc8dc4bf1de37bcca721bf2a7a8636cce3;2025-06-16 18:20:00;30;UNKNOWN;MISSING;CLEAR;DAYLIGHT;PARKED MOTOR VEHICLE;PARKING LOT;STRAIGHT AND LEVEL;DRY;WORN SURFACE;NO INJURY / DRIVE AWAY;;Y;OVER $1,500;UNABLE TO DETERMINE;NOT APPLICABLE;1641;W;HARRISON ST;1231;;;;;;;2;NO INDICATION OF INJURY;0;0;0;0;0;1;0;18;2;6;41.8740601078;-87.6683847406;{'type': 'Point', 'coordinates': [-87.668384740591, 41.874060107846]};ON SCENE;2025-06-16T19:01:00.000
65850dc4e4acf672e77131070087083821867c4b8ed41cdadc8b3e7b108598f552c3ef91a4f05ad2fdb1928b193912483ec38d139be06ac875887177ab5202b5;2025-06-16 18:15:00;30;UNKNOWN;UNKNOWN;CLEAR;DAYLIGHT;SIDESWIPE SAME DIRECTION;NOT DIVIDED;STRAIGHT AND LEVEL;UNKNOWN;UNKNOWN;NO INJURY / DRIVE AWAY;;;OVER $1,500;UNABLE TO DETERMINE;UNABLE TO DETERMINE;303;W;ERIE ST;1831;;;;;;;2;NO INDICATION OF INJURY;0;0;0;0;0;2;0;18;2;6;41.8938568172;-87.6357958478;{'type': 'Point', 'coordinates': [-87.635795847844, 41.893856817239]};NOT ON SCENE (DESK REPORT);2025-06-16T18:40:00.000
487fd328b8051ad0f8d7a5a68233cc22f93230148debf94e0933ae83e964d88d475998b9b2eb9784b4077a6218234eaa52fa85002a2437c9b616cf54c7b74627;2025-06-16 18:05:00;25;STOP SIGN/FLASHER;FUNCTIONING PROPERLY;CLOUDY/OVERCAST;DAYLIGHT;REAR END;NOT DIVIDED;STRAIGHT AND LEVEL;DRY;NO DEFECTS;NO INJURY / DRIVE AWAY;;;$501 - $1,500;FOLLOWING TOO CLOSELY;UNABLE TO DETERMINE;533;W;31ST ST;915;;;;;;;2;NO INDICATION OF INJURY;0;0;0;0;0;2;0;18;2;6;41.8380131808;-87.6402553953;{'type': 'Point', 'coordinates': [-87.640255395293, 41.838013180761]};NOT ON SCENE (DESK REPORT);2025-06-16T18:40:00.000
2a22513cdfa47ef181b0ef4a12a5948958dac8dbd251ad89cee0fd825eef1661e0a208098ae27bbfa686bb7734f1c8ae5979b864d919107c10d3ee13dedba919;2025-06-16 18:04:00;30;NO CONTROLS;NO CONTROLS;CLEAR;DAYLIGHT;REAR END;DIVIDED - W/MEDIAN (NOT RAISED);STRAIGHT AND LEVEL;DRY;NO DEFECTS;NO INJURY / DRIVE AWAY;;;OVER $1,500;FOLLOWING TOO CLOSELY;UNABLE TO DETERMINE;3228;W;26TH ST;1024;;;;;;;3;NO INDICATION OF INJURY;0;0;0;0;0;4;0;18;2;6;41.844611471;-87.7061975818;{'type': 'Point', 'coordinates': [-87.706197581812, 41.844611471021]};ON SCENE;2025-06-16T18:14:00.000
89b5c84eb58fad8a5f028586a737180a2df03826de580d35ebff6cfafd06a9ef98c161c5650a03167b7f244914a72e96506b0ec3c5127d401a6bf6fb5c8037a0;2025-06-16 18:00:00;20;TRAFFIC SIGNAL;FUNCTIONING PROPERLY;CLEAR;DAYLIGHT;TURNING;NOT DIVIDED;STRAIGHT AND LEVEL;DRY;NO DEFECTS;NO INJURY / DRIVE AWAY;;Y;$501 - $1,500;DRIVING SKILLS/KNOWLEDGE/EXPERIENCE;IMPROPER TURNING/NO SIGNAL;8301;S;COTTAGE GROVE AVE;632;;;;;;;2;NO INDICATION OF INJURY;0;0;0;0;0;2;0;18;2;6;41.7438799131;-87.604883139;{'type': 'Point', 'coordinates': [-87.604883138996, 41.743879913061]};ON SCENE;2025-06-16T18:10:00.000
0282856cb3258f09d5116057859a02f52d5876809a6509468e7f7de202b3944fa8cca3a78002f81407dd53392b80b579a9f69a05af141f8853d7e0237ede0f64;2025-06-16 17:53:00;25;NO CONTROLS;NO CONTROLS;CLEAR;DAYLIGHT;PARKED MOTOR VEHICLE;NOT DIVIDED;STRAIGHT AND LEVEL;DRY;NO DEFECTS;INJURY AND / OR TOW DUE TO CRASH;;;OVER $1,500;UNABLE TO DETERMINE;UNABLE TO DETERMINE;2821;W;25TH ST;1033;;;;;;;2;NO INDICATION OF INJURY;0;0;0;0;0;1;0;17;2;6;41.8463304386;-87.6961617103;{'type': 'Point', 'coordinates': [-87.696161710267, 41.846330438561]};ON SCENE;2025-06-16T17:53:00.000
2145dc8ab77c64f83378fbdb9a75d8a2cb49589df103572cde51a55c8c352db9df049b3a360afcf213e19625b73721b8a1d0ebebc0ca8ee13e272adf6f75eca0;2025-06-16 17:50:00;30;TRAFFIC SIGNAL;FUNCTIONING PROPERLY;CLEAR;DAYLIGHT;TURNING;FOUR WAY;STRAIGHT AND LEVEL;DRY;NO DEFECTS;NO INJURY / DRIVE AWAY;Y;;OVER $1,500;FAILING TO YIELD RIGHT-OF-WAY;FAILING TO REDUCE SPEED TO AVOID CRASH;620;N;LA SALLE DR;1832;;;;;;;2;NO INDICATION OF INJURY;0;0;0;0;0;3;0;17;2;6;41.8931646527;-87.6327835638;{'type': 'Point', 'coordinates': [-87.632783563812, 41.89316465268]};NOT ON SCENE (DESK REPORT);2025-06-16T20:15:00.000
5871e7c430692e2693ec40eb05fd6a6b40348f189ed719efa70ea1117c8bc44a797cfe0a7f13a97bda97d7c826df9f499ba17c7328623470f235c76ca36bf062;2025-06-16 17:50:00;30;YIELD;FUNCTIONING PROPERLY;CLEAR;DAYLIGHT;REAR END;NOT DIVIDED;STRAIGHT AND LEVEL;DRY;NO DEFECTS;NO INJURY / DRIVE AWAY;Y;;OVER $1,500;FOLLOWING TOO CLOSELY;NOT APPLICABLE;5255;N;ASHLAND AVE;2012;;;;;;;2;NO INDICATION OF INJURY;0;0;0;0;0;2;0;17;2;6;41.9778389304;-87.6695121632;{'type': 'Point', 'coordinates': [-87.669512163164, 41.977838930423]};NOT ON SCENE (DESK REPORT);2025-06-16T18:50:00.000
6f0d7c3c5fb4c9aa3a394a9cb2adfe89e6b0eb4f48f50262ee72aac5c7bfae7078984baaaf81b12d232d754f87a332c87137c03074b677460b08a6adc9cb68dc;2025-06-16 17:50:00;30;NO CONTROLS;NO CONTROLS;CLEAR;DAYLIGHT;REAR END;DIVIDED - W/MEDIAN (NOT RAISED);STRAIGHT AND LEVEL;DRY;NO DEFECTS;INJURY AND / OR TOW DUE TO CRASH;;;$501 - $1,500;FOLLOWING TOO CLOSELY;NOT APPLICABLE;4334;W;63RD ST;813;;;;;;;2;NO INDICATION OF INJURY;0;0;0;0;0;2;0;17;2;6;41.7786651923;-87.7314518808;{'type': 'Point', 'coordinates': [-87.731451880818, 41.778665192337]};NOT ON SCENE (DESK REPORT);2025-06-16T18:35:00.000
abcbd81f391f83f1947e0a09f04cc462ea4aad83938d988716ccb60b7c3b46147e477e175fd3c10777b8dbb0778fb7fbdf6d9eb8f171bfe02021c5621a79473f;2025-06-16 17:50:00;25;STOP SIGN/FLASHER;FUNCTIONING PROPERLY;CLEAR;DAYLIGHT;PEDESTRIAN;NOT DIVIDED;STRAIGHT AND LEVEL;DRY;NO DEFECTS;NO INJURY / DRIVE AWAY;;;OVER $1,500;UNABLE TO DETERMINE;UNABLE TO DETERMINE;10150;S;LONGWOOD DR;2213;;;;;;;2;NO INDICATION OF INJURY;0;0;0;0;0;2;0;17;2;6;41.708805331;-87.6702230759;{'type': 'Point', 'coordinates': [-87.670223075915, 41.708805330998]};ON SCENE;2025-06-16T17:54:00.000
e73f632a55f73a4ab04b6942cef7dbcb07081e6ebc9401da57ad0c46a190add21642b68bd7ff57b199ea7f98a09170bd67368a847cb572e5f56bbec2dfe78839;2025-06-16 17:48:00;30;NO CONTROLS;NO CONTROLS;CLEAR;DAYLIGHT;TURNING;DIVIDED - W/MEDIAN (NOT RAISED);STRAIGHT AND LEVEL;DRY;NO DEFECTS;NO INJURY / DRIVE AWAY;;;OVER $1,500;DISREGARDING ROAD MARKINGS;DISREGARDING ROAD MARKINGS;2337;N;CICERO AVE;2522;;;;;;;2;NO INDICATION OF INJURY;0;0;0;0;0;3;0;17;2;6;41.9235496884;-87.7461338753;{'type': 'Point', 'coordinates': [-87.746133875298, 41.923549688404]};ON SCENE;2025-06-16T18:23:00.000
331b493cda6e697b056862c86251c6da30557ac477e93b53d9d1f6d4fdd06b9f1965986ed5da2f9bd66c2257afe9bcee7e3f34459abab64b1e6d3606e62b3967;2025-06-16 17:45:00;10;NO CONTROLS;NO CONTROLS;CLEAR;DAYLIGHT;PARKED MOTOR VEHICLE;PARKING LOT;STRAIGHT AND LEVEL;DRY;UNKNOWN;NO INJURY / DRIVE AWAY;;;OVER $1,500;UNABLE TO DETERMINE;NOT APPLICABLE;2525;N;ELSTON AVE;1432;;;;;;;2;NO INDICATION OF INJURY;0;0;0;0;0;1;0;17;2;6;41.9274919518;-87.6807875591;{'type': 'Point', 'coordinates': [-87.680787559064, 41.92749195178]};NOT ON SCENE (DESK REPORT);2025-06-16T18:50:00.000
f11cc2685c3df9e75c5b9a494b323c071687201c14391daacae4f24c9e53b33358cf95aa5666074dc7296f64a356460439084d74e0ce94b159b784d20898697e;2025-06-16 17:43:00;30;NO CONTROLS;NO CONTROLS;CLEAR;DAYLIGHT;FIXED OBJECT;PARKING LOT;STRAIGHT AND LEVEL;UNKNOWN;UNKNOWN;NO INJURY / DRIVE AWAY;;;OVER $1,500;DRIVING SKILLS/KNOWLEDGE/EXPERIENCE;NOT APPLICABLE;3200;N;KIMBALL AVE;1732;;;;;;;1;NO INDICATION OF INJURY;0;0;0;0;0;1;0;17;2;6;41.9393196632;-87.7126412851;{'type': 'Point', 'coordinates': [-87.712641285082, 41.939319663188]};ON SCENE;2025-06-16T17:43:00.000
9348c7c506c7421bc58257e52656bcad2a9ffb1d2e2cb9e36a9233497e9111b18486f1e555f76d9a9d89ba539697d7e9cdc1a7e55a296989774a47d7aeee13df;2025-06-16 17:35:00;30;TRAFFIC SIGNAL;FUNCTIONING PROPERLY;CLEAR;DAYLIGHT;REAR END;DIVIDED - W/MEDIAN (NOT RAISED);STRAIGHT AND LEVEL;DRY;NO DEFECTS;NO INJURY / DRIVE AWAY;;Y;$501 - $1,500;IMPROPER BACKING;NOT APPLICABLE;545;N;MC CLURG CT;1834;;;;;;;2;NO INDICATION OF INJURY;0;0;0;0;0;2;0;17;2;6;41.8923894992;-87.6175608034;{'type': 'Point', 'coordinates': [-87.617560803385, 41.892389499173]};NOT ON SCENE (DESK REPORT);2025-06-16T19:07:00.000
112ba65bd89a1dbb3dce63ea3c4ed006f1fea7b61fd76c08a0de596a9d4f9d5e44114121b3bf208cc17bff05cc091955da05fbc1d760fdffe806853b47915dee;2025-06-16 17:30:00;30;NO CONTROLS;NO CONTROLS;CLEAR;DAYLIGHT;SIDESWIPE SAME DIRECTION;NOT DIVIDED;STRAIGHT AND LEVEL;UNKNOWN;UNKNOWN;NO INJURY / DRIVE AWAY;;;$500 OR LESS;UNABLE TO DETERMINE;UNABLE TO DETERMINE;703;E;115TH ST;532;;;;;;;2;NO INDICATION OF INJURY;0;0;0;0;0;2;0;17;2;6;41.6853843888;-87.6057106514;{'type': 'Point', 'coordinates': [-87.605710651391, 41.685384388791]};NOT ON SCENE (DESK REPORT);2025-06-16T18:00:00.000
35007d1d78c057d5137fcb898e0974bc3d6a2e91eebb63d590a7a7855370b84f97cbd858bc9d33b46239384ea9341b35a3e71198288968d1b2d88aa89b8bf490;2025-06-16 17:30:00;30;UNKNOWN;UNKNOWN;UNKNOWN;UNKNOWN;SIDESWIPE SAME DIRECTION;NOT DIVIDED;STRAIGHT AND LEVEL;UNKNOWN;UNKNOWN;NO INJURY / DRIVE AWAY;;;$501 - $1,500;DRIVING SKILLS/KNOWLEDGE/EXPERIENCE;UNABLE TO DETERMINE;1104;W;TAYLOR ST;1232;;;;;;;2;NO INDICATION OF INJURY;0;0;0;0;0;5;0;17;2;6;41.8695630163;-87.6544640036;{'type': 'Point', 'coordinates': [-87.654464003614, 41.86956301634]};NOT ON SCENE (DESK REPORT);2025-06-16T19:05:00.000
9e6c6be8a1c3b018827adc39a5c98fc02f3a9eb985fae1d32ea6d55a8d5ee8245a70fd91e002b7ca86a72765eb33eb7c17f260e00a2f0d7d33824f3f2404faed;2025-06-16 17:25:00;30;TRAFFIC SIGNAL;FUNCTIONING PROPERLY;CLEAR;DAYLIGHT;ANGLE;NOT DIVIDED;STRAIGHT AND LEVEL;UNKNOWN;UNKNOWN;INJURY AND / OR TOW DUE TO CRASH;Y;;OVER $1,500;DRIVING SKILLS/KNOWLEDGE/EXPERIENCE;NOT APPLICABLE;4698;W;79TH ST;834;;;;;;;2;NO INDICATION OF INJURY;0;0;0;0;0;2;0;17;2;6;41.7493006347;-87.7388676111;{'type': 'Point', 'coordinates': [-87.738867611063, 41.749300634717]};NOT ON SCENE (DESK REPORT);2025-06-16T18:45:00.000
a604f6de85ec2f075da01187439741d522037c170728b8ca9f481a5d466a996b91dd649cfd70f370e1fd1057a6b81522678349b0b78dd31c71659cbfeb47b404;2025-06-16 17:20:00;30;TRAFFIC SIGNAL;FUNCTIONING PROPERLY;CLEAR;DAYLIGHT;REAR END;NOT DIVIDED;STRAIGHT AND LEVEL;UNKNOWN;UNKNOWN;NO INJURY / DRIVE AWAY;;Y;OVER $1,500;FOLLOWING TOO CLOSELY;NOT APPLICABLE;5900;S;KEDZIE AVE;822;;;;;;;3;NO INDICATION OF INJURY;0;0;0;0;0;3;0;17;2;6;41.7861553079;-87.7034931406;{'type': 'Point', 'coordinates': [-87.703493140571, 41.786155307863]};NOT ON SCENE (DESK REPORT);2025-06-16T17:48:00.000
0e3b77f026fdff146d150ef6349c60f6dbaefb484d66df3bd080dc434b5e7432028a954d8f73f000842d6c3770fba006d022c8afc32ff147d69fa0a9d6ccedaa;2025-06-16 17:15:00;30;NO CONTROLS;NO CONTROLS;CLEAR;DAYLIGHT;PEDALCYCLIST;PARKING LOT;STRAIGHT AND LEVEL;DRY;NO DEFECTS;INJURY AND / OR TOW DUE TO CRASH;;;$500 OR LESS;UNABLE TO DETERMINE;UNABLE TO DETERMINE;307;E;75TH ST;623;;;;;;;2;NONINCAPACITATING INJURY;1;0;0;1;0;0;0;17;2;6;41.7582479506;-87.6179671826;{'type': 'Point', 'coordinates': [-87.617967182621, 41.758247950599]};ON SCENE;2025-06-16T17:16:00.000
e01279b9d5442dd1b4a50cb1d435cf63bb180bbc8d3ac3dcf7d0dd195249719f6f9fc8bdacd85d27f0c913a1feb47c957045c7ac4ea22198c31e1c3a176b5a70;2025-06-16 17:10:00;30;NO CONTROLS;NO CONTROLS;CLEAR;DAYLIGHT;REAR TO FRONT;NOT DIVIDED;STRAIGHT AND LEVEL;DRY;UNKNOWN;NO INJURY / DRIVE AWAY;;;OVER $1,500;IMPROPER BACKING;FAILING TO REDUCE SPEED TO AVOID CRASH;835;W;WAYMAN ST;1214;;;;;;;2;NO INDICATION OF INJURY;0;0;0;0;0;2;0;17;2;6;41.8872616186;-87.6488282486;{'type': 'Point', 'coordinates': [-87.648828248551, 41.887261618615]};NOT ON SCENE (DESK REPORT);2025-06-16T18:35:00.000
5961a156820336e18b500e1d9bbdd5a1b9b2659d5ca1afe5f1f88cc30180ee93907cceb2720d6406f7bea5e2340d19293867ca48b3a87f2fd773c857dc77140c;2025-06-16 17:00:00;30;NO CONTROLS;NO CONTROLS;CLEAR;DAYLIGHT;REAR END;ONE-WAY;STRAIGHT AND LEVEL;DRY;NO DEFECTS;NO INJURY / DRIVE AWAY;;;OVER $1,500;FOLLOWING TOO CLOSELY;DRIVING SKILLS/KNOWLEDGE/EXPERIENCE;4817;W;MONTANA ST;2521;;;;;;;2;NO INDICATION OF INJURY;0;0;0;0;0;2;0;17;2;6;41.9250704931;-87.7470718694;{'type': 'Point', 'coordinates': [-87.747071869374, 41.925070493055]};NOT ON SCENE (DESK REPORT);2025-06-17T01:00:00.000
64d259f68fb2a2775420a0f36842a55c576957265e82e43c52d6683485745d8e521331b01a5fa95e73a51473dfd2c831bcd07a1f8cfa702318882970e6862c84;2025-06-16 17:00:00;30;STOP SIGN/FLASHER;FUNCTIONING PROPERLY;CLEAR;DAYLIGHT;TURNING;NOT DIVIDED;STRAIGHT AND LEVEL;DRY;NO DEFECTS;NO INJURY / DRIVE AWAY;;;OVER $1,500;FAILING TO YIELD RIGHT-OF-WAY;UNABLE TO DETERMINE;7632;W;TOUHY AVE;1611;;;;;;;2;NO INDICATION OF INJURY;0;0;0;0;0;2;0;17;2;6;42.0115390309;-87.8176338622;{'type': 'Point', 'coordinates': [-87.817633862197, 42.011539030879]};NOT ON SCENE (DESK REPORT);2025-06-16T17:15:00.000
a76f4f7b5e1391c9e85847b6af575ff15e2ff998a1a6b1aa6faed56968bceb1ab94d788a6d1a3d13c1cc99061c3902c3513bfea078b153f1df68a1059b300a05;2025-06-16 17:00:00;0;UNKNOWN;UNKNOWN;CLEAR;DAYLIGHT;PEDESTRIAN;ALLEY;STRAIGHT AND LEVEL;DRY;UNKNOWN;INJURY AND / OR TOW DUE TO CRASH;;Y;OVER $1,500;OPERATING VEHICLE IN ERRATIC, RECKLESS, CARELESS, NEGLIGENT OR AGGRESSIVE MANNER;UNABLE TO DETERMINE;331;E;KENSINGTON AVE;532;;;;;;;2;NONINCAPACITATING INJURY;1;0;0;1;0;1;0;17;2;6;41.6838661372;-87.6155282627;{'type': 'Point', 'coordinates': [-87.615528262725, 41.683866137225]};ON SCENE;2025-06-16T18:22:00.000
df99f449abc5b6f3f99c4e9a6c7a119af24fbb3904b2b8341c75e4624a6c998ac9d66572a16a4f98a70cc6a534a3be8894b9cbe5c96386aa4c193f42ae949c4f;2025-06-16 16:54:00;20;NO CONTROLS;NO CONTROLS;CLEAR;DAYLIGHT;FIXED OBJECT;OTHER;STRAIGHT AND LEVEL;DRY;NO DEFECTS;NO INJURY / DRIVE AWAY;;;OVER $1,500;NOT APPLICABLE;UNABLE TO DETERMINE;7196;W;WABANSIA AVE;2513;;;;;;;2;NO INDICATION OF INJURY;0;0;0;0;0;1;0;16;2;6;41.9108169304;-87.8057376477;{'type': 'Point', 'coordinates': [-87.805737647674, 41.910816930391]};ON SCENE;2025-06-16T16:54:00.000
5468e711e5b12dce4cd3da275247a53915dfb61476878c7530cadc06ae6dfb1c0a1f7d2256329bf9330dd3ed0b7ce2c175e68beea5c194ea0abe5b12d8d0ebfa;2025-06-16 16:52:00;30;NO CONTROLS;NO CONTROLS;RAIN;DAYLIGHT;REAR END;NOT DIVIDED;STRAIGHT AND LEVEL;DRY;NO DEFECTS;NO INJURY / DRIVE AWAY;;Y;OVER $1,500;FOLLOWING TOO CLOSELY;NOT APPLICABLE;2228;N;LINCOLN AVE;1812;;;;;;;2;NO INDICATION OF INJURY;0;0;0;0;0;3;0;16;2;6;41.9224885777;-87.644838152;{'type': 'Point', 'coordinates': [-87.644838151969, 41.922488577655]};ON SCENE;2025-06-16T17:01:00.000
500a169dcbdb83edc8a9c285f9cad3b8750429fb35c930ba80b4af1dc65f45ad993cf6abc36c33393a68ad959bad3e96d0411736720553430b6329181686d583;2025-06-16 16:50:00;15;NO CONTROLS;NO CONTROLS;CLEAR;DAYLIGHT;FIXED OBJECT;ALLEY;STRAIGHT AND LEVEL;DRY;NO DEFECTS;NO INJURY / DRIVE AWAY;;Y;OVER $1,500;DRIVING SKILLS/KNOWLEDGE/EXPERIENCE;DRIVING SKILLS/KNOWLEDGE/EXPERIENCE;5013;S;LAPORTE AVE;814;;;;;;;1;NO INDICATION OF INJURY;0;0;0;0;0;1;0;16;2;6;41.8016683059;-87.7465172546;{'type': 'Point', 'coordinates': [-87.746517254562, 41.801668305897]};ON SCENE;2025-06-16T16:52:00.000
c4e7a542e25180b573880636beb0d0d2f06de941cf4a03d965478d18b7420c8b2c2c97c6c04c3a7c9f12d191b03e13dd371fca2e7331d07ce4459845826da6a6;2025-06-16 16:50:00;30;UNKNOWN;UNKNOWN;CLEAR;DAYLIGHT;SIDESWIPE SAME DIRECTION;NOT DIVIDED;STRAIGHT AND LEVEL;UNKNOWN;UNKNOWN;NO INJURY / DRIVE AWAY;;;OVER $1,500;UNABLE TO DETERMINE;UNABLE TO DETERMINE;1111;N;DEARBORN ST;1824;;;;;;;2;NO INDICATION OF INJURY;0;0;0;0;0;2;0;16;2;6;41.9022362593;-87.6297884046;{'type': 'Point', 'coordinates': [-87.629788404598, 41.902236259348]};NOT ON SCENE (DESK REPORT);2025-06-16T17:50:00.000
cb3ce960c276d9a6c43253b24fa7a066921027601d67a52a5270ade4e29cd87fa146055dd473b32a23ea712e41f190c5f18e2c9c57717b345c03ef3435b0e040;2025-06-16 16:50:00;30;TRAFFIC SIGNAL;FUNCTIONING PROPERLY;CLEAR;DAYLIGHT;REAR END;FOUR WAY;STRAIGHT AND LEVEL;DRY;NO DEFECTS;NO INJURY / DRIVE AWAY;Y;;$500 OR LESS;UNABLE TO DETERMINE;NOT APPLICABLE;2500;S;PULASKI RD;1013;;;;;;;2;NO INDICATION OF INJURY;0;0;0;0;0;2;0;16;2;6;41.846037569;-87.7247613705;{'type': 'Point', 'coordinates': [-87.724761370522, 41.846037568964]};NOT ON SCENE (DESK REPORT);2025-06-16T18:24:00.000
de2cbc2f55b6ea064360b4c846c2c7e2a4e05ed0fd7325a385d17338206e0ddb437526675a4f67100b0d2d342d2a00faf2eadf303df141ec4c54ca583a4e5def;2025-06-16 16:47:00;30;STOP SIGN/FLASHER;FUNCTIONING PROPERLY;CLEAR;DAYLIGHT;TURNING;NOT DIVIDED;STRAIGHT AND LEVEL;DRY;NO DEFECTS;NO INJURY / DRIVE AWAY;;Y;OVER $1,500;IMPROPER TURNING/NO SIGNAL;IMPROPER LANE USAGE;3705;W;CHICAGO AVE;1112;;;;;;;2;NO INDICATION OF INJURY;0;0;0;0;0;3;0;16;2;6;41.8953246598;-87.7189966753;{'type': 'Point', 'coordinates': [-87.718996675278, 41.8953246598]};NOT ON SCENE (DESK REPORT);2025-06-16T16:50:00.000
2f1a4212137b2e66df315db85d72ff06b6e0536ea57c68a5a7eead2179fe2964c2dc64e7c531410ee70298100fe8dd6cc13b09d63848df357537a94c172be7dd;2025-06-16 16:40:00;30;TRAFFIC SIGNAL;FUNCTIONING PROPERLY;CLEAR;DAYLIGHT;REAR END;NOT DIVIDED;STRAIGHT AND LEVEL;DRY;NO DEFECTS;NO INJURY / DRIVE AWAY;;;$501 - $1,500;FOLLOWING TOO CLOSELY;UNABLE TO DETERMINE;6308;N;CENTRAL AVE;1621;;;;;;;2;NO INDICATION OF INJURY;0;0;0;0;0;3;0;16;2;6;41.996371597;-87.7642770382;{'type': 'Point', 'coordinates': [-87.764277038221, 41.996371597022]};NOT ON SCENE (DESK REPORT);2025-06-16T17:45:00.000
da9b19e860881f0c896b4f073fb8a174b67696bf1b00fcd18010795ba7e09af3bfdf731f43b728f9928460d758714840253434d2323f8e82fa89cdb1cd7a5675;2025-06-16 16:37:00;30;TRAFFIC SIGNAL;UNKNOWN;CLEAR;DAYLIGHT;TURNING;NOT DIVIDED;STRAIGHT AND LEVEL;DRY;UNKNOWN;NO INJURY / DRIVE AWAY;Y;;OVER $1,500;UNABLE TO DETERMINE;NOT APPLICABLE;6999;W;ARCHER AVE;811;;;;;;;2;NO INDICATION OF INJURY;0;0;0;0;0;3;0;16;2;6;41.7919544335;-87.7963928279;{'type': 'Point', 'coordinates': [-87.796392827856, 41.791954433544]};ON SCENE;2025-06-16T16:43:00.000
36c9f101d3ac22a41e237cc7f3bd0c99c7a08850a3971231a2130cf4f80d9f23338f67fac8a5178005849801c5a7a4268401f0f353df2b226d352738bb9cc8e4;2025-06-16 16:30:00;30;TRAFFIC SIGNAL;FUNCTIONING PROPERLY;CLEAR;DAYLIGHT;SIDESWIPE OPPOSITE DIRECTION;DIVIDED - W/MEDIAN (NOT RAISED);STRAIGHT AND LEVEL;DRY;NO DEFECTS;NO INJURY / DRIVE AWAY;Y;;$501 - $1,500;UNABLE TO DETERMINE;NOT APPLICABLE;1200;W;47TH ST;924;;;;;;;2;NO INDICATION OF INJURY;0;0;0;0;0;2;0;16;2;6;41.8088429385;-87.6553045946;{'type': 'Point', 'coordinates': [-87.655304594554, 41.808842938485]};NOT ON SCENE (DESK REPORT);2025-06-16T17:00:00.000
70ba44d51abeedbd306ad59ce9135e32eb1442f5d4539b644688146660bc3aaef4ae04cc7ce46d735fc6be10ac5a7d1658bda5ffd942a57c6c4711e13334fffd;2025-06-16 16:30:00;30;NO CONTROLS;NO CONTROLS;CLEAR;DAYLIGHT;ANGLE;NOT DIVIDED;STRAIGHT AND LEVEL;DRY;UNKNOWN;NO INJURY / DRIVE AWAY;;;OVER $1,500;UNABLE TO DETERMINE;NOT APPLICABLE;2000;S;PULASKI RD;1012;;;;;;;2;NO INDICATION OF INJURY;0;0;0;0;0;4;0;16;2;6;41.8543804421;-87.7249789944;{'type': 'Point', 'coordinates': [-87.72497899436, 41.854380442115]};ON SCENE;2025-06-16T16:39:00.000
c2adbfc360849d596bd1e6d8a14ddb436852b764673a9d855cdff9b5e4f1ccd484954719be68e6b65d3d07e8c402e6f488f3a67cd26c2c793a37b33f891176d0;2025-06-16 16:28:00;30;NO CONTROLS;NO CONTROLS;CLEAR;DAYLIGHT;PEDALCYCLIST;CENTER TURN LANE;STRAIGHT AND LEVEL;DRY;NO DEFECTS;INJURY AND / OR TOW DUE TO CRASH;;;OVER $1,500;UNABLE TO DETERMINE;UNABLE TO DETERMINE;4713;S;CALIFORNIA AVE;922;;;;;;;2;NONINCAPACITATING INJURY;1;0;0;1;0;1;0;16;2;6;41.8078715338;-87.694047255;{'type': 'Point', 'coordinates': [-87.694047255025, 41.807871533771]};NOT ON SCENE (DESK REPORT);2025-06-16T16:45:00.000
efd7ba0e81f1eb35556cf8f034bcf627b6a87942beefe932c55dec7742f02a0c1b803a8e229ef51fd0197f9439b241669f8263dd7807b1ed1360cf9e045c1197;2025-06-16 16:15:00;30;NO CONTROLS;NO CONTROLS;CLEAR;DAYLIGHT;ANGLE;DIVIDED - W/MEDIAN (NOT RAISED);STRAIGHT AND LEVEL;DRY;UNKNOWN;NO INJURY / DRIVE AWAY;;;OVER $1,500;NOT APPLICABLE;NOT APPLICABLE;6700;S;RHODES AVE;321;;;;;;;2;NO INDICATION OF INJURY;0;0;0;0;0;2;0;16;2;6;41.7729355853;-87.6119726402;{'type': 'Point', 'coordinates': [-87.611972640218, 41.7729355853]};NOT ON SCENE (DESK REPORT);2025-06-16T16:50:00.000
6c14d6344865bf586f4468891161a710c17569ff42ea7a4c6f429dccbba2543cc451784e51055053f549103ad6e59a864ff7a85561819af05643df4232155736;2025-06-16 16:01:00;30;UNKNOWN;UNKNOWN;CLEAR;DAYLIGHT;FIXED OBJECT;DIVIDED - W/MEDIAN (NOT RAISED);STRAIGHT AND LEVEL;DRY;NO DEFECTS;INJURY AND / OR TOW DUE TO CRASH;;;OVER $1,500;UNABLE TO DETERMINE;UNABLE TO DETERMINE;5133;S;COTTAGE GROVE AVE;233;;Y;;;;;1;REPORTED, NOT EVIDENT;6;0;0;0;6;0;0;16;2;6;41.8012699557;-87.6062276255;{'type': 'Point', 'coordinates': [-87.60622762555, 41.801269955655]};ON SCENE;2025-06-16T16:04:00.000
385ab31a62b96bbeb2e957f7665e150865247346e4b3d8e231ef57c09d0ad009fa360ece425027bf4fac052f0fc5b27fff922b6e5f29ca45903c2be9cd7a6a7b;2025-06-16 16:00:00;30;NO CONTROLS;NO CONTROLS;CLEAR;DAYLIGHT;REAR END;NOT DIVIDED;STRAIGHT AND LEVEL;DRY;NO DEFECTS;NO INJURY / DRIVE AWAY;;;OVER $1,500;DISTRACTION - FROM OUTSIDE VEHICLE;NOT APPLICABLE;4837;W;MONTROSE AVE;1624;;;;;;;2;NO INDICATION OF INJURY;0;0;0;0;0;2;0;16;2;6;41.9605940334;-87.7490501911;{'type': 'Point', 'coordinates': [-87.749050191059, 41.960594033411]};NOT ON SCENE (DESK REPORT);2025-06-16T16:30:00.000
7b90f6a00f1c63121877dc5368cbfd4be2ba452c5e99f2221fb8ca02b58ad750c54e1dec95f9abf18fe27b96f4dffa0317735e347bffcc9a0f9329a373628214;2025-06-16 16:00:00;30;NO CONTROLS;NO CONTROLS;CLEAR;DAYLIGHT;SIDESWIPE SAME DIRECTION;ONE-WAY;STRAIGHT AND LEVEL;DRY;NO DEFECTS;NO INJURY / DRIVE AWAY;;;OVER $1,500;UNABLE TO DETERMINE;UNABLE TO DETERMINE;259;E;ERIE ST;1834;;;;;;;2;NO INDICATION OF INJURY;0;0;0;0;0;2;0;16;2;6;41.8940853807;-87.62040431;{'type': 'Point', 'coordinates': [-87.620404310022, 41.894085380663]};NOT ON SCENE (DESK REPORT);2025-06-16T17:15:00.000
81d335207f9d0766b0f8b4620aa09505fd2ebbe59b65ed84c74793fc34726a30eb62d10da63d5814604701d6ca565b532b9b4ee8f13a5d137b306e8ef684b296;2025-06-16 16:00:00;10;NO CONTROLS;NO CONTROLS;CLEAR;DAYLIGHT;PARKED MOTOR VEHICLE;PARKING LOT;STRAIGHT AND LEVEL;DRY;NO DEFECTS;NO INJURY / DRIVE AWAY;;;$500 OR LESS;DRIVING SKILLS/KNOWLEDGE/EXPERIENCE;NOT APPLICABLE;1500;S;INDIANA AVE;132;;;;;;;2;NO INDICATION OF INJURY;0;0;0;0;0;3;0;16;2;6;41.8619430978;-87.6225704424;{'type': 'Point', 'coordinates': [-87.622570442358, 41.86194309783]};NOT ON SCENE (DESK REPORT);2025-06-16T18:20:00.000
a68da9cdc3c0e96e670697be2d12ec22622e79b04cfcee6bf5950ba972d7ad47587ae8bab1e101e1183c837bb298db9ff508e350d15c83fdd0b4484bdefabd46;2025-06-16 16:00:00;20;NO CONTROLS;NO CONTROLS;CLEAR;DAYLIGHT;SIDESWIPE SAME DIRECTION;NOT DIVIDED;STRAIGHT AND LEVEL;DRY;NO DEFECTS;NO INJURY / DRIVE AWAY;;;OVER $1,500;DISTRACTION - FROM OUTSIDE VEHICLE;DISTRACTION - FROM OUTSIDE VEHICLE;1116;N;ASHLAND AVE;1213;Y;;;;;;2;NO INDICATION OF INJURY;0;0;0;0;0;2;0;16;2;6;41.9021030828;-87.6676093769;{'type': 'Point', 'coordinates': [-87.66760937694, 41.902103082755]};NOT ON SCENE (DESK REPORT);2025-06-16T16:00:00.000
3fb914a9093fe0b878fe93ab74dfe6c96bbbe5decfac71644e327ba13424a34badc8a77c740b6dee745fc69938be8bda6b2afb61805c03690bcfec7a4d58c76f;2025-06-16 15:55:00;35;TRAFFIC SIGNAL;FUNCTIONING PROPERLY;CLEAR;DAYLIGHT;SIDESWIPE OPPOSITE DIRECTION;DIVIDED - W/MEDIAN (NOT RAISED);STRAIGHT AND LEVEL;DRY;NO DEFECTS;NO INJURY / DRIVE AWAY;;Y;$500 OR LESS;IMPROPER OVERTAKING/PASSING;IMPROPER LANE USAGE;2601;W;TOUHY AVE;2411;;;;;;;2;NO INDICATION OF INJURY;0;0;0;0;0;2;0;15;2;6;42.0120637331;-87.6950994608;{'type': 'Point', 'coordinates': [-87.695099460786, 42.012063733103]};ON SCENE;2025-06-16T16:01:00.000
d7a32122c967cad7eec79b952528e6071df17cd8a526512b3873e1dc052c993d01f539923d12e6ad85ed00afd3637e8766ab37c20a27652b3a00dff499751fec;2025-06-16 15:55:00;30;UNKNOWN;UNKNOWN;CLEAR;DAYLIGHT;SIDESWIPE SAME DIRECTION;FOUR WAY;STRAIGHT AND LEVEL;DRY;UNKNOWN;NO INJURY / DRIVE AWAY;;;OVER $1,500;IMPROPER OVERTAKING/PASSING;NOT APPLICABLE;7850;S;DR MARTIN LUTHER KING JR DR;623;;;;;;;2;NO INDICATION OF INJURY;0;0;0;0;0;2;0;15;2;6;41.7514302943;-87.6151127336;{'type': 'Point', 'coordinates': [-87.615112733615, 41.751430294265]};NOT ON SCENE (DESK REPORT);2025-06-16T16:15:00.000
19e82880119acbb3c1ce6dfd967c1fb332e53537945a24d4ab29771fffbe9b2779ebb03b8528d531c53d22f0f6748f259b1456dd4da587f4b7641088006c7f29;2025-06-16 15:52:00;30;NO CONTROLS;NO CONTROLS;CLEAR;DAYLIGHT;REAR END;NOT DIVIDED;STRAIGHT AND LEVEL;DRY;NO DEFECTS;NO INJURY / DRIVE AWAY;;Y;$501 - $1,500;FOLLOWING TOO CLOSELY;FOLLOWING TOO CLOSELY;6901;N;WESTERN AVE;2411;;;;;;;2;NO INDICATION OF INJURY;0;0;0;0;0;2;0;15;2;6;42.0062838142;-87.6899526295;{'type': 'Point', 'coordinates': [-87.689952629546, 42.006283814184]};NOT ON SCENE (DESK REPORT);2025-06-16T16:32:00.000
94a3f188490833be9806b747a5192d184e42678c26697e0d88bd85db412ed6830c4288d3f1265cdb89425097985910073ca4d042b7ce1c025c9b7dcbead04f4d;2025-06-16 15:50:00;30;NO CONTROLS;NO CONTROLS;CLEAR;DAYLIGHT;PEDESTRIAN;DIVIDED - W/MEDIAN (NOT RAISED);STRAIGHT AND LEVEL;DRY;UNKNOWN;INJURY AND / OR TOW DUE TO CRASH;;;OVER $1,500;UNABLE TO DETERMINE;IMPROPER LANE USAGE;3133;W;AUGUSTA BLVD;1211;;;;;;;3;INCAPACITATING INJURY;2;0;1;0;1;2;0;15;2;6;41.8990958473;-87.705606953;{'type': 'Point', 'coordinates': [-87.705606953023, 41.899095847333]};ON SCENE;2025-06-16T15:55:00.000
23c5a5b680c26d33b8ca06f9403aac603bc64e9f00f0091cb224e96616006edef4896c4e6e6daa5c1873e444549e45d8f58522cb60599ff5a67172ba160872aa;2025-06-16 15:48:00;30;NO CONTROLS;NO CONTROLS;CLEAR;DAYLIGHT;PEDALCYCLIST;NOT DIVIDED;STRAIGHT AND LEVEL;DRY;NO DEFECTS;INJURY AND / OR TOW DUE TO CRASH;Y;;OVER $1,500;NOT APPLICABLE;NOT APPLICABLE;5559;N;ELSTON AVE;1621;;;;;;;2;NONINCAPACITATING INJURY;1;0;0;1;0;1;0;15;2;6;41.9825634124;-87.7634297744;{'type': 'Point', 'coordinates': [-87.763429774409, 41.982563412361]};ON SCENE;2025-06-16T15:53:00.000
8fceb864b4b589223242fe042be072d960cba8aeb2c8aef024b11d6efd09ac71ce2c2619ba14ef94b3a7b701a9757f8febb900bbc0d70a192f68d2d7b3bb0770;2025-06-16 15:45:00;30;NO CONTROLS;NO CONTROLS;CLEAR;DAYLIGHT;PARKED MOTOR VEHICLE;NOT DIVIDED;STRAIGHT AND LEVEL;DRY;NO DEFECTS;NO INJURY / DRIVE AWAY;;;OVER $1,500;UNABLE TO DETERMINE;NOT APPLICABLE;10706;S;WESTERN AVE;2212;;;;;;;2;NO INDICATION OF INJURY;0;0;0;0;0;2;0;15;2;6;41.6988409382;-87.6815265332;{'type': 'Point', 'coordinates': [-87.681526533238, 41.69884093819]};ON SCENE;2025-06-16T15:45:00.000
c3cd5b9205b8f4883a5f2ea3a078a18a707083117ab893454904df0be1830bca9755e0504b3cfcc55aa1005e62dc019818e04be03c2b7bfc55ae4904ed4653ba;2025-06-16 15:45:00;30;NO CONTROLS;NO CONTROLS;CLEAR;DAYLIGHT;SIDESWIPE SAME DIRECTION;NOT DIVIDED;STRAIGHT AND LEVEL;DRY;NO DEFECTS;NO INJURY / DRIVE AWAY;;Y;OVER $1,500;UNABLE TO DETERMINE;NOT APPLICABLE;800;N;LAKE SHORE DR NB;1833;;;;;;;2;NO INDICATION OF INJURY;0;0;0;0;0;2;0;15;2;6;41.8968049724;-87.6170274232;{'type': 'Point', 'coordinates': [-87.617027423234, 41.896804972416]};NOT ON SCENE (DESK REPORT);2025-06-16T16:30:00.000
cc91896644eabcc1ce543945a37eb3ae0051a401fbc4f45b3c39c5d8ef320db173c0e11140624b954d1cd0a04a67c23ad61291925aad6490a8fd707677f037f9;2025-06-16 15:45:00;25;NO CONTROLS;NO CONTROLS;CLEAR;DAYLIGHT;PARKED MOTOR VEHICLE;ONE-WAY;STRAIGHT AND LEVEL;DRY;NO DEFECTS;NO INJURY / DRIVE AWAY;;;OVER $1,500;DRIVING SKILLS/KNOWLEDGE/EXPERIENCE;UNABLE TO DETERMINE;2868;S;QUINN ST;913;;;;;;;2;NO INDICATION OF INJURY;0;0;0;0;0;1;0;15;2;6;41.841266235;-87.6510618386;{'type': 'Point', 'coordinates': [-87.651061838628, 41.841266234965]};NOT ON SCENE (DESK REPORT);2025-06-16T16:30:00.000
ef40cc3c64233df7db44a95dba0609247cb35fcc869d8bfed042e627f06df105141b6653645a550aa9c28a6ad067f2161903ec2d0c32f5da192096ffa2090ae6;2025-06-16 15:45:00;30;NO CONTROLS;NO CONTROLS;CLEAR;DAYLIGHT;REAR TO REAR;NOT DIVIDED;STRAIGHT AND LEVEL;DRY;NO DEFECTS;NO INJURY / DRIVE AWAY;;;$501 - $1,500;UNABLE TO DETERMINE;UNABLE TO DETERMINE;3950;N;HARLEM AVE;1631;;;;;;;2;NO INDICATION OF INJURY;0;0;0;0;0;2;0;15;2;6;41.9522548895;-87.807396909;{'type': 'Point', 'coordinates': [-87.807396909006, 41.952254889468]};NOT ON SCENE (DESK REPORT);2025-06-16T17:00:00.000
30112f28fa44d69f90da3633a420923d8122d586a167f847f57d005ff43acd314313a6cfb04204adaf5adaf76d74950d33ecc9070f66d64eaebba9f1c575d230;2025-06-16 15:43:00;30;NO CONTROLS;NO CONTROLS;CLEAR;DAYLIGHT;REAR END;FOUR WAY;STRAIGHT AND LEVEL;DRY;NO DEFECTS;NO INJURY / DRIVE AWAY;;;OVER $1,500;UNABLE TO DETERMINE;NOT APPLICABLE;4500;N;BROADWAY;1913;;;;;;;2;NO INDICATION OF INJURY;0;0;0;0;0;2;0;15;2;6;41.9637889643;-87.6566064924;{'type': 'Point', 'coordinates': [-87.656606492376, 41.963788964252]};NOT ON SCENE (DESK REPORT);2025-06-16T16:00:00.000
edcff787946cad84a159d2f3d6470cc64753f91016c214496f9f08b83020f8b53f1c17bbfb2e3e433d07ca95c1de62876d743c2b8375c629999e455491d25589;2025-06-16 15:35:00;30;NO CONTROLS;NO CONTROLS;CLEAR;DAYLIGHT;SIDESWIPE SAME DIRECTION;NOT DIVIDED;STRAIGHT AND LEVEL;DRY;NO DEFECTS;NO INJURY / DRIVE AWAY;;;OVER $1,500;IMPROPER OVERTAKING/PASSING;IMPROPER OVERTAKING/PASSING;3853;N;PULASKI RD;1732;;;;;;;2;NO INDICATION OF INJURY;0;0;0;0;0;2;0;15;2;6;41.9514810837;-87.7274002811;{'type': 'Point', 'coordinates': [-87.727400281094, 41.951481083711]};NOT ON SCENE (DESK REPORT);2025-06-16T18:15:00.000
17fbe875d705ce6db89e3e89b1eaf5acc61444695ffda5fb14ea98b38a4e696d9980582b7e4674fbdf325b36a543d8276eedae62b0c92c039c389343fc8a85e4;2025-06-16 15:30:00;30;NO CONTROLS;NO CONTROLS;CLEAR;DAYLIGHT;PARKED MOTOR VEHICLE;NOT DIVIDED;STRAIGHT AND LEVEL;DRY;NO DEFECTS;NO INJURY / DRIVE AWAY;;;OVER $1,500;UNABLE TO DETERMINE;NOT APPLICABLE;6568;N;SHERIDAN RD;2432;;;;;;;2;NO INDICATION OF INJURY;0;0;0;0;0;1;0;15;2;6;42.0020170986;-87.6609087897;{'type': 'Point', 'coordinates': [-87.660908789659, 42.00201709856]};NOT ON SCENE (DESK REPORT);2025-06-16T16:00:00.000
f739afdf8817fe957d5b66d798751fc59126ce9ef8ea11d3124ed9a6335549e2e778c5f928185dc51489ac524d8a65b3e413a100c65dfc3e384c270a6cffc83e;2025-06-16 15:30:00;30;NO CONTROLS;NO CONTROLS;CLEAR;DAYLIGHT;SIDESWIPE SAME DIRECTION;NOT DIVIDED;STRAIGHT AND LEVEL;DRY;NO DEFECTS;NO INJURY / DRIVE AWAY;;Y;OVER $1,500;IMPROPER LANE USAGE;NOT APPLICABLE;2323;W;111TH ST;2212;;;;;;;2;NO INDICATION OF INJURY;0;0;0;0;0;4;0;15;2;6;41.691679204;-87.6797791725;{'type': 'Point', 'coordinates': [-87.679779172526, 41.691679204031]};NOT ON SCENE (DESK REPORT);2025-06-16T15:30:00.000
8b02446349f32913ab42a0280b2bdf869b863cac9ba88daee699e885d10ee41b8062b56195702e3dc1f1413b16cc4a13fc573f06723ab2e8e73a660dd93e7927;2025-06-16 15:28:00;35;NO CONTROLS;NO CONTROLS;CLEAR;DAYLIGHT;TURNING;NOT DIVIDED;STRAIGHT AND LEVEL;DRY;NO DEFECTS;INJURY AND / OR TOW DUE TO CRASH;;;OVER $1,500;IMPROPER TURNING/NO SIGNAL;NOT APPLICABLE;3034;S;KEDZIE AVE;1032;;;;;;;2;NO INDICATION OF INJURY;0;0;0;0;0;2;0;15;2;6;41.8380009531;-87.7049911873;{'type': 'Point', 'coordinates': [-87.704991187254, 41.838000953098]};NOT ON SCENE (DESK REPORT);2025-06-16T16:04:00.000
038136136faad81debbe2dde4779507220ab6a73bf7197618ad7d2ea9f72a5a311486d2b5e73d0a2051d09a07f7e73a3f42db8b5473d7f92ce5c03163249120d;2025-06-16 15:25:00;30;NO CONTROLS;NO CONTROLS;CLEAR;DAYLIGHT;SIDESWIPE SAME DIRECTION;NOT DIVIDED;STRAIGHT AND LEVEL;DRY;NO DEFECTS;NO INJURY / DRIVE AWAY;;;OVER $1,500;FAILING TO YIELD RIGHT-OF-WAY;NOT APPLICABLE;715;E;51ST ST;233;;;;;;;2;NO INDICATION OF INJURY;0;0;0;0;0;3;0;15;2;6;41.802108117;-87.6082053424;{'type': 'Point', 'coordinates': [-87.608205342448, 41.802108117037]};NOT ON SCENE (DESK REPORT);2025-06-16T16:10:00.000
b525ebfc56a34403ece96e9cf272db3e24b0ec169c3c29d97a4313bc8cff48c66a9f1b094ab8d9e15601c036f7236d1c31131802274e759d7009bfe17b5715fd;2025-06-16 15:15:00;30;STOP SIGN/FLASHER;FUNCTIONING PROPERLY;CLEAR;DAYLIGHT;TURNING;DIVIDED - W/MEDIAN (NOT RAISED);STRAIGHT AND LEVEL;DRY;NO DEFECTS;NO INJURY / DRIVE AWAY;Y;;$501 - $1,500;IMPROPER OVERTAKING/PASSING;NOT APPLICABLE;631;E;115TH ST;532;;;;;;;2;NO INDICATION OF INJURY;0;0;0;0;0;2;0;15;2;6;41.6853709807;-87.6071151958;{'type': 'Point', 'coordinates': [-87.607115195764, 41.685370980748]};NOT ON SCENE (DESK REPORT);2025-06-16T16:00:00.000
176b223d6cb1608c4852fb2c5ec37e939507b7014e218326c26966f61c99d25f685c392ebac2ba4a257ef39de22c400bcc02bfadd25c06a85d38e3461faea5c3;2025-06-16 15:10:00;30;STOP SIGN/FLASHER;UNKNOWN;CLEAR;DAYLIGHT;PARKED MOTOR VEHICLE;DIVIDED - W/MEDIAN (NOT RAISED);STRAIGHT AND LEVEL;DRY;NO DEFECTS;INJURY AND / OR TOW DUE TO CRASH;;;OVER $1,500;PHYSICAL CONDITION OF DRIVER;UNABLE TO DETERMINE;9944;S;STATE ST;511;;;;;;;3;REPORTED, NOT EVIDENT;1;0;0;0;1;0;0;15;2;6;41.7131124007;-87.623792063;{'type': 'Point', 'coordinates': [-87.623792063005, 41.713112400707]};ON SCENE;2025-06-16T15:13:00.000
6b62672f378af9d220245db8be2b32eafeeed3bdfb38dc5d5afaea64379076ce3487299f32fc49152e77c86632afaab495c3a9d89fcaa775bb2ce5bb2c99f99c;2025-06-16 15:04:00;30;TRAFFIC SIGNAL;FUNCTIONING PROPERLY;CLEAR;DAYLIGHT;REAR END;NOT DIVIDED;STRAIGHT AND LEVEL;DRY;NO DEFECTS;NO INJURY / DRIVE AWAY;;;$501 - $1,500;UNABLE TO DETERMINE;NOT APPLICABLE;42;E;PERSHING RD;213;;;;;;;2;NO INDICATION OF INJURY;0;0;0;0;0;2;0;15;2;6;41.8238446202;-87.6249048218;{'type': 'Point', 'coordinates': [-87.624904821753, 41.823844620169]};NOT ON SCENE (DESK REPORT);2025-06-16T15:45:00.000
1386069502ca577c631f2b5eab77b4d387ff679b58c8c2389832d0426ffcd64b279aa349a7bfd4e8f97e67db1e73fe8a724a3cb4f7027d9f8f3e89638e64bb34;2025-06-16 15:00:00;25;NO CONTROLS;NO CONTROLS;CLEAR;DAYLIGHT;PARKED MOTOR VEHICLE;NOT DIVIDED;STRAIGHT AND LEVEL;DRY;NO DEFECTS;NO INJURY / DRIVE AWAY;;Y;OVER $1,500;UNABLE TO DETERMINE;UNABLE TO DETERMINE;3520;S;PRAIRIE AVE;212;;;;;;;2;NO INDICATION OF INJURY;0;0;0;0;0;1;0;15;2;6;41.8304513224;-87.6206850743;{'type': 'Point', 'coordinates': [-87.620685074299, 41.830451322407]};NOT ON SCENE (DESK REPORT);2025-06-16T16:20:00.000
2057ac4361bb8ba9790818aef5b5b1ea39629b018abb8a628c17ed32123078f0da8f5c252f93eb807474ff22a7059de1cecb813372ecace9cb9144e0b4f8811c;2025-06-16 15:00:00;30;STOP SIGN/FLASHER;FUNCTIONING PROPERLY;CLEAR;DAYLIGHT;TURNING;ONE-WAY;STRAIGHT AND LEVEL;DRY;NO DEFECTS;NO INJURY / DRIVE AWAY;;Y;OVER $1,500;DRIVING ON WRONG SIDE/WRONG WAY;IMPROPER OVERTAKING/PASSING;2920;W;GLENLAKE AVE;2413;;;;;;;2;NO INDICATION OF INJURY;0;0;0;0;0;2;0;15;2;6;41.9922729842;-87.7026745192;{'type': 'Point', 'coordinates': [-87.702674519183, 41.992272984204]};ON SCENE;2025-06-16T15:30:00.000
996f9d5aaa581eea6573ff225fa65937404226d8854ec20906b070c8558ec83aecc2878b353217050aeb09c6a845e20d9fa93bd9c65d7f54652357395db9fb13;2025-06-16 15:00:00;30;TRAFFIC SIGNAL;FUNCTIONING PROPERLY;CLEAR;DAYLIGHT;ANGLE;FOUR WAY;STRAIGHT AND LEVEL;DRY;UNKNOWN;INJURY AND / OR TOW DUE TO CRASH;Y;;OVER $1,500;UNABLE TO DETERMINE;NOT APPLICABLE;3600;N;CICERO AVE;1634;;;;;;;2;NO INDICATION OF INJURY;0;0;0;0;0;2;0;15;2;6;41.9461635236;-87.747215169;{'type': 'Point', 'coordinates': [-87.74721516897, 41.946163523626]};ON SCENE;2025-06-16T15:15:00.000
bbca51541dd2e92d20ea9d44680291a52e2743586f84818192736eef5fe18dfeca6c1978e42a5e136b42931c227c547dec49c60db2fad8ed369bf462d3fb2a1e;2025-06-16 15:00:00;30;NO CONTROLS;NO CONTROLS;CLEAR;DAYLIGHT;PARKED MOTOR VEHICLE;NOT DIVIDED;STRAIGHT AND LEVEL;DRY;NO DEFECTS;INJURY AND / OR TOW DUE TO CRASH;N;;$501 - $1,500;EQUIPMENT - VEHICLE CONDITION;EQUIPMENT - VEHICLE CONDITION;1411;N;HAMLIN AVE;2535;;;;;;;2;NO INDICATION OF INJURY;0;0;0;0;0;1;0;15;2;6;41.9066950794;-87.7214117071;{'type': 'Point', 'coordinates': [-87.721411707132, 41.906695079429]};ON SCENE;2025-06-16T15:44:00.000
f1cbcc38c5026ec531e15cbba2e63c806567a44f98ca3592d2a23d0feb31d0f37190316567a38cd298a39cf5c33f442a88ce2066335fcafcc41f02f54fba4287;2025-06-16 15:00:00;30;NO CONTROLS;NO CONTROLS;CLEAR;DAYLIGHT;SIDESWIPE SAME DIRECTION;ONE-WAY;STRAIGHT AND LEVEL;UNKNOWN;UNKNOWN;NO INJURY / DRIVE AWAY;;;OVER $1,500;DRIVING SKILLS/KNOWLEDGE/EXPERIENCE;NOT APPLICABLE;7255;S;ROCKWELL ST;832;;;;;;;2;NO INDICATION OF INJURY;0;0;0;0;0;2;0;15;2;6;41.7611781174;-87.6878964007;{'type': 'Point', 'coordinates': [-87.687896400675, 41.761178117402]};NOT ON SCENE (DESK REPORT);2025-06-16T17:10:00.000
8941e935aa22c8b73fb1769c2b352afbae4e86739b5060645dc94d37dcb26dcb0f76c9f024fb6051729fece0048ed546e5dbfa7a379396c1bc82ebcf76d56e78;2025-06-16 14:57:00;30;NO CONTROLS;NO CONTROLS;CLEAR;DAYLIGHT;SIDESWIPE SAME DIRECTION;NOT DIVIDED;STRAIGHT AND LEVEL;DRY;NO DEFECTS;NO INJURY / DRIVE AWAY;;;OVER $1,500;IMPROPER OVERTAKING/PASSING;IMPROPER OVERTAKING/PASSING;10701;S;PULASKI RD;2211;;;;;;;2;NO INDICATION OF INJURY;0;0;0;0;0;3;0;14;2;6;41.6984396508;-87.7204864951;{'type': 'Point', 'coordinates': [-87.720486495063, 41.698439650791]};ON SCENE;2025-06-16T15:00:00.000
30bc320cb27fff581130bd8a6af44a302020e92c677a93fc1043a2fb53d78dcbbf11a1a0551e2e0bb2caa150f1c0842544a26290a4e0081f1d38e7cd0654fa1b;2025-06-16 14:56:00;30;NO CONTROLS;NO CONTROLS;CLEAR;DAYLIGHT;PARKED MOTOR VEHICLE;NOT DIVIDED;STRAIGHT AND LEVEL;DRY;UNKNOWN;NO INJURY / DRIVE AWAY;;;OVER $1,500;IMPROPER OVERTAKING/PASSING;NOT APPLICABLE;2047;W;ST PAUL AVE;1434;N;;;;;;2;NO INDICATION OF INJURY;0;0;0;0;0;1;0;14;2;6;41.9129292601;-87.6793953424;{'type': 'Point', 'coordinates': [-87.679395342351, 41.912929260098]};NOT ON SCENE (DESK REPORT);2025-06-16T15:35:00.000
f2f492094c623148063f28d194a5d8c96424bf61a6ca0482066c7ecbce89b19541c8b4c4f5b89297a143fa1ae0d82cccd13dbb8ac450e926e0bcced94d075d91;2025-06-16 14:51:00;30;NO CONTROLS;NO CONTROLS;CLEAR;DAYLIGHT;SIDESWIPE SAME DIRECTION;NOT DIVIDED;STRAIGHT AND LEVEL;DRY;NO DEFECTS;NO INJURY / DRIVE AWAY;;Y;OVER $1,500;IMPROPER OVERTAKING/PASSING;UNABLE TO DETERMINE;3200;W;PETERSON AVE;1711;;;;;;;2;NO INDICATION OF INJURY;0;0;0;0;0;2;0;14;2;6;41.9904931296;-87.7091921904;{'type': 'Point', 'coordinates': [-87.70919219044, 41.99049312958]};NOT ON SCENE (DESK REPORT);2025-06-16T16:40:00.000
0ef156ef30417c422bb1f9eb286b5eaa6fd54e6fae61ae00ba5a70f8c76d0f9c224898270d5df1e4b197828b16917d4dc356cd8f4fd179dcd1250c367ea08fb1;2025-06-16 14:45:00;30;TRAFFIC SIGNAL;FUNCTIONING PROPERLY;CLEAR;DAYLIGHT;TURNING;DIVIDED - W/MEDIAN (NOT RAISED);STRAIGHT AND LEVEL;DRY;NO DEFECTS;NO INJURY / DRIVE AWAY;;;OVER $1,500;FAILING TO YIELD RIGHT-OF-WAY;UNABLE TO DETERMINE;3527;N;KEDZIE AVE;1733;;;;;;;2;NO INDICATION OF INJURY;0;0;0;0;0;2;0;14;2;6;41.9458062173;-87.7076533662;{'type': 'Point', 'coordinates': [-87.707653366171, 41.945806217307]};NOT ON SCENE (DESK REPORT);2025-06-16T15:25:00.000
bf9c21b95c0ce82d08271b88fe969bf2f42733eb852ed39fbe8ece3ea892847b80be479e3c6b6df112c8d378659a0f5e972bc8ef4b1559c6fd628f74308c05b4;2025-06-16 14:33:00;30;NO CONTROLS;NO CONTROLS;CLEAR;DAYLIGHT;TURNING;NOT DIVIDED;STRAIGHT AND LEVEL;DRY;NO DEFECTS;NO INJURY / DRIVE AWAY;Y;;OVER $1,500;UNABLE TO DETERMINE;RELATED TO BUS STOP;3200;W;51ST ST;821;;;;;;;2;NO INDICATION OF INJURY;0;0;0;0;0;2;0;14;2;6;41.8009296689;-87.7038296529;{'type': 'Point', 'coordinates': [-87.703829652877, 41.800929668943]};ON SCENE;2025-06-16T14:33:00.000
c0767b68e2fe0a125a94b0d023af075b411be869b163b412e403615c9b3c1665aa73b297559ea08692579dc6680ba70946ee3c9973bb7d33e9883d9754d9f70b;2025-06-16 14:30:00;30;STOP SIGN/FLASHER;NO CONTROLS;CLEAR;DAYLIGHT;REAR END;DIVIDED - W/MEDIAN (NOT RAISED);STRAIGHT AND LEVEL;DRY;NO DEFECTS;NO INJURY / DRIVE AWAY;;Y;OVER $1,500;FOLLOWING TOO CLOSELY;UNABLE TO DETERMINE;1133;W;95TH ST;2213;;;;;;;2;NO INDICATION OF INJURY;0;0;0;0;0;2;0;14;2;6;41.7212400418;-87.6520212828;{'type': 'Point', 'coordinates': [-87.652021282769, 41.721240041777]};NOT ON SCENE (DESK REPORT);2025-06-16T15:00:00.000
f6a7bdc6aeefd6214407924bf25dde81c081f6720a9ff06f4ee141ecb8fba11c5233c1d20f7577147b1f6580f6c60a0b281e93d4187f9a1dc24dfbf81b28d5c9;2025-06-16 14:30:00;30;NO CONTROLS;NO CONTROLS;UNKNOWN;UNKNOWN;PARKED MOTOR VEHICLE;NOT DIVIDED;STRAIGHT AND LEVEL;UNKNOWN;UNKNOWN;NO INJURY / DRIVE AWAY;;Y;OVER $1,500;UNABLE TO DETERMINE;UNABLE TO DETERMINE;1503;W;CORTEZ ST;1213;;;;;;;2;NO INDICATION OF INJURY;0;0;0;0;0;1;0;14;2;6;41.9005427207;-87.665205717;{'type': 'Point', 'coordinates': [-87.665205716979, 41.900542720691]};NOT ON SCENE (DESK REPORT);2025-06-16T18:12:00.000
ff8625b01847bf4e8856c1b698738f3aba650ba1803cdbd8cc4213aeedd96c8afeb03f7fa8fa81c041c99320d67054632912907d476c2b95a8a3c810f7a768ee;2025-06-16 14:30:00;30;STOP SIGN/FLASHER;FUNCTIONING PROPERLY;CLEAR;DAYLIGHT;REAR TO FRONT;FOUR WAY;STRAIGHT AND LEVEL;DRY;NO DEFECTS;NO INJURY / DRIVE AWAY;N;;$500 OR LESS;FOLLOWING TOO CLOSELY;NOT APPLICABLE;3700;W;28TH ST;1031;;;;;;;2;NO INDICATION OF INJURY;0;0;0;0;0;3;0;14;2;6;41.8407926032;-87.7171969969;{'type': 'Point', 'coordinates': [-87.717196996931, 41.840792603188]};NOT ON SCENE (DESK REPORT);2025-06-16T15:30:00.000
1502488bf1bf5700a3c5bfc989b52fa052d9bbaa88a8726e851df6bd521d69f64906eab38004239d427c59cc16839cd1b9a76898bb4c53313df0e974b59b9c8a;2025-06-16 14:16:00;30;NO CONTROLS;NO CONTROLS;CLEAR;DAYLIGHT;REAR END;NOT DIVIDED;STRAIGHT AND LEVEL;UNKNOWN;NO DEFECTS;NO INJURY / DRIVE AWAY;;;OVER $1,500;FOLLOWING TOO CLOSELY;NOT APPLICABLE;3800;W;63RD ST;823;;;;;;;2;NO INDICATION OF INJURY;0;0;0;0;0;3;0;14;2;6;41.7788424584;-87.7179800027;{'type': 'Point', 'coordinates': [-87.717980002689, 41.778842458353]};NOT ON SCENE (DESK REPORT);2025-06-16T14:30:00.000
2ac76a139f00c095fc4ebf196316c3b8058e7467c7e7895127cfcb0e927ace8a176d89981413f5565434430f12ab54e2e10412c5b783d432a9631a079d20a646;2025-06-16 14:00:00;30;NO CONTROLS;NO CONTROLS;CLEAR;DAYLIGHT;REAR TO SIDE;PARKING LOT;STRAIGHT AND LEVEL;DRY;NO DEFECTS;NO INJURY / DRIVE AWAY;;;OVER $1,500;IMPROPER BACKING;NOT APPLICABLE;4355;N;SHERIDAN RD;1915;;;;;;;2;NO INDICATION OF INJURY;0;0;0;0;0;2;0;14;2;6;41.9613977799;-87.6545929748;{'type': 'Point', 'coordinates': [-87.654592974847, 41.961397779903]};NOT ON SCENE (DESK REPORT);2025-06-16T14:43:00.000
2b9845051a5c21e9a280350b883ccb74893e82d760d285f02bc5ba681b147c4f7b72595cc6aa9ee155710ba5cb78554c8e7f729985af2118205229b29bf68613;2025-06-16 13:52:00;30;NO CONTROLS;NO CONTROLS;CLEAR;DAYLIGHT;ANGLE;NOT DIVIDED;STRAIGHT AND LEVEL;DRY;NO DEFECTS;NO INJURY / DRIVE AWAY;;;OVER $1,500;FAILING TO YIELD RIGHT-OF-WAY;NOT APPLICABLE;3735;W;84TH ST;834;;;;;;;2;NO INDICATION OF INJURY;0;0;0;0;0;2;0;13;2;6;41.7403409583;-87.7155392933;{'type': 'Point', 'coordinates': [-87.715539293343, 41.740340958335]};ON SCENE;2025-06-16T16:19:00.000
4012dead981cb31deb5bc68f8bdaa73c6625f627969c51e99ebb2e42c0878b0ec46b8f8e398ff97769adac5ee3bb9f17d26f6e4f58f37cdaecce82edb45a01e9;2025-06-16 13:50:00;30;NO CONTROLS;NO CONTROLS;CLEAR;DAYLIGHT;PARKED MOTOR VEHICLE;NOT DIVIDED;STRAIGHT AND LEVEL;DRY;NO DEFECTS;NO INJURY / DRIVE AWAY;;;$501 - $1,500;IMPROPER BACKING;IMPROPER BACKING;2520;N;NARRAGANSETT AVE;2512;;;;;;;2;NO INDICATION OF INJURY;0;0;0;0;0;1;0;13;2;6;41.9262969563;-87.785694824;{'type': 'Point', 'coordinates': [-87.785694823992, 41.926296956326]};NOT ON SCENE (DESK REPORT);2025-06-16T14:20:00.000
036f3355e63fda720c817cf51881f8cffccec0d91c20dc0c7992a9ffdb9430d5efa68544e4d0063a170774f18ef5f86fb4c1bdaf50d89039f1e9fe8ab401e17b;2025-06-16 13:45:00;25;STOP SIGN/FLASHER;NO CONTROLS;CLEAR;DAYLIGHT;TURNING;NOT DIVIDED;STRAIGHT AND LEVEL;DRY;NO DEFECTS;NO INJURY / DRIVE AWAY;;N;OVER $1,500;DRIVING SKILLS/KNOWLEDGE/EXPERIENCE;UNABLE TO DETERMINE;1200;W;31ST ST;913;;;;;;;2;NO INDICATION OF INJURY;0;0;0;0;0;2;0;13;2;6;41.8380231094;-87.6560655358;{'type': 'Point', 'coordinates': [-87.656065535848, 41.838023109434]};NOT ON SCENE (DESK REPORT);2025-06-16T14:20:00.000
29657083544ed8f7c46eebe287fed7e1774e8ab9695a5d00aa5038d6e2995d798c0d9a74632b2971e26effe9a83f43931325efa7211dcb5f795f22c05f20e41d;2025-06-16 13:41:00;30;NO CONTROLS;NO CONTROLS;CLEAR;DAYLIGHT;PARKED MOTOR VEHICLE;ONE-WAY;STRAIGHT AND LEVEL;DRY;NO DEFECTS;NO INJURY / DRIVE AWAY;;;$500 OR LESS;NOT APPLICABLE;NOT APPLICABLE;4616;N;CLIFTON AVE;1913;;;;;;;2;NO INDICATION OF INJURY;0;0;0;0;0;1;0;13;2;6;41.9658879921;-87.6590107761;{'type': 'Point', 'coordinates': [-87.659010776079, 41.965887992065]};ON SCENE;2025-06-16T13:42:00.000
d738df5b5c14f9ab625a5d350ab5ca43ee317eedd28cfdd54a78e35a4c82b112eda771b6a6e041eced199c9071ed748506fa99707dafb00e145a5213fdd53760;2025-06-16 13:40:00;30;NO CONTROLS;NO CONTROLS;CLEAR;DAYLIGHT;PARKED MOTOR VEHICLE;ONE-WAY;STRAIGHT AND LEVEL;DRY;NO DEFECTS;NO INJURY / DRIVE AWAY;;Y;OVER $1,500;NOT APPLICABLE;UNABLE TO DETERMINE;6651;S;MAPLEWOOD AVE;832;;;;;;;2;NO INDICATION OF INJURY;0;0;0;0;0;1;0;13;2;6;41.7722404034;-87.6869698215;{'type': 'Point', 'coordinates': [-87.686969821509, 41.772240403396]};ON SCENE;2025-06-16T18:38:00.000
571e5d131baa83f6b94ab929bb7d0e5c15f897fbb1e572570baf69015f00321d35ebfa9afaf6409e7304a19a9d13b18143cf5be40e0a51b058476cdfe2cc7610;2025-06-16 13:20:00;30;NO CONTROLS;NO CONTROLS;UNKNOWN;UNKNOWN;PARKED MOTOR VEHICLE;DIVIDED - W/MEDIAN (NOT RAISED);STRAIGHT AND LEVEL;UNKNOWN;UNKNOWN;NO INJURY / DRIVE AWAY;;;$501 - $1,500;FOLLOWING TOO CLOSELY;FOLLOWING TOO CLOSELY;601;S;WINCHESTER AVE;1231;;;;;;;2;NO INDICATION OF INJURY;0;0;0;0;0;2;0;13;2;6;41.8739212436;-87.6749484645;{'type': 'Point', 'coordinates': [-87.674948464472, 41.873921243568]};NOT ON SCENE (DESK REPORT);2025-06-16T14:30:00.000
f273667592269d9e3330f895ae07e0a72bc8b0068331ea778b66ce3d4c027c6fad497d19c4190b09521f752112856a4d22aa35449f608af0579baaa60aba8dda;2025-06-16 13:20:00;30;NO CONTROLS;NO CONTROLS;CLEAR;DAYLIGHT;TURNING;DIVIDED - W/MEDIAN (NOT RAISED);STRAIGHT AND LEVEL;DRY;NO DEFECTS;INJURY AND / OR TOW DUE TO CRASH;;;OVER $1,500;FAILING TO YIELD RIGHT-OF-WAY;NOT APPLICABLE;1803;S;CANAL ST;1235;;;;;;;2;NO INDICATION OF INJURY;0;0;0;0;0;2;0;13;2;6;41.857516366;-87.6387834096;{'type': 'Point', 'coordinates': [-87.638783409634, 41.857516365972]};ON SCENE;2025-06-16T13:26:00.000
aeaf83a5044087833c95ffdc1cf4f62e7f1bb7d056ba5677cafc4ada02289e139958b1501d38d5d5c26e0e9e0ea3f76408e2f49b88ea007d1612af7d4759d44c;2025-06-16 13:17:00;30;STOP SIGN/FLASHER;FUNCTIONING PROPERLY;CLEAR;DAYLIGHT;ANGLE;NOT DIVIDED;STRAIGHT AND LEVEL;DRY;NO DEFECTS;NO INJURY / DRIVE AWAY;Y;;OVER $1,500;IMPROPER TURNING/NO SIGNAL;UNABLE TO DETERMINE;4501;N;AUSTIN AVE;1622;;;;;;;2;NO INDICATION OF INJURY;0;0;0;0;0;4;0;13;2;6;41.9623156491;-87.7769379244;{'type': 'Point', 'coordinates': [-87.776937924396, 41.962315649146]};NOT ON SCENE (DESK REPORT);2025-06-16T13:48:00.000
64700dbe704c44237c4f0e7108a86a73a45dfc0a579aca14c86ac4521f4e441c66e0c8a970179d2958270f1acbf7a0093b18bccbf438f739c8511b6bb3a21c24;2025-06-16 13:16:00;30;NO CONTROLS;NO CONTROLS;CLEAR;DAYLIGHT;PARKED MOTOR VEHICLE;NOT DIVIDED;STRAIGHT AND LEVEL;DRY;NO DEFECTS;NO INJURY / DRIVE AWAY;;;OVER $1,500;UNABLE TO DETERMINE;NOT APPLICABLE;3358;N;BROADWAY;1925;;;;;;;2;NO INDICATION OF INJURY;0;0;0;0;0;1;0;13;2;6;41.9435549852;-87.6451191904;{'type': 'Point', 'coordinates': [-87.645119190381, 41.943554985172]};NOT ON SCENE (DESK REPORT);2025-06-16T13:58:00.000
cf442c6d0464778d830f11fcad3ce7ea7482635fd2d003ff8f73790e57f0f698b019845ce5211625647781160b8e122fd4c87cfdaca4137b29f3f4441055bebe;2025-06-16 13:14:00;30;UNKNOWN;UNKNOWN;CLEAR;DAYLIGHT;REAR TO FRONT;DIVIDED - W/MEDIAN (NOT RAISED);STRAIGHT AND LEVEL;DRY;UNKNOWN;NO INJURY / DRIVE AWAY;;;$500 OR LESS;UNABLE TO DETERMINE;NOT APPLICABLE;725;W;MONTROSE AVE;1915;;;;;;;2;NO INDICATION OF INJURY;0;0;0;0;0;2;0;13;2;6;41.9617548035;-87.648543725;{'type': 'Point', 'coordinates': [-87.648543724977, 41.961754803528]};ON SCENE;2025-06-16T13:14:00.000
c44935cb61a7b325062d26a5d9d3723ee392bf385049d20c680004720f24304cd47d37046613e55a4ddffb6035f17c32677c18a99dd92ab9251e403175bdcac6;2025-06-16 13:12:00;30;TRAFFIC SIGNAL;FUNCTIONING PROPERLY;CLEAR;DAYLIGHT;TURNING;DIVIDED - W/MEDIAN (NOT RAISED);STRAIGHT AND LEVEL;DRY;NO DEFECTS;NO INJURY / DRIVE AWAY;;;OVER $1,500;FOLLOWING TOO CLOSELY;UNABLE TO DETERMINE;3400;W;55TH ST;822;;;;;;;2;NO INDICATION OF INJURY;0;0;0;0;0;2;0;13;2;6;41.7935494395;-87.708523971;{'type': 'Point', 'coordinates': [-87.708523970978, 41.793549439541]};NOT ON SCENE (DESK REPORT);2025-06-16T13:28:00.000
af141902a437bbf776e6781f6d025590a79347f688e510028b77776a8a09442dd14d1e65109f05031168133b7fcedcbc4fa1055d701b9c28abeebf667fd60ce9;2025-06-16 13:10:00;30;TRAFFIC SIGNAL;FUNCTIONING PROPERLY;CLEAR;DAYLIGHT;SIDESWIPE SAME DIRECTION;DIVIDED - W/MEDIAN (NOT RAISED);STRAIGHT AND LEVEL;DRY;NO DEFECTS;NO INJURY / DRIVE AWAY;;;OVER $1,500;UNABLE TO DETERMINE;UNABLE TO DETERMINE;2420;N;ASHLAND AVE;1931;;;;;;;2;NO INDICATION OF INJURY;0;0;0;0;0;3;0;13;2;6;41.9258204843;-87.6683158604;{'type': 'Point', 'coordinates': [-87.668315860387, 41.925820484303]};NOT ON SCENE (DESK REPORT);2025-06-16T13:40:00.000
52636dd5a62d6abbf8a623031ecf681481adccb79c80e1cd8e018e5b9cb9506375c505a3ff8621eec37555752e99e93a50c39aa2cd959c7a52d1ba6fb0edf869;2025-06-16 12:30:00;30;NO CONTROLS;NO CONTROLS;CLEAR;DAYLIGHT;PARKED MOTOR VEHICLE;PARKING LOT;STRAIGHT AND LEVEL;DRY;NO DEFECTS;NO INJURY / DRIVE AWAY;;Y;OVER $1,500;IMPROPER LANE USAGE;NOT APPLICABLE;6501;S;PROMONTORY DR;331;;;;;;;2;NO INDICATION OF INJURY;0;0;0;0;0;1;0;12;2;6;41.7766536724;-87.5708246098;{'type': 'Point', 'coordinates': [-87.570824609782, 41.776653672409]};NOT ON SCENE (DESK REPORT);2025-06-16T13:50:00.000
71c77fb402b10fbcf0d06afdde766d217b799be006bcf3f89908df350c50c48800db1d11309803dc22f007cf70355dc5f7efe5b4978692a1e28f3be5e2c7d05b;2025-06-16 12:30:00;30;NO CONTROLS;NO CONTROLS;CLEAR;DAYLIGHT;REAR END;NOT DIVIDED;STRAIGHT AND LEVEL;UNKNOWN;UNKNOWN;NO INJURY / DRIVE AWAY;;;OVER $1,500;FOLLOWING TOO CLOSELY;NOT APPLICABLE;4948;S;WESTERN AVE;923;;;;;;;2;NO INDICATION OF INJURY;0;0;0;0;0;2;0;12;2;6;41.8032964266;-87.6844259945;{'type': 'Point', 'coordinates': [-87.684425994512, 41.803296426565]};NOT ON SCENE (DESK REPORT);2025-06-16T13:00:00.000
8290c6d34a7eb80c89ef56a6977bce8f7e02ba6a6d3187cd226acb165c1e2a7bf7c5c4b9c17efc5dece1fe66b70dba1c74c84b0b5bdfdfd5f2979043580de0ab;2025-06-16 12:30:00;30;NO CONTROLS;NO CONTROLS;CLEAR;DAYLIGHT;SIDESWIPE SAME DIRECTION;ONE-WAY;STRAIGHT AND LEVEL;DRY;NO DEFECTS;INJURY AND / OR TOW DUE TO CRASH;;;OVER $1,500;UNABLE TO DETERMINE;NOT APPLICABLE;1598;W;VAN BUREN ST;1231;;;;;;;3;REPORTED, NOT EVIDENT;2;0;0;0;2;2;0;12;2;6;41.8764606299;-87.6666220791;{'type': 'Point', 'coordinates': [-87.666622079113, 41.876460629864]};NOT ON SCENE (DESK REPORT);2025-06-16T15:00:00.000
e07b7d88ef5f442b3e7a9e895b4c77ca2bbc502c621fef6c01741b809fe8199f593a8b535cb4afaec68a1044fb672073d16186ad8b920d9d4fed44499333672f;2025-06-16 12:24:00;30;STOP SIGN/FLASHER;FUNCTIONING PROPERLY;CLEAR;DAYLIGHT;ANGLE;FOUR WAY;STRAIGHT AND LEVEL;DRY;NO DEFECTS;INJURY AND / OR TOW DUE TO CRASH;Y;;OVER $1,500;FAILING TO YIELD RIGHT-OF-WAY;NOT APPLICABLE;1300;S;DAMEN AVE;1233;;;;;;;2;NONINCAPACITATING INJURY;3;0;0;1;2;0;0;12;2;6;41.8648904976;-87.6763426733;{'type': 'Point', 'coordinates': [-87.676342673293, 41.864890497632]};ON SCENE;2025-06-16T12:40:00.000
a24622b5bcb7716b32bdb2c41ffd6316ff6f029e44f377e4eb22659dc7e0dc4ae153c561cde7f12bd9ea308c3fc13293a3e8474434e24869b98bc10079610c63;2025-06-16 12:23:00;30;NO CONTROLS;NO CONTROLS;CLEAR;DAYLIGHT;PARKED MOTOR VEHICLE;ONE-WAY;STRAIGHT AND LEVEL;DRY;NO DEFECTS;NO INJURY / DRIVE AWAY;;;OVER $1,500;UNABLE TO DETERMINE;NOT APPLICABLE;525;W;OAKDALE AVE;1934;;;;;;;2;NO INDICATION OF INJURY;0;0;0;0;0;1;0;12;2;6;41.9354355366;-87.642844429;{'type': 'Point', 'coordinates': [-87.642844428981, 41.935435536639]};NOT ON SCENE (DESK REPORT);2025-06-16T17:45:00.000
41243a3af2578c4719844dc4f46366a26d9a8ec5b4fa51bd08e935c88f42156adedd56de647b6cb42183ee42c4e725fa81abd8e51c6d244a42444954068f6a75;2025-06-16 12:20:00;30;NO CONTROLS;NO CONTROLS;CLEAR;DAYLIGHT;PARKED MOTOR VEHICLE;NOT DIVIDED;STRAIGHT AND LEVEL;DRY;NO DEFECTS;NO INJURY / DRIVE AWAY;;;$501 - $1,500;IMPROPER OVERTAKING/PASSING;IMPROPER OVERTAKING/PASSING;2376;N;LINCOLN AVE;1812;;;;;;;2;NO INDICATION OF INJURY;0;0;0;0;0;1;0;12;2;6;41.9252042766;-87.6486283524;{'type': 'Point', 'coordinates': [-87.648628352434, 41.925204276597]};NOT ON SCENE (DESK REPORT);2025-06-16T14:00:00.000
46ade23771ef35d215126b60642b7500cb158a7944390481ca49c70f9b6d06a34cb15d2c42979ef87fe235af079c4012c39fbaa82ae398d8bc98584686a15821;2025-06-16 12:15:00;30;NO CONTROLS;NO CONTROLS;CLEAR;DAYLIGHT;PEDALCYCLIST;NOT DIVIDED;STRAIGHT AND LEVEL;DRY;NO DEFECTS;NO INJURY / DRIVE AWAY;;Y;$500 OR LESS;UNABLE TO DETERMINE;NOT APPLICABLE;6421;W;ARCHER AVE;811;;;;;;;2;NO INDICATION OF INJURY;0;0;0;0;0;2;0;12;2;6;41.7922147543;-87.7827775293;{'type': 'Point', 'coordinates': [-87.782777529288, 41.792214754253]};ON SCENE;2025-06-16T12:17:00.000
3e92a745a0207ab08e525e162b2bf76bffa3def02a3116a627665c4095db4105f057ed2a9f7dac4d4ba8b87f7959385192ad6d844bbe5efbca697ad8a96f5228;2025-06-16 12:05:00;30;NO CONTROLS;NO CONTROLS;CLEAR;DAYLIGHT;PEDALCYCLIST;DRIVEWAY;STRAIGHT AND LEVEL;DRY;UNKNOWN;NO INJURY / DRIVE AWAY;;N;OVER $1,500;UNABLE TO DETERMINE;UNABLE TO DETERMINE;6417;W;ARCHER AVE;811;;;;;;;2;NO INDICATION OF INJURY;0;0;0;0;0;2;0;12;2;6;41.7922185905;-87.7825949597;{'type': 'Point', 'coordinates': [-87.782594959736, 41.792218590468]};NOT ON SCENE (DESK REPORT);2025-06-16T14:15:00.000
22392bb2f4ebe2766665312bf6c542b3828924b1223353d5f47141b5ef85bfd6642af839c3f4639fa97b4e4b008c39aa6da7b89563ef8f874e5377ce48d32b92;2025-06-16 12:00:00;10;NO CONTROLS;NO CONTROLS;CLEAR;DAYLIGHT;REAR TO SIDE;PARKING LOT;STRAIGHT AND LEVEL;DRY;UNKNOWN;NO INJURY / DRIVE AWAY;;;OVER $1,500;FAILING TO YIELD RIGHT-OF-WAY;NOT APPLICABLE;2656;N;ELSTON AVE;1432;;;;;;;2;NO INDICATION OF INJURY;0;0;0;0;0;2;0;12;2;6;41.9298489966;-87.6846437835;{'type': 'Point', 'coordinates': [-87.684643783527, 41.929848996597]};NOT ON SCENE (DESK REPORT);2025-06-16T12:30:00.000
67598e8dfa0e9d3aba0e61127fb3d862bf4df9b6352a3a992ea0a20630174c3f6a51d2c9e70ea3e6ef649deee2a601dd6f951e9a18f27eafdb4fe6e0e00dc81c;2025-06-16 11:51:00;30;NO CONTROLS;NO CONTROLS;CLEAR;DAYLIGHT;PARKED MOTOR VEHICLE;NOT DIVIDED;STRAIGHT AND LEVEL;DRY;NO DEFECTS;NO INJURY / DRIVE AWAY;;Y;OVER $1,500;NOT APPLICABLE;NOT APPLICABLE;2807;W;63RD ST;823;;;;;;;2;NO INDICATION OF INJURY;0;0;0;0;0;2;0;11;2;6;41.7790009953;-87.693703284;{'type': 'Point', 'coordinates': [-87.693703283997, 41.779000995321]};ON SCENE;2025-06-16T11:51:00.000
7219612e6d41cdb22422bd291efc077c362ad641b52a80e38f625faff42e667e465dec07de8e8b4feda0e1f91bacc4ff7c91a62237082f3a3d859a97312c9786;2025-06-16 11:45:00;30;TRAFFIC SIGNAL;UNKNOWN;CLEAR;DAYLIGHT;SIDESWIPE SAME DIRECTION;FOUR WAY;STRAIGHT AND LEVEL;DRY;UNKNOWN;NO INJURY / DRIVE AWAY;Y;;$501 - $1,500;UNABLE TO DETERMINE;UNABLE TO DETERMINE;2400;W;26TH ST;1034;;;;;;;2;NO INDICATION OF INJURY;0;0;0;0;0;2;0;11;2;6;41.8449346323;-87.6855315193;{'type': 'Point', 'coordinates': [-87.68553151932, 41.844934632259]};;2025-06-16T13:00:00.000
7c135e6c4a123f8db29bd4033994067bb8779e2b28c80f385b2fa3e1bb40f13589fc7a47277052ce91f6fb7261f8410ecb1ab46489c8d5fe78958740f1ab6f08;2025-06-16 11:45:00;30;TRAFFIC SIGNAL;FUNCTIONING PROPERLY;CLEAR;DAYLIGHT;REAR END;NOT DIVIDED;STRAIGHT AND LEVEL;DRY;UNKNOWN;NO INJURY / DRIVE AWAY;N;;OVER $1,500;UNABLE TO DETERMINE;NOT APPLICABLE;206;N;PULASKI RD;1114;;;;;;;2;NO INDICATION OF INJURY;0;0;0;0;0;2;0;11;2;6;41.8836152984;-87.725899601;{'type': 'Point', 'coordinates': [-87.725899601039, 41.883615298431]};NOT ON SCENE (DESK REPORT);2025-06-16T12:30:00.000
3864c44037a004f3b443744428fe9313cb6de24b7935fef48079896345e3ec9d585d6869677a4398c7772e72cadc17e2736501feaaa9c165fe06c000adfb9203;2025-06-16 11:43:00;10;NO CONTROLS;UNKNOWN;CLEAR;DAYLIGHT;PARKED MOTOR VEHICLE;PARKING LOT;STRAIGHT AND LEVEL;DRY;NO DEFECTS;NO INJURY / DRIVE AWAY;;;$501 - $1,500;UNABLE TO DETERMINE;UNABLE TO DETERMINE;3120;N;PULASKI RD;2523;;;;;;;2;NO INDICATION OF INJURY;0;0;0;0;0;1;0;11;2;6;41.9379244242;-87.7272974368;{'type': 'Point', 'coordinates': [-87.727297436758, 41.937924424195]};NOT ON SCENE (DESK REPORT);2025-06-16T13:15:00.000
172aeb672871e8310058db5c63a9585e367a898fd4d7cfa3e496098dc383310f12bd7ecbe420ee11f6d3b8a9ebab8171bde784ae77ce7a5eb3265e6439bbaf55;2025-06-16 11:40:00;10;OTHER;OTHER;CLEAR;DAYLIGHT;FIXED OBJECT;PARKING LOT;STRAIGHT AND LEVEL;DRY;NO DEFECTS;NO INJURY / DRIVE AWAY;;Y;$501 - $1,500;UNABLE TO DETERMINE;NOT APPLICABLE;10100;S;WESTERN AVE;2211;;;;;;;1;NO INDICATION OF INJURY;0;0;0;0;0;1;0;11;2;6;41.7099280481;-87.6818747791;{'type': 'Point', 'coordinates': [-87.681874779128, 41.709928048135]};ON SCENE;2025-06-16T11:50:00.000
32f44577efcc6ff55b003ba452d1988703159db2f7774d754efeacfb64050a4f4625863dfc0f13ee22f0376088d307cf1125666d829ea941f53104a7465b49ca;2025-06-16 11:38:00;30;NO CONTROLS;NO CONTROLS;CLEAR;DAYLIGHT;SIDESWIPE SAME DIRECTION;NOT DIVIDED;STRAIGHT AND LEVEL;DRY;NO DEFECTS;NO INJURY / DRIVE AWAY;Y;Y;OVER $1,500;IMPROPER OVERTAKING/PASSING;FAILING TO YIELD RIGHT-OF-WAY;501;S;LARAMIE AVE;1533;;;;;;;2;NO INDICATION OF INJURY;0;0;0;0;0;2;0;11;2;6;41.8738968349;-87.7546800865;{'type': 'Point', 'coordinates': [-87.754680086507, 41.873896834903]};ON SCENE;2025-06-16T11:52:00.000
8e2bcd8826331331be0cd4240c0b1337e3b56709548bc0b1d2da858d7f884aa66bb10fe84a23033cfb92ebeac11e35015a16a2c7eb78b38861051a9d021e6227;2025-06-16 11:37:00;25;NO CONTROLS;NO CONTROLS;CLEAR;DAYLIGHT;SIDESWIPE OPPOSITE DIRECTION;NOT DIVIDED;STRAIGHT AND LEVEL;DRY;NO DEFECTS;NO INJURY / DRIVE AWAY;;;$500 OR LESS;DRIVING SKILLS/KNOWLEDGE/EXPERIENCE;NOT APPLICABLE;1837;W;WINNEMAC AVE;2032;;;;;;;2;NO INDICATION OF INJURY;0;0;0;0;0;3;0;11;2;6;41.9732054843;-87.6762460755;{'type': 'Point', 'coordinates': [-87.676246075532, 41.973205484321]};ON SCENE;2025-06-16T11:47:00.000
6f8b79deffd87a2754f5430dbbabe6c6186af745476c6572e344674e296bd2254fe8697a7a4b89fcd294dbbb914f26d8ec85ee008864c1ed856bb821fb1f1c54;2025-06-16 11:30:00;30;OTHER WARNING SIGN;FUNCTIONING PROPERLY;CLEAR;DAYLIGHT;PARKED MOTOR VEHICLE;NOT DIVIDED;STRAIGHT AND LEVEL;DRY;NO DEFECTS;NO INJURY / DRIVE AWAY;;;$501 - $1,500;IMPROPER LANE USAGE;FOLLOWING TOO CLOSELY;2739;N;CLYBOURN AVE;1931;;;;;;;2;NO INDICATION OF INJURY;0;0;0;0;0;1;0;11;2;6;41.9309967985;-87.6764493806;{'type': 'Point', 'coordinates': [-87.676449380644, 41.930996798488]};NOT ON SCENE (DESK REPORT);2025-06-16T12:00:00.000
23b5dae1b562c717de3930f4784c592a63270bab6413e42ed7ace95d14fd91c9c3c313cea99fe87006b49b559f396c0474641f539c70022d604a752ba046b647;2025-06-16 11:10:00;30;TRAFFIC SIGNAL;FUNCTIONING PROPERLY;CLEAR;DAYLIGHT;REAR END;DIVIDED - W/MEDIAN (NOT RAISED);STRAIGHT AND LEVEL;DRY;NO DEFECTS;NO INJURY / DRIVE AWAY;Y;;$501 - $1,500;FOLLOWING TOO CLOSELY;FOLLOWING TOO CLOSELY;3200;W;DIVISION ST;1422;;;;;;;2;NO INDICATION OF INJURY;0;0;0;0;0;2;0;11;2;6;41.9029404715;-87.7069135127;{'type': 'Point', 'coordinates': [-87.706913512682, 41.902940471512]};NOT ON SCENE (DESK REPORT);2025-06-16T15:50:00.000
2f3fc09b2ca73c446654e96e8a0291ce405b6f567325ad2acdb1afcc7c1108346dce5cee3a9cb921b375d508459ae58f7928b781d6ee0792e6713f9e0ef96d5d;2025-06-16 11:00:00;20;NO CONTROLS;NO CONTROLS;CLEAR;UNKNOWN;PARKED MOTOR VEHICLE;ONE-WAY;STRAIGHT AND LEVEL;DRY;NO DEFECTS;NO INJURY / DRIVE AWAY;;Y;$501 - $1,500;UNABLE TO DETERMINE;NOT APPLICABLE;547;W;85TH ST;622;;;;;;;2;NO INDICATION OF INJURY;0;0;0;0;0;1;0;11;2;6;41.7395108298;-87.6382950661;{'type': 'Point', 'coordinates': [-87.638295066142, 41.739510829764]};NOT ON SCENE (DESK REPORT);2025-06-16T13:30:00.000
fdec136e5d2b0ac55894de8c390591c2acff3bcc8fc2760e5b0668a2ae7f3159fa3b431e640a17d5f437a1f18e71f6d5cefc8e81661b7f9a7cf17eda5a5b1edf;2025-06-16 11:00:00;10;NO CONTROLS;NO CONTROLS;CLEAR;DAYLIGHT;PARKED MOTOR VEHICLE;PARKING LOT;STRAIGHT AND LEVEL;DRY;UNKNOWN;NO INJURY / DRIVE AWAY;;Y;OVER $1,500;IMPROPER BACKING;NOT APPLICABLE;3531;N;WESTERN AVE;1921;;;;;;;2;NO INDICATION OF INJURY;0;0;0;0;0;1;0;11;2;6;41.9458558829;-87.6880860631;{'type': 'Point', 'coordinates': [-87.688086063093, 41.945855882864]};NOT ON SCENE (DESK REPORT);2025-06-16T18:00:00.000
074a8ecec7a45b4fdcea5b7e22607ef914ebc6e823abf2b2ca1ac7dfd2544e5d2c68421fe0dc9f78f0e339625434ab6dd0c1bca967f9ac073d7abc039fcedc75;2025-06-16 10:30:00;30;NO CONTROLS;NO CONTROLS;CLEAR;DAYLIGHT;PARKED MOTOR VEHICLE;DIVIDED - W/MEDIAN (NOT RAISED);STRAIGHT AND LEVEL;DRY;NO DEFECTS;NO INJURY / DRIVE AWAY;;;$500 OR LESS;NOT APPLICABLE;NOT APPLICABLE;2634;S;KEDZIE AVE;1032;;;;;;;2;NO INDICATION OF INJURY;0;0;0;0;0;2;0;10;2;6;41.8434629621;-87.7051564036;{'type': 'Point', 'coordinates': [-87.705156403565, 41.843462962112]};ON SCENE;2025-06-16T10:37:00.000
a79b17799f6aa9de8eb8041ade5295cecf9baac8c40f9080d655679c2f92e0a9f9f32c49f9e45ceb30ca54f14ae51982830d2d930091b3489da9e77e040c0545;2025-06-16 10:30:00;30;TRAFFIC SIGNAL;FUNCTIONING PROPERLY;CLEAR;DAYLIGHT;SIDESWIPE SAME DIRECTION;NOT DIVIDED;STRAIGHT AND LEVEL;DRY;NO DEFECTS;NO INJURY / DRIVE AWAY;;Y;$501 - $1,500;UNABLE TO DETERMINE;NOT APPLICABLE;2831;W;WASHINGTON BLVD;1222;;;;;;;2;NO INDICATION OF INJURY;0;0;0;0;0;2;0;10;2;6;41.8827745845;-87.6976332847;{'type': 'Point', 'coordinates': [-87.697633284708, 41.882774584488]};NOT ON SCENE (DESK REPORT);2025-06-16T10:50:00.000
abf4a388f64f3007d03226ced0d940d9f6a492de51cb6a491d101b6a314a55614d9dc1b0b363de7a001ac6a6b392a42e6daf718ed3ec887e2eb6bba068c6867f;2025-06-16 10:30:00;30;NO CONTROLS;NO CONTROLS;CLEAR;DAYLIGHT;REAR TO SIDE;ONE-WAY;STRAIGHT AND LEVEL;DRY;UNKNOWN;NO INJURY / DRIVE AWAY;;;OVER $1,500;IMPROPER BACKING;FAILING TO REDUCE SPEED TO AVOID CRASH;3212;N;OZARK AVE;1631;;;;;;;2;NO INDICATION OF INJURY;0;0;0;0;0;2;0;10;2;6;41.9382591492;-87.8203469455;{'type': 'Point', 'coordinates': [-87.820346945512, 41.938259149229]};NOT ON SCENE (DESK REPORT);2025-06-16T11:00:00.000
e7ccede797030d56e52072d26a0c8c874b07be0a4b27ffc9ff386be94cc8cbadb319efad3e828ae0c68a87d27886fc26656db2c3f6b4f3e852988416b2439601;2025-06-16 10:30:00;30;STOP SIGN/FLASHER;FUNCTIONING PROPERLY;UNKNOWN;DAYLIGHT;ANGLE;OTHER;STRAIGHT AND LEVEL;UNKNOWN;UNKNOWN;NO INJURY / DRIVE AWAY;Y;;$501 - $1,500;UNABLE TO DETERMINE;UNABLE TO DETERMINE;4578;S;ST LOUIS AVE;821;;;;;;;2;NO INDICATION OF INJURY;0;0;0;0;0;4;0;10;2;6;41.8098990951;-87.7113171046;{'type': 'Point', 'coordinates': [-87.711317104563, 41.80989909506]};NOT ON SCENE (DESK REPORT);2025-06-16T11:20:00.000
0894049dd82a106b4880585993d11f20e91a5913c38813c44255ac6770ac4495d7c184b02d59c010dbce02b1bbcd4bb90dc59b46fb9477ea21ee169c17cb338a;2025-06-16 10:20:00;30;NO CONTROLS;NO CONTROLS;CLEAR;DAYLIGHT;SIDESWIPE SAME DIRECTION;DIVIDED - W/MEDIAN (NOT RAISED);STRAIGHT AND LEVEL;DRY;NO DEFECTS;NO INJURY / DRIVE AWAY;;;$501 - $1,500;UNABLE TO DETERMINE;UNABLE TO DETERMINE;6030;N;CLARK ST;2433;;;;;;;2;NO INDICATION OF INJURY;0;0;0;0;0;2;0;10;2;6;41.9917443317;-87.670203914;{'type': 'Point', 'coordinates': [-87.670203914024, 41.991744331684]};NOT ON SCENE (DESK REPORT);2025-06-16T17:55:00.000
c737033ca996f7419870b979e1212aea43c902e3c42a9a260253ddcfc0a1242eae4320a7494cffbce339177daabafd2c462ae063ee9830052374c4b8a64c59c2;2025-06-16 10:20:00;30;TRAFFIC SIGNAL;FUNCTIONING PROPERLY;CLEAR;DAYLIGHT;TURNING;DIVIDED - W/MEDIAN (NOT RAISED);STRAIGHT AND LEVEL;DRY;NO DEFECTS;NO INJURY / DRIVE AWAY;;;$501 - $1,500;UNABLE TO DETERMINE;UNABLE TO DETERMINE;6400;W;NORTH AVE;2513;;;;;;;2;NO INDICATION OF INJURY;0;0;0;0;0;3;0;10;2;6;41.9092570732;-87.7850565929;{'type': 'Point', 'coordinates': [-87.785056592855, 41.909257073207]};ON SCENE;2025-06-16T10:30:00.000
5668a10024e6dcbf67718fe96695481f9cf078f63aa3b90b44b02d1135cf5fdc4d273b5bdee90461e664e86c24bf2f627a8d15ab892eba4a93eea97c62fa4093;2025-06-16 09:45:00;30;TRAFFIC SIGNAL;FUNCTIONING PROPERLY;CLEAR;DAYLIGHT;REAR END;NOT DIVIDED;STRAIGHT AND LEVEL;DRY;NO DEFECTS;NO INJURY / DRIVE AWAY;Y;;OVER $1,500;UNABLE TO DETERMINE;UNABLE TO DETERMINE;875;N;MICHIGAN AVE;1833;;;;;;;2;NO INDICATION OF INJURY;0;0;0;0;0;2;0;9;2;6;41.8989485417;-87.6239749877;{'type': 'Point', 'coordinates': [-87.62397498769, 41.89894854173]};NOT ON SCENE (DESK REPORT);2025-06-16T14:29:00.000
751cf0188a7944a4994fcdf75735f21a2ca595ff287ef4df5589daa2407e6a8d174dc7fdfc6a41038afda71f3c557fdf6a187a4b722c017b21024f78f68eb1bc;2025-06-16 09:40:00;30;OTHER WARNING SIGN;FUNCTIONING PROPERLY;CLEAR;DAYLIGHT;FIXED OBJECT;NOT DIVIDED;STRAIGHT AND LEVEL;DRY;NO DEFECTS;NO INJURY / DRIVE AWAY;;;OVER $1,500;DRIVING SKILLS/KNOWLEDGE/EXPERIENCE;NOT APPLICABLE;1800;N;PAULINA ST;1433;;;;;;;1;NO INDICATION OF INJURY;0;0;0;0;0;1;0;9;2;6;41.9143790634;-87.6703809207;{'type': 'Point', 'coordinates': [-87.670380920704, 41.914379063367]};ON SCENE;2025-06-16T09:42:00.000
1e3b69d949681008559f28acfa8b0c582d95ff22b1d875cc8fc263514e064e8aacdf0edfc959f541b3ac254c58a62f9337a51fd0677fe10204898c77975c71e6;2025-06-16 09:30:00;15;NO CONTROLS;NO CONTROLS;CLEAR;DAYLIGHT;REAR TO SIDE;PARKING LOT;STRAIGHT AND LEVEL;DRY;NO DEFECTS;NO INJURY / DRIVE AWAY;;Y;$501 - $1,500;FAILING TO YIELD RIGHT-OF-WAY;IMPROPER BACKING;4700;S;WESTERN AVE;922;;;;;;;2;NO INDICATION OF INJURY;0;0;0;0;0;3;0;9;2;6;41.8083784079;-87.6845707169;{'type': 'Point', 'coordinates': [-87.684570716896, 41.808378407947]};NOT ON SCENE (DESK REPORT);2025-06-16T10:00:00.000
db7150bc5bbf71954588f87e93c41d343b7945df00d0c05a4a1dcbfda0894c91782265a8f18bd272442e37fac4dceb642857a5b67757cb7fb1ba976a2cab3f1a;2025-06-16 09:30:00;30;NO CONTROLS;NO CONTROLS;CLEAR;DAYLIGHT;SIDESWIPE SAME DIRECTION;NOT DIVIDED;STRAIGHT AND LEVEL;DRY;NO DEFECTS;NO INJURY / DRIVE AWAY;;;OVER $1,500;UNABLE TO DETERMINE;NOT APPLICABLE;4333;N;HAZEL ST;1915;;;;;;;2;NO INDICATION OF INJURY;0;0;0;0;0;2;0;9;2;6;41.9611766779;-87.6521634569;{'type': 'Point', 'coordinates': [-87.652163456856, 41.961176677907]};ON SCENE;2025-06-16T10:00:00.000
fed087068058dea2a3c9ef326b96e8af2713b075691a5ef54dd976e3e2a724bd23dd48e74b46bfafb8c0f64aa0411202968a0bf358af98fb12d6c3b6c2aec234;2025-06-16 09:25:00;30;TRAFFIC SIGNAL;FUNCTIONING PROPERLY;CLEAR;DAYLIGHT;PARKED MOTOR VEHICLE;NOT DIVIDED;STRAIGHT AND LEVEL;DRY;NO DEFECTS;NO INJURY / DRIVE AWAY;;;$501 - $1,500;IMPROPER OVERTAKING/PASSING;NOT APPLICABLE;500;N;MICHIGAN AVE;1834;;;;;;;2;NO INDICATION OF INJURY;0;0;0;0;0;4;0;9;2;6;41.8909712296;-87.6242769456;{'type': 'Point', 'coordinates': [-87.624276945562, 41.890971229645]};NOT ON SCENE (DESK REPORT);2025-06-16T10:08:00.000
bb86e9db905706fa4fbc5a66d19f689a28ea92df94110631c9e292a5bbde138497194a8840d86144fd5cc35b6dc4539281bf5f8a7eac35c5eeba95206ca50dcd;2025-06-16 09:23:00;25;TRAFFIC SIGNAL;FUNCTIONING PROPERLY;CLEAR;DAYLIGHT;REAR END;FOUR WAY;STRAIGHT AND LEVEL;DRY;UNKNOWN;NO INJURY / DRIVE AWAY;Y;;OVER $1,500;NOT APPLICABLE;NOT APPLICABLE;2850;W;24TH BLVD;1033;;;;;;;2;NO INDICATION OF INJURY;0;0;0;0;0;2;0;9;2;6;41.8479685881;-87.6972871231;{'type': 'Point', 'coordinates': [-87.697287123089, 41.847968588061]};NOT ON SCENE (DESK REPORT);2025-06-16T10:15:00.000
9ccc942113859ba69a263ad23f7471e4d95f7b1bd30d0f5bacf4ceb458ef780857c507f86020c6e10be376914008eb3ec1bbcf1fae1bb2afb827ed3c01fab0d6;2025-06-16 09:15:00;25;NO CONTROLS;NO CONTROLS;CLEAR;DAYLIGHT;OTHER OBJECT;NOT DIVIDED;STRAIGHT AND LEVEL;DRY;NO DEFECTS;INJURY AND / OR TOW DUE TO CRASH;;;OVER $1,500;UNABLE TO DETERMINE;NOT APPLICABLE;476;N;PAULINA ST;1215;;;;;;;2;NONINCAPACITATING INJURY;2;0;0;2;0;1;0;9;2;6;41.8909214118;-87.6697240546;{'type': 'Point', 'coordinates': [-87.669724054621, 41.890921411842]};ON SCENE;2025-06-16T09:20:00.000
fa18a4fe911ccc7dcc5a702d193240a511887ff03d50c0257c2d7c7778285e24c03bc48f132876892143fab5291a686ef0985411542da718f6195814aadda192;2025-06-16 09:10:00;20;NO CONTROLS;NO CONTROLS;CLEAR;DAYLIGHT;PARKED MOTOR VEHICLE;PARKING LOT;STRAIGHT AND LEVEL;DRY;UNKNOWN;NO INJURY / DRIVE AWAY;;Y;OVER $1,500;DRIVING SKILLS/KNOWLEDGE/EXPERIENCE;NOT APPLICABLE;804;W;OHARE ST;1654;;;;;;;2;NO INDICATION OF INJURY;0;0;0;0;0;1;0;9;2;6;;;;ON SCENE;2025-06-16T15:00:00.000
0812140138141ff38bd085af6b319b8616b54e7297db61fb850fab8bcbfe2439403d2821a8b242cf614ed94cb68089dc3a4ad92587badce3d2d6ee64736fff30;2025-06-16 09:08:00;20;STOP SIGN/FLASHER;FUNCTIONING PROPERLY;CLEAR;DAYLIGHT;REAR END;DIVIDED - W/MEDIAN (NOT RAISED);STRAIGHT AND LEVEL;DRY;NO DEFECTS;NO INJURY / DRIVE AWAY;;;$501 - $1,500;UNABLE TO DETERMINE;UNABLE TO DETERMINE;635;N;LARAMIE AVE;1532;;;;;;;2;NO INDICATION OF INJURY;0;0;0;0;0;2;0;9;2;6;41.8923555648;-87.7553576051;{'type': 'Point', 'coordinates': [-87.755357605051, 41.892355564807]};NOT ON SCENE (DESK REPORT);2025-06-16T09:30:00.000
53ea7ef52c920eb6580b3dee2469d1183cffbc1ed13c2ce1a73dcf33dfd4b8d3c5cfee7b40cf846a4efe92608b49fca290352dfd16b3c5c479980c869e31862e;2025-06-16 09:00:00;35;NO CONTROLS;NO CONTROLS;CLEAR;DAYLIGHT;TURNING;NOT DIVIDED;STRAIGHT AND LEVEL;DRY;NO DEFECTS;NO INJURY / DRIVE AWAY;Y;;OVER $1,500;IMPROPER TURNING/NO SIGNAL;NOT APPLICABLE;7500;S;LAFAYETTE AVE;623;;;;;;;2;NO INDICATION OF INJURY;0;0;0;0;0;2;0;9;2;6;41.758068532;-87.6265169823;{'type': 'Point', 'coordinates': [-87.626516982328, 41.75806853202]};NOT ON SCENE (DESK REPORT);2025-06-16T09:00:00.000
97c77506126a50f11e3d59afa9b7de873060142b500a62f0b0457906e0f51ede71f4b5cfd6b2033f2e3c116697999451af0075c9c2eaf7da0175b056db60647b;2025-06-16 08:51:00;30;TRAFFIC SIGNAL;FUNCTIONING PROPERLY;CLEAR;DAYLIGHT;TURNING;NOT DIVIDED;STRAIGHT AND LEVEL;DRY;NO DEFECTS;INJURY AND / OR TOW DUE TO CRASH;Y;Y;OVER $1,500;NOT APPLICABLE;NOT APPLICABLE;5600;W;FULLERTON AVE;2515;;;;;;;2;NO INDICATION OF INJURY;0;0;0;0;0;2;0;8;2;6;41.9240901988;-87.7660535302;{'type': 'Point', 'coordinates': [-87.766053530161, 41.924090198835]};ON SCENE;2025-06-16T08:51:00.000
a5455f0ae452bf90429a3fc3ada2491acbae5ed71211f0fb9e0e011facb3eea11e70b3b064a8c31cc65b8399d47edbdda6d6b8d9737ff34e46d9ad5e5bc28a10;2025-06-16 08:40:00;30;NO CONTROLS;NO CONTROLS;CLEAR;DAYLIGHT;TURNING;NOT DIVIDED;STRAIGHT AND LEVEL;DRY;NO DEFECTS;NO INJURY / DRIVE AWAY;;;OVER $1,500;IMPROPER OVERTAKING/PASSING;UNABLE TO DETERMINE;957;W;18TH ST;1235;;;;;;;2;NO INDICATION OF INJURY;0;0;0;0;0;2;0;8;2;6;41.8579220539;-87.650920812;{'type': 'Point', 'coordinates': [-87.650920811952, 41.857922053853]};ON SCENE;2025-06-16T08:51:00.000
e42698a1542562be81d8968b07c40adad466f61119597f73ed1e2b4cfe34e5e36c1ca14de4e294ded417f941efcd6ed6c170225468964225ad01cd16e9a5fa3e;2025-06-16 08:40:00;25;UNKNOWN;UNKNOWN;CLEAR;DAYLIGHT;SIDESWIPE SAME DIRECTION;NOT DIVIDED;STRAIGHT AND LEVEL;DRY;UNKNOWN;NO INJURY / DRIVE AWAY;;;OVER $1,500;IMPROPER OVERTAKING/PASSING;FOLLOWING TOO CLOSELY;120;S;DESPLAINES ST;121;;;;;;;2;NO INDICATION OF INJURY;0;0;0;0;0;2;0;8;2;6;41.8798605382;-87.6442096581;{'type': 'Point', 'coordinates': [-87.644209658103, 41.879860538216]};NOT ON SCENE (DESK REPORT);2025-06-16T09:08:00.000
f08ac3318028f78ecdfdb256434bdbeeecc170de102d424bb6be062631a80c3498b3931a588f0aeca469d9c9da6eabfc7a8ff73303c03a4c76835a8fac09a348;2025-06-16 08:40:00;30;TRAFFIC SIGNAL;FUNCTIONING PROPERLY;CLEAR;DAYLIGHT;REAR END;DIVIDED - W/MEDIAN (NOT RAISED);STRAIGHT AND LEVEL;DRY;NO DEFECTS;NO INJURY / DRIVE AWAY;;;$500 OR LESS;FOLLOWING TOO CLOSELY;UNABLE TO DETERMINE;4359;N;CICERO AVE;1722;;;;;;;2;NO INDICATION OF INJURY;0;0;0;0;0;2;0;8;2;6;41.9606849048;-87.7473842477;{'type': 'Point', 'coordinates': [-87.747384247664, 41.960684904831]};NOT ON SCENE (DESK REPORT);2025-06-16T09:15:00.000
cda7ddd1bcb667365c3754495ad251fe34c53387f75f25fa324484b0edc6fb5a5fa1c6e0e62486b83f09d16cc37f6915d99359b88c992e709ba75b4ac2e90d08;2025-06-16 08:39:00;15;NO CONTROLS;NO CONTROLS;CLEAR;DAYLIGHT;OTHER NONCOLLISION;OTHER;STRAIGHT AND LEVEL;DRY;NO DEFECTS;INJURY AND / OR TOW DUE TO CRASH;;;OVER $1,500;EQUIPMENT - VEHICLE CONDITION;EQUIPMENT - VEHICLE CONDITION;4740;S;WHIPPLE ST;922;;;;;;;1;NO INDICATION OF INJURY;0;0;0;0;0;1;0;8;2;6;41.807009947;-87.7004265156;{'type': 'Point', 'coordinates': [-87.700426515629, 41.80700994704]};ON SCENE;2025-06-16T08:39:00.000
2c336aad4fca06cb36e62855ad0ff042e3e5e24e3e5ef8c13f2867ea91c051aca9b7e4634a9b043fd1a5088f345adc7ed81359ef60b0a2ef60eafa6485fc658e;2025-06-16 08:25:00;30;TRAFFIC SIGNAL;FUNCTIONING PROPERLY;CLEAR;DAYLIGHT;SIDESWIPE SAME DIRECTION;FOUR WAY;STRAIGHT AND LEVEL;DRY;NO DEFECTS;NO INJURY / DRIVE AWAY;;;OVER $1,500;IMPROPER OVERTAKING/PASSING;UNABLE TO DETERMINE;5929;N;SHERIDAN RD;2022;;;;;;;3;NO INDICATION OF INJURY;0;0;0;0;0;3;0;8;2;6;41.9900647219;-87.655237215;{'type': 'Point', 'coordinates': [-87.655237214988, 41.99006472186]};NOT ON SCENE (DESK REPORT);2025-06-16T09:15:00.000
d10caab7f058a69415064b3f63f68f33a3ea0444d8fe1d0857cebc1c12c0dc6f6fb015b03d872ae8eefd577abc530b26d2904e1a5e13b25c3bfa8e57edc20b53;2025-06-16 08:20:00;30;NO CONTROLS;NO CONTROLS;CLEAR;DAYLIGHT;REAR END;DIVIDED - W/MEDIAN (NOT RAISED);STRAIGHT AND LEVEL;DRY;UNKNOWN;NO INJURY / DRIVE AWAY;;;OVER $1,500;FAILING TO REDUCE SPEED TO AVOID CRASH;UNABLE TO DETERMINE;2150;N;CICERO AVE;2522;;;;;;;2;NO INDICATION OF INJURY;0;0;0;0;0;2;0;8;2;6;41.9203016479;-87.7463506417;{'type': 'Point', 'coordinates': [-87.746350641676, 41.920301647905]};NOT ON SCENE (DESK REPORT);2025-06-16T08:50:00.000
de15a8bc77f2e74258421f79d0e3984b65ebb2d83bc72697427f070b112f74eb6b2ddf41a84134b6e7242c3f2849379226dd0297655c3daadb108ac2891d86fa;2025-06-16 08:18:00;35;NO CONTROLS;NO CONTROLS;CLEAR;DAYLIGHT;REAR END;NOT DIVIDED;STRAIGHT AND LEVEL;DRY;NO DEFECTS;INJURY AND / OR TOW DUE TO CRASH;;;OVER $1,500;FAILING TO YIELD RIGHT-OF-WAY;UNABLE TO DETERMINE;7101;W;DEVON AVE;1611;;;;;;;2;NO INDICATION OF INJURY;0;0;0;0;0;4;0;8;2;6;41.9976837539;-87.8050197891;{'type': 'Point', 'coordinates': [-87.805019789121, 41.997683753875]};ON SCENE;2025-06-16T08:31:00.000
0ba20fe8cc6b35e03fa74007413fb77c3a61cef2e84964097905138682766aaf2d85e9241d3dbbb1adfea9b78d2ea09a829d6c3e0b48a69c7b35601909a88531;2025-06-16 08:17:00;30;TRAFFIC SIGNAL;FUNCTIONING PROPERLY;CLEAR;DAYLIGHT;SIDESWIPE SAME DIRECTION;DIVIDED - W/MEDIAN (NOT RAISED);STRAIGHT AND LEVEL;DRY;NO DEFECTS;NO INJURY / DRIVE AWAY;;;OVER $1,500;IMPROPER OVERTAKING/PASSING;IMPROPER LANE USAGE;4346;N;PULASKI RD;1722;;Y;;;;;2;NO INDICATION OF INJURY;0;0;0;0;0;2;0;8;2;6;41.9604777636;-87.7279616641;{'type': 'Point', 'coordinates': [-87.72796166413, 41.960477763554]};ON SCENE;2025-06-16T08:17:00.000
b4463509b3e321015ee8920e85b2f6d4210a5f8861baf4d7326d376176ffc8d650f84b6e9e88a16ff56e6fcc13a2ea54bbc7c91b220b077c806ec88caac4f957;2025-06-16 08:13:00;30;STOP SIGN/FLASHER;FUNCTIONING PROPERLY;CLEAR;DAYLIGHT;TURNING;T-INTERSECTION;STRAIGHT AND LEVEL;DRY;NO DEFECTS;INJURY AND / OR TOW DUE TO CRASH;Y;;OVER $1,500;DRIVING SKILLS/KNOWLEDGE/EXPERIENCE;FAILING TO YIELD RIGHT-OF-WAY;6100;W;NORTH AVE;2513;;;;;;;3;NONINCAPACITATING INJURY;3;0;0;3;0;0;0;8;2;6;41.9093369398;-87.7776821728;{'type': 'Point', 'coordinates': [-87.777682172791, 41.909336939761]};ON SCENE;2025-06-16T08:15:00.000
7c2ec405fee29780f8a17d75c7ab3ae04e9047e882bb6e866b59a934b8783ff8820b2826757fcc79c418e7377ccb3d613ddad333733c9f1603712291563177b6;2025-06-16 08:10:00;20;NO CONTROLS;NO CONTROLS;CLEAR;UNKNOWN;PARKED MOTOR VEHICLE;ONE-WAY;STRAIGHT AND LEVEL;DRY;NO DEFECTS;NO INJURY / DRIVE AWAY;;Y;OVER $1,500;NOT APPLICABLE;NOT APPLICABLE;6719;S;MERRILL AVE;331;;;;;;;2;NO INDICATION OF INJURY;0;0;0;0;0;1;0;8;2;6;41.7728916959;-87.5726660787;{'type': 'Point', 'coordinates': [-87.572666078695, 41.772891695851]};NOT ON SCENE (DESK REPORT);2025-06-16T15:15:00.000
c165acc96b11274a355ad036e13b4c08db8b9c151808ffd0e464556e3a555de1fac2fd01ae346c0deff208f9f445ca349a7907add4533ca9460bc2fe11c3ca87;2025-06-16 08:10:00;30;NO CONTROLS;NO CONTROLS;CLEAR;DAYLIGHT;PARKED MOTOR VEHICLE;NOT DIVIDED;STRAIGHT AND LEVEL;DRY;NO DEFECTS;INJURY AND / OR TOW DUE TO CRASH;;;OVER $1,500;DRIVING SKILLS/KNOWLEDGE/EXPERIENCE;NOT APPLICABLE;6638;W;ARCHER AVE;811;;;;;;;2;NO INDICATION OF INJURY;0;0;0;0;0;1;0;8;2;6;41.7923313506;-87.7882309062;{'type': 'Point', 'coordinates': [-87.788230906217, 41.792331350567]};ON SCENE;2025-06-16T08:11:00.000
ae491bb169ea4534029c726a79968a3d49535a48b013b3e233d0d4356aae91456054ee5131e25dd9f87015df7521bf88c9d70ed9195c75827e9bd71a94996ebf;2025-06-16 08:05:00;30;TRAFFIC SIGNAL;FUNCTIONING PROPERLY;CLEAR;DAYLIGHT;TURNING;NOT DIVIDED;STRAIGHT AND LEVEL;DRY;NO DEFECTS;NO INJURY / DRIVE AWAY;Y;;OVER $1,500;IMPROPER TURNING/NO SIGNAL;FAILING TO YIELD RIGHT-OF-WAY;4831;S;KEDZIE AVE;922;;Y;;;;;2;NO INDICATION OF INJURY;0;0;0;0;0;2;0;8;2;6;41.805267682;-87.7037467772;{'type': 'Point', 'coordinates': [-87.703746777228, 41.805267682044]};ON SCENE;2025-06-16T08:09:00.000
feff6dd05ba160bab774dcbc47d90a40c621264991f2fcf64eadd02211ce966f89c47919121ca8169a655be29c3d32e3ffc76ea78569066c4f3cdabdbd9a4e0c;2025-06-16 08:00:00;30;TRAFFIC SIGNAL;NO CONTROLS;CLEAR;DAYLIGHT;REAR END;DIVIDED - W/MEDIAN (NOT RAISED);STRAIGHT AND LEVEL;DRY;NO DEFECTS;NO INJURY / DRIVE AWAY;Y;;OVER $1,500;UNABLE TO DETERMINE;UNABLE TO DETERMINE;5952;W;DIVISION ST;2531;;;;;;;3;NO INDICATION OF INJURY;0;0;0;0;0;3;0;8;2;6;41.9021117831;-87.7750525242;{'type': 'Point', 'coordinates': [-87.77505252421, 41.902111783105]};NOT ON SCENE (DESK REPORT);2025-06-16T09:30:00.000
875369cb5c36f1d7b038c15a82e31eb1dd8d31a05e3c2465ba4c15a2e0ebb2be10555d7249222b4c9ec8d880b2045ef4bc098835095b17b54cc3073957e02f65;2025-06-16 07:58:00;30;TRAFFIC SIGNAL;FUNCTIONING PROPERLY;CLEAR;DAYLIGHT;REAR TO FRONT;FOUR WAY;STRAIGHT AND LEVEL;DRY;NO DEFECTS;NO INJURY / DRIVE AWAY;Y;Y;$501 - $1,500;IMPROPER BACKING;NOT APPLICABLE;801;W;LAKE ST;1224;;;;;;;2;NO INDICATION OF INJURY;0;0;0;0;0;2;0;7;2;6;41.8855538089;-87.6475289557;{'type': 'Point', 'coordinates': [-87.647528955695, 41.885553808917]};ON SCENE;2025-06-16T08:01:00.000
d9c88b99e5540f9f7e902d8ff841ccb7ee8eb89da4edf2794d7dcb61b71eec309061907def87fe725a9e85bb8e5793aca22be916aac929637f2e16d918cbb942;2025-06-16 07:53:00;30;STOP SIGN/FLASHER;FUNCTIONING PROPERLY;CLEAR;DAYLIGHT;TURNING;NOT DIVIDED;STRAIGHT AND LEVEL;DRY;NO DEFECTS;INJURY AND / OR TOW DUE TO CRASH;Y;;OVER $1,500;NOT APPLICABLE;NOT APPLICABLE;1899;W;51ST ST;932;;;;;;;3;NO INDICATION OF INJURY;0;0;0;0;0;5;0;7;2;6;41.8011456906;-87.6720122569;{'type': 'Point', 'coordinates': [-87.672012256856, 41.801145690559]};ON SCENE;2025-06-16T07:55:00.000
aca60a629099ba07a3700e22a868564120d6c83c72aa64e96af26c47cddd154e3633a34c3db34745eae86ac362027b9183aade81fd1228c7e73e2623061d51de;2025-06-16 07:44:00;30;TRAFFIC SIGNAL;FUNCTIONING PROPERLY;CLEAR;DAYLIGHT;REAR END;DIVIDED - W/MEDIAN (NOT RAISED);STRAIGHT AND LEVEL;DRY;NO DEFECTS;INJURY AND / OR TOW DUE TO CRASH;;;$501 - $1,500;UNABLE TO DETERMINE;UNABLE TO DETERMINE;3934;W;IRVING PARK RD;1723;;Y;;;;;2;REPORTED, NOT EVIDENT;2;0;0;0;2;2;0;7;2;6;41.9537733613;-87.7265372935;{'type': 'Point', 'coordinates': [-87.726537293508, 41.953773361319]};ON SCENE;2025-06-16T07:44:00.000
23c5303f5d25557038ea282dfee1c2ff953a6e4a714a0edf0d73a3711cbac992e757242751a07863112e6368f70424b0cbee0f664424b2a871f294658a0977e2;2025-06-16 07:40:00;25;NO CONTROLS;NO CONTROLS;CLEAR;DAYLIGHT;PEDESTRIAN;NOT DIVIDED;STRAIGHT AND LEVEL;DRY;NO DEFECTS;INJURY AND / OR TOW DUE TO CRASH;;Y;$501 - $1,500;DRIVING ON WRONG SIDE/WRONG WAY;NOT APPLICABLE;2210;N;PULASKI RD;2525;;;;;;;2;INCAPACITATING INJURY;1;0;1;0;0;1;0;7;2;6;41.921207015;-87.7268244501;{'type': 'Point', 'coordinates': [-87.726824450095, 41.921207015039]};ON SCENE;2025-06-16T07:46:00.000
33cbbf9a6ee492d42ca2a95fad450afb17002103bc4b4b160a2328eec92acc18ee6e425afb441af9b5e8916f1cfb5a0e34fa6e24fbc4fa255d62540f4900ae6a;2025-06-16 07:32:00;20;NO CONTROLS;NO CONTROLS;CLEAR;DAYLIGHT;REAR TO FRONT;ONE-WAY;STRAIGHT AND LEVEL;DRY;NO DEFECTS;NO INJURY / DRIVE AWAY;;;OVER $1,500;IMPROPER BACKING;VISION OBSCURED (SIGNS, TREE LIMBS, BUILDINGS, ETC.);2416;W;LELAND AVE;1911;;;;;;;2;NO INDICATION OF INJURY;0;0;0;0;0;2;0;7;2;6;41.9668876076;-87.6895391561;{'type': 'Point', 'coordinates': [-87.68953915608, 41.966887607563]};ON SCENE;2025-06-16T07:47:00.000
8a50dbc183312004758a959551ecbc1d45d6bbe1dc6137e01616113edebb695adeabba7b219df0d45915816b5f4f3e9c7ebc333bb2294a12c14e0a158ebe06f6;2025-06-16 07:32:00;30;TRAFFIC SIGNAL;FUNCTIONING PROPERLY;CLEAR;DAYLIGHT;REAR END;NOT DIVIDED;STRAIGHT AND LEVEL;DRY;UNKNOWN;NO INJURY / DRIVE AWAY;;;$501 - $1,500;UNABLE TO DETERMINE;UNABLE TO DETERMINE;631;S;CENTRAL AVE;1522;;;;;;;2;NO INDICATION OF INJURY;0;0;0;0;0;3;0;7;2;6;41.872305917;-87.7644344432;{'type': 'Point', 'coordinates': [-87.764434443217, 41.872305917024]};NOT ON SCENE (DESK REPORT);2025-06-16T08:37:00.000
5fa1223d899b959f852ca9b32461a45fefdde4dd281e80ec9da93c1a1c76572f2254a051de1c85e53659f8947410908a78de5b08730ac26d218a2593531fe77f;2025-06-16 07:31:00;15;NO CONTROLS;NO CONTROLS;CLEAR;DAYLIGHT;PARKED MOTOR VEHICLE;PARKING LOT;STRAIGHT AND LEVEL;DRY;NO DEFECTS;NO INJURY / DRIVE AWAY;;;$500 OR LESS;NOT APPLICABLE;NOT APPLICABLE;4801;S;LAWNDALE AVE;821;;;;;;;2;NO INDICATION OF INJURY;0;0;0;0;0;2;0;7;2;6;41.8066587648;-87.7160330444;{'type': 'Point', 'coordinates': [-87.716033044428, 41.806658764758]};ON SCENE;2025-06-16T07:31:00.000
bd84bc2e732394a31bd52445e0f6f3fc385b2fb768589e7874807fccbb16f838b4f3c4b8663c09bdbd2260fa1995329145c435edc4180bb6c775f96f45c85f09;2025-06-16 07:30:00;30;STOP SIGN/FLASHER;FUNCTIONING PROPERLY;CLEAR;DAYLIGHT;PEDESTRIAN;ONE-WAY;STRAIGHT AND LEVEL;DRY;NO DEFECTS;INJURY AND / OR TOW DUE TO CRASH;N;;$500 OR LESS;FAILING TO YIELD RIGHT-OF-WAY;DRIVING SKILLS/KNOWLEDGE/EXPERIENCE;1100;N;LEAVITT ST;1212;;;;;;;2;REPORTED, NOT EVIDENT;1;0;0;0;1;1;0;7;2;6;41.901325248;-87.6822408487;{'type': 'Point', 'coordinates': [-87.682240848704, 41.901325247967]};ON SCENE;2025-06-16T12:00:00.000
fb9a7e083b609df0f0ce837150f11b0bb8253a3acbe221eb010d9a3d1aca689bccabb5cc21c1382ab8f44c4177c0573de1539a8bd89a2b62f61e688920785363;2025-06-16 07:30:00;30;TRAFFIC SIGNAL;FUNCTIONING PROPERLY;CLEAR;DAYLIGHT;SIDESWIPE SAME DIRECTION;FOUR WAY;STRAIGHT AND LEVEL;DRY;UNKNOWN;NO INJURY / DRIVE AWAY;Y;Y;$500 OR LESS;IMPROPER LANE USAGE;NOT APPLICABLE;5500;S;WESTERN AVE;824;;;;;;;2;NO INDICATION OF INJURY;0;0;0;0;0;2;0;7;2;6;41.7933705543;-87.6841753768;{'type': 'Point', 'coordinates': [-87.684175376759, 41.79337055433]};ON SCENE;2025-06-16T07:34:00.000
9a911ab383f311e5eec0c55457831e5eb689b3d64a21dedb3670caaa5143e6880f627d5d366ae5ef1b7f470d53c1d1ff05a73cf641a6ff05ff020df3f8b226d8;2025-06-16 07:22:00;30;NO CONTROLS;NO CONTROLS;CLEAR;DAYLIGHT;SIDESWIPE SAME DIRECTION;NOT DIVIDED;STRAIGHT AND LEVEL;DRY;UNKNOWN;INJURY AND / OR TOW DUE TO CRASH;;;OVER $1,500;IMPROPER OVERTAKING/PASSING;IMPROPER LANE USAGE;3355;W;NORTH AVE;1422;;Y;;;;;2;NO INDICATION OF INJURY;0;0;0;0;0;2;0;7;2;6;41.9099478353;-87.711516347;{'type': 'Point', 'coordinates': [-87.711516347008, 41.90994783535]};ON SCENE;2025-06-16T07:23:00.000
cec020b4c619c2b1fe0070a7fd0ef36fc4197370f625ae50dc94194ef51a0f8e298ff2c951da4bd2a08998a3fad2f581359e72da0db06f87a9677c4a26529b35;2025-06-16 07:13:00;40;NO CONTROLS;NO CONTROLS;CLEAR;DAYLIGHT;SIDESWIPE SAME DIRECTION;DIVIDED - W/MEDIAN BARRIER;STRAIGHT AND LEVEL;DRY;NO DEFECTS;NO INJURY / DRIVE AWAY;;Y;OVER $1,500;IMPROPER OVERTAKING/PASSING;UNABLE TO DETERMINE;2701;N;LAKE SHORE DR NB;1935;;;;;;;2;NO INDICATION OF INJURY;0;0;0;0;0;2;0;7;2;6;41.9315116622;-87.6317740991;{'type': 'Point', 'coordinates': [-87.631774099085, 41.93151166222]};ON SCENE;2025-06-16T07:30:00.000
0a271066349d7928874f7a8751e5ff370afa24ecf1f9246e4c199df91334afbcaf3d1688e06cbd6bb423b8e4c9aac4024be9d5f9f3fb98b84990435525552c1a;2025-06-16 07:10:00;30;NO CONTROLS;NO CONTROLS;CLEAR;DAYLIGHT;SIDESWIPE SAME DIRECTION;NOT DIVIDED;STRAIGHT AND LEVEL;UNKNOWN;UNKNOWN;NO INJURY / DRIVE AWAY;;Y;OVER $1,500;DRIVING SKILLS/KNOWLEDGE/EXPERIENCE;NOT APPLICABLE;2350;W;GARFIELD BLVD;932;;;;;;;2;NO INDICATION OF INJURY;0;0;0;0;0;2;0;7;2;6;41.7939330022;-87.6831437546;{'type': 'Point', 'coordinates': [-87.683143754624, 41.793933002156]};NOT ON SCENE (DESK REPORT);2025-06-16T15:20:00.000
da6cb7a9b9a4d6b1c1ac169a5c8da267491e6145cb8f273e50056621880e2fa3b8117d27f65a31e9d1c4133ecbf4595e47e4756d8d840137d80229893a0791a8;2025-06-16 07:00:00;30;NO CONTROLS;NO CONTROLS;UNKNOWN;UNKNOWN;PARKED MOTOR VEHICLE;DIVIDED - W/MEDIAN (NOT RAISED);STRAIGHT AND LEVEL;UNKNOWN;UNKNOWN;NO INJURY / DRIVE AWAY;;Y;OVER $1,500;IMPROPER LANE USAGE;IMPROPER LANE USAGE;648;N;RIDGEWAY AVE;1122;;;;;;;2;NO INDICATION OF INJURY;0;0;0;0;0;1;0;7;2;6;41.8932074384;-87.7200547318;{'type': 'Point', 'coordinates': [-87.720054731778, 41.893207438361]};NOT ON SCENE (DESK REPORT);2025-06-16T16:00:00.000
1fbfe16e4ae061f6cb928b5d856996e5503e512f779860b9e79fc6114b8a85d7f6cf1e64f753b1445e161b8aa8344a292681672d97ac1ddef719d477200749b9;2025-06-16 06:53:00;30;OTHER;FUNCTIONING PROPERLY;CLEAR;DAYLIGHT;FIXED OBJECT;DIVIDED - W/MEDIAN (NOT RAISED);STRAIGHT AND LEVEL;DRY;NO DEFECTS;INJURY AND / OR TOW DUE TO CRASH;;;OVER $1,500;DRIVING SKILLS/KNOWLEDGE/EXPERIENCE;DRIVING SKILLS/KNOWLEDGE/EXPERIENCE;5632;W;NORTH AVE;2531;;;;;;;1;NO INDICATION OF INJURY;0;0;0;0;0;2;0;6;2;6;41.9094745995;-87.7667619219;{'type': 'Point', 'coordinates': [-87.766761921893, 41.909474599529]};ON SCENE;2025-06-16T06:53:00.000
459798cf93e8c915fdffb1fe21246054eca54c90ef6f7d5f29fa3f46104a2da3cbe665437b0b8c7e7dbbc38f45acdef18ded308adc377ed6f8d946254557b724;2025-06-16 06:50:00;30;NO CONTROLS;NO CONTROLS;CLEAR;DAYLIGHT;SIDESWIPE SAME DIRECTION;DIVIDED - W/MEDIAN (NOT RAISED);STRAIGHT AND LEVEL;DRY;NO DEFECTS;INJURY AND / OR TOW DUE TO CRASH;;Y;OVER $1,500;UNABLE TO DETERMINE;UNABLE TO DETERMINE;8300;W;IRVING PARK RD;1614;;;;;;;2;NO INDICATION OF INJURY;0;0;0;0;0;2;0;6;2;6;41.9522095279;-87.8343178627;{'type': 'Point', 'coordinates': [-87.834317862655, 41.952209527931]};ON SCENE;2025-06-16T07:10:00.000
454fc387c6d138a14ecc3ae0f9942a3f54c6dab0361dd7709338757c32d7d073065ba03d4938cb071e86395578ed296e2d49ad2e001b2ad680faf79c1764c364;2025-06-16 06:40:00;35;TRAFFIC SIGNAL;FUNCTIONING PROPERLY;CLEAR;DAYLIGHT;ANGLE;FOUR WAY;STRAIGHT AND LEVEL;DRY;UNKNOWN;INJURY AND / OR TOW DUE TO CRASH;Y;;OVER $1,500;UNABLE TO DETERMINE;UNABLE TO DETERMINE;6900;S;WESTERN AVE;832;;;;;;;2;REPORTED, NOT EVIDENT;1;0;0;0;1;2;0;6;2;6;41.7682384769;-87.6834869571;{'type': 'Point', 'coordinates': [-87.68348695709, 41.76823847692]};ON SCENE;2025-06-16T06:41:00.000
ee4a1219ba51d36478f655cb4c059869fab36110bef65fad38301b5250af2a9f3275ec6556933c307a4a7d00fa521c094122cb33206778e9caccb3e4ae7c04fe;2025-06-16 06:36:00;30;NO CONTROLS;NO CONTROLS;CLEAR;DAYLIGHT;REAR END;DIVIDED - W/MEDIAN (NOT RAISED);STRAIGHT AND LEVEL;DRY;UNKNOWN;INJURY AND / OR TOW DUE TO CRASH;;;OVER $1,500;NOT APPLICABLE;NOT APPLICABLE;4272;N;ELSTON AVE;1723;;;;;;;2;NO INDICATION OF INJURY;0;0;0;0;0;3;0;6;2;6;41.9586318871;-87.7265785593;{'type': 'Point', 'coordinates': [-87.726578559308, 41.958631887145]};ON SCENE;2025-06-16T06:53:00.000
bc2d583320ffa34638304da7e718c02c09d1d6caca35b4488a318cd75509a76cff3c124f60730423f6acb6c6cefedd9dd2f660d6d60d4b9c2f480d9a3986d7dd;2025-06-16 06:32:00;30;TRAFFIC SIGNAL;FUNCTIONING PROPERLY;CLEAR;DAYLIGHT;REAR END;DIVIDED - W/MEDIAN (NOT RAISED);STRAIGHT AND LEVEL;DRY;NO DEFECTS;INJURY AND / OR TOW DUE TO CRASH;Y;;OVER $1,500;UNABLE TO DETERMINE;NOT APPLICABLE;8320;W;IRVING PARK RD;1614;;;;;;;3;REPORTED, NOT EVIDENT;1;0;0;0;1;4;0;6;2;6;41.9521894731;-87.835167462;{'type': 'Point', 'coordinates': [-87.835167462015, 41.952189473065]};ON SCENE;2025-06-16T06:50:00.000
39f65a7238ed0cd5e5ef056edee8d61045e88b3f58396b076aa60a51180df92926c3edaca9f8b350c894e29ade772881305f580f892a2319f10ef4302ff0fcc4;2025-06-16 06:20:00;30;STOP SIGN/FLASHER;FUNCTIONING PROPERLY;CLEAR;DAYLIGHT;TURNING;NOT DIVIDED;STRAIGHT AND LEVEL;DRY;NO DEFECTS;NO INJURY / DRIVE AWAY;Y;;OVER $1,500;IMPROPER TURNING/NO SIGNAL;UNABLE TO DETERMINE;5368;N;CICERO AVE;1621;;;;;;;2;NO INDICATION OF INJURY;0;0;0;0;0;2;0;6;2;6;41.979975281;-87.7482900151;{'type': 'Point', 'coordinates': [-87.748290015058, 41.979975280976]};NOT ON SCENE (DESK REPORT);2025-06-16T15:15:00.000
afa685c80aae9d7899e60e15f7007abd8d396f87b48c35fb5effe324acabddffc55218d525155a66443278db4ea4777ab47612674218eba2012b3861205c0344;2025-06-16 06:03:00;30;NO CONTROLS;NO CONTROLS;CLEAR;DAYLIGHT;FIXED OBJECT;NOT DIVIDED;STRAIGHT AND LEVEL;DRY;NO DEFECTS;NO INJURY / DRIVE AWAY;;;OVER $1,500;DISTRACTION - FROM INSIDE VEHICLE;TEXTING;698;E;79TH ST;624;;;;;;;1;NO INDICATION OF INJURY;0;0;0;0;0;1;0;6;2;6;41.7513522098;-87.6077216207;{'type': 'Point', 'coordinates': [-87.607721620708, 41.751352209789]};ON SCENE;2025-06-16T06:05:00.000
6e8d0cb717fb0058982796f6b49cba70a1d550661dffd57fb395d8a1a402bf0ef024e5547ab377fe07cfb667877600b791a97347d3ac447bb69c684d22e82455;2025-06-16 06:00:00;30;UNKNOWN;UNKNOWN;UNKNOWN;UNKNOWN;PARKED MOTOR VEHICLE;ONE-WAY;STRAIGHT AND LEVEL;UNKNOWN;UNKNOWN;NO INJURY / DRIVE AWAY;;Y;$501 - $1,500;UNABLE TO DETERMINE;NOT APPLICABLE;2714;W;65TH ST;825;;;;;;;2;NO INDICATION OF INJURY;0;0;0;0;0;1;0;6;2;6;41.7755604423;-87.6915640385;{'type': 'Point', 'coordinates': [-87.691564038523, 41.775560442267]};NOT ON SCENE (DESK REPORT);2025-06-16T06:40:00.000
8a06d304a19f28ebe242d9a5e3665a1ab61d3321a81a10f03f126b27b0a49054f1b754147a6aea86f521bf3e277132642d8e2ad593ca8ee9cc9b896d539127bb;2025-06-16 05:56:00;30;STOP SIGN/FLASHER;FUNCTIONING PROPERLY;CLEAR;DAYLIGHT;TURNING;T-INTERSECTION;STRAIGHT AND LEVEL;UNKNOWN;UNKNOWN;NO INJURY / DRIVE AWAY;Y;;OVER $1,500;FAILING TO YIELD RIGHT-OF-WAY;UNABLE TO DETERMINE;3004;N;CENTRAL PARK AVE;2523;;;;;;;2;NO INDICATION OF INJURY;0;0;0;0;0;5;0;5;2;6;41.9355326542;-87.7174368622;{'type': 'Point', 'coordinates': [-87.717436862232, 41.935532654229]};ON SCENE;2025-06-16T06:02:00.000
9310b631843a6c5af5b599eb5463f3823fcbfcd9d8d9411fc4b77361b73d44e4fcca4fdabb2f046b13973a06830a76fa707a050d45f6d23c149cb2322f24a3c8;2025-06-16 05:45:00;30;TRAFFIC SIGNAL;FUNCTIONING PROPERLY;CLEAR;DAWN;TURNING;FOUR WAY;STRAIGHT AND LEVEL;DRY;NO DEFECTS;NO INJURY / DRIVE AWAY;Y;Y;$501 - $1,500;UNABLE TO DETERMINE;UNABLE TO DETERMINE;4801;W;ARMITAGE AVE;2533;;;;;;;2;NO INDICATION OF INJURY;0;0;0;0;0;2;0;5;2;6;41.91682247;-87.7461730914;{'type': 'Point', 'coordinates': [-87.746173091407, 41.916822470032]};ON SCENE;2025-06-16T05:51:00.000
97f45873bd21360805a65d46662ec1557b785c655f561239d81ce5bfe88686f7ded746cf766d0254bedb49bc72ab12927c884e78c5e404027fd2f416663439c0;2025-06-16 05:03:00;25;NO CONTROLS;NO CONTROLS;CLEAR;DAYLIGHT;ANGLE;ONE-WAY;STRAIGHT AND LEVEL;DRY;UNKNOWN;INJURY AND / OR TOW DUE TO CRASH;Y;;OVER $1,500;FAILING TO YIELD RIGHT-OF-WAY;UNABLE TO DETERMINE;2620;W;ROSEMONT AVE;2413;;;;;;;2;NONINCAPACITATING INJURY;1;0;0;1;0;1;0;5;2;6;41.9959342686;-87.6956803182;{'type': 'Point', 'coordinates': [-87.695680318172, 41.995934268646]};ON SCENE;2025-06-16T05:03:00.000
0e84a8b72b5f4f12714a6a349077518a19e2098ff5b1ed369f1caa2571cac5299c6ca1c54c8e5606338f19d378894522449716a32fbe6654d367293a0dc68900;2025-06-16 05:01:00;30;POLICE/FLAGMAN;FUNCTIONING PROPERLY;CLEAR;DAWN;SIDESWIPE OPPOSITE DIRECTION;ONE-WAY;STRAIGHT AND LEVEL;DRY;NO DEFECTS;NO INJURY / DRIVE AWAY;;Y;OVER $1,500;IMPROPER OVERTAKING/PASSING;NOT APPLICABLE;624;N;SAWYER AVE;1121;;;;;;;2;NO INDICATION OF INJURY;0;0;0;0;0;3;0;5;2;6;41.8926777358;-87.7078372161;{'type': 'Point', 'coordinates': [-87.70783721612, 41.892677735796]};NOT ON SCENE (DESK REPORT);2025-06-16T05:01:00.000
a595c8a138d638c0cc3dbbb7346db9515f3cfcbbf919dafabe0975c8fe9323d13938fd1c544cc4901e1678f907cdd0beffb4ed68c4de917c0b1aab300ecceb06;2025-06-16 05:00:00;25;TRAFFIC SIGNAL;FUNCTIONING PROPERLY;CLEAR;DARKNESS, LIGHTED ROAD;SIDESWIPE SAME DIRECTION;NOT DIVIDED;STRAIGHT AND LEVEL;DRY;NO DEFECTS;NO INJURY / DRIVE AWAY;;Y;OVER $1,500;FAILING TO YIELD RIGHT-OF-WAY;NOT APPLICABLE;558;N;CENTRAL AVE;1512;;;;;;;2;NO INDICATION OF INJURY;0;0;0;0;0;2;0;5;2;6;41.8910040274;-87.7653930639;{'type': 'Point', 'coordinates': [-87.765393063863, 41.891004027389]};NOT ON SCENE (DESK REPORT);2025-06-16T05:00:00.000
b956e1a80cb7609188c5971f5fb66cb0bcf9dc1a458eb0db573013c8a13207fdcc66973dcb2847d8a9b290c6d296b84fea8655c885e8552e3ab96ea52d8dd05d;2025-06-16 04:59:00;30;UNKNOWN;UNKNOWN;CLEAR;DAWN;FIXED OBJECT;UNKNOWN;STRAIGHT AND LEVEL;DRY;UNKNOWN;INJURY AND / OR TOW DUE TO CRASH;;;OVER $1,500;UNDER THE INFLUENCE OF ALCOHOL/DRUGS (USE WHEN ARREST IS EFFECTED);NOT APPLICABLE;28;N;CENTRAL AVE;1513;Y;Y;;;;;1;NONINCAPACITATING INJURY;1;0;0;1;0;0;0;4;2;6;41.8810972421;-87.7650331196;{'type': 'Point', 'coordinates': [-87.765033119633, 41.881097242139]};ON SCENE;2025-06-16T04:59:00.000
604882419e793ca4f53801115918800bcf8e6e05ef5549944686aae721a0bc4c7a1d89f3ca0db7403f6287c4049946f0851efbef5c5320d027231e966a67b96f;2025-06-16 04:45:00;30;NO CONTROLS;NO CONTROLS;CLEAR;DAWN;PARKED MOTOR VEHICLE;FOUR WAY;STRAIGHT AND LEVEL;DRY;NO DEFECTS;INJURY AND / OR TOW DUE TO CRASH;;;OVER $1,500;FAILING TO REDUCE SPEED TO AVOID CRASH;FAILING TO REDUCE SPEED TO AVOID CRASH;700;W;90TH ST;2223;;;;;;;2;NO INDICATION OF INJURY;0;0;0;0;0;1;0;4;2;6;41.7309139944;-87.6410998953;{'type': 'Point', 'coordinates': [-87.641099895344, 41.730913994412]};ON SCENE;2025-06-16T04:45:00.000
fcfdac7df38be0017cf3e13b81756b64136fe1653c36322040cfd9ee8427e5e71b9cba702abba8f5fb33cda3c2d46a02066fac2c088902b37669aa3529cd9307;2025-06-16 04:30:00;30;NO CONTROLS;NO CONTROLS;CLEAR;DUSK;PARKED MOTOR VEHICLE;ONE-WAY;STRAIGHT AND LEVEL;UNKNOWN;UNKNOWN;NO INJURY / DRIVE AWAY;;;OVER $1,500;DRIVING SKILLS/KNOWLEDGE/EXPERIENCE;NOT APPLICABLE;6124;S;TRIPP AVE;813;;;;;;;2;NO INDICATION OF INJURY;0;0;0;0;0;1;0;4;2;6;41.7814560213;-87.729091741;{'type': 'Point', 'coordinates': [-87.729091740969, 41.781456021282]};NOT ON SCENE (DESK REPORT);2025-06-16T18:18:00.000
1541084a3740f6b1cdc8ea40fef7a384f859762c670d55193d32ae92281b03ef6fa097937637768f9065cd1c1957b9a5a624df7f18beac92d395bf9afd19c640;2025-06-16 04:22:00;30;TRAFFIC SIGNAL;FUNCTIONING PROPERLY;CLEAR;DAYLIGHT;TURNING;FOUR WAY;STRAIGHT AND LEVEL;DRY;NO DEFECTS;INJURY AND / OR TOW DUE TO CRASH;Y;;OVER $1,500;DISREGARDING TRAFFIC SIGNALS;DISREGARDING OTHER TRAFFIC SIGNS;3142;W;NORTH AVE;1421;;;;;;;2;REPORTED, NOT EVIDENT;1;0;0;0;1;1;0;4;2;6;41.9102296082;-87.7062300461;{'type': 'Point', 'coordinates': [-87.706230046121, 41.910229608231]};NOT ON SCENE (DESK REPORT);2025-06-16T18:30:00.000
c4cbfa96d8c2420d876c72a926f41c5cffb1f4674dfd7c6ce2ecb17e9203998c7b58e1378c25264352962b81959aab9d342807af356017c0fb598ff641185b7e;2025-06-16 04:22:00;30;TRAFFIC SIGNAL;FUNCTIONING PROPERLY;CLEAR;DARKNESS, LIGHTED ROAD;FIXED OBJECT;DIVIDED - W/MEDIAN BARRIER;STRAIGHT AND LEVEL;DRY;NO DEFECTS;INJURY AND / OR TOW DUE TO CRASH;;;OVER $1,500;FAILING TO REDUCE SPEED TO AVOID CRASH;NOT APPLICABLE;1200;S;COLUMBUS DR;132;;;;;;;1;NO INDICATION OF INJURY;0;0;0;0;0;1;0;4;2;6;41.8673879139;-87.6204910341;{'type': 'Point', 'coordinates': [-87.620491034097, 41.867387913926]};ON SCENE;2025-06-16T04:26:00.000
0f492185e668aec4641d7d448cff58a39b4e1c56e5dcb952226ddab13287f83acdaf7822ac474164b550df0f3aea571431fa265b17ba9ef3c9850a7eb9809090;2025-06-16 03:39:00;30;TRAFFIC SIGNAL;FUNCTIONING PROPERLY;CLEAR;DARKNESS, LIGHTED ROAD;REAR END;FOUR WAY;STRAIGHT AND LEVEL;DRY;NO DEFECTS;INJURY AND / OR TOW DUE TO CRASH;;;OVER $1,500;FAILING TO REDUCE SPEED TO AVOID CRASH;NOT APPLICABLE;6900;S;LAFAYETTE AVE;731;;;;;;;2;NONINCAPACITATING INJURY;2;0;0;1;1;0;0;3;2;6;41.7691553353;-87.6268126763;{'type': 'Point', 'coordinates': [-87.626812676272, 41.769155335336]};ON SCENE;2025-06-16T03:39:00.000
187c12e70689de54adbf5b25aa20cdaa30dc9287313b83cd1d6b77361e0715f9634a7240cbe29335107c014bf5cafea09271a87253714d3015ea597fdab1f5ba;2025-06-16 03:34:00;30;TRAFFIC SIGNAL;FUNCTIONING PROPERLY;CLEAR;DARKNESS, LIGHTED ROAD;REAR END;FOUR WAY;STRAIGHT AND LEVEL;DRY;NO DEFECTS;NO INJURY / DRIVE AWAY;;;$501 - $1,500;DRIVING SKILLS/KNOWLEDGE/EXPERIENCE;FOLLOWING TOO CLOSELY;1900;S;ASHLAND AVE;1234;;;;;;;2;NO INDICATION OF INJURY;0;0;0;0;0;3;0;3;2;6;41.8559248428;-87.6662398305;{'type': 'Point', 'coordinates': [-87.666239830496, 41.855924842836]};ON SCENE;2025-06-16T03:35:00.000
0290771561f20a804ef03ff1a07243992bfd95527276dc4cacdae5253f96eef995793bcf07182e5b59e5e4c61f997078354585b55188ce3a026df9b05adca43c;2025-06-16 03:30:00;30;NO CONTROLS;NO CONTROLS;UNKNOWN;DARKNESS, LIGHTED ROAD;PARKED MOTOR VEHICLE;UNKNOWN INTERSECTION TYPE;STRAIGHT AND LEVEL;UNKNOWN;UNKNOWN;NO INJURY / DRIVE AWAY;;;OVER $1,500;UNABLE TO DETERMINE;NOT APPLICABLE;7641;S;MORGAN ST;621;;Y;;;;;2;NO INDICATION OF INJURY;0;0;0;0;0;1;0;3;2;6;41.7548116075;-87.6488563718;{'type': 'Point', 'coordinates': [-87.648856371766, 41.754811607537]};NOT ON SCENE (DESK REPORT);2025-06-16T18:00:00.000
983579c7d7b515d99be66c31b0d93a2c99d684cab5fa8b46ae970c5c827f103d041158f65acb1651d6f7b5e8a96245167a611839074e53e4451115034f2deb7b;2025-06-16 03:20:00;30;UNKNOWN;UNKNOWN;CLEAR;DARKNESS, LIGHTED ROAD;OTHER NONCOLLISION;UNKNOWN;STRAIGHT AND LEVEL;UNKNOWN;UNKNOWN;INJURY AND / OR TOW DUE TO CRASH;;;OVER $1,500;UNABLE TO DETERMINE;UNABLE TO DETERMINE;26;E;79TH ST;623;;;;;;;1;NO INDICATION OF INJURY;0;0;0;0;0;1;0;3;2;6;41.7510826566;-87.623482685;{'type': 'Point', 'coordinates': [-87.623482684954, 41.751082656635]};ON SCENE;2025-06-16T03:20:00.000
47bc3117768dbf4229a3b4c3bbdcbd7803c8bfbef72328da285b5c73fb07feb312c8a22e161ecd7d6b3891c896d7d4ff93fda530a6c2324d1ee983baa112fad4;2025-06-16 03:08:00;15;NO CONTROLS;NO CONTROLS;CLEAR;DARKNESS, LIGHTED ROAD;FIXED OBJECT;NOT DIVIDED;STRAIGHT AND LEVEL;DRY;NO DEFECTS;NO INJURY / DRIVE AWAY;;;$500 OR LESS;UNABLE TO DETERMINE;NOT APPLICABLE;7214;S;OAKLEY AVE;832;;;;;;;1;NO INDICATION OF INJURY;0;0;0;0;0;2;0;3;2;6;41.762419546;-87.6807760727;{'type': 'Point', 'coordinates': [-87.680776072658, 41.762419545966]};ON SCENE;2025-06-16T03:08:00.000
bf6d94bc1b22300d4b340d537aaa8e137bd04b72b55222fb74706f928a1ca85a2b74c7e332787dcdb8f3195423acd13c181073c97647b96df5e2c7291817ba33;2025-06-16 03:00:00;30;TRAFFIC SIGNAL;FUNCTIONING PROPERLY;CLEAR;DARKNESS, LIGHTED ROAD;REAR END;NOT DIVIDED;STRAIGHT AND LEVEL;DRY;NO DEFECTS;NO INJURY / DRIVE AWAY;;Y;OVER $1,500;FOLLOWING TOO CLOSELY;DRIVING SKILLS/KNOWLEDGE/EXPERIENCE;4815;W;DIVISION ST;1531;;;;;;;2;NO INDICATION OF INJURY;0;0;0;0;0;2;0;3;2;6;41.9022351236;-87.7466288432;{'type': 'Point', 'coordinates': [-87.746628843184, 41.902235123616]};NOT ON SCENE (DESK REPORT);2025-06-16T03:40:00.000
07b8157ddcb766c5509bf50906e1afce93c846171043e7d2941d5a147782b4164506fa6d233c4af3ce8d67489789d2ce8f789c2efdc7ed524490554c10e59ba9;2025-06-16 02:59:00;30;NO CONTROLS;NO CONTROLS;CLEAR;DARKNESS, LIGHTED ROAD;REAR END;ONE-WAY;STRAIGHT AND LEVEL;DRY;NO DEFECTS;INJURY AND / OR TOW DUE TO CRASH;;Y;OVER $1,500;UNABLE TO DETERMINE;NOT APPLICABLE;4650;S;WELLS ST;925;;;;;;;2;NO INDICATION OF INJURY;0;0;0;0;0;2;0;2;2;6;;;;ON SCENE;2025-06-16T02:59:00.000
8f46677b3cce4efa5830bc35a938ae667604bb27cc3326c174e88519613260d6f353064f895043325ddd190180c3ba7bb4284e2922a4b842d0a9ee0c4a470ce2;2025-06-16 02:46:00;30;TRAFFIC SIGNAL;FUNCTIONING PROPERLY;CLEAR;DARKNESS, LIGHTED ROAD;TURNING;FOUR WAY;STRAIGHT AND LEVEL;DRY;OTHER;INJURY AND / OR TOW DUE TO CRASH;Y;;OVER $1,500;FAILING TO YIELD RIGHT-OF-WAY;FAILING TO REDUCE SPEED TO AVOID CRASH;3602;W;ADDISON ST;1732;;;;Y;CONSTRUCTION;;2;NO INDICATION OF INJURY;0;0;0;0;0;2;0;2;2;6;41.9466111842;-87.7177780363;{'type': 'Point', 'coordinates': [-87.717778036341, 41.946611184156]};ON SCENE;2025-06-16T02:53:00.000
0cce2907c0103c6e716b1199db75646ca04930b3685d8b5f99e944cbc0fe8b2b5604939cc496beeacbe16ec54a77f3cefed17af775609735dee66f0a0942eae9;2025-06-16 02:02:00;30;NO CONTROLS;NO CONTROLS;CLEAR;DARKNESS, LIGHTED ROAD;PARKED MOTOR VEHICLE;ONE-WAY;STRAIGHT AND LEVEL;DRY;NO DEFECTS;INJURY AND / OR TOW DUE TO CRASH;;;OVER $1,500;UNABLE TO DETERMINE;NOT APPLICABLE;5927;S;FRANCISCO AVE;824;;;;;;;4;NO INDICATION OF INJURY;0;0;0;0;0;1;0;2;2;6;41.7855429772;-87.6958626292;{'type': 'Point', 'coordinates': [-87.695862629187, 41.785542977181]};ON SCENE;2025-06-16T02:23:00.000
630c347fab3fab1e4ade0c259770116a45ae9a780740200a705128811ff468ab77ee0c30aa5791a5ebd30cd1b4266dd72860d6ff92edfbd4e8731c10c9b6051c;2025-06-16 02:02:00;30;NO CONTROLS;NO CONTROLS;CLEAR;DARKNESS;PARKED MOTOR VEHICLE;ONE-WAY;STRAIGHT AND LEVEL;DRY;NO DEFECTS;INJURY AND / OR TOW DUE TO CRASH;;Y;OVER $1,500;FAILING TO REDUCE SPEED TO AVOID CRASH;PHYSICAL CONDITION OF DRIVER;2832;W;60TH ST;824;;Y;;;;;2;NO INDICATION OF INJURY;0;0;0;0;0;1;0;2;2;6;41.7846729084;-87.6948265615;{'type': 'Point', 'coordinates': [-87.694826561538, 41.784672908369]};ON SCENE;2025-06-16T11:00:00.000
5c7688951266ba530f06609a9624b4fb5b1cef85fb6e854be7c7cc9aa948f28e3419db76577c7464f56897a73a5a4a94820bdc6b0277a5981b1ba5062a8388fb;2025-06-16 01:31:00;30;TRAFFIC SIGNAL;FUNCTIONING PROPERLY;CLEAR;DARKNESS, LIGHTED ROAD;ANGLE;FOUR WAY;STRAIGHT AND LEVEL;DRY;NO DEFECTS;INJURY AND / OR TOW DUE TO CRASH;Y;;OVER $1,500;DISREGARDING TRAFFIC SIGNALS;NOT APPLICABLE;1600;W;59TH ST;715;Y;Y;;;;;2;INCAPACITATING INJURY;1;0;1;0;0;1;0;1;2;6;41.7868560112;-87.6644291209;{'type': 'Point', 'coordinates': [-87.664429120895, 41.786856011187]};ON SCENE;2025-06-16T01:31:00.000
701ec11cbb19ed3b71bbae08456c5e9a7704454ea51140660220b1472d52e9985f45042839f00029ce0ab5a7c62cdc4b1a9c093763734467ad66721ae08bbbd1;2025-06-16 01:30:00;30;STOP SIGN/FLASHER;FUNCTIONING PROPERLY;CLEAR;DARKNESS, LIGHTED ROAD;REAR END;NOT DIVIDED;STRAIGHT AND LEVEL;DRY;NO DEFECTS;NO INJURY / DRIVE AWAY;;Y;OVER $1,500;FAILING TO YIELD RIGHT-OF-WAY;NOT APPLICABLE;6131;W;SCHUBERT AVE;2512;;;;;;;2;NO INDICATION OF INJURY;0;0;0;0;0;2;0;1;2;6;41.9291472901;-87.7796068397;{'type': 'Point', 'coordinates': [-87.779606839743, 41.929147290112]};NOT ON SCENE (DESK REPORT);2025-06-16T02:15:00.000
50fc495ce6be0dbf5ef9fe1d82fcbbf152297c5de6977265c1b0e08a529e2a2082439fcf39f24548e9e5641a7846a47f1b8c2f0aa7e269635578f5216788485b;2025-06-16 01:00:00;30;NO CONTROLS;NO CONTROLS;CLEAR;DARKNESS, LIGHTED ROAD;PARKED MOTOR VEHICLE;NOT DIVIDED;STRAIGHT AND LEVEL;UNKNOWN;UNKNOWN;NO INJURY / DRIVE AWAY;;Y;OVER $1,500;UNABLE TO DETERMINE;UNABLE TO DETERMINE;8653;W;FOSTER AVE;1614;;;;;;;2;NO INDICATION OF INJURY;0;0;0;0;0;1;0;1;2;6;41.97364471;-87.8432448844;{'type': 'Point', 'coordinates': [-87.843244884366, 41.973644709965]};NOT ON SCENE (DESK REPORT);2025-06-16T07:30:00.000
ce140dfae6f8041fa59ff6d9e6ecd1da44809c3b62ca11e5a1e2b721135e42c103fa3928eca9b1724265db68861d6478d326b97adcc211a0b211abd05236465e;2025-06-16 01:00:00;30;NO CONTROLS;NO CONTROLS;CLEAR;DARKNESS, LIGHTED ROAD;PARKED MOTOR VEHICLE;NOT DIVIDED;STRAIGHT AND LEVEL;DRY;NO DEFECTS;NO INJURY / DRIVE AWAY;;;OVER $1,500;UNABLE TO DETERMINE;NOT APPLICABLE;3647;W;FIFTH AVE;1133;;;;;;;2;NO INDICATION OF INJURY;0;0;0;0;0;2;0;1;2;6;41.8750513107;-87.7175961342;{'type': 'Point', 'coordinates': [-87.717596134214, 41.87505131066]};NOT ON SCENE (DESK REPORT);2025-06-16T17:10:00.000
ee26991155d001ef8f10fcbdd14605755a860ebc09fed842568270730b8f232e3ea6dbd28838ea43db1fdbc175a98dd62d919e16fd30e90dd9d34b53f3321c06;2025-06-16 00:55:00;30;NO CONTROLS;NO CONTROLS;CLEAR;DARKNESS;REAR TO FRONT;OTHER;STRAIGHT AND LEVEL;DRY;NO DEFECTS;NO INJURY / DRIVE AWAY;;Y;OVER $1,500;UNABLE TO DETERMINE;UNABLE TO DETERMINE;3645;W;FIFTH AVE;1133;;;;;;;2;NO INDICATION OF INJURY;0;0;0;0;0;3;0;0;2;6;41.8750688573;-87.7175319057;{'type': 'Point', 'coordinates': [-87.717531905741, 41.875068857297]};NOT ON SCENE (DESK REPORT);2025-06-16T01:11:00.000
398fd6ec6b437a343fb4f675fb2a8db567a9e2a6b8eacfeeb058f8e20af3eec51241fb2c814870b177f8fc44f6d4a574f01342a9d59d26799ad322279b996e62;2025-06-16 00:39:00;30;NO CONTROLS;NO CONTROLS;CLEAR;DARKNESS, LIGHTED ROAD;PARKED MOTOR VEHICLE;NOT DIVIDED;STRAIGHT AND LEVEL;DRY;NO DEFECTS;INJURY AND / OR TOW DUE TO CRASH;N;;OVER $1,500;UNABLE TO DETERMINE;UNABLE TO DETERMINE;5800;S;COTTAGE GROVE AVE;233;;;;;;;2;NONINCAPACITATING INJURY;1;0;0;1;0;0;0;0;2;6;41.7894207178;-87.6062625882;{'type': 'Point', 'coordinates': [-87.606262588229, 41.789420717811]};ON SCENE;2025-06-16T00:40:00.000
b6a902e9a4a542e70e8d46e82cb0d4c3bce44c093e0aa4b7cb8d5e1d92ef843bf7d8f82266f66d7798fbf48ff5ba4515b51f2e154e81001425f1c9b67d60a7d2;2025-06-16 00:35:00;10;NO CONTROLS;NO CONTROLS;CLEAR;DARKNESS, LIGHTED ROAD;REAR END;OTHER;STRAIGHT AND LEVEL;DRY;UNKNOWN;INJURY AND / OR TOW DUE TO CRASH;;Y;OVER $1,500;UNABLE TO DETERMINE;NOT APPLICABLE;1356;W;47TH ST;924;;;;;;;2;NONINCAPACITATING INJURY;1;0;0;1;0;1;0;0;2;6;41.8087802473;-87.6599568571;{'type': 'Point', 'coordinates': [-87.659956857111, 41.808780247268]};NOT ON SCENE (DESK REPORT);2025-06-16T01:15:00.000
cb968f8aad8ea0b99e113d1e73bd44b09e71a63b4c1e60552351a32a3b3712eb6e1e6dde8fd14e4e05a2b650059dad05cda7295b0b14ce875f29a08929e63c3c;2025-06-16 00:00:00;30;NO CONTROLS;NO CONTROLS;CLEAR;DARKNESS, LIGHTED ROAD;FIXED OBJECT;ONE-WAY;STRAIGHT AND LEVEL;DRY;WORN SURFACE;INJURY AND / OR TOW DUE TO CRASH;;Y;OVER $1,500;UNABLE TO DETERMINE;UNABLE TO DETERMINE;3520;S;WENTWORTH AVE;915;;;;;;;1;NO INDICATION OF INJURY;0;0;0;0;0;1;0;0;2;6;41.8302424504;-87.63163855;{'type': 'Point', 'coordinates': [-87.631638549951, 41.830242450385]};ON SCENE;2025-06-16T00:04:00.000
79b88b5c9f6d6fb5cc9516c49b3738e0a8eb0d23f28a5c0b36e626003dd4c7af8b9957e56a92c824f02069756db61715d56086e8ea77c11f4cbfee175ef98737;2025-06-15 23:51:00;30;NO CONTROLS;NO CONTROLS;CLEAR;DARKNESS, LIGHTED ROAD;PARKED MOTOR VEHICLE;PARKING LOT;STRAIGHT AND LEVEL;DRY;NO DEFECTS;NO INJURY / DRIVE AWAY;;;$500 OR LESS;IMPROPER BACKING;NOT APPLICABLE;3940;W;WASHINGTON BLVD;1122;;;;;;;2;NO INDICATION OF INJURY;0;0;0;0;0;1;0;23;1;6;41.8819609333;-87.7248580001;{'type': 'Point', 'coordinates': [-87.724858000134, 41.881960933344]};ON SCENE;2025-06-15T23:51:00.000
3e0ffc6b34eed264b0a82b008217e78b31b7606dc0eaf983dba46a619611ddccc895caa720ebb6a011683a1072d523eb6b3b8e853ef662040c13d794261fd547;2025-06-15 23:50:00;30;TRAFFIC SIGNAL;FUNCTIONING PROPERLY;CLEAR;DARKNESS;REAR END;NOT DIVIDED;STRAIGHT AND LEVEL;UNKNOWN;UNKNOWN;NO INJURY / DRIVE AWAY;;;OVER $1,500;UNABLE TO DETERMINE;NOT APPLICABLE;1434;W;NORTH AVE;1433;;;;;;;2;NO INDICATION OF INJURY;0;0;0;0;0;2;0;23;1;6;41.9107873932;-87.6642612527;{'type': 'Point', 'coordinates': [-87.664261252719, 41.910787393223]};NOT ON SCENE (DESK REPORT);2025-06-16T15:44:00.000
1c54be1c499eae294a9ac2b39bd9d0270680f57bd6c5a67be5839feccc5380d09b92c6bc136eac83ccb3d6c5b3debe95cad61e28794e7902f1fc24edf66a5947;2025-06-15 23:34:00;25;NO CONTROLS;NO CONTROLS;CLEAR;DARKNESS, LIGHTED ROAD;REAR END;PARKING LOT;STRAIGHT AND LEVEL;DRY;NO DEFECTS;NO INJURY / DRIVE AWAY;;;OVER $1,500;UNDER THE INFLUENCE OF ALCOHOL/DRUGS (USE WHEN ARREST IS EFFECTED);UNDER THE INFLUENCE OF ALCOHOL/DRUGS (USE WHEN ARREST IS EFFECTED);2317;N;CICERO AVE;2522;;;;;;;2;NO INDICATION OF INJURY;0;0;0;0;0;2;0;23;1;6;41.9229310426;-87.7461194779;{'type': 'Point', 'coordinates': [-87.746119477943, 41.922931042554]};ON SCENE;2025-06-16T00:32:00.000
59bbc3f7a92f01dc74932f7f59fb81d55df5ef42337b36d725ec10d8a10fca2bca5aee7dcccc1698868bfc92cd2ecb703c883cdeae5e919648ece7bdae379497;2025-06-15 23:17:00;30;NO CONTROLS;NO CONTROLS;CLEAR;DARKNESS, LIGHTED ROAD;PARKED MOTOR VEHICLE;ONE-WAY;STRAIGHT AND LEVEL;DRY;NO DEFECTS;INJURY AND / OR TOW DUE TO CRASH;;;OVER $1,500;IMPROPER TURNING/NO SIGNAL;FAILING TO REDUCE SPEED TO AVOID CRASH;7901;S;AVALON AVE;411;;;;;;;4;REPORTED, NOT EVIDENT;1;0;0;0;1;0;0;23;1;6;41.7513108876;-87.594123519;{'type': 'Point', 'coordinates': [-87.594123518955, 41.751310887575]};ON SCENE;2025-06-15T23:30:00.000
091fea02edc9a80596d6316407ebc5b4fed21037878c72f5c2b639f4d6d84b12f2c603fb15931f3db52d66513581e662d85e4969a216c8aa5dab6735d74da16c;2025-06-15 23:10:00;30;TRAFFIC SIGNAL;FUNCTIONING PROPERLY;CLEAR;DARKNESS, LIGHTED ROAD;REAR END;DIVIDED - W/MEDIAN BARRIER;STRAIGHT AND LEVEL;DRY;NO DEFECTS;NO INJURY / DRIVE AWAY;Y;;OVER $1,500;FAILING TO REDUCE SPEED TO AVOID CRASH;FOLLOWING TOO CLOSELY;4759;N;WESTERN AVE;1911;;;;;;;2;NO INDICATION OF INJURY;0;0;0;0;0;2;0;23;1;6;41.9684681351;-87.6887563136;{'type': 'Point', 'coordinates': [-87.688756313644, 41.968468135052]};ON SCENE;2025-06-15T23:15:00.000
5976be22fbc01c8f42f863b2a439b938d167a557e35c936dc005bb9e0ec21659254b2a19c9a5ebec29f6d10a0e2c98277c7c389f82dd0dd46b5beaf43e11c492;2025-06-15 23:00:00;30;TRAFFIC SIGNAL;UNKNOWN;UNKNOWN;DARKNESS, LIGHTED ROAD;REAR END;FOUR WAY;STRAIGHT AND LEVEL;UNKNOWN;UNKNOWN;NO INJURY / DRIVE AWAY;;Y;OVER $1,500;DRIVING SKILLS/KNOWLEDGE/EXPERIENCE;UNABLE TO DETERMINE;1452;S;PULASKI RD;1011;;;;;;;2;NO INDICATION OF INJURY;0;0;0;0;0;2;0;23;1;6;41.8609545151;-87.7251643713;{'type': 'Point', 'coordinates': [-87.725164371267, 41.860954515128]};NOT ON SCENE (DESK REPORT);2025-06-16T00:05:00.000
d950169724cdb0ea10081fc1d07cb6600894c4aefd338f77b1cbf2045696f41d4068913b1b5e5bc0391f71cfeeff0f5082e32a48398e3a15209e6ee91e6c9d3f;2025-06-15 23:00:00;30;NO CONTROLS;NO CONTROLS;CLEAR;DARKNESS, LIGHTED ROAD;PEDESTRIAN;ONE-WAY;STRAIGHT AND LEVEL;DRY;UNKNOWN;INJURY AND / OR TOW DUE TO CRASH;;Y;$500 OR LESS;UNABLE TO DETERMINE;UNABLE TO DETERMINE;7511;S;UNION AVE;621;;;;;;;2;NONINCAPACITATING INJURY;1;0;0;1;0;1;0;23;1;6;41.7577022812;-87.6416349811;{'type': 'Point', 'coordinates': [-87.641634981091, 41.757702281168]};ON SCENE;2025-06-16T03:34:00.000
413a2c6ca0134ef13be6e7625026b91124714bcb3416dfab70625893592d4bc1e13e5f587996d5bcd923564ef60ec8d972eaa69d3874901f85dc4c14c107ef7f;2025-06-15 22:55:00;35;NO CONTROLS;NO CONTROLS;CLEAR;DARKNESS, LIGHTED ROAD;TURNING;NOT DIVIDED;STRAIGHT AND LEVEL;DRY;NO DEFECTS;NO INJURY / DRIVE AWAY;;;OVER $1,500;IMPROPER TURNING/NO SIGNAL;FAILING TO REDUCE SPEED TO AVOID CRASH;4006;N;PULASKI RD;1722;;;;;;;2;NO INDICATION OF INJURY;0;0;0;0;0;2;0;22;1;6;41.9539073165;-87.7277711332;{'type': 'Point', 'coordinates': [-87.727771133203, 41.95390731653]};NOT ON SCENE (DESK REPORT);2025-06-15T23:20:00.000
4349fd3901aeb8843732903e86fbafb86766e5f969d671ab4b914d1a494fd6fe0f9a28229efb06fa7d2032c2de63c5853465517f981bc4a49de0090c7e81cd4b;2025-06-15 22:55:00;30;UNKNOWN;UNKNOWN;CLEAR;DUSK;ANGLE;NOT DIVIDED;STRAIGHT AND LEVEL;DRY;UNKNOWN;NO INJURY / DRIVE AWAY;Y;;$501 - $1,500;UNABLE TO DETERMINE;NOT APPLICABLE;1300;W;WASHINGTON BLVD;1224;;;;;;;2;NO INDICATION OF INJURY;0;0;0;0;0;2;0;22;1;6;41.8830459194;-87.6597438459;{'type': 'Point', 'coordinates': [-87.659743845872, 41.883045919386]};NOT ON SCENE (DESK REPORT);2025-06-15T23:45:00.000
9e4187716f32f1d1ac652db8e8354eed8e58c245b44798a173f8c71d8d7897667d936d8cee0053499a50dadd9ef07f8e3a6f153d346a0683a32da01a3a786952;2025-06-15 22:50:00;35;NO CONTROLS;NO CONTROLS;CLEAR;DARKNESS, LIGHTED ROAD;TURNING;DIVIDED - W/MEDIAN BARRIER;STRAIGHT AND LEVEL;DRY;NO DEFECTS;INJURY AND / OR TOW DUE TO CRASH;;Y;OVER $1,500;IMPROPER OVERTAKING/PASSING;FOLLOWING TOO CLOSELY;2519;W;NORTH AVE;1423;;;;;;;2;NO INDICATION OF INJURY;0;0;0;0;0;3;0;22;1;6;41.9101764933;-87.6904399323;{'type': 'Point', 'coordinates': [-87.690439932286, 41.910176493282]};ON SCENE;2025-06-15T22:50:00.000
5bf856d5081df422c7a9f9b530a107e14d48334769aa606e7430f2dbfa678fd999474a32e80a528aeeee634048508cb6956204a94c881a99a7b987cc68e040d4;2025-06-15 22:47:00;30;NO CONTROLS;NO CONTROLS;UNKNOWN;DARKNESS, LIGHTED ROAD;PARKED MOTOR VEHICLE;ONE-WAY;STRAIGHT AND LEVEL;DRY;UNKNOWN;NO INJURY / DRIVE AWAY;N;Y;OVER $1,500;UNABLE TO DETERMINE;NOT APPLICABLE;1250;S;ALBANY AVE;1022;;;;;;;2;NO INDICATION OF INJURY;0;0;0;0;0;4;0;22;1;6;41.8649162865;-87.7032626899;{'type': 'Point', 'coordinates': [-87.703262689922, 41.864916286549]};NOT ON SCENE (DESK REPORT);2025-06-15T23:00:00.000
2568cc5c90c19435fb884b1c72a4c534215de347d60e23a635ff4d8985c697a7ed2fd01c24e08894c773c98a2e2cf053213b39a1e6ab4a1edcdcf544a3eff573;2025-06-15 22:45:00;10;NO CONTROLS;NO CONTROLS;CLEAR;DARKNESS, LIGHTED ROAD;PARKED MOTOR VEHICLE;PARKING LOT;STRAIGHT AND LEVEL;DRY;NO DEFECTS;NO INJURY / DRIVE AWAY;;;OVER $1,500;UNABLE TO DETERMINE;NOT APPLICABLE;9900;S;VINCENNES AVE;2213;;;;;;;2;NO INDICATION OF INJURY;0;0;0;0;0;2;0;22;1;6;41.7139794991;-87.6535123131;{'type': 'Point', 'coordinates': [-87.653512313106, 41.713979499108]};NOT ON SCENE (DESK REPORT);2025-06-16T14:40:00.000
beb9731e6ddd2ca344523bef1fd57786128b7cced53406a5c00dc90cec3d12eaba1d823df274ab6d6cbbd8047c559a5a6098e7d57dc12991affaf76ba993b3b3;2025-06-15 22:45:00;30;NO CONTROLS;NO CONTROLS;CLEAR;DARKNESS, LIGHTED ROAD;PARKED MOTOR VEHICLE;NOT DIVIDED;STRAIGHT AND LEVEL;DRY;NO DEFECTS;NO INJURY / DRIVE AWAY;;Y;OVER $1,500;IMPROPER BACKING;NOT APPLICABLE;3245;S;PRAIRIE AVE;211;;;;;;;2;NO INDICATION OF INJURY;0;0;0;0;0;2;0;22;1;6;41.8352133473;-87.6204857618;{'type': 'Point', 'coordinates': [-87.620485761785, 41.835213347331]};NOT ON SCENE (DESK REPORT);2025-06-16T14:20:00.000
12fb44831f37b6ad82a82296ef9058a4fba0401f4fd6b31c8b9842b9c00a2c99eb55e3ebb7caeb2cc33cc571c675bf269adf72e07e8030c50c4a1908419e844b;2025-06-15 22:39:00;30;TRAFFIC SIGNAL;FUNCTIONING PROPERLY;CLEAR;DARKNESS, LIGHTED ROAD;FIXED OBJECT;NOT DIVIDED;STRAIGHT AND LEVEL;DRY;NO DEFECTS;NO INJURY / DRIVE AWAY;Y;;OVER $1,500;FAILING TO REDUCE SPEED TO AVOID CRASH;IMPROPER LANE USAGE;1600;N;WESTERN AVE;1434;;;;;;;2;NO INDICATION OF INJURY;0;0;0;0;0;3;0;22;1;6;41.9104090236;-87.6873702684;{'type': 'Point', 'coordinates': [-87.687370268401, 41.910409023629]};ON SCENE;2025-06-15T23:12:00.000
0fc16fa532ed0e682ac32b627da097c9c7ff3678ee526290c61356eb7ec261622f693fb40fd79c9d716361b1ecdfe20c91d4693ab87e172a7f0e3643cd2c6a77;2025-06-15 22:30:00;30;NO CONTROLS;NO CONTROLS;CLEAR;DARKNESS, LIGHTED ROAD;PARKED MOTOR VEHICLE;DIVIDED - W/MEDIAN BARRIER;STRAIGHT AND LEVEL;DRY;NO DEFECTS;NO INJURY / DRIVE AWAY;;;$500 OR LESS;FAILING TO REDUCE SPEED TO AVOID CRASH;NOT APPLICABLE;320;N;MICHIGAN AVE;111;;;;;;;2;NO INDICATION OF INJURY;0;0;0;0;0;2;0;22;1;6;41.8872907063;-87.6246952832;{'type': 'Point', 'coordinates': [-87.624695283197, 41.88729070631]};ON SCENE;2025-06-15T22:54:00.000
fb1da3cb498f74590f77bd5834ea5d8a94c813534a58774fd4b0403c4922cca9d8f7aea4980f35ef800e9234235de0e8fb75317f821dc27097bf828d8ad1596a;2025-06-15 22:30:00;10;NO CONTROLS;NO CONTROLS;CLEAR;DARKNESS, LIGHTED ROAD;PARKED MOTOR VEHICLE;PARKING LOT;STRAIGHT AND LEVEL;DRY;UNKNOWN;NO INJURY / DRIVE AWAY;;Y;OVER $1,500;UNABLE TO DETERMINE;NOT APPLICABLE;7001;N;CLARK ST;2423;;;;;;;2;NO INDICATION OF INJURY;0;0;0;0;0;6;0;22;1;6;42.0090728171;-87.6738322306;{'type': 'Point', 'coordinates': [-87.673832230615, 42.009072817142]};NOT ON SCENE (DESK REPORT);2025-06-15T22:30:00.000
3acb2a3faff416320c13fdc8de997c58e4f2ca296897e9d03a350795a9af38a7c1e7435fa566a6c3737344569fd3dfb45947c1f6d3b04e32ce61206a0eb620c1;2025-06-15 22:25:00;30;NO CONTROLS;NO CONTROLS;CLEAR;DARKNESS;ANGLE;DRIVEWAY;STRAIGHT AND LEVEL;DRY;NO DEFECTS;NO INJURY / DRIVE AWAY;Y;;OVER $1,500;DISREGARDING TRAFFIC SIGNALS;NOT APPLICABLE;3010;W;WARREN BLVD;1222;;;;;;;2;NO INDICATION OF INJURY;0;0;0;0;0;2;0;22;1;6;41.882046632;-87.7017361445;{'type': 'Point', 'coordinates': [-87.701736144535, 41.88204663199]};NOT ON SCENE (DESK REPORT);2025-06-15T22:45:00.000
03bffdb01eecec83a88242179a4be3e4ee4b580b0cfb1d060b5ae3f29b85c9da833fea2d61c4d587925f14f70257c63f9ebfc3d98fdaa2924067e46be0fd265b;2025-06-15 22:00:00;30;TRAFFIC SIGNAL;FUNCTIONING PROPERLY;CLEAR;DARKNESS, LIGHTED ROAD;TURNING;FOUR WAY;STRAIGHT AND LEVEL;DRY;NO DEFECTS;INJURY AND / OR TOW DUE TO CRASH;;;OVER $1,500;IMPROPER LANE USAGE;UNABLE TO DETERMINE;700;S;CICERO AVE;1533;;;;;;;2;REPORTED, NOT EVIDENT;1;0;0;0;1;1;0;22;1;6;41.8720580505;-87.7450793431;{'type': 'Point', 'coordinates': [-87.745079343101, 41.872058050459]};ON SCENE;2025-06-15T22:14:00.000
4e1de7cc061f2b82b061ae64e6142a851bc04fd964e5b29cc01e5ea17d01dbf2aea59c5982a6da99e8507a56b9ca355733368c91a6745709141448a01d84df94;2025-06-15 22:00:00;30;NO CONTROLS;NO CONTROLS;CLEAR;DARKNESS, LIGHTED ROAD;TURNING;NOT DIVIDED;STRAIGHT AND LEVEL;DRY;NO DEFECTS;INJURY AND / OR TOW DUE TO CRASH;;;OVER $1,500;FAILING TO YIELD RIGHT-OF-WAY;IMPROPER TURNING/NO SIGNAL;1239;W;18TH ST;1233;;;;;;;2;NO INDICATION OF INJURY;0;0;0;0;0;2;0;22;1;6;41.8578177349;-87.6579610268;{'type': 'Point', 'coordinates': [-87.657961026816, 41.857817734893]};NOT ON SCENE (DESK REPORT);2025-06-15T23:00:00.000
d22ab905a5a0ad53c7e7026eb18be77d0655767ca4868644dc6ab31982dd09791c46d84907f286b0c9f6b6585d187b35e7e7f82750b23126c726df11577e13d4;2025-06-15 22:00:00;30;TRAFFIC SIGNAL;FUNCTIONING PROPERLY;CLEAR;DARKNESS, LIGHTED ROAD;SIDESWIPE SAME DIRECTION;FOUR WAY;STRAIGHT AND LEVEL;DRY;NO DEFECTS;NO INJURY / DRIVE AWAY;Y;;$501 - $1,500;DRIVING SKILLS/KNOWLEDGE/EXPERIENCE;UNABLE TO DETERMINE;5500;S;WENTWORTH AVE;225;;;;;;;2;NO INDICATION OF INJURY;0;0;0;0;0;2;0;22;1;6;;;;NOT ON SCENE (DESK REPORT);2025-06-16T12:55:00.000
8cef920d145da5da0e14278e6e030c31921116964ef81c28b2db425bc9656700d2b5d340fc9a8ce103bee8c8b3c0849b7b36d117ecdf41f728de8696e1f775dd;2025-06-15 21:53:00;20;NO CONTROLS;NO CONTROLS;CLEAR;DARKNESS, LIGHTED ROAD;PARKED MOTOR VEHICLE;ONE-WAY;STRAIGHT AND LEVEL;DRY;NO DEFECTS;INJURY AND / OR TOW DUE TO CRASH;;;OVER $1,500;EQUIPMENT - VEHICLE CONDITION;DRIVING SKILLS/KNOWLEDGE/EXPERIENCE;4715;W;VAN BUREN ST;1131;;;;;;;3;NO INDICATION OF INJURY;0;0;0;0;0;1;0;21;1;6;41.874934301;-87.7432825231;{'type': 'Point', 'coordinates': [-87.743282523128, 41.874934300974]};ON SCENE;2025-06-15T22:09:00.000
4260a548713b4cd89ccd61626cf99c3f5d9ee5f87934a71cccac25f4e098e14ddf26bfb3c675d7e92caf37b9b27c604cb3ad21ff76b3405f12e68841f2376f34;2025-06-15 21:46:00;30;TRAFFIC SIGNAL;FUNCTIONING PROPERLY;CLEAR;DARKNESS, LIGHTED ROAD;REAR END;DIVIDED - W/MEDIAN (NOT RAISED);STRAIGHT AND LEVEL;DRY;NO DEFECTS;NO INJURY / DRIVE AWAY;Y;Y;$501 - $1,500;FOLLOWING TOO CLOSELY;FOLLOWING TOO CLOSELY;1952;W;ARMITAGE AVE;1432;;;;;;;2;NO INDICATION OF INJURY;0;0;0;0;0;2;0;21;1;6;41.9178741763;-87.677311266;{'type': 'Point', 'coordinates': [-87.677311266014, 41.91787417634]};ON SCENE;2025-06-15T21:46:00.000
76e470e36a7e541df565af0534743f8e5e226b3519ca63da00b303d39e8b763b648f1682e0e7f955451b0dca47876b85059d119f01d66bcf4dd1332317ee849a;2025-06-15 21:45:00;30;NO CONTROLS;NO CONTROLS;CLEAR;DARKNESS;TURNING;NOT DIVIDED;STRAIGHT AND LEVEL;DRY;NO DEFECTS;INJURY AND / OR TOW DUE TO CRASH;;;OVER $1,500;FAILING TO YIELD RIGHT-OF-WAY;IMPROPER LANE USAGE;1130;W;79TH ST;612;;Y;;;;;2;NO INDICATION OF INJURY;0;0;0;0;0;3;0;21;1;6;41.7506248143;-87.652469612;{'type': 'Point', 'coordinates': [-87.652469611993, 41.750624814295]};ON SCENE;2025-06-16T00:02:00.000
18ad671fd228674bb55c955401b6ebcfe3ed9c9365e6255214793db93768910aef9bed2f878dc5c1c815397d826c7a3037888584e6f3e2da5367eab41f1106ae;2025-06-15 21:40:00;30;TRAFFIC SIGNAL;FUNCTIONING PROPERLY;CLEAR;DARKNESS, LIGHTED ROAD;REAR END;NOT DIVIDED;STRAIGHT AND LEVEL;DRY;NO DEFECTS;INJURY AND / OR TOW DUE TO CRASH;;Y;OVER $1,500;UNABLE TO DETERMINE;UNABLE TO DETERMINE;109;N;LARAMIE AVE;1532;;;;;;;2;REPORTED, NOT EVIDENT;1;0;0;0;1;2;0;21;1;6;41.8827814684;-87.7550084365;{'type': 'Point', 'coordinates': [-87.755008436535, 41.882781468427]};ON SCENE;2025-06-15T21:51:00.000
cd739d56a95ec637fc00343ab5205eaf2a2262a7f29b662dff6459bc8dba2bba742a8e8eef0072e5a9698c5e3ead1a603566282db194eeb948430e5842ea18da;2025-06-15 21:40:00;30;TRAFFIC SIGNAL;FUNCTIONING PROPERLY;CLEAR;DARKNESS, LIGHTED ROAD;REAR END;CENTER TURN LANE;STRAIGHT AND LEVEL;DRY;NO DEFECTS;NO INJURY / DRIVE AWAY;;Y;OVER $1,500;FAILING TO YIELD RIGHT-OF-WAY;NOT APPLICABLE;2001;W;83RD ST;614;;;;;;;2;NO INDICATION OF INJURY;0;0;0;0;0;3;0;21;1;6;41.7428328064;-87.6730211887;{'type': 'Point', 'coordinates': [-87.673021188691, 41.742832806352]};NOT ON SCENE (DESK REPORT);2025-06-15T21:48:00.000
03a040b58f63076084bb28cff01244d76e8e5bdc83fcfd1b5f4553047acbaeabb70f6c513464315abaa5a111de1d942ab5f6671239e6784925fdf2fcbaaf5ca5;2025-06-15 21:39:00;30;NO CONTROLS;NO CONTROLS;CLEAR;DARKNESS, LIGHTED ROAD;REAR END;NOT DIVIDED;STRAIGHT AND LEVEL;DRY;NO DEFECTS;NO INJURY / DRIVE AWAY;;;OVER $1,500;UNABLE TO DETERMINE;UNABLE TO DETERMINE;15;N;LARAMIE AVE;1533;;;;;;;2;NO INDICATION OF INJURY;0;0;0;0;0;2;0;21;1;6;41.8808474571;-87.7549356841;{'type': 'Point', 'coordinates': [-87.754935684139, 41.880847457107]};NOT ON SCENE (DESK REPORT);2025-06-15T22:00:00.000
09914e0daab6f0f0ff0aa5f06e8476eaf069c8ca9e5823c49b9ffae2a8acbe3b78fba313adba525939949b3d580024882cd64fa52879c0cd6186fdbd34cfe2c1;2025-06-15 21:32:00;30;NO CONTROLS;NO CONTROLS;CLEAR;DARKNESS, LIGHTED ROAD;SIDESWIPE SAME DIRECTION;ONE-WAY;STRAIGHT AND LEVEL;DRY;NO DEFECTS;INJURY AND / OR TOW DUE TO CRASH;;;OVER $1,500;IMPROPER TURNING/NO SIGNAL;NOT APPLICABLE;8301;S;STATE ST;632;;;;;;;2;NO INDICATION OF INJURY;0;0;0;0;0;3;0;21;1;6;41.7435662758;-87.6241827275;{'type': 'Point', 'coordinates': [-87.624182727532, 41.74356627583]};ON SCENE;2025-06-15T21:32:00.000
71b7d34ed8810180c2ea5c5e3882d3cbdfd9a7fd6c50bb15d597bbd0ee6a2dec8fb2d4ae3a5f8b817279ba06663817cf41f5806050e5bb293b82d762596052ac;2025-06-15 21:30:00;30;TRAFFIC SIGNAL;FUNCTIONING PROPERLY;CLEAR;DUSK;REAR TO SIDE;NOT DIVIDED;STRAIGHT AND LEVEL;DRY;NO DEFECTS;NO INJURY / DRIVE AWAY;Y;;$501 - $1,500;IMPROPER LANE USAGE;UNABLE TO DETERMINE;5929;S;COTTAGE GROVE AVE;235;;;;;;;2;NO INDICATION OF INJURY;0;0;0;0;0;2;0;21;1;6;41.7869205371;-87.6059082597;{'type': 'Point', 'coordinates': [-87.60590825966, 41.786920537075]};NOT ON SCENE (DESK REPORT);2025-06-15T22:00:00.000
88074b4df3a00eebf21bb3fc9f9762f15a0a4cca0886f4570cf3c3535e4632a0b50abb7eb6c68c66e7492c8b86a5ef6c512a41a77a7750ebd7e21d253f88f230;2025-06-15 21:29:00;30;NO CONTROLS;NO CONTROLS;CLEAR;DAYLIGHT;REAR END;NOT DIVIDED;STRAIGHT AND LEVEL;DRY;NO DEFECTS;INJURY AND / OR TOW DUE TO CRASH;;;OVER $1,500;UNABLE TO DETERMINE;UNABLE TO DETERMINE;3931;S;PULASKI RD;821;;;;;;;2;NONINCAPACITATING INJURY;1;0;0;1;0;3;0;21;1;6;41.8215375238;-87.7238680731;{'type': 'Point', 'coordinates': [-87.723868073055, 41.821537523764]};ON SCENE;2025-06-15T23:21:00.000
5e9c708da289b17443e98086f31c455a88020782149b5ea3347895ff13ee3fe249fc5e2daa3d7737744eb39cc59942a296f1c2ffcaa8395ca39339720db18393;2025-06-15 21:20:00;30;NO CONTROLS;NO CONTROLS;CLEAR;DARKNESS, LIGHTED ROAD;TURNING;NOT DIVIDED;STRAIGHT AND LEVEL;UNKNOWN;UNKNOWN;NO INJURY / DRIVE AWAY;;Y;OVER $1,500;UNABLE TO DETERMINE;UNABLE TO DETERMINE;2800;W;AUGUSTA BLVD;1211;;;;;;;2;NO INDICATION OF INJURY;0;0;0;0;0;2;0;21;1;6;41.8993923415;-87.6968548033;{'type': 'Point', 'coordinates': [-87.696854803293, 41.899392341511]};NOT ON SCENE (DESK REPORT);2025-06-15T21:55:00.000
2ee037a4afe6efc5e6a30860b13963a8a470c14f1c6335c0e88c8604ae9befcbd06935386d643acd9f612acb475b23bdacadd88e45579c7ddd9692e279fcdc74;2025-06-15 21:03:00;30;NO CONTROLS;NO CONTROLS;CLEAR;DARKNESS, LIGHTED ROAD;PARKED MOTOR VEHICLE;NOT DIVIDED;STRAIGHT AND LEVEL;DRY;NO DEFECTS;NO INJURY / DRIVE AWAY;;N;OVER $1,500;UNABLE TO DETERMINE;UNABLE TO DETERMINE;3028;W;POLK ST;1134;;;;;;;2;NO INDICATION OF INJURY;0;0;0;0;0;1;0;21;1;6;41.8711041749;-87.7021143843;{'type': 'Point', 'coordinates': [-87.70211438426, 41.871104174865]};ON SCENE;2025-06-15T21:03:00.000
c683d48791cd40c62a40eabec3b276f3bf3a8b0df9d39e91d42907a6e04abebab051a51e0effd9234aac8a468c1c79875f5bc0db5ad7712ee3c9b4282b3db662;2025-06-15 21:00:00;5;NO CONTROLS;NO CONTROLS;CLEAR;DARKNESS, LIGHTED ROAD;PARKED MOTOR VEHICLE;PARKING LOT;STRAIGHT AND LEVEL;DRY;NO DEFECTS;NO INJURY / DRIVE AWAY;;;$501 - $1,500;IMPROPER BACKING;UNABLE TO DETERMINE;2828;S;WENTWORTH AVE;914;;;;;;;2;NO INDICATION OF INJURY;0;0;0;0;0;1;0;21;1;6;41.8417228244;-87.6319181995;{'type': 'Point', 'coordinates': [-87.631918199496, 41.841722824371]};NOT ON SCENE (DESK REPORT);2025-06-15T22:45:00.000
db24fed09fe46ee9a903dcf7d9356f24df6f766b4dbb9e5de27113c6e02c7b357c795987ba6f179abaa4c69a8aeb108ef2443e15e0888158b578ba160c734aae;2025-06-15 21:00:00;30;NO CONTROLS;NO CONTROLS;CLEAR;DARKNESS, LIGHTED ROAD;PARKED MOTOR VEHICLE;ONE-WAY;STRAIGHT AND LEVEL;UNKNOWN;UNKNOWN;NO INJURY / DRIVE AWAY;;Y;$501 - $1,500;FOLLOWING TOO CLOSELY;UNABLE TO DETERMINE;4750;W;GLADYS AVE;1131;;;;;;;2;NO INDICATION OF INJURY;0;0;0;0;0;1;0;21;1;6;41.8760381933;-87.7446841325;{'type': 'Point', 'coordinates': [-87.744684132458, 41.876038193315]};ON SCENE;2025-06-15T21:13:00.000
34d332a1c9f9930698fde1c02d5fae8f60ce08586f81f3ae0b721880cddf6d46b8470861f714fc743e5e548709eefea6e1365487283eaf3908f8dceb742743c8;2025-06-15 20:56:00;30;STOP SIGN/FLASHER;FUNCTIONING PROPERLY;CLEAR;DARKNESS, LIGHTED ROAD;ANGLE;NOT DIVIDED;STRAIGHT AND LEVEL;DRY;NO DEFECTS;INJURY AND / OR TOW DUE TO CRASH;Y;;OVER $1,500;FAILING TO YIELD RIGHT-OF-WAY;NOT APPLICABLE;1301;W;LAKE ST;1224;;;;;;;2;REPORTED, NOT EVIDENT;1;0;0;0;1;1;0;20;1;6;41.8853609416;-87.6589503857;{'type': 'Point', 'coordinates': [-87.658950385707, 41.885360941563]};ON SCENE;2025-06-15T21:38:00.000
75352766a0a1e98f0fa1e9a38bde7190129734da65f92bf9266ec9a9f2cf48aaa093c1593f6ef03fd1d46a3a2fc4d31d935b4490488a10ec04a5ba218cdd1bcf;2025-06-15 20:50:00;30;NO CONTROLS;NO CONTROLS;CLEAR;DARKNESS, LIGHTED ROAD;PEDESTRIAN;NOT DIVIDED;STRAIGHT AND LEVEL;DRY;NO DEFECTS;INJURY AND / OR TOW DUE TO CRASH;;Y;OVER $1,500;FOLLOWING TOO CLOSELY;UNABLE TO DETERMINE;5201;W;GRAND AVE;2515;;;;;;;2;NONINCAPACITATING INJURY;1;0;0;1;0;1;0;20;1;6;41.9168399143;-87.7560359507;{'type': 'Point', 'coordinates': [-87.756035950733, 41.916839914318]};NOT ON SCENE (DESK REPORT);2025-06-15T22:45:00.000
b8080536744df8de5dc4a8f5dd8100f2a32bcf7cc4f448936a156dcddf6514f335ad3601fcf1fd83d6a26208ffea367cc4823a40d41986acf2094e0386ceeeb8;2025-06-15 20:43:00;30;TRAFFIC SIGNAL;FUNCTIONING PROPERLY;CLEAR;DAWN;PEDESTRIAN;NOT DIVIDED;STRAIGHT AND LEVEL;DRY;NO DEFECTS;INJURY AND / OR TOW DUE TO CRASH;;Y;OVER $1,500;FAILING TO YIELD RIGHT-OF-WAY;FAILING TO REDUCE SPEED TO AVOID CRASH;101;W;87TH ST;634;;;;;;;2;NONINCAPACITATING INJURY;1;0;0;1;0;1;0;20;1;6;41.7361543811;-87.6272403348;{'type': 'Point', 'coordinates': [-87.627240334777, 41.736154381113]};ON SCENE;2025-06-15T20:55:00.000
89b64e25ba14e34b397e07f9102e2f5ce8232dda375bcc0af743f4f5cfee8839c249258f07d92eb44c3647377feefc1d94932f877002dfe4a698eb0f7c0ae6b1;2025-06-15 20:40:00;30;TRAFFIC SIGNAL;FUNCTIONING PROPERLY;CLEAR;DARKNESS, LIGHTED ROAD;ANGLE;NOT DIVIDED;STRAIGHT AND LEVEL;DRY;NO DEFECTS;INJURY AND / OR TOW DUE TO CRASH;Y;Y;OVER $1,500;UNABLE TO DETERMINE;NOT APPLICABLE;1400;S;PULASKI RD;1011;;;;;;;2;REPORTED, NOT EVIDENT;1;0;0;0;1;1;0;20;1;6;41.8624282318;-87.7252029417;{'type': 'Point', 'coordinates': [-87.725202941651, 41.862428231757]};NOT ON SCENE (DESK REPORT);2025-06-15T22:40:00.000
0bde8f2e4b8f602001dffeffedd5c61200858f6c229185d90c9e753da6479ab7e16df617daae9bc733259b8ed5f89b8364a30d0e276465471ac46ecce496ac9b;2025-06-15 20:36:00;30;NO CONTROLS;NO CONTROLS;CLEAR;DARKNESS, LIGHTED ROAD;SIDESWIPE SAME DIRECTION;ONE-WAY;STRAIGHT AND LEVEL;DRY;WORN SURFACE;NO INJURY / DRIVE AWAY;;Y;OVER $1,500;OPERATING VEHICLE IN ERRATIC, RECKLESS, CARELESS, NEGLIGENT OR AGGRESSIVE MANNER;OPERATING VEHICLE IN ERRATIC, RECKLESS, CARELESS, NEGLIGENT OR AGGRESSIVE MANNER;5056;S;FEDERAL ST;224;;;;;;;2;NO INDICATION OF INJURY;0;0;0;0;0;2;0;20;1;6;41.8021003479;-87.6281897705;{'type': 'Point', 'coordinates': [-87.628189770494, 41.802100347939]};ON SCENE;2025-06-15T20:36:00.000
df3153043258ff5cbbaa4d3cfd8d7ac5cb09067f77e6e91f9c5bd035b944cff7aa7038d30d6e07b2210e31a6e925b39bef90a2ea62c134552a47383e6b6d84a2;2025-06-15 20:35:00;30;NO CONTROLS;NO CONTROLS;CLEAR;DAYLIGHT;REAR END;NOT DIVIDED;STRAIGHT AND LEVEL;DRY;NO DEFECTS;NO INJURY / DRIVE AWAY;;Y;$500 OR LESS;FOLLOWING TOO CLOSELY;FAILING TO REDUCE SPEED TO AVOID CRASH;4399;N;NARRAGANSETT AVE;1624;;;;;;;2;NO INDICATION OF INJURY;0;0;0;0;0;2;0;20;1;6;41.9601322897;-87.7866552492;{'type': 'Point', 'coordinates': [-87.786655249218, 41.960132289746]};ON SCENE;2025-06-15T21:06:00.000
17112c2db85fc55975bc583bd7b8886d18b1880b8fd905f4fe8bc8b2c91ad6f53672ce9d76f4fd2cbf4a0b6c04616dca0cf517cac72ffe8005b7bb4f3d4bf979;2025-06-15 20:30:00;30;NO CONTROLS;NO CONTROLS;CLEAR;DARKNESS, LIGHTED ROAD;TURNING;NOT DIVIDED;STRAIGHT AND LEVEL;DRY;NO DEFECTS;NO INJURY / DRIVE AWAY;;;OVER $1,500;IMPROPER TURNING/NO SIGNAL;NOT APPLICABLE;4446;W;NORTH AVE;2533;;;;;;;2;NO INDICATION OF INJURY;0;0;0;0;0;2;0;20;1;6;41.9098388291;-87.7380106202;{'type': 'Point', 'coordinates': [-87.738010620203, 41.909838829132]};NOT ON SCENE (DESK REPORT);2025-06-15T21:30:00.000
e565075dae79b1ed4698bfebf9fe0f9fe5883d7bcb31e8ea1ce46acfc02c0d16bd631351c2ae6707429b6020ab974b18f17733f2fece655af65043db43efa82f;2025-06-15 20:28:00;30;TRAFFIC SIGNAL;FUNCTIONING PROPERLY;CLEAR;DUSK;ANGLE;FOUR WAY;STRAIGHT AND LEVEL;DRY;NO DEFECTS;INJURY AND / OR TOW DUE TO CRASH;Y;Y;OVER $1,500;DISREGARDING TRAFFIC SIGNALS;NOT APPLICABLE;4900;S;ASHLAND AVE;931;;Y;;;;;2;NO INDICATION OF INJURY;0;0;0;0;0;5;0;20;1;6;41.8049486733;-87.6650130743;{'type': 'Point', 'coordinates': [-87.665013074287, 41.804948673338]};ON SCENE;2025-06-15T20:35:00.000
9957f9c81743ae0b33defbc200ec77d9872e5583caa9b4641a50d0b04e71daf56800ff20410647214c99632985a13391e3e4138a0bcf63cd0c8087413c7eb18e;2025-06-15 20:27:00;30;TRAFFIC SIGNAL;FUNCTIONING PROPERLY;CLEAR;DARKNESS;REAR END;DIVIDED - W/MEDIAN (NOT RAISED);STRAIGHT AND LEVEL;DRY;NO DEFECTS;INJURY AND / OR TOW DUE TO CRASH;;;OVER $1,500;FOLLOWING TOO CLOSELY;NOT APPLICABLE;4657;S;CICERO AVE;815;;;;;;;2;REPORTED, NOT EVIDENT;1;0;0;0;1;1;0;20;1;6;41.8077723383;-87.7430079072;{'type': 'Point', 'coordinates': [-87.743007907224, 41.807772338335]};NOT ON SCENE (DESK REPORT);2025-06-15T23:36:00.000
2527124f39bd46919c593bd086df3d81619c0b1fb9012c19804927795ab140457365fad193d461eba35cbb82a87d8f9f4ff5f9485e1e84f8fac9da3c385cbbc5;2025-06-15 20:25:00;30;STOP SIGN/FLASHER;FUNCTIONING PROPERLY;CLEAR;DAYLIGHT;SIDESWIPE SAME DIRECTION;FOUR WAY;STRAIGHT AND LEVEL;DRY;NO DEFECTS;INJURY AND / OR TOW DUE TO CRASH;;Y;OVER $1,500;IMPROPER LANE USAGE;UNABLE TO DETERMINE;12000;S;MICHIGAN AVE;532;;;;;;;2;REPORTED, NOT EVIDENT;1;0;0;0;1;5;0;20;1;6;41.6761840699;-87.6206030774;{'type': 'Point', 'coordinates': [-87.620603077426, 41.676184069855]};ON SCENE;2025-06-15T20:26:00.000
f3f15a5842cd0bf9ec94c1ba94e59dab28ec752a179689f9c1deb7d868ef604aabd7e63e7b7bff83d1cd3f7632132e596ede9e79146ef7b71e6a0b106ab45122;2025-06-15 20:13:00;30;NO CONTROLS;NO CONTROLS;CLEAR;DUSK;SIDESWIPE OPPOSITE DIRECTION;NOT DIVIDED;STRAIGHT AND LEVEL;DRY;NO DEFECTS;NO INJURY / DRIVE AWAY;;;$501 - $1,500;IMPROPER LANE USAGE;UNABLE TO DETERMINE;1898;E;67TH ST;331;;;;;;;2;NO INDICATION OF INJURY;0;0;0;0;0;2;0;20;1;6;41.7735285404;-87.5790135613;{'type': 'Point', 'coordinates': [-87.579013561344, 41.773528540399]};NOT ON SCENE (DESK REPORT);2025-06-15T21:13:00.000
31da828e296992fd7482ed044f17f6eb406962012b249cbe1639884f42a6336b1508605070076d421612700c4e6e939315da000edb093ddc50af0a388922a908;2025-06-15 20:04:00;30;TRAFFIC SIGNAL;FUNCTIONING PROPERLY;CLEAR;DAWN;PEDALCYCLIST;NOT DIVIDED;STRAIGHT AND LEVEL;DRY;NO DEFECTS;INJURY AND / OR TOW DUE TO CRASH;Y;;$501 - $1,500;IMPROPER TURNING/NO SIGNAL;IMPROPER TURNING/NO SIGNAL;750;W;MONTROSE AVE;1914;;;;;;;2;NONINCAPACITATING INJURY;1;0;0;1;0;2;0;20;1;6;41.9619578842;-87.6495039519;{'type': 'Point', 'coordinates': [-87.649503951913, 41.961957884192]};ON SCENE;2025-06-15T20:05:00.000
41d1f1142a1162f5c28899c9be54961a0590d83a155034421a9fce86b6d0ff3c3d9a6320003d3a179c5ee33e0e38212794a2b5154599dd352450607c71b52740;2025-06-15 20:00:00;15;NO CONTROLS;NO CONTROLS;CLEAR;DUSK;PARKED MOTOR VEHICLE;PARKING LOT;STRAIGHT AND LEVEL;DRY;NO DEFECTS;NO INJURY / DRIVE AWAY;;Y;OVER $1,500;UNABLE TO DETERMINE;NOT APPLICABLE;1515;W;CHICAGO AVE;1215;Y;;;;;;2;NO INDICATION OF INJURY;0;0;0;0;0;2;0;20;1;6;41.8959908368;-87.6655326262;{'type': 'Point', 'coordinates': [-87.66553262621, 41.89599083677]};NOT ON SCENE (DESK REPORT);2025-06-15T22:00:00.000
44210ef96e133ae01d4aa69898a743c1d7f6266e3e0f45e022b31fc37f0748f4c00f1d656cf3d71b3b6907790a68b8abecee1717a8528285190c8f2fda179a8c;2025-06-15 20:00:00;30;NO CONTROLS;NO CONTROLS;CLEAR;DARKNESS, LIGHTED ROAD;SIDESWIPE SAME DIRECTION;DIVIDED - W/MEDIAN (NOT RAISED);STRAIGHT AND LEVEL;DRY;NO DEFECTS;NO INJURY / DRIVE AWAY;;Y;OVER $1,500;IMPROPER LANE USAGE;NOT APPLICABLE;4756;S;KEDZIE AVE;821;;;;;;;2;NO INDICATION OF INJURY;0;0;0;0;0;2;0;20;1;6;41.8064604261;-87.7040748123;{'type': 'Point', 'coordinates': [-87.704074812339, 41.80646042608]};NOT ON SCENE (DESK REPORT);2025-06-15T22:30:00.000
9b588e0c912eb76d08dabc5d6e35081f120d6a19cf903a20fa1d81a40618fa4e30d23d0ef41c02acf78d2d6ae28981607aa55df7dde4cd9398fc4c4f645aa0a7;2025-06-15 19:36:00;25;UNKNOWN;NO CONTROLS;CLEAR;DAYLIGHT;PEDESTRIAN;CENTER TURN LANE;STRAIGHT AND LEVEL;DRY;UNKNOWN;INJURY AND / OR TOW DUE TO CRASH;;;$500 OR LESS;UNABLE TO DETERMINE;NOT APPLICABLE;700;W;FULLERTON AVE;1935;;Y;;;;;2;NONINCAPACITATING INJURY;1;0;0;1;0;1;0;19;1;6;41.9256023163;-87.6463817686;{'type': 'Point', 'coordinates': [-87.646381768559, 41.925602316253]};ON SCENE;2025-06-15T19:39:00.000
d0d1b79f88bdd071052bd4903caa660b822d78348034087cc1e550fb90106615c24fce85ef728758bf016ed138557db8f5a6bdbdc5cecf0c8917fe284b53da8e;2025-06-15 19:32:00;10;NO CONTROLS;NO CONTROLS;CLEAR;DUSK;REAR TO FRONT;ONE-WAY;STRAIGHT AND LEVEL;DRY;NO DEFECTS;NO INJURY / DRIVE AWAY;;Y;OVER $1,500;IMPROPER BACKING;NOT APPLICABLE;3321;N;OLEANDER AVE;1631;;;;;;;2;NO INDICATION OF INJURY;0;0;0;0;0;2;0;19;1;6;41.9402698799;-87.8152335181;{'type': 'Point', 'coordinates': [-87.815233518064, 41.940269879899]};NOT ON SCENE (DESK REPORT);2025-06-15T20:21:00.000
06abcee8ad64b911f7eb061d7b5e11760d14e8a0ce69750bca3108c98116f17ae301fab1acdc34b4c367c70254a485c0e658f208206ee7c48b42fda7bf1cba13;2025-06-15 19:30:00;30;UNKNOWN;UNKNOWN;CLEAR;DAYLIGHT;SIDESWIPE SAME DIRECTION;NOT DIVIDED;STRAIGHT AND LEVEL;UNKNOWN;UNKNOWN;NO INJURY / DRIVE AWAY;;;OVER $1,500;UNABLE TO DETERMINE;UNABLE TO DETERMINE;1157;W;ERIE ST;1214;;;;;;;2;NO INDICATION OF INJURY;0;0;0;0;0;2;0;19;1;6;41.8931740603;-87.6566780921;{'type': 'Point', 'coordinates': [-87.656678092112, 41.893174060268]};NOT ON SCENE (DESK REPORT);2025-06-15T20:20:00.000
2a34df49c4ac646ee67a7e3267103580692165b0403d855953e6779ca0452b8dcfb05ecd136143edf4a1d395719d1b66e487c6c5437ffdbbfa9e8d59613e6a63;2025-06-15 19:30:00;30;TRAFFIC SIGNAL;UNKNOWN;CLEAR;DAYLIGHT;ANGLE;FOUR WAY;STRAIGHT AND LEVEL;UNKNOWN;UNKNOWN;NO INJURY / DRIVE AWAY;;Y;OVER $1,500;UNABLE TO DETERMINE;UNABLE TO DETERMINE;800;N;LARAMIE AVE;1524;;;;;;;2;NO INDICATION OF INJURY;0;0;0;0;0;2;0;19;1;6;41.8950231464;-87.7557497823;{'type': 'Point', 'coordinates': [-87.755749782345, 41.895023146364]};NOT ON SCENE (DESK REPORT);2025-06-15T19:30:00.000
7f85a0a59892a6c7df1f386de1c851cb957b397e72de86afd28e98843f2fc51a63fbce6cc7f7233e4a5f16854a01f726a0964cfaf2ac62044cd6ffb74c3f8db1;2025-06-15 19:30:00;30;NO CONTROLS;NO CONTROLS;CLEAR;DAYLIGHT;SIDESWIPE SAME DIRECTION;NOT DIVIDED;STRAIGHT AND LEVEL;DRY;NO DEFECTS;NO INJURY / DRIVE AWAY;Y;;OVER $1,500;IMPROPER OVERTAKING/PASSING;IMPROPER OVERTAKING/PASSING;649;N;MILWAUKEE AVE;1214;;;;;;;2;NO INDICATION OF INJURY;0;0;0;0;0;2;0;19;1;6;41.8934367974;-87.6508424581;{'type': 'Point', 'coordinates': [-87.650842458094, 41.893436797379]};NOT ON SCENE (DESK REPORT);2025-06-15T20:25:00.000
65d077b686abec130e97ab0ddbaaa8bbf6cec1897449a4dae9c28d7827b922dfd321b66983456d3f406d1d9c10f7224cbe5007e27614c3d67d75705b467e5fb0;2025-06-15 19:20:00;30;TRAFFIC SIGNAL;FUNCTIONING PROPERLY;CLEAR;DAYLIGHT;TURNING;FOUR WAY;STRAIGHT AND LEVEL;DRY;NO DEFECTS;NO INJURY / DRIVE AWAY;N;Y;OVER $1,500;IMPROPER TURNING/NO SIGNAL;UNABLE TO DETERMINE;5731;N;LINCOLN AVE;2011;;;;;;;2;NO INDICATION OF INJURY;0;0;0;0;0;2;0;19;1;6;41.9856573201;-87.6991910517;{'type': 'Point', 'coordinates': [-87.699191051746, 41.985657320107]};NOT ON SCENE (DESK REPORT);2025-06-15T19:45:00.000
c7b2702ffa34e7941373c16c1d7c848ab0c9b5a5773e16831b4d8cb76380ed14d7d114d9fffc755ea72bc2e780ba3d7ced2a54844f4c2e0b04ccf216ead7f8ef;2025-06-15 19:14:00;25;NO CONTROLS;NO CONTROLS;CLEAR;DAYLIGHT;PARKED MOTOR VEHICLE;NOT DIVIDED;STRAIGHT AND LEVEL;DRY;NO DEFECTS;INJURY AND / OR TOW DUE TO CRASH;;;OVER $1,500;UNABLE TO DETERMINE;NOT APPLICABLE;2735;W;SEIPP ST;835;;;;;;;2;NONINCAPACITATING INJURY;1;0;0;1;0;0;0;19;1;6;41.7376585836;-87.6911251832;{'type': 'Point', 'coordinates': [-87.691125183225, 41.737658583584]};;2025-06-15T19:14:00.000
b58ce0bca8743770f529b454e5574043e85d78ca3f543223bad53dbdf5ec92183b43d9ee6ab1412e683b8f40d4448cb0745e9dfbb7d0cc8031912325d89e334a;2025-06-15 19:00:00;30;TRAFFIC SIGNAL;FUNCTIONING PROPERLY;CLEAR;DARKNESS, LIGHTED ROAD;PEDESTRIAN;ONE-WAY;STRAIGHT AND LEVEL;DRY;NO DEFECTS;INJURY AND / OR TOW DUE TO CRASH;N;Y;$500 OR LESS;UNABLE TO DETERMINE;UNABLE TO DETERMINE;8801;S;STATE ST;632;;;;;;;2;NONINCAPACITATING INJURY;1;0;0;1;0;1;0;19;1;6;41.7344398803;-87.6239703374;{'type': 'Point', 'coordinates': [-87.623970337398, 41.734439880325]};NOT ON SCENE (DESK REPORT);2025-06-16T00:55:00.000
ad67a6b8e9af57eef696c914c50e5287c022f3bd6b7834033c8ac9bb8ae63dcedcd6187137cd453fc6e827eb8e345c5810d686564e87b6a5a2a532c8e3af5fa1;2025-06-15 18:52:00;30;NO CONTROLS;NO CONTROLS;CLEAR;DAYLIGHT;PARKED MOTOR VEHICLE;NOT DIVIDED;STRAIGHT AND LEVEL;DRY;NO DEFECTS;INJURY AND / OR TOW DUE TO CRASH;;;OVER $1,500;UNABLE TO DETERMINE;NOT APPLICABLE;4504;N;MAGNOLIA AVE;1913;;;;;;;3;NO INDICATION OF INJURY;0;0;0;0;0;1;0;18;1;6;41.963725599;-87.6611410678;{'type': 'Point', 'coordinates': [-87.661141067808, 41.963725599038]};;2025-06-15T18:52:00.000
b3583a3568d946494b90fc0014afb9938cda82df22f0ff88eeb9fd9c71c369333f8cd3b28d5a08277507aa8e85ee0190c93ddd68c26a518511f25c51e9ba03d8;2025-06-15 18:50:00;30;NO CONTROLS;NO CONTROLS;CLEAR;DAYLIGHT;TURNING;NOT DIVIDED;STRAIGHT AND LEVEL;DRY;NO DEFECTS;NO INJURY / DRIVE AWAY;;;OVER $1,500;FAILING TO YIELD RIGHT-OF-WAY;IMPROPER LANE USAGE;810;W;MONROE ST;1232;;;;;;;2;NO INDICATION OF INJURY;0;0;0;0;0;3;0;18;1;6;41.880593704;-87.6478799572;{'type': 'Point', 'coordinates': [-87.647879957152, 41.880593703995]};NOT ON SCENE (DESK REPORT);2025-06-15T19:50:00.000
dfdafed330a255fe2367983c30fa99ca1aa748a1b5ba6b9ccde10b30529f70c57a0d6e1463e1aaf2f1c7af257d3a280c68f7dbff13d99667bf1ae7552ea83662;2025-06-15 18:50:00;10;NO CONTROLS;NO CONTROLS;CLEAR;DAYLIGHT;PARKED MOTOR VEHICLE;OTHER;STRAIGHT AND LEVEL;DRY;WORN SURFACE;NO INJURY / DRIVE AWAY;;;$501 - $1,500;IMPROPER BACKING;NOT APPLICABLE;3400;S;ARCHER AVE;912;;;;;;;2;NO INDICATION OF INJURY;0;0;0;0;0;1;0;18;1;6;41.8322335756;-87.6748711646;{'type': 'Point', 'coordinates': [-87.674871164632, 41.832233575624]};ON SCENE;2025-06-15T19:25:00.000
9e7782e7deebe60576777e674bb17611337e0f2d095e1b1824088a917a86d19edbf8a5a05ec213d2ebd31c98c391697ac7d8d82d695956e94d50a18e0f597c70;2025-06-15 18:44:00;30;TRAFFIC SIGNAL;FUNCTIONING PROPERLY;CLEAR;DAYLIGHT;HEAD ON;NOT DIVIDED;STRAIGHT AND LEVEL;DRY;NO DEFECTS;INJURY AND / OR TOW DUE TO CRASH;;Y;OVER $1,500;FAILING TO YIELD RIGHT-OF-WAY;IMPROPER TURNING/NO SIGNAL;1013;N;SACRAMENTO AVE;1211;;;;;;;2;REPORTED, NOT EVIDENT;1;0;0;0;1;2;0;18;1;6;41.8996677216;-87.7015832772;{'type': 'Point', 'coordinates': [-87.7015832772, 41.89966772163]};;2025-06-15T18:45:00.000
de820cc355741fa4e933771425738c81c8be0faea5eeadf7876bf8db6d8529271c652ba070cf3da5afd90c5a5ed52208fd448348aa4ecc7424a9cd051b14ab34;2025-06-15 18:30:00;15;NO CONTROLS;NO CONTROLS;CLEAR;DAYLIGHT;SIDESWIPE SAME DIRECTION;DRIVEWAY;STRAIGHT AND LEVEL;UNKNOWN;UNKNOWN;NO INJURY / DRIVE AWAY;;;OVER $1,500;UNABLE TO DETERMINE;UNABLE TO DETERMINE;151;E;WACKER DR;114;;;;;;;2;NO INDICATION OF INJURY;0;0;0;0;0;4;0;18;1;6;41.8879998873;-87.6225651326;{'type': 'Point', 'coordinates': [-87.62256513256, 41.887999887349]};NOT ON SCENE (DESK REPORT);2025-06-15T20:30:00.000
15aa6691ac1791756ba7ea9bd7624582ecdf399c6066d4ebfc47cc9531c0d120eec974ab94c65b94cb176a231a2659a80231a2e92345a23279aa1e480ee1aadb;2025-06-15 18:28:00;30;NO CONTROLS;NO CONTROLS;CLEAR;DARKNESS;OVERTURNED;RAMP;CURVE, LEVEL;DRY;NO DEFECTS;INJURY AND / OR TOW DUE TO CRASH;;;OVER $1,500;UNDER THE INFLUENCE OF ALCOHOL/DRUGS (USE WHEN ARREST IS EFFECTED);NOT APPLICABLE;13000;S;BISHOP FORD EXPY OB;533;;;;;;;1;NO INDICATION OF INJURY;0;0;0;0;0;1;0;18;1;6;41.660213009;-87.5893020375;{'type': 'Point', 'coordinates': [-87.589302037468, 41.66021300898]};ON SCENE;2025-06-15T18:28:00.000
d31fe596f3c7b5b05918dfa6d05039134e4359e4f269776943444bac2f2ebd492d6f563f05bf630929314695af7ea4c343a5aba478202d085efe175f61b20cb5;2025-06-15 18:20:00;30;TRAFFIC SIGNAL;FUNCTIONING PROPERLY;CLEAR;DAYLIGHT;TURNING;NOT DIVIDED;STRAIGHT AND LEVEL;DRY;NO DEFECTS;INJURY AND / OR TOW DUE TO CRASH;Y;Y;OVER $1,500;IMPROPER TURNING/NO SIGNAL;NOT APPLICABLE;798;W;99TH ST;2232;;;;;;;2;NO INDICATION OF INJURY;0;0;0;0;0;3;0;18;1;6;41.7143243683;-87.6429440279;{'type': 'Point', 'coordinates': [-87.642944027873, 41.714324368329]};ON SCENE;2025-06-15T18:22:00.000
1cc9b5903222ef114e3d69751582c246890a2d5e874b7d601ae071848ada68df390050a401f830effc0752fe8cfb826806b100f317952f729f6811b60db8b5e7;2025-06-15 18:15:00;30;NO CONTROLS;NO CONTROLS;CLEAR;DAYLIGHT;TURNING;ONE-WAY;STRAIGHT AND LEVEL;DRY;NO DEFECTS;NO INJURY / DRIVE AWAY;;;OVER $1,500;FAILING TO YIELD RIGHT-OF-WAY;UNABLE TO DETERMINE;100;N;DESPLAINES ST;121;;;;;;;2;NO INDICATION OF INJURY;0;0;0;0;0;3;0;18;1;6;41.8831915921;-87.644313714;{'type': 'Point', 'coordinates': [-87.64431371401, 41.883191592079]};NOT ON SCENE (DESK REPORT);2025-06-15T21:30:00.000
54e2c2b94074831a1966d1411f05495bed46ccfa111b00f5df2624b8b42185546d2ebc8f86f3d80876495f0b680eed2e326299173dc25885c95250258ced279c;2025-06-15 18:15:00;30;NO CONTROLS;NO CONTROLS;CLEAR;DAWN;ANGLE;NOT DIVIDED;STRAIGHT AND LEVEL;UNKNOWN;UNKNOWN;INJURY AND / OR TOW DUE TO CRASH;;;OVER $1,500;FAILING TO YIELD RIGHT-OF-WAY;FAILING TO YIELD RIGHT-OF-WAY;6700;S;JEFFERY BLVD;332;;;;;;;2;REPORTED, NOT EVIDENT;1;0;0;0;1;1;0;18;1;6;41.7733684085;-87.5766385522;{'type': 'Point', 'coordinates': [-87.576638552177, 41.773368408547]};NOT ON SCENE (DESK REPORT);2025-06-15T20:00:00.000
f5eda24700a009278ce1df0bc2c1c2e644c0248915f21accfcee00b1519eb1e1d3c95b050c55f179d1b713385793d2c04b1b1d9a0cd5758bce3ef0ac9a1fe3c9;2025-06-15 18:13:00;30;UNKNOWN;UNKNOWN;CLEAR;DAYLIGHT;REAR END;NOT DIVIDED;STRAIGHT AND LEVEL;DRY;UNKNOWN;NO INJURY / DRIVE AWAY;;Y;OVER $1,500;UNABLE TO DETERMINE;UNABLE TO DETERMINE;1;S;HALSTED ST;1232;;;;;;;2;NO INDICATION OF INJURY;0;0;0;0;0;2;0;18;1;6;41.8817170556;-87.6472105392;{'type': 'Point', 'coordinates': [-87.647210539206, 41.881717055619]};NOT ON SCENE (DESK REPORT);2025-06-15T18:45:00.000
d13dd426b3fe71c7079a483ff4823d979ebd72e74f79d66439d40a167af27b12b3ee8d1fea30ce6684036c15d8846ad3ea1f518dcf032e925513d8ef5df0f7cc;2025-06-15 18:05:00;30;NO CONTROLS;NO CONTROLS;CLEAR;DAYLIGHT;REAR END;NOT DIVIDED;STRAIGHT AND LEVEL;DRY;NO DEFECTS;NO INJURY / DRIVE AWAY;;Y;$501 - $1,500;FOLLOWING TOO CLOSELY;NOT APPLICABLE;1550;W;119TH ST;524;;;;;;;2;NO INDICATION OF INJURY;0;0;0;0;0;2;0;18;1;6;41.6776611842;-87.6609762777;{'type': 'Point', 'coordinates': [-87.660976277662, 41.677661184242]};NOT ON SCENE (DESK REPORT);2025-06-15T19:37:00.000
ea0d542001bef0de372011d5e8a7612463ecac44e5f29ffc84e60e49d5ab3668c4a420fb8d67325f2062fe94ad7d2c744afc619b694fb7ce6dad4b1292fc032b;2025-06-15 18:00:00;35;TRAFFIC SIGNAL;FUNCTIONING PROPERLY;CLEAR;DAYLIGHT;TURNING;FOUR WAY;STRAIGHT AND LEVEL;DRY;NO DEFECTS;NO INJURY / DRIVE AWAY;;Y;OVER $1,500;UNABLE TO DETERMINE;UNABLE TO DETERMINE;8700;S;STATE ST;632;;;;;;;2;NO INDICATION OF INJURY;0;0;0;0;0;2;0;18;1;6;41.7362094694;-87.6243055191;{'type': 'Point', 'coordinates': [-87.624305519124, 41.736209469449]};ON SCENE;2025-06-15T18:05:00.000
1226520bb5a8da5925ec99e804dd80ce6566427377676959b59f38c79056d70cf2e8e9fb59cb6dfb8463c85e80610f85c21f75d773cce08b6339e3596c05e599;2025-06-15 17:58:00;15;NO CONTROLS;NO CONTROLS;CLEAR;DAYLIGHT;OTHER OBJECT;PARKING LOT;STRAIGHT AND LEVEL;DRY;NO DEFECTS;NO INJURY / DRIVE AWAY;;;OVER $1,500;UNABLE TO DETERMINE;UNABLE TO DETERMINE;10;N;KILBOURN AVE;1113;;;;;;;1;NO INDICATION OF INJURY;0;0;0;0;0;2;0;17;1;6;41.8809089548;-87.7380851734;{'type': 'Point', 'coordinates': [-87.738085173434, 41.880908954759]};ON SCENE;2025-06-15T18:26:00.000
cda3dd3b7da34a7438ff91f035148d6a0d739a9e50378e6080870f59be7d03c3267da7ffe16c78964409070680a1192cef253bb752a808864738dd7a582129f8;2025-06-15 17:55:00;30;NO CONTROLS;NO CONTROLS;CLEAR;DAYLIGHT;ANGLE;NOT DIVIDED;STRAIGHT AND LEVEL;DRY;NO DEFECTS;INJURY AND / OR TOW DUE TO CRASH;;Y;OVER $1,500;IMPROPER OVERTAKING/PASSING;NOT APPLICABLE;768;N;MILWAUKEE AVE;1214;;;;;;;2;REPORTED, NOT EVIDENT;1;0;0;0;1;1;0;17;1;6;41.8957589322;-87.6548962152;{'type': 'Point', 'coordinates': [-87.654896215233, 41.895758932202]};ON SCENE;2025-06-15T17:57:00.000
a73ad9ba6adb9eef966fb6f061c430eb99861e7485d8ecbef3a62181aa06e7250faa2f32bb73e6ccf99fe83e63269b79b59201f451fba39f7cf03103b09fbf03;2025-06-15 17:40:00;30;NO CONTROLS;NO CONTROLS;CLEAR;DAYLIGHT;SIDESWIPE SAME DIRECTION;DIVIDED - W/MEDIAN (NOT RAISED);STRAIGHT AND LEVEL;DRY;NO DEFECTS;NO INJURY / DRIVE AWAY;;;OVER $1,500;IMPROPER LANE USAGE;UNABLE TO DETERMINE;8228;S;HALSTED ST;613;;;;;;;2;NO INDICATION OF INJURY;0;0;0;0;0;2;0;17;1;6;41.7442995885;-87.6440038433;{'type': 'Point', 'coordinates': [-87.644003843276, 41.744299588482]};NOT ON SCENE (DESK REPORT);2025-06-15T19:20:00.000
c2293048dd4087ef50ace3c9a3a08411ef9fcb66cdce94c04b1a6ef1f2ed785352d33682aa87af721256c7c2bcf0731fb84750754528c473fa2803211e461136;2025-06-15 17:25:00;30;NO CONTROLS;NO CONTROLS;CLEAR;DAYLIGHT;REAR TO SIDE;NOT DIVIDED;STRAIGHT AND LEVEL;DRY;NO DEFECTS;NO INJURY / DRIVE AWAY;;;OVER $1,500;IMPROPER BACKING;IMPROPER BACKING;4747;N;PULASKI RD;1723;;;;;;;2;NO INDICATION OF INJURY;0;0;0;0;0;2;0;17;1;6;41.9678098307;-87.7278676229;{'type': 'Point', 'coordinates': [-87.727867622948, 41.967809830722]};NOT ON SCENE (DESK REPORT);2025-06-15T18:15:00.000
bdc8779c149f03397803657bb29ec6debe204440767467f5aed2067d000504268245b60861f23ae3287007fe45b31e02e4ba7b630d49e3620b6ef9007534da5f;2025-06-15 17:22:00;30;UNKNOWN;UNKNOWN;UNKNOWN;UNKNOWN;SIDESWIPE SAME DIRECTION;UNKNOWN;STRAIGHT AND LEVEL;UNKNOWN;UNKNOWN;NO INJURY / DRIVE AWAY;;Y;OVER $1,500;UNABLE TO DETERMINE;NOT APPLICABLE;101;N;SACRAMENTO BLVD;1222;;;;;;;2;NO INDICATION OF INJURY;0;0;0;0;0;3;0;17;1;6;41.8829102452;-87.701108631;{'type': 'Point', 'coordinates': [-87.701108631012, 41.88291024516]};NOT ON SCENE (DESK REPORT);2025-06-15T18:20:00.000
29339c906ac46c66b4f7d04dd70d4a31fbe4d1d3935ade7a4c12cf511b09d74b6b40acb5799e94639a1bd9cbf29fd1502daa8dc42801615bdfa4456a8ab3fde8;2025-06-15 17:20:00;30;NO CONTROLS;NO CONTROLS;CLEAR;DAYLIGHT;TURNING;DIVIDED - W/MEDIAN (NOT RAISED);STRAIGHT AND LEVEL;UNKNOWN;UNKNOWN;NO INJURY / DRIVE AWAY;;;$501 - $1,500;UNABLE TO DETERMINE;UNABLE TO DETERMINE;711;W;MADISON ST;1232;;;;;;;2;NO INDICATION OF INJURY;0;0;0;0;0;2;0;17;1;6;41.881682627;-87.6461067373;{'type': 'Point', 'coordinates': [-87.646106737299, 41.881682627015]};NOT ON SCENE (DESK REPORT);2025-06-15T19:30:00.000
87d7c50d06fa07292ec273a9d24dbbb0315be615a741314a4f245a6836345924b4dad154288968cc4fb55c26f331976808b240b053ff1b893512b29d99ff87f3;2025-06-15 17:20:00;30;TRAFFIC SIGNAL;FUNCTIONING PROPERLY;CLEAR;DAYLIGHT;TURNING;DIVIDED - W/MEDIAN (NOT RAISED);STRAIGHT AND LEVEL;DRY;UNKNOWN;NO INJURY / DRIVE AWAY;;Y;$501 - $1,500;UNABLE TO DETERMINE;UNABLE TO DETERMINE;259;S;SACRAMENTO BLVD;1124;;;;;;;2;NO INDICATION OF INJURY;0;0;0;0;0;2;0;17;1;6;41.8774235644;-87.700962173;{'type': 'Point', 'coordinates': [-87.700962173019, 41.877423564378]};NOT ON SCENE (DESK REPORT);2025-06-15T17:40:00.000
919984659f9fc1271af596bb998b20a048a18696d4b1ac2eb607331bb5664459415206d89a33c0d220cecbdac504640378020b3fd69cde3f06495d531200d2c4;2025-06-15 17:17:00;30;TRAFFIC SIGNAL;FUNCTIONING PROPERLY;CLEAR;DAYLIGHT;REAR END;DIVIDED - W/MEDIAN (NOT RAISED);STRAIGHT AND LEVEL;DRY;NO DEFECTS;INJURY AND / OR TOW DUE TO CRASH;;;$501 - $1,500;FAILING TO REDUCE SPEED TO AVOID CRASH;FOLLOWING TOO CLOSELY;8058;S;HALSTED ST;621;;;;;;;3;NO INDICATION OF INJURY;0;0;0;0;0;4;0;17;1;6;41.7470860989;-87.6440843829;{'type': 'Point', 'coordinates': [-87.64408438293, 41.747086098941]};ON SCENE;2025-06-15T17:21:00.000
ea3f7476e63d5e5cb65959d57af028c2330cca7c47c03fc4b8247390e3189d8317484a6234475691e8c9928756d97270cb212676223496e5612946da2e9c5b67;2025-06-15 17:15:00;30;NO CONTROLS;NO CONTROLS;CLEAR;DAYLIGHT;SIDESWIPE SAME DIRECTION;ONE-WAY;STRAIGHT AND LEVEL;DRY;UNKNOWN;INJURY AND / OR TOW DUE TO CRASH;;;$500 OR LESS;UNABLE TO DETERMINE;UNABLE TO DETERMINE;821;W;JACKSON BLVD;1232;;;;;;;2;NO INDICATION OF INJURY;0;0;0;0;0;2;0;17;1;6;41.8778239845;-87.6481744594;{'type': 'Point', 'coordinates': [-87.648174459414, 41.877823984472]};ON SCENE;2025-06-15T18:30:00.000
c0cae815598bf5c94fecee7450ae60fc27e4b3fcf2c5a87b4727e843e08207f913b1dde713e9c7660314937105a793dbcdbd15c5805ab878b8e3bd1cc0d1fa05;2025-06-15 17:12:00;30;NO CONTROLS;NO CONTROLS;CLEAR;DAYLIGHT;ANGLE;OTHER;STRAIGHT AND LEVEL;DRY;UNKNOWN;INJURY AND / OR TOW DUE TO CRASH;;;OVER $1,500;FAILING TO YIELD RIGHT-OF-WAY;NOT APPLICABLE;2333;W;JACKSON BLVD;1225;;;;;;;2;NO INDICATION OF INJURY;0;0;0;0;0;5;0;17;1;6;41.8774528982;-87.6851408872;{'type': 'Point', 'coordinates': [-87.685140887208, 41.877452898243]};ON SCENE;2025-06-15T17:22:00.000
23bf19f8e169532822e62e87d6b511d076f6f7f0becedc61f52e1eee80ad3910bf9294a7f3aee1db451d31ed65dbcaeef108ee9b60d70b83ad79207d8ce6e078;2025-06-15 17:10:00;20;TRAFFIC SIGNAL;FUNCTIONING PROPERLY;CLEAR;DAYLIGHT;ANGLE;ONE-WAY;STRAIGHT AND LEVEL;DRY;NO DEFECTS;NO INJURY / DRIVE AWAY;;;OVER $1,500;FAILING TO YIELD RIGHT-OF-WAY;NOT APPLICABLE;3547;N;PLAINFIELD AVE;1631;;;;;;;2;NO INDICATION OF INJURY;0;0;0;0;0;2;0;17;1;6;41.9443334674;-87.8337583435;{'type': 'Point', 'coordinates': [-87.83375834349, 41.944333467375]};ON SCENE;2025-06-15T17:18:00.000
3e30caf43242f4c6146603bf7d84a38ace4f7f19142fc585c6689f060602a65af0875972a104fda6b11b276d7df91fc5a4efe909c3df0f239379287a9405a2d2;2025-06-15 17:10:00;30;TRAFFIC SIGNAL;FUNCTIONING PROPERLY;CLEAR;DAYLIGHT;REAR END;FOUR WAY;STRAIGHT AND LEVEL;DRY;NO DEFECTS;INJURY AND / OR TOW DUE TO CRASH;;;OVER $1,500;UNABLE TO DETERMINE;UNABLE TO DETERMINE;9301;S;STONY ISLAND AVE;413;;;;;;;2;REPORTED, NOT EVIDENT;1;0;0;0;1;1;0;17;1;6;41.725895797;-87.5848243152;{'type': 'Point', 'coordinates': [-87.584824315172, 41.725895796966]};NOT ON SCENE (DESK REPORT);2025-06-15T18:30:00.000
2317a60531fe8c5b5abafc9b1cd907be7350a0d123edd08624d0cdbdf6fe6402d1680c36f77e09552878e9c88f60853bcb01cc3cf3929e0767f6cdad2f2ff663;2025-06-15 17:05:00;30;NO CONTROLS;NO CONTROLS;CLEAR;DAYLIGHT;TURNING;DIVIDED - W/MEDIAN (NOT RAISED);STRAIGHT AND LEVEL;DRY;NO DEFECTS;NO INJURY / DRIVE AWAY;;Y;$501 - $1,500;UNABLE TO DETERMINE;NOT APPLICABLE;3640;N;ELSTON AVE;1733;;;;;;;2;NO INDICATION OF INJURY;0;0;0;0;0;2;0;17;1;6;41.9473499869;-87.7101222878;{'type': 'Point', 'coordinates': [-87.710122287831, 41.947349986872]};ON SCENE;2025-06-15T17:09:00.000
3ca62aa8362ea638f20ba47009df7dfaf0f3c725e4615200185780dea6ebd8c61af5effaa6c8f2f8c7c3b98f9ef3a4be88011a738f632d8741ecbc9666840b39;2025-06-15 17:05:00;15;NO CONTROLS;NO CONTROLS;CLEAR;DAYLIGHT;PARKED MOTOR VEHICLE;ALLEY;STRAIGHT AND LEVEL;DRY;UNKNOWN;INJURY AND / OR TOW DUE TO CRASH;;;OVER $1,500;UNDER THE INFLUENCE OF ALCOHOL/DRUGS (USE WHEN ARREST IS EFFECTED);NOT APPLICABLE;3236;N;NATCHEZ AVE;1632;;;;;;;3;NONINCAPACITATING INJURY;1;0;0;1;0;1;0;17;1;6;41.9393886241;-87.7886803395;{'type': 'Point', 'coordinates': [-87.788680339496, 41.939388624063]};ON SCENE;2025-06-15T17:06:00.000
154d98634e23ad6c15deafe3d1226e4024fa902d8b0282e26ba9fe96cd7afa5f53f44c67a1df46af32668aa3518f177d35d9b2cb1b255978d8cfa3a09717df41;2025-06-15 17:01:00;15;NO CONTROLS;NO CONTROLS;UNKNOWN;DAYLIGHT;PARKED MOTOR VEHICLE;PARKING LOT;STRAIGHT ON GRADE;UNKNOWN;UNKNOWN;NO INJURY / DRIVE AWAY;;Y;$501 - $1,500;UNABLE TO DETERMINE;NOT APPLICABLE;938;W;NELSON ST;1933;;;;;;;2;NO INDICATION OF INJURY;0;0;0;0;0;1;0;17;1;6;41.9373055105;-87.653183256;{'type': 'Point', 'coordinates': [-87.653183255996, 41.93730551048]};NOT ON SCENE (DESK REPORT);2025-06-16T14:00:00.000
0b1356eabee1ee500fa6b74d2d8bc7dd516ed5a6e26444dd293606b9e365df4ffdd792a4f6253ed59d582285e014bdf0b4ed3c62cada23be411b060a583e97d8;2025-06-15 17:00:00;30;STOP SIGN/FLASHER;FUNCTIONING PROPERLY;CLEAR;DAYLIGHT;PEDESTRIAN;NOT DIVIDED;STRAIGHT AND LEVEL;DRY;NO DEFECTS;INJURY AND / OR TOW DUE TO CRASH;Y;Y;OVER $1,500;DISREGARDING STOP SIGN;DISREGARDING STOP SIGN;2501;W;DIVISION ST;1211;;;;;;;2;NONINCAPACITATING INJURY;1;0;0;1;0;1;0;17;1;6;41.9028824157;-87.689548625;{'type': 'Point', 'coordinates': [-87.689548624987, 41.902882415674]};ON SCENE;2025-06-15T17:00:00.000
4e5788afbfd29f26f970b1ee79ba2a1ce6a00026d39aff044041c57fd1019886085c4dfefe86f0638ccb8ac8ec41fd13b8deaf19cbfe6c07595b8030d9dbf11a;2025-06-15 16:57:00;30;TRAFFIC SIGNAL;FUNCTIONING PROPERLY;CLEAR;DAYLIGHT;REAR END;NOT DIVIDED;STRAIGHT AND LEVEL;DRY;NO DEFECTS;INJURY AND / OR TOW DUE TO CRASH;;;OVER $1,500;FAILING TO YIELD RIGHT-OF-WAY;NOT APPLICABLE;7900;S;COLFAX AVE;422;;;;;;;2;REPORTED, NOT EVIDENT;1;0;0;0;1;1;0;16;1;6;41.751702707;-87.5615312176;{'type': 'Point', 'coordinates': [-87.561531217551, 41.751702706966]};ON SCENE;2025-06-15T16:57:00.000
067504739b9db80a0fefcefcc4110fe21cf66ea2b61ba653209db081645f54799e1b57fc77b662f2a4b2fa637f03254e39a8add7f662d7778cc578ec6b49a2c5;2025-06-15 16:50:00;30;UNKNOWN;UNKNOWN;CLEAR;DAYLIGHT;TURNING;FOUR WAY;STRAIGHT AND LEVEL;UNKNOWN;UNKNOWN;NO INJURY / DRIVE AWAY;Y;;OVER $1,500;UNABLE TO DETERMINE;NOT APPLICABLE;1191;W;HOLLYWOOD AVE;2022;;;;;;;2;NO INDICATION OF INJURY;0;0;0;0;0;2;0;16;1;6;41.9853462593;-87.6600364217;{'type': 'Point', 'coordinates': [-87.660036421706, 41.985346259294]};NOT ON SCENE (DESK REPORT);2025-06-15T17:25:00.000
d016e93610e227dbc00d1b769ee2f1c1587b9b0040f82c11a912a9a5284126277627f3b4f4f2c9bfd678e00fa67d5fc24c016b4288b4b985b605949b24c3ebe2;2025-06-15 16:50:00;30;TRAFFIC SIGNAL;FUNCTIONING PROPERLY;CLEAR;DAYLIGHT;TURNING;NOT DIVIDED;STRAIGHT AND LEVEL;DRY;NO DEFECTS;NO INJURY / DRIVE AWAY;Y;;OVER $1,500;UNABLE TO DETERMINE;UNABLE TO DETERMINE;1;S;FRANKLIN ST;122;;;;;;;2;NO INDICATION OF INJURY;0;0;0;0;0;4;0;16;1;6;41.8819027505;-87.6351640598;{'type': 'Point', 'coordinates': [-87.635164059795, 41.881902750506]};NOT ON SCENE (DESK REPORT);2025-06-16T18:49:00.000
f0f937c3405ba33cb73b6f79e771b64873f156eee739d72cab687f9d3c729b42a4c38a8da61de2f3ac3359b0795d12177a6eda302412b202d871718fff1a1d23;2025-06-15 16:40:00;30;TRAFFIC SIGNAL;FUNCTIONING PROPERLY;CLEAR;DAYLIGHT;TURNING;NOT DIVIDED;STRAIGHT AND LEVEL;DRY;UNKNOWN;NO INJURY / DRIVE AWAY;;;OVER $1,500;IMPROPER TURNING/NO SIGNAL;IMPROPER OVERTAKING/PASSING;755;N;MICHIGAN AVE;1833;;;;;;;2;NO INDICATION OF INJURY;0;0;0;0;0;2;0;16;1;6;41.8963811858;-87.6241335468;{'type': 'Point', 'coordinates': [-87.624133546782, 41.896381185754]};NOT ON SCENE (DESK REPORT);2025-06-15T18:30:00.000
b8953ca48d327781ae6a1213e8d4e9b3bbd0879669d9066f6b38e4d7798aff0646f1851b1fcab2785da22f50643df67d07af472e6efdbc70712ffedd84cc2544;2025-06-15 16:34:00;30;UNKNOWN;UNKNOWN;CLEAR;DAYLIGHT;SIDESWIPE SAME DIRECTION;NOT DIVIDED;STRAIGHT AND LEVEL;DRY;UNKNOWN;NO INJURY / DRIVE AWAY;;Y;$501 - $1,500;UNABLE TO DETERMINE;UNABLE TO DETERMINE;655;W;IRVING PARK RD;1925;;;;;;;2;NO INDICATION OF INJURY;0;0;0;0;0;3;0;16;1;6;41.9544939556;-87.6472443312;{'type': 'Point', 'coordinates': [-87.647244331225, 41.954493955562]};ON SCENE;2025-06-15T16:39:00.000
38efb9604abba1e897944bf7bf121d026e81746d297abedaed15711a4012765f020c1cbd179abb10786fc8827f06344065767e863d2c6cf9a3be13c6e39df11b;2025-06-15 16:30:00;25;STOP SIGN/FLASHER;FUNCTIONING PROPERLY;CLEAR;DAYLIGHT;TURNING;DIVIDED - W/MEDIAN (NOT RAISED);STRAIGHT AND LEVEL;DRY;NO DEFECTS;NO INJURY / DRIVE AWAY;;;$501 - $1,500;UNABLE TO DETERMINE;UNABLE TO DETERMINE;5600;S;MORGAN ST;712;;;;;;;2;NO INDICATION OF INJURY;0;0;0;0;0;2;0;16;1;6;41.7923234892;-87.6501161523;{'type': 'Point', 'coordinates': [-87.650116152264, 41.792323489247]};NOT ON SCENE (DESK REPORT);2025-06-15T18:17:00.000
b5c95a6249b19dc4818b6508b64e811fa6d568d35e4fa9227f5894d0867cafb5e073c832add112c8375245af4fa940ecbe03a1c096e193a34973f4e0c8ac2de3;2025-06-15 16:30:00;30;NO CONTROLS;NO CONTROLS;CLEAR;DAYLIGHT;REAR END;NOT DIVIDED;STRAIGHT AND LEVEL;DRY;NO DEFECTS;INJURY AND / OR TOW DUE TO CRASH;;Y;OVER $1,500;FOLLOWING TOO CLOSELY;NOT APPLICABLE;3231;W;63RD ST;823;;;;;;;2;NONINCAPACITATING INJURY;3;0;0;3;0;1;0;16;1;6;41.7788429377;-87.7043827378;{'type': 'Point', 'coordinates': [-87.704382737766, 41.778842937735]};NOT ON SCENE (DESK REPORT);2025-06-15T17:03:00.000
cf15b19231460e88301cbb924385284476deaba724a60c52daf5e405d6912e34d375500fba9c05b1bedc94182eddbd5882077bf1ece3489dda667e701c50507e;2025-06-15 16:30:00;25;STOP SIGN/FLASHER;FUNCTIONING PROPERLY;CLEAR;DAYLIGHT;ANGLE;NOT DIVIDED;STRAIGHT AND LEVEL;DRY;NO DEFECTS;NO INJURY / DRIVE AWAY;Y;;OVER $1,500;FAILING TO YIELD RIGHT-OF-WAY;FAILING TO YIELD RIGHT-OF-WAY;1148;E;48TH ST;222;;;;;;;2;NO INDICATION OF INJURY;0;0;0;0;0;2;0;16;1;6;41.8079296416;-87.5973011654;{'type': 'Point', 'coordinates': [-87.597301165414, 41.807929641609]};NOT ON SCENE (DESK REPORT);2025-06-15T18:00:00.000
8cef2eca5a5bc7f78d358ea03d54bf65d48b24ebc6c9409a509f86a9c3fa9a8dcb750e679556e2d77e4e7ae872cd0fdadbf9378e9bf82e6d1cbc12d316aaf03b;2025-06-15 16:06:00;25;NO CONTROLS;NO CONTROLS;CLEAR;DAYLIGHT;SIDESWIPE SAME DIRECTION;RAMP;STRAIGHT ON GRADE;DRY;NO DEFECTS;NO INJURY / DRIVE AWAY;;;OVER $1,500;IMPROPER LANE USAGE;UNABLE TO DETERMINE;3190;N;LAKE SHORE DR;1934;;;;;;;3;NO INDICATION OF INJURY;0;0;0;0;0;3;0;16;1;6;41.9400104838;-87.6387970437;{'type': 'Point', 'coordinates': [-87.638797043668, 41.9400104838]};ON SCENE;2025-06-15T16:06:00.000
703a4fb051a251dc709913118326351b04eb0aad66ba79a3937cba65cc1775904c5ecc9aec81d29782b17a2f19e06537a2f70664dc013f72014bda7858e4f4f6;2025-06-15 16:00:00;30;NO CONTROLS;UNKNOWN;CLEAR;DARKNESS, LIGHTED ROAD;SIDESWIPE SAME DIRECTION;ONE-WAY;STRAIGHT AND LEVEL;DRY;NO DEFECTS;NO INJURY / DRIVE AWAY;;;OVER $1,500;IMPROPER OVERTAKING/PASSING;IMPROPER OVERTAKING/PASSING;500;N;LAKE SHORE DR NB;1834;Y;;;;;;2;NO INDICATION OF INJURY;0;0;0;0;0;2;0;16;1;6;41.8911470717;-87.6143750572;{'type': 'Point', 'coordinates': [-87.61437505723, 41.89114707171]};NOT ON SCENE (DESK REPORT);2025-06-15T21:00:00.000
76bb549bf88cbb400360a9475212ad246c35da400931ed64719bb11858deea5942eeec5f6e29e15ecd0e3a3f6a7b59ff1f2f25359852fdf1ec64d7b848b1469d;2025-06-15 16:00:00;35;TRAFFIC SIGNAL;FUNCTIONING PROPERLY;CLEAR;DAYLIGHT;OTHER OBJECT;DIVIDED - W/MEDIAN BARRIER;STRAIGHT AND LEVEL;DRY;NO DEFECTS;INJURY AND / OR TOW DUE TO CRASH;Y;Y;OVER $1,500;UNABLE TO DETERMINE;UNABLE TO DETERMINE;403;E;GARFIELD BLVD;233;;;;;;;2;NONINCAPACITATING INJURY;1;0;0;1;0;1;0;16;1;6;41.7943886913;-87.6158591685;{'type': 'Point', 'coordinates': [-87.615859168485, 41.79438869131]};ON SCENE;2025-06-15T16:02:00.000
8a4b47f3f3dfe8b22d409569b8111f34c85c530b3ee9e2361fb375c45a2aba5e78afe80325f6b470301241c99c8665f9505b15354084d44b9732dc4711e57b0d;2025-06-15 16:00:00;30;NO CONTROLS;NO CONTROLS;CLEAR;DAYLIGHT;REAR END;DIVIDED - W/MEDIAN (NOT RAISED);STRAIGHT AND LEVEL;DRY;NO DEFECTS;NO INJURY / DRIVE AWAY;;Y;OVER $1,500;UNABLE TO DETERMINE;NOT APPLICABLE;2705;N;ELSTON AVE;1432;;;;;;;2;NO INDICATION OF INJURY;0;0;0;0;0;3;0;16;1;6;41.9306854427;-87.6854287463;{'type': 'Point', 'coordinates': [-87.6854287463, 41.930685442675]};NOT ON SCENE (DESK REPORT);2025-06-15T17:18:00.000
20cfd938b44b0f2db1a3021eeda7fdf2234f64f36fd073db19edfb4e32dd8bb3a905620ab2938540d5fa2c06207d739ece5fd07a6439bb34fdbcbfad7b2bd4cb;2025-06-15 15:55:00;20;NO CONTROLS;NO CONTROLS;CLEAR;DAYLIGHT;PARKED MOTOR VEHICLE;NOT DIVIDED;STRAIGHT AND LEVEL;DRY;NO DEFECTS;NO INJURY / DRIVE AWAY;;Y;OVER $1,500;IMPROPER BACKING;DRIVING SKILLS/KNOWLEDGE/EXPERIENCE;3919;W;101ST PL;2211;;;;;;;2;NO INDICATION OF INJURY;0;0;0;0;0;1;0;15;1;6;41.7082992256;-87.7193411617;{'type': 'Point', 'coordinates': [-87.71934116166, 41.708299225631]};NOT ON SCENE (DESK REPORT);2025-06-15T17:00:00.000
f010a5a6f421d7a22cb3ec2d81feeb7a3f80bf47a0ffca20790658716605ef4babd0aff4cfa67d53e2d82a38fdcca234356243d1843e98f3f8fe4b2c922c31de;2025-06-15 15:55:00;15;NO CONTROLS;NO CONTROLS;CLEAR;DAYLIGHT;PARKED MOTOR VEHICLE;PARKING LOT;STRAIGHT AND LEVEL;DRY;NO DEFECTS;NO INJURY / DRIVE AWAY;;Y;OVER $1,500;FOLLOWING TOO CLOSELY;NOT APPLICABLE;800;N;KEDZIE AVE;1121;;;;;;;2;NO INDICATION OF INJURY;0;0;0;0;0;4;0;15;1;6;41.8956153135;-87.7067053251;{'type': 'Point', 'coordinates': [-87.706705325106, 41.895615313545]};ON SCENE;2025-06-15T16:45:00.000
54422c765a7570d10c47382909d3d74cd1e0efb5cd85fada35dc38623d14076b28daa123b20f1eca60c1d8b32ab5d18ea608cb6e7854f05ae52a0292fa6ee3c7;2025-06-15 15:50:00;30;TRAFFIC SIGNAL;FUNCTIONING PROPERLY;CLEAR;DAYLIGHT;ANGLE;NOT DIVIDED;STRAIGHT AND LEVEL;DRY;NO DEFECTS;INJURY AND / OR TOW DUE TO CRASH;;;OVER $1,500;FAILING TO YIELD RIGHT-OF-WAY;UNABLE TO DETERMINE;5210;N;BROADWAY;2013;;;;;;;3;INCAPACITATING INJURY;1;0;1;0;0;3;0;15;1;6;41.9766938822;-87.6600229568;{'type': 'Point', 'coordinates': [-87.660022956791, 41.976693882241]};ON SCENE;2025-06-15T15:54:00.000
1ccf765502d87c75e4c7fe10de292a9c77fa93e302a1e17a061852bb79d4ad06e05cf8b5ff01751f9bceb7c5ca931c72f6f64113fc38f0b43851466956f1a84d;2025-06-15 15:45:00;30;TRAFFIC SIGNAL;FUNCTIONING PROPERLY;CLEAR;DAYLIGHT;SIDESWIPE SAME DIRECTION;T-INTERSECTION;STRAIGHT AND LEVEL;DRY;UNKNOWN;NO INJURY / DRIVE AWAY;Y;;$500 OR LESS;ROAD ENGINEERING/SURFACE/MARKING DEFECTS;IMPROPER LANE USAGE;1300;S;LAKE SHORE DR SB;132;;;;;;;2;NO INDICATION OF INJURY;0;0;0;0;0;2;0;15;1;6;41.8657323123;-87.6196686373;{'type': 'Point', 'coordinates': [-87.61966863732, 41.865732312266]};NOT ON SCENE (DESK REPORT);2025-06-15T17:30:00.000
6155ed7db0225859634475fd70584a006bd599e2d0fec321e8b7276b45e50bccbc0499fddc08e93dc74440660d13734afa3759b2013806bf78f6db103a644de3;2025-06-15 15:41:00;30;NO CONTROLS;NO CONTROLS;CLEAR;DAYLIGHT;PARKED MOTOR VEHICLE;NOT DIVIDED;STRAIGHT AND LEVEL;DRY;NO DEFECTS;NO INJURY / DRIVE AWAY;;Y;$501 - $1,500;IMPROPER BACKING;NOT APPLICABLE;1858;N;STOCKTON DR;1814;;;;;;;2;NO INDICATION OF INJURY;0;0;0;0;0;1;0;15;1;6;41.9166771786;-87.6340716278;{'type': 'Point', 'coordinates': [-87.6340716278, 41.916677178609]};ON SCENE;2025-06-15T16:16:00.000
cd1338c16bbd4bbff37538eff8617a63447fcff11f7d1cf554a6073a646aa7a87a5182ae01ac5e2b772111b5b86799e7edcb6f9da891081e7f576478161dfc16;2025-06-15 15:40:00;30;UNKNOWN;UNKNOWN;UNKNOWN;DAYLIGHT;SIDESWIPE SAME DIRECTION;NOT DIVIDED;STRAIGHT AND LEVEL;UNKNOWN;UNKNOWN;NO INJURY / DRIVE AWAY;;;OVER $1,500;UNABLE TO DETERMINE;NOT APPLICABLE;1422;W;DIVERSEY PKWY;1932;;;;;;;2;NO INDICATION OF INJURY;0;0;0;0;0;2;0;15;1;6;41.9325741564;-87.664547889;{'type': 'Point', 'coordinates': [-87.664547889026, 41.932574156421]};NOT ON SCENE (DESK REPORT);2025-06-15T16:20:00.000
873ee3cd4b72a78716c17665f7eaca1124e124dd727d02019da13d272b37decb36b25dcce6cfb2b4e141e6a15661003f6f1be968c5770d60708df5d7feacae32;2025-06-15 15:30:00;30;NO CONTROLS;NO CONTROLS;CLEAR;DAYLIGHT;ANGLE;NOT DIVIDED;STRAIGHT AND LEVEL;DRY;NO DEFECTS;INJURY AND / OR TOW DUE TO CRASH;;;OVER $1,500;FAILING TO YIELD RIGHT-OF-WAY;UNABLE TO DETERMINE;2017;E;95TH ST;431;;;;;;;2;NONINCAPACITATING INJURY;1;0;0;1;0;1;0;15;1;6;41.7223669803;-87.5746643912;{'type': 'Point', 'coordinates': [-87.57466439121, 41.722366980323]};NOT ON SCENE (DESK REPORT);2025-06-16T15:30:00.000
b9dd6b523c4cece89369429949ffded848dc79f09d1d9bec4d3976ddbf5b9288aec7bd5914d57433bda0ad65732e6c98a1bd725c1786d65f176fad8dde0aa3de;2025-06-15 15:30:00;25;STOP SIGN/FLASHER;FUNCTIONING PROPERLY;CLEAR;DAYLIGHT;ANGLE;FOUR WAY;STRAIGHT ON GRADE;DRY;NO DEFECTS;NO INJURY / DRIVE AWAY;Y;Y;OVER $1,500;DISREGARDING STOP SIGN;UNABLE TO DETERMINE;3800;W;77TH ST;833;;;;;;;3;NO INDICATION OF INJURY;0;0;0;0;0;3;0;15;1;6;41.7529580613;-87.718433731;{'type': 'Point', 'coordinates': [-87.71843373098, 41.752958061261]};ON SCENE;2025-06-15T15:30:00.000
9d7a7cda6a8ee60693439f6a884246bc2c276806e92e7dd13fbfc56d6540c253845257ad301be8f613153488f6011e5936c03a2309ea61670fed0291ccea4051;2025-06-15 15:20:00;15;UNKNOWN;UNKNOWN;CLEAR;DAYLIGHT;PEDALCYCLIST;NOT DIVIDED;STRAIGHT AND LEVEL;DRY;UNKNOWN;NO INJURY / DRIVE AWAY;;Y;OVER $1,500;FAILING TO YIELD RIGHT-OF-WAY;FAILING TO YIELD RIGHT-OF-WAY;675;N;FRANKLIN ST;1831;;;;;;;2;NO INDICATION OF INJURY;0;0;0;0;0;2;0;15;1;6;41.8945890248;-87.6355063665;{'type': 'Point', 'coordinates': [-87.63550636652, 41.894589024846]};NOT ON SCENE (DESK REPORT);2025-06-16T10:30:00.000
75a18d4b411801ae78c38642b4f7a0ed06c1198e5d9541dd90dac8867c44765b1e32faff49e0d66657673220ae966fd244afb1082f10605083c8006c6d096413;2025-06-15 15:17:00;30;TRAFFIC SIGNAL;FUNCTIONING PROPERLY;CLEAR;DAYLIGHT;TURNING;FIVE POINT, OR MORE;STRAIGHT AND LEVEL;DRY;NO DEFECTS;NO INJURY / DRIVE AWAY;;;OVER $1,500;IMPROPER TURNING/NO SIGNAL;UNABLE TO DETERMINE;3232;W;COLUMBUS AVE;835;;;;;;;2;NO INDICATION OF INJURY;0;0;0;0;0;2;0;15;1;6;41.7499537023;-87.7034947549;{'type': 'Point', 'coordinates': [-87.703494754851, 41.749953702331]};NOT ON SCENE (DESK REPORT);2025-06-16T14:00:00.000
2738318f87e44e4997d602c926980d6010dba2b8a10ec94c48918eadc5806f2b9524033cee6f419de6c168a9662cdd2306b517b5d6252931540179014f8b5cd3;2025-06-15 15:00:00;35;OTHER;UNKNOWN;CLEAR;DAYLIGHT;SIDESWIPE OPPOSITE DIRECTION;NOT DIVIDED;STRAIGHT AND LEVEL;DRY;UNKNOWN;NO INJURY / DRIVE AWAY;;Y;OVER $1,500;NOT APPLICABLE;OPERATING VEHICLE IN ERRATIC, RECKLESS, CARELESS, NEGLIGENT OR AGGRESSIVE MANNER;2540;W;40TH ST;921;;Y;;;;;2;NO INDICATION OF INJURY;0;0;0;0;0;2;0;15;1;6;41.8211880344;-87.6889251042;{'type': 'Point', 'coordinates': [-87.688925104174, 41.821188034419]};ON SCENE;2025-06-15T15:05:00.000
62785cef6ae27a62b67f21c4d0541230d7d0b64e9f9699de79985c41503aed217100c4e318e37267f2e4b10fd11175a91c5741c82d81f130a9582a83f9bf6a10;2025-06-15 15:00:00;30;NO CONTROLS;NO CONTROLS;CLEAR;DAYLIGHT;PARKED MOTOR VEHICLE;NOT DIVIDED;STRAIGHT AND LEVEL;DRY;UNKNOWN;NO INJURY / DRIVE AWAY;;Y;OVER $1,500;UNABLE TO DETERMINE;NOT APPLICABLE;1702;W;WABANSIA AVE;1433;;;;;;;2;NO INDICATION OF INJURY;0;0;0;0;0;1;0;15;1;6;41.9125301841;-87.6703308471;{'type': 'Point', 'coordinates': [-87.670330847095, 41.912530184052]};NOT ON SCENE (DESK REPORT);2025-06-16T16:25:00.000
df5e4a1cd2a2f3f1dd64d484bae33261bd9d19669ceb20961763c44fc88302b05d791ae526d2696856b94c5a181c6cb1c2970fd566a5f32cea18760158c0129f;2025-06-15 15:00:00;20;NO CONTROLS;NO CONTROLS;CLEAR;DAYLIGHT;PARKED MOTOR VEHICLE;UNKNOWN;STRAIGHT AND LEVEL;DRY;UNKNOWN;NO INJURY / DRIVE AWAY;;Y;OVER $1,500;IMPROPER LANE USAGE;FOLLOWING TOO CLOSELY;6800;S;NORMAL BLVD;722;;;;;;;3;NO INDICATION OF INJURY;0;0;0;0;0;1;0;15;1;6;41.770710573;-87.6374345317;{'type': 'Point', 'coordinates': [-87.637434531703, 41.770710572987]};NOT ON SCENE (DESK REPORT);2025-06-15T16:20:00.000
f2c39dd08006954de253ca3d0c884ac52973dcb60094a89aaac2e0e5294d2b7925efd882a54ab2d6e6ac861f647b034d9d936dedcf6cad3f0ddfdc5e6d717ceb;2025-06-15 15:00:00;45;NO CONTROLS;NO CONTROLS;CLEAR;DAYLIGHT;SIDESWIPE SAME DIRECTION;NOT DIVIDED;STRAIGHT AND LEVEL;DRY;NO DEFECTS;NO INJURY / DRIVE AWAY;;;OVER $1,500;IMPROPER LANE USAGE;NOT APPLICABLE;1200;S;LAKE SHORE DR SB;132;;;;;;;2;NO INDICATION OF INJURY;0;0;0;0;0;4;0;15;1;6;41.8674842272;-87.6191503834;{'type': 'Point', 'coordinates': [-87.619150383382, 41.867484227164]};NOT ON SCENE (DESK REPORT);2025-06-15T15:35:00.000
1d280abc69faaab604259ff41e91a0b8c7b27290c9e6bbe23398d4e2de3debb218fadb48acf9d9b78f61798efc6801a2092b950a220da3970b551aef31c59d03;2025-06-15 14:55:00;30;TRAFFIC SIGNAL;FUNCTIONING PROPERLY;CLEAR;DAYLIGHT;REAR END;DIVIDED - W/MEDIAN (NOT RAISED);STRAIGHT AND LEVEL;DRY;NO DEFECTS;NO INJURY / DRIVE AWAY;;;$501 - $1,500;DISTRACTION - FROM INSIDE VEHICLE;FOLLOWING TOO CLOSELY;200;E;79TH ST;623;;;;;;;2;NO INDICATION OF INJURY;0;0;0;0;0;2;0;14;1;6;41.7511453841;-87.6196917653;{'type': 'Point', 'coordinates': [-87.61969176533, 41.751145384148]};NOT ON SCENE (DESK REPORT);2025-06-15T15:50:00.000
b246813c947d7039dec0a54261b8a7ffc3ac637c7d2877e79c324eb0048803634b62a97e6d4068510dd82da01695f936b09f5c899750e4abb6703831cb4951b8;2025-06-15 14:55:00;30;TRAFFIC SIGNAL;FUNCTIONING PROPERLY;CLEAR;DAYLIGHT;REAR TO FRONT;NOT DIVIDED;STRAIGHT AND LEVEL;DRY;NO DEFECTS;NO INJURY / DRIVE AWAY;Y;;OVER $1,500;IMPROPER BACKING;NOT APPLICABLE;4001;W;62ND ST;813;;;;;;;2;NO INDICATION OF INJURY;0;0;0;0;0;2;0;14;1;6;41.7803621376;-87.7228704657;{'type': 'Point', 'coordinates': [-87.722870465656, 41.780362137577]};NOT ON SCENE (DESK REPORT);2025-06-15T15:20:00.000
c621a992a816bb3aefd211d23af4666d6abc0e774dbeddc0408414235222b22cd258b8b8381b656275c6d14bc2840dd076ab86192056667be9c6bd04877c6cb5;2025-06-15 14:50:00;30;UNKNOWN;UNKNOWN;CLEAR;DAYLIGHT;SIDESWIPE SAME DIRECTION;FOUR WAY;STRAIGHT AND LEVEL;UNKNOWN;UNKNOWN;NO INJURY / DRIVE AWAY;Y;;OVER $1,500;UNABLE TO DETERMINE;NOT APPLICABLE;5400;N;ASHLAND AVE;2012;;;;;;;2;NO INDICATION OF INJURY;0;0;0;0;0;3;0;14;1;6;41.9798674763;-87.6698627542;{'type': 'Point', 'coordinates': [-87.669862754198, 41.979867476333]};NOT ON SCENE (DESK REPORT);2025-06-15T15:45:00.000
1401460d54dbb70a292ca526d3b4ead8440b825da88b75a179132ecedb4db78b7ab863bb856f04d65e79cef479b09af382c15d102ce483fe01af0b69bbc9bdb3;2025-06-15 14:45:00;30;TRAFFIC SIGNAL;FUNCTIONING PROPERLY;CLEAR;DAYLIGHT;TURNING;NOT DIVIDED;STRAIGHT AND LEVEL;DRY;UNKNOWN;INJURY AND / OR TOW DUE TO CRASH;;;OVER $1,500;IMPROPER TURNING/NO SIGNAL;UNABLE TO DETERMINE;8622;S;SOUTH CHICAGO AVE;412;;;;;;;2;NO INDICATION OF INJURY;0;0;0;0;0;2;0;14;1;6;41.7382363256;-87.5673532314;{'type': 'Point', 'coordinates': [-87.567353231365, 41.738236325554]};ON SCENE;2025-06-15T14:45:00.000
45be765c5ff963eaaa759932fc83fee906a72fa6216d4bb4b23c3fca3554a3521a4ffc64a5240e4aaf257b27415885b780f818a4fa944b1b255af4f1b616bbac;2025-06-15 14:38:00;20;TRAFFIC SIGNAL;NO CONTROLS;CLEAR;DAYLIGHT;PARKED MOTOR VEHICLE;ONE-WAY;STRAIGHT AND LEVEL;DRY;NO DEFECTS;NO INJURY / DRIVE AWAY;;;OVER $1,500;NOT APPLICABLE;NOT APPLICABLE;2798;W;WELLINGTON AVE;1411;;;;;;;2;NO INDICATION OF INJURY;0;0;0;0;0;1;0;14;1;6;41.9358535847;-87.6976651175;{'type': 'Point', 'coordinates': [-87.697665117522, 41.935853584669]};ON SCENE;2025-06-15T16:35:00.000
98ee1216e755421607486e5878b2000b3c60c78cdc747680bf88a1a8a2ec407adc65e73f2b4a4a6cf0f3badfbbaf9969d67fc12b4aef943beab991c297bdf72f;2025-06-15 14:19:00;30;STOP SIGN/FLASHER;FUNCTIONING PROPERLY;CLEAR;DAYLIGHT;PARKED MOTOR VEHICLE;NOT DIVIDED;STRAIGHT AND LEVEL;DRY;NO DEFECTS;INJURY AND / OR TOW DUE TO CRASH;;;OVER $1,500;UNABLE TO DETERMINE;NOT APPLICABLE;901;W;71ST ST;733;;;;;;;2;NO INDICATION OF INJURY;0;0;0;0;0;1;0;14;1;6;41.7650546746;-87.6468992984;{'type': 'Point', 'coordinates': [-87.646899298409, 41.765054674584]};ON SCENE;2025-06-15T15:38:00.000
097d5fc55cfd3e0c9972ed4be2e03e68a1293df9b5b5413f21f11877b73c3e1124f9a332c076dadca606abc289ff360ae8a3d5fd3817c9b18326754d319ca40d;2025-06-15 14:18:00;15;STOP SIGN/FLASHER;OTHER;CLEAR;DAYLIGHT;PEDALCYCLIST;ONE-WAY;STRAIGHT AND LEVEL;DRY;UNKNOWN;INJURY AND / OR TOW DUE TO CRASH;;;$501 - $1,500;FAILING TO YIELD RIGHT-OF-WAY;DRIVING ON WRONG SIDE/WRONG WAY;3001;N;KEATING AVE;2521;;;;;;;2;NONINCAPACITATING INJURY;1;0;0;1;0;1;0;14;1;6;41.9352938823;-87.7453261531;{'type': 'Point', 'coordinates': [-87.745326153098, 41.935293882318]};ON SCENE;2025-06-15T14:18:00.000
480dca9dca734c369c4efbb1ea2545f912309a534c1b298c704f149d19b9d1752b9b01f0ec6b74e65ae619c35234b88dde54cc0e4aba1be9563534e868cbb948;2025-06-15 14:17:00;30;NO CONTROLS;NO CONTROLS;CLEAR;DAYLIGHT;TURNING;NOT DIVIDED;STRAIGHT AND LEVEL;DRY;NO DEFECTS;INJURY AND / OR TOW DUE TO CRASH;;;OVER $1,500;NOT APPLICABLE;NOT APPLICABLE;2317;N;CICERO AVE;2522;;;;;;;2;NONINCAPACITATING INJURY;1;0;0;1;0;1;0;14;1;6;41.9229310426;-87.7461194779;{'type': 'Point', 'coordinates': [-87.746119477943, 41.922931042554]};ON SCENE;2025-06-15T14:18:00.000
98a9b7cb0ab60b5d8aa9e04597fcbba93b9f623f7f6277dd79c43daaddda70f86698c52e21176b26b7419e9e087698582c712d90b0871efc2db99465248d2bce;2025-06-15 14:15:00;30;STOP SIGN/FLASHER;FUNCTIONING PROPERLY;CLEAR;DAYLIGHT;TURNING;FOUR WAY;STRAIGHT AND LEVEL;DRY;NO DEFECTS;INJURY AND / OR TOW DUE TO CRASH;Y;;OVER $1,500;FAILING TO YIELD RIGHT-OF-WAY;NOT APPLICABLE;666;W;LAKE ST;1214;;;;;;;2;NO INDICATION OF INJURY;0;0;0;0;0;2;0;14;1;6;41.885801756;-87.6453278635;{'type': 'Point', 'coordinates': [-87.64532786346, 41.885801756029]};ON SCENE;2025-06-15T14:40:00.000
a4c6861433ae923780530cb6a39f0f00d94d59324be8da9ce994b06bffba5c52773c296938b6792ccabf4a9226145c28ce29ffdc8960b00e2a16745499f0507b;2025-06-15 14:10:00;30;NO CONTROLS;NO CONTROLS;CLEAR;UNKNOWN;REAR END;DIVIDED - W/MEDIAN BARRIER;STRAIGHT AND LEVEL;UNKNOWN;UNKNOWN;NO INJURY / DRIVE AWAY;;;OVER $1,500;UNABLE TO DETERMINE;UNABLE TO DETERMINE;1716;S;INDIANA AVE;132;;;;;;;2;NO INDICATION OF INJURY;0;0;0;0;0;4;0;14;1;6;41.8585769553;-87.6224919018;{'type': 'Point', 'coordinates': [-87.622491901761, 41.858576955296]};NOT ON SCENE (DESK REPORT);2025-06-15T16:20:00.000
aca5e64d681b3e74bef50361def392535654ef778e4c600e6cf8f2518f14a093a9db999eb91175610af19e13b7eee4b7811180d1f902dec158998eb61dcd5b10;2025-06-15 14:05:00;25;NO CONTROLS;NO CONTROLS;CLEAR;DAYLIGHT;PARKED MOTOR VEHICLE;NOT DIVIDED;STRAIGHT AND LEVEL;DRY;NO DEFECTS;INJURY AND / OR TOW DUE TO CRASH;;;OVER $1,500;UNABLE TO DETERMINE;NOT APPLICABLE;3911;N;RAVENSWOOD AVE;1922;;;;;;;2;NO INDICATION OF INJURY;0;0;0;0;0;2;0;14;1;6;41.952776412;-87.6736103958;{'type': 'Point', 'coordinates': [-87.673610395753, 41.952776412031]};ON SCENE;2025-06-15T14:44:00.000
579eae7554da58fe42cfbb5fdf53fc23c75f4f5c03d9867e28eb7ca70eb0ce28682e86f521821a86975ca0393298668cd2f412edbcba497b8127a1e16738b073;2025-06-15 14:00:00;30;NO CONTROLS;NO CONTROLS;CLEAR;DAYLIGHT;SIDESWIPE SAME DIRECTION;NOT DIVIDED;STRAIGHT AND LEVEL;DRY;UNKNOWN;NO INJURY / DRIVE AWAY;;Y;OVER $1,500;IMPROPER OVERTAKING/PASSING;NOT APPLICABLE;2244;N;ELSTON AVE;1432;;;;;;;2;NO INDICATION OF INJURY;0;0;0;0;0;2;0;14;1;6;41.9222679243;-87.6736623776;{'type': 'Point', 'coordinates': [-87.673662377649, 41.922267924329]};NOT ON SCENE (DESK REPORT);2025-06-16T17:00:00.000
728eec3b5c21b4c1388de97df6f060d3b3ec8e8a450b5b2f378b183746db654f954d90eac6543ce5d1f2e79655b285c9fb9d33ab8a85ccec588c437b7d3057f7;2025-06-15 14:00:00;25;NO CONTROLS;NO CONTROLS;CLEAR;DAYLIGHT;REAR END;NOT DIVIDED;STRAIGHT AND LEVEL;DRY;NO DEFECTS;INJURY AND / OR TOW DUE TO CRASH;Y;;OVER $1,500;FOLLOWING TOO CLOSELY;NOT APPLICABLE;6132;W;IRVING PARK RD;1624;;;;;;;2;NO INDICATION OF INJURY;0;0;0;0;0;5;0;14;1;6;41.9531061912;-87.78050699;{'type': 'Point', 'coordinates': [-87.780506990003, 41.953106191206]};ON SCENE;2025-06-15T14:05:00.000
b9a5e2d3f4e234417601cfcd0b84c7aa023838311cb0be21942c8a89386f94d98c5d1a20b716260b9a4522f1c39242029a84312529bba0321cbb8e57b8e45c2a;2025-06-15 14:00:00;20;NO CONTROLS;NO CONTROLS;CLEAR;DAYLIGHT;SIDESWIPE SAME DIRECTION;PARKING LOT;STRAIGHT AND LEVEL;DRY;NO DEFECTS;NO INJURY / DRIVE AWAY;;;OVER $1,500;UNABLE TO DETERMINE;NOT APPLICABLE;10402;W;JOHNSON RD;1654;;;;;;;2;NO INDICATION OF INJURY;0;0;0;0;0;2;0;14;1;6;41.9976559927;-87.8873292534;{'type': 'Point', 'coordinates': [-87.887329253384, 41.997655992676]};ON SCENE;2025-06-15T14:18:00.000
c7e1e78a1431eb8fd5496bb310878fce3bf9cdc7c61f3ae625fecfd2d5b0d18d1dcc7a1ec97b6357d4ca3003e35aff3e69ac9a244b0631e76d9bfb3def81539e;2025-06-15 14:00:00;30;PEDESTRIAN CROSSING SIGN;UNKNOWN;CLEAR;DAYLIGHT;PEDESTRIAN;NOT DIVIDED;STRAIGHT AND LEVEL;DRY;UNKNOWN;INJURY AND / OR TOW DUE TO CRASH;;Y;OVER $1,500;FAILING TO YIELD RIGHT-OF-WAY;NOT APPLICABLE;3313;W;NORTH AVE;1422;;;;;;;3;NONINCAPACITATING INJURY;2;0;0;2;0;1;0;14;1;6;41.9099642851;-87.7100373336;{'type': 'Point', 'coordinates': [-87.710037333611, 41.909964285147]};ON SCENE;2025-06-15T14:01:00.000
80601f6816ab552a4471fcce72c3d959c4b4d1ce8a2102f8f0eeecf682ee81d923c78d17a4098c98b57cac1c14cf9d8bbcf1d50cb473bb31d01744c176874287;2025-06-15 13:50:00;30;TRAFFIC SIGNAL;FUNCTIONING PROPERLY;CLEAR;DAYLIGHT;SIDESWIPE SAME DIRECTION;DIVIDED - W/MEDIAN BARRIER;STRAIGHT AND LEVEL;DRY;UNKNOWN;NO INJURY / DRIVE AWAY;Y;;$501 - $1,500;IMPROPER OVERTAKING/PASSING;IMPROPER OVERTAKING/PASSING;120;W;LA SALLE DR;1814;;;;;;;2;NO INDICATION OF INJURY;0;0;0;0;0;2;0;13;1;6;41.9132250268;-87.6328291877;{'type': 'Point', 'coordinates': [-87.632829187684, 41.913225026781]};NOT ON SCENE (DESK REPORT);2025-06-15T15:59:00.000
2cc0442c92f5f29de04a2752ffa193784904a77cc1d2a9b9a6436bd0feedf2097caaf94eca0e6e0c9a19a85f4feadd27386a665c6959676c86790d852f47fba8;2025-06-15 13:45:00;30;UNKNOWN;UNKNOWN;CLEAR;DAYLIGHT;ANGLE;FOUR WAY;STRAIGHT AND LEVEL;UNKNOWN;UNKNOWN;NO INJURY / DRIVE AWAY;;;OVER $1,500;UNABLE TO DETERMINE;UNABLE TO DETERMINE;600;N;FRANKLIN ST;1831;;;;;;;2;NO INDICATION OF INJURY;0;0;0;0;0;2;0;13;1;6;41.8924065363;-87.6357436267;{'type': 'Point', 'coordinates': [-87.635743626722, 41.892406536262]};NOT ON SCENE (DESK REPORT);2025-06-15T14:50:00.000
55e921cafdc70ad135db8dffc6cb1ded4eab1f27bc635178f62e04ede8a8ffd0ad6a74576f81c8c377278411f8eaf6ec85e324744f2a0bd200e5261627ee25f4;2025-06-15 13:40:00;30;TRAFFIC SIGNAL;FUNCTIONING PROPERLY;CLEAR;DAYLIGHT;SIDESWIPE SAME DIRECTION;CENTER TURN LANE;STRAIGHT AND LEVEL;DRY;NO DEFECTS;INJURY AND / OR TOW DUE TO CRASH;Y;;OVER $1,500;FAILING TO REDUCE SPEED TO AVOID CRASH;UNABLE TO DETERMINE;4978;S;ARCHER AVE;821;;;;;;;3;NONINCAPACITATING INJURY;3;0;0;3;0;1;0;13;1;6;41.8028582894;-87.7227763769;{'type': 'Point', 'coordinates': [-87.722776376873, 41.802858289412]};ON SCENE;2025-06-15T13:42:00.000
6b47c6fa32156ef7e9e1884956d04b25587e699980df78d2a189af688b13a96cbe0f0c61005dd56a23a3c52f15a748aa2a63890bbc0a48f4c58cb2a0cb7212af;2025-06-15 13:40:00;30;STOP SIGN/FLASHER;NO CONTROLS;CLEAR;DAYLIGHT;ANGLE;DIVIDED - W/MEDIAN (NOT RAISED);STRAIGHT AND LEVEL;DRY;NO DEFECTS;NO INJURY / DRIVE AWAY;;;OVER $1,500;UNABLE TO DETERMINE;UNABLE TO DETERMINE;3814;N;ST LOUIS AVE;1732;;;;;;;2;NO INDICATION OF INJURY;0;0;0;0;0;2;0;13;1;6;41.9506389166;-87.715421381;{'type': 'Point', 'coordinates': [-87.715421381023, 41.95063891661]};NOT ON SCENE (DESK REPORT);2025-06-15T15:35:00.000
f521c337ceb473e2085769eb184e074b4a52648a7b880fe9ef169e70fd56b44ef936f7f0364d45fde82e2381a3847964439e17327a6196fd7df4dd0681f8787b;2025-06-15 13:40:00;30;TRAFFIC SIGNAL;FUNCTIONING PROPERLY;CLEAR;DAYLIGHT;TURNING;FOUR WAY;CURVE, LEVEL;DRY;UNKNOWN;NO INJURY / DRIVE AWAY;;;OVER $1,500;DRIVING SKILLS/KNOWLEDGE/EXPERIENCE;UNABLE TO DETERMINE;500;N;LAKE SHORE DR NB;1834;;;;;;;2;NO INDICATION OF INJURY;0;0;0;0;0;2;0;13;1;6;41.8911470717;-87.6143750572;{'type': 'Point', 'coordinates': [-87.61437505723, 41.89114707171]};NOT ON SCENE (DESK REPORT);2025-06-15T16:50:00.000
6736f018652ce1f3da21013685581fec3add49771461f4a2e096da87a98b39d2cce6eee04238dd68f40278e85c995e0484b93ae318516b755aaa6b5d5c4f93be;2025-06-15 13:38:00;30;TRAFFIC SIGNAL;FUNCTIONING PROPERLY;CLOUDY/OVERCAST;DAYLIGHT;ANGLE;OTHER;STRAIGHT AND LEVEL;DRY;NO DEFECTS;INJURY AND / OR TOW DUE TO CRASH;Y;;OVER $1,500;DISREGARDING TRAFFIC SIGNALS;FAILING TO REDUCE SPEED TO AVOID CRASH;100;S;FRANKLIN ST;122;;;;;;;2;REPORTED, NOT EVIDENT;1;0;0;0;1;4;0;13;1;6;41.8805745897;-87.6354261484;{'type': 'Point', 'coordinates': [-87.635426148449, 41.880574589715]};ON SCENE;2025-06-15T14:10:00.000
51dfb3bd3dca312e9568ae9ca92acce0c956f7c6bed3ddd7d9f88e40d759d4fb266897640cf5439126447dd0890a8480a53e1b9f88b39661a71483c389e34a69;2025-06-15 13:30:00;25;OTHER;FUNCTIONING PROPERLY;CLEAR;DAYLIGHT;PEDALCYCLIST;NOT DIVIDED;STRAIGHT AND LEVEL;DRY;NO DEFECTS;INJURY AND / OR TOW DUE TO CRASH;;Y;$501 - $1,500;IMPROPER OVERTAKING/PASSING;UNABLE TO DETERMINE;1333;N;SEDGWICK ST;1821;;;;;;;2;NONINCAPACITATING INJURY;1;0;0;1;0;1;0;13;1;6;41.9064950964;-87.6383020294;{'type': 'Point', 'coordinates': [-87.638302029376, 41.906495096446]};ON SCENE;2025-06-15T13:32:00.000
8b808277d8a0105a9b910a6bf65e65132b09ee6305f236c2aa44a8dd50a9c1a508685a400c18c38bc142fcdd50512ee57010a8260346f823de835a7b5f8c21fb;2025-06-15 13:30:00;30;STOP SIGN/FLASHER;FUNCTIONING PROPERLY;CLEAR;DAYLIGHT;SIDESWIPE SAME DIRECTION;FOUR WAY;STRAIGHT AND LEVEL;DRY;NO DEFECTS;NO INJURY / DRIVE AWAY;Y;;OVER $1,500;UNABLE TO DETERMINE;UNABLE TO DETERMINE;3832;N;ELSTON AVE;1732;;;;;;;2;NO INDICATION OF INJURY;0;0;0;0;0;5;0;13;1;6;41.9509187942;-87.7153215812;{'type': 'Point', 'coordinates': [-87.715321581246, 41.950918794225]};NOT ON SCENE (DESK REPORT);2025-06-15T15:15:00.000
91a28a656c4c7ffd4d8189422e040c425f7e93eb89900b927d9f2bf46e41ab2b5145c8ca6c8967a5b1397dc438fbc2e0167fb00aab9236f971cfb17851246dae;2025-06-15 13:30:00;30;NO CONTROLS;NO CONTROLS;CLEAR;DAYLIGHT;PARKED MOTOR VEHICLE;ONE-WAY;STRAIGHT AND LEVEL;DRY;NO DEFECTS;INJURY AND / OR TOW DUE TO CRASH;;;OVER $1,500;UNABLE TO DETERMINE;NOT APPLICABLE;15;N;WASHTENAW AVE;1222;;;;;;;2;NO INDICATION OF INJURY;0;0;0;0;0;2;0;13;1;6;41.8816245799;-87.6937818599;{'type': 'Point', 'coordinates': [-87.693781859859, 41.881624579861]};;2025-06-15T13:45:00.000
cb95e8da187aae1c25881384deba6bbd6d86e419ff9c6d3af85792d5d1d87c646b079e8206e8566d17121d3193e837fcb4eb606911448c879d8901fd6473f79e;2025-06-15 13:30:00;30;STOP SIGN/FLASHER;FUNCTIONING PROPERLY;CLEAR;DAYLIGHT;HEAD ON;NOT DIVIDED;STRAIGHT AND LEVEL;DRY;NO DEFECTS;NO INJURY / DRIVE AWAY;;Y;$501 - $1,500;DRIVING ON WRONG SIDE/WRONG WAY;FAILING TO YIELD RIGHT-OF-WAY;958;W;CARMEN AVE;2024;;;;;;;2;NO INDICATION OF INJURY;0;0;0;0;0;2;0;13;1;6;41.9744087815;-87.654839196;{'type': 'Point', 'coordinates': [-87.65483919597, 41.974408781539]};ON SCENE;2025-06-15T13:30:00.000
546aa1cb4bebd3a184eb756ca61b39384afc7afd6c395f2f9348b2aa034f5b82119ed30a98738dfd62a1c10d68d146a23d243e1ff091f775c66d2cce6423b015;2025-06-15 13:20:00;30;NO CONTROLS;NO CONTROLS;CLEAR;DAYLIGHT;REAR END;NOT DIVIDED;STRAIGHT AND LEVEL;UNKNOWN;UNKNOWN;INJURY AND / OR TOW DUE TO CRASH;Y;Y;OVER $1,500;FOLLOWING TOO CLOSELY;UNABLE TO DETERMINE;1625;W;PETERSON AVE;2012;;;;;;;2;REPORTED, NOT EVIDENT;1;0;0;0;1;2;0;13;1;6;41.9906691893;-87.6711596139;{'type': 'Point', 'coordinates': [-87.671159613875, 41.990669189329]};NOT ON SCENE (DESK REPORT);2025-06-15T15:17:00.000
d50e340845959ff82931833a10741814250c9588a41779be45c6e100172a3552473a15d39269e6013c1c370494f98140c9c95f1196107a2e2c3c746b033a7115;2025-06-15 13:18:00;30;UNKNOWN;UNKNOWN;UNKNOWN;UNKNOWN;SIDESWIPE SAME DIRECTION;UNKNOWN;STRAIGHT AND LEVEL;UNKNOWN;UNKNOWN;NO INJURY / DRIVE AWAY;;;OVER $1,500;UNABLE TO DETERMINE;NOT APPLICABLE;5708;N;CENTRAL AVE;1622;;;;;;;2;NO INDICATION OF INJURY;0;0;0;0;0;5;0;13;1;6;41.9849906462;-87.7684471875;{'type': 'Point', 'coordinates': [-87.768447187494, 41.984990646192]};NOT ON SCENE (DESK REPORT);2025-06-15T13:40:00.000
d332b5d9e0da2767ca5639b450da6e86662fae247824759171b489c3f08270e3e7c826fbd398c8170971566c02f25936a46921ae5b5bc052e3a02caba56418f1;2025-06-15 13:15:00;30;UNKNOWN;UNKNOWN;CLEAR;DAYLIGHT;REAR END;UNKNOWN;STRAIGHT AND LEVEL;UNKNOWN;UNKNOWN;NO INJURY / DRIVE AWAY;;Y;OVER $1,500;UNABLE TO DETERMINE;UNABLE TO DETERMINE;10000;W;BALMORAL AVE;1654;;;;;;;2;NO INDICATION OF INJURY;0;0;0;0;0;2;0;13;1;6;;;;NOT ON SCENE (DESK REPORT);2025-06-15T18:55:00.000
ac036d0216b1a4a91cbaa58185d3ae233e2ed0e27f91cd13f300b6fbc630f735dbd8703073dcf915343aed68d6355a86088edc1f2178121e09695a98634e1c94;2025-06-15 13:11:00;30;UNKNOWN;UNKNOWN;CLEAR;DAYLIGHT;SIDESWIPE SAME DIRECTION;NOT DIVIDED;STRAIGHT AND LEVEL;UNKNOWN;UNKNOWN;NO INJURY / DRIVE AWAY;;;OVER $1,500;UNABLE TO DETERMINE;UNABLE TO DETERMINE;2163;N;CLYBOURN AVE;1811;;;;;;;2;NO INDICATION OF INJURY;0;0;0;0;0;2;0;13;1;6;41.9207042914;-87.6629232597;{'type': 'Point', 'coordinates': [-87.662923259737, 41.920704291419]};NOT ON SCENE (DESK REPORT);2025-06-15T14:00:00.000
e7cfdc074f3cc89ba12cd19de8e11e98233d52752cf6710b72b444de1caa970c97c1283a5ac65a7409fb82423e513893cc7e9131ad67ed5bd242d379558fd948;2025-06-15 13:10:00;30;NO CONTROLS;NO CONTROLS;CLEAR;DAYLIGHT;PARKED MOTOR VEHICLE;PARKING LOT;STRAIGHT AND LEVEL;UNKNOWN;UNKNOWN;NO INJURY / DRIVE AWAY;;;OVER $1,500;FOLLOWING TOO CLOSELY;FOLLOWING TOO CLOSELY;226;W;CHICAGO AVE;1823;;;;;;;2;NO INDICATION OF INJURY;0;0;0;0;0;1;0;13;1;6;41.8966975103;-87.6353593118;{'type': 'Point', 'coordinates': [-87.635359311784, 41.89669751035]};NOT ON SCENE (DESK REPORT);2025-06-15T14:35:00.000
61dc6a6ab0576c6523a7342fc6c19305bb3516c799c760bdddc220a6f821ee18de348431bcdeef1fa11e06f100f43ca5e4427d825e4cc69ed33a4319ea47a47e;2025-06-15 13:00:00;30;UNKNOWN;UNKNOWN;UNKNOWN;DAYLIGHT;TURNING;NOT DIVIDED;STRAIGHT AND LEVEL;UNKNOWN;UNKNOWN;INJURY AND / OR TOW DUE TO CRASH;;;OVER $1,500;UNABLE TO DETERMINE;NOT APPLICABLE;2799;N;DAMEN AVE;1931;;;;;;;2;NO INDICATION OF INJURY;0;0;0;0;0;2;0;13;1;6;41.9321600479;-87.6779870871;{'type': 'Point', 'coordinates': [-87.677987087117, 41.932160047854]};NOT ON SCENE (DESK REPORT);2025-06-15T13:30:00.000
ac250e9ebd82185072b1c8b3bae1e55fa76fbfe2f3062c983d042132b47ac9cdf5cc4edd5c2d47952dbc48aa45ad3bdeab23ff769beaec7a1909b31b2de1398b;2025-06-15 13:00:00;30;TRAFFIC SIGNAL;FUNCTIONING PROPERLY;CLEAR;DAYLIGHT;REAR END;NOT DIVIDED;STRAIGHT AND LEVEL;UNKNOWN;UNKNOWN;NO INJURY / DRIVE AWAY;;Y;OVER $1,500;UNABLE TO DETERMINE;UNABLE TO DETERMINE;11;S;CENTRAL AVE;1522;;;;;;;2;NO INDICATION OF INJURY;0;0;0;0;0;2;0;13;1;6;41.8798269653;-87.7647059039;{'type': 'Point', 'coordinates': [-87.764705903852, 41.879826965348]};NOT ON SCENE (DESK REPORT);2025-06-15T15:26:00.000
0b5d43f71d2bb26b88d6f1fc9869a05ffc57204eef525ba72510fdeb435711286dec583ae3d02668fb9082eed0a30779a47e75d5a31943eabb2e65edf13ff955;2025-06-15 12:55:00;25;TRAFFIC SIGNAL;FUNCTIONING PROPERLY;CLEAR;DAYLIGHT;PEDESTRIAN;NOT DIVIDED;STRAIGHT AND LEVEL;DRY;NO DEFECTS;INJURY AND / OR TOW DUE TO CRASH;;;$500 OR LESS;FAILING TO YIELD RIGHT-OF-WAY;UNABLE TO DETERMINE;400;N;CENTRAL AVE;1512;;;;;;;2;REPORTED, NOT EVIDENT;1;0;0;0;1;1;0;12;1;6;41.8878046205;-87.7652684981;{'type': 'Point', 'coordinates': [-87.765268498104, 41.887804620535]};ON SCENE;2025-06-15T13:00:00.000
ce1f086098d032672422f2b0b25e20112862627dde59f6367f248564e0679718c4a6c53e1677ead45826964ead7e53f231aac71b87fc2ed0e418e95586126ce0;2025-06-15 12:51:00;30;NO CONTROLS;NO CONTROLS;CLEAR;DAYLIGHT;PARKED MOTOR VEHICLE;NOT DIVIDED;STRAIGHT AND LEVEL;DRY;NO DEFECTS;NO INJURY / DRIVE AWAY;;Y;OVER $1,500;IMPROPER OVERTAKING/PASSING;UNABLE TO DETERMINE;5067;W;48TH ST;814;;;;;;;2;NO INDICATION OF INJURY;0;0;0;0;0;1;0;12;1;6;41.8055925703;-87.7503758263;{'type': 'Point', 'coordinates': [-87.750375826296, 41.805592570349]};ON SCENE;2025-06-15T13:03:00.000
7bff79b0bf0f38dc4a8aee245cca0d73fe2ddaee2dd5eff57e0653fdad5eaae7249496cd1468e0468818c5f949f6bf3400387500707e7f7514e4570174f88578;2025-06-15 12:30:00;30;UNKNOWN;UNKNOWN;UNKNOWN;UNKNOWN;SIDESWIPE SAME DIRECTION;UNKNOWN;STRAIGHT AND LEVEL;UNKNOWN;UNKNOWN;NO INJURY / DRIVE AWAY;;;OVER $1,500;UNABLE TO DETERMINE;UNABLE TO DETERMINE;7101;S;STATE ST;323;;;;;;;2;NO INDICATION OF INJURY;0;0;0;0;0;2;0;12;1;6;41.7653974027;-87.6247572857;{'type': 'Point', 'coordinates': [-87.624757285727, 41.765397402699]};NOT ON SCENE (DESK REPORT);2025-06-15T12:30:00.000
917e0a1efad55945046bfe71e592ae09b45a850bdf6c1ee134665ba2be3b7ab93920298014cde696b02e508069d03dcf56d5233a7d5d19be54d0a44544f09837;2025-06-15 12:27:00;30;NO CONTROLS;NO CONTROLS;CLEAR;DAYLIGHT;REAR END;NOT DIVIDED;STRAIGHT AND LEVEL;DRY;NO DEFECTS;INJURY AND / OR TOW DUE TO CRASH;;;OVER $1,500;FOLLOWING TOO CLOSELY;FOLLOWING TOO CLOSELY;3510;N;ELSTON AVE;1733;;;;;;;3;NO INDICATION OF INJURY;0;0;0;0;0;3;0;12;1;6;41.9449549737;-87.7066171821;{'type': 'Point', 'coordinates': [-87.706617182106, 41.944954973681]};ON SCENE;2025-06-15T13:00:00.000
c783184d75b709b0fd05eb9d9008064cc7ada08d8add52b577738985c3f682e4e18196406323ef314b82f6955c9086746bd9db9ea55f82d5be79b66997fb2f55;2025-06-15 12:23:00;30;NO CONTROLS;NO CONTROLS;CLEAR;DAYLIGHT;SIDESWIPE OPPOSITE DIRECTION;DIVIDED - W/MEDIAN (NOT RAISED);STRAIGHT AND LEVEL;DRY;NO DEFECTS;NO INJURY / DRIVE AWAY;;;$501 - $1,500;IMPROPER OVERTAKING/PASSING;NOT APPLICABLE;8315;S;KOSTNER AVE;834;;;;;;;2;NO INDICATION OF INJURY;0;0;0;0;0;8;0;12;1;6;41.7415236522;-87.7312217346;{'type': 'Point', 'coordinates': [-87.731221734648, 41.741523652161]};NOT ON SCENE (DESK REPORT);2025-06-15T13:32:00.000
238d722f35ddb413d60a04bc0ef0c6cd0e88a87dfd890faf094658e5b54c4a6777ef88ab323e8b5b7b44472070622c31a3aeccadc537db2e46e0029120188c58;2025-06-15 12:10:00;30;NO CONTROLS;NO CONTROLS;CLEAR;DAYLIGHT;PARKED MOTOR VEHICLE;NOT DIVIDED;STRAIGHT AND LEVEL;DRY;NO DEFECTS;INJURY AND / OR TOW DUE TO CRASH;;Y;OVER $1,500;FOLLOWING TOO CLOSELY;NOT APPLICABLE;206;S;PULASKI RD;1115;;;;;;;2;REPORTED, NOT EVIDENT;1;0;0;0;1;2;0;12;1;6;41.8777307274;-87.7257161394;{'type': 'Point', 'coordinates': [-87.725716139408, 41.877730727368]};ON SCENE;2025-06-15T12:25:00.000
e7d9e5cfde44a493af13f59ea06c346fb17b4094741e762c86fff6b8d718f517e6379055f7cfebf25e3251d00a7767be0d5aed059a42f658df67f715a2556fc9;2025-06-15 12:07:00;30;NO CONTROLS;NO CONTROLS;CLEAR;DAYLIGHT;ANGLE;FOUR WAY;STRAIGHT AND LEVEL;DRY;NO DEFECTS;INJURY AND / OR TOW DUE TO CRASH;Y;;OVER $1,500;FAILING TO YIELD RIGHT-OF-WAY;NOT APPLICABLE;3431;W;LAWRENCE AVE;1723;;;;;;;2;REPORTED, NOT EVIDENT;2;0;0;0;2;3;0;12;1;6;41.9682776306;-87.7146466074;{'type': 'Point', 'coordinates': [-87.714646607414, 41.968277630586]};ON SCENE;2025-06-15T12:28:00.000
4f025c69c07391671fc69b7850fa2d1cc55b76f64eb82eab0865eb16414e262f4ebc2c22842b0af757897c0f9b237824833eb780682631244319195ab6a8310d;2025-06-15 12:00:00;30;STOP SIGN/FLASHER;NO CONTROLS;CLEAR;DAYLIGHT;ANGLE;NOT DIVIDED;STRAIGHT AND LEVEL;DRY;NO DEFECTS;INJURY AND / OR TOW DUE TO CRASH;Y;;OVER $1,500;FAILING TO YIELD RIGHT-OF-WAY;NOT APPLICABLE;4030;W;AUGUSTA BLVD;1111;;;;;;;3;REPORTED, NOT EVIDENT;1;0;0;0;1;1;0;12;1;6;41.8991102253;-87.7273640062;{'type': 'Point', 'coordinates': [-87.727364006239, 41.899110225335]};ON SCENE;2025-06-15T12:10:00.000
790e8d869f53056abb2cec405bab4344a8e13bca8105cf995407240b4af752fb8afad77cf1a32f949bd569c1b8299b27b631fc38b6f42e5d71577ecb5a531af5;2025-06-15 12:00:00;25;NO CONTROLS;NO CONTROLS;CLEAR;DAYLIGHT;PARKED MOTOR VEHICLE;ONE-WAY;STRAIGHT AND LEVEL;DRY;UNKNOWN;NO INJURY / DRIVE AWAY;;;OVER $1,500;IMPROPER BACKING;IMPROPER BACKING;2456;S;HOMAN AVE;1024;;;;;;;2;NO INDICATION OF INJURY;0;0;0;0;0;1;0;12;1;6;41.8464053516;-87.7101117936;{'type': 'Point', 'coordinates': [-87.710111793612, 41.846405351554]};NOT ON SCENE (DESK REPORT);2025-06-16T18:30:00.000
fffd91b178e8f8d53da79f385a6ca21bf826da95fab52455b984e9ca2a1cb7cffe2382674e06003e414912be9deb04f97e2a73a178b6fdc0780ec21e875bd193;2025-06-15 12:00:00;30;TRAFFIC SIGNAL;FUNCTIONING PROPERLY;CLEAR;DAYLIGHT;TURNING;RAMP;STRAIGHT ON GRADE;DRY;NO DEFECTS;NO INJURY / DRIVE AWAY;Y;;$501 - $1,500;IMPROPER LANE USAGE;NOT APPLICABLE;3200;N;LAKE SHORE DR SB;1925;;;;;;;2;NO INDICATION OF INJURY;0;0;0;0;0;2;0;12;1;6;41.9404429026;-87.6386335392;{'type': 'Point', 'coordinates': [-87.638633539238, 41.940442902597]};NOT ON SCENE (DESK REPORT);2025-06-15T12:00:00.000
fe07f12d7d73ac1a64cde698bb7ccc8e5fa549996a8ceaf7be85835f6bbd6202f033d65f2ebf753ed33bbf8c685d9ae5eb57e6c6fec4822fc01ce521c56cd07a;2025-06-15 11:50:00;45;TRAFFIC SIGNAL;FUNCTIONING PROPERLY;CLEAR;DAYLIGHT;SIDESWIPE SAME DIRECTION;DIVIDED - W/MEDIAN BARRIER;STRAIGHT AND LEVEL;DRY;UNKNOWN;NO INJURY / DRIVE AWAY;;;OVER $1,500;NOT APPLICABLE;NOT APPLICABLE;1901;S;LAKE SHORE DR NB;132;;;;;;;2;NO INDICATION OF INJURY;0;0;0;0;0;2;0;11;1;6;41.8561994979;-87.6154354016;{'type': 'Point', 'coordinates': [-87.615435401603, 41.856199497872]};ON SCENE;2025-06-15T11:54:00.000
c756d181ac6f85e3140979065f88aefc361a2c633d03a86d4e543bbc3c01388b6f807d4a3e002aeb268d81cde3787bf68d72c566e77b3eb4b9baba07649e5228;2025-06-15 11:47:00;30;UNKNOWN;UNKNOWN;UNKNOWN;DAYLIGHT;SIDESWIPE OPPOSITE DIRECTION;NOT DIVIDED;STRAIGHT AND LEVEL;UNKNOWN;UNKNOWN;NO INJURY / DRIVE AWAY;;;OVER $1,500;UNABLE TO DETERMINE;NOT APPLICABLE;2569;N;ELSTON AVE;1432;;;;;;;2;NO INDICATION OF INJURY;0;0;0;0;0;2;0;11;1;6;41.9283433426;-87.6820235875;{'type': 'Point', 'coordinates': [-87.682023587477, 41.928343342562]};NOT ON SCENE (DESK REPORT);2025-06-15T12:45:00.000
2ea8dec7ccce24d05dfdcb01fbf3274fbd64a584a3cdcf49f6399836028fc8a7bf81afcdb846fbc8fb0bdea39d863bbe85237af7357f0f2c5b2cb3b417780d0c;2025-06-15 11:43:00;30;TRAFFIC SIGNAL;UNKNOWN;CLEAR;DAYLIGHT;REAR END;DIVIDED - W/MEDIAN (NOT RAISED);STRAIGHT AND LEVEL;DRY;NO DEFECTS;NO INJURY / DRIVE AWAY;;;OVER $1,500;UNABLE TO DETERMINE;UNABLE TO DETERMINE;5901;S;PULASKI RD;822;;;;;;;2;NO INDICATION OF INJURY;0;0;0;0;0;3;0;11;1;6;41.7858938956;-87.7228133505;{'type': 'Point', 'coordinates': [-87.722813350541, 41.785893895635]};NOT ON SCENE (DESK REPORT);2025-06-15T12:34:00.000
5b744cc4fa354ef3ecf2593658261a9b92fa49d927d818565035716e6b6f388eb82e1aca418a79d2c07e104e799157747b6c9d064d852f8de5bb4558e653f009;2025-06-15 11:38:00;30;NO CONTROLS;NO CONTROLS;CLEAR;DAYLIGHT;PARKED MOTOR VEHICLE;DIVIDED - W/MEDIAN (NOT RAISED);STRAIGHT AND LEVEL;DRY;NO DEFECTS;NO INJURY / DRIVE AWAY;;Y;$501 - $1,500;UNABLE TO DETERMINE;UNABLE TO DETERMINE;3035;W;FULLERTON AVE;1414;;;;;;;2;NO INDICATION OF INJURY;0;0;0;0;0;1;0;11;1;6;41.9246392587;-87.7036589592;{'type': 'Point', 'coordinates': [-87.703658959185, 41.924639258714]};ON SCENE;2025-06-15T11:45:00.000
3724b5a278304c896ba2145e962c1c57e74189b93e1678cb9041d6657bf67f06fa09ea72d4215642d66430d44702a61cd68f30a3d8d8ede02a0a67b1ce17b34c;2025-06-15 11:30:00;30;UNKNOWN;UNKNOWN;CLEAR;DAYLIGHT;REAR TO REAR;PARKING LOT;STRAIGHT AND LEVEL;UNKNOWN;UNKNOWN;NO INJURY / DRIVE AWAY;;Y;OVER $1,500;UNABLE TO DETERMINE;UNABLE TO DETERMINE;2593;N;ELSTON AVE;1432;;;;;;;2;NO INDICATION OF INJURY;0;0;0;0;0;2;0;11;1;6;41.9287769502;-87.682651476;{'type': 'Point', 'coordinates': [-87.682651475952, 41.928776950153]};NOT ON SCENE (DESK REPORT);2025-06-15T13:30:00.000
3b8dd23ce1ef3186463febd38a113008cd0e521387037ae1b4a0bfd5c9c4dde098e4d2cb480d624f16350914cd003b9cc30037a574e02aeac1d82201a727e236;2025-06-15 11:24:00;30;TRAFFIC SIGNAL;FUNCTIONING PROPERLY;CLEAR;DARKNESS, LIGHTED ROAD;HEAD ON;FOUR WAY;STRAIGHT AND LEVEL;DRY;NO DEFECTS;NO INJURY / DRIVE AWAY;;Y;OVER $1,500;DRIVING ON WRONG SIDE/WRONG WAY;NOT APPLICABLE;799;N;CICERO AVE;1111;;;;;;;2;NO INDICATION OF INJURY;0;0;0;0;0;2;0;11;1;6;41.8949590936;-87.7456588987;{'type': 'Point', 'coordinates': [-87.74565889869, 41.894959093611]};ON SCENE;2025-06-16T00:42:00.000
07f3f209f51d00f7f5b33818fc5951945cafcfded73df9ca75cc02d4405d0d5a2f4572203e89731ae52feec814a57fd6a3baef64735b3dd532e74a43f13bd7d6;2025-06-15 11:20:00;30;NO CONTROLS;NO CONTROLS;CLEAR;DAYLIGHT;REAR END;NOT DIVIDED;STRAIGHT AND LEVEL;DRY;NO DEFECTS;NO INJURY / DRIVE AWAY;;;$501 - $1,500;FAILING TO YIELD RIGHT-OF-WAY;UNABLE TO DETERMINE;1420;W;17TH ST;1233;;;;;;;2;NO INDICATION OF INJURY;0;0;0;0;0;2;0;11;1;6;41.8588760589;-87.6622254028;{'type': 'Point', 'coordinates': [-87.662225402816, 41.858876058914]};NOT ON SCENE (DESK REPORT);2025-06-15T11:50:00.000
7ff7505e750c578fe8641164324e930dcb867d1f90f8afc526707c10fedd00217ea5a43b32699301235f05b4aa48faa97ab597bb6dd4615f50d2e7158c0428e5;2025-06-15 11:00:00;30;STOP SIGN/FLASHER;FUNCTIONING PROPERLY;CLEAR;DAYLIGHT;REAR END;NOT DIVIDED;STRAIGHT AND LEVEL;DRY;NO DEFECTS;NO INJURY / DRIVE AWAY;;Y;$501 - $1,500;FOLLOWING TOO CLOSELY;UNABLE TO DETERMINE;1615;W;MARQUETTE RD;725;;;;;;;2;NO INDICATION OF INJURY;0;0;0;0;0;4;0;11;1;6;41.7720726876;-87.6646769213;{'type': 'Point', 'coordinates': [-87.664676921262, 41.772072687599]};NOT ON SCENE (DESK REPORT);2025-06-15T11:15:00.000
ec7a279329991d298194ff2a450e898a1fafa6e2c0acbb36bf1e9bcb49bddaae03ed1964093b5c112ed6f0c94442d1ce331d7eee48295ee58dae67feabbf4c77;2025-06-15 11:00:00;30;NO CONTROLS;NO CONTROLS;CLEAR;DAYLIGHT;PARKED MOTOR VEHICLE;PARKING LOT;STRAIGHT AND LEVEL;DRY;UNKNOWN;NO INJURY / DRIVE AWAY;;Y;OVER $1,500;UNABLE TO DETERMINE;UNABLE TO DETERMINE;710;W;SCHILLER ST;1822;;;;;;;2;NO INDICATION OF INJURY;0;0;0;0;0;1;0;11;1;6;41.907584841;-87.6465961372;{'type': 'Point', 'coordinates': [-87.646596137174, 41.90758484098]};NOT ON SCENE (DESK REPORT);2025-06-15T12:34:00.000
bebe411cf3beb04531974835c9ad1c830b2964f41a1eacfa42c631230f9b8e3252b23ed0a90524e208c5800a19af2457331e71bd3878cbc52d67e218b4482d77;2025-06-15 10:56:00;30;STOP SIGN/FLASHER;FUNCTIONING PROPERLY;CLEAR;DAYLIGHT;ANGLE;FOUR WAY;STRAIGHT AND LEVEL;DRY;NO DEFECTS;INJURY AND / OR TOW DUE TO CRASH;Y;;OVER $1,500;DRIVING SKILLS/KNOWLEDGE/EXPERIENCE;NOT APPLICABLE;2000;W;EVERGREEN AVE;1424;;;;;;;2;NONINCAPACITATING INJURY;1;0;0;1;0;1;0;10;1;6;41.9061174572;-87.6774654297;{'type': 'Point', 'coordinates': [-87.677465429718, 41.906117457231]};ON SCENE;2025-06-15T10:56:00.000
9243c6ed7abb4b061a0cf4a9c223b6e821f84dcb4fe66068832e659fd6ab9f4867d1dcb532fdab69fdbcd139d0ea777ee27543500190c25337bad99486f855ca;2025-06-15 10:53:00;20;NO CONTROLS;NO CONTROLS;CLEAR;DAYLIGHT;PARKED MOTOR VEHICLE;ONE-WAY;STRAIGHT AND LEVEL;DRY;NO DEFECTS;NO INJURY / DRIVE AWAY;;Y;OVER $1,500;UNABLE TO DETERMINE;UNABLE TO DETERMINE;5146;S;LATROBE AVE;814;;;;;;;2;NO INDICATION OF INJURY;0;0;0;0;0;1;0;10;1;6;41.798772251;-87.7540659753;{'type': 'Point', 'coordinates': [-87.754065975268, 41.798772250954]};ON SCENE;2025-06-15T12:49:00.000
310c63cbd44a298e187e17a53dd963bc0ede17fb11aee89b6a569fe3fcf7eba81e332146169885eeee368d5330b714468d98c6619cbce66a4caed3538bd4e8cc;2025-06-15 10:50:00;30;NO CONTROLS;NO CONTROLS;CLEAR;DAYLIGHT;REAR END;T-INTERSECTION;STRAIGHT AND LEVEL;DRY;UNKNOWN;NO INJURY / DRIVE AWAY;;;$501 - $1,500;UNABLE TO DETERMINE;NOT APPLICABLE;3758;W;NORTH AVE;2535;;;;;;;2;NO INDICATION OF INJURY;0;0;0;0;0;2;0;10;1;6;41.9100504202;-87.721396972;{'type': 'Point', 'coordinates': [-87.721396971954, 41.910050420208]};NOT ON SCENE (DESK REPORT);2025-06-15T10:50:00.000
4f38efba655245576337e1f3cdff7eeea9f47328976ed465007632136d42cae441125a9a996eb23efd4268373af1ed2e5287115c72a5edfe939b557330daa4c1;2025-06-15 10:45:00;25;TRAFFIC SIGNAL;FUNCTIONING PROPERLY;CLEAR;DAYLIGHT;PEDALCYCLIST;NOT DIVIDED;STRAIGHT AND LEVEL;DRY;NO DEFECTS;INJURY AND / OR TOW DUE TO CRASH;Y;;$501 - $1,500;UNABLE TO DETERMINE;NOT APPLICABLE;2202;N;HALSTED ST;1812;;;;;;;2;REPORTED, NOT EVIDENT;1;0;0;0;1;1;0;10;1;6;41.9219617539;-87.6487835194;{'type': 'Point', 'coordinates': [-87.648783519398, 41.921961753913]};ON SCENE;2025-06-15T10:46:00.000
00d4610e9303c428b7f591882157c1122102cf9c2d932695dddca2ac3fcc59f3d99207221862221103e71f79d049a783ce3362dc32e9d1c4087250c162af71bb;2025-06-15 10:30:00;30;STOP SIGN/FLASHER;FUNCTIONING PROPERLY;CLEAR;DAYLIGHT;ANGLE;NOT DIVIDED;STRAIGHT AND LEVEL;DRY;NO DEFECTS;NO INJURY / DRIVE AWAY;;;OVER $1,500;FAILING TO YIELD RIGHT-OF-WAY;NOT APPLICABLE;2447;N;KIMBALL AVE;1413;;;;;;;2;NO INDICATION OF INJURY;0;0;0;0;0;3;0;10;1;6;41.9260532061;-87.7119992178;{'type': 'Point', 'coordinates': [-87.711999217845, 41.926053206051]};NOT ON SCENE (DESK REPORT);2025-06-15T11:25:00.000
c8e6f7eb4781a846c986124dfa94f60d185fbabac2702e25bd6af1bc962cee1fc99790467ef3221ee167b0834a73dc7b1802b0907caa837fc4879c4698a21984;2025-06-15 10:30:00;30;NO CONTROLS;NO CONTROLS;CLEAR;DAYLIGHT;PARKED MOTOR VEHICLE;NOT DIVIDED;STRAIGHT AND LEVEL;DRY;UNKNOWN;NO INJURY / DRIVE AWAY;;;OVER $1,500;UNABLE TO DETERMINE;UNABLE TO DETERMINE;541;N;RUSH ST;1834;;;;;;;2;NO INDICATION OF INJURY;0;0;0;0;0;2;0;10;1;6;41.8921949677;-87.6252308634;{'type': 'Point', 'coordinates': [-87.625230863447, 41.892194967717]};NOT ON SCENE (DESK REPORT);2025-06-15T11:34:00.000
415dd14ada038be5b85ddb9b1e66cf5156abe68906ba0027908296f13bd6e07069eabab84f986c442380d73f29d43702e70285727083b679d3c8f645de7c1fda;2025-06-15 10:15:00;30;TRAFFIC SIGNAL;FUNCTIONING PROPERLY;CLEAR;DAYLIGHT;SIDESWIPE SAME DIRECTION;OTHER;STRAIGHT AND LEVEL;DRY;NO DEFECTS;NO INJURY / DRIVE AWAY;;;OVER $1,500;UNABLE TO DETERMINE;NOT APPLICABLE;42;W;IDA B WELLS DR;113;;;;;;;2;NO INDICATION OF INJURY;0;0;0;0;0;2;0;10;1;6;41.8757362591;-87.6292129469;{'type': 'Point', 'coordinates': [-87.629212946899, 41.875736259062]};ON SCENE;2025-06-15T10:16:00.000
5678c8826b3fe193fe322133a9324634c6c096d476df9c8b1a2fa88e1687181ff13aa97c2460fd0f587a3693563f196d9d8f193a04465088b275050881cfc170;2025-06-15 10:15:00;30;TRAFFIC SIGNAL;FUNCTIONING PROPERLY;CLEAR;DAYLIGHT;REAR END;NOT DIVIDED;STRAIGHT AND LEVEL;DRY;NO DEFECTS;NO INJURY / DRIVE AWAY;;Y;$501 - $1,500;UNABLE TO DETERMINE;NOT APPLICABLE;717;N;CICERO AVE;1111;;;;;;;2;NO INDICATION OF INJURY;0;0;0;0;0;3;0;10;1;6;41.8937442679;-87.745619897;{'type': 'Point', 'coordinates': [-87.745619896981, 41.893744267932]};NOT ON SCENE (DESK REPORT);2025-06-15T10:25:00.000
b16cb65743c6757e7d6adab007fde0582065b4baf244ea09d6df222c342295954bd29e51cef178f9dd5c1d2c8721344061271651db8457d3232eb47013f09fdd;2025-06-15 10:10:00;30;STOP SIGN/FLASHER;FUNCTIONING PROPERLY;CLEAR;DAYLIGHT;SIDESWIPE OPPOSITE DIRECTION;NOT DIVIDED;STRAIGHT AND LEVEL;DRY;NO DEFECTS;NO INJURY / DRIVE AWAY;;Y;OVER $1,500;UNABLE TO DETERMINE;FOLLOWING TOO CLOSELY;1301;S;KEDVALE AVE;1011;;;;;;;2;NO INDICATION OF INJURY;0;0;0;0;0;2;0;10;1;6;41.864202205;-87.7286366242;{'type': 'Point', 'coordinates': [-87.728636624187, 41.864202204975]};NOT ON SCENE (DESK REPORT);2025-06-15T14:45:00.000
e1968490b0c7a97a3a0dd213c26adcbe63d3805b27a45d43685176342dc488d7f314ccd772531d9257c8d8cc1cf19f70f689da1014df72de31c53bd29805103d;2025-06-15 10:05:00;30;STOP SIGN/FLASHER;FUNCTIONING PROPERLY;CLEAR;DAYLIGHT;TURNING;FOUR WAY;STRAIGHT AND LEVEL;DRY;NO DEFECTS;INJURY AND / OR TOW DUE TO CRASH;Y;;OVER $1,500;FAILING TO YIELD RIGHT-OF-WAY;DRIVING SKILLS/KNOWLEDGE/EXPERIENCE;5900;W;ERIE ST;1511;;;;;;;2;REPORTED, NOT EVIDENT;1;0;0;0;1;3;0;10;1;6;41.892018859;-87.772335609;{'type': 'Point', 'coordinates': [-87.772335608966, 41.892018859047]};ON SCENE;2025-06-15T10:11:00.000
7cf066861a0f6349796770eeddcfbdf1d5d8a5d63211558d2a9fee1d5db71926cd50fd0737637f1aa8509cdccefe4ea5e1d58a009e818b33ec3c8fe9727a549e;2025-06-15 10:00:00;30;TRAFFIC SIGNAL;FUNCTIONING PROPERLY;CLEAR;DAYLIGHT;REAR END;DIVIDED - W/MEDIAN (NOT RAISED);STRAIGHT AND LEVEL;DRY;NO DEFECTS;NO INJURY / DRIVE AWAY;Y;;OVER $1,500;UNABLE TO DETERMINE;UNABLE TO DETERMINE;1002;N;CICERO AVE;1531;;;;;;;2;NO INDICATION OF INJURY;0;0;0;0;0;3;0;10;1;6;41.8987882403;-87.7460403781;{'type': 'Point', 'coordinates': [-87.746040378146, 41.898788240252]};NOT ON SCENE (DESK REPORT);2025-06-15T10:30:00.000
2d8ecac1cb29c4614b63c9efb26431d09a654f4d1e56a3e9faf80d542d3d9285e86331341bd6684df6d0454ebf6bbf0821cdd795da95cc4cb0646d968cbf33c0;2025-06-15 09:45:00;30;TRAFFIC SIGNAL;UNKNOWN;CLEAR;DAYLIGHT;PEDESTRIAN;FOUR WAY;STRAIGHT AND LEVEL;UNKNOWN;UNKNOWN;INJURY AND / OR TOW DUE TO CRASH;Y;;OVER $1,500;FAILING TO YIELD RIGHT-OF-WAY;UNABLE TO DETERMINE;2399;N;CLARK ST;1814;;;;;;;2;NONINCAPACITATING INJURY;1;0;0;1;0;1;0;9;1;6;41.9255421726;-87.6402890999;{'type': 'Point', 'coordinates': [-87.640289099938, 41.925542172569]};ON SCENE;2025-06-15T09:49:00.000
beb6ea3dab1c88e83e662394009f75343e264cd8dd7956c773ddde7235ad7935f647f25a99638e53964aa722254b28d82f681316900ca8dfdb09984d7555fa0e;2025-06-15 09:42:00;30;TRAFFIC SIGNAL;FUNCTIONING PROPERLY;CLEAR;DAYLIGHT;ANGLE;FOUR WAY;STRAIGHT AND LEVEL;DRY;NO DEFECTS;INJURY AND / OR TOW DUE TO CRASH;Y;;OVER $1,500;DISREGARDING TRAFFIC SIGNALS;FAILING TO REDUCE SPEED TO AVOID CRASH;2200;S;PULASKI RD;1013;;;;;;;4;INCAPACITATING INJURY;2;0;2;0;0;2;0;9;1;6;41.8515214423;-87.7249047867;{'type': 'Point', 'coordinates': [-87.72490478675, 41.851521442331]};ON SCENE;2025-06-15T09:42:00.000
b735af263aa1933eed455ad0ac68cec9c4fef7f1366a95ab747b52e146fe491818a0d0611a5072fe98c933ee302186a4e9b75ddf182c3c9ba1d3534293bb024f;2025-06-15 09:40:00;0;NO CONTROLS;NO CONTROLS;CLEAR;DAYLIGHT;PARKED MOTOR VEHICLE;DRIVEWAY;STRAIGHT AND LEVEL;DRY;NO DEFECTS;NO INJURY / DRIVE AWAY;;;OVER $1,500;UNABLE TO DETERMINE;UNABLE TO DETERMINE;9662;S;WINSTON AVE;2213;;;;;;;2;NO INDICATION OF INJURY;0;0;0;0;0;1;0;9;1;6;41.7178237023;-87.6595580304;{'type': 'Point', 'coordinates': [-87.659558030398, 41.717823702342]};ON SCENE;2025-06-15T09:43:00.000
274a36da518c1e7c2bcf0e0c8e9539ddc17193c0092d9686d8b9919344d26b0025082d7896b6e42fc23ee159ab60a5fc6f17ae88ccc9f7823a1aa87ed285d990;2025-06-15 09:35:00;30;TRAFFIC SIGNAL;FUNCTIONING PROPERLY;CLEAR;DAYLIGHT;ANGLE;FOUR WAY;STRAIGHT AND LEVEL;DRY;NO DEFECTS;INJURY AND / OR TOW DUE TO CRASH;Y;;OVER $1,500;DISREGARDING TRAFFIC SIGNALS;DISREGARDING TRAFFIC SIGNALS;3140;S;ARCHER AVE;912;;Y;;;;;2;NONINCAPACITATING INJURY;2;0;0;1;1;5;0;9;1;6;41.8370663331;-87.666980657;{'type': 'Point', 'coordinates': [-87.666980656964, 41.83706633313]};ON SCENE;2025-06-15T09:39:00.000
8efb420d8cff51bc7c2eac6d9851032b49b77bc1b916629f6aecf21a286467227f05766abc172cba533a0f0f7d0a5cf348e808e8192babb9eb0356bbd765c6a5;2025-06-15 09:30:00;30;UNKNOWN;UNKNOWN;CLEAR;DAYLIGHT;PARKED MOTOR VEHICLE;NOT DIVIDED;STRAIGHT AND LEVEL;DRY;UNKNOWN;NO INJURY / DRIVE AWAY;;Y;OVER $1,500;NOT APPLICABLE;NOT APPLICABLE;7035;S;VERNON AVE;322;;;;;;;2;NO INDICATION OF INJURY;0;0;0;0;0;1;0;9;1;6;41.7665005884;-87.6139262477;{'type': 'Point', 'coordinates': [-87.61392624773, 41.766500588369]};ON SCENE;2025-06-15T10:11:00.000
b623c81924b99fb549e63f69c5d11af247d28382845829cc328cd64d05435d031ea5687000ad0d7b01c92749130fa87deb184f731ddf9f9e6720481a30064ce8;2025-06-15 09:08:00;30;TRAFFIC SIGNAL;FUNCTIONING PROPERLY;CLEAR;DAYLIGHT;REAR END;FOUR WAY;STRAIGHT AND LEVEL;DRY;NO DEFECTS;NO INJURY / DRIVE AWAY;Y;;$501 - $1,500;FAILING TO REDUCE SPEED TO AVOID CRASH;DRIVING SKILLS/KNOWLEDGE/EXPERIENCE;3900;S;CALIFORNIA AVE;921;;;;;;;2;NO INDICATION OF INJURY;0;0;0;0;0;2;0;9;1;6;41.8227482278;-87.6947772933;{'type': 'Point', 'coordinates': [-87.69477729328, 41.822748227787]};ON SCENE;2025-06-15T09:08:00.000
f208b590f412ddabae2b363c410e3180bdeb6ab5c3c99d9ddda471f44fe22708e31a7873839b6ae56bf50cb93f8fa4faf2156535354f21fc553508b659c3acbc;2025-06-15 08:55:00;30;TRAFFIC SIGNAL;FUNCTIONING PROPERLY;CLEAR;DAYLIGHT;TURNING;FOUR WAY;STRAIGHT AND LEVEL;DRY;NO DEFECTS;NO INJURY / DRIVE AWAY;Y;;OVER $1,500;UNABLE TO DETERMINE;NOT APPLICABLE;100;E;BALBO DR;114;;;;;;;2;NO INDICATION OF INJURY;0;0;0;0;0;2;0;8;1;6;41.8732724218;-87.6241252646;{'type': 'Point', 'coordinates': [-87.62412526457, 41.873272421845]};ON SCENE;2025-06-15T08:59:00.000
62a4635c8eb0ee4a7a1555dd9216982a4ce494cfdcff4b53704bf163390c4ef7b6532b07bcd60b3cea90153db437ddc3b5291b007b5ea2204cfa266df6b7229c;2025-06-15 08:04:00;35;NO CONTROLS;NO CONTROLS;CLEAR;DAYLIGHT;FIXED OBJECT;NOT DIVIDED;STRAIGHT AND LEVEL;DRY;NO DEFECTS;INJURY AND / OR TOW DUE TO CRASH;;;OVER $1,500;EVASIVE ACTION DUE TO ANIMAL, OBJECT, NONMOTORIST;NOT APPLICABLE;9165;S;LAKE SHORE DR;424;;;;;;;1;INCAPACITATING INJURY;1;0;1;0;0;0;0;8;1;6;41.7289783676;-87.5421225923;{'type': 'Point', 'coordinates': [-87.542122592269, 41.728978367602]};ON SCENE;2025-06-15T08:13:00.000
6ddac2fc9e869e4a0c9aad59f6505fdf54922618bbc790101affd8b68c82f9b2f63e5f1cef1e11cba8279a0606836d1617b958224b2a9e33967622c05c72242b;2025-06-15 08:00:00;30;NO CONTROLS;NO CONTROLS;CLEAR;DAYLIGHT;PARKED MOTOR VEHICLE;NOT DIVIDED;STRAIGHT AND LEVEL;DRY;NO DEFECTS;NO INJURY / DRIVE AWAY;;Y;OVER $1,500;IMPROPER OVERTAKING/PASSING;NOT APPLICABLE;1820;W;18TH ST;1234;;;;;;;2;NO INDICATION OF INJURY;0;0;0;0;0;1;0;8;1;6;41.8578211255;-87.671984068;{'type': 'Point', 'coordinates': [-87.671984068032, 41.857821125483]};NOT ON SCENE (DESK REPORT);2025-06-15T14:40:00.000
7247c84e78e5527f5baff889e4722c25971f1212c9758c6f94a62f6cffb3dd29de37f0b68ad29f57d39a4a033a1541aafe61b11dbdb92404419048348c9f14a0;2025-06-15 08:00:00;25;NO CONTROLS;NO CONTROLS;CLEAR;DAYLIGHT;PARKED MOTOR VEHICLE;ONE-WAY;STRAIGHT AND LEVEL;DRY;NO DEFECTS;NO INJURY / DRIVE AWAY;;Y;OVER $1,500;UNABLE TO DETERMINE;UNABLE TO DETERMINE;4733;S;INDIANA AVE;224;;;;;;;2;NO INDICATION OF INJURY;0;0;0;0;0;1;0;8;1;6;41.8083188673;-87.6210411485;{'type': 'Point', 'coordinates': [-87.621041148491, 41.808318867342]};NOT ON SCENE (DESK REPORT);2025-06-15T13:30:00.000
86b7ac73568eae19a6258228f26bcd16ad12f9bc5dc50a9411f0cb3b59acabc715c1210590826df4f19fcc4fa0044bcbb5d1718b6e2ac39761eabee152535e42;2025-06-15 08:00:00;10;NO CONTROLS;NO CONTROLS;UNKNOWN;UNKNOWN;PARKED MOTOR VEHICLE;ONE-WAY;STRAIGHT AND LEVEL;UNKNOWN;UNKNOWN;NO INJURY / DRIVE AWAY;;N;OVER $1,500;UNABLE TO DETERMINE;UNABLE TO DETERMINE;1552;N;WIELAND ST;1821;;;;;;;2;NO INDICATION OF INJURY;0;0;0;0;0;1;0;8;1;6;41.9108969319;-87.6358406294;{'type': 'Point', 'coordinates': [-87.635840629413, 41.910896931883]};ON SCENE;2025-06-15T16:59:00.000
d31e16272da8c70e1d6c08210b0ae663fe1587d91cf80adc0a64c59588e7cca8775d2da761a391e18752cff99a1f01976151c416aaf2007d6e823035ef047e4a;2025-06-15 07:45:00;5;NO CONTROLS;NO CONTROLS;CLEAR;UNKNOWN;OTHER OBJECT;OTHER;STRAIGHT AND LEVEL;DRY;UNKNOWN;NO INJURY / DRIVE AWAY;;;OVER $1,500;DRIVING SKILLS/KNOWLEDGE/EXPERIENCE;DRIVING SKILLS/KNOWLEDGE/EXPERIENCE;3949;W;16TH ST;1014;;;;;;;1;NO INDICATION OF INJURY;0;0;0;0;0;1;0;7;1;6;41.8587636416;-87.7243769349;{'type': 'Point', 'coordinates': [-87.724376934924, 41.858763641561]};ON SCENE;2025-06-15T08:06:00.000
c238eb2edc18779fc413b497eb6ed6e58986df6421a18d4185a3f90d41f7e6921dc59831e03c0b7048fab04d69cfd1111ff27a026c856eff3de197b71bf01652;2025-06-15 07:30:00;30;TRAFFIC SIGNAL;FUNCTIONING PROPERLY;CLEAR;DAYLIGHT;REAR END;NOT DIVIDED;STRAIGHT AND LEVEL;DRY;NO DEFECTS;NO INJURY / DRIVE AWAY;;;OVER $1,500;FAILING TO REDUCE SPEED TO AVOID CRASH;NOT APPLICABLE;4001;N;PULASKI RD;1723;;;;;;;2;NO INDICATION OF INJURY;0;0;0;0;0;3;0;7;1;6;41.9537414018;-87.7274725713;{'type': 'Point', 'coordinates': [-87.727472571329, 41.953741401809]};NOT ON SCENE (DESK REPORT);2025-06-15T08:15:00.000
d931a385e0924e265eaaa112099af29f985802c43481def4db6ea11537a738c8a4b7f73920eb6337288a3eb4d1b152129fb5e35917f00bdafb59bc4ec2236e70;2025-06-15 07:00:00;30;NO CONTROLS;NO CONTROLS;CLEAR;DAYLIGHT;ANGLE;NOT DIVIDED;STRAIGHT AND LEVEL;DRY;UNKNOWN;NO INJURY / DRIVE AWAY;;;OVER $1,500;FAILING TO YIELD RIGHT-OF-WAY;UNABLE TO DETERMINE;4645;W;BELDEN AVE;2522;;;;;;;2;NO INDICATION OF INJURY;0;0;0;0;0;4;0;7;1;6;41.9223390467;-87.7434437257;{'type': 'Point', 'coordinates': [-87.743443725706, 41.922339046659]};NOT ON SCENE (DESK REPORT);2025-06-15T08:15:00.000
c660795b8ddf85e59595a66d0d134f8a6469cbe16b615eb81416f48264b8977f28afc860c3930721cbead6a999db2d919061cc51e06eb0dc482391758972add4;2025-06-15 06:59:00;30;NO CONTROLS;NO CONTROLS;CLEAR;DAYLIGHT;SIDESWIPE SAME DIRECTION;NOT DIVIDED;STRAIGHT AND LEVEL;DRY;UNKNOWN;INJURY AND / OR TOW DUE TO CRASH;;;OVER $1,500;FAILING TO YIELD RIGHT-OF-WAY;UNABLE TO DETERMINE;3213;W;IRVING PARK RD;1733;;;;;;;2;NO INDICATION OF INJURY;0;0;0;0;0;3;0;6;1;6;41.9538062115;-87.7085471483;{'type': 'Point', 'coordinates': [-87.708547148264, 41.95380621146]};ON SCENE;2025-06-15T07:09:00.000
4d9dd869fc933dd7f5911f5d8042040d51557b074d659fcd72382965e75b456b26a43b7de86e4e1836264540fcaa150bd34422265679f39f734d4beaf45aba6e;2025-06-15 06:55:00;30;STOP SIGN/FLASHER;FUNCTIONING PROPERLY;CLEAR;DAYLIGHT;TURNING;DIVIDED - W/MEDIAN (NOT RAISED);STRAIGHT AND LEVEL;DRY;NO DEFECTS;NO INJURY / DRIVE AWAY;Y;;OVER $1,500;FAILING TO YIELD RIGHT-OF-WAY;UNABLE TO DETERMINE;5601;N;AVONDALE AVE;1622;;;;;;;2;NO INDICATION OF INJURY;0;0;0;0;0;4;0;6;1;6;41.9830630854;-87.7840819438;{'type': 'Point', 'coordinates': [-87.784081943797, 41.983063085428]};ON SCENE;2025-06-15T06:55:00.000
08d330f591aaa217ccf0e035dd0b8a18096d0e375ef7c4cc415c12ec6d46e1702a699539502fc31c9678ecc127524df69877b06401e221efd9a101472f7d9c33;2025-06-15 06:40:00;30;TRAFFIC SIGNAL;FUNCTIONING PROPERLY;CLEAR;DAYLIGHT;TURNING;CENTER TURN LANE;STRAIGHT AND LEVEL;DRY;UNKNOWN;NO INJURY / DRIVE AWAY;;;OVER $1,500;UNABLE TO DETERMINE;NOT APPLICABLE;2800;N;CLYBOURN AVE;1931;;;;;;;2;NO INDICATION OF INJURY;0;0;0;0;0;2;0;6;1;6;41.9322970111;-87.6783610875;{'type': 'Point', 'coordinates': [-87.678361087495, 41.932297011088]};NOT ON SCENE (DESK REPORT);2025-06-15T06:40:00.000
b87a52db05230de6a6c88e4a4f2305261cef39577693b0db234cb22f5bd4a5ea1e8d16627ad788bee592339aa55db25e79c0b7bd1fc1965773662512f8fc5b1a;2025-06-15 06:40:00;30;TRAFFIC SIGNAL;FUNCTIONING PROPERLY;CLEAR;DAYLIGHT;TURNING;FIVE POINT, OR MORE;STRAIGHT AND LEVEL;DRY;NO DEFECTS;NO INJURY / DRIVE AWAY;Y;;OVER $1,500;FAILING TO YIELD RIGHT-OF-WAY;UNABLE TO DETERMINE;2800;N;DAMEN AVE;1931;;;;;;;2;NO INDICATION OF INJURY;0;0;0;0;0;2;0;6;1;6;41.9323294941;-87.6782827193;{'type': 'Point', 'coordinates': [-87.678282719314, 41.932329494099]};NOT ON SCENE (DESK REPORT);2025-06-15T07:10:00.000
6e2973ddce2506aba59f99310d7d44df093ed862a09e575f2c80bc51dd72123132d055c839af28d36d3a7344c3df0acd38bfb71b3541e189afc4a5888024dd35;2025-06-15 06:20:00;30;NO CONTROLS;NO CONTROLS;UNKNOWN;UNKNOWN;PARKED MOTOR VEHICLE;ONE-WAY;STRAIGHT AND LEVEL;UNKNOWN;UNKNOWN;NO INJURY / DRIVE AWAY;;Y;OVER $1,500;UNABLE TO DETERMINE;UNABLE TO DETERMINE;1527;W;GARFIELD BLVD;713;;;;;;;2;NO INDICATION OF INJURY;0;0;0;0;0;1;0;6;1;6;41.7935659969;-87.6632795939;{'type': 'Point', 'coordinates': [-87.663279593869, 41.793565996914]};NOT ON SCENE (DESK REPORT);2025-06-15T07:20:00.000
a33090299b718e1e5a34a9d26f64c793011faee6b8833b62ff29163a32e5c84367a62045edaa916a7d0c9361a5f2c4c4fd6991d7c4c84de8b93524ff5845b7b4;2025-06-15 06:05:00;30;TRAFFIC SIGNAL;NO CONTROLS;CLEAR;DAYLIGHT;TURNING;OTHER;STRAIGHT AND LEVEL;DRY;WORN SURFACE;NO INJURY / DRIVE AWAY;;;$501 - $1,500;IMPROPER TURNING/NO SIGNAL;NOT APPLICABLE;3621;S;INDIANA AVE;212;;;;;;;2;NO INDICATION OF INJURY;0;0;0;0;0;2;0;6;1;6;41.828977106;-87.621571005;{'type': 'Point', 'coordinates': [-87.621571004978, 41.828977105954]};NOT ON SCENE (DESK REPORT);2025-06-15T06:40:00.000
e1c1ee6b1a1e4241474fa9e790e174ee024461163a80873316afce6bfff98621dde9fcb1d388a71be3d83d939dbf5091d9f56d548e5d535d1cdf21caab023635;2025-06-15 05:02:00;30;NO CONTROLS;NO CONTROLS;CLEAR;DAWN;SIDESWIPE SAME DIRECTION;DIVIDED - W/MEDIAN BARRIER;STRAIGHT AND LEVEL;DRY;NO DEFECTS;INJURY AND / OR TOW DUE TO CRASH;;N;OVER $1,500;UNDER THE INFLUENCE OF ALCOHOL/DRUGS (USE WHEN ARREST IS EFFECTED);UNDER THE INFLUENCE OF ALCOHOL/DRUGS (USE WHEN ARREST IS EFFECTED);6502;N;SHERIDAN RD;2432;;;;;;;2;NO INDICATION OF INJURY;0;0;0;0;0;2;0;5;1;6;42.0004434961;-87.6608593509;{'type': 'Point', 'coordinates': [-87.660859350903, 42.000443496129]};ON SCENE;2025-06-15T05:19:00.000
81a1ae07d0641a6924d67ead5b301dd011dfe2681befd76c11d18611057b7593fd2c0dedbe59cfab134801be65eaedfbbd14a37cd3a4cef336aadce55f3f10d0;2025-06-15 05:00:00;30;NO CONTROLS;NO CONTROLS;CLEAR;DAWN;SIDESWIPE SAME DIRECTION;NOT DIVIDED;STRAIGHT AND LEVEL;DRY;NO DEFECTS;INJURY AND / OR TOW DUE TO CRASH;;;OVER $1,500;FAILING TO YIELD RIGHT-OF-WAY;NOT APPLICABLE;14;S;LEAVITT ST;1223;Y;Y;;;;;4;NO INDICATION OF INJURY;0;0;0;0;0;2;0;5;1;6;41.8808010133;-87.6816729302;{'type': 'Point', 'coordinates': [-87.681672930248, 41.880801013251]};ON SCENE;2025-06-15T05:04:00.000
b147c7ef400999c4fde8ef52929a14b329525f7c8499a6c76ed5d073559b719883ee327e73470bf6fdb6ed3bbab17e82891082b46d08f178a669494dd3fa8914;2025-06-15 04:45:00;30;NO CONTROLS;NO CONTROLS;CLEAR;DUSK;FIXED OBJECT;PARKING LOT;STRAIGHT AND LEVEL;DRY;NO DEFECTS;NO INJURY / DRIVE AWAY;;;$500 OR LESS;IMPROPER TURNING/NO SIGNAL;NOT APPLICABLE;3801;W;HARRISON ST;1133;;;;;;;2;NO INDICATION OF INJURY;0;0;0;0;0;2;0;4;1;6;41.8734046453;-87.7203996283;{'type': 'Point', 'coordinates': [-87.720399628297, 41.873404645345]};ON SCENE;2025-06-15T04:45:00.000
2f8c8fec4ed0934eedf07ce7a68cdd3b75277ea0db6b9f23175fddd6ad0958cff0b920cff9861eef9c82ae93cf9371a7c30a86d80b9530ae5774daa372971be7;2025-06-15 04:37:00;15;NO CONTROLS;NO CONTROLS;CLEAR;DAYLIGHT;FIXED OBJECT;ALLEY;STRAIGHT AND LEVEL;DRY;NO DEFECTS;INJURY AND / OR TOW DUE TO CRASH;;Y;OVER $1,500;UNABLE TO DETERMINE;UNABLE TO DETERMINE;6719;S;CORNELL AVE;332;;;;;;;1;NO INDICATION OF INJURY;0;0;0;0;0;1;0;4;1;6;41.7727448421;-87.5849167235;{'type': 'Point', 'coordinates': [-87.584916723495, 41.772744842084]};ON SCENE;2025-06-15T04:47:00.000
78d7b0776fb453906767ae1ba41282c629246eda664c1503b176478f22c9172afbf34388089dc040b97ec079852eef082c652eb716be867350dba1f5e69a9c4d;2025-06-15 04:30:00;30;NO CONTROLS;NO CONTROLS;CLEAR;DARKNESS, LIGHTED ROAD;REAR END;NOT DIVIDED;STRAIGHT AND LEVEL;DRY;NO DEFECTS;NO INJURY / DRIVE AWAY;;Y;OVER $1,500;OPERATING VEHICLE IN ERRATIC, RECKLESS, CARELESS, NEGLIGENT OR AGGRESSIVE MANNER;NOT APPLICABLE;7100;S;WESTERN AVE;832;;;;;;;2;NO INDICATION OF INJURY;0;0;0;0;0;3;0;4;1;6;41.7646089122;-87.6833870533;{'type': 'Point', 'coordinates': [-87.683387053281, 41.764608912236]};NOT ON SCENE (DESK REPORT);2025-06-15T21:00:00.000
740cba89c941c3df531eebbc4cb94c28217fb0b7e132eaec91e1f493fd3d1337c5a848a5ec75dce18c1beaa671905580213ed599ea343fb48ab84b5e6e43254c;2025-06-15 04:27:00;30;NO CONTROLS;NO CONTROLS;CLEAR;DAYLIGHT;HEAD ON;FOUR WAY;STRAIGHT AND LEVEL;DRY;NO DEFECTS;INJURY AND / OR TOW DUE TO CRASH;Y;;OVER $1,500;DRIVING ON WRONG SIDE/WRONG WAY;IMPROPER LANE USAGE;3900;S;WESTERN AVE;921;;;;;;;2;NONINCAPACITATING INJURY;1;0;0;1;0;1;0;4;1;6;41.8229542941;-87.685012986;{'type': 'Point', 'coordinates': [-87.685012986006, 41.822954294114]};ON SCENE;2025-06-15T05:03:00.000
1af80241ad5aaeca8188e71e85fae6e279575c6040b64a8f96157dc5f68f360f3d80b5514587746c90fd9e64bab53165ec1af01f0efb59e418a4744ada124790;2025-06-15 04:25:00;20;NO CONTROLS;NO CONTROLS;CLEAR;DAWN;PARKED MOTOR VEHICLE;NOT DIVIDED;STRAIGHT AND LEVEL;DRY;NO DEFECTS;INJURY AND / OR TOW DUE TO CRASH;;;OVER $1,500;DRIVING SKILLS/KNOWLEDGE/EXPERIENCE;FAILING TO REDUCE SPEED TO AVOID CRASH;2625;W;55TH ST;824;;;;;;;4;REPORTED, NOT EVIDENT;1;0;0;0;1;0;0;4;1;6;41.7936505091;-87.6900777895;{'type': 'Point', 'coordinates': [-87.690077789526, 41.793650509141]};ON SCENE;2025-06-15T04:29:00.000
4e865ee6bf33b4196034f9efe1f27df7e8b9a50710c2630adc26edd17a8af8fc605ed126b13f3c0fe03a434054406d6ecfb468b6790603359ffd1c2e8aa320f5;2025-06-15 04:00:00;30;NO CONTROLS;NO CONTROLS;UNKNOWN;UNKNOWN;PARKED MOTOR VEHICLE;NOT DIVIDED;STRAIGHT AND LEVEL;UNKNOWN;NO DEFECTS;INJURY AND / OR TOW DUE TO CRASH;;Y;OVER $1,500;UNABLE TO DETERMINE;NOT APPLICABLE;7631;S;MORGAN ST;621;;;;;;;3;;;;;;;;;4;1;6;41.7550940289;-87.648863253;{'type': 'Point', 'coordinates': [-87.648863252963, 41.755094028933]};ON SCENE;2025-06-15T04:08:00.000
c45c6dfc4e55531ba0e034d76503e5952d3842fdce1da943673cc6b3eeb70240c60df0137c830f4c8d82cc10ff51dee1d55ff642670d0ba0eb5391281d08467a;2025-06-15 04:00:00;15;NO CONTROLS;NO CONTROLS;UNKNOWN;UNKNOWN;PARKED MOTOR VEHICLE;ONE-WAY;STRAIGHT AND LEVEL;UNKNOWN;UNKNOWN;INJURY AND / OR TOW DUE TO CRASH;;;OVER $1,500;UNABLE TO DETERMINE;NOT APPLICABLE;6833;S;PAXTON AVE;331;;;;;;;3;NO INDICATION OF INJURY;0;0;0;0;0;1;0;4;1;6;41.7706838947;-87.5713862668;{'type': 'Point', 'coordinates': [-87.571386266844, 41.770683894736]};ON SCENE;2025-06-15T04:06:00.000
6ec65b571c9c5aec889c2b6c7020b4177c561c69bb4357376edc0a8ae022b4731235b89606bb95809def555033d1546cd796138fc7a3dd8882ad9ff01d91db9c;2025-06-15 03:50:00;30;TRAFFIC SIGNAL;FUNCTIONING PROPERLY;CLEAR;DARKNESS, LIGHTED ROAD;REAR END;DIVIDED - W/MEDIAN (NOT RAISED);STRAIGHT AND LEVEL;DRY;NO DEFECTS;NO INJURY / DRIVE AWAY;Y;;OVER $1,500;FAILING TO REDUCE SPEED TO AVOID CRASH;NOT APPLICABLE;3953;W;ROOSEVELT RD;1011;;;;;;;2;NO INDICATION OF INJURY;0;0;0;0;0;2;0;3;1;6;41.8660672111;-87.7248313267;{'type': 'Point', 'coordinates': [-87.724831326705, 41.866067211085]};NOT ON SCENE (DESK REPORT);2025-06-15T09:30:00.000
a88cb6a74f3d07209102c774c8e18a245e9e762afde49104e098829a91e10c831cfc4d1680264a304ab3aef4b0ec72707c86358a4e199c9aeccf0e8bd6b903ec;2025-06-15 03:45:00;25;NO CONTROLS;NO CONTROLS;CLEAR;DARKNESS, LIGHTED ROAD;REAR END;NOT DIVIDED;STRAIGHT AND LEVEL;DRY;UNKNOWN;INJURY AND / OR TOW DUE TO CRASH;;;OVER $1,500;UNABLE TO DETERMINE;UNABLE TO DETERMINE;4202;W;31ST ST;1031;;;;;;;2;REPORTED, NOT EVIDENT;3;0;0;0;3;2;0;3;1;6;41.8369337416;-87.7293670238;{'type': 'Point', 'coordinates': [-87.729367023758, 41.836933741569]};NOT ON SCENE (DESK REPORT);2025-06-15T04:15:00.000
57fbcba7b73ce4b5eb624663cd008cadf7e516319bd8d06aa39ae4527a9ed59e68efd3f6bed244da9889a4a1136522eb620efd44db68151becd3c0df4ad438ad;2025-06-15 03:39:00;35;NO CONTROLS;NO CONTROLS;CLEAR;DARKNESS, LIGHTED ROAD;FIXED OBJECT;NOT DIVIDED;STRAIGHT AND LEVEL;UNKNOWN;UNKNOWN;INJURY AND / OR TOW DUE TO CRASH;;;OVER $1,500;EVASIVE ACTION DUE TO ANIMAL, OBJECT, NONMOTORIST;NOT APPLICABLE;4010;S;DR MARTIN LUTHER KING JR DR;213;;;;;;;1;NO INDICATION OF INJURY;0;0;0;0;0;1;0;3;1;6;41.8216833003;-87.6170847247;{'type': 'Point', 'coordinates': [-87.617084724673, 41.821683300343]};ON SCENE;2025-06-15T03:39:00.000
8f3c82a3013d05329fa700425130c565da468cd03938b287c547ec25244532f3c46aa9d2f5c5622bfd5d23a00ae3466b2610a2a73372c94a33f0a613cb28ad1c;2025-06-15 03:25:00;30;TRAFFIC SIGNAL;FUNCTIONING PROPERLY;CLEAR;DARKNESS, LIGHTED ROAD;REAR TO FRONT;DIVIDED - W/MEDIAN (NOT RAISED);STRAIGHT AND LEVEL;DRY;UNKNOWN;NO INJURY / DRIVE AWAY;;;$501 - $1,500;IMPROPER BACKING;IMPROPER BACKING;1029;N;STATE ST;1824;;;;;;;2;NO INDICATION OF INJURY;0;0;0;0;0;2;0;3;1;6;41.9014699459;-87.6281876091;{'type': 'Point', 'coordinates': [-87.62818760908, 41.901469945937]};NOT ON SCENE (DESK REPORT);2025-06-15T03:50:00.000
2c0d2a887d2296df0755cbcbe8805ce957ac841398ab1953159dc41aa1f134d979161d017d1ecc27d725593e420433f1ca254f1a0bcff5eeeaef6bcccd9a6526;2025-06-15 03:20:00;30;NO CONTROLS;NO CONTROLS;CLEAR;DARKNESS, LIGHTED ROAD;TURNING;FOUR WAY;STRAIGHT AND LEVEL;DRY;NO DEFECTS;INJURY AND / OR TOW DUE TO CRASH;Y;;OVER $1,500;FAILING TO REDUCE SPEED TO AVOID CRASH;IMPROPER TURNING/NO SIGNAL;9001;S;ASHLAND AVE;2221;;;;;;;2;NONINCAPACITATING INJURY;4;0;0;3;1;1;0;3;1;6;41.7302093393;-87.662753683;{'type': 'Point', 'coordinates': [-87.662753682988, 41.730209339333]};ON SCENE;2025-06-15T03:20:00.000
b2b0890305d52ded47da33157a68943fae2765fd9b3e97966b6ce5ec6e813f848aabd50573a984b2baf5be9510d30506d3b7a2d05fed21dac0a56fdbaa88307a;2025-06-15 03:15:00;30;OTHER;OTHER;OTHER;UNKNOWN;SIDESWIPE SAME DIRECTION;OTHER;STRAIGHT AND LEVEL;OTHER;OTHER;NO INJURY / DRIVE AWAY;;;OVER $1,500;UNABLE TO DETERMINE;UNABLE TO DETERMINE;5900;S;INDIANA AVE;232;;;;;;;2;NO INDICATION OF INJURY;0;0;0;0;0;2;0;3;1;6;41.7873511405;-87.6208027124;{'type': 'Point', 'coordinates': [-87.620802712403, 41.787351140458]};NOT ON SCENE (DESK REPORT);2025-06-15T03:25:00.000
26814bb60c59e631aa46a347475afe754bcef080da37dbf7f62ce81b39a154ede3de14ff2f04b09b108deea33f5a8a5d26da1de49228632c9d3f6dd422eb7875;2025-06-15 03:12:00;30;NO CONTROLS;NO CONTROLS;CLEAR;DARKNESS, LIGHTED ROAD;TURNING;ONE-WAY;STRAIGHT AND LEVEL;UNKNOWN;UNKNOWN;INJURY AND / OR TOW DUE TO CRASH;;;$501 - $1,500;FAILING TO YIELD RIGHT-OF-WAY;IMPROPER TURNING/NO SIGNAL;65;W;ERIE ST;1832;;;;;;;2;REPORTED, NOT EVIDENT;1;0;0;0;1;1;0;3;1;6;41.8939290508;-87.6306699417;{'type': 'Point', 'coordinates': [-87.630669941702, 41.893929050765]};ON SCENE;2025-06-15T04:25:00.000
39426efcfa56548088f5dfb58e4db8941107ce6488a84c581c6d62db9bfa82b95d7d2c7d92b955b0de4776a7122c3a4155cbbc894e8bc9e73d13ee1cb3e694bc;2025-06-15 03:10:00;35;NO CONTROLS;NO CONTROLS;CLEAR;DARKNESS, LIGHTED ROAD;FIXED OBJECT;NOT DIVIDED;STRAIGHT AND LEVEL;DRY;NO DEFECTS;INJURY AND / OR TOW DUE TO CRASH;;Y;OVER $1,500;UNABLE TO DETERMINE;UNABLE TO DETERMINE;3746;W;MARQUETTE RD;833;;;;;;;1;NO INDICATION OF INJURY;0;0;0;0;0;1;0;3;1;6;41.7715682693;-87.7170967673;{'type': 'Point', 'coordinates': [-87.717096767254, 41.77156826931]};ON SCENE;2025-06-15T03:50:00.000
45a06e1dee59c13e4b49b2781812b2bf97abbb3f0c3d02d56355a707d65c9a7dbebbad1c4abb872ccca00899b0fc1a5e1e0f4e9d404394a968922df21193b850;2025-06-15 03:00:00;30;NO CONTROLS;NO CONTROLS;CLEAR;DARKNESS, LIGHTED ROAD;PARKED MOTOR VEHICLE;ONE-WAY;STRAIGHT AND LEVEL;DRY;NO DEFECTS;NO INJURY / DRIVE AWAY;;Y;$500 OR LESS;UNABLE TO DETERMINE;UNABLE TO DETERMINE;5240;W;RACE AVE;1523;;;;;;;2;NO INDICATION OF INJURY;0;0;0;0;0;1;0;3;1;6;41.8901490119;-87.757064853;{'type': 'Point', 'coordinates': [-87.757064852957, 41.890149011894]};ON SCENE;2025-06-15T03:13:00.000
62893b932e7b17d709abf4505192af2ac09c10e7ad947742cb1dc48374b774c5988c49ec58fec6e985e0d5b9d9dcddb422467c8d353c828f4cac915db2e742be;2025-06-15 03:00:00;30;NO CONTROLS;NO CONTROLS;CLEAR;DARKNESS, LIGHTED ROAD;PARKED MOTOR VEHICLE;NOT DIVIDED;STRAIGHT AND LEVEL;DRY;NO DEFECTS;NO INJURY / DRIVE AWAY;;Y;$501 - $1,500;UNABLE TO DETERMINE;NOT APPLICABLE;2427;N;MILWAUKEE AVE;1414;;;;;;;2;NO INDICATION OF INJURY;0;0;0;0;0;1;0;3;1;6;41.9253880182;-87.7011697404;{'type': 'Point', 'coordinates': [-87.701169740405, 41.925388018226]};NOT ON SCENE (DESK REPORT);2025-06-15T03:40:00.000
1f50e868017f360bad18f2056b5017e226fae2ac8a33182360f0229bb0b381e441b41181cc2bceda473414a5c3fb1d6b0b5561b22f632d0eedd804f207957857;2025-06-15 02:55:00;30;NO CONTROLS;NO CONTROLS;CLEAR;DARKNESS, LIGHTED ROAD;HEAD ON;PARKING LOT;STRAIGHT AND LEVEL;DRY;UNKNOWN;INJURY AND / OR TOW DUE TO CRASH;;Y;OVER $1,500;UNABLE TO DETERMINE;UNABLE TO DETERMINE;10999;W;HIGGINS RD;1654;;;;;;;2;NONINCAPACITATING INJURY;1;0;0;1;0;1;0;2;1;6;;;;ON SCENE;2025-06-15T02:55:00.000
4dca9d57ca07e28778ae53be3baa31d3b95d3fd258ca94cadbd6f7c13b1c20c669fb933ca1d60e5b757c63bee4c436208836ce4df8a3e7319e859a18313d52de;2025-06-15 02:50:00;25;NO CONTROLS;NO CONTROLS;CLEAR;DARKNESS, LIGHTED ROAD;PARKED MOTOR VEHICLE;ONE-WAY;STRAIGHT AND LEVEL;DRY;NO DEFECTS;INJURY AND / OR TOW DUE TO CRASH;;;OVER $1,500;IMPROPER OVERTAKING/PASSING;IMPROPER OVERTAKING/PASSING;3117;N;KILPATRICK AVE;2521;;Y;;;;;3;NO INDICATION OF INJURY;0;0;0;0;0;1;0;2;1;6;41.9375844975;-87.7442292844;{'type': 'Point', 'coordinates': [-87.744229284403, 41.937584497544]};ON SCENE;2025-06-15T02:51:00.000
dbb57fe560cde582c3907d5b5d29575143d0d92476efc672322be8a5e5ca87b6e74052b13df5c2e946aa3909b6ec65c20f35b47bb1f7d7e7f7592624a5980e26;2025-06-15 02:50:00;25;NO CONTROLS;NO CONTROLS;CLEAR;DARKNESS, LIGHTED ROAD;REAR TO SIDE;NOT DIVIDED;STRAIGHT AND LEVEL;DRY;NO DEFECTS;NO INJURY / DRIVE AWAY;;;$501 - $1,500;UNABLE TO DETERMINE;UNABLE TO DETERMINE;1520;S;KOSTNER AVE;1012;;;;;;;2;NO INDICATION OF INJURY;0;0;0;0;0;2;0;2;1;6;41.8598960927;-87.7349177559;{'type': 'Point', 'coordinates': [-87.734917755937, 41.859896092726]};NOT ON SCENE (DESK REPORT);2025-06-15T03:00:00.000
0cd526be78ce6949a0bead644bc56c97820910783f6760db08942fe6a6bff1cb0707bbf2e44c9c4b7d7dd14471b5d1820d145f6c5f9f23338e697058d78b433f;2025-06-15 02:45:00;30;NO CONTROLS;NO CONTROLS;CLEAR;DARKNESS, LIGHTED ROAD;PARKED MOTOR VEHICLE;NOT DIVIDED;STRAIGHT AND LEVEL;DRY;NO DEFECTS;INJURY AND / OR TOW DUE TO CRASH;;Y;OVER $1,500;UNABLE TO DETERMINE;UNABLE TO DETERMINE;5317;N;DELPHIA AVE;1614;;;;;;;2;NO INDICATION OF INJURY;0;0;0;0;0;1;0;2;1;6;41.9761390407;-87.8413966463;{'type': 'Point', 'coordinates': [-87.841396646346, 41.976139040715]};ON SCENE;2025-06-15T02:50:00.000
860a4832275f518f3b9558049858b0b29aa7166774cdb9818e71558f7d30ef71d8fcdadfe28583992055da86f2138028ae9d7febe6aef75b07397e8113a0a177;2025-06-15 02:45:00;25;STOP SIGN/FLASHER;FUNCTIONING PROPERLY;CLEAR;DAWN;ANGLE;FOUR WAY;STRAIGHT AND LEVEL;DRY;NO DEFECTS;INJURY AND / OR TOW DUE TO CRASH;Y;;OVER $1,500;DISREGARDING STOP SIGN;NOT APPLICABLE;4300;W;ARMITAGE AVE;2522;;;;;;;2;NO INDICATION OF INJURY;0;0;0;0;0;3;0;2;1;6;41.9171793684;-87.7339493012;{'type': 'Point', 'coordinates': [-87.733949301158, 41.917179368388]};ON SCENE;2025-06-15T02:45:00.000
aa1522a18fd1dd0784fb801ce3ef650645232a2356d04b0dbeb2ff9c68aaffb4b488591a114ddc6565a74df5fc2f777e5e719e3f041a8f3a38c3a3d5f7132eb1;2025-06-15 02:44:00;40;NO CONTROLS;NO CONTROLS;CLEAR;DARKNESS, LIGHTED ROAD;FIXED OBJECT;DIVIDED - W/MEDIAN BARRIER;CURVE, LEVEL;DRY;UNKNOWN;INJURY AND / OR TOW DUE TO CRASH;;;$500 OR LESS;UNABLE TO DETERMINE;UNABLE TO DETERMINE;154;N;LAKE SHORE DR NB;114;;;;;;;1;NONINCAPACITATING INJURY;1;0;0;1;0;0;0;2;1;6;41.8843487635;-87.6145497781;{'type': 'Point', 'coordinates': [-87.614549778133, 41.884348763505]};ON SCENE;2025-06-15T02:54:00.000
60fc5a82467cd05f15b464ef39122e36a5a8fb2d715311e06c6daf3484e10cc1a24be196e187c8a99299b4e7e9f155e2d4a2c1ca2c0a6af229b8deff168775db;2025-06-15 02:30:00;30;TRAFFIC SIGNAL;FUNCTIONING PROPERLY;CLEAR;DARKNESS, LIGHTED ROAD;ANGLE;T-INTERSECTION;STRAIGHT AND LEVEL;DRY;NO DEFECTS;INJURY AND / OR TOW DUE TO CRASH;Y;;OVER $1,500;DISREGARDING TRAFFIC SIGNALS;NOT APPLICABLE;4498;W;LAKE ST;1113;;;;;;;2;REPORTED, NOT EVIDENT;4;0;0;0;4;0;0;2;1;6;41.8862699923;-87.7379747758;{'type': 'Point', 'coordinates': [-87.737974775823, 41.886269992323]};ON SCENE;2025-06-15T02:30:00.000
4954291d32e10bc17e114d8dbb16ae54e0d64773bfaf2f0e31c3fa43ad7af4ca4183b951bfa8216160a51239c531150105ffabe2d0a14b85376ccf981231ef40;2025-06-15 02:10:00;30;NO CONTROLS;NO CONTROLS;UNKNOWN;UNKNOWN;PARKED MOTOR VEHICLE;NOT DIVIDED;STRAIGHT AND LEVEL;UNKNOWN;UNKNOWN;NO INJURY / DRIVE AWAY;;Y;$501 - $1,500;FAILING TO REDUCE SPEED TO AVOID CRASH;UNABLE TO DETERMINE;6364;S;DR MARTIN LUTHER KING JR DR;312;;;;;;;2;NO INDICATION OF INJURY;0;0;0;0;0;1;0;2;1;6;41.7785302176;-87.6157325297;{'type': 'Point', 'coordinates': [-87.615732529699, 41.778530217554]};ON SCENE;2025-06-15T02:12:00.000
c705641472fbd76ccb764e89b397636344da50264e783479bf52f6777fdd770d4ca3e7beb2476215115fa92bd6babee5f8be0c9c248e50a3a3ec2ca60f230d20;2025-06-15 02:10:00;30;NO CONTROLS;FUNCTIONING PROPERLY;CLEAR;DARKNESS;REAR END;NOT DIVIDED;STRAIGHT AND LEVEL;DRY;NO DEFECTS;NO INJURY / DRIVE AWAY;;Y;OVER $1,500;UNABLE TO DETERMINE;NOT APPLICABLE;10352;S;HALSTED ST;2232;;;;;;;2;NO INDICATION OF INJURY;0;0;0;0;0;3;0;2;1;6;41.7053530337;-87.6429328707;{'type': 'Point', 'coordinates': [-87.642932870671, 41.705353033716]};ON SCENE;2025-06-15T02:28:00.000
7a1d7867523094c91d5ab700703cccc82472911c6037d75700e5d4d31b801d6b0665ae3269cda7005064f05de2c33ac30d1542c9d5a8349c314df58978309538;2025-06-15 02:00:00;30;NO CONTROLS;NO CONTROLS;CLEAR;DAYLIGHT;SIDESWIPE SAME DIRECTION;NOT DIVIDED;STRAIGHT AND LEVEL;DRY;NO DEFECTS;NO INJURY / DRIVE AWAY;;Y;OVER $1,500;IMPROPER OVERTAKING/PASSING;IMPROPER OVERTAKING/PASSING;19;N;GREEN ST;1224;;;;;;;2;NO INDICATION OF INJURY;0;0;0;0;0;2;0;2;1;6;41.8823842045;-87.6483994977;{'type': 'Point', 'coordinates': [-87.648399497748, 41.88238420451]};NOT ON SCENE (DESK REPORT);2025-06-15T16:45:00.000
c82c6d332c8cd2e596af7f5c0ea676f211fbddb84b32a51b6f6842f7f09ade2d14ade0d365fdf59f336625b801237dbfda73b47184902cbe879353a7d7c03dd6;2025-06-15 02:00:00;30;NO CONTROLS;NO CONTROLS;UNKNOWN;DARKNESS;PARKED MOTOR VEHICLE;ONE-WAY;STRAIGHT AND LEVEL;UNKNOWN;UNKNOWN;NO INJURY / DRIVE AWAY;;Y;OVER $1,500;UNABLE TO DETERMINE;NOT APPLICABLE;5503;W;GLADYS AVE;1522;;;;;;;2;NO INDICATION OF INJURY;0;0;0;0;0;1;0;2;1;6;41.8755586426;-87.7618788984;{'type': 'Point', 'coordinates': [-87.761878898366, 41.875558642639]};NOT ON SCENE (DESK REPORT);2025-06-15T12:41:00.000
c6798aaa93a8248b122920b950f5963653429f2206891d1b97ad6a926cf60210a5b338f7b088dec6d573b7610804bd863cc4eca2378634b6d83ccfad99510b02;2025-06-15 01:52:00;30;UNKNOWN;UNKNOWN;CLEAR;DARKNESS, LIGHTED ROAD;ANGLE;FOUR WAY;STRAIGHT AND LEVEL;DRY;NO DEFECTS;INJURY AND / OR TOW DUE TO CRASH;Y;;OVER $1,500;UNABLE TO DETERMINE;NOT APPLICABLE;2001;E;74TH ST;333;;;;;;;2;REPORTED, NOT EVIDENT;1;0;0;0;1;2;0;1;1;6;41.7605873;-87.5761505508;{'type': 'Point', 'coordinates': [-87.576150550763, 41.760587299992]};ON SCENE;2025-06-15T02:13:00.000
954f579a1277bff53b120d3eb4cc99af81c7ec33918dd5a885b004ecb2802179f3c50fe4e70b0972714dd2163ac80d1462be9dae02f656e9db441f5a44c4ac7c;2025-06-15 01:50:00;30;NO CONTROLS;NO CONTROLS;CLEAR;DARKNESS, LIGHTED ROAD;PARKED MOTOR VEHICLE;ONE-WAY;STRAIGHT AND LEVEL;DRY;NO DEFECTS;NO INJURY / DRIVE AWAY;;;OVER $1,500;DISTRACTION - FROM INSIDE VEHICLE;FAILING TO REDUCE SPEED TO AVOID CRASH;2900;W;BELLE PLAINE AVE;1724;;;;;;;3;NO INDICATION OF INJURY;0;0;0;0;0;1;0;1;1;6;41.9558835076;-87.7008019354;{'type': 'Point', 'coordinates': [-87.700801935374, 41.955883507571]};ON SCENE;2025-06-15T01:54:00.000
c67d65c12e9190dc6f6275cab9480c9a58b31b84706cbd8d0ac2b975894d256abf02e090e3fe6c604b7106715ea6450da67b0310e6b70e8c51cdb242e90d96d4;2025-06-15 01:46:00;30;NO CONTROLS;NO CONTROLS;CLEAR;DARKNESS, LIGHTED ROAD;PARKED MOTOR VEHICLE;NOT DIVIDED;STRAIGHT AND LEVEL;DRY;NO DEFECTS;INJURY AND / OR TOW DUE TO CRASH;;Y;$501 - $1,500;UNDER THE INFLUENCE OF ALCOHOL/DRUGS (USE WHEN ARREST IS EFFECTED);FAILING TO REDUCE SPEED TO AVOID CRASH;4114;W;WEST END AVE;1114;;;;;;;3;NO INDICATION OF INJURY;0;0;0;0;0;2;0;1;1;6;41.8834353511;-87.7288565956;{'type': 'Point', 'coordinates': [-87.728856595559, 41.883435351107]};ON SCENE;2025-06-15T01:48:00.000
83bcb24601c2227d80d78eec6a6acfe8c1fc96f4ae78b35c42266662601e00abc5ab8f8cfa687d6d5ad8be8377c4bff371bf3b51513c8513783dfc67e7795161;2025-06-15 01:40:00;30;NO CONTROLS;NO CONTROLS;CLEAR;DARKNESS, LIGHTED ROAD;REAR END;ONE-WAY;STRAIGHT AND LEVEL;DRY;NO DEFECTS;NO INJURY / DRIVE AWAY;;;OVER $1,500;UNABLE TO DETERMINE;NOT APPLICABLE;3441;W;61ST ST;823;;;;;;;2;NO INDICATION OF INJURY;0;0;0;0;0;4;0;1;1;6;41.7824008789;-87.7097206481;{'type': 'Point', 'coordinates': [-87.709720648119, 41.782400878916]};ON SCENE;2025-06-15T01:44:00.000
c29a9876b127522c697153fc0576beed2d82e23c8fce92334065f483a8926fbc4f3d60eb81f4adaa58765dd3401829e8ddeafee8560ff874d4cb2245eec91a5b;2025-06-15 01:38:00;30;STOP SIGN/FLASHER;FUNCTIONING PROPERLY;CLEAR;DARKNESS, LIGHTED ROAD;ANGLE;FOUR WAY;STRAIGHT AND LEVEL;DRY;NO DEFECTS;INJURY AND / OR TOW DUE TO CRASH;Y;;OVER $1,500;FAILING TO YIELD RIGHT-OF-WAY;UNABLE TO DETERMINE;7400;S;DR MARTIN LUTHER KING JR DR;323;;;;;;;2;REPORTED, NOT EVIDENT;1;0;0;0;1;1;0;1;1;6;41.7601403748;-87.6153087718;{'type': 'Point', 'coordinates': [-87.61530877184, 41.760140374778]};ON SCENE;2025-06-15T01:40:00.000
a7b46eca59a7d925f4604c8315baac8f513509dcfb649b61de864d674b3c6356236f463bca92e1c24ce1613520b60681482cf1f116bf9474cf17fa624173520c;2025-06-15 01:35:00;35;STOP SIGN/FLASHER;NO CONTROLS;CLEAR;DARKNESS, LIGHTED ROAD;TURNING;FOUR WAY;STRAIGHT AND LEVEL;DRY;NO DEFECTS;INJURY AND / OR TOW DUE TO CRASH;Y;;OVER $1,500;FAILING TO YIELD RIGHT-OF-WAY;IMPROPER OVERTAKING/PASSING;1901;W;DIVISION ST;1212;;;;;;;3;NO INDICATION OF INJURY;0;0;0;0;0;5;0;1;1;6;41.903119679;-87.6748804921;{'type': 'Point', 'coordinates': [-87.674880492082, 41.903119678957]};ON SCENE;2025-06-15T01:39:00.000
98bf506d038d9a91c1ddb45821367583ed77b80bf55c4fd985d6df04fe3d8b6f5a2f4cf3456e6615dd5adfda66156466c48d42f085c7343f203cae473286ecd5;2025-06-15 01:32:00;15;NO CONTROLS;NO CONTROLS;CLEAR;DARKNESS, LIGHTED ROAD;TURNING;NOT DIVIDED;STRAIGHT AND LEVEL;DRY;NO DEFECTS;NO INJURY / DRIVE AWAY;;;$500 OR LESS;UNABLE TO DETERMINE;UNABLE TO DETERMINE;1;W;PARKING LOT E ST;1654;;;;;;;2;NO INDICATION OF INJURY;0;0;0;0;0;2;0;1;1;6;;;;ON SCENE;2025-06-15T01:32:00.000
03f07948eff29f141fcb41695102ab5a5f900d11f26bf97de60d40f7209c5c03d9b64c9d084e444b4f1bd5e1838ec0a9b19fc52c3f1ce7761e9f84bdd0d38aa2;2025-06-15 01:25:00;30;STOP SIGN/FLASHER;NO CONTROLS;CLEAR;DARKNESS, LIGHTED ROAD;REAR TO SIDE;FOUR WAY;STRAIGHT AND LEVEL;DRY;NO DEFECTS;INJURY AND / OR TOW DUE TO CRASH;Y;;OVER $1,500;DISREGARDING STOP SIGN;IMPROPER BACKING;4298;S;CAMPBELL AVE;921;;;;;;;4;NO INDICATION OF INJURY;0;0;0;0;0;3;0;1;1;6;41.8158542401;-87.6872648307;{'type': 'Point', 'coordinates': [-87.687264830737, 41.815854240083]};ON SCENE;2025-06-15T01:26:00.000
207751f1dfc11cebc939013172f51f1c4c8d17414bf8dd7fb7c65746230f08d4e4789d321a3e788599b87d9343b8e4281d36de364c70073456acf6c866ec329a;2025-06-15 01:17:00;30;STOP SIGN/FLASHER;FUNCTIONING PROPERLY;CLEAR;DARKNESS, LIGHTED ROAD;SIDESWIPE SAME DIRECTION;NOT DIVIDED;STRAIGHT AND LEVEL;DRY;NO DEFECTS;INJURY AND / OR TOW DUE TO CRASH;Y;Y;OVER $1,500;UNABLE TO DETERMINE;UNABLE TO DETERMINE;240;E;138TH ST;533;;;;;;;2;NONINCAPACITATING INJURY;1;0;0;1;0;3;0;1;1;6;41.6447011082;-87.6153261549;{'type': 'Point', 'coordinates': [-87.615326154893, 41.644701108192]};ON SCENE;2025-06-15T01:17:00.000
58e2244abe4b39a87c3fd992d473945e772bc7cf7a18f454185c4ce6daa4aa6441978dec7a62d809c45855b9cf93252533752ba585e48a29f3ff1efc431959ac;2025-06-15 01:13:00;30;TRAFFIC SIGNAL;FUNCTIONING PROPERLY;CLEAR;DARKNESS, LIGHTED ROAD;REAR END;NOT DIVIDED;STRAIGHT AND LEVEL;DRY;NO DEFECTS;NO INJURY / DRIVE AWAY;;Y;OVER $1,500;FOLLOWING TOO CLOSELY;NOT APPLICABLE;4200;N;PULASKI RD;1722;;;;;;;2;NO INDICATION OF INJURY;0;0;0;0;0;2;0;1;1;6;41.9573894122;-87.7278727201;{'type': 'Point', 'coordinates': [-87.727872720086, 41.957389412248]};ON SCENE;2025-06-15T01:19:00.000
02ef67de03fa003bd31a95051806f6c1840c006bb1c9f7aadad9cbb5e518c78071d29e38f1df072079a6f1dedef05cbfc83bb934c1969fe72bb591376f69c2e8;2025-06-15 01:12:00;30;TRAFFIC SIGNAL;FUNCTIONING PROPERLY;CLEAR;DARKNESS, LIGHTED ROAD;TURNING;OTHER;STRAIGHT AND LEVEL;DRY;NO DEFECTS;NO INJURY / DRIVE AWAY;;;OVER $1,500;FAILING TO YIELD RIGHT-OF-WAY;NOT APPLICABLE;3551;N;CENTRAL AVE;1633;;;;;;;2;NO INDICATION OF INJURY;0;0;0;0;0;3;0;1;1;6;41.9455989871;-87.766599243;{'type': 'Point', 'coordinates': [-87.766599242952, 41.945598987088]};ON SCENE;2025-06-15T01:37:00.000
47de4ae6a53349b01a14da8821472f93250d4efb002d5e919ac08a437adac815f2a4e5aacceb0ac429df17e4a967b2f9d8b5260b2ada3b74fc1a028486ad0e3b;2025-06-15 01:08:00;30;NO CONTROLS;NO CONTROLS;CLEAR;DARKNESS, LIGHTED ROAD;PARKED MOTOR VEHICLE;ONE-WAY;STRAIGHT AND LEVEL;DRY;NO DEFECTS;INJURY AND / OR TOW DUE TO CRASH;;Y;OVER $1,500;UNABLE TO DETERMINE;UNABLE TO DETERMINE;2940;N;TROY ST;1411;;;;;;;5;NO INDICATION OF INJURY;0;0;0;0;0;1;0;1;1;6;41.9350874133;-87.7064288923;{'type': 'Point', 'coordinates': [-87.706428892304, 41.935087413281]};ON SCENE;2025-06-15T06:42:00.000
582198d5234283a932d99b76fe90ff275fc469f17f99e346d67c7826526481113a13ff3e015ba9e65ac2d95d7f9aa931404f8bd13641fd8f23e062f5238deaef;2025-06-15 01:00:00;30;STOP SIGN/FLASHER;FUNCTIONING PROPERLY;CLEAR;DAYLIGHT;REAR END;DIVIDED - W/MEDIAN (NOT RAISED);STRAIGHT AND LEVEL;DRY;NO DEFECTS;NO INJURY / DRIVE AWAY;Y;;OVER $1,500;UNABLE TO DETERMINE;UNABLE TO DETERMINE;8700;S;ASHLAND AVE;2221;;;;;;;2;NO INDICATION OF INJURY;0;0;0;0;0;2;0;1;1;6;41.7356969886;-87.6632095445;{'type': 'Point', 'coordinates': [-87.663209544457, 41.735696988636]};NOT ON SCENE (DESK REPORT);2025-06-15T19:55:00.000
f11a0b83606289812d9c579de85977e5ffdd1b08db543eae741640aa5ec1ba2148fb911c55419112bd685e5ef5fd1891cd2bdeaa4a881b31cf90e90fb2e24429;2025-06-15 01:00:00;30;NO CONTROLS;NO CONTROLS;CLEAR;DAYLIGHT;PARKED MOTOR VEHICLE;NOT DIVIDED;STRAIGHT AND LEVEL;DRY;NO DEFECTS;NO INJURY / DRIVE AWAY;;;$501 - $1,500;UNABLE TO DETERMINE;NOT APPLICABLE;1825;N;WASHTENAW AVE;1421;;;;;;;2;NO INDICATION OF INJURY;0;0;0;0;0;1;0;1;1;6;41.9146763017;-87.6945252475;{'type': 'Point', 'coordinates': [-87.69452524746, 41.914676301747]};NOT ON SCENE (DESK REPORT);2025-06-16T11:00:00.000
7a9266ff2f8dccf3429b96ee331f114feefb6a0876661ebcb34518f1e45661d17969f1dc4823a7c119f7af99fcf8d620768c5f645248b80701c3791c05b31daf;2025-06-15 00:57:00;30;TRAFFIC SIGNAL;FUNCTIONING PROPERLY;CLEAR;DARKNESS, LIGHTED ROAD;FIXED OBJECT;FOUR WAY;STRAIGHT AND LEVEL;DRY;NO DEFECTS;NO INJURY / DRIVE AWAY;Y;;$500 OR LESS;UNDER THE INFLUENCE OF ALCOHOL/DRUGS (USE WHEN ARREST IS EFFECTED);UNABLE TO DETERMINE;3800;W;HARRISON ST;1133;;;;;;;1;NO INDICATION OF INJURY;0;0;0;0;0;1;0;0;1;6;41.8736241188;-87.7204065573;{'type': 'Point', 'coordinates': [-87.720406557306, 41.873624118782]};ON SCENE;2025-06-15T01:01:00.000
85ade2ad2b707440c5a1810f31247296e04cde9a0ad607ae72975676f97c619cf95cd394b11906420446c6f9cb89ae9a55cec50e203526e5888fa3b3d265cc65;2025-06-15 00:50:00;25;NO CONTROLS;NO CONTROLS;CLEAR;DARKNESS, LIGHTED ROAD;PARKED MOTOR VEHICLE;ONE-WAY;STRAIGHT AND LEVEL;UNKNOWN;UNKNOWN;NO INJURY / DRIVE AWAY;;Y;OVER $1,500;UNABLE TO DETERMINE;NOT APPLICABLE;3534;N;HERMITAGE AVE;1922;;;;;;;2;NO INDICATION OF INJURY;0;0;0;0;0;1;0;0;1;6;41.9461669537;-87.672646537;{'type': 'Point', 'coordinates': [-87.672646537027, 41.946166953688]};NOT ON SCENE (DESK REPORT);2025-06-16T18:20:00.000
c1ec0d3ac74437f19ba8818d60b9ddd4e94f9e662d0c9d44654a83312301c6e8094b5329603e5724a8b69b9591e479329c480567d8324615b5358e5592131e34;2025-06-15 00:48:00;30;TRAFFIC SIGNAL;NO CONTROLS;CLEAR;DARKNESS;REAR END;FOUR WAY;STRAIGHT AND LEVEL;DRY;NO DEFECTS;NO INJURY / DRIVE AWAY;Y;Y;OVER $1,500;IMPROPER OVERTAKING/PASSING;NOT APPLICABLE;3200;W;AUGUSTA BLVD;1121;;;;;;;2;NO INDICATION OF INJURY;0;0;0;0;0;4;0;0;1;6;41.8993037502;-87.706783945;{'type': 'Point', 'coordinates': [-87.706783944966, 41.899303750248]};NOT ON SCENE (DESK REPORT);2025-06-15T01:42:00.000
b76a250484659a7b726c15a77826cb6e7aeec8bc9abc243bea953b40cb579d1b033354a34c355c91d8589bb1a71a53c6b864c6dd9abbbe1e3565265e435af1ec;2025-06-15 00:44:00;10;NO CONTROLS;NO CONTROLS;CLEAR;DARKNESS, LIGHTED ROAD;REAR TO FRONT;PARKING LOT;STRAIGHT AND LEVEL;DRY;NO DEFECTS;NO INJURY / DRIVE AWAY;;;$500 OR LESS;IMPROPER BACKING;UNABLE TO DETERMINE;541;N;RUSH ST;1834;;;;;;;2;NO INDICATION OF INJURY;0;0;0;0;0;2;0;0;1;6;41.8921949677;-87.6252308634;{'type': 'Point', 'coordinates': [-87.625230863447, 41.892194967717]};NOT ON SCENE (DESK REPORT);2025-06-15T16:00:00.000
8dd50198f33cd7b5f10a10eb0f5ec756d5ecf7c75874bce089e8207a29b443739dfe56f9f4e701aa4382bc563bdedfec84aab0344daf7fc3047eb1df29c1e283;2025-06-15 00:40:00;30;NO CONTROLS;NO CONTROLS;CLEAR;DARKNESS, LIGHTED ROAD;PARKED MOTOR VEHICLE;NOT DIVIDED;STRAIGHT AND LEVEL;DRY;NO DEFECTS;INJURY AND / OR TOW DUE TO CRASH;;;OVER $1,500;FOLLOWING TOO CLOSELY;UNABLE TO DETERMINE;3050;W;MARQUETTE RD;831;;;;;;;4;NONINCAPACITATING INJURY;2;0;0;2;0;0;0;0;1;6;41.7718255426;-87.7001131832;{'type': 'Point', 'coordinates': [-87.700113183186, 41.771825542554]};ON SCENE;2025-06-15T00:55:00.000
a5d21d02da82063a274f5ce5b9fd2505d407f7d7fdd354e75f1de158fa26bbb232cfe84871b88e29c01d6594e36c9746f770626be021634ee33284565200737c;2025-06-15 00:40:00;30;TRAFFIC SIGNAL;FUNCTIONING PROPERLY;CLEAR;DARKNESS, LIGHTED ROAD;REAR END;FOUR WAY;STRAIGHT AND LEVEL;DRY;NO DEFECTS;INJURY AND / OR TOW DUE TO CRASH;N;;$500 OR LESS;FAILING TO YIELD RIGHT-OF-WAY;UNABLE TO DETERMINE;384;W;79TH ST;623;;;;;;;3;REPORTED, NOT EVIDENT;2;0;0;0;2;2;0;0;1;6;41.7508936249;-87.6341764273;{'type': 'Point', 'coordinates': [-87.634176427344, 41.75089362487]};NOT ON SCENE (DESK REPORT);2025-06-15T01:30:00.000
ccae811563eaf33099d25df9b68ab5deeca9c6f11aab93225cddbe7a877d313651ab4a80e911737faf69b643616fc4fee108fbd0017515cd5bb293ad7c1d5549;2025-06-15 00:40:00;30;NO CONTROLS;NO CONTROLS;CLEAR;DARKNESS, LIGHTED ROAD;PARKED MOTOR VEHICLE;NOT DIVIDED;STRAIGHT AND LEVEL;DRY;NO DEFECTS;NO INJURY / DRIVE AWAY;;Y;OVER $1,500;UNABLE TO DETERMINE;NOT APPLICABLE;3734;S;VINCENNES AVE;212;;;;;;;2;NO INDICATION OF INJURY;0;0;0;0;0;1;0;0;1;6;41.8266631064;-87.6120179489;{'type': 'Point', 'coordinates': [-87.612017948856, 41.826663106445]};ON SCENE;2025-06-15T00:45:00.000
bb049b858106bca054049efb97809b5dbc7deaed9726592d6a2616c60a1d2aa5595bc97d952eb3d5af0ffef7447b1b0ee6c33fa0cbac2aebe0e27535fe0f92a5;2025-06-15 00:38:00;30;TRAFFIC SIGNAL;FUNCTIONING PROPERLY;CLEAR;DARKNESS, LIGHTED ROAD;REAR END;NOT DIVIDED;STRAIGHT AND LEVEL;DRY;NO DEFECTS;NO INJURY / DRIVE AWAY;;N;OVER $1,500;UNABLE TO DETERMINE;NOT APPLICABLE;7152;W;52ND ST;811;;;;;;;2;NO INDICATION OF INJURY;0;0;0;0;0;2;0;0;1;6;41.7976888248;-87.8011728133;{'type': 'Point', 'coordinates': [-87.801172813311, 41.797688824806]};NOT ON SCENE (DESK REPORT);2025-06-15T02:20:00.000
bfb53f175d914a9143d2ebb90774316892651b86adfd8fd2c2c84527bdff05f6facab80d3034ab23bff3cee8d6d9bc1eb161009eae21b7742d945907fb8853a9;2025-06-15 00:34:00;30;TRAFFIC SIGNAL;FUNCTIONING PROPERLY;CLEAR;DARKNESS, LIGHTED ROAD;SIDESWIPE SAME DIRECTION;NOT DIVIDED;STRAIGHT AND LEVEL;DRY;NO DEFECTS;INJURY AND / OR TOW DUE TO CRASH;;Y;OVER $1,500;NOT APPLICABLE;NOT APPLICABLE;8700;S;DORCHESTER AVE;412;;;;;;;2;NO INDICATION OF INJURY;0;0;0;0;0;2;0;0;1;6;41.7367554697;-87.5907102868;{'type': 'Point', 'coordinates': [-87.590710286811, 41.736755469714]};ON SCENE;2025-06-15T01:41:00.000
b36e7caa2024293cb42a7bbcb8f41213b7cb41f8d45b858407def8be5fef9dfbcd8cab424aa97f39ed9c33040a1b783c2414a0effed8e07bd6b98e8e816b6233;2025-06-15 00:32:00;30;TRAFFIC SIGNAL;FUNCTIONING PROPERLY;CLEAR;DARKNESS, LIGHTED ROAD;TURNING;FOUR WAY;STRAIGHT AND LEVEL;DRY;NO DEFECTS;INJURY AND / OR TOW DUE TO CRASH;Y;Y;OVER $1,500;UNABLE TO DETERMINE;NOT APPLICABLE;50;W;71ST ST;731;;;;;;;3;REPORTED, NOT EVIDENT;1;0;0;0;1;1;0;0;1;6;41.7655526165;-87.6268248335;{'type': 'Point', 'coordinates': [-87.626824833481, 41.76555261653]};ON SCENE;2025-06-15T00:32:00.000
1e1677d8b27efb1878a665f2e745b02cf64d2877bf26e82aa72378498c6bd65fed78fb6368ecc954fe3d7a184f57c107980f99398c00f992e06cbe019348c6b0;2025-06-15 00:30:00;30;NO CONTROLS;NO CONTROLS;CLEAR;DARKNESS, LIGHTED ROAD;SIDESWIPE SAME DIRECTION;NOT DIVIDED;STRAIGHT AND LEVEL;DRY;UNKNOWN;NO INJURY / DRIVE AWAY;;Y;OVER $1,500;IMPROPER OVERTAKING/PASSING;UNABLE TO DETERMINE;11340;S;WENTWORTH AVE;522;;;;;;;2;NO INDICATION OF INJURY;0;0;0;0;0;3;0;0;1;6;41.68763314;-87.6279062365;{'type': 'Point', 'coordinates': [-87.627906236499, 41.687633140032]};NOT ON SCENE (DESK REPORT);2025-06-15T00:48:00.000
ac0c50e6ab83e6ca4996390be0f8c23cde78e80b3ed1826864dcee07ca4c7c5342b9bf2c78ac5a89e25261569ea2c64874a28ddac06f20a1f610cd2befd6e797;2025-06-15 00:30:00;20;NO CONTROLS;NO CONTROLS;CLEAR;DARKNESS, LIGHTED ROAD;REAR END;ONE-WAY;STRAIGHT AND LEVEL;DRY;NO DEFECTS;NO INJURY / DRIVE AWAY;;Y;OVER $1,500;FOLLOWING TOO CLOSELY;NOT APPLICABLE;4755;S;LAPORTE AVE;814;;;;;;;2;NO INDICATION OF INJURY;0;0;0;0;0;2;0;0;1;6;41.8059569153;-87.746634592;{'type': 'Point', 'coordinates': [-87.746634591952, 41.805956915313]};NOT ON SCENE (DESK REPORT);2025-06-15T02:05:00.000
e66610c5f212c39e4c25c29f547a008ffd9a3685fd3d54d0d9523ec5a69b8adc3df6372cf230b0386f363c8f2b2b8913fb6b687ef4c8747f24e5a553117b8e4e;2025-06-15 00:30:00;30;NO CONTROLS;NO CONTROLS;CLEAR;DARKNESS, LIGHTED ROAD;REAR END;NOT DIVIDED;STRAIGHT AND LEVEL;DRY;NO DEFECTS;NO INJURY / DRIVE AWAY;;;OVER $1,500;FOLLOWING TOO CLOSELY;NOT APPLICABLE;6700;W;BELMONT AVE;1632;;;;;;;2;NO INDICATION OF INJURY;0;0;0;0;0;2;0;0;1;6;41.9383078548;-87.7933173123;{'type': 'Point', 'coordinates': [-87.793317312318, 41.938307854836]};NOT ON SCENE (DESK REPORT);2025-06-15T18:38:00.000
36f7f06c9213cb8de2439a9e421c74b91791e9010ebbfcc5255490b556c57669b637be680f425a124c259f89d335b51d6c960731f516e0a7c5771102062b88c4;2025-06-15 00:25:00;30;NO CONTROLS;NO CONTROLS;CLEAR;DARKNESS, LIGHTED ROAD;FIXED OBJECT;NOT DIVIDED;STRAIGHT AND LEVEL;DRY;NO DEFECTS;NO INJURY / DRIVE AWAY;;;OVER $1,500;DISTRACTION - FROM INSIDE VEHICLE;NOT APPLICABLE;3601;S;COTTAGE GROVE AVE;212;;;;;;;1;NO INDICATION OF INJURY;0;0;0;0;0;1;0;0;1;6;41.8290940066;-87.6093698277;{'type': 'Point', 'coordinates': [-87.609369827746, 41.829094006553]};ON SCENE;2025-06-15T00:27:00.000
36c985767af43e53747ca22fe6d16fea78facbf6a4c5487ea9578b95157c483919a46f15e554fa3661860456219ed2363e54aecfdf0e1c26bc192b4856a6721d;2025-06-15 00:19:00;30;TRAFFIC SIGNAL;FUNCTIONING PROPERLY;CLEAR;DARKNESS, LIGHTED ROAD;TURNING;NOT DIVIDED;STRAIGHT AND LEVEL;DRY;NO DEFECTS;INJURY AND / OR TOW DUE TO CRASH;Y;;OVER $1,500;FAILING TO YIELD RIGHT-OF-WAY;FAILING TO YIELD RIGHT-OF-WAY;100;W;CHICAGO AVE;1832;;;;;;;2;NO INDICATION OF INJURY;0;0;0;0;0;5;0;0;1;6;41.8967443469;-87.6313212482;{'type': 'Point', 'coordinates': [-87.631321248152, 41.896744346876]};ON SCENE;2025-06-15T00:20:00.000
e07b498b0712d0f2ae01ed5317c58b2bcf52cf624f53b4f3abb08c439f716420d1a815cd2e83fef7dd638ae3afdaf8b3851641c7f6dbebb8e95b418fefadcfd7;2025-06-15 00:17:00;35;TRAFFIC SIGNAL;FUNCTIONING PROPERLY;CLEAR;DARKNESS;TURNING;NOT DIVIDED;STRAIGHT AND LEVEL;DRY;NO DEFECTS;NO INJURY / DRIVE AWAY;Y;;OVER $1,500;IMPROPER TURNING/NO SIGNAL;EQUIPMENT - VEHICLE CONDITION;116;W;CERMAK RD;131;;;;;;;2;NO INDICATION OF INJURY;0;0;0;0;0;2;0;0;1;6;41.8529870791;-87.6300266133;{'type': 'Point', 'coordinates': [-87.630026613318, 41.85298707906]};NOT ON SCENE (DESK REPORT);2025-06-15T00:45:00.000
26259f912177fee18ca7e23e58973f62501d6ee3f8e5585298ddc3f76e3ca3489a2012b2803cb7fed72e0199399b3eb231ac0dd6661944fec3ab2db4275fc3b5;2025-06-15 00:15:00;15;NO CONTROLS;NO CONTROLS;CLEAR;DARKNESS, LIGHTED ROAD;REAR END;PARKING LOT;STRAIGHT AND LEVEL;DRY;NO DEFECTS;NO INJURY / DRIVE AWAY;;;$500 OR LESS;FAILING TO REDUCE SPEED TO AVOID CRASH;UNABLE TO DETERMINE;6336;S;ASHLAND AVE;725;;;;;;;2;NO INDICATION OF INJURY;0;0;0;0;0;2;0;0;1;6;41.778360976;-87.6643368634;{'type': 'Point', 'coordinates': [-87.664336863428, 41.778360976038]};ON SCENE;2025-06-15T00:18:00.000
b9e3cc8ef97805e3de8510523609285b044454bb939e9d6ea48c3fe8d3bd50b8ff4c7d5bda96c6f88f8b60c6bd2588fdb229a917271d28b236d5b37acdf418e1;2025-06-15 00:10:00;30;UNKNOWN;UNKNOWN;UNKNOWN;UNKNOWN;PEDESTRIAN;FOUR WAY;STRAIGHT AND LEVEL;UNKNOWN;UNKNOWN;INJURY AND / OR TOW DUE TO CRASH;Y;Y;$500 OR LESS;UNABLE TO DETERMINE;UNABLE TO DETERMINE;1232;N;DAMEN AVE;1424;;;;;;;2;NONINCAPACITATING INJURY;1;0;0;1;0;1;0;0;1;6;41.9041636902;-87.6774319683;{'type': 'Point', 'coordinates': [-87.677431968263, 41.904163690218]};NOT ON SCENE (DESK REPORT);2025-06-15T08:55:00.000
812b078cb54fbb36f8dfc5fde74951ad51fa47f1cdec517937a1a6cbd8d4740566bbcfc3a1fc7efd2f9b83b1c0ecb847667e9400ae9fc97a7cea112c08a65501;2025-06-15 00:06:00;35;TRAFFIC SIGNAL;FUNCTIONING PROPERLY;CLEAR;DARKNESS, LIGHTED ROAD;SIDESWIPE OPPOSITE DIRECTION;NOT DIVIDED;STRAIGHT AND LEVEL;DRY;NO DEFECTS;NO INJURY / DRIVE AWAY;;;$500 OR LESS;IMPROPER OVERTAKING/PASSING;NOT APPLICABLE;491;N;MILWAUKEE AVE;1214;N;;;;;;2;NO INDICATION OF INJURY;0;0;0;0;0;2;0;0;1;6;41.8910464843;-87.6471498856;{'type': 'Point', 'coordinates': [-87.647149885569, 41.89104648435]};ON SCENE;2025-06-15T00:06:00.000
7fe07015283d3e07be53be2e5d4abc53ed2040bd73aa2b0e4b723cc4a77c2bf462c0a49e926c160519924a68d33a8399c6fd13dd3383e2a5fb8c1474f5d1fd65;2025-06-15 00:05:00;30;DELINEATORS;FUNCTIONING PROPERLY;CLEAR;DARKNESS, LIGHTED ROAD;SIDESWIPE SAME DIRECTION;NOT DIVIDED;STRAIGHT AND LEVEL;DRY;UNKNOWN;NO INJURY / DRIVE AWAY;Y;;OVER $1,500;IMPROPER LANE USAGE;IMPROPER OVERTAKING/PASSING;1207;S;HALSTED ST;1232;;;;;;;3;NO INDICATION OF INJURY;0;0;0;0;0;3;0;0;1;6;41.8669404147;-87.6467685444;{'type': 'Point', 'coordinates': [-87.646768544438, 41.866940414725]};NOT ON SCENE (DESK REPORT);2025-06-15T01:00:00.000
efb91dbf0cb245b73978c576343c18e51eac21c669c860ce6a082fb3fde71c360d1830517d3d800976297298c2d3090feeed92b28c80f4f96f6d8089e8eaa233;2025-06-15 00:02:00;30;STOP SIGN/FLASHER;FUNCTIONING PROPERLY;CLEAR;DARKNESS, LIGHTED ROAD;TURNING;T-INTERSECTION;STRAIGHT AND LEVEL;DRY;NO DEFECTS;NO INJURY / DRIVE AWAY;Y;Y;OVER $1,500;DRIVING ON WRONG SIDE/WRONG WAY;NOT APPLICABLE;1000;W;GRAND AVE;1214;;;;;;;2;NO INDICATION OF INJURY;0;0;0;0;0;2;0;0;1;6;41.8912422896;-87.652355874;{'type': 'Point', 'coordinates': [-87.652355873963, 41.89124228961]};ON SCENE;2025-06-15T01:21:00.000
e24422f85058655b683ba900d3d02b6849539a0a1c9e6facf24b6b50b73fcb3c5560f441b3a037b83ef0d483008acc9eddf4b99dcdb81ff77ce68e648d5d927a;2025-06-14 23:58:00;30;TRAFFIC SIGNAL;FUNCTIONING PROPERLY;CLEAR;DARKNESS, LIGHTED ROAD;TURNING;FOUR WAY;STRAIGHT AND LEVEL;DRY;NO DEFECTS;INJURY AND / OR TOW DUE TO CRASH;Y;;OVER $1,500;UNABLE TO DETERMINE;NOT APPLICABLE;8401;W;FOREST PRESERVE AVE;1631;;;;;;;2;INCAPACITATING INJURY;2;0;1;1;0;1;0;23;7;6;41.9401736626;-87.8366220291;{'type': 'Point', 'coordinates': [-87.836622029067, 41.94017366257]};ON SCENE;2025-06-15T00:02:00.000
cdd37ac48bfc7b26467cbae52ed3bd1676b5ac8f10cdecb401f6fa0c28973c4382ab5f4b9a04c8facc62d6d29ff995996d77ad328750d751caa3166a8756b3fc;2025-06-14 23:55:00;30;TRAFFIC SIGNAL;FUNCTIONING PROPERLY;CLEAR;DARKNESS, LIGHTED ROAD;TURNING;FOUR WAY;STRAIGHT AND LEVEL;DRY;NO DEFECTS;INJURY AND / OR TOW DUE TO CRASH;Y;;OVER $1,500;IMPROPER TURNING/NO SIGNAL;UNABLE TO DETERMINE;1210;N;HALSTED ST;1822;;;;;;;2;NONINCAPACITATING INJURY;1;0;0;1;0;2;0;23;7;6;41.9036983077;-87.6482453506;{'type': 'Point', 'coordinates': [-87.648245350626, 41.90369830765]};ON SCENE;2025-06-15T00:00:00.000
4714250602fcee77828db041300d748b15eae67ba4bdff6529e291743497a7dc292614cff11394ab4a0f519c4d7760c167239aeee5356380ee1f7900815d7dc5;2025-06-14 23:46:00;30;TRAFFIC SIGNAL;FUNCTIONING PROPERLY;CLEAR;DARKNESS, LIGHTED ROAD;ANGLE;NOT DIVIDED;STRAIGHT AND LEVEL;DRY;NO DEFECTS;NO INJURY / DRIVE AWAY;Y;;$501 - $1,500;IMPROPER TURNING/NO SIGNAL;NOT APPLICABLE;5500;S;STATE ST;225;;;;;;;2;NO INDICATION OF INJURY;0;0;0;0;0;2;0;23;7;6;41.794225291;-87.6258360156;{'type': 'Point', 'coordinates': [-87.625836015583, 41.79422529104]};ON SCENE;2025-06-15T00:20:00.000
6fe443031c2905f1841183607250d928b9cfa07cd0e0563a67a95d44bda449aa6cc2b7b9e82e427064dd9f9ace0334d1a2ed6919ecf67d51c897dfa7065e75f1;2025-06-14 23:45:00;30;TRAFFIC SIGNAL;FUNCTIONING PROPERLY;CLEAR;DARKNESS, LIGHTED ROAD;REAR END;DIVIDED - W/MEDIAN (NOT RAISED);STRAIGHT AND LEVEL;DRY;NO DEFECTS;INJURY AND / OR TOW DUE TO CRASH;;;OVER $1,500;UNABLE TO DETERMINE;UNABLE TO DETERMINE;1600;N;ELSTON AVE;1433;;;;;;;3;NONINCAPACITATING INJURY;2;0;0;2;0;2;0;23;7;6;41.9107069969;-87.6623272446;{'type': 'Point', 'coordinates': [-87.662327244597, 41.910706996881]};ON SCENE;2025-06-15T01:36:00.000
ff3d3f29f0e533bc9df226a08fd9c28b79e91ce9d5d8f4abbaa16a4efb01ccc12dcb69ac1f3b4a7947eb786652ed7472910281d6658033d5edd48ff18e8f8270;2025-06-14 23:45:00;30;TRAFFIC SIGNAL;UNKNOWN;CLEAR;DARKNESS, LIGHTED ROAD;SIDESWIPE SAME DIRECTION;Y-INTERSECTION;STRAIGHT AND LEVEL;DRY;UNKNOWN;NO INJURY / DRIVE AWAY;Y;;OVER $1,500;UNABLE TO DETERMINE;UNABLE TO DETERMINE;334;W;ONTARIO ST;1831;;;;;;;2;NO INDICATION OF INJURY;0;0;0;0;0;2;0;23;7;6;41.8932567111;-87.6370077971;{'type': 'Point', 'coordinates': [-87.637007797127, 41.893256711085]};NOT ON SCENE (DESK REPORT);2025-06-15T08:00:00.000
2c84e088f032243127b6210975ce47caa64d438e68990856bdbf5429b665a3287fb1eb63a7ee202382794e972eb4a34106db6ade4c2ffddf073993143f9548c9;2025-06-14 23:41:00;30;NO CONTROLS;NO CONTROLS;CLEAR;DARKNESS, LIGHTED ROAD;FIXED OBJECT;DIVIDED - W/MEDIAN BARRIER;STRAIGHT AND LEVEL;DRY;NO DEFECTS;NO INJURY / DRIVE AWAY;;;OVER $1,500;FAILING TO REDUCE SPEED TO AVOID CRASH;NOT APPLICABLE;5140;W;HIRSCH ST;2533;;Y;;;;;1;NO INDICATION OF INJURY;0;0;0;0;0;2;0;23;7;6;41.9059933378;-87.7550409263;{'type': 'Point', 'coordinates': [-87.755040926328, 41.905993337843]};NOT ON SCENE (DESK REPORT);2025-06-14T23:41:00.000
12016abe6c8cf5d2339aa88727d345e02306b5faf2bf1aef234ea18e285a487bc769819adbf211d8188f962d61cce6e58d523c03f24bed5c437a059e9805ff0b;2025-06-14 23:39:00;30;NO CONTROLS;NO CONTROLS;CLEAR;DARKNESS, LIGHTED ROAD;PARKED MOTOR VEHICLE;NOT DIVIDED;STRAIGHT AND LEVEL;DRY;NO DEFECTS;NO INJURY / DRIVE AWAY;;Y;OVER $1,500;NOT APPLICABLE;NOT APPLICABLE;9701;S;EMERALD AVE;2223;;;;;;;2;NO INDICATION OF INJURY;0;0;0;0;0;1;0;23;7;6;41.7177584269;-87.6417510371;{'type': 'Point', 'coordinates': [-87.641751037102, 41.71775842691]};ON SCENE;2025-06-14T23:44:00.000
951efed0dfaa03c6d5a81477ef042e75e261805f5438cc98262e361d8ec0b7ebb20db79cbac014de258f95f0cc706a996a6754ddbe8035fcaf38f5b3e62b869b;2025-06-14 23:35:00;30;NO CONTROLS;NO CONTROLS;CLEAR;DARKNESS, LIGHTED ROAD;REAR END;DIVIDED - W/MEDIAN (NOT RAISED);STRAIGHT AND LEVEL;DRY;NO DEFECTS;NO INJURY / DRIVE AWAY;;Y;OVER $1,500;FOLLOWING TOO CLOSELY;FAILING TO YIELD RIGHT-OF-WAY;7230;N;WESTERN AVE;2411;;;;;;;2;NO INDICATION OF INJURY;0;0;0;0;0;3;0;23;7;6;42.0131417106;-87.6903898959;{'type': 'Point', 'coordinates': [-87.690389895855, 42.013141710617]};NOT ON SCENE (DESK REPORT);2025-06-15T00:45:00.000
1d8206c69b938203d8237051525da436dae51c55a8a006df1e9be9b0a8bb8a76ce96f9322e8cbcad871361c3d35a9c57035608ae0cd972a1a8a7d20409572aea;2025-06-14 23:30:00;15;NO CONTROLS;NO CONTROLS;UNKNOWN;UNKNOWN;PARKED MOTOR VEHICLE;PARKING LOT;STRAIGHT AND LEVEL;UNKNOWN;UNKNOWN;NO INJURY / DRIVE AWAY;;Y;OVER $1,500;UNABLE TO DETERMINE;UNABLE TO DETERMINE;9705;S;HALSTED ST;2223;;;;;;;2;NO INDICATION OF INJURY;0;0;0;0;0;1;0;23;7;6;41.7175419624;-87.6429586663;{'type': 'Point', 'coordinates': [-87.642958666289, 41.717541962365]};NOT ON SCENE (DESK REPORT);2025-06-15T12:15:00.000
491ff4f77b295a2f01b63d859d9120595f67665bc7bc7cdbe7e74ce066bc830dc4e583b4225f1132d922bb31360827f8a70733cc10d739f55d6b266f36c7eecd;2025-06-14 23:25:00;30;NO CONTROLS;NO CONTROLS;CLEAR;DARKNESS, LIGHTED ROAD;HEAD ON;NOT DIVIDED;STRAIGHT AND LEVEL;DRY;NO DEFECTS;NO INJURY / DRIVE AWAY;;Y;$500 OR LESS;IMPROPER LANE USAGE;NOT APPLICABLE;510;N;CICERO AVE;1532;;;;;;;2;NO INDICATION OF INJURY;0;0;0;0;0;3;0;23;7;6;41.8899527815;-87.7457772994;{'type': 'Point', 'coordinates': [-87.745777299408, 41.889952781546]};ON SCENE;2025-06-14T23:25:00.000
f3297edfa596f210213bb676f820c234b7009f79019b12f21c6fde2f5cbda6f984dd5d3b2452be51a03ae0af0a602b7a629e2b81a0de570a426051d0c5ab4f4a;2025-06-14 23:22:00;30;TRAFFIC SIGNAL;FUNCTIONING PROPERLY;CLEAR;DARKNESS;TURNING;NOT DIVIDED;STRAIGHT AND LEVEL;DRY;NO DEFECTS;INJURY AND / OR TOW DUE TO CRASH;Y;;OVER $1,500;DISREGARDING TRAFFIC SIGNALS;NOT APPLICABLE;3400;N;CLARK ST;1924;;;;;;;2;NONINCAPACITATING INJURY;2;0;0;2;0;0;0;23;7;6;41.9435609427;-87.6537636432;{'type': 'Point', 'coordinates': [-87.653763643215, 41.943560942691]};ON SCENE;2025-06-14T23:23:00.000
73edaa772b2b8ec715ebebdac87a5290af268573c9c60e24b4cdc78dd913a87840ba365c71654c718e52c6ee51c545dd223586f4acf3c38ddb3e48cffb3f0513;2025-06-14 23:20:00;30;STOP SIGN/FLASHER;FUNCTIONING PROPERLY;CLEAR;DARKNESS, LIGHTED ROAD;ANGLE;FOUR WAY;STRAIGHT AND LEVEL;DRY;UNKNOWN;INJURY AND / OR TOW DUE TO CRASH;Y;;OVER $1,500;UNABLE TO DETERMINE;UNABLE TO DETERMINE;1100;W;103RD PL;2232;;;;;;;2;NO INDICATION OF INJURY;0;0;0;0;0;2;0;23;7;6;41.706050941;-87.6502220265;{'type': 'Point', 'coordinates': [-87.650222026459, 41.70605094097]};ON SCENE;2025-06-14T23:34:00.000
e608b84ad82f7782eae15ce7b724211b41ca24ab5d280d62eb46f598f5c35ceeaf456cf66d50e56cafe82055b35db3eb7245773789fea4983384b94409c5eb16;2025-06-14 23:18:00;30;NO CONTROLS;NO CONTROLS;CLEAR;DARKNESS, LIGHTED ROAD;PARKED MOTOR VEHICLE;NOT DIVIDED;STRAIGHT AND LEVEL;DRY;NO DEFECTS;NO INJURY / DRIVE AWAY;;;$500 OR LESS;UNABLE TO DETERMINE;UNABLE TO DETERMINE;2651;W;WABANSIA AVE;1421;;;;;;;2;NO INDICATION OF INJURY;0;0;0;0;0;2;0;23;7;6;41.911965215;-87.6942180347;{'type': 'Point', 'coordinates': [-87.69421803469, 41.911965215019]};NOT ON SCENE (DESK REPORT);2025-06-14T23:18:00.000
74112f080d23cd56e39f5b636d04fac37860f7f273c01b83d9a960d7a95b106e20fa06d98514dc9e285c68cbc2d6cb4fbff61ffb30cba3dd31a5b6285894325b;2025-06-14 23:16:00;30;TRAFFIC SIGNAL;FUNCTIONING PROPERLY;CLEAR;DARKNESS, LIGHTED ROAD;ANGLE;NOT DIVIDED;STRAIGHT AND LEVEL;DRY;NO DEFECTS;INJURY AND / OR TOW DUE TO CRASH;Y;;OVER $1,500;DISREGARDING TRAFFIC SIGNALS;NOT APPLICABLE;1700;N;AUSTIN AVE;2513;;;;;;;2;NONINCAPACITATING INJURY;1;0;0;1;0;1;0;23;7;6;41.9111684094;-87.7754319801;{'type': 'Point', 'coordinates': [-87.775431980111, 41.911168409408]};ON SCENE;2025-06-14T23:16:00.000
85e2e2fb499faafd321d38810844676bce557ebbffd84ca7f77ff3d48951d1847932c10d92eac23367b1e23a28176507094cfd3ec7062e30000cc94d9f98422d;2025-06-14 23:15:00;25;NO CONTROLS;NO CONTROLS;CLEAR;DARKNESS, LIGHTED ROAD;SIDESWIPE SAME DIRECTION;NOT DIVIDED;STRAIGHT AND LEVEL;DRY;NO DEFECTS;NO INJURY / DRIVE AWAY;;Y;OVER $1,500;IMPROPER OVERTAKING/PASSING;NOT APPLICABLE;1344;N;WESTERN AVE;1423;;;;;;;2;NO INDICATION OF INJURY;0;0;0;0;0;2;0;23;7;6;41.9061768757;-87.6872580162;{'type': 'Point', 'coordinates': [-87.68725801624, 41.906176875718]};NOT ON SCENE (DESK REPORT);2025-06-15T11:45:00.000
ebb549457d816822a1cccb9175c4f13bd8deba3cdfc791fb4203aa3c7704e8b7331da1e1102c4ae751781161fd538b75d49b7a738b25bfd8321623bda7a3e36b;2025-06-14 23:10:00;10;NO CONTROLS;NO CONTROLS;CLEAR;DARKNESS, LIGHTED ROAD;PARKED MOTOR VEHICLE;PARKING LOT;STRAIGHT AND LEVEL;DRY;NO DEFECTS;INJURY AND / OR TOW DUE TO CRASH;;;$501 - $1,500;UNDER THE INFLUENCE OF ALCOHOL/DRUGS (USE WHEN ARREST IS EFFECTED);HAD BEEN DRINKING (USE WHEN ARREST IS NOT MADE);1235;S;STATE ST;131;;;;;;;2;NO INDICATION OF INJURY;0;0;0;0;0;1;0;23;7;6;41.8664495986;-87.6272455078;{'type': 'Point', 'coordinates': [-87.627245507831, 41.866449598611]};ON SCENE;2025-06-14T23:17:00.000
df6389f6f771488a634df31d2ec255711da72e070aa7b1847073a51d0941ef9416377f23f9ab216d2d9b36cd8cfe35f03ae3754c72d0190ce415283189ea5eaf;2025-06-14 23:08:00;30;NO CONTROLS;NO CONTROLS;CLEAR;DARKNESS, LIGHTED ROAD;SIDESWIPE SAME DIRECTION;NOT DIVIDED;STRAIGHT AND LEVEL;DRY;UNKNOWN;NO INJURY / DRIVE AWAY;;;$501 - $1,500;FAILING TO YIELD RIGHT-OF-WAY;IMPROPER LANE USAGE;1133;S;MORGAN ST;1232;;;;;;;2;NO INDICATION OF INJURY;0;0;0;0;0;2;0;23;7;6;41.8673795476;-87.6509114199;{'type': 'Point', 'coordinates': [-87.650911419941, 41.867379547562]};NOT ON SCENE (DESK REPORT);2025-06-15T00:05:00.000
413ef5265c7b820aa35844ea118362f1157256a01f9987ec6d762e1e083778b46590a6b4779ebe27d9f5710b30072db076f1d3e224e387022e0de15425f268b3;2025-06-14 23:00:00;30;NO CONTROLS;NO CONTROLS;UNKNOWN;DARKNESS, LIGHTED ROAD;SIDESWIPE SAME DIRECTION;NOT DIVIDED;STRAIGHT AND LEVEL;UNKNOWN;UNKNOWN;NO INJURY / DRIVE AWAY;;Y;OVER $1,500;FAILING TO YIELD RIGHT-OF-WAY;FAILING TO YIELD RIGHT-OF-WAY;8942;S;STONY ISLAND AVE;413;;;;;;;2;NO INDICATION OF INJURY;0;0;0;0;0;2;0;23;7;6;41.7319922539;-87.5856879961;{'type': 'Point', 'coordinates': [-87.585687996108, 41.731992253881]};NOT ON SCENE (DESK REPORT);2025-06-15T15:20:00.000
cb99547fd9ae96b8ccc059c7e1a8224f5e26c96d792eed67738d34e006e9066cb541a05c3906a2708379e517bd60f65e768a27916014a1e105110038920b8a72;2025-06-14 23:00:00;30;NO CONTROLS;NO CONTROLS;CLEAR;UNKNOWN;PARKED MOTOR VEHICLE;UNKNOWN INTERSECTION TYPE;STRAIGHT AND LEVEL;UNKNOWN;UNKNOWN;NO INJURY / DRIVE AWAY;;Y;OVER $1,500;UNABLE TO DETERMINE;NOT APPLICABLE;724;W;WRIGHTWOOD AVE;1935;;;;;;;2;NO INDICATION OF INJURY;0;0;0;0;0;1;0;23;7;6;41.9292051905;-87.6475224872;{'type': 'Point', 'coordinates': [-87.647522487186, 41.929205190524]};NOT ON SCENE (DESK REPORT);2025-06-16T18:45:00.000
ef900b7266b4d30f7cc1406e10f94cf61abba4b3aaf810836e091a5db6c00e014e9647ee58b8e856e135f9aec0d83893e41c8820974ee3d1bfe5d0b78bf3dd7e;2025-06-14 23:00:00;30;NO CONTROLS;NO CONTROLS;CLEAR;DARKNESS, LIGHTED ROAD;PARKED MOTOR VEHICLE;NOT DIVIDED;STRAIGHT AND LEVEL;DRY;NO DEFECTS;INJURY AND / OR TOW DUE TO CRASH;;;OVER $1,500;UNABLE TO DETERMINE;UNABLE TO DETERMINE;7619;S;COTTAGE GROVE AVE;624;;;;;;;2;NONINCAPACITATING INJURY;1;0;0;1;0;0;0;23;7;6;41.7561587766;-87.605181187;{'type': 'Point', 'coordinates': [-87.605181186978, 41.756158776599]};ON SCENE;2025-06-14T23:05:00.000
f171cc34948cc232b8603bb8eb7c9510bebd03485de3b299ba67429171c347c4be0f18f594a65dbe9f6fd0d333be89dcd04da4215947b9760cbd9262eb111d84;2025-06-14 23:00:00;30;UNKNOWN;UNKNOWN;UNKNOWN;UNKNOWN;PARKED MOTOR VEHICLE;ONE-WAY;STRAIGHT AND LEVEL;UNKNOWN;UNKNOWN;NO INJURY / DRIVE AWAY;;;OVER $1,500;UNABLE TO DETERMINE;NOT APPLICABLE;3800;N;ALBANY AVE;1733;;;;;;;2;NO INDICATION OF INJURY;0;0;0;0;0;1;0;23;7;6;41.9503822021;-87.7056226389;{'type': 'Point', 'coordinates': [-87.705622638902, 41.950382202055]};NOT ON SCENE (DESK REPORT);2025-06-15T18:20:00.000
36269c5780a5e5e1d660087730488d717c40e778b152a0517fdde8b981b838f031f5d046c04673ab1989ed7cfb8fee0eeb3a8bc121cec16522a92b2bd8e0be9f;2025-06-14 22:54:00;30;TRAFFIC SIGNAL;FUNCTIONING PROPERLY;CLEAR;DARKNESS, LIGHTED ROAD;ANGLE;DIVIDED - W/MEDIAN (NOT RAISED);STRAIGHT AND LEVEL;DRY;NO DEFECTS;INJURY AND / OR TOW DUE TO CRASH;;;OVER $1,500;FAILING TO REDUCE SPEED TO AVOID CRASH;NOT APPLICABLE;1;N;DAMEN AVE;1223;;;;;;;3;NONINCAPACITATING INJURY;2;0;0;2;0;2;0;22;7;6;41.8813609245;-87.676495643;{'type': 'Point', 'coordinates': [-87.676495642969, 41.881360924518]};ON SCENE;2025-06-14T23:07:00.000
b651e4dd59b59f24f6493394912e0f3b7ec1d871dc3e96268abb007553c216a50c6f84dd33062155fc53e92c54137b9fc3c263dd5b4a47cf744251b481309e47;2025-06-14 22:36:00;30;OTHER;OTHER;CLEAR;DARKNESS, LIGHTED ROAD;ANGLE;ONE-WAY;STRAIGHT AND LEVEL;DRY;NO DEFECTS;NO INJURY / DRIVE AWAY;Y;;$500 OR LESS;IMPROPER BACKING;NOT APPLICABLE;5600;S;CARPENTER ST;712;;;;;;;2;NO INDICATION OF INJURY;0;0;0;0;0;5;0;22;7;6;41.7923065407;-87.6513269373;{'type': 'Point', 'coordinates': [-87.651326937292, 41.792306540731]};ON SCENE;2025-06-14T23:45:00.000
681ce9c7fd404834a668e50dff58031acb0c35b314ac059bc637677596a4c44ea351df1581eb7ac0639ace38809cd4dc98e07c0c8b82b94f09ba1e22e8b832c7;2025-06-14 22:30:00;40;NO CONTROLS;NO CONTROLS;CLEAR;DARKNESS, LIGHTED ROAD;PARKED MOTOR VEHICLE;ONE-WAY;STRAIGHT AND LEVEL;DRY;NO DEFECTS;NO INJURY / DRIVE AWAY;;Y;OVER $1,500;UNABLE TO DETERMINE;DRIVING SKILLS/KNOWLEDGE/EXPERIENCE;1215;S;RUBLE ST;1232;;;;;;;2;NO INDICATION OF INJURY;0;0;0;0;0;1;0;22;7;6;41.8667652996;-87.6439403204;{'type': 'Point', 'coordinates': [-87.643940320391, 41.866765299648]};NOT ON SCENE (DESK REPORT);2025-06-15T08:30:00.000
9063244dbfab868ddf204ad3eec292413c73df5613eb59a770c45e9ab732d253073d7473e93e258a7b54890c526bcba1d070bd8f6b6d1a0f735b10b9d638304f;2025-06-14 22:29:00;15;NO CONTROLS;NO CONTROLS;CLEAR;DARKNESS;PEDESTRIAN;ALLEY;STRAIGHT AND LEVEL;DRY;NO DEFECTS;INJURY AND / OR TOW DUE TO CRASH;;;$500 OR LESS;UNDER THE INFLUENCE OF ALCOHOL/DRUGS (USE WHEN ARREST IS EFFECTED);FAILING TO YIELD RIGHT-OF-WAY;1616;N;WESTERN AVE;1434;;;;;;;2;NONINCAPACITATING INJURY;1;0;0;1;0;1;0;22;7;6;41.9108590813;-87.6873821797;{'type': 'Point', 'coordinates': [-87.687382179696, 41.910859081291]};ON SCENE;2025-06-14T22:29:00.000
ecb520b6c4b837a63227f4ec8fd10671e8ad3544519a4c4c229d5d1dc69ae8ac0774c5253aaa559d8b4c34f06cd4b2518a17b5f32b376d263514a510ef2f4fa0;2025-06-14 22:20:00;35;TRAFFIC SIGNAL;FUNCTIONING IMPROPERLY;CLEAR;DARKNESS, LIGHTED ROAD;SIDESWIPE SAME DIRECTION;NOT DIVIDED;STRAIGHT AND LEVEL;DRY;NO DEFECTS;NO INJURY / DRIVE AWAY;;;$500 OR LESS;FOLLOWING TOO CLOSELY;NOT APPLICABLE;112;W;87TH ST;622;;;;;;;2;NO INDICATION OF INJURY;0;0;0;0;0;3;0;22;7;6;41.7363800456;-87.627509219;{'type': 'Point', 'coordinates': [-87.627509219026, 41.736380045588]};ON SCENE;2025-06-14T22:30:00.000
6071ffeaeb81cd1531dcfeffac59170249ab088b39f335cfed1ceba2e8a34c057d33e0bc4ce19af97828efb5e4014152deb19d91bd02080a5935490d1c15efcf;2025-06-14 22:09:00;30;TRAFFIC SIGNAL;FUNCTIONING PROPERLY;CLEAR;DARKNESS, LIGHTED ROAD;REAR END;NOT DIVIDED;STRAIGHT AND LEVEL;DRY;NO DEFECTS;INJURY AND / OR TOW DUE TO CRASH;;;OVER $1,500;FAILING TO REDUCE SPEED TO AVOID CRASH;UNABLE TO DETERMINE;4944;W;BELMONT AVE;1634;;;;;;;4;NONINCAPACITATING INJURY;1;0;0;1;0;4;0;22;7;6;41.9388810971;-87.7511909889;{'type': 'Point', 'coordinates': [-87.751190988949, 41.938881097111]};ON SCENE;2025-06-14T23:03:00.000
a13c0518ba6565030784ef97a41e684fd5699eddbf8fb4f041b564a3eefcf9f395b614685845537446fc0790ac7b9933176bbcc46dc62fd8479680a174d9d30e;2025-06-14 22:00:00;35;TRAFFIC SIGNAL;FUNCTIONING PROPERLY;CLEAR;DARKNESS;TURNING;NOT DIVIDED;STRAIGHT AND LEVEL;DRY;NO DEFECTS;NO INJURY / DRIVE AWAY;Y;;OVER $1,500;UNABLE TO DETERMINE;UNABLE TO DETERMINE;1201;S;COLUMBUS DR;132;;;;;;;2;NO INDICATION OF INJURY;0;0;0;0;0;2;0;22;7;6;41.8674707758;-87.6202190599;{'type': 'Point', 'coordinates': [-87.620219059938, 41.867470775841]};;2025-06-14T22:30:00.000
ce9e8f09417efb26294f65e52cf0ffbf34c041ba2390bf66a0365596198cc8e089203aebf1228548b77552b2a36552dcceb975711ed4df1ec9db4a8eae7c1962;2025-06-14 22:00:00;30;NO CONTROLS;NO CONTROLS;UNKNOWN;DARKNESS;PARKED MOTOR VEHICLE;NOT DIVIDED;STRAIGHT AND LEVEL;UNKNOWN;UNKNOWN;NO INJURY / DRIVE AWAY;;Y;OVER $1,500;UNABLE TO DETERMINE;UNABLE TO DETERMINE;1039;W;GRAND AVE;1214;;;;;;;2;NO INDICATION OF INJURY;0;0;0;0;0;1;0;22;7;6;41.8910076752;-87.6537812493;{'type': 'Point', 'coordinates': [-87.653781249307, 41.891007675224]};NOT ON SCENE (DESK REPORT);2025-06-15T10:00:00.000
091ab60f02764ebfb6266f6cb7787fd9adcd43dba52be37d296089d87cf2f4fd2eec1c12ac9f9ec35b248c60f3094a4cfe1a8f6b0100809f0b066ef5f6037dea;2025-06-14 21:59:00;30;NO CONTROLS;NO CONTROLS;UNKNOWN;DARKNESS;PARKED MOTOR VEHICLE;NOT DIVIDED;STRAIGHT AND LEVEL;UNKNOWN;UNKNOWN;INJURY AND / OR TOW DUE TO CRASH;;;OVER $1,500;UNABLE TO DETERMINE;NOT APPLICABLE;4881;S;ARCHER AVE;821;;;;;;;3;NO INDICATION OF INJURY;0;0;0;0;0;1;0;21;7;6;41.8045093931;-87.7196264277;{'type': 'Point', 'coordinates': [-87.719626427748, 41.804509393132]};ON SCENE;2025-06-14T23:46:00.000
1194eca79badc85bfde42022db798c72c42c709061b9dcfd5fd7004ea5b18068ba374591523bd0418083d0830b75157d90e37bfbcae647774388fd9c4d7be8bd;2025-06-14 21:55:00;30;TRAFFIC SIGNAL;FUNCTIONING PROPERLY;CLEAR;DARKNESS;REAR END;NOT DIVIDED;STRAIGHT AND LEVEL;DRY;NO DEFECTS;NO INJURY / DRIVE AWAY;Y;Y;OVER $1,500;IMPROPER OVERTAKING/PASSING;NOT APPLICABLE;3301;W;AUGUSTA BLVD;1121;;;;;;;2;NO INDICATION OF INJURY;0;0;0;0;0;6;0;21;7;6;41.8990606613;-87.708882578;{'type': 'Point', 'coordinates': [-87.708882577975, 41.899060661262]};NOT ON SCENE (DESK REPORT);2025-06-14T23:00:00.000
f8bc787e48a2fd1d993e2992b32b9db572f20b3f8faf1a2193badd8212a92fbe17677a07dd633569cc65e9f1156562b097bd7b3ec975a277e3d732756ee2e43d;2025-06-14 21:45:00;30;NO CONTROLS;NO CONTROLS;CLEAR;DARKNESS;REAR END;NOT DIVIDED;STRAIGHT AND LEVEL;DRY;NO DEFECTS;NO INJURY / DRIVE AWAY;;Y;OVER $1,500;UNABLE TO DETERMINE;UNABLE TO DETERMINE;2400;W;DIVISION ST;1423;;;;;;;2;NO INDICATION OF INJURY;0;0;0;0;0;2;0;21;7;6;41.9031248989;-87.6870709642;{'type': 'Point', 'coordinates': [-87.68707096423, 41.903124898943]};NOT ON SCENE (DESK REPORT);2025-06-15T01:00:00.000
5fb0f122b3eb93e8933286f41c980056c3945caf02ee3d63f64e66f5115b631432fea6d84ce035f527e9bc7e7613b17c185dedd0094b059b63210618ae698bdd;2025-06-14 21:30:00;30;TRAFFIC SIGNAL;FUNCTIONING PROPERLY;CLEAR;DARKNESS, LIGHTED ROAD;TURNING;NOT DIVIDED;STRAIGHT AND LEVEL;DRY;NO DEFECTS;NO INJURY / DRIVE AWAY;;;OVER $1,500;IMPROPER LANE USAGE;IMPROPER LANE USAGE;4741;W;55TH ST;813;;;;;;;2;NO INDICATION OF INJURY;0;0;0;0;0;3;0;21;7;6;41.7929217588;-87.7419570753;{'type': 'Point', 'coordinates': [-87.741957075258, 41.792921758779]};ON SCENE;2025-06-14T21:38:00.000
3329365706c738cebb71c813e5d93ee7da7fa00ca1c1e1e115fed9407414d6509c3892b87099e979c77c6e299b2f61eb7ea2399655ae32e9f0d6cd32f7cc1bfd;2025-06-14 21:25:00;30;TRAFFIC SIGNAL;FUNCTIONING PROPERLY;CLEAR;DUSK;TURNING;NOT DIVIDED;STRAIGHT AND LEVEL;DRY;NO DEFECTS;INJURY AND / OR TOW DUE TO CRASH;Y;Y;OVER $1,500;DISREGARDING TRAFFIC SIGNALS;NOT APPLICABLE;2000;N;KIMBALL AVE;1413;;;;;;;2;NONINCAPACITATING INJURY;1;0;0;1;0;1;0;21;7;6;41.9173888995;-87.712051446;{'type': 'Point', 'coordinates': [-87.712051446035, 41.917388899504]};ON SCENE;2025-06-14T21:30:00.000
d6a23c5e690f17169ebd6f367936dcca798457b982c6aa691d459182dab0477ac521f760deceafeeeef99f5d607fe76acd544e297bc9424590fe693d964ffbc5;2025-06-14 21:25:00;30;TRAFFIC SIGNAL;FUNCTIONING PROPERLY;CLEAR;DARKNESS, LIGHTED ROAD;REAR END;FOUR WAY;STRAIGHT AND LEVEL;DRY;UNKNOWN;INJURY AND / OR TOW DUE TO CRASH;Y;;$501 - $1,500;FOLLOWING TOO CLOSELY;FOLLOWING TOO CLOSELY;99;N;OGDEN AVE;1224;;;;;;;2;REPORTED, NOT EVIDENT;1;0;0;0;1;1;0;21;7;6;41.8827380894;-87.6645774199;{'type': 'Point', 'coordinates': [-87.664577419858, 41.882738089398]};NOT ON SCENE (DESK REPORT);2025-06-14T23:25:00.000
f0209ee743fc95bd19a0dcdebcca8d7dabc0bf28b86d2a8e4bc7790c0f53039a5ca49c60a4d63035fc7856b2ccfa5b664e3c18921a84988766977243a23ccb96;2025-06-14 21:25:00;30;STOP SIGN/FLASHER;FUNCTIONING PROPERLY;CLEAR;DARKNESS, LIGHTED ROAD;REAR END;FOUR WAY;STRAIGHT AND LEVEL;DRY;NO DEFECTS;NO INJURY / DRIVE AWAY;Y;;$501 - $1,500;FOLLOWING TOO CLOSELY;FOLLOWING TOO CLOSELY;4400;S;STATE ST;215;;;;;;;2;NO INDICATION OF INJURY;0;0;0;0;0;4;0;21;7;6;41.8146022388;-87.6263711182;{'type': 'Point', 'coordinates': [-87.6263711182, 41.814602238786]};ON SCENE;2025-06-14T21:47:00.000
51d91657b846b3f083d596f97f43d708f1457de3646dea1e388c86d839f09f0adcd222abcbe4ed536cbbd118df3d989ee27d33aecb042472baaafe944979b7df;2025-06-14 21:19:00;30;TRAFFIC SIGNAL;WORN REFLECTIVE MATERIAL;CLEAR;DARKNESS, LIGHTED ROAD;PEDESTRIAN;FOUR WAY;STRAIGHT AND LEVEL;DRY;NO DEFECTS;NO INJURY / DRIVE AWAY;Y;;$500 OR LESS;FAILING TO YIELD RIGHT-OF-WAY;FAILING TO YIELD RIGHT-OF-WAY;2399;W;DIVISION ST;1212;;;;;;;2;NO INDICATION OF INJURY;0;0;0;0;0;2;0;21;7;6;41.9029093171;-87.6868997992;{'type': 'Point', 'coordinates': [-87.686899799205, 41.902909317148]};;2025-06-14T21:19:00.000
08cf8e779ab426be54108d0d2ef2c1564c934998f2d53951aecb0f287025ddad4a4e5bfa0ddf639a4efd030f3697b416e2e975bffab1dbde17261a9903492f42;2025-06-14 21:11:00;35;TRAFFIC SIGNAL;FUNCTIONING PROPERLY;CLEAR;DARKNESS, LIGHTED ROAD;REAR END;DIVIDED - W/MEDIAN (NOT RAISED);STRAIGHT AND LEVEL;DRY;NO DEFECTS;INJURY AND / OR TOW DUE TO CRASH;;Y;OVER $1,500;UNABLE TO DETERMINE;UNABLE TO DETERMINE;4210;S;CICERO AVE;814;;;;;;;3;NONINCAPACITATING INJURY;2;0;0;2;0;5;0;21;7;6;41.8163578773;-87.743526691;{'type': 'Point', 'coordinates': [-87.743526691043, 41.816357877321]};ON SCENE;2025-06-14T21:12:00.000
2666aea5c56548d3b4c8c73009a617feb62493f0d23173680fd521e8737dd4cd565264344affbb95b8ecdbd69f2a7731e9926d83d7321747db43c67d06776fba;2025-06-14 21:10:00;30;NO CONTROLS;NO CONTROLS;CLEAR;DARKNESS, LIGHTED ROAD;SIDESWIPE SAME DIRECTION;NOT DIVIDED;STRAIGHT AND LEVEL;DRY;NO DEFECTS;INJURY AND / OR TOW DUE TO CRASH;;Y;OVER $1,500;UNDER THE INFLUENCE OF ALCOHOL/DRUGS (USE WHEN ARREST IS EFFECTED);UNDER THE INFLUENCE OF ALCOHOL/DRUGS (USE WHEN ARREST IS EFFECTED);3415;N;NARRAGANSETT AVE;1633;;;;;;;2;NO INDICATION OF INJURY;0;0;0;0;0;2;0;21;7;6;41.942458555;-87.7860831718;{'type': 'Point', 'coordinates': [-87.786083171803, 41.942458555024]};ON SCENE;2025-06-14T21:14:00.000
7f27a0fa9b2c37cb9eb604ce2166c7abff9858f50aafe7d737561db66d1b492c073e77e6200c19b8879d4ba9dc3dbcf7eb9a0a438a6a0029197ab2782941a329;2025-06-14 21:10:00;30;NO CONTROLS;UNKNOWN;CLEAR;DARKNESS, LIGHTED ROAD;REAR END;NOT DIVIDED;STRAIGHT AND LEVEL;DRY;NO DEFECTS;INJURY AND / OR TOW DUE TO CRASH;;Y;OVER $1,500;UNDER THE INFLUENCE OF ALCOHOL/DRUGS (USE WHEN ARREST IS EFFECTED);UNDER THE INFLUENCE OF ALCOHOL/DRUGS (USE WHEN ARREST IS EFFECTED);3527;N;AUSTIN AVE;1633;;;;;;;2;NO INDICATION OF INJURY;0;0;0;0;0;2;0;21;7;6;41.9447558559;-87.776311214;{'type': 'Point', 'coordinates': [-87.776311213986, 41.944755855865]};ON SCENE;2025-06-14T21:14:00.000
aba6e5383637357aba824207100697ace98d108f2409f756bec83d37aa016c36c120e54f6c0296c8e8c7dbfacea72d00c80721a3357113243b60d4f67e9d05d2;2025-06-14 21:10:00;30;NO CONTROLS;NO CONTROLS;CLEAR;DARKNESS, LIGHTED ROAD;PARKED MOTOR VEHICLE;NOT DIVIDED;STRAIGHT AND LEVEL;DRY;NO DEFECTS;INJURY AND / OR TOW DUE TO CRASH;;Y;OVER $1,500;UNDER THE INFLUENCE OF ALCOHOL/DRUGS (USE WHEN ARREST IS EFFECTED);UNDER THE INFLUENCE OF ALCOHOL/DRUGS (USE WHEN ARREST IS EFFECTED);3329;N;MARMORA AVE;1633;;;;;;;2;NO INDICATION OF INJURY;0;0;0;0;0;1;0;21;7;6;41.9411823873;-87.7737389029;{'type': 'Point', 'coordinates': [-87.773738902914, 41.94118238725]};ON SCENE;2025-06-14T21:14:00.000
31d57e3d977c200143df122a7bb340e50c320d90adc3d61327660abfaf5d855c5086e7526592bb871a1d571492727b4970e9dc8d596912865088cdb2f82b0e25;2025-06-14 21:07:00;30;NO CONTROLS;NO CONTROLS;CLEAR;DARKNESS;PARKED MOTOR VEHICLE;DIVIDED - W/MEDIAN (NOT RAISED);STRAIGHT AND LEVEL;DRY;NO DEFECTS;NO INJURY / DRIVE AWAY;;Y;OVER $1,500;UNABLE TO DETERMINE;UNABLE TO DETERMINE;3407;N;NARRAGANSETT AVE;1633;;;;;;;2;NO INDICATION OF INJURY;0;0;0;0;0;1;0;21;7;6;41.9422209097;-87.7860724565;{'type': 'Point', 'coordinates': [-87.786072456451, 41.942220909679]};NOT ON SCENE (DESK REPORT);2025-06-16T10:55:00.000
35427449462b5d46e0394434ae10052576554b6001c50f37d63998f3470ec1b26d168810ab20a2f70e84b617a5d5f9b5fe61d868184cb3936c3c9f48b3894d0e;2025-06-14 21:00:00;30;NO CONTROLS;NO CONTROLS;CLEAR;DARKNESS;ANGLE;NOT DIVIDED;STRAIGHT AND LEVEL;DRY;NO DEFECTS;INJURY AND / OR TOW DUE TO CRASH;;Y;OVER $1,500;NOT APPLICABLE;NOT APPLICABLE;7089;S;CICERO AVE;833;;;;;;;3;NONINCAPACITATING INJURY;1;0;0;1;0;4;0;21;7;6;41.7643832677;-87.7417546375;{'type': 'Point', 'coordinates': [-87.741754637548, 41.764383267728]};NOT ON SCENE (DESK REPORT);2025-06-15T13:16:00.000
3736c5dd2f18556e54bcb878b2fc32640cb0b13a021dddf784d288dbd8411c0f2f059f55a82115b2743572f4d4d7f9025a9ed21906f0ff1961734bacb1096681;2025-06-14 21:00:00;30;NO CONTROLS;NO CONTROLS;CLEAR;DARKNESS, LIGHTED ROAD;SIDESWIPE OPPOSITE DIRECTION;NOT DIVIDED;STRAIGHT AND LEVEL;DRY;UNKNOWN;INJURY AND / OR TOW DUE TO CRASH;;;$500 OR LESS;DRIVING SKILLS/KNOWLEDGE/EXPERIENCE;UNABLE TO DETERMINE;804;N;FRANKLIN ST;1823;;;;;;;2;REPORTED, NOT EVIDENT;1;0;0;0;1;2;0;21;7;6;41.8967696629;-87.6358394848;{'type': 'Point', 'coordinates': [-87.635839484791, 41.896769662928]};ON SCENE;2025-06-14T21:02:00.000
4ef83c1adea3febcaf03ecd8d15a12d2231c2f44b129fe47c3095a8ff202c9efd00ee4c65bec9ac1049f1201845752daa56aefb490bcd61bc57fb61645dedfe9;2025-06-14 21:00:00;30;NO CONTROLS;NO CONTROLS;CLEAR;DARKNESS;PARKED MOTOR VEHICLE;DIVIDED - W/MEDIAN BARRIER;STRAIGHT AND LEVEL;DRY;NO DEFECTS;NO INJURY / DRIVE AWAY;;Y;OVER $1,500;UNABLE TO DETERMINE;UNABLE TO DETERMINE;2245;W;NORTH AVE;1424;;;;;;;2;NO INDICATION OF INJURY;0;0;0;0;0;1;0;21;7;6;41.9102576611;-87.6841279645;{'type': 'Point', 'coordinates': [-87.684127964453, 41.910257661091]};NOT ON SCENE (DESK REPORT);2025-06-14T22:20:00.000
83ad15cd0945f633688a077c11e5af22a078390a623189570f87fe938b1e7c8daa7b93f53d64eea914c442b78cdea1a64cfb592c90044b2632ada9326d8014de;2025-06-14 21:00:00;30;NO CONTROLS;NO CONTROLS;CLEAR;DARKNESS, LIGHTED ROAD;OTHER NONCOLLISION;NOT DIVIDED;STRAIGHT AND LEVEL;DRY;RUT, HOLES;INJURY AND / OR TOW DUE TO CRASH;;;OVER $1,500;ROAD CONSTRUCTION/MAINTENANCE;ROAD CONSTRUCTION/MAINTENANCE;740;E;MORGAN DR;233;;;;;;;1;NONINCAPACITATING INJURY;1;0;0;1;0;0;0;21;7;6;;;;ON SCENE;2025-06-15T04:48:00.000
d592edf6886ada7fbfdc6fe5efead9d41dee94a2bfb8b6b7a2277c0700c9edfdd7beb02ed6df30a4b1230df7e8edfd7140f6723032f6962b1332541e7441ea80;2025-06-14 21:00:00;30;TRAFFIC SIGNAL;FUNCTIONING PROPERLY;CLEAR;DARKNESS, LIGHTED ROAD;SIDESWIPE SAME DIRECTION;NOT DIVIDED;STRAIGHT AND LEVEL;DRY;NO DEFECTS;NO INJURY / DRIVE AWAY;;Y;OVER $1,500;FOLLOWING TOO CLOSELY;FAILING TO YIELD RIGHT-OF-WAY;2859;W;CHICAGO AVE;1221;;;;;;;2;NO INDICATION OF INJURY;0;0;0;0;0;2;0;21;7;6;41.895527078;-87.699098183;{'type': 'Point', 'coordinates': [-87.699098182975, 41.895527077955]};NOT ON SCENE (DESK REPORT);2025-06-14T21:30:00.000
f66fe1ef897263c5b711141b03007b8d4c85323e8df5a410e3ed8c66b59d8bfe9e53b9d83d9a1d211e15127f63644a85bb83c91e8eb5d15ddaaf902ecdf2bb3c;2025-06-14 21:00:00;30;TRAFFIC SIGNAL;FUNCTIONING PROPERLY;CLEAR;DARKNESS, LIGHTED ROAD;TURNING;NOT DIVIDED;STRAIGHT AND LEVEL;DRY;NO DEFECTS;NO INJURY / DRIVE AWAY;;Y;OVER $1,500;IMPROPER LANE USAGE;DRIVING SKILLS/KNOWLEDGE/EXPERIENCE;3048;W;FULLERTON AVE;1414;;;;;;;2;NO INDICATION OF INJURY;0;0;0;0;0;6;0;21;7;6;41.9248545394;-87.7041675434;{'type': 'Point', 'coordinates': [-87.704167543388, 41.924854539421]};NOT ON SCENE (DESK REPORT);2025-06-14T22:00:00.000
1d398369b3fcfee2e08b3718c53a9dd9b784c20cc1f13ab979ff403635cfc7dfb6b0b91be621ed242af9808c02a485aebcd5144924406d3672a3f8d753dfd90c;2025-06-14 20:55:00;30;TRAFFIC SIGNAL;FUNCTIONING PROPERLY;CLEAR;DARKNESS, LIGHTED ROAD;SIDESWIPE SAME DIRECTION;FOUR WAY;STRAIGHT AND LEVEL;DRY;UNKNOWN;NO INJURY / DRIVE AWAY;Y;;$501 - $1,500;IMPROPER OVERTAKING/PASSING;IMPROPER OVERTAKING/PASSING;600;N;STATE ST;1832;;;;;;;2;NO INDICATION OF INJURY;0;0;0;0;0;2;0;20;7;6;41.8925011669;-87.6282427378;{'type': 'Point', 'coordinates': [-87.628242737819, 41.89250116695]};NOT ON SCENE (DESK REPORT);2025-06-14T21:40:00.000
bee403b379a1dd279fb7f4037b65ff9e54c293c4fe9285c35167f2b515a9db61d6e44b80381aeb9561bb2c9927b28d213a2bb726af899d06a317506857b5dea8;2025-06-14 20:45:00;30;STOP SIGN/FLASHER;FUNCTIONING PROPERLY;CLEAR;DUSK;PEDESTRIAN;NOT DIVIDED;STRAIGHT AND LEVEL;DRY;NO DEFECTS;NO INJURY / DRIVE AWAY;Y;;$500 OR LESS;UNABLE TO DETERMINE;UNABLE TO DETERMINE;1405;N;HAMLIN AVE;2535;;;;;;;2;NO INDICATION OF INJURY;0;0;0;0;0;2;0;20;7;6;41.9065272799;-87.721406944;{'type': 'Point', 'coordinates': [-87.721406943997, 41.906527279938]};NOT ON SCENE (DESK REPORT);2025-06-15T06:45:00.000
296a64ef8f77d7150524358bf4216ea30f6f542b5cebe2a634d197bae8454bfd24cf6004e5ab8b3230aa051e317875b2cadd0d91d86831ca390ce01565b2ba5e;2025-06-14 20:40:00;30;STOP SIGN/FLASHER;FUNCTIONING PROPERLY;CLEAR;DARKNESS, LIGHTED ROAD;ANGLE;DIVIDED - W/MEDIAN (NOT RAISED);STRAIGHT AND LEVEL;DRY;NO DEFECTS;INJURY AND / OR TOW DUE TO CRASH;Y;;OVER $1,500;UNDER THE INFLUENCE OF ALCOHOL/DRUGS (USE WHEN ARREST IS EFFECTED);FAILING TO REDUCE SPEED TO AVOID CRASH;1058;N;WESTERN AVE;1212;;;;;;;4;INCAPACITATING INJURY;5;0;1;4;0;6;0;20;7;6;41.9011533661;-87.6871250782;{'type': 'Point', 'coordinates': [-87.687125078204, 41.901153366143]};ON SCENE;2025-06-14T20:40:00.000
833fdcde424969950fd955eef5e66b4d28941add1a2285620019885cfc781d27835618b87d930d187b8021a93814f376d704f87965f29316b0c849c6341e7dfc;2025-06-14 20:35:00;30;NO CONTROLS;NO CONTROLS;CLEAR;DAYLIGHT;PARKED MOTOR VEHICLE;PARKING LOT;STRAIGHT ON GRADE;DRY;NO DEFECTS;NO INJURY / DRIVE AWAY;;;$500 OR LESS;IMPROPER BACKING;NOT APPLICABLE;1220;S;ASHLAND AVE;1233;;;;;;;2;NO INDICATION OF INJURY;0;0;0;0;0;1;0;20;7;6;41.8662541761;-87.6665241401;{'type': 'Point', 'coordinates': [-87.666524140131, 41.866254176143]};NOT ON SCENE (DESK REPORT);2025-06-14T20:45:00.000
8f3532d8d5bca84044b605001e36e8d6311dd0e0d4446acf5533991bc7dfc547c70c9491c2bfb8e3663c0c8eb33d120c6ff5fce59921d7a77284c284479c43f2;2025-06-14 20:35:00;25;TRAFFIC SIGNAL;FUNCTIONING PROPERLY;CLEAR;DUSK;TURNING;DIVIDED - W/MEDIAN (NOT RAISED);STRAIGHT AND LEVEL;DRY;NO DEFECTS;NO INJURY / DRIVE AWAY;;;$501 - $1,500;UNABLE TO DETERMINE;UNABLE TO DETERMINE;620;N;MICHIGAN AVE;1834;;;;;;;2;NO INDICATION OF INJURY;0;0;0;0;0;4;0;20;7;6;41.8932932637;-87.6243583939;{'type': 'Point', 'coordinates': [-87.624358393934, 41.893293263724]};ON SCENE;2025-06-14T20:40:00.000
6d8a5f3e1557d6a56d132e2375b1bdb3163659702f596056a48c89cba715f1327ad350dc31ec251e37048e82cb6b30c70ecc07e56d1d766bd7e8d732a5bd3729;2025-06-14 20:33:00;20;NO CONTROLS;NO CONTROLS;CLEAR;DARKNESS, LIGHTED ROAD;PARKED MOTOR VEHICLE;ONE-WAY;STRAIGHT AND LEVEL;DRY;NO DEFECTS;INJURY AND / OR TOW DUE TO CRASH;;Y;OVER $1,500;FOLLOWING TOO CLOSELY;UNABLE TO DETERMINE;6530;S;MOZART ST;831;;;;;;;2;NO INDICATION OF INJURY;0;0;0;0;0;1;0;20;7;6;41.7745094425;-87.6946425161;{'type': 'Point', 'coordinates': [-87.694642516088, 41.774509442512]};NOT ON SCENE (DESK REPORT);2025-06-14T20:50:00.000
84671e583a378256011e7f369f5cd82942a12e255c90917e0f0516e896c5a31e4602828e17eb67383b42e80ed3ae384da7aeb217e5ff12acccf1d69ea6b5d169;2025-06-14 20:30:00;30;TRAFFIC SIGNAL;FUNCTIONING PROPERLY;CLEAR;DARKNESS, LIGHTED ROAD;TURNING;CENTER TURN LANE;STRAIGHT AND LEVEL;DRY;NO DEFECTS;NO INJURY / DRIVE AWAY;Y;Y;$501 - $1,500;IMPROPER LANE USAGE;NOT APPLICABLE;2;W;71ST ST;322;;;;;;;2;NO INDICATION OF INJURY;0;0;0;0;0;4;0;20;7;6;41.7655630071;-87.6249370408;{'type': 'Point', 'coordinates': [-87.624937040809, 41.765563007104]};ON SCENE;2025-06-14T21:08:00.000
a54e7e2fcabfaab8a2ffcc7d8856fb5defb3390592cc7c5ef6ec2cdd73bd13b89286a54ed29140f0156102dee56b6ef56edef475a6db3f27b38891806dfba47c;2025-06-14 20:30:00;35;NO CONTROLS;NO CONTROLS;CLEAR;DAYLIGHT;ANGLE;FOUR WAY;STRAIGHT AND LEVEL;DRY;NO DEFECTS;NO INJURY / DRIVE AWAY;;Y;OVER $1,500;FAILING TO YIELD RIGHT-OF-WAY;UNABLE TO DETERMINE;7900;S;NORMAL AVE;621;;;;;;;2;NO INDICATION OF INJURY;0;0;0;0;0;2;0;20;7;6;41.7506940441;-87.636872551;{'type': 'Point', 'coordinates': [-87.636872551049, 41.7506940441]};NOT ON SCENE (DESK REPORT);2025-06-15T13:00:00.000
3798fb30db18b9c786319c959163889b76a416c0f1803e0a8daad44ca0fb80a0029c7447c00cfe7d42ecbd2ac57945c1db98b4c4491cadc81bff8aa9b1627a4b;2025-06-14 20:23:00;30;TRAFFIC SIGNAL;FUNCTIONING PROPERLY;CLEAR;DUSK;TURNING;FOUR WAY;STRAIGHT AND LEVEL;DRY;NO DEFECTS;NO INJURY / DRIVE AWAY;;Y;OVER $1,500;UNABLE TO DETERMINE;UNABLE TO DETERMINE;7900;S;YATES BLVD;414;;;;;;;2;NO INDICATION OF INJURY;0;0;0;0;0;2;0;20;7;6;41.7516362692;-87.5663781214;{'type': 'Point', 'coordinates': [-87.56637812136, 41.751636269168]};;2025-06-14T23:00:00.000
0ce15ff9966a95da2a1f769c6529100c8c61dab3fc63f4c37c6d356827d5996bf7a819cf596e622e4367b956d1c584b309b841ac665bf9edfda224ba2367e46d;2025-06-14 20:20:00;30;NO CONTROLS;NO CONTROLS;CLEAR;DAYLIGHT;SIDESWIPE SAME DIRECTION;NOT DIVIDED;STRAIGHT AND LEVEL;DRY;NO DEFECTS;NO INJURY / DRIVE AWAY;;;OVER $1,500;UNABLE TO DETERMINE;NOT APPLICABLE;2129;S;CHINA PL;914;;;;;;;2;NO INDICATION OF INJURY;0;0;0;0;0;2;0;20;7;6;41.8538713889;-87.6345419744;{'type': 'Point', 'coordinates': [-87.634541974357, 41.85387138887]};NOT ON SCENE (DESK REPORT);2025-06-15T13:41:00.000
4947d07a5495d1a40d5acb70022aab7ff800b7d374050ca25b4d703d2a7fa71d0bafe9f875ec3a106513df913944a9077ea4723ca1a91cc5466657ce908f30f2;2025-06-14 20:20:00;30;NO CONTROLS;UNKNOWN;CLEAR;DAWN;ANGLE;T-INTERSECTION;STRAIGHT AND LEVEL;DRY;NO DEFECTS;NO INJURY / DRIVE AWAY;Y;;$501 - $1,500;FAILING TO YIELD RIGHT-OF-WAY;FAILING TO YIELD RIGHT-OF-WAY;7535;N;HOYNE AVE;2424;;;;;;;2;NO INDICATION OF INJURY;0;0;0;0;0;2;0;20;7;6;42.0189907411;-87.6828370053;{'type': 'Point', 'coordinates': [-87.682837005279, 42.018990741057]};NOT ON SCENE (DESK REPORT);2025-06-16T15:15:00.000
5ada6e037fd508098a9b9f1cc75c7788de9a8c40d217e174013d883b6675b44bdc094003b773eec59d611e1920e5353bd53cc192c37201fc9a68b44b682480ff;2025-06-14 20:13:00;30;NO CONTROLS;NO CONTROLS;CLEAR;DAYLIGHT;SIDESWIPE OPPOSITE DIRECTION;NOT DIVIDED;STRAIGHT AND LEVEL;DRY;NO DEFECTS;INJURY AND / OR TOW DUE TO CRASH;;;OVER $1,500;UNDER THE INFLUENCE OF ALCOHOL/DRUGS (USE WHEN ARREST IS EFFECTED);UNDER THE INFLUENCE OF ALCOHOL/DRUGS (USE WHEN ARREST IS EFFECTED);7422;S;RACINE AVE;734;;;;;;;2;NO INDICATION OF INJURY;0;0;0;0;0;3;0;20;7;6;41.7588542406;-87.6540959527;{'type': 'Point', 'coordinates': [-87.654095952727, 41.758854240552]};ON SCENE;2025-06-14T20:13:00.000
79dddd6ea7afd7181f00941d42c1a7db16c2dbee73c847e5fd3a634d73315fc6fe2b932fe05624998ef8a392e3ab226588c3f9dc8f1c7bc43623f029c8db4bb1;2025-06-14 20:05:00;30;NO CONTROLS;NO CONTROLS;CLEAR;DUSK;SIDESWIPE SAME DIRECTION;FOUR WAY;STRAIGHT AND LEVEL;DRY;NO DEFECTS;NO INJURY / DRIVE AWAY;;Y;OVER $1,500;UNABLE TO DETERMINE;UNABLE TO DETERMINE;3101;N;CENTRAL AVE;2514;;;;;;;2;NO INDICATION OF INJURY;0;0;0;0;0;2;0;20;7;6;41.9368463379;-87.7662908928;{'type': 'Point', 'coordinates': [-87.766290892799, 41.936846337868]};ON SCENE;2025-06-14T20:08:00.000
6cdd923f77d204aac5740b03fe3a459cedbc283f512dbb4f22c1112648c617acfd85b6194a2c2de53e6d6d788ad75e09db02fabc07ee467ad66c450c89611874;2025-06-14 20:00:00;25;NO CONTROLS;NO CONTROLS;CLEAR;DUSK;ANGLE;NOT DIVIDED;STRAIGHT AND LEVEL;DRY;UNKNOWN;NO INJURY / DRIVE AWAY;;;OVER $1,500;UNABLE TO DETERMINE;NOT APPLICABLE;7515;N;HOYNE AVE;2424;;;;;;;2;NO INDICATION OF INJURY;0;0;0;0;0;2;0;20;7;6;42.0184217884;-87.6828411458;{'type': 'Point', 'coordinates': [-87.682841145847, 42.018421788365]};NOT ON SCENE (DESK REPORT);2025-06-14T20:50:00.000
a3d04f5452d5832ff2108cd3e63b80a8eaa6082bacaedf54c5a2067f41c872a4037afe81fb6c1c8296426555a4d5b55f61a31490645bec1ec9ad66517df28f69;2025-06-14 20:00:00;30;NO CONTROLS;NO CONTROLS;UNKNOWN;DARKNESS, LIGHTED ROAD;PARKED MOTOR VEHICLE;NOT DIVIDED;STRAIGHT AND LEVEL;UNKNOWN;UNKNOWN;NO INJURY / DRIVE AWAY;;Y;OVER $1,500;DRIVING SKILLS/KNOWLEDGE/EXPERIENCE;DRIVING SKILLS/KNOWLEDGE/EXPERIENCE;1523;S;KEDVALE AVE;1012;;;N;;;;2;NO INDICATION OF INJURY;0;0;0;0;0;1;0;20;7;6;41.8599326751;-87.7285065524;{'type': 'Point', 'coordinates': [-87.728506552405, 41.859932675127]};ON SCENE;2025-06-15T11:48:00.000
d7fe25afb6f6f40f2b72bc568cdbf81c52b63e8a321c2e9274cda70dadf4e8edbd4276e123405cb8eb38189f9d92afbaa9057bddda9458dfb2c328de61eb794f;2025-06-14 20:00:00;30;NO CONTROLS;NO CONTROLS;CLEAR;DAYLIGHT;TURNING;FOUR WAY;STRAIGHT AND LEVEL;DRY;NO DEFECTS;NO INJURY / DRIVE AWAY;Y;Y;$500 OR LESS;UNABLE TO DETERMINE;UNABLE TO DETERMINE;801;W;99TH ST;2232;;;;;;;2;NO INDICATION OF INJURY;0;0;0;0;0;2;0;20;7;6;41.7141038258;-87.6430620798;{'type': 'Point', 'coordinates': [-87.643062079768, 41.714103825758]};NOT ON SCENE (DESK REPORT);2025-06-14T21:33:00.000
d8f22c019519591dcfe2cf0ac797bc1610107250b0923ed22375157d7cf18ac8f8e317557d5a39efe2b2ac9a66a6d5308b4b6ebf179141199666331a0c7d8983;2025-06-14 20:00:00;10;NO CONTROLS;NO CONTROLS;CLEAR;DUSK;TURNING;ONE-WAY;STRAIGHT AND LEVEL;DRY;NO DEFECTS;NO INJURY / DRIVE AWAY;;;OVER $1,500;FAILING TO YIELD RIGHT-OF-WAY;NOT APPLICABLE;5448;W;LE MOYNE ST;2532;;;;;;;2;NO INDICATION OF INJURY;0;0;0;0;0;2;0;20;7;6;41.9077125759;-87.7627862331;{'type': 'Point', 'coordinates': [-87.762786233134, 41.907712575933]};NOT ON SCENE (DESK REPORT);2025-06-15T15:33:00.000
f9e0dc22e390772dd2b2747c0ff6b032250c093c40ae9fb3801dd80af048b88467d04a8b6f9e8bb953b41915bb6304b9bf7a52477466c110de231da71c43c541;2025-06-14 20:00:00;30;STOP SIGN/FLASHER;FUNCTIONING PROPERLY;UNKNOWN;DUSK;TURNING;NOT DIVIDED;STRAIGHT AND LEVEL;UNKNOWN;UNKNOWN;NO INJURY / DRIVE AWAY;;Y;$501 - $1,500;UNABLE TO DETERMINE;UNABLE TO DETERMINE;3701;W;CERMAK RD;1013;;;;;;;2;NO INDICATION OF INJURY;0;0;0;0;0;3;0;20;7;6;41.8515231455;-87.717493427;{'type': 'Point', 'coordinates': [-87.717493426999, 41.85152314551]};NOT ON SCENE (DESK REPORT);2025-06-15T11:45:00.000
9694346ec8b03b921c7893eab69ddebb15df4ac8f958da2a2bedec742fb4e42bf0d9e92f8758c3cf94ad645775d5bcef258e4a80a01d61f9a67b677b22c68f62;2025-06-14 19:58:00;35;NO CONTROLS;NO CONTROLS;CLEAR;DAYLIGHT;TURNING;FOUR WAY;STRAIGHT AND LEVEL;DRY;UNKNOWN;INJURY AND / OR TOW DUE TO CRASH;;;OVER $1,500;FAILING TO YIELD RIGHT-OF-WAY;NOT APPLICABLE;4798;W;78TH ST;834;;;;;;;2;NONINCAPACITATING INJURY;3;0;0;2;1;1;0;19;7;6;41.7510976406;-87.7413632088;{'type': 'Point', 'coordinates': [-87.741363208791, 41.751097640593]};ON SCENE;2025-06-14T20:10:00.000
4a5db9a37dc843c5583ee4ec736115cd9eaf4936775fc345d26e5bd68360f6e34b3cd876efacf312d2e0f5a002b5ce3b26190afc76b75ce2565a6cbd69151e94;2025-06-14 19:55:00;30;NO CONTROLS;NO CONTROLS;CLEAR;DAYLIGHT;REAR END;ONE-WAY;STRAIGHT AND LEVEL;DRY;NO DEFECTS;NO INJURY / DRIVE AWAY;;Y;OVER $1,500;UNABLE TO DETERMINE;NOT APPLICABLE;4456;S;HOMAN AVE;821;;;;;;;4;NO INDICATION OF INJURY;0;0;0;0;0;7;0;19;7;6;41.8119202506;-87.7091782608;{'type': 'Point', 'coordinates': [-87.709178260763, 41.81192025056]};ON SCENE;2025-06-14T19:58:00.000
feb0b9d4dc20cf195ccfc3846167c2ba7cf61a9d0b53d1b57bf773da99ee72e31bd89284821321ee0c93d01b3a049a21bf835099426e03cd7b1da922480c6ff1;2025-06-14 19:51:00;30;TRAFFIC SIGNAL;FUNCTIONING PROPERLY;CLEAR;DAYLIGHT;ANGLE;NOT DIVIDED;STRAIGHT AND LEVEL;DRY;NO DEFECTS;INJURY AND / OR TOW DUE TO CRASH;Y;;OVER $1,500;DISREGARDING TRAFFIC SIGNALS;FAILING TO REDUCE SPEED TO AVOID CRASH;300;N;WESTERN AVE;1222;;;;;;;3;NONINCAPACITATING INJURY;5;0;0;5;0;7;0;19;7;6;41.8867217641;-87.6867273643;{'type': 'Point', 'coordinates': [-87.686727364298, 41.88672176412]};ON SCENE;2025-06-14T19:51:00.000
7dd87a3b66fe0f31eceb39940d9508e486b43e4ffda30505d25ba11f8838e46638a365c13f722bdee17269a19644d9baf49c19038f12c915e7485bf4998ea481;2025-06-14 19:50:00;30;TRAFFIC SIGNAL;FUNCTIONING PROPERLY;CLEAR;DAYLIGHT;ANGLE;DIVIDED - W/MEDIAN BARRIER;STRAIGHT AND LEVEL;DRY;UNKNOWN;INJURY AND / OR TOW DUE TO CRASH;Y;;OVER $1,500;UNABLE TO DETERMINE;UNABLE TO DETERMINE;2400;W;PERSHING RD;911;;;;;;;2;NONINCAPACITATING INJURY;2;0;0;1;1;0;0;19;7;6;41.8230967602;-87.6850189506;{'type': 'Point', 'coordinates': [-87.685018950616, 41.823096760166]};ON SCENE;2025-06-14T20:00:00.000
46a0422e0992b78694f74dafcb18ef65d6e56ae011ae312ce37b1098ec801af210fbd52442e0a0d8ed071927e112f6d60b0f1fc32f434e34458e40a0eb694be0;2025-06-14 19:40:00;15;NO CONTROLS;NO CONTROLS;CLEAR;DAYLIGHT;PEDESTRIAN;PARKING LOT;STRAIGHT AND LEVEL;DRY;NO DEFECTS;INJURY AND / OR TOW DUE TO CRASH;;Y;$500 OR LESS;UNABLE TO DETERMINE;UNABLE TO DETERMINE;5500;S;LA SALLE ST;225;;;;;;;2;NONINCAPACITATING INJURY;1;0;0;1;0;1;0;19;7;6;41.7941449613;-87.6294419398;{'type': 'Point', 'coordinates': [-87.629441939823, 41.794144961276]};ON SCENE;2025-06-14T19:45:00.000
f4b042afa201f84527ce9770e672b5148003229e7390ddbb17364388451311e835d6a96b19775fe5ba0bcc3d321826917d0a6cbc4694763ab05425b3369bd844;2025-06-14 19:40:00;30;NO CONTROLS;NO CONTROLS;CLEAR;DARKNESS, LIGHTED ROAD;SIDESWIPE SAME DIRECTION;NOT DIVIDED;STRAIGHT AND LEVEL;DRY;UNKNOWN;NO INJURY / DRIVE AWAY;;;$500 OR LESS;UNABLE TO DETERMINE;UNABLE TO DETERMINE;4631;W;FOSTER AVE;1712;;;;;;;2;NO INDICATION OF INJURY;0;0;0;0;0;3;0;19;7;6;41.9752598896;-87.7442136774;{'type': 'Point', 'coordinates': [-87.744213677351, 41.975259889615]};NOT ON SCENE (DESK REPORT);2025-06-14T20:15:00.000
ddc680537ee0e5759bf04ccb2823f8dd45fc80f32f2b1cd8e8c50aa6766f59f63a0e00e99b3479b22135428db21b383c623b12510e1066f51e5fb220877741cb;2025-06-14 19:38:00;30;NO CONTROLS;NO CONTROLS;CLEAR;DAYLIGHT;ANGLE;DIVIDED - W/MEDIAN (NOT RAISED);STRAIGHT AND LEVEL;DRY;NO DEFECTS;INJURY AND / OR TOW DUE TO CRASH;;Y;OVER $1,500;UNABLE TO DETERMINE;UNABLE TO DETERMINE;1800;S;PULASKI RD;1012;;;;;;;2;NO INDICATION OF INJURY;0;0;0;0;0;4;0;19;7;6;41.8569414554;-87.7250549142;{'type': 'Point', 'coordinates': [-87.725054914159, 41.856941455397]};ON SCENE;2025-06-14T20:02:00.000
a0d5ab7293c494834f28b95d4b3c9fea902dc4ceed96c925a9478a2ad6322fff2fc676142d863ae8533b5ea5a981e5d388f1e5f99bd692f6c743c37f88987e51;2025-06-14 19:30:00;30;NO CONTROLS;UNKNOWN;CLEAR;DUSK;PARKED MOTOR VEHICLE;ONE-WAY;STRAIGHT AND LEVEL;DRY;NO DEFECTS;INJURY AND / OR TOW DUE TO CRASH;;;OVER $1,500;UNABLE TO DETERMINE;UNABLE TO DETERMINE;3043;W;WARREN BLVD;1222;;;;;;;4;NO INDICATION OF INJURY;0;0;0;0;0;1;0;19;7;6;41.8818149278;-87.7029521077;{'type': 'Point', 'coordinates': [-87.702952107667, 41.881814927819]};ON SCENE;2025-06-14T19:33:00.000
f1c692a1af807067aee3e757dc4cb13829db5685be14b0cca223773cf6a2db496eeee7dd08fa1ef1c7b3ab4ab5d32fc1851aefcc95cc6106957d437bbe5d4481;2025-06-14 19:27:00;30;UNKNOWN;UNKNOWN;CLEAR;DAWN;TURNING;CENTER TURN LANE;STRAIGHT AND LEVEL;DRY;UNKNOWN;NO INJURY / DRIVE AWAY;Y;;OVER $1,500;NOT APPLICABLE;NOT APPLICABLE;7056;S;RACINE AVE;734;;;;;;;2;NO INDICATION OF INJURY;0;0;0;0;0;3;0;19;7;6;41.7652020253;-87.654266141;{'type': 'Point', 'coordinates': [-87.654266141042, 41.765202025302]};ON SCENE;2025-06-14T19:31:00.000
30224cc700b5d8e4195c3688a8b249aed9354755a857e689bdfc910cfc0fa17d980e9922e56353b30d958aebba803d713c8471a94a4b3894f59f38e4e345354c;2025-06-14 19:22:00;30;NO CONTROLS;NO CONTROLS;CLEAR;DAYLIGHT;PARKED MOTOR VEHICLE;NOT DIVIDED;STRAIGHT AND LEVEL;DRY;NO DEFECTS;INJURY AND / OR TOW DUE TO CRASH;;Y;OVER $1,500;UNABLE TO DETERMINE;UNABLE TO DETERMINE;6200;S;PRAIRIE AVE;311;;;;;;;2;;;;;;;;;19;7;6;41.78184727;-87.6190420297;{'type': 'Point', 'coordinates': [-87.619042029681, 41.781847270009]};ON SCENE;2025-06-14T19:22:00.000
f0b19126bca3b6e5033e54fbfb193d883790650d20070137cf4ef5ed62f6763a529f86f0222ef7fb3b76a369735273fb624d1a5161a45bd45f3bd814eead275b;2025-06-14 19:18:00;20;TRAFFIC SIGNAL;FUNCTIONING PROPERLY;CLEAR;DAYLIGHT;TURNING;DIVIDED - W/MEDIAN (NOT RAISED);STRAIGHT AND LEVEL;UNKNOWN;UNKNOWN;NO INJURY / DRIVE AWAY;;;OVER $1,500;IMPROPER TURNING/NO SIGNAL;UNABLE TO DETERMINE;3002;N;KEDZIE AVE;1412;;;;;;;2;NO INDICATION OF INJURY;0;0;0;0;0;2;0;19;7;6;41.935843306;-87.7076798674;{'type': 'Point', 'coordinates': [-87.707679867404, 41.935843305977]};NOT ON SCENE (DESK REPORT);2025-06-14T19:50:00.000
54d3f0f392eb5a6430566c8f0575ebe4ea117ac562ffe5dca1f7fa852e26e8a2535ae1d9accd98e49449e0d48c8daa0f6f03e7e5ad1ef95e04e8adef95830be3;2025-06-14 19:10:00;30;NO CONTROLS;NO CONTROLS;CLEAR;DAYLIGHT;ANGLE;NOT DIVIDED;STRAIGHT AND LEVEL;DRY;NO DEFECTS;NO INJURY / DRIVE AWAY;;;OVER $1,500;FAILING TO YIELD RIGHT-OF-WAY;NOT APPLICABLE;2320;W;47TH ST;924;;;;;;;2;NO INDICATION OF INJURY;0;0;0;0;0;2;0;19;7;6;41.808532582;-87.6828921382;{'type': 'Point', 'coordinates': [-87.682892138166, 41.808532582036]};NOT ON SCENE (DESK REPORT);2025-06-14T20:10:00.000
f66bfd2eaa67ee07cd4c07bcefffc8fdb491548e83ca7047a5265443c266abe861e05206e97ab22b173f7dc44cb9c8e03411af1a52aceeb54f0eeaa1ca402cc2;2025-06-14 19:10:00;30;NO CONTROLS;NO CONTROLS;CLEAR;DAYLIGHT;REAR END;NOT DIVIDED;STRAIGHT AND LEVEL;DRY;NO DEFECTS;NO INJURY / DRIVE AWAY;;;OVER $1,500;FOLLOWING TOO CLOSELY;NOT APPLICABLE;3916;N;HARLEM AVE;1631;;;;;;;2;NO INDICATION OF INJURY;0;0;0;0;0;2;0;19;7;6;41.9512703515;-87.8073604144;{'type': 'Point', 'coordinates': [-87.807360414372, 41.951270351533]};ON SCENE;2025-06-14T19:13:00.000
fd6b059665dfdaf03e5eb6f4fa45bb86fdb20be4fec6363a1b0fcc99467bdeb97b37ee72a55250b8d6cec7aec0a71ce2ececff89aeb8f7b8081e42821fb31a10;2025-06-14 19:10:00;30;TRAFFIC SIGNAL;UNKNOWN;UNKNOWN;DAYLIGHT;TURNING;NOT DIVIDED;STRAIGHT AND LEVEL;UNKNOWN;UNKNOWN;NO INJURY / DRIVE AWAY;;Y;OVER $1,500;IMPROPER TURNING/NO SIGNAL;UNABLE TO DETERMINE;7000;S;SOUTH SHORE DR;331;;;;;;;2;NO INDICATION OF INJURY;0;0;0;0;0;4;0;19;7;6;41.7680284693;-87.5666498932;{'type': 'Point', 'coordinates': [-87.566649893195, 41.768028469262]};ON SCENE;2025-06-14T19:19:00.000
b32b792d8d69a18a14e913cd8d62d6fa2a38ef95474a60f9f1a4e0c170777b7cffb6d4429fd2565d3838d0c35431760c2448c987657ef97c2a96d45afe652473;2025-06-14 19:06:00;35;NO CONTROLS;NO CONTROLS;CLEAR;DAYLIGHT;REAR END;NOT DIVIDED;STRAIGHT AND LEVEL;DRY;NO DEFECTS;INJURY AND / OR TOW DUE TO CRASH;;;$500 OR LESS;FAILING TO YIELD RIGHT-OF-WAY;NOT APPLICABLE;2914;W;NORTH AVE;1421;;;;;;;2;REPORTED, NOT EVIDENT;1;0;0;0;1;3;0;19;7;6;41.9103016331;-87.6997006359;{'type': 'Point', 'coordinates': [-87.699700635886, 41.910301633121]};NOT ON SCENE (DESK REPORT);2025-06-16T12:05:00.000
5bb288f79225174e347f04543b9ee97914ac2d161148f4c1dbcd96276b2655abfd2630ff8ca4121fa68fd2a22b68f8997be236a89cf280d43263190033a2e0db;2025-06-14 19:03:00;30;NO CONTROLS;NO CONTROLS;CLEAR;DAYLIGHT;PARKED MOTOR VEHICLE;NOT DIVIDED;STRAIGHT AND LEVEL;DRY;NO DEFECTS;INJURY AND / OR TOW DUE TO CRASH;;;OVER $1,500;PHYSICAL CONDITION OF DRIVER;FAILING TO REDUCE SPEED TO AVOID CRASH;4823;W;BELMONT AVE;2521;;;;;;;2;NO INDICATION OF INJURY;0;0;0;0;0;2;0;19;7;6;41.9387053835;-87.7478362799;{'type': 'Point', 'coordinates': [-87.747836279912, 41.938705383534]};ON SCENE;2025-06-14T19:12:00.000
e9d34fcd0c4024e5bcf778e24489648776ead2ba1b11fe35415b505283d10887f85ce5ef0bcabb83d91c9d59ec5a571d2cbcb0d15a4c261fa884b44afad623da;2025-06-14 19:00:00;30;TRAFFIC SIGNAL;FUNCTIONING PROPERLY;CLEAR;DAYLIGHT;REAR END;FOUR WAY;STRAIGHT AND LEVEL;DRY;NO DEFECTS;NO INJURY / DRIVE AWAY;;;OVER $1,500;FOLLOWING TOO CLOSELY;DRIVING SKILLS/KNOWLEDGE/EXPERIENCE;5402;N;BROADWAY;2013;;Y;;;;;2;NO INDICATION OF INJURY;0;0;0;0;0;3;0;19;7;6;41.9801164488;-87.6601201209;{'type': 'Point', 'coordinates': [-87.660120120914, 41.980116448823]};ON SCENE;2025-06-14T19:25:00.000
13df5f6f7df3f40e69f8f8cd440ba11fea925e477f4af61352b03aefe86890e0512a1c02763ecc26e80e8586365950afa1d1d136687edf6166c0d4f8ac3056f4;2025-06-14 18:46:00;20;NO CONTROLS;NO CONTROLS;CLEAR;DAYLIGHT;SIDESWIPE SAME DIRECTION;OTHER;STRAIGHT AND LEVEL;DRY;NO DEFECTS;NO INJURY / DRIVE AWAY;;;$501 - $1,500;FAILING TO YIELD RIGHT-OF-WAY;DRIVING SKILLS/KNOWLEDGE/EXPERIENCE;5;W;TERMINAL ST;1655;;;;;;;2;NO INDICATION OF INJURY;0;0;0;0;0;2;0;18;7;6;;;;ON SCENE;2025-06-14T18:51:00.000
336463d30042aa403d7304ae1a29f61a648c94c80fd0e20181f88ea239aa14cc56389df6982953e13d802e6c6714f49475c983162638962ad03ce767cefd6c85;2025-06-14 18:46:00;30;TRAFFIC SIGNAL;FUNCTIONING PROPERLY;CLEAR;DAYLIGHT;TURNING;NOT DIVIDED;STRAIGHT AND LEVEL;DRY;SHOULDER DEFECT;INJURY AND / OR TOW DUE TO CRASH;;;OVER $1,500;FAILING TO YIELD RIGHT-OF-WAY;NOT APPLICABLE;5552;W;ROOSEVELT RD;1522;;;;;;;2;NONINCAPACITATING INJURY;1;0;0;1;0;1;0;18;7;6;41.8657219311;-87.7639322064;{'type': 'Point', 'coordinates': [-87.763932206372, 41.865721931113]};ON SCENE;2025-06-14T19:00:00.000
2e260d67b7781f7e82590f24f520df97a9ab9a250d9a1b476b609cd4d90cfa78d2d49b9ca5f1310e3cb7af26e4ab4358bc95b6fc36ebb749f5eda6225386c4c4;2025-06-14 18:45:00;40;NO CONTROLS;NO CONTROLS;CLEAR;DAYLIGHT;REAR END;DIVIDED - W/MEDIAN BARRIER;CURVE, LEVEL;DRY;NO DEFECTS;INJURY AND / OR TOW DUE TO CRASH;;;OVER $1,500;FOLLOWING TOO CLOSELY;UNABLE TO DETERMINE;1000;N;LAKE SHORE DR SB;1824;;;;;;;2;NO INDICATION OF INJURY;0;0;0;0;0;2;0;18;7;6;41.9009589191;-87.6199281737;{'type': 'Point', 'coordinates': [-87.619928173678, 41.900958919109]};ON SCENE;2025-06-14T18:47:00.000
b2203d765e97ddf49a7bb546b8821cf2a019fca8f69dee4b16e2779154fea4497fdc3ef16ee339958a01d719f584f9983c8860e7d25ba225906e89e2d40e6fc4;2025-06-14 18:45:00;30;TRAFFIC SIGNAL;UNKNOWN;CLEAR;DAYLIGHT;REAR END;T-INTERSECTION;STRAIGHT AND LEVEL;DRY;UNKNOWN;NO INJURY / DRIVE AWAY;Y;;OVER $1,500;UNABLE TO DETERMINE;UNABLE TO DETERMINE;4219;S;CICERO AVE;815;;;;;;;2;NO INDICATION OF INJURY;0;0;0;0;0;2;0;18;7;6;41.8161369117;-87.7432283427;{'type': 'Point', 'coordinates': [-87.743228342699, 41.816136911695]};;2025-06-15T11:30:00.000
e71e1856642db5f291ffb5afe1dae36d0f8787ca9e6da61ef685bf278894b4d3e128b62d20bcd2d917fecbcdf264e27ecd5e96c95e6f96730efec12adc98002c;2025-06-14 18:40:00;30;TRAFFIC SIGNAL;FUNCTIONING PROPERLY;CLEAR;DUSK;PEDALCYCLIST;FOUR WAY;STRAIGHT AND LEVEL;DRY;UNKNOWN;NO INJURY / DRIVE AWAY;Y;;OVER $1,500;FAILING TO REDUCE SPEED TO AVOID CRASH;UNABLE TO DETERMINE;1901;N;HUMBOLDT BLVD;1421;;;;;;;2;NO INDICATION OF INJURY;0;0;0;0;0;2;0;18;7;6;41.915717526;-87.701891348;{'type': 'Point', 'coordinates': [-87.701891347955, 41.915717525962]};ON SCENE;2025-06-14T18:41:00.000
114cbcbd14749d69af154893f51877c1c3d3d894c20f331dc3e14ebed87ace4e557c2aa58a143c2f81cc4863618dbb20d88e9015fe72d169b5bc8ee43d202db9;2025-06-14 18:38:00;15;NO CONTROLS;NO CONTROLS;CLEAR;DAYLIGHT;PARKED MOTOR VEHICLE;PARKING LOT;STRAIGHT AND LEVEL;DRY;NO DEFECTS;NO INJURY / DRIVE AWAY;;;OVER $1,500;DRIVING SKILLS/KNOWLEDGE/EXPERIENCE;UNABLE TO DETERMINE;850;W;IRVING PARK RD;1915;Y;;;;;;2;NO INDICATION OF INJURY;0;0;0;0;0;1;0;18;7;6;41.9546408254;-87.6515690124;{'type': 'Point', 'coordinates': [-87.651569012354, 41.954640825372]};NOT ON SCENE (DESK REPORT);2025-06-14T19:30:00.000
455e56327f2212966eb603aa13b723430d617da940f8056f3114d4e2bb4e924aa76f1ed9a40f7f97133796b0f811bc1b87192699ed647c13363c7d08174eaa0d;2025-06-14 18:38:00;30;TRAFFIC SIGNAL;FUNCTIONING PROPERLY;CLEAR;DAYLIGHT;ANGLE;T-INTERSECTION;STRAIGHT AND LEVEL;DRY;NO DEFECTS;INJURY AND / OR TOW DUE TO CRASH;Y;;OVER $1,500;UNABLE TO DETERMINE;NOT APPLICABLE;645;W;TAYLOR ST;124;;;;;;;2;NO INDICATION OF INJURY;0;0;0;0;0;6;0;18;7;6;41.8695873951;-87.6436639606;{'type': 'Point', 'coordinates': [-87.643663960591, 41.869587395081]};ON SCENE;2025-06-14T19:55:00.000
e98efad80394c76c4f9ac46d769de1a3f0e26517bf63e97257e355f699c33485d6c128dae0de5c2d16675af504ea9c9aa653d43469611ed8074b8424df7546da;2025-06-14 18:38:00;15;NO CONTROLS;NO CONTROLS;CLEAR;DAYLIGHT;REAR TO FRONT;PARKING LOT;STRAIGHT AND LEVEL;DRY;NO DEFECTS;NO INJURY / DRIVE AWAY;;;OVER $1,500;IMPROPER BACKING;FAILING TO REDUCE SPEED TO AVOID CRASH;3303;W;26TH ST;1032;;;;;;;2;NO INDICATION OF INJURY;0;0;0;0;0;4;0;18;7;6;41.844371391;-87.7076058653;{'type': 'Point', 'coordinates': [-87.707605865302, 41.84437139104]};ON SCENE;2025-06-14T18:38:00.000
a92028baeb02bdad4582d88af9e9166711437ea198ff5d4bde06d418469e4dc81433c3d2ca5b7e640858613c8693a50d61756a4a2afd9c44c8108f1f412aaf55;2025-06-14 18:35:00;30;TRAFFIC SIGNAL;FUNCTIONING PROPERLY;CLEAR;DAYLIGHT;PEDALCYCLIST;FOUR WAY;STRAIGHT AND LEVEL;DRY;UNKNOWN;INJURY AND / OR TOW DUE TO CRASH;Y;;$500 OR LESS;UNABLE TO DETERMINE;NOT APPLICABLE;4699;W;NORTH AVE;2533;;;;;;;2;NONINCAPACITATING INJURY;1;0;0;1;0;1;0;18;7;6;41.9095429239;-87.7435169347;{'type': 'Point', 'coordinates': [-87.743516934695, 41.909542923912]};ON SCENE;2025-06-14T18:39:00.000
a619751aa27c61803ffb145f8cb97b5188657656a9ff73bde23657254b840e71611303a56baa084e3cbb297f8c9329ac46e00ca2a406855b32f7e58d0189dffb;2025-06-14 18:33:00;20;NO CONTROLS;NO CONTROLS;CLEAR;DAYLIGHT;TURNING;ONE-WAY;STRAIGHT AND LEVEL;DRY;NO DEFECTS;NO INJURY / DRIVE AWAY;Y;;OVER $1,500;FAILING TO YIELD RIGHT-OF-WAY;NOT APPLICABLE;2345;N;LONG AVE;2515;;;;;;;2;NO INDICATION OF INJURY;0;0;0;0;0;2;0;18;7;6;41.9235589438;-87.7609059476;{'type': 'Point', 'coordinates': [-87.7609059476, 41.923558943766]};ON SCENE;2025-06-14T18:33:00.000
99c10515b998acf72ebef783533e645710e355f3e2178da7b16bb278a0f85db63231717d0ec1e14e05c0a3b8a7ff74248e30a80d114ad1cda8813b3a5b035802;2025-06-14 18:30:00;30;UNKNOWN;UNKNOWN;CLEAR;DAYLIGHT;PARKED MOTOR VEHICLE;UNKNOWN;STRAIGHT AND LEVEL;DRY;UNKNOWN;NO INJURY / DRIVE AWAY;;;$501 - $1,500;UNABLE TO DETERMINE;UNABLE TO DETERMINE;1100;W;TAYLOR ST;1232;;;;;;;2;NO INDICATION OF INJURY;0;0;0;0;0;2;0;18;7;6;41.8695662816;-87.6542783789;{'type': 'Point', 'coordinates': [-87.654278378879, 41.869566281584]};NOT ON SCENE (DESK REPORT);2025-06-14T20:20:00.000
cd53aeb65fbf0bafaeedd01536be6bd634c3f4c0564c37aeec3831117893e7f5c816c7bd128c56f2041a7db472de6ca5858a6a31d9b111b571a587a0e687c304;2025-06-14 18:30:00;30;NO CONTROLS;NO CONTROLS;CLEAR;DAYLIGHT;PARKED MOTOR VEHICLE;PARKING LOT;STRAIGHT AND LEVEL;DRY;NO DEFECTS;NO INJURY / DRIVE AWAY;;Y;$501 - $1,500;UNABLE TO DETERMINE;UNABLE TO DETERMINE;2032;S;CLARK ST;131;;;;;;;2;NO INDICATION OF INJURY;0;0;0;0;0;1;0;18;7;6;41.8543553395;-87.6302839447;{'type': 'Point', 'coordinates': [-87.630283944704, 41.854355339514]};NOT ON SCENE (DESK REPORT);2025-06-14T20:10:00.000
24062174f3a709ed325848f1f5e67bca0ab705ae19283aa833a178dee6ffdcc952c372179131d4a8cf687d04e29a644f4ef2fd9b83512162c8b70967df0f295b;2025-06-14 18:27:00;35;NO CONTROLS;NO CONTROLS;CLEAR;DAYLIGHT;OTHER OBJECT;DIVIDED - W/MEDIAN BARRIER;STRAIGHT AND LEVEL;DRY;NO DEFECTS;INJURY AND / OR TOW DUE TO CRASH;;;OVER $1,500;UNABLE TO DETERMINE;UNABLE TO DETERMINE;7101;S;PULASKI RD;833;;;;;;;1;NO INDICATION OF INJURY;0;0;0;0;0;1;0;18;7;6;41.7640120044;-87.7222059328;{'type': 'Point', 'coordinates': [-87.7222059328, 41.764012004448]};ON SCENE;2025-06-14T18:30:00.000
14f2dbe334330c35d957b98228629f0ba09ffb51190b0ae9f4801e63834f2160a7b4bcd0808447e151ee21edd8bc942c8b28618c8588099bafabc3d640d6e677;2025-06-14 18:25:00;30;STOP SIGN/FLASHER;NO CONTROLS;CLEAR;DAYLIGHT;TURNING;T-INTERSECTION;STRAIGHT AND LEVEL;DRY;NO DEFECTS;NO INJURY / DRIVE AWAY;Y;;OVER $1,500;UNABLE TO DETERMINE;UNABLE TO DETERMINE;1500;N;CENTRAL AVE;2531;;;;;;;2;NO INDICATION OF INJURY;0;0;0;0;0;2;0;18;7;6;41.9076543754;-87.7659979592;{'type': 'Point', 'coordinates': [-87.765997959166, 41.90765437542]};ON SCENE;2025-06-14T18:33:00.000
7400d6dc3acc0dc1f0122c52e9223568dba444d2683d4e239ba7a07289e92c74fd61bd40e6d9e6ffa78dd473ca1871854a515e9422f2e3412f4c6814ab0e3357;2025-06-14 18:15:00;30;NO CONTROLS;NO CONTROLS;CLEAR;DAYLIGHT;REAR END;NOT DIVIDED;STRAIGHT AND LEVEL;DRY;NO DEFECTS;NO INJURY / DRIVE AWAY;;Y;OVER $1,500;FAILING TO REDUCE SPEED TO AVOID CRASH;OPERATING VEHICLE IN ERRATIC, RECKLESS, CARELESS, NEGLIGENT OR AGGRESSIVE MANNER;3214;W;NORTH AVE;1421;;;;;;;2;NO INDICATION OF INJURY;0;0;0;0;0;3;0;18;7;6;41.9102189054;-87.7075278335;{'type': 'Point', 'coordinates': [-87.707527833537, 41.910218905422]};NOT ON SCENE (DESK REPORT);2025-06-14T18:30:00.000
cdc07a99f4e2881e28b7b22f96b1a9ecfb4c1c2cb8faf55c8bb3e7ee9d449259c6f620753add2d472a3e5ddf0ccc99ebef33ac21975890157c11dcd1d61c4a27;2025-06-14 18:10:00;30;NO CONTROLS;NO CONTROLS;CLEAR;DAYLIGHT;REAR END;NOT DIVIDED;STRAIGHT AND LEVEL;DRY;UNKNOWN;NO INJURY / DRIVE AWAY;;Y;OVER $1,500;NOT APPLICABLE;NOT APPLICABLE;3747;W;55TH ST;822;;;;;;;2;NO INDICATION OF INJURY;0;0;0;0;0;2;0;18;7;6;41.7931727922;-87.7178013098;{'type': 'Point', 'coordinates': [-87.717801309817, 41.79317279221]};ON SCENE;2025-06-14T18:17:00.000
23c1d3245d0114976f99131407eb7767f5b5755a1ed3695fe3bf8b47c8196ec26d263b12c62414180e3f07fc96078b81b37df060234f9898bd53dbe81e9a7323;2025-06-14 18:03:00;35;NO CONTROLS;NO CONTROLS;CLEAR;DAYLIGHT;ANGLE;NOT DIVIDED;STRAIGHT AND LEVEL;DRY;NO DEFECTS;NO INJURY / DRIVE AWAY;;;$501 - $1,500;UNABLE TO DETERMINE;NOT APPLICABLE;7600;W;FOSTER AVE;1613;;;;;;;2;NO INDICATION OF INJURY;0;0;0;0;0;2;0;18;7;6;41.9743961027;-87.8170456099;{'type': 'Point', 'coordinates': [-87.817045609866, 41.974396102713]};;2025-06-14T19:00:00.000
43da5669417d6113f7139a66737ab772d39f58cd8be4ea67c9f57a88b94ae2c3e2e4334c91cceb0092562c86185818a0e27c73e88ec759ef85bb8cc40b123418;2025-06-14 18:00:00;30;NO CONTROLS;NO CONTROLS;CLEAR;DAYLIGHT;REAR END;DIVIDED - W/MEDIAN BARRIER;STRAIGHT AND LEVEL;DRY;NO DEFECTS;NO INJURY / DRIVE AWAY;N;;OVER $1,500;FOLLOWING TOO CLOSELY;DRIVING SKILLS/KNOWLEDGE/EXPERIENCE;1699;N;KEDZIE AVE;1421;;;;;;;2;NO INDICATION OF INJURY;0;0;0;0;0;2;0;18;7;6;41.9118514876;-87.7066509269;{'type': 'Point', 'coordinates': [-87.706650926883, 41.911851487609]};NOT ON SCENE (DESK REPORT);2025-06-14T19:13:00.000
beca992fc6134c7eaf6becb833b7f8b39250d704d835d16c7b22add2a00363cd42dd256b3367d478e629bd5a1b9255307b2da83cc05d720ad0f7d00c02d2a3d4;2025-06-14 17:55:00;15;NO CONTROLS;FUNCTIONING PROPERLY;CLEAR;DAYLIGHT;PARKED MOTOR VEHICLE;NOT DIVIDED;STRAIGHT AND LEVEL;DRY;NO DEFECTS;NO INJURY / DRIVE AWAY;Y;;$501 - $1,500;IMPROPER TURNING/NO SIGNAL;NOT APPLICABLE;2703;W;WABANSIA AVE;1421;;;;;;;2;NO INDICATION OF INJURY;0;0;0;0;0;1;0;17;7;6;41.9119610037;-87.6947325786;{'type': 'Point', 'coordinates': [-87.694732578642, 41.911961003691]};ON SCENE;2025-06-14T17:56:00.000
62280303ba3efb2b74d8b23a2a3b519d1a9b2f70013d95f440f129708c9da8943d079febf85d546c6a506c79cab27ebba7d61a0a0d1c34fc7779483410519c05;2025-06-14 17:48:00;25;NO CONTROLS;NO CONTROLS;CLEAR;DAYLIGHT;PARKED MOTOR VEHICLE;UNKNOWN;STRAIGHT AND LEVEL;DRY;UNKNOWN;NO INJURY / DRIVE AWAY;;;OVER $1,500;UNABLE TO DETERMINE;NOT APPLICABLE;6406;N;ROCKWELL ST;2412;;;;;;;2;NO INDICATION OF INJURY;0;0;0;0;0;1;0;17;7;6;41.99790364;-87.6949222358;{'type': 'Point', 'coordinates': [-87.694922235772, 41.997903640007]};;2025-06-14T18:00:00.000
8281021e29344f161fb3eb0541b5eabab737f370fd3da6013542d63fe8b3a904ca83d558f41eb5437f29f109f475d7f96e67d957cd41395ffcbd26e5d4106400;2025-06-14 17:47:00;20;NO CONTROLS;UNKNOWN;CLEAR;DAYLIGHT;SIDESWIPE SAME DIRECTION;ONE-WAY;STRAIGHT AND LEVEL;DRY;NO DEFECTS;NO INJURY / DRIVE AWAY;;;$500 OR LESS;UNABLE TO DETERMINE;UNABLE TO DETERMINE;3830;N;CHRISTIANA AVE;1733;;;;;;;2;NO INDICATION OF INJURY;0;0;0;0;0;2;0;17;7;6;41.951169439;-87.7117528158;{'type': 'Point', 'coordinates': [-87.711752815826, 41.951169439024]};ON SCENE;2025-06-14T18:43:00.000
657c680c8aa869d5e9bbfd1c6dbe7daedc74fd85fe260f7faf20a6c443d32209db2d88791c03546436d67016397b263f8831b023089199fb3f34ae3a6c2f0f6a;2025-06-14 17:46:00;30;NO CONTROLS;NO CONTROLS;CLEAR;DAYLIGHT;ANGLE;NOT DIVIDED;STRAIGHT AND LEVEL;UNKNOWN;NO DEFECTS;NO INJURY / DRIVE AWAY;;Y;OVER $1,500;UNABLE TO DETERMINE;UNABLE TO DETERMINE;4420;W;DIVISION ST;2533;;;;;;;2;NO INDICATION OF INJURY;0;0;0;0;0;3;0;17;7;6;41.9026062326;-87.7370079857;{'type': 'Point', 'coordinates': [-87.737007985703, 41.902606232598]};NOT ON SCENE (DESK REPORT);2025-06-14T18:40:00.000
519b3442c73c529948da1033648d02a309a6c7d6ef5553e00aed4d9751964db47d0153bb76109fc829f818de81720656972031ed0fb98d61710581f058d2528e;2025-06-14 17:43:00;30;NO CONTROLS;NO CONTROLS;CLEAR;DAYLIGHT;SIDESWIPE SAME DIRECTION;NOT DIVIDED;STRAIGHT AND LEVEL;DRY;NO DEFECTS;NO INJURY / DRIVE AWAY;;;OVER $1,500;FAILING TO YIELD RIGHT-OF-WAY;FAILING TO YIELD RIGHT-OF-WAY;6441;W;DEVON AVE;1611;;;;;;;2;NO INDICATION OF INJURY;0;0;0;0;0;2;0;17;7;6;41.9972311797;-87.7890488363;{'type': 'Point', 'coordinates': [-87.789048836275, 41.997231179691]};NOT ON SCENE (DESK REPORT);2025-06-14T18:15:00.000
c1ff66c94b11966660aef03ab4389323f8f834cca628a33926ce99135dc5fd998425ce563786f29f2a9379ca71e6404cca05e8c5ca558b9e8d92d06b590dec76;2025-06-14 17:23:00;30;NO CONTROLS;NO CONTROLS;CLEAR;DAYLIGHT;SIDESWIPE OPPOSITE DIRECTION;NOT DIVIDED;STRAIGHT AND LEVEL;DRY;NO DEFECTS;NO INJURY / DRIVE AWAY;;;OVER $1,500;UNABLE TO DETERMINE;NOT APPLICABLE;4067;W;48TH ST;815;;;;;;;2;NO INDICATION OF INJURY;0;0;0;0;0;2;0;17;7;6;41.8059008665;-87.7259143651;{'type': 'Point', 'coordinates': [-87.725914365065, 41.805900866467]};NOT ON SCENE (DESK REPORT);2025-06-14T19:05:00.000
aa6e3f7f33b176bb2d7f47e8bfd820cd5c138772013292942c11a3e0897f9eb568bd1a791830846fb66af8fa7363781bd9595af77a4718cd22928d1eebfc1ce5;2025-06-14 17:22:00;30;STOP SIGN/FLASHER;NO CONTROLS;CLEAR;DAYLIGHT;REAR END;DIVIDED - W/MEDIAN (NOT RAISED);STRAIGHT AND LEVEL;DRY;NO DEFECTS;NO INJURY / DRIVE AWAY;;Y;OVER $1,500;FOLLOWING TOO CLOSELY;FAILING TO REDUCE SPEED TO AVOID CRASH;4266;W;ADDISON ST;1731;;;;;;;2;NO INDICATION OF INJURY;0;0;0;0;0;2;0;17;7;6;41.9463863446;-87.7347689511;{'type': 'Point', 'coordinates': [-87.734768951086, 41.946386344605]};NOT ON SCENE (DESK REPORT);2025-06-14T18:30:00.000
4799a6993fda3dfc13e7dd3ecfa06c09ec1b4c6d72e38b6a55c9397a9cdedc0bfbe9cfefd0d8c992307afe7e4921e341cadc4b68ce5831a060dd0610c394c28a;2025-06-14 17:20:00;30;TRAFFIC SIGNAL;FUNCTIONING PROPERLY;CLEAR;DAYLIGHT;TURNING;DIVIDED - W/MEDIAN (NOT RAISED);STRAIGHT AND LEVEL;DRY;NO DEFECTS;NO INJURY / DRIVE AWAY;Y;;OVER $1,500;IMPROPER TURNING/NO SIGNAL;IMPROPER OVERTAKING/PASSING;1350;N;PULASKI RD;2534;;;;;;;2;NO INDICATION OF INJURY;0;0;0;0;0;2;0;17;7;6;41.9058904084;-87.7265479918;{'type': 'Point', 'coordinates': [-87.726547991844, 41.90589040843]};NOT ON SCENE (DESK REPORT);2025-06-14T21:05:00.000
4eae7109c7e5fdde855d91c5dcaa83bf52406c92f0ab348139027b328c87bc39fbcf33306117684f6a5a971b9bfd0535198c693166746a73d90d1f276509e029;2025-06-14 17:20:00;30;STOP SIGN/FLASHER;FUNCTIONING PROPERLY;CLEAR;DAYLIGHT;ANGLE;UNKNOWN;STRAIGHT AND LEVEL;DRY;NO DEFECTS;NO INJURY / DRIVE AWAY;Y;;OVER $1,500;UNABLE TO DETERMINE;UNABLE TO DETERMINE;6400;S;PAULINA ST;725;;;;;;;2;NO INDICATION OF INJURY;0;0;0;0;0;2;0;17;7;6;41.7774180707;-87.6667808221;{'type': 'Point', 'coordinates': [-87.666780822115, 41.777418070665]};ON SCENE;2025-06-14T17:25:00.000
72c859072da738fd9252a5c494d4e939fad3d15bd39549562b4e8ee609a471f6f60a36196f3d22885f3a8469163a5a83e7deed4dd7972e02818a2327761820a5;2025-06-14 17:12:00;25;STOP SIGN/FLASHER;NO CONTROLS;CLEAR;DAYLIGHT;REAR END;ONE-WAY;STRAIGHT AND LEVEL;DRY;NO DEFECTS;NO INJURY / DRIVE AWAY;Y;;$500 OR LESS;UNABLE TO DETERMINE;NOT APPLICABLE;7800;S;EXCHANGE AVE;421;;;;;;;2;NO INDICATION OF INJURY;0;0;0;0;0;2;0;17;7;6;41.7536128174;-87.5545871907;{'type': 'Point', 'coordinates': [-87.554587190729, 41.753612817436]};ON SCENE;2025-06-14T17:12:00.000
01f94978e014a2490c98377810fd4915cccf2a10a604cea1d6ee052baa0f6043e703551c766c4cb78f06b1b026c5e86774d3d8dff20ae51473582534b90a133d;2025-06-14 17:00:00;30;NO CONTROLS;NO CONTROLS;CLEAR;DAYLIGHT;REAR END;NOT DIVIDED;STRAIGHT AND LEVEL;UNKNOWN;UNKNOWN;NO INJURY / DRIVE AWAY;;Y;OVER $1,500;FOLLOWING TOO CLOSELY;NOT APPLICABLE;8313;S;PULASKI RD;834;;;;;;;2;NO INDICATION OF INJURY;0;0;0;0;0;2;0;17;7;6;41.7417841423;-87.7215197392;{'type': 'Point', 'coordinates': [-87.721519739174, 41.741784142299]};NOT ON SCENE (DESK REPORT);2025-06-16T15:55:00.000
a81da0d38df290aeb00aae822de59c94e918f0ca03861a8e8cbe2ea763bd49f61258746a4a5feb189156496d676363323b1e873aa52edf4185c01912d8ffbf18;2025-06-14 17:00:00;30;TRAFFIC SIGNAL;FUNCTIONING PROPERLY;CLEAR;DAYLIGHT;REAR END;NOT DIVIDED;STRAIGHT AND LEVEL;DRY;NO DEFECTS;NO INJURY / DRIVE AWAY;Y;;OVER $1,500;FOLLOWING TOO CLOSELY;DRIVING SKILLS/KNOWLEDGE/EXPERIENCE;6009;W;GRAND AVE;2512;;;;;;;2;NO INDICATION OF INJURY;0;0;0;0;0;2;0;17;7;6;41.9205256464;-87.7760397726;{'type': 'Point', 'coordinates': [-87.77603977264, 41.920525646394]};NOT ON SCENE (DESK REPORT);2025-06-14T19:00:00.000
b1afcc435d770d425af55492c1a4b21aef80de359ef60dc1388f133d41c610dfda637b626789fa6796ca5b32f7d31703f248f9562a54e419facc6fba46692f9c;2025-06-14 17:00:00;25;UNKNOWN;UNKNOWN;CLEAR;DAYLIGHT;PARKED MOTOR VEHICLE;NOT DIVIDED;STRAIGHT AND LEVEL;DRY;UNKNOWN;INJURY AND / OR TOW DUE TO CRASH;;;OVER $1,500;UNABLE TO DETERMINE;UNABLE TO DETERMINE;5100;N;NORMANDY AVE;1613;;;;;;;2;NONINCAPACITATING INJURY;1;0;0;1;0;0;0;17;7;6;41.9738830577;-87.7941165367;{'type': 'Point', 'coordinates': [-87.794116536731, 41.97388305768]};ON SCENE;2025-06-14T19:33:00.000
48040fa92bf5310f36938f0d184ccf9cb98e785179ecaa60ea36479560f29ea3a5e1f168e9ed758549cf62748110fb901060cfffda805a546f75cca6f31939a4;2025-06-14 16:51:00;30;STOP SIGN/FLASHER;FUNCTIONING PROPERLY;CLEAR;DAYLIGHT;REAR END;NOT DIVIDED;STRAIGHT AND LEVEL;DRY;NO DEFECTS;NO INJURY / DRIVE AWAY;Y;Y;OVER $1,500;UNABLE TO DETERMINE;FOLLOWING TOO CLOSELY;3300;W;71ST ST;831;;;;;;;2;NO INDICATION OF INJURY;0;0;0;0;0;3;0;16;7;6;41.7644512128;-87.7053252994;{'type': 'Point', 'coordinates': [-87.705325299437, 41.764451212796]};ON SCENE;2025-06-14T16:55:00.000
3dd8f89c2b1916bc057fe0015571d7dbcbdc5cd05ced77941ac0bf0f373d1c4dceb2f167071c58e19ac12e0547615c2e75e59dc24e2a48286344391ed71a7796;2025-06-14 16:47:00;30;NO CONTROLS;NO CONTROLS;CLEAR;DAYLIGHT;ANGLE;DIVIDED - W/MEDIAN BARRIER;STRAIGHT AND LEVEL;DRY;NO DEFECTS;INJURY AND / OR TOW DUE TO CRASH;Y;;OVER $1,500;FAILING TO YIELD RIGHT-OF-WAY;NOT APPLICABLE;3259;W;IRVING PARK RD;1733;N;Y;;;;;2;INCAPACITATING INJURY;1;0;1;0;0;1;0;16;7;6;41.9537831661;-87.7104008734;{'type': 'Point', 'coordinates': [-87.71040087345, 41.953783166097]};ON SCENE;2025-06-14T16:48:00.000
69ba62bc25d2440f0474d54362f6df58281652815b0747866cd0ae22d634effb19674a5ae0847ef71d5f0006615b5ab85df86a35daddac8762385cd2073156dc;2025-06-14 16:32:00;30;NO CONTROLS;NO CONTROLS;CLEAR;DAYLIGHT;PARKED MOTOR VEHICLE;NOT DIVIDED;STRAIGHT AND LEVEL;DRY;NO DEFECTS;NO INJURY / DRIVE AWAY;;;OVER $1,500;UNABLE TO DETERMINE;NOT APPLICABLE;4037;W;NORTH AVE;2534;Y;;;;;;2;NO INDICATION OF INJURY;0;0;0;0;0;2;0;16;7;6;41.9097543021;-87.7279468311;{'type': 'Point', 'coordinates': [-87.727946831107, 41.909754302052]};ON SCENE;2025-06-14T16:33:00.000
42e10de3657b8b91766e8eead740193e14193c5599fe8e0a994f99ecd89e8755d8e108fb5115600e86d4f83f7b5dd8ee0d9cca74e4d687ad723eac80a86ea03e;2025-06-14 16:30:00;30;TRAFFIC SIGNAL;FUNCTIONING PROPERLY;CLEAR;DAYLIGHT;REAR END;DIVIDED - W/MEDIAN (NOT RAISED);STRAIGHT AND LEVEL;DRY;NO DEFECTS;NO INJURY / DRIVE AWAY;;;OVER $1,500;FOLLOWING TOO CLOSELY;FOLLOWING TOO CLOSELY;319;N;WESTERN AVE;1223;;;;;;;2;NO INDICATION OF INJURY;0;0;0;0;0;3;0;16;7;6;41.88724997;-87.6864419654;{'type': 'Point', 'coordinates': [-87.686441965368, 41.887249970042]};NOT ON SCENE (DESK REPORT);2025-06-16T15:10:00.000
4b0e661264c7aeaf6daeaa2bf061c9e1e096909c44ccf5996001f9a1bdb8028599ed62d16baa3bbcec551092c5dfcf1f9cfd9aa2b709e42940cf1c1bedd3032b;2025-06-14 16:30:00;35;UNKNOWN;NO CONTROLS;CLEAR;DAYLIGHT;REAR END;NOT DIVIDED;STRAIGHT AND LEVEL;DRY;NO DEFECTS;NO INJURY / DRIVE AWAY;;;$501 - $1,500;UNABLE TO DETERMINE;NOT APPLICABLE;8439;W;CATHERINE AVE;1614;;;;;;;2;NO INDICATION OF INJURY;0;0;0;0;0;3;0;16;7;6;41.977350381;-87.8382881208;{'type': 'Point', 'coordinates': [-87.838288120756, 41.977350381022]};NOT ON SCENE (DESK REPORT);2025-06-14T16:55:00.000
727fa544f36b416f63f5502c403802c643de72e8ad9ecfcb480dfbf9cf56c8f8c2635c35a0ab5f77e79db6c8cc5a12e652231b5fbb8a1c0a9147f84097b22edd;2025-06-14 16:30:00;30;TRAFFIC SIGNAL;FUNCTIONING PROPERLY;CLEAR;DAYLIGHT;TURNING;NOT DIVIDED;STRAIGHT AND LEVEL;DRY;NO DEFECTS;INJURY AND / OR TOW DUE TO CRASH;Y;;OVER $1,500;DISTRACTION - FROM OUTSIDE VEHICLE;DRIVING SKILLS/KNOWLEDGE/EXPERIENCE;3100;N;CLARK ST;1934;;;;N;;;2;NONINCAPACITATING INJURY;1;0;0;1;0;1;0;16;7;6;;;;ON SCENE;2025-06-14T16:30:00.000
8fdf0f0cdf37b22dfbd1bc9a0892cd5c7e7fc92344a18e017b0f918d7ca3a1647d810cf242c251a62e93ed9c74e04ba2c07d460e24438e20cb201e8b2d37aa28;2025-06-14 16:30:00;30;UNKNOWN;UNKNOWN;CLEAR;DAYLIGHT;PEDALCYCLIST;NOT DIVIDED;STRAIGHT AND LEVEL;UNKNOWN;UNKNOWN;NO INJURY / DRIVE AWAY;;;OVER $1,500;UNABLE TO DETERMINE;UNABLE TO DETERMINE;140;W;NORTH AVE;1814;;;;;;;2;NO INDICATION OF INJURY;0;0;0;0;0;2;0;16;7;6;41.911272006;-87.6332289873;{'type': 'Point', 'coordinates': [-87.633228987264, 41.911272005962]};NOT ON SCENE (DESK REPORT);2025-06-14T17:15:00.000
c8d93c740688507ece586a5c12e29de17b88bf315f8be3459afa287f1a5cf3b531104615484a9f607f77273481a798e37193e92baabc62dd6f2b1d2f6ffe34d9;2025-06-14 16:30:00;30;NO CONTROLS;NO CONTROLS;CLEAR;DAYLIGHT;PARKED MOTOR VEHICLE;ONE-WAY;STRAIGHT AND LEVEL;DRY;NO DEFECTS;NO INJURY / DRIVE AWAY;;Y;$500 OR LESS;NOT APPLICABLE;NOT APPLICABLE;516;W;CORNELIA AVE;1925;;;;;;;2;NO INDICATION OF INJURY;0;0;0;0;0;2;0;16;7;6;41.9466353157;-87.6431423779;{'type': 'Point', 'coordinates': [-87.643142377852, 41.946635315714]};NOT ON SCENE (DESK REPORT);2025-06-14T19:15:00.000
43229fc76ec4ef1ffa5c6fd9fb96aca24e82ded935d08437fd6b7fd35b8b56c5a95bbcc52f0e701830570f24f28be51651a012403576898ecd427f437db7be69;2025-06-14 16:27:00;30;TRAFFIC SIGNAL;FUNCTIONING PROPERLY;CLEAR;DAYLIGHT;TURNING;ONE-WAY;STRAIGHT AND LEVEL;DRY;NO DEFECTS;NO INJURY / DRIVE AWAY;Y;;$501 - $1,500;IMPROPER OVERTAKING/PASSING;IMPROPER LANE USAGE;298;W;WASHINGTON ST;122;;;;;;;2;NO INDICATION OF INJURY;0;0;0;0;0;2;0;16;7;6;41.8833155057;-87.635269277;{'type': 'Point', 'coordinates': [-87.635269277037, 41.883315505727]};ON SCENE;2025-06-14T16:40:00.000
d3f532aaaf2ea28ea56c9ad8f939d3b077b5feaf67d04a05eada100451730c188060c48ce375217522da46fb57c6c026bd07a1db72016ed99d601c7770a3c7f4;2025-06-14 16:25:00;25;STOP SIGN/FLASHER;FUNCTIONING PROPERLY;CLEAR;DAYLIGHT;SIDESWIPE OPPOSITE DIRECTION;DIVIDED - W/MEDIAN (NOT RAISED);STRAIGHT AND LEVEL;DRY;NO DEFECTS;NO INJURY / DRIVE AWAY;Y;;OVER $1,500;FAILING TO YIELD RIGHT-OF-WAY;NOT APPLICABLE;5836;N;GLENWOOD AVE;2013;;;;;;;2;NO INDICATION OF INJURY;0;0;0;0;0;2;0;16;7;6;41.9876725812;-87.6652202805;{'type': 'Point', 'coordinates': [-87.665220280512, 41.987672581207]};NOT ON SCENE (DESK REPORT);2025-06-14T17:00:00.000
f403848c37a3afd475888baf49b1856427ae589fe9be3d6dd25d10f886afb9863a6a87b0d0c44d16ae68492f40f2b086edb52fea40a9f6fc6bee0a3cda189229;2025-06-14 16:25:00;30;NO CONTROLS;NO CONTROLS;CLEAR;DAYLIGHT;TURNING;NOT DIVIDED;STRAIGHT AND LEVEL;DRY;UNKNOWN;NO INJURY / DRIVE AWAY;;;$501 - $1,500;UNABLE TO DETERMINE;UNABLE TO DETERMINE;4851;N;KEDZIE AVE;1713;;;;;;;2;NO INDICATION OF INJURY;0;0;0;0;0;3;0;16;7;6;41.9699575396;-87.7083728782;{'type': 'Point', 'coordinates': [-87.708372878221, 41.969957539645]};NOT ON SCENE (DESK REPORT);2025-06-14T17:30:00.000
f6a365c9789071adcc2b35ad2e42f208638b2745587f4b254f6fc0cca8411098e69bc5fcc3eb444e0c1c2a16989f303103cce18b378905bb476877f1ef1ec863;2025-06-14 16:25:00;10;OTHER WARNING SIGN;FUNCTIONING PROPERLY;CLEAR;DAYLIGHT;FIXED OBJECT;PARKING LOT;STRAIGHT AND LEVEL;DRY;NO DEFECTS;NO INJURY / DRIVE AWAY;;Y;$500 OR LESS;UNABLE TO DETERMINE;NOT APPLICABLE;6948;W;GRAND AVE;2512;;;;;;;1;NO INDICATION OF INJURY;0;0;0;0;0;1;0;16;7;6;41.9236732565;-87.7996266459;{'type': 'Point', 'coordinates': [-87.799626645945, 41.923673256513]};ON SCENE;2025-06-14T16:31:00.000
6846daf610fb663faf9172f7cf76fa0a5a173b8a08bb2a98ab112a2d80b835fb93da0b5b3274fe46dc9b874465ae49d1ae15964c303552451c2c7cd42d5bf3a2;2025-06-14 16:20:00;30;NO CONTROLS;NO CONTROLS;CLEAR;DAYLIGHT;SIDESWIPE SAME DIRECTION;DIVIDED - W/MEDIAN (NOT RAISED);STRAIGHT AND LEVEL;DRY;NO DEFECTS;INJURY AND / OR TOW DUE TO CRASH;Y;;OVER $1,500;HAD BEEN DRINKING (USE WHEN ARREST IS NOT MADE);NOT APPLICABLE;10189;S;DR MARTIN LUTHER KING JR DR;511;;;;;;;2;NO INDICATION OF INJURY;0;0;0;0;0;2;0;16;7;6;41.7092309706;-87.6136702356;{'type': 'Point', 'coordinates': [-87.613670235632, 41.709230970602]};ON SCENE;2025-06-14T16:24:00.000
8ed21e517e73e450d3b04f594dd0aed120efbad354f2c40a769a174ceb68a19dc9636fe982a43259df87c9716bdd327a2927141ec5b8d53e76eb2a0ff50b1ee3;2025-06-14 16:19:00;30;STOP SIGN/FLASHER;FUNCTIONING PROPERLY;CLEAR;DAYLIGHT;SIDESWIPE SAME DIRECTION;DIVIDED - W/MEDIAN (NOT RAISED);STRAIGHT AND LEVEL;DRY;UNKNOWN;NO INJURY / DRIVE AWAY;;;$501 - $1,500;FOLLOWING TOO CLOSELY;UNABLE TO DETERMINE;2700;N;CENTRAL AVE;2514;;;;;;;2;NO INDICATION OF INJURY;0;0;0;0;0;3;0;16;7;6;41.9294953006;-87.7663302984;{'type': 'Point', 'coordinates': [-87.766330298432, 41.929495300631]};NOT ON SCENE (DESK REPORT);2025-06-14T17:00:00.000
d41757941d0eb5128ae9fb79c66328d3afd71b9fe5faedfd5187a067bfbb5b3e82004431f54c46959dd29273eb3215150e5e2d34dc6c28264673fa04138d6d2b;2025-06-14 16:19:00;30;UNKNOWN;UNKNOWN;CLEAR;DAYLIGHT;TURNING;NOT DIVIDED;STRAIGHT AND LEVEL;UNKNOWN;UNKNOWN;NO INJURY / DRIVE AWAY;;;$501 - $1,500;FAILING TO YIELD RIGHT-OF-WAY;NOT APPLICABLE;1200;W;HOLLYWOOD AVE;2013;;;;;;;2;NO INDICATION OF INJURY;0;0;0;0;0;2;0;16;7;6;41.9855760454;-87.6601764914;{'type': 'Point', 'coordinates': [-87.660176491432, 41.985576045424]};ON SCENE;2025-06-14T16:19:00.000
bdf4338aa25566e429e320f54ff6524ab2d8e4504a16203f74cbe3be6d69b495d0ddd0d967af5bd305f70ca177f8b7d9e4957599d14ef665aa5e9f3ea620ef0b;2025-06-14 16:17:00;30;NO CONTROLS;NO CONTROLS;CLEAR;DAYLIGHT;PEDESTRIAN;NOT DIVIDED;STRAIGHT AND LEVEL;DRY;NO DEFECTS;INJURY AND / OR TOW DUE TO CRASH;;Y;$501 - $1,500;UNABLE TO DETERMINE;UNABLE TO DETERMINE;2700;W;DIVISION ST;1423;;;;;;;2;NONINCAPACITATING INJURY;1;0;0;1;0;1;0;16;7;6;41.9030562898;-87.694540893;{'type': 'Point', 'coordinates': [-87.694540892981, 41.903056289813]};ON SCENE;2025-06-14T16:22:00.000
73273b2bf6a05ebebcf4681158739fe2b01d49842e65bcd25aa4ba80cd879852cd8610fdca95122c067e1e876fa52fa6b1fa2ef8ffe27158e0f75116c1e9c04a;2025-06-14 16:15:00;30;NO CONTROLS;NO CONTROLS;CLEAR;DAYLIGHT;FIXED OBJECT;NOT DIVIDED;STRAIGHT AND LEVEL;DRY;NO DEFECTS;INJURY AND / OR TOW DUE TO CRASH;;;OVER $1,500;PHYSICAL CONDITION OF DRIVER;NOT APPLICABLE;3353;W;MARQUETTE RD;831;;;;;;;1;NONINCAPACITATING INJURY;1;0;0;1;0;0;0;16;7;6;41.7714942578;-87.7074598485;{'type': 'Point', 'coordinates': [-87.707459848504, 41.771494257768]};ON SCENE;2025-06-14T16:16:00.000
b7acbf92fbe0392d37bf0a37bc3ea07f264fa03e018ea11ae5bd56e9eea28b23160b9c34440a52d897abce3cc5d936364c9bdaebe61f06b5f99fa9a24def5154;2025-06-14 16:15:00;30;NO CONTROLS;NO CONTROLS;CLEAR;DAYLIGHT;REAR END;NOT DIVIDED;STRAIGHT AND LEVEL;DRY;NO DEFECTS;NO INJURY / DRIVE AWAY;;;OVER $1,500;FOLLOWING TOO CLOSELY;DRIVING SKILLS/KNOWLEDGE/EXPERIENCE;2356;W;BELMONT AVE;1921;;;;;;;2;NO INDICATION OF INJURY;0;0;0;0;0;2;0;16;7;6;41.9395692515;-87.6877250042;{'type': 'Point', 'coordinates': [-87.687725004198, 41.9395692515]};NOT ON SCENE (DESK REPORT);2025-06-14T16:49:00.000
97e105d9cd1f84a9b3c6a4d598c92102389e9f5f769636ce4ba089a2a7e605d9366fd51f0d9ea8772acb47bd6c70bd3330e8b7560e993605eca43c146612957a;2025-06-14 16:00:00;25;NO CONTROLS;NO CONTROLS;CLEAR;DAYLIGHT;PARKED MOTOR VEHICLE;ONE-WAY;STRAIGHT AND LEVEL;DRY;UNKNOWN;NO INJURY / DRIVE AWAY;;;$500 OR LESS;IMPROPER BACKING;IMPROPER BACKING;4814;W;BLOOMINGDALE AVE;2533;;;;;;;2;NO INDICATION OF INJURY;0;0;0;0;0;1;0;16;7;6;41.9133892081;-87.7465983091;{'type': 'Point', 'coordinates': [-87.746598309062, 41.913389208149]};NOT ON SCENE (DESK REPORT);2025-06-16T17:30:00.000
bfa7e823b737bd86f138f4f24efd394ad384d2d82bb61c9fe634e2ce2c376dd06ca2f02a661095bdee1dbe1582e56f1b696208563886a39da332d884635dca06;2025-06-14 16:00:00;45;NO CONTROLS;NO CONTROLS;CLEAR;DAYLIGHT;REAR END;DIVIDED - W/MEDIAN BARRIER;STRAIGHT AND LEVEL;DRY;NO DEFECTS;NO INJURY / DRIVE AWAY;;Y;OVER $1,500;UNABLE TO DETERMINE;UNABLE TO DETERMINE;1600;N;LAKE SHORE DR;1814;;;;;;;2;NO INDICATION OF INJURY;0;0;0;0;0;4;0;16;7;6;41.9112245556;-87.6264825724;{'type': 'Point', 'coordinates': [-87.626482572426, 41.911224555611]};NOT ON SCENE (DESK REPORT);2025-06-14T17:50:00.000
d4078f21637e380aa02c5708a5a91891e4b4c93065952abc0c467a5da79ba386444a19d76f5162be811275cae60e3024f2c3ba81cef535b69b2034aace70d657;2025-06-14 16:00:00;30;STOP SIGN/FLASHER;FUNCTIONING PROPERLY;CLEAR;DAYLIGHT;ANGLE;FOUR WAY;STRAIGHT AND LEVEL;DRY;NO DEFECTS;INJURY AND / OR TOW DUE TO CRASH;Y;;OVER $1,500;FAILING TO YIELD RIGHT-OF-WAY;FAILING TO REDUCE SPEED TO AVOID CRASH;664;W;LAKE ST;1214;;;;;;;2;NONINCAPACITATING INJURY;1;0;0;1;0;4;0;16;7;6;41.8858036668;-87.6452492199;{'type': 'Point', 'coordinates': [-87.64524921989, 41.885803666844]};NOT ON SCENE (DESK REPORT);2025-06-15T12:15:00.000
81691bbc89be0cf8443ecf56462204b966c78da8ecef4d48dbcf4d0ea26366ffeec51a491d2161e718dada6944ee30454a7631512b370f1b027b17839492c624;2025-06-14 15:49:00;30;NO CONTROLS;NO CONTROLS;CLEAR;DAYLIGHT;OTHER NONCOLLISION;DIVIDED - W/MEDIAN (NOT RAISED);STRAIGHT AND LEVEL;DRY;NO DEFECTS;INJURY AND / OR TOW DUE TO CRASH;;;OVER $1,500;UNABLE TO DETERMINE;UNABLE TO DETERMINE;6415;W;FULLERTON AVE;2512;;Y;;;;;1;NONINCAPACITATING INJURY;1;0;0;1;0;0;0;15;7;6;41.9235640391;-87.7860446505;{'type': 'Point', 'coordinates': [-87.786044650517, 41.923564039131]};ON SCENE;2025-06-14T15:49:00.000
074106a9c437f4027646163fc8430a3f09f70cd34d4ca2c4679e47f71e814c53049f1ffd65ebe448ab8d03dd940514bf8bd0f481119ee0498c2eab7a079df0ee;2025-06-14 15:45:00;30;TRAFFIC SIGNAL;FUNCTIONING PROPERLY;CLEAR;DAYLIGHT;SIDESWIPE SAME DIRECTION;NOT DIVIDED;STRAIGHT AND LEVEL;DRY;NO DEFECTS;NO INJURY / DRIVE AWAY;Y;;$501 - $1,500;IMPROPER LANE USAGE;DRIVING SKILLS/KNOWLEDGE/EXPERIENCE;2401;W;NORTH AVE;1423;;;;;;;2;NO INDICATION OF INJURY;0;0;0;0;0;3;0;15;7;6;41.9102103601;-87.6872793559;{'type': 'Point', 'coordinates': [-87.687279355859, 41.910210360084]};NOT ON SCENE (DESK REPORT);2025-06-14T17:13:00.000
9dde60b030b32446521ba66184a5eab8af3b5e03b252ed6f32b7456a72e24d70f30e05de69ca3786851c77b783aeac01afba0515bfee564ddbd73118d07d9277;2025-06-14 15:40:00;30;NO CONTROLS;NO CONTROLS;CLEAR;DAYLIGHT;TURNING;NOT DIVIDED;STRAIGHT AND LEVEL;DRY;UNKNOWN;NO INJURY / DRIVE AWAY;;;OVER $1,500;DRIVING SKILLS/KNOWLEDGE/EXPERIENCE;DRIVING SKILLS/KNOWLEDGE/EXPERIENCE;3939;W;OGDEN AVE;1013;;;;;;;2;NO INDICATION OF INJURY;0;0;0;0;0;2;0;15;7;6;41.8512884884;-87.7238508433;{'type': 'Point', 'coordinates': [-87.723850843329, 41.851288488406]};ON SCENE;2025-06-14T15:58:00.000
3af3026650dc6c195f3752ba9167ae8eddf12e625210bf8b43fa6a7b2863a57ccfd3d5c5469e2f0d04fd2c728c9efeb2022a7ad787343c6eb638254f9c3a7407;2025-06-14 15:37:00;30;NO CONTROLS;NO CONTROLS;CLEAR;DAYLIGHT;SIDESWIPE SAME DIRECTION;NOT DIVIDED;STRAIGHT AND LEVEL;DRY;NO DEFECTS;NO INJURY / DRIVE AWAY;;;OVER $1,500;UNABLE TO DETERMINE;NOT APPLICABLE;2340;W;95TH ST;2221;;;;;;;2;NO INDICATION OF INJURY;0;0;0;0;0;2;0;15;7;6;41.7210580016;-87.6813251108;{'type': 'Point', 'coordinates': [-87.681325110764, 41.721058001646]};ON SCENE;2025-06-14T15:50:00.000
2fc575ee37e26d05a03d18fffd2e85d0744dbe5d99612cdbe524ff3f49b4ad827bccd08c19d01cd1d486b8f3a1fb3a40d57805d75f4b451eb6839604ff8e84f1;2025-06-14 15:35:00;30;TRAFFIC SIGNAL;FUNCTIONING PROPERLY;CLEAR;DAYLIGHT;TURNING;DIVIDED - W/MEDIAN (NOT RAISED);STRAIGHT AND LEVEL;DRY;NO DEFECTS;NO INJURY / DRIVE AWAY;;N;OVER $1,500;UNABLE TO DETERMINE;UNABLE TO DETERMINE;4300;W;MADISON ST;1115;;;;;;;2;NO INDICATION OF INJURY;0;0;0;0;0;2;0;15;7;6;41.8807478831;-87.7331497389;{'type': 'Point', 'coordinates': [-87.733149738886, 41.880747883076]};NOT ON SCENE (DESK REPORT);2025-06-14T16:30:00.000
4744d1e814d1d19ef664e285f102a9e763f298fa56a715e803f1a3746dc6062afc561ad68de0a16e2e606b8237497de7975927c7280e15d5cd7bbc009727012a;2025-06-14 15:30:00;35;TRAFFIC SIGNAL;FUNCTIONING PROPERLY;CLEAR;DAYLIGHT;REAR END;DIVIDED - W/MEDIAN (NOT RAISED);STRAIGHT AND LEVEL;DRY;NO DEFECTS;NO INJURY / DRIVE AWAY;Y;;OVER $1,500;FOLLOWING TOO CLOSELY;UNABLE TO DETERMINE;7900;S;PERRY AVE;623;;;;;;;2;NO INDICATION OF INJURY;0;0;0;0;0;2;0;15;7;6;41.7508161079;-87.627177543;{'type': 'Point', 'coordinates': [-87.62717754304, 41.75081610788]};NOT ON SCENE (DESK REPORT);2025-06-14T16:00:00.000
d2e8da15a52e00bacd7f97412406c78d8d922c611e3de0537114010e22a8f423184eac371b9167f66c0bb1b5a67b64dd43773922bc22a837012f90b40914b332;2025-06-14 15:30:00;30;UNKNOWN;UNKNOWN;CLEAR;DAYLIGHT;SIDESWIPE SAME DIRECTION;NOT DIVIDED;STRAIGHT AND LEVEL;DRY;NO DEFECTS;INJURY AND / OR TOW DUE TO CRASH;;Y;OVER $1,500;UNABLE TO DETERMINE;UNABLE TO DETERMINE;6120;N;BROADWAY;2433;;;;;;;2;REPORTED, NOT EVIDENT;1;0;0;0;1;2;0;15;7;6;41.9929441343;-87.660504875;{'type': 'Point', 'coordinates': [-87.660504875026, 41.992944134279]};NOT ON SCENE (DESK REPORT);2025-06-14T16:01:00.000
ae55a692153453716d8a0175eda1e616da4d137e5778cf931fa6f71711a0f14a0f8fa5356dba37584cab44a57959fedae52225b9ffdd1f17763f8bb82f8a755a;2025-06-14 15:15:00;30;UNKNOWN;UNKNOWN;CLOUDY/OVERCAST;UNKNOWN;TURNING;UNKNOWN;STRAIGHT AND LEVEL;UNKNOWN;UNKNOWN;NO INJURY / DRIVE AWAY;;;$501 - $1,500;UNABLE TO DETERMINE;NOT APPLICABLE;5534;N;NAGLE AVE;1613;;;;;;;2;NO INDICATION OF INJURY;0;0;0;0;0;3;0;15;7;6;41.9821682679;-87.7878968512;{'type': 'Point', 'coordinates': [-87.787896851238, 41.982168267936]};NOT ON SCENE (DESK REPORT);2025-06-14T16:25:00.000
fbd96f28dc40b817c2460f65e7ca451ea26a41cb617a2c4458a3c6a689de14f1e59c935c0f648c1d73e5cb06a336099a5409dafff2ab86e1e4238c820ae4e20c;2025-06-14 15:15:00;30;NO CONTROLS;NO CONTROLS;CLEAR;DAYLIGHT;REAR TO FRONT;ONE-WAY;STRAIGHT AND LEVEL;UNKNOWN;UNKNOWN;NO INJURY / DRIVE AWAY;;;$501 - $1,500;UNABLE TO DETERMINE;UNABLE TO DETERMINE;5025;W;PARKER AVE;2521;;;;;;;2;NO INDICATION OF INJURY;0;0;0;0;0;4;0;15;7;6;41.9304373383;-87.7525047798;{'type': 'Point', 'coordinates': [-87.752504779799, 41.930437338303]};NOT ON SCENE (DESK REPORT);2025-06-14T16:10:00.000
e95e2d5fa725b997f8ca5e0f68219ff34eb0baf4606af828602c85c9afbb2cd96a57a36b39df3f932ce2b2fafbd27d86fa564630da92d9f28b00cf115d3c0ab8;2025-06-14 15:00:00;30;TRAFFIC SIGNAL;FUNCTIONING PROPERLY;CLEAR;DAYLIGHT;TURNING;NOT DIVIDED;STRAIGHT AND LEVEL;UNKNOWN;UNKNOWN;INJURY AND / OR TOW DUE TO CRASH;;;OVER $1,500;IMPROPER TURNING/NO SIGNAL;NOT APPLICABLE;1454;W;99TH ST;2213;;;;;;;2;REPORTED, NOT EVIDENT;1;0;0;0;1;3;0;15;7;6;41.7141172667;-87.6595627029;{'type': 'Point', 'coordinates': [-87.659562702876, 41.714117266713]};NOT ON SCENE (DESK REPORT);2025-06-14T18:55:00.000
35b8e806da1a1607af0135f6a9a9fec814e9fe6a7810eeb6517bc7ecccace83758baefc0193c499a21b62b6d09ab9c49587098a1cf0d95cf022f13855e514b41;2025-06-14 14:56:00;30;TRAFFIC SIGNAL;FUNCTIONING PROPERLY;CLEAR;DAYLIGHT;TURNING;NOT DIVIDED;STRAIGHT AND LEVEL;DRY;NO DEFECTS;NO INJURY / DRIVE AWAY;;;$501 - $1,500;IMPROPER TURNING/NO SIGNAL;NOT APPLICABLE;7859;S;KEDZIE AVE;835;;;;;;;2;NO INDICATION OF INJURY;0;0;0;0;0;3;0;14;7;6;41.749876112;-87.7022504602;{'type': 'Point', 'coordinates': [-87.702250460209, 41.749876112003]};NOT ON SCENE (DESK REPORT);2025-06-14T15:20:00.000
768cb1ba522dd7027eabe040c22f32ebd42863d8abe83f3faaddc6425a15171cfc9efacca9ed86b906ff76da934b7c2cdb6ca317dfc68357338def6659c18bd0;2025-06-14 14:52:00;30;TRAFFIC SIGNAL;FUNCTIONING PROPERLY;CLEAR;DAYLIGHT;TURNING;ONE-WAY;STRAIGHT AND LEVEL;DRY;NO DEFECTS;INJURY AND / OR TOW DUE TO CRASH;Y;;OVER $1,500;FOLLOWING TOO CLOSELY;FAILING TO REDUCE SPEED TO AVOID CRASH;530;E;GRAND AVE;1834;;;;;;;2;NONINCAPACITATING INJURY;1;0;0;1;0;1;0;14;7;6;41.8920487489;-87.6129693996;{'type': 'Point', 'coordinates': [-87.612969399591, 41.8920487489]};NOT ON SCENE (DESK REPORT);2025-06-14T16:00:00.000
21b225150a30ece4485e3e7b333e5207d087a579c402cdaadd1e5439e43758adaab1c513ddecf931508ce499ea573d1d555a5f4b636ce4500ef881ccf4a4e429;2025-06-14 14:51:00;25;TRAFFIC SIGNAL;FUNCTIONING PROPERLY;CLEAR;DAYLIGHT;REAR END;FIVE POINT, OR MORE;STRAIGHT AND LEVEL;DRY;NO DEFECTS;NO INJURY / DRIVE AWAY;Y;;OVER $1,500;UNABLE TO DETERMINE;NOT APPLICABLE;5601;N;BROADWAY;2022;;;;;;;2;NO INDICATION OF INJURY;0;0;0;0;0;2;0;14;7;6;41.9837165647;-87.6599242427;{'type': 'Point', 'coordinates': [-87.659924242706, 41.983716564683]};NOT ON SCENE (DESK REPORT);2025-06-16T08:00:00.000
4d8385fa180b9cfbfa2032ace5ed03e351da257701940d5077f90b5820bd6eed0649df0e9760ee18cb364afb92ef60764763630cd89dbbe4d289ad54f35088e0;2025-06-14 14:46:00;30;NO CONTROLS;NO CONTROLS;CLEAR;DAYLIGHT;REAR END;DIVIDED - W/MEDIAN (NOT RAISED);STRAIGHT AND LEVEL;DRY;NO DEFECTS;INJURY AND / OR TOW DUE TO CRASH;;;OVER $1,500;FOLLOWING TOO CLOSELY;DRIVING SKILLS/KNOWLEDGE/EXPERIENCE;121;S;AUSTIN BLVD;1513;;;;;;;2;NONINCAPACITATING INJURY;1;0;0;1;0;5;0;14;7;6;41.8783404256;-87.7744472943;{'type': 'Point', 'coordinates': [-87.774447294332, 41.878340425555]};ON SCENE;2025-06-14T15:15:00.000
7cdfab59e5be41e33f4c1242e18d4bc08599a0b981666ec99f6b372f713d044291523bc8ce81316df0a5c6fbdb2a6b09fc6201fcad0fe3cd21a0f8c4f1d63523;2025-06-14 14:46:00;35;TRAFFIC SIGNAL;FUNCTIONING PROPERLY;CLEAR;DAYLIGHT;TURNING;FOUR WAY;STRAIGHT AND LEVEL;DRY;NO DEFECTS;INJURY AND / OR TOW DUE TO CRASH;Y;;OVER $1,500;IMPROPER TURNING/NO SIGNAL;NOT APPLICABLE;2;N;FRANKLIN ST;122;;;;;;;2;REPORTED, NOT EVIDENT;2;0;0;0;2;4;0;14;7;6;41.8819639609;-87.6354591712;{'type': 'Point', 'coordinates': [-87.635459171235, 41.881963960924]};ON SCENE;2025-06-14T14:50:00.000
0c6229bf9768c5bcd02f3e2fafa62858476ef9c407b1f871257b11aeb377b9636374175504a6e7dfa21df308448e545355d3539df119415434e3738fb3baeeda;2025-06-14 14:45:00;30;TRAFFIC SIGNAL;FUNCTIONING PROPERLY;CLEAR;DAYLIGHT;REAR END;FOUR WAY;STRAIGHT AND LEVEL;DRY;UNKNOWN;NO INJURY / DRIVE AWAY;Y;Y;$501 - $1,500;UNABLE TO DETERMINE;NOT APPLICABLE;50;E;18TH ST;131;;;;;;;2;NO INDICATION OF INJURY;0;0;0;0;0;2;0;14;7;6;41.8579713688;-87.6252121958;{'type': 'Point', 'coordinates': [-87.625212195757, 41.857971368797]};NOT ON SCENE (DESK REPORT);2025-06-14T21:00:00.000
bb64c79f92496d61e40ab6871cfafe8f9da89c2e2c526d2ee4d5c60fa008cabb43bb33af10aef8cc1d3185054d08f8cfd0f214cbf1e4d4ee9e7b4e2f0dbfa6fa;2025-06-14 14:45:00;30;NO CONTROLS;NO CONTROLS;CLEAR;DAYLIGHT;SIDESWIPE SAME DIRECTION;NOT DIVIDED;STRAIGHT AND LEVEL;DRY;NO DEFECTS;NO INJURY / DRIVE AWAY;;;$500 OR LESS;FAILING TO YIELD RIGHT-OF-WAY;FAILING TO REDUCE SPEED TO AVOID CRASH;2900;N;MILWAUKEE AVE;1412;;;;;;;2;NO INDICATION OF INJURY;0;0;0;0;0;4;0;14;7;6;41.9340270947;-87.7157666229;{'type': 'Point', 'coordinates': [-87.715766622935, 41.934027094683]};ON SCENE;2025-06-14T14:51:00.000
d7bd13697a64373de65ddbb76bf2ec9f62818d368726d831a565c3fce087380d879adb2f162b256e86c6dded01054742d2f0c4bbcb26050a9c26e567fe905e5b;2025-06-14 14:44:00;30;NO CONTROLS;NO CONTROLS;CLEAR;DAYLIGHT;OTHER OBJECT;OTHER;STRAIGHT AND LEVEL;DRY;NO DEFECTS;INJURY AND / OR TOW DUE TO CRASH;;Y;OVER $1,500;HAD BEEN DRINKING (USE WHEN ARREST IS NOT MADE);PHYSICAL CONDITION OF DRIVER;242;W;GARFIELD BLVD;935;;;;;;;1;NO INDICATION OF INJURY;0;0;0;0;0;2;0;14;7;6;41.7946388263;-87.6322670455;{'type': 'Point', 'coordinates': [-87.632267045463, 41.794638826304]};ON SCENE;2025-06-14T14:44:00.000
bceee9042490927b0a3e77b82cfc977775546b32978d0f589894497c8b778158c36d14b115a23373c1831d69a0f53a96efeb14f38ffaf614b63095f2ca475582;2025-06-14 14:35:00;30;TRAFFIC SIGNAL;FUNCTIONING PROPERLY;CLEAR;DAYLIGHT;REAR END;T-INTERSECTION;STRAIGHT AND LEVEL;DRY;NO DEFECTS;NO INJURY / DRIVE AWAY;Y;;OVER $1,500;UNABLE TO DETERMINE;UNABLE TO DETERMINE;4100;W;DIVERSEY AVE;2523;;;;;;;2;NO INDICATION OF INJURY;0;0;0;0;0;2;0;14;7;6;41.9318640661;-87.7295339406;{'type': 'Point', 'coordinates': [-87.729533940634, 41.931864066139]};ON SCENE;2025-06-14T14:38:00.000
2bc45be8643c3fc5fb55671012d0415abbfa048b0de2f685d7ea6accfd5fc799a56b17ee94f622205cd98040748d8ce6ca387f4da2c51b1ef88b2e65aa707978;2025-06-14 14:30:00;35;NO CONTROLS;NO CONTROLS;CLEAR;DAYLIGHT;PEDESTRIAN;ALLEY;STRAIGHT AND LEVEL;DRY;NO DEFECTS;INJURY AND / OR TOW DUE TO CRASH;;Y;OVER $1,500;DRIVING SKILLS/KNOWLEDGE/EXPERIENCE;DRIVING SKILLS/KNOWLEDGE/EXPERIENCE;1815;W;77TH ST;611;;;;;;;2;NONINCAPACITATING INJURY;1;0;0;1;0;1;0;14;7;6;41.7538165386;-87.6690307334;{'type': 'Point', 'coordinates': [-87.669030733353, 41.753816538584]};NOT ON SCENE (DESK REPORT);2025-06-14T15:20:00.000
2dcc9501f4c7ad36d125ef6a5bd37f11d1d35ce9dfa5f56f703ea147256a2b58d7adf47ef2838523e40a2350a220d067a5e6049b257caa7b6dfaa7262c35a342;2025-06-14 14:30:00;35;TRAFFIC SIGNAL;FUNCTIONING PROPERLY;CLEAR;DAYLIGHT;REAR END;NOT DIVIDED;STRAIGHT AND LEVEL;DRY;NO DEFECTS;NO INJURY / DRIVE AWAY;;;$501 - $1,500;NOT APPLICABLE;NOT APPLICABLE;4800;N;CICERO AVE;1623;;;;;;;2;NO INDICATION OF INJURY;0;0;0;0;0;2;0;14;7;6;41.9680480073;-87.7478759847;{'type': 'Point', 'coordinates': [-87.747875984681, 41.968048007294]};NOT ON SCENE (DESK REPORT);2025-06-14T15:00:00.000
3847403b8f77ac38f5d6aac837497517701ca2ccb4d2f9c4778eb37e1e1a492089b9d61cde8598e8ef1e27f9b858f579f3bdcd87edbca7f5ca339255fec02ab4;2025-06-14 14:30:00;25;NO CONTROLS;NO CONTROLS;CLEAR;DAYLIGHT;REAR END;NOT DIVIDED;STRAIGHT AND LEVEL;DRY;NO DEFECTS;NO INJURY / DRIVE AWAY;;;$501 - $1,500;NOT APPLICABLE;NOT APPLICABLE;530;S;WESTERN AVE;1135;;;;;;;2;NO INDICATION OF INJURY;0;0;0;0;0;2;0;14;7;6;41.874007766;-87.6863826068;{'type': 'Point', 'coordinates': [-87.686382606754, 41.874007766008]};NOT ON SCENE (DESK REPORT);2025-06-14T15:10:00.000
c72313419c3c384b766ba307a505aa161e05fc13bb3ece471574aa2ab54ac9e6bc4742770d19b2fc41732b67d7fbc2a0c3bea1e79cd18a3904ed4fc62a2410ca;2025-06-14 14:30:00;25;NO CONTROLS;NO CONTROLS;CLEAR;DAYLIGHT;PARKED MOTOR VEHICLE;NOT DIVIDED;STRAIGHT AND LEVEL;DRY;UNKNOWN;NO INJURY / DRIVE AWAY;;;OVER $1,500;UNABLE TO DETERMINE;UNABLE TO DETERMINE;4440;W;26TH ST;1013;;;;;;;2;NO INDICATION OF INJURY;0;0;0;0;0;1;0;14;7;6;41.844203402;-87.7358268461;{'type': 'Point', 'coordinates': [-87.735826846121, 41.844203401964]};NOT ON SCENE (DESK REPORT);2025-06-14T16:10:00.000
18e56b4dd619505d27b4e4d888ff2dce2a91a098c3e07a96c80da24ded97319abb9d867cf71aa37b0438ad47fba449f894cf3dc7e73acfb1f821de9e4e086773;2025-06-14 14:28:00;30;UNKNOWN;UNKNOWN;CLEAR;DAYLIGHT;SIDESWIPE SAME DIRECTION;NOT DIVIDED;STRAIGHT AND LEVEL;DRY;UNKNOWN;INJURY AND / OR TOW DUE TO CRASH;;Y;OVER $1,500;UNABLE TO DETERMINE;NOT APPLICABLE;8114;S;COTTAGE GROVE AVE;631;;;;;;;2;NONINCAPACITATING INJURY;1;0;0;1;0;1;0;14;7;6;41.747136361;-87.6052668945;{'type': 'Point', 'coordinates': [-87.605266894547, 41.747136361015]};ON SCENE;2025-06-14T16:08:00.000
dc600207d0b96948920a9312cd55ae2165b112784bc869cb9088e7afa1b26c967d50acc95dc7cd72ac8a1f905ef8cb646b7a36be98678e3e0dc76450cf331d5a;2025-06-14 14:25:00;20;STOP SIGN/FLASHER;FUNCTIONING PROPERLY;CLEAR;DAYLIGHT;TURNING;ONE-WAY;STRAIGHT AND LEVEL;DRY;NO DEFECTS;INJURY AND / OR TOW DUE TO CRASH;;;OVER $1,500;UNABLE TO DETERMINE;NOT APPLICABLE;6052;S;FRANCISCO AVE;823;;;;;;;2;NO INDICATION OF INJURY;0;0;0;0;0;3;0;14;7;6;41.7829821455;-87.6960859223;{'type': 'Point', 'coordinates': [-87.696085922323, 41.782982145543]};ON SCENE;2025-06-14T14:29:00.000
f0504abc7b02f9d67f99bb6f41427fcba4ecc90a390319188e2ab8819387407765001975d7fd2511e8f53c9c3c0c6721b39642f5604706a20b99ab4a75c9d3ed;2025-06-14 14:25:00;20;NO CONTROLS;NO CONTROLS;CLEAR;DAYLIGHT;PARKED MOTOR VEHICLE;ONE-WAY;STRAIGHT AND LEVEL;DRY;NO DEFECTS;INJURY AND / OR TOW DUE TO CRASH;;;$501 - $1,500;UNDER THE INFLUENCE OF ALCOHOL/DRUGS (USE WHEN ARREST IS EFFECTED);NOT APPLICABLE;6236;S;WHIPPLE ST;823;;;;;;;2;NO INDICATION OF INJURY;0;0;0;0;0;1;0;14;7;6;41.7797360694;-87.6996498372;{'type': 'Point', 'coordinates': [-87.699649837189, 41.779736069377]};ON SCENE;2025-06-14T14:29:00.000
08a95a4f5c56a2103e5b9d4f3bd7d70eb917fa68a9750259a20249c20954c8a245365be15c0818fa5ac9377827a9bfdc5478d390118b142b555f003ae0b9be90;2025-06-14 14:24:00;25;STOP SIGN/FLASHER;NO CONTROLS;CLEAR;DAYLIGHT;HEAD ON;NOT DIVIDED;STRAIGHT AND LEVEL;DRY;NO DEFECTS;NO INJURY / DRIVE AWAY;;Y;$501 - $1,500;NOT APPLICABLE;NOT APPLICABLE;4300;W;MADISON ST;1115;;;;;;;2;NO INDICATION OF INJURY;0;0;0;0;0;7;0;14;7;6;41.8807478831;-87.7331497389;{'type': 'Point', 'coordinates': [-87.733149738886, 41.880747883076]};NOT ON SCENE (DESK REPORT);2025-06-14T17:06:00.000
19f5fba6b59692f8ee504636a32ff314e3882517f085c6effc5c89013c5d620bec1fada4f07799fc5c241924d80513b309f756099c91037a4555c54993167bd4;2025-06-14 14:20:00;30;NO CONTROLS;NO CONTROLS;CLEAR;UNKNOWN;PARKED MOTOR VEHICLE;NOT DIVIDED;STRAIGHT AND LEVEL;UNKNOWN;UNKNOWN;NO INJURY / DRIVE AWAY;;;OVER $1,500;DRIVING SKILLS/KNOWLEDGE/EXPERIENCE;NOT APPLICABLE;6309;S;CAMPBELL AVE;825;;;;;;;2;NO INDICATION OF INJURY;0;0;0;0;0;2;0;14;7;6;41.7789108013;-87.6859339417;{'type': 'Point', 'coordinates': [-87.685933941716, 41.778910801305]};NOT ON SCENE (DESK REPORT);2025-06-14T15:20:00.000
552b94d2f22c658ab52d0206f3d1200d053e94421179cb49408f928fef99a2e1707a4afbb6e20622d6c44b4b71b9bc0d9318ab7c496f682fbb10996b048614bc;2025-06-14 14:18:00;25;TRAFFIC SIGNAL;FUNCTIONING PROPERLY;CLEAR;DAYLIGHT;REAR END;NOT DIVIDED;STRAIGHT AND LEVEL;DRY;NO DEFECTS;NO INJURY / DRIVE AWAY;;Y;OVER $1,500;FAILING TO YIELD RIGHT-OF-WAY;DRIVING SKILLS/KNOWLEDGE/EXPERIENCE;3018;S;HALSTED ST;913;;;;;;;2;NO INDICATION OF INJURY;0;0;0;0;0;2;0;14;7;6;41.8392632754;-87.6464549949;{'type': 'Point', 'coordinates': [-87.64645499486, 41.839263275421]};NOT ON SCENE (DESK REPORT);2025-06-14T14:35:00.000
22800dc72af1f898e5f116d1e1d2d5a8903b683d621e76c44d06591dea46c9b05ee1e8f09b0b64d334451d8ef3c6458ed73a563fa4f8be401818113222625d90;2025-06-14 14:17:00;30;NO CONTROLS;NO CONTROLS;CLEAR;DAYLIGHT;SIDESWIPE SAME DIRECTION;DIVIDED - W/MEDIAN (NOT RAISED);STRAIGHT AND LEVEL;DRY;NO DEFECTS;NO INJURY / DRIVE AWAY;;Y;$501 - $1,500;IMPROPER OVERTAKING/PASSING;IMPROPER OVERTAKING/PASSING;8400;S;VINCENNES AVE;622;;;;;;;2;NO INDICATION OF INJURY;0;0;0;0;0;3;0;14;7;6;41.7414095888;-87.6384314909;{'type': 'Point', 'coordinates': [-87.638431490943, 41.741409588823]};NOT ON SCENE (DESK REPORT);2025-06-14T15:15:00.000
c69c4feed69055f163053e8f9de8fe6eb026cd1e5b0a56e610191095f554cf16b007eaa2b021be66eb29fe0b4a53304205ed7451705795a35a98d919d5890a74;2025-06-14 14:10:00;40;NO CONTROLS;FUNCTIONING PROPERLY;CLEAR;DAYLIGHT;SIDESWIPE SAME DIRECTION;DIVIDED - W/MEDIAN BARRIER;STRAIGHT AND LEVEL;DRY;NO DEFECTS;NO INJURY / DRIVE AWAY;;Y;OVER $1,500;OPERATING VEHICLE IN ERRATIC, RECKLESS, CARELESS, NEGLIGENT OR AGGRESSIVE MANNER;IMPROPER LANE USAGE;758;N;LAKE SHORE DR NB;1833;Y;;;;;;2;NO INDICATION OF INJURY;0;0;0;0;0;2;0;14;7;6;41.8966026171;-87.616887052;{'type': 'Point', 'coordinates': [-87.616887052033, 41.896602617086]};NOT ON SCENE (DESK REPORT);2025-06-14T16:45:00.000
e41bdbe787b61808083cc366a5db57ed16b0591803e766cbcf5906e3804eb257b85daaa8dd191e99b3eb2cda921f9a66ed736d2dfc5e2e64d768dbb733e81dbc;2025-06-14 13:52:00;30;NO CONTROLS;NO CONTROLS;CLEAR;DAYLIGHT;PARKED MOTOR VEHICLE;ONE-WAY;STRAIGHT AND LEVEL;DRY;NO DEFECTS;INJURY AND / OR TOW DUE TO CRASH;;;OVER $1,500;UNABLE TO DETERMINE;UNABLE TO DETERMINE;11354;S;UNION AVE;2233;;;;;;;2;NO INDICATION OF INJURY;0;0;0;0;0;1;0;13;7;6;41.6871345708;-87.6399440224;{'type': 'Point', 'coordinates': [-87.639944022431, 41.687134570755]};ON SCENE;2025-06-14T13:52:00.000
317afde5c92e4d4a6e23edb497065309d8f4c8f6c2a4a3b241ea5bc2a860896d34d4e8120a1d1d8167bb4b834e19368d83f270b63dfdd787b8a9ae9b142af6f5;2025-06-14 13:50:00;25;NO CONTROLS;NO CONTROLS;CLEAR;DAYLIGHT;ANGLE;NOT DIVIDED;STRAIGHT AND LEVEL;DRY;NO DEFECTS;INJURY AND / OR TOW DUE TO CRASH;;Y;OVER $1,500;IMPROPER TURNING/NO SIGNAL;FAILING TO YIELD RIGHT-OF-WAY;349;E;43RD ST;215;;;;;;;2;NONINCAPACITATING INJURY;3;0;0;3;0;1;0;13;7;6;41.8165107361;-87.617864034;{'type': 'Point', 'coordinates': [-87.61786403397, 41.81651073613]};ON SCENE;2025-06-14T13:55:00.000
5d7ada0031d910afea9f23da6e22f6aabb24ff6a5fa545ca629e811fbb12ced4ec617107fccfa631e3505e0799dd9dcdadf038c4dab3516deb7975b0739e8d0e;2025-06-14 13:45:00;30;NO CONTROLS;NO CONTROLS;CLEAR;DAYLIGHT;SIDESWIPE SAME DIRECTION;NOT DIVIDED;STRAIGHT AND LEVEL;UNKNOWN;UNKNOWN;NO INJURY / DRIVE AWAY;;;OVER $1,500;DRIVING SKILLS/KNOWLEDGE/EXPERIENCE;NOT APPLICABLE;5350;S;AUSTIN AVE;811;;;;;;;2;NO INDICATION OF INJURY;0;0;0;0;0;2;0;13;7;6;41.7947166454;-87.7722784296;{'type': 'Point', 'coordinates': [-87.772278429552, 41.794716645446]};NOT ON SCENE (DESK REPORT);2025-06-14T14:50:00.000
e79b4972dbfb68d384b07aa602a1ca52ac4229366d8cdd8af01791e9bab78e65986a627a7b2b79278f4ef776559386a07d9805febc45597df94a81e122faba31;2025-06-14 13:41:00;30;NO CONTROLS;NO CONTROLS;CLEAR;DAYLIGHT;REAR END;OTHER;STRAIGHT AND LEVEL;DRY;NO DEFECTS;INJURY AND / OR TOW DUE TO CRASH;;;OVER $1,500;FOLLOWING TOO CLOSELY;NOT APPLICABLE;4100;S;CICERO AVE;814;;;;;;;2;NONINCAPACITATING INJURY;2;0;0;2;0;1;0;13;7;6;41.8181780969;-87.7436118562;{'type': 'Point', 'coordinates': [-87.743611856242, 41.818178096923]};NOT ON SCENE (DESK REPORT);2025-06-14T14:36:00.000
4b9ad257168f123c0f2e320e5d78219092efb387388ccaf730e16444af224f8d52ec930810a88740429d30fe08ee06f837d6a5e21bafb428ddface9326db0649;2025-06-14 13:38:00;30;NO CONTROLS;NO CONTROLS;CLEAR;DAYLIGHT;REAR END;ONE-WAY;STRAIGHT AND LEVEL;UNKNOWN;UNKNOWN;NO INJURY / DRIVE AWAY;;;OVER $1,500;UNABLE TO DETERMINE;UNABLE TO DETERMINE;5159;N;TRIPP AVE;1712;;;;;;;2;NO INDICATION OF INJURY;0;0;0;0;0;2;0;13;7;6;41.9753781578;-87.734249564;{'type': 'Point', 'coordinates': [-87.734249564048, 41.97537815777]};NOT ON SCENE (DESK REPORT);2025-06-14T13:45:00.000
e59d0f828932fbb3e155f41b620a3021a33430622f3923ff2a3f0d6aae5ceff3fe785546ea11100ec5348750b8c95c1d87d7a508dabfd713b1e8781d27251fa0;2025-06-14 13:35:00;30;TRAFFIC SIGNAL;FUNCTIONING PROPERLY;CLEAR;DAYLIGHT;REAR END;DIVIDED - W/MEDIAN (NOT RAISED);STRAIGHT AND LEVEL;DRY;NO DEFECTS;NO INJURY / DRIVE AWAY;;;$501 - $1,500;DISTRACTION - FROM OUTSIDE VEHICLE;NOT APPLICABLE;10301;S;WESTERN AVE;2212;;;;;;;2;NO INDICATION OF INJURY;0;0;0;0;0;2;0;13;7;6;41.7062881165;-87.68147073;{'type': 'Point', 'coordinates': [-87.681470730043, 41.706288116534]};NOT ON SCENE (DESK REPORT);2025-06-14T13:50:00.000
3ae06ece5cb6edbaa59f320348751cc0046633d420650f3c23f25a0b608cb64cd08d78399c6f47afdea0d4a3bb7ca6bdd6d786d5dc9cd658f69a6db8b2e941ac;2025-06-14 13:30:00;30;NO CONTROLS;NO CONTROLS;CLEAR;DAYLIGHT;OTHER OBJECT;ONE-WAY;STRAIGHT AND LEVEL;DRY;NO DEFECTS;NO INJURY / DRIVE AWAY;;Y;$500 OR LESS;IMPROPER BACKING;UNABLE TO DETERMINE;6046;S;NATOMA AVE;812;;;;;;;2;NO INDICATION OF INJURY;0;0;0;0;0;2;0;13;7;6;41.7816787901;-87.787666907;{'type': 'Point', 'coordinates': [-87.787666906995, 41.781678790113]};ON SCENE;2025-06-14T13:31:00.000
3f69e1ab21284ed2eec3c52f9e25560ccffa6be8ea5b2e980373cc8962f8d2e03bf35b13e97ae2defb1d496b0fc87b2f646b44be46975bcc100fb218b2a417f4;2025-06-14 13:30:00;30;NO CONTROLS;NO CONTROLS;CLEAR;DAYLIGHT;ANGLE;FOUR WAY;STRAIGHT AND LEVEL;DRY;NO DEFECTS;NO INJURY / DRIVE AWAY;Y;;OVER $1,500;FAILING TO YIELD RIGHT-OF-WAY;UNABLE TO DETERMINE;3732;N;CICERO AVE;1634;;;;;;;2;NO INDICATION OF INJURY;0;0;0;0;0;2;0;13;7;6;41.9489598948;-87.7473138167;{'type': 'Point', 'coordinates': [-87.747313816747, 41.948959894845]};NOT ON SCENE (DESK REPORT);2025-06-14T14:10:00.000
4cdccac4edda689ab11366c3d9201b7c2b04ea731b44ad4605d29a06357eaca0d5513fb432051fe7a2a8bd9a4ccb21e39f15b8924f53ee6105317e3eae046cb3;2025-06-14 13:30:00;10;NO CONTROLS;NO CONTROLS;CLEAR;DAYLIGHT;REAR TO SIDE;PARKING LOT;STRAIGHT AND LEVEL;DRY;NO DEFECTS;NO INJURY / DRIVE AWAY;;;OVER $1,500;IMPROPER BACKING;UNABLE TO DETERMINE;1600;W;IRVING PARK RD;1912;;;;;;;2;NO INDICATION OF INJURY;0;0;0;0;0;2;0;13;7;6;41.9543993037;-87.6691128654;{'type': 'Point', 'coordinates': [-87.669112865433, 41.954399303703]};NOT ON SCENE (DESK REPORT);2025-06-14T14:15:00.000
91a4d090d28fbb24f44100924d33a0ea7020ae55cb9f87ebc46b415ddd3c469193a457a9ce3ca47c09c09e061b648c67eed724a0c879ea8f22f55750399de901;2025-06-14 13:30:00;5;NO CONTROLS;NO CONTROLS;CLEAR;DAYLIGHT;PARKED MOTOR VEHICLE;PARKING LOT;STRAIGHT AND LEVEL;DRY;NO DEFECTS;INJURY AND / OR TOW DUE TO CRASH;;;OVER $1,500;NOT APPLICABLE;NOT APPLICABLE;1649;W;BELMONT AVE;1931;;;;;;;2;REPORTED, NOT EVIDENT;1;0;0;0;1;0;0;13;7;6;41.9395605457;-87.6705926939;{'type': 'Point', 'coordinates': [-87.670592693852, 41.939560545664]};ON SCENE;2025-06-14T13:32:00.000
94d9076e98fa6ee1f20cb190330db9849552442f6ec1d370a4567af55a710c5f70a5f595a16ad81b1d3abb24b4fcf513235464dda27cc86136bf8288048ecd3f;2025-06-14 13:30:00;30;TRAFFIC SIGNAL;FUNCTIONING PROPERLY;CLEAR;DAYLIGHT;SIDESWIPE SAME DIRECTION;DIVIDED - W/MEDIAN (NOT RAISED);STRAIGHT AND LEVEL;DRY;NO DEFECTS;NO INJURY / DRIVE AWAY;;;OVER $1,500;IMPROPER TURNING/NO SIGNAL;IMPROPER TURNING/NO SIGNAL;4220;S;CICERO AVE;814;;;;;;;2;NO INDICATION OF INJURY;0;0;0;0;0;2;0;13;7;6;41.8160753691;-87.7435199106;{'type': 'Point', 'coordinates': [-87.743519910624, 41.816075369098]};NOT ON SCENE (DESK REPORT);2025-06-15T08:45:00.000
ea1cf6a21c4a8b0df2c728041d087b910d458c38421764ef7a8ba620e3b7a9a09b8dcd49207226f57a98f3f2d0566d1bd41c2b8772f19a252d0ae617f319d0c8;2025-06-14 13:30:00;15;NO CONTROLS;NO CONTROLS;CLEAR;UNKNOWN;REAR END;PARKING LOT;STRAIGHT AND LEVEL;UNKNOWN;UNKNOWN;NO INJURY / DRIVE AWAY;;Y;OVER $1,500;DRIVING SKILLS/KNOWLEDGE/EXPERIENCE;NOT APPLICABLE;6201;S;WESTERN AVE;825;;;;;;;2;NO INDICATION OF INJURY;0;0;0;0;0;2;0;13;7;6;41.7809667787;-87.6835405562;{'type': 'Point', 'coordinates': [-87.683540556153, 41.780966778653]};NOT ON SCENE (DESK REPORT);2025-06-14T13:55:00.000
900b9d6b46be89902e8cc896e53dc2203d1faba28a5648c32be1b2d1a257c237c03947dfcc7d087dfa0b322076567d757038ac3e101fab489303d128ee6af16d;2025-06-14 13:19:00;30;TRAFFIC SIGNAL;FUNCTIONING PROPERLY;CLEAR;DAYLIGHT;TURNING;FOUR WAY;CURVE, LEVEL;DRY;NO DEFECTS;INJURY AND / OR TOW DUE TO CRASH;Y;Y;OVER $1,500;UNABLE TO DETERMINE;UNABLE TO DETERMINE;3717;S;ARCHER AVE;911;;;;;;;2;REPORTED, NOT EVIDENT;1;0;0;0;1;1;0;13;7;6;41.8258699491;-87.6847817943;{'type': 'Point', 'coordinates': [-87.684781794256, 41.825869949122]};ON SCENE;2025-06-14T13:24:00.000
be11ec856051ef33df170869cd399a7f8e7464c710ae429faffcb4ae552ee1934fad9e6f8a7a961afd9db26afcbb14d4ba841fc65e69a8bf6da7286a8967801c;2025-06-14 13:15:00;25;NO CONTROLS;NO CONTROLS;CLEAR;DAYLIGHT;ANGLE;NOT DIVIDED;STRAIGHT AND LEVEL;DRY;NO DEFECTS;NO INJURY / DRIVE AWAY;Y;;$501 - $1,500;UNABLE TO DETERMINE;UNABLE TO DETERMINE;5624;W;DIVERSEY AVE;2514;;;;;;;2;NO INDICATION OF INJURY;0;0;0;0;0;2;0;13;7;6;41.9313703061;-87.7674026541;{'type': 'Point', 'coordinates': [-87.767402654127, 41.931370306132]};NOT ON SCENE (DESK REPORT);2025-06-14T13:45:00.000
fe14123ac8b2982a649065342118d2c7ec2657560b509eb0096db801b2484a23ac0365e50c90d096f72e971369dfcb8da8b645fc8e38c5919f1a847b78b69876;2025-06-14 13:15:00;30;NO CONTROLS;NO CONTROLS;CLEAR;DAYLIGHT;PARKED MOTOR VEHICLE;DIVIDED - W/MEDIAN BARRIER;STRAIGHT AND LEVEL;UNKNOWN;UNKNOWN;NO INJURY / DRIVE AWAY;;Y;OVER $1,500;UNABLE TO DETERMINE;UNABLE TO DETERMINE;916;S;WESTERN AVE;1135;;;;;;;2;NO INDICATION OF INJURY;0;0;0;0;0;1;0;13;7;6;41.8696967585;-87.6862705665;{'type': 'Point', 'coordinates': [-87.686270566451, 41.869696758521]};NOT ON SCENE (DESK REPORT);2025-06-14T14:15:00.000
08a573146041514271dbfe8f9949bf10fafca7f77703ce99f219b86f3cbb2534dfd17857d641fb127b6e4b78d1abdfa528d08634d3b7ea9528c156c0c3b07b30;2025-06-14 13:14:00;30;STOP SIGN/FLASHER;NO CONTROLS;CLEAR;DAYLIGHT;ANGLE;FOUR WAY;STRAIGHT AND LEVEL;DRY;NO DEFECTS;NO INJURY / DRIVE AWAY;Y;Y;OVER $1,500;UNABLE TO DETERMINE;UNABLE TO DETERMINE;3000;S;PULASKI RD;1031;;;;;;;2;NO INDICATION OF INJURY;0;0;0;0;0;3;0;13;7;6;41.8386288473;-87.7245446928;{'type': 'Point', 'coordinates': [-87.724544692833, 41.838628847262]};ON SCENE;2025-06-14T13:18:00.000
8314d58771b4bef586fbfe7f838e66a337d58c5192d877e94981582526c33839dad74a5f4285d9a9ab34eccb1c379f743de5b110639af7155d267379353583d6;2025-06-14 13:00:00;30;NO CONTROLS;NO CONTROLS;CLEAR;DAYLIGHT;SIDESWIPE SAME DIRECTION;ONE-WAY;STRAIGHT AND LEVEL;UNKNOWN;UNKNOWN;NO INJURY / DRIVE AWAY;;;OVER $1,500;FAILING TO YIELD RIGHT-OF-WAY;FAILING TO REDUCE SPEED TO AVOID CRASH;441;E;ERIE ST;1834;;;;;;;2;NO INDICATION OF INJURY;0;0;0;0;0;2;0;13;7;6;41.8941611551;-87.6162020127;{'type': 'Point', 'coordinates': [-87.616202012684, 41.89416115508]};NOT ON SCENE (DESK REPORT);2025-06-14T14:55:00.000
cc27dabb16ab114526328133acc8d0bb97618ae0b4f918f8d6712b0be2c2eb422882adddbd86e62e121c76f5d989774b6b0c691e42acf55dda8b4459e85bd2a5;2025-06-14 13:00:00;30;NO CONTROLS;NO CONTROLS;CLEAR;DAYLIGHT;ANGLE;ONE-WAY;STRAIGHT AND LEVEL;UNKNOWN;UNKNOWN;NO INJURY / DRIVE AWAY;;;OVER $1,500;UNABLE TO DETERMINE;UNABLE TO DETERMINE;4507;N;RAVENSWOOD AVE;1912;;;;;;;2;NO INDICATION OF INJURY;0;0;0;0;0;2;0;13;7;6;41.9636122074;-87.6738869105;{'type': 'Point', 'coordinates': [-87.673886910547, 41.963612207421]};NOT ON SCENE (DESK REPORT);2025-06-14T13:35:00.000
87ba7e78a8c54c193ab44b53dbf66d9a6d275fa0319a605d815d312c6b9ebc4e77a2e1cb12e58dce8c4f482a774d2f16d0e8bceae9d260ccf29d1c6dd2bf6f0b;2025-06-14 12:56:00;30;PEDESTRIAN CROSSING SIGN;FUNCTIONING PROPERLY;CLEAR;DAYLIGHT;REAR END;NOT DIVIDED;STRAIGHT AND LEVEL;DRY;NO DEFECTS;INJURY AND / OR TOW DUE TO CRASH;;Y;OVER $1,500;IMPROPER OVERTAKING/PASSING;NOT APPLICABLE;530;E;71ST ST;322;;;;;;;2;REPORTED, NOT EVIDENT;1;0;0;0;1;2;0;12;7;6;41.7658816357;-87.6117005008;{'type': 'Point', 'coordinates': [-87.611700500836, 41.765881635728]};NOT ON SCENE (DESK REPORT);2025-06-14T13:30:00.000
919918622dffd017f6a18b65eee87c5574f67b0e77414289e47fd62bc3166a40d73d0011752c9e9392ebeceacbd0bb216d68663f8559ed32b055baa6a66b08c2;2025-06-14 12:56:00;30;TRAFFIC SIGNAL;FUNCTIONING PROPERLY;CLEAR;DAYLIGHT;PEDALCYCLIST;FIVE POINT, OR MORE;STRAIGHT AND LEVEL;DRY;UNKNOWN;INJURY AND / OR TOW DUE TO CRASH;Y;;$500 OR LESS;FAILING TO YIELD RIGHT-OF-WAY;UNABLE TO DETERMINE;2200;N;LINCOLN AVE;1812;;;;;;;2;NONINCAPACITATING INJURY;1;0;0;1;0;1;0;12;7;6;41.9218969991;-87.6440133459;{'type': 'Point', 'coordinates': [-87.644013345947, 41.921896999083]};ON SCENE;2025-06-14T13:04:00.000
c4d158eb428022447569ac556e3e33b231464aca27888cc412574c6cb59e8276fbc0e1bb03f680eb742ba5ab72d9bef400216d778b97eeef817ad382502dac8f;2025-06-14 12:50:00;30;UNKNOWN;UNKNOWN;CLEAR;DAYLIGHT;SIDESWIPE SAME DIRECTION;NOT DIVIDED;STRAIGHT AND LEVEL;UNKNOWN;UNKNOWN;NO INJURY / DRIVE AWAY;;;OVER $1,500;UNABLE TO DETERMINE;UNABLE TO DETERMINE;700;N;MICHIGAN AVE;1834;;;;;;;2;NO INDICATION OF INJURY;0;0;0;0;0;2;0;12;7;6;41.8949795111;-87.6243999705;{'type': 'Point', 'coordinates': [-87.624399970455, 41.8949795111]};NOT ON SCENE (DESK REPORT);2025-06-14T14:10:00.000
d4ea65a644d3bdea53b38d661b275d41bd9af4057c51b57a1e6b700d0c62abe6a9e5e85fbe22bbada42a31cc9538ecea01f3ff31462a80a41161ac0a121749ef;2025-06-14 12:46:00;30;NO CONTROLS;NO CONTROLS;CLEAR;DAYLIGHT;REAR END;PARKING LOT;STRAIGHT AND LEVEL;DRY;NO DEFECTS;NO INJURY / DRIVE AWAY;;;$501 - $1,500;FOLLOWING TOO CLOSELY;NOT APPLICABLE;6057;S;WESTERN AVE;825;;;;;;;2;NO INDICATION OF INJURY;0;0;0;0;0;3;0;12;7;6;41.7830611377;-87.6835988697;{'type': 'Point', 'coordinates': [-87.683598869666, 41.783061137661]};NOT ON SCENE (DESK REPORT);2025-06-14T13:46:00.000
7bfefc118e199caa3f09f4fe811836d6120acf1fb834ae3f4bf465b7e532ba6e66dd91974f79e04657c88cb7e7a791d341e4437d3ce3827a91606c9268f22264;2025-06-14 12:44:00;30;TRAFFIC SIGNAL;FUNCTIONING PROPERLY;CLEAR;DAYLIGHT;TURNING;DIVIDED - W/MEDIAN (NOT RAISED);STRAIGHT AND LEVEL;DRY;NO DEFECTS;INJURY AND / OR TOW DUE TO CRASH;Y;;OVER $1,500;UNABLE TO DETERMINE;UNABLE TO DETERMINE;735;S;CICERO AVE;1131;;;;;;;2;REPORTED, NOT EVIDENT;3;0;0;0;3;0;0;12;7;6;41.8711976366;-87.7447787507;{'type': 'Point', 'coordinates': [-87.744778750737, 41.871197636587]};ON SCENE;2025-06-14T12:44:00.000
a6fa5ab3cc1133abed18b7aa3cde315f1983a9a3e3cef032d4774be1964287274df9d985aeb27223f0663ba859ae42bf12ef14ac7fee2c6a630433fade7dc6e6;2025-06-14 12:40:00;30;TRAFFIC SIGNAL;FUNCTIONING PROPERLY;CLOUDY/OVERCAST;DAYLIGHT;TURNING;DIVIDED - W/MEDIAN (NOT RAISED);STRAIGHT AND LEVEL;DRY;NO DEFECTS;NO INJURY / DRIVE AWAY;Y;;OVER $1,500;UNABLE TO DETERMINE;NOT APPLICABLE;3845;N;PULASKI RD;1732;;;;;;;2;NO INDICATION OF INJURY;0;0;0;0;0;2;0;12;7;6;41.9512866129;-87.7273938876;{'type': 'Point', 'coordinates': [-87.727393887574, 41.951286612896]};NOT ON SCENE (DESK REPORT);2025-06-14T13:10:00.000
105c04cd790734e95aafaf020737d8dd78d19fd18bdfc5c8b8115d05e8388c1a7e7cab66f6ce4961d39c66e06d869d4e5ec8a88b692384fe115d5b8abd3398c3;2025-06-14 12:30:00;30;TRAFFIC SIGNAL;FUNCTIONING PROPERLY;CLEAR;DAYLIGHT;ANGLE;FOUR WAY;STRAIGHT AND LEVEL;DRY;UNKNOWN;NO INJURY / DRIVE AWAY;Y;;OVER $1,500;UNABLE TO DETERMINE;UNABLE TO DETERMINE;600;W;VAN BUREN ST;121;;Y;;;;;2;NO INDICATION OF INJURY;0;0;0;0;0;2;0;12;7;6;41.8768417103;-87.6425734101;{'type': 'Point', 'coordinates': [-87.642573410054, 41.876841710277]};NOT ON SCENE (DESK REPORT);2025-06-15T17:00:00.000
3dd531a25d2fa803808e240a86d23a2e778c417dc317e994620fec376da2210054717845356ebd1de652086c79b6f8fa448b662ee2a2becca07f67f54f2ca46a;2025-06-14 12:30:00;35;TRAFFIC SIGNAL;FUNCTIONING PROPERLY;CLEAR;DAYLIGHT;TURNING;NOT DIVIDED;STRAIGHT AND LEVEL;DRY;NO DEFECTS;NO INJURY / DRIVE AWAY;;;OVER $1,500;DRIVING SKILLS/KNOWLEDGE/EXPERIENCE;UNABLE TO DETERMINE;9300;S;STONY ISLAND AVE;413;;;;;;;2;NO INDICATION OF INJURY;0;0;0;0;0;2;0;12;7;6;41.7258881;-87.5855587858;{'type': 'Point', 'coordinates': [-87.585558785787, 41.725888099989]};NOT ON SCENE (DESK REPORT);2025-06-14T13:00:00.000
92069315ff063a04b470db837807fac3137c8c28bd7257d0a03a94863698da5028aef125a0f593d4847dd3b163038a94a617a9a33e8f697b2792fd1360fadd45;2025-06-14 12:30:00;30;NO CONTROLS;NO CONTROLS;CLEAR;DAYLIGHT;REAR END;DIVIDED - W/MEDIAN (NOT RAISED);STRAIGHT AND LEVEL;DRY;NO DEFECTS;NO INJURY / DRIVE AWAY;;;$500 OR LESS;NOT APPLICABLE;NOT APPLICABLE;6017;W;BELMONT AVE;2511;;;;;;;2;NO INDICATION OF INJURY;0;0;0;0;0;2;0;12;7;6;41.9383288326;-87.7769369045;{'type': 'Point', 'coordinates': [-87.77693690447, 41.938328832565]};ON SCENE;2025-06-14T12:30:00.000
dbd4f144e46d5de53a20c32dd43cfd657ed28d57a777425cee7660e56e7ac9d9a75e1e1df0df7002efcfe7a961c60e2015374acf6c4173c819a58614ac8ba578;2025-06-14 12:30:00;30;NO CONTROLS;NO CONTROLS;CLEAR;DAYLIGHT;TURNING;NOT DIVIDED;STRAIGHT AND LEVEL;DRY;NO DEFECTS;NO INJURY / DRIVE AWAY;;;OVER $1,500;IMPROPER LANE USAGE;UNABLE TO DETERMINE;2701;N;WESTERN AVE;1432;;;;;;;2;NO INDICATION OF INJURY;0;0;0;0;0;2;0;12;7;6;41.9304460869;-87.6876971843;{'type': 'Point', 'coordinates': [-87.687697184257, 41.930446086925]};NOT ON SCENE (DESK REPORT);2025-06-14T12:50:00.000
e50dd4941ccf6e24d9e43ce48f3689dccfb5894a2b55f77144b9531537885910fdf323f793d61691d89dc85efca6e0ff215f60ccaac8e2291dcdeaa53a2a8236;2025-06-14 12:30:00;30;NO CONTROLS;NO CONTROLS;CLEAR;DAYLIGHT;SIDESWIPE SAME DIRECTION;DIVIDED - W/MEDIAN (NOT RAISED);STRAIGHT AND LEVEL;DRY;NO DEFECTS;NO INJURY / DRIVE AWAY;;Y;OVER $1,500;UNABLE TO DETERMINE;NOT APPLICABLE;6278;W;NORTH AVE;2513;;;;;;;2;NO INDICATION OF INJURY;0;0;0;0;0;3;0;12;7;6;41.9092806826;-87.7832216417;{'type': 'Point', 'coordinates': [-87.783221641656, 41.909280682623]};NOT ON SCENE (DESK REPORT);2025-06-14T13:11:00.000
38fba875529ddc88370875eec483e4a1b7782f1f9fcd5cfb0226dc133aa0f009a5ed3f877cc949c5a66044f52dd63dc0771db7bd5a6c35e0c692a00bee7f6bbb;2025-06-14 12:24:00;30;STOP SIGN/FLASHER;FUNCTIONING PROPERLY;CLEAR;DAYLIGHT;TURNING;FOUR WAY;STRAIGHT AND LEVEL;DRY;UNKNOWN;INJURY AND / OR TOW DUE TO CRASH;Y;;OVER $1,500;IMPROPER OVERTAKING/PASSING;NOT APPLICABLE;5300;N;ASHLAND AVE;2012;;;;;;;2;NONINCAPACITATING INJURY;1;0;0;1;0;1;0;12;7;6;41.9780434822;-87.669811924;{'type': 'Point', 'coordinates': [-87.669811924009, 41.978043482206]};ON SCENE;2025-06-14T12:24:00.000
44a5f3ba8152060474f132c127ca475023017e443f3b44f03a9f1a607d022f51ef34facbc33d2fca9af85575e4193ec0ce8526acb8e6d0bff7e32a1a7035c81e;2025-06-14 12:13:00;30;TRAFFIC SIGNAL;UNKNOWN;CLEAR;DAYLIGHT;PEDALCYCLIST;NOT DIVIDED;STRAIGHT AND LEVEL;DRY;NO DEFECTS;INJURY AND / OR TOW DUE TO CRASH;Y;Y;$500 OR LESS;FAILING TO YIELD RIGHT-OF-WAY;UNABLE TO DETERMINE;3149;N;SHEFFIELD AVE;1933;;;;;;;2;NONINCAPACITATING INJURY;1;0;0;1;0;3;0;12;7;6;41.9395324641;-87.6539459122;{'type': 'Point', 'coordinates': [-87.653945912177, 41.939532464126]};NOT ON SCENE (DESK REPORT);2025-06-14T12:49:00.000
2059b159fec96da66b6bcc6466a2b8e3c71f1b9cd0af682b63e92a06efa2e4a1181835e2b61446b82e0e46ab8d1882f7d26c019b19b24eb4fac13f77a07b315b;2025-06-14 12:05:00;30;NO CONTROLS;NO CONTROLS;CLEAR;DAYLIGHT;SIDESWIPE SAME DIRECTION;NOT DIVIDED;STRAIGHT AND LEVEL;DRY;NO DEFECTS;NO INJURY / DRIVE AWAY;;;OVER $1,500;FAILING TO YIELD RIGHT-OF-WAY;FAILING TO REDUCE SPEED TO AVOID CRASH;319;W;GRAND AVE;1831;;;;;;;2;NO INDICATION OF INJURY;0;0;0;0;0;2;0;12;7;6;41.8914427883;-87.6363829462;{'type': 'Point', 'coordinates': [-87.63638294622, 41.891442788293]};NOT ON SCENE (DESK REPORT);2025-06-14T12:45:00.000
c38439fa401f306f6fdca82f5601fa81bc1b90dc24336c736d269b5ea65ceb57b875fe3a3ebdbff80ae2340b7b7cd94b48e2dbb9180d3b714b73a7f47c93e5ff;2025-06-14 12:05:00;30;TRAFFIC SIGNAL;FUNCTIONING PROPERLY;CLOUDY/OVERCAST;DAYLIGHT;TURNING;DIVIDED - W/MEDIAN BARRIER;STRAIGHT AND LEVEL;DRY;UNKNOWN;NO INJURY / DRIVE AWAY;N;;OVER $1,500;IMPROPER TURNING/NO SIGNAL;IMPROPER LANE USAGE;700;N;MICHIGAN AVE;1834;;;;;;;2;NO INDICATION OF INJURY;0;0;0;0;0;4;0;12;7;6;41.8949795111;-87.6243999705;{'type': 'Point', 'coordinates': [-87.624399970455, 41.8949795111]};NOT ON SCENE (DESK REPORT);2025-06-14T12:50:00.000
5550b6d65f2a2265e6cb56548420e8560159dd0364d324b1e15dfc4649f73880f4de30b22be792ea7ae3b8b42a4a23dff770c197c922f42327bcc028696c27da;2025-06-14 12:00:00;30;TRAFFIC SIGNAL;FUNCTIONING PROPERLY;CLEAR;DAYLIGHT;PARKED MOTOR VEHICLE;NOT DIVIDED;STRAIGHT AND LEVEL;DRY;NO DEFECTS;NO INJURY / DRIVE AWAY;;;$500 OR LESS;DRIVING SKILLS/KNOWLEDGE/EXPERIENCE;NOT APPLICABLE;1353;S;WABASH AVE;131;;;;;;;2;NO INDICATION OF INJURY;0;0;0;0;0;1;0;12;7;6;41.8642632747;-87.6256076591;{'type': 'Point', 'coordinates': [-87.625607659077, 41.864263274708]};NOT ON SCENE (DESK REPORT);2025-06-16T16:00:00.000
72ec8d36e7ed4a707718b7543cd60c0a5b3408449442e3bf61f0a0393d311517efe79ec2773e5b401b1b10ea53579217b728858846d0103aa0e48adf69c74e49;2025-06-14 12:00:00;10;NO CONTROLS;NO CONTROLS;CLEAR;DAYLIGHT;ANGLE;PARKING LOT;STRAIGHT AND LEVEL;DRY;NO DEFECTS;NO INJURY / DRIVE AWAY;;;OVER $1,500;DRIVING SKILLS/KNOWLEDGE/EXPERIENCE;UNABLE TO DETERMINE;1130;S;CANAL ST;124;;;;;;;2;NO INDICATION OF INJURY;0;0;0;0;0;2;0;12;7;6;41.868082661;-87.6393654159;{'type': 'Point', 'coordinates': [-87.639365415895, 41.868082660987]};NOT ON SCENE (DESK REPORT);2025-06-14T13:15:00.000
9bc0d6eb64321700f847ccc35dcb5f511050229074ced8d89da3f037df97d3d181dab297469f9189450ea76c1280be3512f602f60b843e19cbc9b00e39fdc480;2025-06-14 12:00:00;30;TRAFFIC SIGNAL;FUNCTIONING PROPERLY;CLEAR;DAYLIGHT;ANGLE;NOT DIVIDED;STRAIGHT AND LEVEL;DRY;NO DEFECTS;NO INJURY / DRIVE AWAY;;Y;OVER $1,500;FAILING TO YIELD RIGHT-OF-WAY;FAILING TO YIELD RIGHT-OF-WAY;23;E;87TH ST;632;;;;;;;2;NO INDICATION OF INJURY;0;0;0;0;0;2;0;12;7;6;41.7362386229;-87.6231618647;{'type': 'Point', 'coordinates': [-87.623161864654, 41.736238622863]};NOT ON SCENE (DESK REPORT);2025-06-14T18:45:00.000
db75c92fe77969dcb7c580486af0085638ab7027bed86e37e201c3afe693583c29f3962d7c125c736ea4c116645f5cb6f9b79e5da29e48436c5176730096e1d0;2025-06-14 12:00:00;30;TRAFFIC SIGNAL;NO CONTROLS;CLEAR;DAYLIGHT;TURNING;NOT DIVIDED;STRAIGHT AND LEVEL;DRY;NO DEFECTS;NO INJURY / DRIVE AWAY;Y;;OVER $1,500;FAILING TO YIELD RIGHT-OF-WAY;IMPROPER TURNING/NO SIGNAL;2298;W;MADISON ST;1223;;;;;;;2;NO INDICATION OF INJURY;0;0;0;0;0;3;0;12;7;6;41.8813122492;-87.6838415321;{'type': 'Point', 'coordinates': [-87.68384153206, 41.8813122492]};ON SCENE;2025-06-14T12:03:00.000
19956db9d6e2ff14697bdb7d5825345ccb1d6a5b5fbcc06df4b64ad2aa9f7e203e418d916ca779fd1b57bf15711cdea9ecf808948b1c03912579fdc7196ec854;2025-06-14 11:59:00;25;NO CONTROLS;UNKNOWN;CLEAR;DAYLIGHT;SIDESWIPE SAME DIRECTION;NOT DIVIDED;STRAIGHT AND LEVEL;DRY;UNKNOWN;NO INJURY / DRIVE AWAY;;;$501 - $1,500;IMPROPER OVERTAKING/PASSING;FOLLOWING TOO CLOSELY;337;W;ONTARIO ST;1831;;;;;;;2;NO INDICATION OF INJURY;0;0;0;0;0;2;0;11;7;6;41.8930371956;-87.6370042232;{'type': 'Point', 'coordinates': [-87.637004223232, 41.893037195577]};ON SCENE;2025-06-14T11:59:00.000
aa82843840eb3a901cc8ee5071d9a92e1c1af53471dca27ff5e02baaf2e5e3f0ea50690143ae584b333a84dba6b1d24bd6e83e64942164bc42337dbebd8febf6;2025-06-14 11:50:00;30;STOP SIGN/FLASHER;FUNCTIONING PROPERLY;CLEAR;DAYLIGHT;REAR END;RAMP;STRAIGHT AND LEVEL;DRY;NO DEFECTS;INJURY AND / OR TOW DUE TO CRASH;;Y;OVER $1,500;FAILING TO YIELD RIGHT-OF-WAY;DISREGARDING STOP SIGN;4702;S;LAKE SHORE DR NB;222;;;;;;;2;NO INDICATION OF INJURY;0;0;0;0;0;2;0;11;7;6;41.8105285556;-87.5893265095;{'type': 'Point', 'coordinates': [-87.589326509468, 41.810528555609]};ON SCENE;2025-06-14T11:59:00.000
d4cb8d11fd9b9a55ac7a81c47681aa3424836aaf380749f29c1f87ea6667ba8d57e3d9558c46d26e138dc6e9a7dc4d84d65e80e38ded7bca2ec53d519a3ce4ba;2025-06-14 11:50:00;30;TRAFFIC SIGNAL;FUNCTIONING PROPERLY;CLEAR;DARKNESS, LIGHTED ROAD;REAR END;DIVIDED - W/MEDIAN BARRIER;STRAIGHT AND LEVEL;DRY;NO DEFECTS;INJURY AND / OR TOW DUE TO CRASH;;Y;OVER $1,500;FAILING TO REDUCE SPEED TO AVOID CRASH;NOT APPLICABLE;261;W;CERMAK RD;914;;;;;;;2;REPORTED, NOT EVIDENT;2;0;0;0;2;3;0;11;7;6;41.8527185382;-87.6343807507;{'type': 'Point', 'coordinates': [-87.634380750674, 41.852718538227]};NOT ON SCENE (DESK REPORT);2025-06-15T00:03:00.000
32861482bc35183be5262ff3a35b84d6dc7d7af672f1f047803d7c8c68805a9ce7dfe03243e0ab54770b419200845f5de103f0ca65a74713b42e1bcdb16192ba;2025-06-14 11:45:00;30;TRAFFIC SIGNAL;FUNCTIONING PROPERLY;CLEAR;DAYLIGHT;TURNING;FOUR WAY;STRAIGHT AND LEVEL;DRY;NO DEFECTS;INJURY AND / OR TOW DUE TO CRASH;Y;;OVER $1,500;IMPROPER TURNING/NO SIGNAL;DISTRACTION - FROM INSIDE VEHICLE;200;S;COLUMBUS DR;114;;;;;;;2;REPORTED, NOT EVIDENT;2;0;0;0;2;1;0;11;7;6;41.8795361677;-87.6208945286;{'type': 'Point', 'coordinates': [-87.62089452856, 41.879536167659]};ON SCENE;2025-06-14T11:45:00.000
c61dab829e3f87e82b9e099c03bf8e1d4efef318bfdbfd7ad09a614c27d638068d81e87873c49948733515ce28044cf922204bb8ba14504e465d0e7456391ea8;2025-06-14 11:43:00;30;TRAFFIC SIGNAL;FUNCTIONING PROPERLY;CLEAR;DAYLIGHT;ANGLE;FOUR WAY;STRAIGHT AND LEVEL;UNKNOWN;UNKNOWN;NO INJURY / DRIVE AWAY;;Y;OVER $1,500;DISREGARDING TRAFFIC SIGNALS;UNABLE TO DETERMINE;2800;W;BELMONT AVE;1733;;;;;;;2;NO INDICATION OF INJURY;0;0;0;0;0;2;0;11;7;6;41.9395023808;-87.697849374;{'type': 'Point', 'coordinates': [-87.697849374016, 41.939502380809]};NOT ON SCENE (DESK REPORT);2025-06-14T12:20:00.000
20c71711bce53f88950f11be647e1cee14a25fc74270e7b58885fc811670f821aaf1bc0d40538ef3a273bdc684099c4d54c7ac597fde8344d4ec9bdf78adcee0;2025-06-14 11:40:00;35;TRAFFIC SIGNAL;FUNCTIONING PROPERLY;CLEAR;DAYLIGHT;ANGLE;Y-INTERSECTION;STRAIGHT AND LEVEL;DRY;NO DEFECTS;INJURY AND / OR TOW DUE TO CRASH;Y;;$500 OR LESS;DISREGARDING TRAFFIC SIGNALS;NOT APPLICABLE;5200;N;WASHTENAW AVE;2011;;Y;;;;;2;NONINCAPACITATING INJURY;2;0;0;2;0;1;0;11;7;6;41.9758796224;-87.6966328116;{'type': 'Point', 'coordinates': [-87.696632811649, 41.975879622396]};ON SCENE;2025-06-14T11:40:00.000
2a6947e356dfc488ff2efa0f1799c937b50302b1c763287b938d78c98e50fb1782e6d8acbba79ac18ae01fe4af96ae1cc4525c63916fd3197fd66443cda1110a;2025-06-14 11:30:00;15;NO CONTROLS;NO CONTROLS;CLEAR;DAYLIGHT;TURNING;NOT DIVIDED;STRAIGHT AND LEVEL;DRY;NO DEFECTS;NO INJURY / DRIVE AWAY;;;OVER $1,500;UNABLE TO DETERMINE;UNABLE TO DETERMINE;6500;W;DIVERSEY AVE;2511;;;;;;;2;NO INDICATION OF INJURY;0;0;0;0;0;2;0;11;7;6;41.9310652954;-87.7881976324;{'type': 'Point', 'coordinates': [-87.788197632376, 41.931065295397]};NOT ON SCENE (DESK REPORT);2025-06-14T12:45:00.000
52c6c238a363310d5a760282f13c2bd2837a2b53436f0e81a664270db006965d309ab553b4b8418aee2ee1b3107473c0826d75977833e3fcf5489c73d81635ca;2025-06-14 11:30:00;10;NO CONTROLS;NO CONTROLS;CLEAR;DAYLIGHT;REAR TO REAR;PARKING LOT;STRAIGHT AND LEVEL;DRY;NO DEFECTS;NO INJURY / DRIVE AWAY;;;$500 OR LESS;UNABLE TO DETERMINE;UNABLE TO DETERMINE;3951;W;103RD ST;2211;;;;;;;2;NO INDICATION OF INJURY;0;0;0;0;0;2;0;11;7;6;41.7057696614;-87.7205329374;{'type': 'Point', 'coordinates': [-87.720532937399, 41.705769661372]};NOT ON SCENE (DESK REPORT);2025-06-14T11:50:00.000
91c807f1c31515b2105c2273479efed298ecfe49c26d24424478eb66dd93dba54ee7ce53ccb18c1fcf77d4c5bbee3e3a63cd82b0765192a991bb7000a32b9dee;2025-06-14 11:30:00;30;TRAFFIC SIGNAL;FUNCTIONING PROPERLY;CLOUDY/OVERCAST;DAYLIGHT;TURNING;NOT DIVIDED;STRAIGHT AND LEVEL;DRY;UNKNOWN;NO INJURY / DRIVE AWAY;Y;;OVER $1,500;UNABLE TO DETERMINE;NOT APPLICABLE;800;W;35TH ST;913;;;;;;;2;NO INDICATION OF INJURY;0;0;0;0;0;4;0;11;7;6;41.8308591972;-87.6461889219;{'type': 'Point', 'coordinates': [-87.646188921916, 41.830859197227]};NOT ON SCENE (DESK REPORT);2025-06-14T12:15:00.000
ba59bb666b88c4ce806c73ac27f0f27affb04057f37517ee8b68050233aac414640af704bdfe8a6f69ba18b6d97f036b9b5230110057745788d8a3ac2e37a30b;2025-06-14 11:30:00;30;NO CONTROLS;NO CONTROLS;CLEAR;DAYLIGHT;PARKED MOTOR VEHICLE;ONE-WAY;STRAIGHT AND LEVEL;DRY;NO DEFECTS;NO INJURY / DRIVE AWAY;;;$500 OR LESS;DRIVING SKILLS/KNOWLEDGE/EXPERIENCE;NOT APPLICABLE;219;W;ERIE ST;1831;;;;;;;2;NO INDICATION OF INJURY;0;0;0;0;0;1;0;11;7;6;41.8938695004;-87.6349680771;{'type': 'Point', 'coordinates': [-87.634968077116, 41.893869500414]};NOT ON SCENE (DESK REPORT);2025-06-14T12:42:00.000
c8580be38ea344780cdd016aaf8111f5f725ba14bc49a0ea591c21de3d8847663052dd13996dba866cf408d6a9e09beebfc2ec01552d7092a18a7998ee87c25c;2025-06-14 11:25:00;15;NO CONTROLS;NO CONTROLS;CLEAR;DAYLIGHT;SIDESWIPE SAME DIRECTION;PARKING LOT;STRAIGHT AND LEVEL;DRY;NO DEFECTS;NO INJURY / DRIVE AWAY;;;OVER $1,500;FAILING TO YIELD RIGHT-OF-WAY;NOT APPLICABLE;4000;W;NORTH AVE;2534;;;;;;;2;NO INDICATION OF INJURY;0;0;0;0;0;2;0;11;7;6;41.9099955816;-87.7263946932;{'type': 'Point', 'coordinates': [-87.726394693215, 41.909995581605]};NOT ON SCENE (DESK REPORT);2025-06-16T11:30:00.000
50eb1bf7d2787c46ccc0eb7d4f083fc755b5c2c3de472787850fa6d65fe2808bd4c38a41b20947afeddb7e8005a1959d823dd525dd1ba484eb110ada809ba7e0;2025-06-14 11:24:00;30;TRAFFIC SIGNAL;FUNCTIONING PROPERLY;CLEAR;DAYLIGHT;REAR END;DIVIDED - W/MEDIAN (NOT RAISED);STRAIGHT AND LEVEL;DRY;NO DEFECTS;NO INJURY / DRIVE AWAY;Y;Y;$501 - $1,500;UNABLE TO DETERMINE;UNABLE TO DETERMINE;143;W;DIVISION ST;1824;;;;;;;2;NO INDICATION OF INJURY;0;0;0;0;0;2;0;11;7;6;41.9037654482;-87.6330724711;{'type': 'Point', 'coordinates': [-87.633072471053, 41.903765448153]};ON SCENE;2025-06-14T11:34:00.000
e322fa03115e4a6040b4261c0ca49f5b78d040bd04366cb81b9830c2a2e9ae388df9b9bc6e3592846f807826faedd5c980da93b27ba0d2b8c5219a462c97eb0e;2025-06-14 11:20:00;30;NO CONTROLS;NO CONTROLS;CLEAR;DAYLIGHT;SIDESWIPE SAME DIRECTION;T-INTERSECTION;STRAIGHT AND LEVEL;DRY;NO DEFECTS;INJURY AND / OR TOW DUE TO CRASH;Y;;OVER $1,500;FAILING TO YIELD RIGHT-OF-WAY;UNABLE TO DETERMINE;210;W;22ND PL;914;;;;;;;2;NO INDICATION OF INJURY;0;0;0;0;0;2;0;11;7;6;41.8522720497;-87.6325068954;{'type': 'Point', 'coordinates': [-87.632506895415, 41.852272049672]};ON SCENE;2025-06-14T11:30:00.000
a0672f097ab25e22900540ee6edc9239f03b8229605ccab20e3418d67dd0f1719863b050ceb40227ac09870d74df358040c90357b6ee784e5a7fec91c3f7c34b;2025-06-14 11:10:00;30;TRAFFIC SIGNAL;FUNCTIONING PROPERLY;CLEAR;DAYLIGHT;REAR END;NOT DIVIDED;STRAIGHT AND LEVEL;DRY;NO DEFECTS;INJURY AND / OR TOW DUE TO CRASH;;Y;OVER $1,500;FOLLOWING TOO CLOSELY;UNABLE TO DETERMINE;1346;W;DEVON AVE;2432;;;;;;;2;INCAPACITATING INJURY;1;0;1;0;0;2;0;11;7;6;41.9982528439;-87.6648696708;{'type': 'Point', 'coordinates': [-87.664869670806, 41.998252843851]};ON SCENE;2025-06-14T11:15:00.000
d21bbd1d1c36ddeb3e83d5b1cfa6bccfbb38fd72fd078e61d42d6a525c5ff5e021ad9dec3f8d7dca083de5fa64a4553d17fab28ce6098224ab96da6bc47bbf40;2025-06-14 11:00:00;20;NO CONTROLS;NO CONTROLS;CLEAR;DAYLIGHT;PARKED MOTOR VEHICLE;ONE-WAY;STRAIGHT AND LEVEL;DRY;NO DEFECTS;NO INJURY / DRIVE AWAY;;Y;OVER $1,500;UNABLE TO DETERMINE;UNABLE TO DETERMINE;3329;W;62ND ST;823;;;;;;;2;NO INDICATION OF INJURY;0;0;0;0;0;1;0;11;7;6;41.7806340501;-87.7067869213;{'type': 'Point', 'coordinates': [-87.706786921259, 41.780634050138]};ON SCENE;2025-06-14T12:14:00.000
6bbfd517967a59a989378cc8cda12f763c4a54adcd2845e310b72e7714de5b5ecf42ec4aeeca19292e00211b5bbfcfa5cf2042d9e977d9c59479148fe2c12068;2025-06-14 10:50:00;30;NO CONTROLS;NO CONTROLS;OTHER;DAYLIGHT;REAR END;ONE-WAY;STRAIGHT AND LEVEL;WET;NO DEFECTS;NO INJURY / DRIVE AWAY;;Y;$500 OR LESS;DRIVING SKILLS/KNOWLEDGE/EXPERIENCE;NOT APPLICABLE;818;S;CICERO AVE;1533;;;;;;;2;NO INDICATION OF INJURY;0;0;0;0;0;2;0;10;7;6;41.8697369512;-87.7450226977;{'type': 'Point', 'coordinates': [-87.745022697676, 41.869736951221]};ON SCENE;2025-06-14T11:06:00.000
6077b9fdf92bfba11b31e0ea1252972428d45538ef5fade85f010a89e9b29b1162887066afb1e29fcdcffd3bdaf6b528b091c9a76f71c2b51813dc74c9af61c2;2025-06-14 10:45:00;30;STOP SIGN/FLASHER;FUNCTIONING PROPERLY;CLEAR;DAYLIGHT;TURNING;NOT DIVIDED;STRAIGHT AND LEVEL;DRY;NO DEFECTS;NO INJURY / DRIVE AWAY;Y;;OVER $1,500;FAILING TO YIELD RIGHT-OF-WAY;FAILING TO YIELD RIGHT-OF-WAY;1098;W;103RD ST;2232;;;;;;;2;NO INDICATION OF INJURY;0;0;0;0;0;2;0;10;7;6;41.7069626705;-87.6500670833;{'type': 'Point', 'coordinates': [-87.65006708333, 41.706962670456]};ON SCENE;2025-06-14T11:05:00.000
a281be6fd5311bf7b6bc0bd946cf8a9d8441050943aafea2d8e006ef9a89d882e4654d1d5c86e39176578a70c1b29b15bcfa63ab501b34eb32689c78bd51a3be;2025-06-14 10:45:00;20;NO CONTROLS;NO CONTROLS;FOG/SMOKE/HAZE;DAYLIGHT;REAR END;ONE-WAY;STRAIGHT AND LEVEL;DRY;NO DEFECTS;NO INJURY / DRIVE AWAY;;;$501 - $1,500;IMPROPER BACKING;IMPROPER BACKING;7130;S;SANGAMON ST;733;;;;;;;2;NO INDICATION OF INJURY;0;0;0;0;0;2;0;10;7;6;41.7642078609;-87.6481733102;{'type': 'Point', 'coordinates': [-87.648173310219, 41.764207860935]};NOT ON SCENE (DESK REPORT);2025-06-14T11:40:00.000
0a679b93292d8d115f4b32ec177e042e4e7999917231ba6375e7113f70679e09623a467342e7fd00a3a5975cbf6c3f8f7364041519cec5ffc276444e6e73d317;2025-06-14 10:40:00;30;NO CONTROLS;NO CONTROLS;CLEAR;DAYLIGHT;FIXED OBJECT;NOT DIVIDED;STRAIGHT AND LEVEL;DRY;NO DEFECTS;NO INJURY / DRIVE AWAY;;Y;OVER $1,500;FAILING TO REDUCE SPEED TO AVOID CRASH;DRIVING SKILLS/KNOWLEDGE/EXPERIENCE;4255;W;MONTROSE AVE;1722;;;;;;;1;NO INDICATION OF INJURY;0;0;0;0;0;1;0;10;7;6;41.9607587142;-87.7349184748;{'type': 'Point', 'coordinates': [-87.734918474848, 41.960758714169]};ON SCENE;2025-06-14T10:42:00.000
8894d075d7b5afc91fa40d181c4d9f44238a0b735c328a915b52bd747618494907ec605970740220cd4a7e6cb8df951fc6919bca27b55572f97cb66d3ba4faeb;2025-06-14 10:28:00;15;NO CONTROLS;NO CONTROLS;CLEAR;DARKNESS, LIGHTED ROAD;PARKED MOTOR VEHICLE;PARKING LOT;STRAIGHT AND LEVEL;DRY;NO DEFECTS;NO INJURY / DRIVE AWAY;;;OVER $1,500;NOT APPLICABLE;NOT APPLICABLE;5859;S;PULASKI RD;822;;;;;;;2;NO INDICATION OF INJURY;0;0;0;0;0;6;0;10;7;6;41.7859847206;-87.722816337;{'type': 'Point', 'coordinates': [-87.722816337008, 41.785984720557]};NOT ON SCENE (DESK REPORT);2025-06-14T22:55:00.000
c96a15afec5d9dfd5320a47309042e6c9beebc2156784c8a8760b48f07755c0a886fef4e884bfee6799dbc862c1016d6775cbe7b964dd613bd418dd0dd1b2ac1;2025-06-14 10:25:00;30;NO CONTROLS;NO CONTROLS;CLEAR;DARKNESS, LIGHTED ROAD;TURNING;NOT DIVIDED;STRAIGHT AND LEVEL;DRY;NO DEFECTS;NO INJURY / DRIVE AWAY;;;OVER $1,500;FAILING TO YIELD RIGHT-OF-WAY;IMPROPER TURNING/NO SIGNAL;13631;S;BRAINARD AVE;433;;Y;;;;;2;NO INDICATION OF INJURY;0;0;0;0;0;2;0;10;7;6;41.6476598934;-87.5446568645;{'type': 'Point', 'coordinates': [-87.54465686453, 41.647659893423]};ON SCENE;2025-06-14T10:30:00.000
9f959c982367b12edee09c5623b0f550bf7853b71f3acd5c833f5189e0ef4b1e72bee3374787b1fd74d2ad35a6d77c85089a20adcceda0fc31b8ab395ecf12a0;2025-06-14 10:19:00;20;STOP SIGN/FLASHER;FUNCTIONING PROPERLY;CLEAR;DARKNESS, LIGHTED ROAD;PARKED MOTOR VEHICLE;ROUNDABOUT;STRAIGHT AND LEVEL;WET;NO DEFECTS;INJURY AND / OR TOW DUE TO CRASH;Y;;OVER $1,500;FAILING TO REDUCE SPEED TO AVOID CRASH;UNABLE TO DETERMINE;7736;S;RIDGEWAY AVE;833;;;;;;;2;NONINCAPACITATING INJURY;1;0;0;1;0;0;0;10;7;6;41.7517649494;-87.7163736565;{'type': 'Point', 'coordinates': [-87.716373656465, 41.751764949377]};ON SCENE;2025-06-14T10:30:00.000
16197f4347c27d2946f2ac889f5b855d224c0c1c1128288de20ca58252dad28d92bdb63805d607a9126788a53b55f55e7829fabd5e9fe022ed4e1a58894874e6;2025-06-14 10:15:00;30;NO CONTROLS;NO CONTROLS;CLEAR;DAYLIGHT;PARKED MOTOR VEHICLE;NOT DIVIDED;STRAIGHT AND LEVEL;DRY;NO DEFECTS;NO INJURY / DRIVE AWAY;;Y;$500 OR LESS;IMPROPER OVERTAKING/PASSING;NOT APPLICABLE;10;W;23RD ST;131;;;;;;;2;NO INDICATION OF INJURY;0;0;0;0;0;1;0;10;7;6;41.8511739258;-87.6274079043;{'type': 'Point', 'coordinates': [-87.627407904281, 41.85117392582]};NOT ON SCENE (DESK REPORT);2025-06-14T10:40:00.000
672f6ffa3517be0ce6b6cc417a720a3c20df5d900baa8a82fb65e510d2ac910f9577c9d27a0dc5f30eb2a13bb504dcf1610deec6f1bb6f62ccb8f6a550cc209d;2025-06-14 10:15:00;25;NO CONTROLS;NO CONTROLS;CLEAR;DAYLIGHT;SIDESWIPE SAME DIRECTION;NOT DIVIDED;STRAIGHT AND LEVEL;DRY;NO DEFECTS;NO INJURY / DRIVE AWAY;;;OVER $1,500;IMPROPER OVERTAKING/PASSING;NOT APPLICABLE;7533;N;SEELEY AVE;2424;;;;;;;2;NO INDICATION OF INJURY;0;0;0;0;0;2;0;10;7;6;42.0189236402;-87.6814877669;{'type': 'Point', 'coordinates': [-87.681487766893, 42.018923640162]};NOT ON SCENE (DESK REPORT);2025-06-14T10:45:00.000
94baf4a1a74545f409a55faeddd72db1fd81df3737c51c66b5abb00dfeee8c856f69c02ec65c643bf762278af34c14f4343e9ee6b628e63c4d18dd54661ca442;2025-06-14 10:13:00;5;NO CONTROLS;NO CONTROLS;CLEAR;DAYLIGHT;PEDESTRIAN;PARKING LOT;STRAIGHT AND LEVEL;DRY;NO DEFECTS;INJURY AND / OR TOW DUE TO CRASH;N;;$501 - $1,500;FAILING TO YIELD RIGHT-OF-WAY;FAILING TO REDUCE SPEED TO AVOID CRASH;5208;S;LAKE PARK AVE;234;;;;;;;2;NONINCAPACITATING INJURY;1;0;0;1;0;1;0;10;7;6;41.8007227577;-87.5876006568;{'type': 'Point', 'coordinates': [-87.587600656787, 41.800722757704]};ON SCENE;2025-06-14T10:14:00.000
705ea74265e1d21e1f21883c3a7b66c679081bc220829e82e0bffc7b2143ea31ac9399b0aa5b4e26ce528ab82b91dab36833d664508ccd9017507258664a9a22;2025-06-14 10:10:00;30;UNKNOWN;UNKNOWN;CLEAR;DAYLIGHT;ANGLE;FOUR WAY;STRAIGHT AND LEVEL;DRY;NO DEFECTS;INJURY AND / OR TOW DUE TO CRASH;;;OVER $1,500;FAILING TO YIELD RIGHT-OF-WAY;FAILING TO YIELD RIGHT-OF-WAY;3825;W;NORTH AVE;2535;;;;;;;2;NO INDICATION OF INJURY;0;0;0;0;0;2;0;10;7;6;41.9098179036;-87.7226767137;{'type': 'Point', 'coordinates': [-87.722676713682, 41.909817903612]};ON SCENE;2025-06-14T10:20:00.000
b4bea23979953afa561386f19d4b1a7a334f67b776771dfd70ab6a15380470470ab224f18477e9bb12f374570b1a76eb933091c663848cf4b09bd6bafc5a27b4;2025-06-14 10:00:00;15;NO CONTROLS;NO CONTROLS;CLEAR;DAYLIGHT;PARKED MOTOR VEHICLE;ONE-WAY;STRAIGHT AND LEVEL;DRY;UNKNOWN;NO INJURY / DRIVE AWAY;;Y;$500 OR LESS;UNABLE TO DETERMINE;NOT APPLICABLE;6734;S;MICHIGAN AVE;322;;;;;;;3;NO INDICATION OF INJURY;0;0;0;0;0;1;0;10;7;6;41.7717989909;-87.6220078937;{'type': 'Point', 'coordinates': [-87.622007893722, 41.771798990918]};ON SCENE;2025-06-14T10:02:00.000
044bd14cfbeb28b2838ba9ce3a9da55b1a46aec39d138cb38d3d196d935e538115e43e0c6ffc72dda3f88fa74ad207f6e3bec362510442199c8b9dd49d919116;2025-06-14 09:57:00;30;NO CONTROLS;NO CONTROLS;CLEAR;DAYLIGHT;PEDALCYCLIST;FOUR WAY;STRAIGHT AND LEVEL;DRY;NO DEFECTS;NO INJURY / DRIVE AWAY;;;OVER $1,500;UNABLE TO DETERMINE;NOT APPLICABLE;709;W;FULLERTON AVE;1812;;;;;;;2;NO INDICATION OF INJURY;0;0;0;0;0;2;0;9;7;6;41.9253787768;-87.6466294043;{'type': 'Point', 'coordinates': [-87.64662940433, 41.925378776793]};NOT ON SCENE (DESK REPORT);2025-06-16T17:10:00.000
c430cfadf4d021a9a537a83fb90edf48b7dcac2429d37cc9ee5eeae6ae5dbb6489ea3821b5914c106f57a7f37ec6e352c441b7aa509b747f2431f753938dea4f;2025-06-14 09:50:00;10;UNKNOWN;UNKNOWN;CLOUDY/OVERCAST;DAYLIGHT;REAR TO REAR;PARKING LOT;STRAIGHT AND LEVEL;UNKNOWN;UNKNOWN;NO INJURY / DRIVE AWAY;;;OVER $1,500;IMPROPER BACKING;IMPROPER BACKING;1030;W;DIVISION ST;1822;;;;;;;2;NO INDICATION OF INJURY;0;0;0;0;0;2;0;9;7;6;41.9036684177;-87.6536993637;{'type': 'Point', 'coordinates': [-87.653699363657, 41.903668417727]};NOT ON SCENE (DESK REPORT);2025-06-14T10:15:00.000
77ac257bbb0dcdd939a2286940f49851deeba491b1be8f84845e49da5dceefabc10d3ebb771e9083cd87c42066d9ba782c29949067ef73c429c073be705306fc;2025-06-14 09:48:00;40;NO CONTROLS;NO CONTROLS;CLEAR;DARKNESS, LIGHTED ROAD;REAR END;ONE-WAY;STRAIGHT AND LEVEL;DRY;NO DEFECTS;NO INJURY / DRIVE AWAY;;;$501 - $1,500;FOLLOWING TOO CLOSELY;NOT APPLICABLE;1410;S;LAKE SHORE DR SB;132;;;;;;;2;NO INDICATION OF INJURY;0;0;0;0;0;6;0;9;7;6;41.8637794522;-87.6192347371;{'type': 'Point', 'coordinates': [-87.619234737121, 41.863779452233]};NOT ON SCENE (DESK REPORT);2025-06-14T10:00:00.000
e060f2e23e247c90d11ac212683d4f70be66154f6a92fd9e30270d822d78fd4cbe4a54e7259fd235952c7542b8f192d357cac8a3e29f6a582efa0130c8af369d;2025-06-14 09:48:00;25;TRAFFIC SIGNAL;FUNCTIONING PROPERLY;CLEAR;DAYLIGHT;SIDESWIPE SAME DIRECTION;NOT DIVIDED;STRAIGHT AND LEVEL;DRY;NO DEFECTS;NO INJURY / DRIVE AWAY;;;$501 - $1,500;UNABLE TO DETERMINE;UNABLE TO DETERMINE;4314;W;NORTH AVE;2534;;;;;;;5;NO INDICATION OF INJURY;0;0;0;0;0;6;0;9;7;6;41.9098903034;-87.7343775527;{'type': 'Point', 'coordinates': [-87.73437755268, 41.909890303403]};;2025-06-14T10:20:00.000
d6f054626c95db20d249cfc6b8c8dbe402ae350c0ca2f0706aed1199c0b6f8c9026d56a8cd10fa8c1c3b8a93a663af8e3235b76da9aea55221f31f857021faf8;2025-06-14 09:30:00;20;STOP SIGN/FLASHER;NO CONTROLS;CLEAR;DAYLIGHT;FIXED OBJECT;T-INTERSECTION;STRAIGHT AND LEVEL;DRY;NO DEFECTS;INJURY AND / OR TOW DUE TO CRASH;;;OVER $1,500;DRIVING SKILLS/KNOWLEDGE/EXPERIENCE;UNABLE TO DETERMINE;10800;S;PERRY AVE;513;;;;;;;1;NO INDICATION OF INJURY;0;0;0;0;0;2;0;9;7;6;41.6979747311;-87.6257917531;{'type': 'Point', 'coordinates': [-87.625791753085, 41.697974731086]};ON SCENE;2025-06-14T09:35:00.000
f6bb32da11942fbae056ae4c2bed143690deb066b59d2cda4bad41eb6196f454f11482997bef8ff83e523eb84d4a7c9559766da727fc6976eef9696727122e87;2025-06-14 09:25:00;30;TRAFFIC SIGNAL;FUNCTIONING PROPERLY;CLEAR;DAYLIGHT;REAR END;FOUR WAY;STRAIGHT AND LEVEL;DRY;NO DEFECTS;NO INJURY / DRIVE AWAY;;;OVER $1,500;UNABLE TO DETERMINE;NOT APPLICABLE;6900;S;WESTERN AVE;832;;;;;;;2;NO INDICATION OF INJURY;0;0;0;0;0;3;0;9;7;6;41.7682384769;-87.6834869571;{'type': 'Point', 'coordinates': [-87.68348695709, 41.76823847692]};ON SCENE;2025-06-14T09:29:00.000
8586d2f0cad73551d12dc1a74e9fcb6aed5c7b0b40674a7b3791422ba4597f53dba311db8ca0e3e4be48515314a11f1d21d89b3f9f18e804888212fbd1c16624;2025-06-14 09:20:00;3;NO CONTROLS;NO CONTROLS;CLEAR;DAYLIGHT;REAR END;OTHER;STRAIGHT AND LEVEL;WET;NO DEFECTS;NO INJURY / DRIVE AWAY;;;OVER $1,500;NOT APPLICABLE;NOT APPLICABLE;2111;W;FULLERTON AVE;1432;;;;;;;2;NO INDICATION OF INJURY;0;0;0;0;0;2;0;9;7;6;41.9248805845;-87.6809368799;{'type': 'Point', 'coordinates': [-87.680936879883, 41.924880584505]};NOT ON SCENE (DESK REPORT);2025-06-14T11:15:00.000
6f353d1ef2fa9dfbb3bc09b549effc10f327b5f651e18b9872927d1128e13653bd1ba3316d0fbf3ffcdf5935f8c0e39950d1814b6c7c2dfa0bc80114a6ad64ec;2025-06-14 09:19:00;30;NO CONTROLS;NO CONTROLS;CLEAR;DAYLIGHT;SIDESWIPE OPPOSITE DIRECTION;ONE-WAY;STRAIGHT AND LEVEL;DRY;NO DEFECTS;INJURY AND / OR TOW DUE TO CRASH;;;OVER $1,500;IMPROPER BACKING;EQUIPMENT - VEHICLE CONDITION;6417;S;INGLESIDE AVE;314;;;;;;;4;NONINCAPACITATING INJURY;1;0;0;1;0;2;0;9;7;6;41.7780253164;-87.6014675838;{'type': 'Point', 'coordinates': [-87.601467583794, 41.778025316419]};ON SCENE;2025-06-14T09:21:00.000
c5bac5ffb0f92ec71e0a97ced31d8bf6c9660d4e5510d725f150da8ca40308d30c75795f44e000d04d9764afd14bf46dfadb4db3673543073858ffdbd5ea926b;2025-06-14 09:18:00;35;TRAFFIC SIGNAL;FUNCTIONING PROPERLY;CLEAR;DAYLIGHT;ANGLE;NOT DIVIDED;STRAIGHT AND LEVEL;DRY;NO DEFECTS;INJURY AND / OR TOW DUE TO CRASH;Y;;OVER $1,500;DISREGARDING TRAFFIC SIGNALS;DISREGARDING TRAFFIC SIGNALS;300;S;PULASKI RD;1132;;;;;;;2;NO INDICATION OF INJURY;0;0;0;0;0;5;0;9;7;6;41.8770392438;-87.7256913586;{'type': 'Point', 'coordinates': [-87.725691358578, 41.877039243763]};ON SCENE;2025-06-14T09:25:00.000
4a4587fb0af5aadaacab3b92fb428a74b3683e8ec993cd1c21f83256f53fade7d197b044570f321be903e577eeb6a4ccecd47fa9d3941158c9c61780908def26;2025-06-14 09:15:00;30;STOP SIGN/FLASHER;FUNCTIONING PROPERLY;CLEAR;DAYLIGHT;PARKED MOTOR VEHICLE;OTHER;STRAIGHT AND LEVEL;DRY;NO DEFECTS;NO INJURY / DRIVE AWAY;;;OVER $1,500;DRIVING SKILLS/KNOWLEDGE/EXPERIENCE;NOT APPLICABLE;2119;N;MAPLEWOOD AVE;1431;;;;;;;2;NO INDICATION OF INJURY;0;0;0;0;0;1;0;9;7;6;41.9199215877;-87.6912036156;{'type': 'Point', 'coordinates': [-87.691203615591, 41.919921587697]};ON SCENE;2025-06-14T09:15:00.000
63f195266f65476dc0d3e5af740ea83333869cdbf7e93b69ad2769350d51c4b96f47dba625b693d9c5c8bc1d875804020feb135be16a687d81d4ed12ba78d00d;2025-06-14 09:00:00;30;UNKNOWN;UNKNOWN;UNKNOWN;UNKNOWN;PARKED MOTOR VEHICLE;PARKING LOT;STRAIGHT AND LEVEL;UNKNOWN;UNKNOWN;NO INJURY / DRIVE AWAY;;Y;OVER $1,500;UNABLE TO DETERMINE;UNABLE TO DETERMINE;555;E;51ST ST;233;;;;;;;2;NO INDICATION OF INJURY;0;0;0;0;0;1;0;9;7;6;41.8020498215;-87.6119283625;{'type': 'Point', 'coordinates': [-87.611928362486, 41.80204982153]};NOT ON SCENE (DESK REPORT);2025-06-14T09:30:00.000
b769140116a3f836fd4732692931989bffd5dfd6da4d1d40ff1e46d336cd5d75cc466b9074fd743ac8d23197a6fd45c3cf4e3d6378c4e49fa9bd3f2619d6cd19;2025-06-14 08:52:00;30;NO CONTROLS;NO CONTROLS;CLEAR;DAYLIGHT;SIDESWIPE SAME DIRECTION;DIVIDED - W/MEDIAN (NOT RAISED);STRAIGHT AND LEVEL;DRY;NO DEFECTS;NO INJURY / DRIVE AWAY;;Y;OVER $1,500;UNABLE TO DETERMINE;NOT APPLICABLE;6501;W;BELMONT AVE;2511;;;;;;;2;NO INDICATION OF INJURY;0;0;0;0;0;2;0;8;7;6;41.9381667685;-87.7885432201;{'type': 'Point', 'coordinates': [-87.788543220075, 41.938166768537]};ON SCENE;2025-06-14T08:52:00.000
2545fbda868d7c3f3858708fb5c39ffd751732c11249d954c88f6ad412967a423cc2120cd1324d10e42af03296bc4eed890d2cbf17c83ac5de31c1bcddfa223f;2025-06-14 08:45:00;20;NO CONTROLS;NO CONTROLS;CLEAR;DAYLIGHT;SIDESWIPE SAME DIRECTION;NOT DIVIDED;STRAIGHT AND LEVEL;DRY;NO DEFECTS;INJURY AND / OR TOW DUE TO CRASH;;;OVER $1,500;UNABLE TO DETERMINE;UNABLE TO DETERMINE;4333;W;56TH ST;813;;;;;;;2;NONINCAPACITATING INJURY;1;0;0;1;0;1;0;8;7;6;41.7912014299;-87.7317440089;{'type': 'Point', 'coordinates': [-87.731744008916, 41.79120142991]};ON SCENE;2025-06-14T08:49:00.000
ca184b23409c7e4900a962b891bdb2cbf7418e70730fd72bd52233ceb116ac3bc0dad66f85376f8c739f99c5c8cb519a5b1c1a3231b13b688c80af6d14560dac;2025-06-14 08:45:00;10;NO CONTROLS;NO CONTROLS;CLEAR;DAYLIGHT;REAR TO REAR;PARKING LOT;STRAIGHT AND LEVEL;WET;NO DEFECTS;NO INJURY / DRIVE AWAY;;;OVER $1,500;FAILING TO YIELD RIGHT-OF-WAY;FAILING TO REDUCE SPEED TO AVOID CRASH;2550;N;CLYBOURN AVE;1931;;;;;;;2;NO INDICATION OF INJURY;0;0;0;0;0;2;0;8;7;6;41.9278717231;-87.6732588146;{'type': 'Point', 'coordinates': [-87.67325881463, 41.927871723118]};NOT ON SCENE (DESK REPORT);2025-06-14T09:15:00.000
4642f16979a94857546da58409ddfa21e3bc703bb087b6560423430148ae3612c629e46bb212938386ac95c2f9d805e5db7f1a1718cfecb03dee97231344a984;2025-06-14 08:34:00;30;NO CONTROLS;NO CONTROLS;CLEAR;DAYLIGHT;PARKED MOTOR VEHICLE;NOT DIVIDED;STRAIGHT AND LEVEL;DRY;NO DEFECTS;NO INJURY / DRIVE AWAY;;;OVER $1,500;UNABLE TO DETERMINE;UNABLE TO DETERMINE;1419;W;HOWARD ST;2422;;;;;;;2;NO INDICATION OF INJURY;0;0;0;0;0;1;0;8;7;6;42.019126478;-87.6668595789;{'type': 'Point', 'coordinates': [-87.666859578914, 42.019126477972]};ON SCENE;2025-06-14T08:39:00.000
90687902bba2496ac440405dc93564e6323886e8a967679cd0a85463def1fa9a890dfaf469a641003a684f507b7af0512354e11e42f147e93ecbc12b63ecd28c;2025-06-14 08:06:00;30;TRAFFIC SIGNAL;FUNCTIONING PROPERLY;CLOUDY/OVERCAST;DAYLIGHT;ANGLE;FOUR WAY;STRAIGHT AND LEVEL;DRY;OTHER;INJURY AND / OR TOW DUE TO CRASH;Y;;OVER $1,500;DISREGARDING TRAFFIC SIGNALS;VISION OBSCURED (SIGNS, TREE LIMBS, BUILDINGS, ETC.);403;S;CANAL ST;121;;;;;;;2;NO INDICATION OF INJURY;0;0;0;0;0;2;0;8;7;6;41.8766497943;-87.6395084439;{'type': 'Point', 'coordinates': [-87.639508443922, 41.876649794308]};ON SCENE;2025-06-14T08:10:00.000
988f7edabed9565f4e6817e7ca297f81c77e9b9f8f5569a9c1271d483f5840b990dcfb0913aaf5ae863bb22dadfcd7bdb64bd0c5eab06a36cc6dc7ea80dd2e9e;2025-06-14 07:50:00;30;TRAFFIC SIGNAL;FUNCTIONING PROPERLY;CLEAR;DAYLIGHT;REAR END;DIVIDED - W/MEDIAN BARRIER;STRAIGHT AND LEVEL;DRY;NO DEFECTS;NO INJURY / DRIVE AWAY;;;$501 - $1,500;PHYSICAL CONDITION OF DRIVER;PHYSICAL CONDITION OF DRIVER;42;W;IDA B WELLS DR;113;;;;;;;2;NO INDICATION OF INJURY;0;0;0;0;0;2;0;7;7;6;41.8757362591;-87.6292129469;{'type': 'Point', 'coordinates': [-87.629212946899, 41.875736259062]};ON SCENE;2025-06-14T07:50:00.000
9b58fc45bab8977d4be2921ccb328bef8324bb6b99657041802e340ed10fdbaf046fc98fb27522df496404060eca01b4355b531220a4b46e7b8d7a7519b0e8de;2025-06-14 07:50:00;30;UNKNOWN;UNKNOWN;CLEAR;DAYLIGHT;SIDESWIPE SAME DIRECTION;NOT DIVIDED;STRAIGHT AND LEVEL;DRY;UNKNOWN;NO INJURY / DRIVE AWAY;;;OVER $1,500;NOT APPLICABLE;NOT APPLICABLE;4258;S;LAKE SHORE DR SB;214;;;;;;;2;NO INDICATION OF INJURY;0;0;0;0;0;2;0;7;7;6;41.8169867025;-87.5954645334;{'type': 'Point', 'coordinates': [-87.595464533366, 41.816986702472]};ON SCENE;2025-06-14T10:45:00.000
e527c70978f94bfa20db04b09fcb5fc7998ff3f358a2f89eab1f2ff62b3d3e3e8f5f3f5bfdb4c3543e76d6b9aa0f9ee1974faeef1d3aa849420e98f880dcb59f;2025-06-14 07:42:00;30;UNKNOWN;UNKNOWN;CLEAR;DAWN;PARKED MOTOR VEHICLE;NOT DIVIDED;STRAIGHT AND LEVEL;DRY;NO DEFECTS;INJURY AND / OR TOW DUE TO CRASH;;Y;OVER $1,500;UNABLE TO DETERMINE;UNABLE TO DETERMINE;2;N;HAMLIN BLVD;1122;;Y;;;;;3;NO INDICATION OF INJURY;0;0;0;0;0;1;0;7;7;6;41.8808414769;-87.7209021846;{'type': 'Point', 'coordinates': [-87.720902184578, 41.880841476944]};ON SCENE;2025-06-14T07:42:00.000
ed807a2d02ecd459bf4ddcc46660fca6274308d89c3184d3b3066fb53577b650d9690fcd67019105de29dc179454eb8de6793fc246f3bd6c50b108b75edae7be;2025-06-14 07:40:00;40;NO CONTROLS;NO CONTROLS;CLEAR;DAYLIGHT;FIXED OBJECT;DIVIDED - W/MEDIAN (NOT RAISED);STRAIGHT AND LEVEL;DRY;NO DEFECTS;NO INJURY / DRIVE AWAY;;;OVER $1,500;DRIVING SKILLS/KNOWLEDGE/EXPERIENCE;UNABLE TO DETERMINE;1401;S;LAKE SHORE DR NB;132;;;;;;;1;NO INDICATION OF INJURY;0;0;0;0;0;1;0;7;7;6;41.8641530913;-87.6186602973;{'type': 'Point', 'coordinates': [-87.618660297344, 41.864153091273]};NOT ON SCENE (DESK REPORT);2025-06-14T09:45:00.000
e55ed75a4b7069677b4cbcefe25261da05ed1fa4013b1c91cbe894361f87085760785a8d1e42ec78b6da8b96256fdfc8969c3fdee5123c2ad89e9dee1bd4b22c;2025-06-14 07:30:00;30;NO CONTROLS;NO CONTROLS;CLOUDY/OVERCAST;DAYLIGHT;REAR END;NOT DIVIDED;STRAIGHT AND LEVEL;DRY;NO DEFECTS;NO INJURY / DRIVE AWAY;;;OVER $1,500;FOLLOWING TOO CLOSELY;UNABLE TO DETERMINE;3055;S;ASHLAND AVE;913;;;;;;;2;NO INDICATION OF INJURY;0;0;0;0;0;2;0;7;7;6;41.8379057297;-87.6655992627;{'type': 'Point', 'coordinates': [-87.665599262708, 41.837905729727]};NOT ON SCENE (DESK REPORT);2025-06-14T08:30:00.000
eba0337090c2acc3a8ceaac8a7ba80bee8193b2ac29b04f846de5caf296a134056c2d21660e58e11c1dd139d3b613c7e43d428e80b695e6947a0d546896f2897;2025-06-14 07:30:00;25;STOP SIGN/FLASHER;FUNCTIONING PROPERLY;OTHER;DAYLIGHT;TURNING;FOUR WAY;STRAIGHT AND LEVEL;OTHER;NO DEFECTS;NO INJURY / DRIVE AWAY;Y;Y;OVER $1,500;DISREGARDING STOP SIGN;DRIVING SKILLS/KNOWLEDGE/EXPERIENCE;8100;S;ST LAWRENCE AVE;631;;;;;;;2;NO INDICATION OF INJURY;0;0;0;0;0;2;0;7;7;6;41.7474502844;-87.6101220142;{'type': 'Point', 'coordinates': [-87.610122014216, 41.747450284379]};NOT ON SCENE (DESK REPORT);2025-06-14T09:15:00.000
1b62ef94f94fd9e162e9e955dd3f1a33f14a5c737de9404deaf9a912a5ecfcfe1696272a65cbc0fa22ed03fccc0db218df12dcc6ce118b74119db4edeccf26ce;2025-06-14 07:10:00;25;NO CONTROLS;NO CONTROLS;CLOUDY/OVERCAST;DAYLIGHT;OTHER OBJECT;T-INTERSECTION;STRAIGHT AND LEVEL;DRY;NO DEFECTS;NO INJURY / DRIVE AWAY;Y;;OVER $1,500;UNABLE TO DETERMINE;UNABLE TO DETERMINE;3757;W;FLOURNOY ST;1133;;;;;;;2;NO INDICATION OF INJURY;0;0;0;0;0;2;0;7;7;6;41.8725093617;-87.7196527747;{'type': 'Point', 'coordinates': [-87.719652774725, 41.872509361684]};ON SCENE;2025-06-14T07:16:00.000
ff501681fa3be30d8332e483a7391e71d086c9fb9eed53c78557a389533a3e188bc50af710e948efe317f30fe298380ac8f8c68b71661475eed9e555a79036b7;2025-06-14 06:38:00;30;TRAFFIC SIGNAL;FUNCTIONING PROPERLY;CLEAR;DAWN;ANGLE;T-INTERSECTION;STRAIGHT AND LEVEL;DRY;NO DEFECTS;INJURY AND / OR TOW DUE TO CRASH;;;OVER $1,500;DISREGARDING OTHER TRAFFIC SIGNS;DISREGARDING OTHER TRAFFIC SIGNS;5901;S;LOOMIS BLVD;713;;;;;;;2;NO INDICATION OF INJURY;0;0;0;0;0;2;0;6;7;6;41.786728861;-87.6593904191;{'type': 'Point', 'coordinates': [-87.659390419108, 41.786728861022]};ON SCENE;2025-06-14T06:39:00.000
1b9b9a5a0105f990425a46ae8759fc7f701f537bda3226ba6fbbada3851e3d562dabe97fc33e4ac1f08d1334e0829fea663a59beea5e10415a7389cc3eed4c7b;2025-06-14 06:05:00;30;NO CONTROLS;NO CONTROLS;CLEAR;DAWN;PARKED MOTOR VEHICLE;NOT DIVIDED;STRAIGHT AND LEVEL;UNKNOWN;UNKNOWN;INJURY AND / OR TOW DUE TO CRASH;;Y;OVER $1,500;UNABLE TO DETERMINE;UNABLE TO DETERMINE;4928;W;HARRISON ST;1533;;;;N;;;2;REPORTED, NOT EVIDENT;1;0;0;0;1;1;0;6;7;6;41.8731874466;-87.7478105788;{'type': 'Point', 'coordinates': [-87.747810578846, 41.873187446584]};ON SCENE;2025-06-14T06:08:00.000
7775d9da9d697064aeffcae07275be665bcaa5a2ebfe7c7d917305515fafd394cf0f3750d62b4eb47c8014630a40453e0552fdbe9cde5dc6e01846621a2609e2;2025-06-14 06:05:00;20;NO CONTROLS;NO CONTROLS;CLEAR;DAYLIGHT;FIXED OBJECT;NOT DIVIDED;CURVE, LEVEL;DRY;NO DEFECTS;INJURY AND / OR TOW DUE TO CRASH;;Y;OVER $1,500;UNABLE TO DETERMINE;UNABLE TO DETERMINE;9729;S;OGLESBY AVE;431;;;;;;;2;NO INDICATION OF INJURY;0;0;0;0;0;2;0;6;7;6;41.7178428674;-87.5656376913;{'type': 'Point', 'coordinates': [-87.565637691347, 41.717842867369]};ON SCENE;2025-06-14T06:06:00.000
b804608ae5ce9b3d00f9abfff032bf370fc46d16239a57f4ef32f76ff8ab0d41f2ddfc9a2beb09269239106cc0543fcaa8efcfa8eba84bc758c613334ab5b641;2025-06-14 06:00:00;15;NO CONTROLS;NO CONTROLS;CLEAR;UNKNOWN;PARKED MOTOR VEHICLE;OTHER;STRAIGHT AND LEVEL;WET;NO DEFECTS;INJURY AND / OR TOW DUE TO CRASH;;Y;$501 - $1,500;UNABLE TO DETERMINE;UNABLE TO DETERMINE;5248;W;WOLFRAM ST;2514;;;;;;;2;NO INDICATION OF INJURY;0;0;0;0;0;1;0;6;7;6;41.9324011743;-87.758394292;{'type': 'Point', 'coordinates': [-87.758394292041, 41.93240117428]};ON SCENE;2025-06-14T06:33:00.000
f6f49cf6d022ded80d3333f657151c07dbd90795e01054f30509933b92fc36b3ea837e76de6b86a66a44277c878978d176de6624562c3fe30bf3ea770a583f8c;2025-06-14 06:00:00;30;NO CONTROLS;NO CONTROLS;CLEAR;DAWN;PARKED MOTOR VEHICLE;DIVIDED - W/MEDIAN (NOT RAISED);STRAIGHT AND LEVEL;DRY;NO DEFECTS;INJURY AND / OR TOW DUE TO CRASH;;;OVER $1,500;NOT APPLICABLE;NOT APPLICABLE;6546;S;WESTERN AVE;832;;;;;;;2;NONINCAPACITATING INJURY;1;0;0;1;0;2;0;6;7;6;41.7742100555;-87.6836534803;{'type': 'Point', 'coordinates': [-87.68365348031, 41.774210055508]};ON SCENE;2025-06-14T06:05:00.000
770282eb97d1e225256945345c41ee7294e4549f200579609ae416d40e81cd4fac9c0e3501083aff7baadf001dc43a440688d82723665f7e7d2a616d55ce0c4c;2025-06-14 05:55:00;10;NO CONTROLS;NO CONTROLS;CLEAR;DAYLIGHT;REAR END;PARKING LOT;STRAIGHT AND LEVEL;DRY;NO DEFECTS;NO INJURY / DRIVE AWAY;;Y;$500 OR LESS;FOLLOWING TOO CLOSELY;NOT APPLICABLE;1545;S;STATE ST;131;;;;;;;2;NO INDICATION OF INJURY;0;0;0;0;0;2;0;5;7;6;41.8605998085;-87.6271194558;{'type': 'Point', 'coordinates': [-87.627119455778, 41.860599808534]};NOT ON SCENE (DESK REPORT);2025-06-14T06:10:00.000
963eb5c711e4bbe2872446f2740bb25cbf403fcc361612683936eb77192ff60ee1e82d548d98bd5f6cc3806cfa3a3e7776ab84d278c6bd8adcad34638449238e;2025-06-14 05:30:00;30;NO CONTROLS;NO CONTROLS;CLEAR;DAYLIGHT;FIXED OBJECT;NOT DIVIDED;STRAIGHT AND LEVEL;DRY;NO DEFECTS;INJURY AND / OR TOW DUE TO CRASH;;;OVER $1,500;DRIVING SKILLS/KNOWLEDGE/EXPERIENCE;UNABLE TO DETERMINE;3120;S;WOOD ST;912;;;;;;;1;NO INDICATION OF INJURY;0;0;0;0;0;1;0;5;7;6;41.8371463531;-87.6707079557;{'type': 'Point', 'coordinates': [-87.670707955661, 41.837146353102]};ON SCENE;2025-06-14T09:28:00.000
0c0b8dd60ebb0ddc55b5038d52f3f7bb6318f7f52ce30f054f6dc397eb2ca2ea282c300eae5103bd0729a931977eab8d60421f0213b9c64bfaefd6a9b7eef346;2025-06-14 05:00:00;30;NO CONTROLS;NO CONTROLS;CLEAR;DAYLIGHT;PARKED MOTOR VEHICLE;NOT DIVIDED;STRAIGHT AND LEVEL;DRY;NO DEFECTS;NO INJURY / DRIVE AWAY;;Y;OVER $1,500;UNABLE TO DETERMINE;UNABLE TO DETERMINE;2266;W;LELAND AVE;1911;;;;;;;2;NO INDICATION OF INJURY;0;0;0;0;0;1;0;5;7;6;41.9669205497;-87.6864893047;{'type': 'Point', 'coordinates': [-87.686489304703, 41.966920549747]};NOT ON SCENE (DESK REPORT);2025-06-14T16:15:00.000
6f301ffc466c18c27a8978c5fb6acd8fb798f0c700c237ad8293c69122df923c95b704cba750c65871118aa0eda6d8817f45ddb90938021372f5c4cdf7eeed88;2025-06-14 04:35:00;15;NO CONTROLS;NO CONTROLS;CLEAR;DAWN;PARKED MOTOR VEHICLE;OTHER;STRAIGHT AND LEVEL;DRY;NO DEFECTS;INJURY AND / OR TOW DUE TO CRASH;;;OVER $1,500;UNABLE TO DETERMINE;NOT APPLICABLE;2855;N;KENNETH AVE;2523;;;;;;;3;NO INDICATION OF INJURY;0;0;0;0;0;2;0;4;7;6;41.9332695451;-87.7379305376;{'type': 'Point', 'coordinates': [-87.737930537644, 41.93326954509]};ON SCENE;2025-06-14T04:38:00.000
a63c6130a3213a93fa643bc09b68b236363bb6cc3a94361775cd7a0ce82358a31d2e32ea88df6d37f1078cde60a36972dcdc9095227e981b298cefd294774d8c;2025-06-14 04:25:00;30;NO CONTROLS;NO CONTROLS;CLEAR;DARKNESS, LIGHTED ROAD;FIXED OBJECT;NOT DIVIDED;STRAIGHT AND LEVEL;DRY;UNKNOWN;INJURY AND / OR TOW DUE TO CRASH;;Y;OVER $1,500;UNABLE TO DETERMINE;UNABLE TO DETERMINE;2631;W;LAKE ST;1222;;;;;;;1;NONINCAPACITATING INJURY;1;0;0;1;0;0;0;4;7;6;41.8842835187;-87.6925621801;{'type': 'Point', 'coordinates': [-87.692562180121, 41.88428351869]};ON SCENE;2025-06-14T04:30:00.000
cefe9bb178954cf17e5c420de01bc3b0a0f5f2afce4b9fa87b49c6c95964adc2eb629d31271edfd635052a9474523a7f5278b4dd1363749f6422d5950e125360;2025-06-14 04:20:00;30;NO CONTROLS;NO CONTROLS;CLEAR;DAWN;SIDESWIPE SAME DIRECTION;ONE-WAY;STRAIGHT AND LEVEL;DRY;NO DEFECTS;NO INJURY / DRIVE AWAY;;;OVER $1,500;UNABLE TO DETERMINE;NOT APPLICABLE;6033;W;GEORGE ST;2511;;;;;;;2;NO INDICATION OF INJURY;0;0;0;0;0;2;0;4;7;6;41.9328377945;-87.7773779893;{'type': 'Point', 'coordinates': [-87.777377989316, 41.932837794546]};NOT ON SCENE (DESK REPORT);2025-06-14T11:00:00.000
134c0691ab13ee8c034dc5f326b6381d0005713010f076bc6a77e9524a99380a252fcd4f076f394583ee9f83523952dafe465cef85652aa885b9052edcdf3c19;2025-06-14 03:50:00;30;NO CONTROLS;NO CONTROLS;UNKNOWN;DARKNESS, LIGHTED ROAD;HEAD ON;FOUR WAY;STRAIGHT AND LEVEL;UNKNOWN;UNKNOWN;INJURY AND / OR TOW DUE TO CRASH;Y;Y;OVER $1,500;UNABLE TO DETERMINE;UNABLE TO DETERMINE;4535;W;LAKE ST;1113;;;;;;;2;NO INDICATION OF INJURY;0;0;0;0;0;3;0;3;7;6;41.8861438812;-87.7395583148;{'type': 'Point', 'coordinates': [-87.739558314766, 41.886143881235]};NOT ON SCENE (DESK REPORT);2025-06-14T16:10:00.000
32d9c3f43ed594087cb6d3403db86b7df44bd6021443e2ceb4f15541eae0bfbf44a1b631b4d2719f11109aa3a7d8812d7180270a46c623e0bf10dc9a7f5fa3e5;2025-06-14 03:45:00;30;UNKNOWN;UNKNOWN;CLEAR;DAYLIGHT;REAR TO FRONT;NOT DIVIDED;STRAIGHT AND LEVEL;DRY;UNKNOWN;NO INJURY / DRIVE AWAY;;;OVER $1,500;NOT APPLICABLE;NOT APPLICABLE;7100;S;LANGLEY AVE;323;;;;;;;2;NO INDICATION OF INJURY;0;0;0;0;0;2;0;3;7;6;41.7656753258;-87.6086238364;{'type': 'Point', 'coordinates': [-87.608623836354, 41.765675325843]};NOT ON SCENE (DESK REPORT);2025-06-14T04:15:00.000
cac380e17fb80ee4c2ca446e6a59939eca410ba89407553ed0e361570e4c7a1df07320b20b04c9a2d3681ad37f091330ac6bcf0560d4a9c0d12054100649f719;2025-06-14 03:40:00;30;STOP SIGN/FLASHER;NO CONTROLS;UNKNOWN;UNKNOWN;PARKED MOTOR VEHICLE;ONE-WAY;STRAIGHT AND LEVEL;UNKNOWN;UNKNOWN;INJURY AND / OR TOW DUE TO CRASH;;Y;OVER $1,500;UNABLE TO DETERMINE;NOT APPLICABLE;3731;W;25TH ST;1013;;;;;;;3;NO INDICATION OF INJURY;0;0;0;0;0;1;0;3;7;6;41.8460754385;-87.7184405418;{'type': 'Point', 'coordinates': [-87.718440541788, 41.84607543855]};NOT ON SCENE (DESK REPORT);2025-06-14T09:30:00.000
fe1117fdb33cf481f383891558438f2f85dac7586f29191dc202d56a5d527a0769298f52f23644b4963051c9a82a29d09e99201947225a5a3cefb30dfd67923b;2025-06-14 03:35:00;30;STOP SIGN/FLASHER;NO CONTROLS;CLEAR;DARKNESS, LIGHTED ROAD;REAR END;NOT DIVIDED;STRAIGHT AND LEVEL;DRY;NO DEFECTS;NO INJURY / DRIVE AWAY;;;OVER $1,500;EQUIPMENT - VEHICLE CONDITION;NOT APPLICABLE;5023;S;WOOD ST;931;;;;;;;2;NO INDICATION OF INJURY;0;0;0;0;0;2;0;3;7;6;41.8023869567;-87.6695267087;{'type': 'Point', 'coordinates': [-87.669526708665, 41.802386956676]};ON SCENE;2025-06-14T03:35:00.000
b3b90c59851cc4fd43d0c5594b8f84cda6f156e19ad5793e57dfb368838c19eb461143efa3ddb9524670cbdc88d1905eeb5df9ac22cb18c1e517fa05f19e1074;2025-06-14 03:08:00;30;STOP SIGN/FLASHER;FUNCTIONING PROPERLY;CLEAR;DARKNESS, LIGHTED ROAD;FIXED OBJECT;NOT DIVIDED;STRAIGHT AND LEVEL;DRY;NO DEFECTS;INJURY AND / OR TOW DUE TO CRASH;;Y;OVER $1,500;UNABLE TO DETERMINE;NOT APPLICABLE;6801;S;HOYNE AVE;726;;;;;;;1;NO INDICATION OF INJURY;0;0;0;0;0;1;0;3;7;6;41.7701883708;-87.6759588025;{'type': 'Point', 'coordinates': [-87.675958802465, 41.770188370847]};ON SCENE;2025-06-14T03:08:00.000
6f6a76a9559f231b1be1913727629ee12be1fc8735f7c659ff938e9fccf7be91eb53c7d437b9c97374969aba8e5ed5f87285d32b1d580c3e4ccb217b191e6926;2025-06-14 03:00:00;35;TRAFFIC SIGNAL;FUNCTIONING PROPERLY;CLEAR;DAYLIGHT;TURNING;FOUR WAY;STRAIGHT ON GRADE;DRY;NO DEFECTS;NO INJURY / DRIVE AWAY;Y;;OVER $1,500;IMPROPER TURNING/NO SIGNAL;NOT APPLICABLE;6700;S;JEFFERY BLVD;332;;;;;;;2;NO INDICATION OF INJURY;0;0;0;0;0;2;0;3;7;6;41.7733684085;-87.5766385522;{'type': 'Point', 'coordinates': [-87.576638552177, 41.773368408547]};NOT ON SCENE (DESK REPORT);2025-06-15T16:30:00.000
a30dedf9e28dc48923798d3e2d7bb998bd2d4d0919872917ba0865946d07d1d69aec4dc349b017a0379b6fb005112c601fe5a7dd58130ce193cce9134d6b6110;2025-06-14 03:00:00;30;TRAFFIC SIGNAL;FUNCTIONING PROPERLY;CLEAR;DARKNESS, LIGHTED ROAD;ANGLE;FIVE POINT, OR MORE;STRAIGHT AND LEVEL;DRY;NO DEFECTS;INJURY AND / OR TOW DUE TO CRASH;Y;;OVER $1,500;DISREGARDING TRAFFIC SIGNALS;FAILING TO REDUCE SPEED TO AVOID CRASH;6700;S;DR MARTIN LUTHER KING JR DR;322;;;;;;;2;NO INDICATION OF INJURY;0;0;0;0;0;2;0;3;7;6;41.7729100339;-87.6155947054;{'type': 'Point', 'coordinates': [-87.615594705433, 41.772910033936]};ON SCENE;2025-06-14T03:10:00.000
d62860717c2831115df74695be60aef7b0ae885771cb57eb0b74682cf46667a637ea0b22c7cdbb6f3b437e4f1f70d36f5eb61754ec4ab83d067e31dd3755e311;2025-06-14 03:00:00;20;NO CONTROLS;NO CONTROLS;CLEAR;DARKNESS, LIGHTED ROAD;PARKED MOTOR VEHICLE;ONE-WAY;STRAIGHT AND LEVEL;DRY;NO DEFECTS;NO INJURY / DRIVE AWAY;;Y;OVER $1,500;IMPROPER OVERTAKING/PASSING;NOT APPLICABLE;1543;N;MONITOR AVE;2531;;;;;;;2;NO INDICATION OF INJURY;0;0;0;0;0;1;0;3;7;6;41.9087613082;-87.7718015305;{'type': 'Point', 'coordinates': [-87.771801530503, 41.908761308205]};NOT ON SCENE (DESK REPORT);2025-06-14T11:00:00.000
fb1f1e8cb8ca31cde3255bec816e28abacbfa3746bc12164d937b033763d706676b83da7100a8bdd542e2aa8c7aff8eb2730b448857ff18e2c2d2fb70d9d0b69;2025-06-14 03:00:00;30;NO CONTROLS;NO CONTROLS;CLEAR;DAYLIGHT;PARKED MOTOR VEHICLE;NOT DIVIDED;STRAIGHT AND LEVEL;DRY;NO DEFECTS;NO INJURY / DRIVE AWAY;;Y;OVER $1,500;UNABLE TO DETERMINE;UNABLE TO DETERMINE;1770;W;ESTES AVE;2424;;;;;;;2;NO INDICATION OF INJURY;0;0;0;0;0;1;0;3;7;6;42.0115107684;-87.6750450842;{'type': 'Point', 'coordinates': [-87.675045084197, 42.011510768447]};ON SCENE;2025-06-14T15:59:00.000
0c2dfe99fb42f4b094022327827eb298e9160e01dabf21a5eb0ea2a9b4cb19b7c288ed0e4ff28f904522a54a03b7237bacbffb3099864381aaf617ef800292fb;2025-06-14 02:58:00;30;NO CONTROLS;NO CONTROLS;CLEAR;DARKNESS;PARKED MOTOR VEHICLE;DIVIDED - W/MEDIAN (NOT RAISED);STRAIGHT AND LEVEL;DRY;NO DEFECTS;INJURY AND / OR TOW DUE TO CRASH;;;OVER $1,500;CELL PHONE USE OTHER THAN TEXTING;NOT APPLICABLE;1915;N;KIMBALL AVE;1422;;;;;;;5;NO INDICATION OF INJURY;0;0;0;0;0;1;0;2;7;6;41.9159822977;-87.7117287649;{'type': 'Point', 'coordinates': [-87.71172876488, 41.915982297661]};ON SCENE;2025-06-14T03:05:00.000
47f913e9df8ea98e3d99dc597f573ebddc8754d50d4425031e0292eef3b15b521f5b5e975a8be0e73e674c8d709983006a1c0d161f22bb61fd027d09fce0000f;2025-06-14 02:47:00;10;NO CONTROLS;NO CONTROLS;CLEAR;DARKNESS, LIGHTED ROAD;PARKED MOTOR VEHICLE;PARKING LOT;STRAIGHT AND LEVEL;DRY;NO DEFECTS;NO INJURY / DRIVE AWAY;;;OVER $1,500;UNABLE TO DETERMINE;UNABLE TO DETERMINE;5332;S;KEDZIE AVE;822;;;;;;;2;NO INDICATION OF INJURY;0;0;0;0;0;1;0;2;7;6;41.7961462661;-87.7037780083;{'type': 'Point', 'coordinates': [-87.703778008321, 41.796146266087]};ON SCENE;2025-06-14T02:51:00.000
431ba0f5adcfb8e67874f490737833ee74cb09c842ed6deb71cc0106a4cf2cec349c42319fb3b8ddcf357c8929f5813d5be1093ddd3d9d09fdfbb7c04135bd20;2025-06-14 02:30:00;40;NO CONTROLS;NO CONTROLS;CLEAR;DARKNESS, LIGHTED ROAD;TURNING;DIVIDED - W/MEDIAN (NOT RAISED);STRAIGHT AND LEVEL;DRY;NO DEFECTS;INJURY AND / OR TOW DUE TO CRASH;Y;;OVER $1,500;IMPROPER TURNING/NO SIGNAL;DRIVING SKILLS/KNOWLEDGE/EXPERIENCE;13227;S;TORRENCE AVE;433;Y;;;;;;2;FATAL;2;1;0;1;0;0;0;2;7;6;41.6547387607;-87.5591521615;{'type': 'Point', 'coordinates': [-87.559152161531, 41.654738760655]};ON SCENE;2025-06-14T02:30:00.000
bccd31d984379d02f54a4cc0e564e2d2e0da0469b82995a0b52a57d5587223b2e8b67b857af9e908ab4217bfebb19078f56a325eafeaf1377a9e08291bdf23c4;2025-06-14 02:25:00;30;TRAFFIC SIGNAL;FUNCTIONING PROPERLY;FREEZING RAIN/DRIZZLE;DARKNESS, LIGHTED ROAD;REAR END;FOUR WAY;STRAIGHT AND LEVEL;WET;NO DEFECTS;NO INJURY / DRIVE AWAY;Y;;OVER $1,500;FAILING TO REDUCE SPEED TO AVOID CRASH;NOT APPLICABLE;4527;S;STATE ST;215;;;;;;;2;NO INDICATION OF INJURY;0;0;0;0;0;2;0;2;7;6;41.8122275522;-87.6260140008;{'type': 'Point', 'coordinates': [-87.626014000769, 41.812227552238]};ON SCENE;2025-06-14T02:27:00.000
79c0886f115489309f8534311899ad0d8dc6462272af6ca023f7c583d2db1fdb2439f08afb43df1a12bbc890da3ae9db05ae5f02b814ec621d0d768f0aa2fd9b;2025-06-14 02:20:00;25;NO CONTROLS;NO CONTROLS;CLEAR;DARKNESS, LIGHTED ROAD;PARKED MOTOR VEHICLE;NOT DIVIDED;STRAIGHT AND LEVEL;DRY;NO DEFECTS;NO INJURY / DRIVE AWAY;;Y;OVER $1,500;UNABLE TO DETERMINE;UNABLE TO DETERMINE;1855;W;108TH PL;2212;;Y;;;;;2;NO INDICATION OF INJURY;0;0;0;0;0;1;0;2;7;6;41.696006103;-87.6687521569;{'type': 'Point', 'coordinates': [-87.668752156899, 41.696006103024]};ON SCENE;2025-06-14T02:49:00.000
03fb2126b652976c74c870147231307b93756c6761746b077c89973479aa5de5dfc710de7d01ae7178cec46acd7a9a322a7d02c23e73b6bfb3f3d7a389bb507e;2025-06-14 02:14:00;30;TRAFFIC SIGNAL;FUNCTIONING PROPERLY;CLEAR;DARKNESS, LIGHTED ROAD;TURNING;NOT DIVIDED;STRAIGHT AND LEVEL;DRY;NO DEFECTS;NO INJURY / DRIVE AWAY;;Y;OVER $1,500;IMPROPER TURNING/NO SIGNAL;IMPROPER TURNING/NO SIGNAL;3614;N;ASHLAND AVE;1922;;;;;;;2;NO INDICATION OF INJURY;0;0;0;0;0;2;0;2;7;6;41.9474755889;-87.669016676;{'type': 'Point', 'coordinates': [-87.669016675989, 41.947475588946]};;2025-06-14T02:14:00.000
5797065c47e4d6486c46f94986557e86aab5065a8d5b1e013da7d870afb33b2be54e3539935900265855f20d5739c523cf1fac6c6ee0a057afb911f8809082e4;2025-06-14 02:14:00;25;STOP SIGN/FLASHER;NO CONTROLS;CLEAR;DARKNESS, LIGHTED ROAD;PARKED MOTOR VEHICLE;NOT DIVIDED;STRAIGHT AND LEVEL;DRY;NO DEFECTS;NO INJURY / DRIVE AWAY;;;$500 OR LESS;IMPROPER BACKING;UNABLE TO DETERMINE;640;W;CERMAK RD;1235;;;;;;;2;NO INDICATION OF INJURY;0;0;0;0;0;1;0;2;7;6;41.8527970965;-87.6432930778;{'type': 'Point', 'coordinates': [-87.643293077755, 41.852797096499]};NOT ON SCENE (DESK REPORT);2025-06-16T22:40:00.000
b65085ec124950dab6410b6e405310cb5e1e0c47279cd34444ecc86e4a9baf92a2fddb9e08aeb44b49fc9a2af75d7a3feddd94b905a113337fee29ca73c99f25;2025-06-14 02:11:00;30;TRAFFIC SIGNAL;FUNCTIONING PROPERLY;CLEAR;DARKNESS, LIGHTED ROAD;FIXED OBJECT;DIVIDED - W/MEDIAN BARRIER;STRAIGHT AND LEVEL;DRY;NO DEFECTS;NO INJURY / DRIVE AWAY;;;OVER $1,500;UNDER THE INFLUENCE OF ALCOHOL/DRUGS (USE WHEN ARREST IS EFFECTED);FAILING TO REDUCE SPEED TO AVOID CRASH;2109;W;OGDEN AVE;1225;;;;;;;1;NO INDICATION OF INJURY;0;0;0;0;0;1;0;2;7;6;41.8701796909;-87.6793062985;{'type': 'Point', 'coordinates': [-87.679306298549, 41.870179690946]};ON SCENE;2025-06-14T02:11:00.000
ad4cafc61ddc4954435c8229da6b2d1b02609d06fbf6659deab25fbe7b38aba8e668e761c187f9ddc1f93201817040dd515e37d51accca5fea05b9a7208907f6;2025-06-14 02:10:00;30;UNKNOWN;NO CONTROLS;CLEAR;DARKNESS;PARKED MOTOR VEHICLE;NOT DIVIDED;STRAIGHT AND LEVEL;DRY;NO DEFECTS;NO INJURY / DRIVE AWAY;;;OVER $1,500;EQUIPMENT - VEHICLE CONDITION;NOT APPLICABLE;2911;N;WESTERN AVE;1432;;;;;;;2;NO INDICATION OF INJURY;0;0;0;0;0;3;0;2;7;6;41.9342149892;-87.6877990335;{'type': 'Point', 'coordinates': [-87.687799033452, 41.934214989248]};ON SCENE;2025-06-14T02:16:00.000
450ed4ff0184e14753c94290d29d8073a846418a030069c42a68b89523e60f7d3c5b179e694939b24ab0d626c2490915e8a8c97343f743b2fcbf60cdf7bb5f0f;2025-06-14 01:59:00;30;NO CONTROLS;NO CONTROLS;CLEAR;DARKNESS, LIGHTED ROAD;PARKED MOTOR VEHICLE;ONE-WAY;STRAIGHT AND LEVEL;DRY;NO DEFECTS;NO INJURY / DRIVE AWAY;;Y;OVER $1,500;UNABLE TO DETERMINE;UNABLE TO DETERMINE;1449;W;56TH ST;713;;;;;;;2;NO INDICATION OF INJURY;0;0;0;0;0;1;0;1;7;6;41.7921406863;-87.6616217817;{'type': 'Point', 'coordinates': [-87.661621781654, 41.792140686306]};ON SCENE;2025-06-14T02:14:00.000
021adc613a95cb8540a6b5a96a899aabe4a867bc3d225d6893f659771c6e29df4dfc8846ec6eec756bc4fa59f576fa3e23f2878cc0b61665a2b2d37ddc4153a5;2025-06-14 01:58:00;30;NO CONTROLS;NO CONTROLS;FOG/SMOKE/HAZE;DARKNESS, LIGHTED ROAD;REAR END;DIVIDED - W/MEDIAN (NOT RAISED);STRAIGHT AND LEVEL;DRY;NO DEFECTS;NO INJURY / DRIVE AWAY;;;OVER $1,500;FOLLOWING TOO CLOSELY;UNABLE TO DETERMINE;6343;S;KEDZIE AVE;823;;;;;;;2;NO INDICATION OF INJURY;0;0;0;0;0;4;0;1;7;6;41.7776552821;-87.7029597601;{'type': 'Point', 'coordinates': [-87.702959760143, 41.777655282099]};ON SCENE;2025-06-14T02:00:00.000
cd562a4c6c6f745115122cf3d34d463f462fc541941d9efa36ab05fb5d2cfacc4b74f929598cb40c2b72e1d58d1f86dcc839135b9c3859a890cae541a479558c;2025-06-14 01:50:00;30;NO CONTROLS;NO CONTROLS;OTHER;DARKNESS, LIGHTED ROAD;PARKED MOTOR VEHICLE;ONE-WAY;STRAIGHT AND LEVEL;WET;NO DEFECTS;NO INJURY / DRIVE AWAY;;;OVER $1,500;UNABLE TO DETERMINE;UNABLE TO DETERMINE;1518;E;71ST ST;332;;;;;;;2;NO INDICATION OF INJURY;0;0;0;0;0;1;0;1;7;6;41.7662512649;-87.587937769;{'type': 'Point', 'coordinates': [-87.587937769034, 41.766251264882]};ON SCENE;2025-06-14T01:55:00.000
90c27ad91ecc28116229d6803e58577876bbe3fc8d36c6b4409fab6601162604aba6518f05203ac4fcfdc1dc8292c3db10d82d4ebbb067eaec4131b562b65100;2025-06-14 01:20:00;30;TRAFFIC SIGNAL;FUNCTIONING PROPERLY;CLEAR;DARKNESS, LIGHTED ROAD;REAR END;NOT DIVIDED;STRAIGHT AND LEVEL;DRY;NO DEFECTS;NO INJURY / DRIVE AWAY;;;OVER $1,500;UNABLE TO DETERMINE;NOT APPLICABLE;2001;W;87TH ST;2221;;;;;;;2;NO INDICATION OF INJURY;0;0;0;0;0;2;0;1;7;6;41.7355447347;-87.6728012809;{'type': 'Point', 'coordinates': [-87.672801280906, 41.735544734727]};NOT ON SCENE (DESK REPORT);2025-06-14T02:12:00.000
cf30c952c3b20cc6e08586208ce2e66a683ef927851589f126012357b1b25463b1ea1930a1d6ddec2e07f1637bc05652a20bc4b0c1494fc466dae309f24b90e6;2025-06-14 01:14:00;25;NO CONTROLS;NO CONTROLS;CLEAR;DARKNESS, LIGHTED ROAD;PARKED MOTOR VEHICLE;NOT DIVIDED;STRAIGHT AND LEVEL;DRY;NO DEFECTS;NO INJURY / DRIVE AWAY;;Y;OVER $1,500;UNABLE TO DETERMINE;UNABLE TO DETERMINE;2524;N;LARAMIE AVE;2515;;;;;;;2;NO INDICATION OF INJURY;0;0;0;0;0;1;0;1;7;6;41.9268228984;-87.7563925652;{'type': 'Point', 'coordinates': [-87.756392565215, 41.926822898379]};ON SCENE;2025-06-14T01:22:00.000
6a530622e099d17b867ec7372a220b05e3ba98428983f00ae008bfd10891b868abfac52c8feda374fe784e2e9b5edbc263fdd2aadde2df0e8d2aa530679fe401;2025-06-14 01:12:00;30;NO CONTROLS;NO CONTROLS;CLEAR;DARKNESS, LIGHTED ROAD;PARKED MOTOR VEHICLE;ONE-WAY;STRAIGHT AND LEVEL;DRY;NO DEFECTS;NO INJURY / DRIVE AWAY;;Y;OVER $1,500;UNABLE TO DETERMINE;UNABLE TO DETERMINE;2116;W;WASHINGTON BLVD;1223;;;;;;;4;NO INDICATION OF INJURY;0;0;0;0;0;1;0;1;7;6;41.8832040791;-87.6798613708;{'type': 'Point', 'coordinates': [-87.679861370779, 41.883204079148]};ON SCENE;2025-06-14T01:15:00.000
9917a3f5d576aee649f433413501c0b5cc4cfef5a7fd4e51aa17008fdd7e0493fae84ae48869a70e06f6fd2cf9b2abe1e9fd7470aaf38dc7b31bf854bdbfdea0;2025-06-14 01:10:00;30;TRAFFIC SIGNAL;FUNCTIONING PROPERLY;CLEAR;DARKNESS, LIGHTED ROAD;SIDESWIPE SAME DIRECTION;FOUR WAY;STRAIGHT AND LEVEL;DRY;NO DEFECTS;NO INJURY / DRIVE AWAY;;Y;$501 - $1,500;FAILING TO YIELD RIGHT-OF-WAY;FAILING TO YIELD RIGHT-OF-WAY;798;W;GRAND AVE;1214;;;;;;;2;NO INDICATION OF INJURY;0;0;0;0;0;2;0;1;7;6;41.8912954209;-87.6475278747;{'type': 'Point', 'coordinates': [-87.647527874697, 41.891295420894]};NOT ON SCENE (DESK REPORT);2025-06-14T14:10:00.000
b6ec3052ad6a7379a4b7f18b7004252922a03a81561493c974c423a03386a10a2e87d5d34225ec203c12c0b0ffcb80ec851f268512c9ea71cb7375a428d42536;2025-06-14 01:10:00;30;NO CONTROLS;NO CONTROLS;CLEAR;DARKNESS, LIGHTED ROAD;SIDESWIPE OPPOSITE DIRECTION;NOT DIVIDED;STRAIGHT AND LEVEL;DRY;NO DEFECTS;INJURY AND / OR TOW DUE TO CRASH;;;OVER $1,500;UNDER THE INFLUENCE OF ALCOHOL/DRUGS (USE WHEN ARREST IS EFFECTED);UNDER THE INFLUENCE OF ALCOHOL/DRUGS (USE WHEN ARREST IS EFFECTED);3319;N;NARRAGANSETT AVE;1633;;;;;;;2;REPORTED, NOT EVIDENT;1;0;0;0;1;1;0;1;7;6;41.9407319147;-87.7860098151;{'type': 'Point', 'coordinates': [-87.786009815127, 41.94073191469]};ON SCENE;2025-06-14T01:18:00.000
d7166f5709b3c9e5aba7c69abcee775832ebe3da6955472d5c69c7b8fa072d3835b033e4d03e87c9dd24cf4203f428bdd20ca7c94988d667552f3747d856ca79;2025-06-14 01:06:00;30;NO CONTROLS;NO CONTROLS;CLEAR;DARKNESS, LIGHTED ROAD;PARKED MOTOR VEHICLE;NOT DIVIDED;STRAIGHT AND LEVEL;DRY;UNKNOWN;NO INJURY / DRIVE AWAY;;;OVER $1,500;FAILING TO REDUCE SPEED TO AVOID CRASH;NOT APPLICABLE;2400;N;SHEFFIELD AVE;1932;;;;;;;2;NO INDICATION OF INJURY;0;0;0;0;0;1;0;1;7;6;41.9254223924;-87.6537605693;{'type': 'Point', 'coordinates': [-87.65376056935, 41.925422392375]};ON SCENE;2025-06-14T01:10:00.000
89871d59d7a9f937bdf6c3505aa6744759a1f8ab71c8df847aeb929b40c9fb8ccd324d1fefea1763e4d1aad1d1bb27c56eebaf07bec98af3d60928b03148e213;2025-06-14 01:00:00;25;NO CONTROLS;OTHER;CLEAR;DAYLIGHT;OTHER OBJECT;PARKING LOT;STRAIGHT AND LEVEL;DRY;NO DEFECTS;INJURY AND / OR TOW DUE TO CRASH;;;OVER $1,500;UNABLE TO DETERMINE;UNABLE TO DETERMINE;2300;S;MICHIGAN AVE;131;N;;;;;;1;NONINCAPACITATING INJURY;1;0;0;1;0;0;0;1;7;6;41.8510210813;-87.6239050482;{'type': 'Point', 'coordinates': [-87.623905048197, 41.851021081261]};NOT ON SCENE (DESK REPORT);2025-06-15T14:20:00.000
dc5996a816b24375a990b6b387f0b724ad39a8db82d6abc52ed012a8053ee722b8d99e6c4fc404b260c930f3ff2e2bb992d3c265c20520423aef404663f6df48;2025-06-14 01:00:00;30;TRAFFIC SIGNAL;FUNCTIONING PROPERLY;CLEAR;DARKNESS, LIGHTED ROAD;TURNING;FOUR WAY;STRAIGHT AND LEVEL;DRY;UNKNOWN;NO INJURY / DRIVE AWAY;Y;;$501 - $1,500;IMPROPER LANE USAGE;IMPROPER LANE USAGE;300;W;WACKER DR;122;;;;;;;2;NO INDICATION OF INJURY;0;0;0;0;0;2;0;1;7;6;41.8868854561;-87.6356218242;{'type': 'Point', 'coordinates': [-87.635621824237, 41.886885456143]};NOT ON SCENE (DESK REPORT);2025-06-14T01:55:00.000
dd8f72faacd335463d1245f02eb6e2326cee9d55ce636c53ef72b185a9092695d098331923cd6533463a781a4d4d55480fc72660639688c900c9c581cd379665;2025-06-14 00:58:00;35;TRAFFIC SIGNAL;FUNCTIONING PROPERLY;CLEAR;DARKNESS, LIGHTED ROAD;ANGLE;DIVIDED - W/MEDIAN (NOT RAISED);STRAIGHT AND LEVEL;DRY;NO DEFECTS;INJURY AND / OR TOW DUE TO CRASH;;;OVER $1,500;DISREGARDING TRAFFIC SIGNALS;FAILING TO REDUCE SPEED TO AVOID CRASH;7855;S;CICERO AVE;834;;;;;;;2;NONINCAPACITATING INJURY;5;0;0;5;0;0;0;0;7;6;41.7493604102;-87.7412303585;{'type': 'Point', 'coordinates': [-87.741230358489, 41.749360410224]};ON SCENE;2025-06-14T01:00:00.000
8f5a8db9161cf7bca4c6c5c1de990c81d55db45c585baca47a2a7136640d6fc94d04bb3aec743a6508a4cb764e19196546957e9c72c67c0cd59921a0693b6ae3;2025-06-14 00:55:00;30;TRAFFIC SIGNAL;FUNCTIONING PROPERLY;RAIN;DARKNESS, LIGHTED ROAD;TURNING;NOT DIVIDED;STRAIGHT AND LEVEL;WET;NO DEFECTS;NO INJURY / DRIVE AWAY;Y;;OVER $1,500;IMPROPER TURNING/NO SIGNAL;UNABLE TO DETERMINE;2;N;FRANKLIN ST;122;;;;;;;2;NO INDICATION OF INJURY;0;0;0;0;0;2;0;0;7;6;41.8819639609;-87.6354591712;{'type': 'Point', 'coordinates': [-87.635459171235, 41.881963960924]};NOT ON SCENE (DESK REPORT);2025-06-14T01:30:00.000
43af9e942c5811a9528d93c8579ad5809d259c307060448614572fa4eda5288f033ff23dedbe0ed01acbac761b35e1e774b948ac66aa9628273d1e2c448ba850;2025-06-14 00:40:00;30;STOP SIGN/FLASHER;NO CONTROLS;CLEAR;DARKNESS, LIGHTED ROAD;SIDESWIPE SAME DIRECTION;FOUR WAY;STRAIGHT AND LEVEL;DRY;NO DEFECTS;NO INJURY / DRIVE AWAY;Y;;OVER $1,500;OPERATING VEHICLE IN ERRATIC, RECKLESS, CARELESS, NEGLIGENT OR AGGRESSIVE MANNER;UNABLE TO DETERMINE;1124;W;WASHINGTON BLVD;1224;;;;;;;2;NO INDICATION OF INJURY;0;0;0;0;0;2;0;0;7;6;41.8831124321;-87.6555121757;{'type': 'Point', 'coordinates': [-87.655512175734, 41.883112432132]};NOT ON SCENE (DESK REPORT);2025-06-15T22:15:00.000
ec91d92bc0dbe15832aa6686b95f465b01ed658142a0d6043fcb69cb94761889c8565f5777d5f3d7179ae28ad9e902213e95118ce9dd667622f754751696ae9e;2025-06-14 00:30:00;30;TRAFFIC SIGNAL;UNKNOWN;CLEAR;DARKNESS;REAR END;NOT DIVIDED;STRAIGHT AND LEVEL;DRY;NO DEFECTS;INJURY AND / OR TOW DUE TO CRASH;;;OVER $1,500;UNABLE TO DETERMINE;UNABLE TO DETERMINE;501;W;111TH ST;2233;;;;;;;2;NONINCAPACITATING INJURY;2;0;0;2;0;0;0;0;7;6;41.6923343638;-87.6351958981;{'type': 'Point', 'coordinates': [-87.63519589812, 41.692334363772]};NOT ON SCENE (DESK REPORT);2025-06-14T23:30:00.000
301268c117342996e2515d548e255d69c43b1f7ce98df508ffdcaba4378da6653b085308f05d69919887e674fa7d27c4608f8715de7860e440928b2bb5fcd028;2025-06-14 00:20:00;25;TRAFFIC SIGNAL;UNKNOWN;CLEAR;DARKNESS, LIGHTED ROAD;REAR END;FOUR WAY;STRAIGHT AND LEVEL;DRY;UNKNOWN;NO INJURY / DRIVE AWAY;Y;;$501 - $1,500;UNABLE TO DETERMINE;NOT APPLICABLE;6000;N;CALIFORNIA AVE;2413;;;;;;;2;NO INDICATION OF INJURY;0;0;0;0;0;2;0;0;7;6;41.9905277171;-87.6995520841;{'type': 'Point', 'coordinates': [-87.699552084052, 41.990527717148]};NOT ON SCENE (DESK REPORT);2025-06-14T01:30:00.000
2e213099438c225078f2ee5e4f9b2cfa9c860bfcc4e6eda36438b46b0116702b5651e3255820167250860e183b303700715a7c3aeaed4d481b4499e082f0190b;2025-06-14 00:16:00;30;TRAFFIC SIGNAL;FUNCTIONING PROPERLY;CLEAR;DARKNESS;REAR TO SIDE;OTHER;STRAIGHT AND LEVEL;DRY;UNKNOWN;NO INJURY / DRIVE AWAY;Y;Y;$500 OR LESS;FAILING TO YIELD RIGHT-OF-WAY;UNABLE TO DETERMINE;8708;S;HOLLAND RD;634;;;;;;;2;NO INDICATION OF INJURY;0;0;0;0;0;3;0;0;7;6;41.7357181359;-87.6326305858;{'type': 'Point', 'coordinates': [-87.632630585773, 41.735718135945]};ON SCENE;2025-06-14T00:16:00.000
3d480ce33512142ca838ce6c7c893a2e34bf8abdb6892986891ddba47699a673b7c4f6b74599d2b0a54f20ab713244cca6c1108c2a3484ed713e62448bd00c31;2025-06-14 00:15:00;30;STOP SIGN/FLASHER;FUNCTIONING PROPERLY;CLEAR;DARKNESS, LIGHTED ROAD;ANGLE;FOUR WAY;STRAIGHT AND LEVEL;DRY;UNKNOWN;NO INJURY / DRIVE AWAY;;;OVER $1,500;UNABLE TO DETERMINE;UNABLE TO DETERMINE;1400;W;71ST ST;734;;;;;;;2;NO INDICATION OF INJURY;0;0;0;0;0;2;0;0;7;6;41.7650894399;-87.6590315479;{'type': 'Point', 'coordinates': [-87.659031547879, 41.76508943991]};NOT ON SCENE (DESK REPORT);2025-06-14T00:25:00.000
aa4361775de3ced1b3084751be359698843c550cbca4e84343af61622dd132e563ac7d37d6dfd6bba0ed99f7461d57e93039ee6060bd3a18fc02e909559ae7e7;2025-06-14 00:13:00;30;NO CONTROLS;NO CONTROLS;CLEAR;DARKNESS, LIGHTED ROAD;FIXED OBJECT;NOT DIVIDED;STRAIGHT AND LEVEL;DRY;NO DEFECTS;INJURY AND / OR TOW DUE TO CRASH;;;OVER $1,500;IMPROPER TURNING/NO SIGNAL;NOT APPLICABLE;8328;W;BELMONT AVE;1631;;;;;;;1;NONINCAPACITATING INJURY;1;0;0;1;0;0;0;0;7;6;41.9376856209;-87.8347493959;{'type': 'Point', 'coordinates': [-87.834749395886, 41.937685620949]};ON SCENE;2025-06-14T00:25:00.000
651edea3e610900b7573d915f26889b22d8865e0cf5f8d82dd8426bb39850e56b77d5e70954ef160186a726daa9e039e740944a89fddbf63a51c103b0a7522b4;2025-06-14 00:07:00;30;TRAFFIC SIGNAL;FUNCTIONING PROPERLY;CLEAR;DARKNESS, LIGHTED ROAD;TURNING;FIVE POINT, OR MORE;STRAIGHT AND LEVEL;DRY;UNKNOWN;INJURY AND / OR TOW DUE TO CRASH;Y;;OVER $1,500;IMPROPER TURNING/NO SIGNAL;NOT APPLICABLE;3838;S;PULASKI RD;815;;;;;;;2;INCAPACITATING INJURY;1;0;1;0;0;1;0;0;7;6;41.8231223997;-87.7242001737;{'type': 'Point', 'coordinates': [-87.724200173724, 41.823122399703]};ON SCENE;2025-06-14T00:12:00.000
975336de6602a5e272c1a84c940e3f32e45d87ae71c1c97d068dc427ac07eae0f65e6c7b5e465f7ee2a4b7198e86d1e2059fc9011293211657cb93519eb83d8e;2025-06-14 00:07:00;30;TRAFFIC SIGNAL;FUNCTIONING PROPERLY;FREEZING RAIN/DRIZZLE;DARKNESS, LIGHTED ROAD;OTHER NONCOLLISION;DIVIDED - W/MEDIAN (NOT RAISED);STRAIGHT AND LEVEL;WET;NO DEFECTS;INJURY AND / OR TOW DUE TO CRASH;;;OVER $1,500;WEATHER;NOT APPLICABLE;4298;S;RACINE AVE;924;;;;;;;1;NO INDICATION OF INJURY;0;0;0;0;0;1;0;0;7;6;41.816050508;-87.6554810685;{'type': 'Point', 'coordinates': [-87.655481068453, 41.816050507988]};ON SCENE;2025-06-14T00:14:00.000
80818dd44b8ba602f312f5198c27a4fbae9d8823f51493f99557a31a9c66d5fabfaa963570a10c038df023b667e119746c397955eeedc3c29869b51ade39ad56;2025-06-14 00:05:00;30;NO CONTROLS;NO CONTROLS;CLEAR;DARKNESS, LIGHTED ROAD;PARKED MOTOR VEHICLE;NOT DIVIDED;STRAIGHT AND LEVEL;WET;UNKNOWN;NO INJURY / DRIVE AWAY;;;OVER $1,500;DISTRACTION - FROM INSIDE VEHICLE;NOT APPLICABLE;2222;W;MONTROSE AVE;1911;;;;;;;2;NO INDICATION OF INJURY;0;0;0;0;0;1;0;0;7;6;41.9614754948;-87.6849849716;{'type': 'Point', 'coordinates': [-87.68498497156, 41.961475494766]};NOT ON SCENE (DESK REPORT);2025-06-14T01:00:00.000
50e248545c4b84de9c375cdead609ef996b208693b3764d5092f3fc4b5dc4b33d2d29279436d4d26adf1cbae917c698620677360aefcb2ffec6753656e2095ed;2025-06-14 00:03:00;30;OTHER;FUNCTIONING PROPERLY;CLEAR;DARKNESS, LIGHTED ROAD;PARKED MOTOR VEHICLE;ONE-WAY;STRAIGHT AND LEVEL;DRY;NO DEFECTS;INJURY AND / OR TOW DUE TO CRASH;;;OVER $1,500;UNABLE TO DETERMINE;UNABLE TO DETERMINE;1956;N;ST LOUIS AVE;1422;;;;;;;3;NO INDICATION OF INJURY;0;0;0;0;0;1;0;0;7;6;41.9172913773;-87.7136769989;{'type': 'Point', 'coordinates': [-87.713676998942, 41.917291377321]};ON SCENE;2025-06-14T00:04:00.000
dfeb5da02e2531c000c507d8f1fb646d37e7b669fdced5222aa4f767f1264a0006181d67ea64210bb37746efc67b19b2c92dc26829586935e2298fc8f7103699;2025-06-14 00:01:00;30;NO CONTROLS;NO CONTROLS;CLEAR;DARKNESS;PARKED MOTOR VEHICLE;PARKING LOT;STRAIGHT AND LEVEL;DRY;NO DEFECTS;NO INJURY / DRIVE AWAY;;Y;OVER $1,500;FAILING TO REDUCE SPEED TO AVOID CRASH;NOT APPLICABLE;35;E;59TH ST;232;;;;;;;2;NO INDICATION OF INJURY;0;0;0;0;0;1;0;0;7;6;41.7872783754;-87.6240573057;{'type': 'Point', 'coordinates': [-87.624057305685, 41.787278375368]};ON SCENE;2025-06-14T00:09:00.000
b505895cdee67bdfe7e7fca276a38d7f265189ebf193ba7b8b241f95cf1c62dc1c65c357e5714611b8685fa428ea07ba86f4214993b30de017bfaeab906fbf7e;2025-06-14 00:00:00;30;UNKNOWN;UNKNOWN;UNKNOWN;UNKNOWN;PARKED MOTOR VEHICLE;UNKNOWN;STRAIGHT AND LEVEL;UNKNOWN;UNKNOWN;NO INJURY / DRIVE AWAY;;Y;OVER $1,500;UNABLE TO DETERMINE;NOT APPLICABLE;6250;N;KENMORE AVE;2433;;;;;;;2;NO INDICATION OF INJURY;0;0;0;0;0;1;0;0;7;6;41.9961319213;-87.6571469097;{'type': 'Point', 'coordinates': [-87.657146909675, 41.996131921266]};NOT ON SCENE (DESK REPORT);2025-06-16T16:30:00.000
19fc1b55bf21280f5d249e2c6fecb8a234cd8bf2baf81bf7ad4cce871ff45c14c22f5b37037be47dc1d5f9e91942151cafb130261b7c42f3dbc3cbc19de7c213;2025-06-13 23:57:00;45;NO CONTROLS;NO CONTROLS;CLEAR;DARKNESS, LIGHTED ROAD;SIDESWIPE SAME DIRECTION;DRIVEWAY;STRAIGHT AND LEVEL;DRY;NO DEFECTS;NO INJURY / DRIVE AWAY;;Y;$501 - $1,500;IMPROPER LANE USAGE;IMPROPER LANE USAGE;327;W;BELMONT AVE;1934;;;;;;;2;NO INDICATION OF INJURY;0;0;0;0;0;2;0;23;6;6;41.9401650184;-87.6386971038;{'type': 'Point', 'coordinates': [-87.638697103758, 41.940165018358]};ON SCENE;2025-06-14T00:45:00.000
45c4a92a5f2ad71141db52fb73f1666461b32e138346dfe4a932c0d8c3426596af22b17c2179b539e4755c6334f0b232632312b5249a065f877c6637f78a7938;2025-06-13 23:49:00;20;NO CONTROLS;NO CONTROLS;CLEAR;DARKNESS;PARKED MOTOR VEHICLE;T-INTERSECTION;STRAIGHT AND LEVEL;DRY;NO DEFECTS;INJURY AND / OR TOW DUE TO CRASH;Y;Y;OVER $1,500;UNABLE TO DETERMINE;UNABLE TO DETERMINE;825;W;DIVERSEY PKWY;1935;;;;;;;2;NO INDICATION OF INJURY;0;0;0;0;0;1;0;23;6;6;41.9325881285;-87.6500723525;{'type': 'Point', 'coordinates': [-87.65007235254, 41.932588128495]};ON SCENE;2025-06-13T23:55:00.000
db239208d43574c489496f8de6dfa435fe4d3f913135c927ece8915955bcee12dcefcac38387ebca6221e259c55429707decca395a692d487e700dd0c6989c15;2025-06-13 23:48:00;30;TRAFFIC SIGNAL;FUNCTIONING PROPERLY;CLEAR;DARKNESS, LIGHTED ROAD;PARKED MOTOR VEHICLE;FOUR WAY;STRAIGHT AND LEVEL;DRY;NO DEFECTS;NO INJURY / DRIVE AWAY;Y;;$501 - $1,500;UNDER THE INFLUENCE OF ALCOHOL/DRUGS (USE WHEN ARREST IS EFFECTED);NOT APPLICABLE;3201;W;OHIO ST;1121;;;;;;;2;NO INDICATION OF INJURY;0;0;0;0;0;1;0;23;6;6;41.8917856544;-87.7065047197;{'type': 'Point', 'coordinates': [-87.706504719711, 41.891785654403]};NOT ON SCENE (DESK REPORT);2025-06-13T23:48:00.000
6725429dc2549b3a9f40230fe39de86f7e09cf675760a985d20818856d029cc1f0f4a916ae3aa522868c7a0ddf5797e561040fddd6f4c572ade621aca5fb63a8;2025-06-13 23:38:00;30;NO CONTROLS;NO CONTROLS;CLEAR;DARKNESS, LIGHTED ROAD;SIDESWIPE SAME DIRECTION;NOT DIVIDED;STRAIGHT AND LEVEL;DRY;NO DEFECTS;NO INJURY / DRIVE AWAY;;;$500 OR LESS;NOT APPLICABLE;NOT APPLICABLE;606;N;STATE ST;1832;;;;;;;2;NO INDICATION OF INJURY;0;0;0;0;0;3;0;23;6;6;41.8926734973;-87.6282545302;{'type': 'Point', 'coordinates': [-87.628254530191, 41.892673497328]};ON SCENE;2025-06-14T00:07:00.000
6e4441a70b48be0b08eaf65a9ead664dc6ed25a5f12f3d560f8d95a6de1a4130a037f5c6066e30e6332b5436ad067b65ec913cc4453b5105af395cd2752b5b93;2025-06-13 23:35:00;30;NO CONTROLS;NO CONTROLS;CLEAR;DARKNESS, LIGHTED ROAD;ANGLE;T-INTERSECTION;STRAIGHT AND LEVEL;DRY;NO DEFECTS;INJURY AND / OR TOW DUE TO CRASH;Y;;OVER $1,500;DISREGARDING STOP SIGN;DISREGARDING STOP SIGN;3099;S;DRAKE AVE;1032;;;;;;;2;NONINCAPACITATING INJURY;4;0;0;3;1;1;0;23;6;6;41.8371729666;-87.7132272978;{'type': 'Point', 'coordinates': [-87.713227297787, 41.837172966597]};ON SCENE;2025-06-13T23:36:00.000
1e277172769aaa084cfa78f3ed5c753b88f4536cd5a7296b311fdd2e51d118d5e487943e4679160efdc93751778e71e073c68f280b8a8af39284cae674001d10;2025-06-13 23:31:00;30;NO CONTROLS;NO CONTROLS;CLEAR;DARKNESS, LIGHTED ROAD;REAR TO FRONT;NOT DIVIDED;STRAIGHT AND LEVEL;DRY;NO DEFECTS;NO INJURY / DRIVE AWAY;;;$501 - $1,500;IMPROPER LANE USAGE;DRIVING SKILLS/KNOWLEDGE/EXPERIENCE;9501;S;COTTAGE GROVE AVE;511;;;;;;;2;NO INDICATION OF INJURY;0;0;0;0;0;2;0;23;6;6;41.721934481;-87.6030589686;{'type': 'Point', 'coordinates': [-87.603058968556, 41.721934480956]};ON SCENE;2025-06-13T23:31:00.000
0b7c4411e758d4a9b0a839c4411d1e87ea54b9b5507baf7cc744b090960262b3c0765a3a015beca3775cba25097d9467e7a9143a8d5d5ed1253c5c3f20eac0e5;2025-06-13 23:25:00;30;TRAFFIC SIGNAL;FUNCTIONING PROPERLY;CLEAR;DARKNESS, LIGHTED ROAD;TURNING;DIVIDED - W/MEDIAN BARRIER;STRAIGHT AND LEVEL;UNKNOWN;UNKNOWN;INJURY AND / OR TOW DUE TO CRASH;Y;;OVER $1,500;IMPROPER TURNING/NO SIGNAL;DISREGARDING OTHER TRAFFIC SIGNS;1900;N;ASHLAND AVE;1433;;;;;;;2;NONINCAPACITATING INJURY;1;0;0;1;0;1;0;23;6;6;41.916147281;-87.6679473535;{'type': 'Point', 'coordinates': [-87.667947353504, 41.916147280953]};ON SCENE;2025-06-13T23:28:00.000
ce7ba35ab56f082c175110bc89e7ad4b7e08deefdd3a7d2bbcd611b0f012e34b205212267fc592ad3c01f7ad8500ad2f8f1750d7dc82b3ac52c57722e8327759;2025-06-13 23:25:00;45;STOP SIGN/FLASHER;NO CONTROLS;CLEAR;DARKNESS, LIGHTED ROAD;TURNING;T-INTERSECTION;STRAIGHT AND LEVEL;DRY;UNKNOWN;INJURY AND / OR TOW DUE TO CRASH;Y;;OVER $1,500;UNABLE TO DETERMINE;UNABLE TO DETERMINE;4658;S;LAKE SHORE DR NB;222;;;;;;;2;NONINCAPACITATING INJURY;3;0;0;3;0;2;0;23;6;6;41.8108282806;-87.5895354104;{'type': 'Point', 'coordinates': [-87.58953541043, 41.810828280637]};ON SCENE;2025-06-13T23:28:00.000
471fc69ede2fdbbff97dac7df38a786c80a55d8c5b938114c1b939da435a13d0bada0a7874917e0b9dd76bcff8591134b971fdcdf271dfd48e1fd9240a854a3e;2025-06-13 23:17:00;30;TRAFFIC SIGNAL;UNKNOWN;UNKNOWN;UNKNOWN;REAR END;DIVIDED - W/MEDIAN (NOT RAISED);STRAIGHT AND LEVEL;UNKNOWN;UNKNOWN;NO INJURY / DRIVE AWAY;;Y;OVER $1,500;UNABLE TO DETERMINE;NOT APPLICABLE;3200;W;59TH ST;822;;;;;;;2;NO INDICATION OF INJURY;0;0;0;0;0;2;0;23;6;6;41.7863573187;-87.7034123861;{'type': 'Point', 'coordinates': [-87.70341238607, 41.786357318651]};NOT ON SCENE (DESK REPORT);2025-06-13T23:25:00.000
e61f7d59788d8687197721b9469de9dfd2603eb1d659c415eb109f7faaf3425a9e9bb118d102e513c78b93ae0c7e5f6388ecc1ec05fdd526c2b6ab50d3c43bd7;2025-06-13 23:17:00;30;NO CONTROLS;NO CONTROLS;CLEAR;DARKNESS, LIGHTED ROAD;REAR END;FOUR WAY;STRAIGHT AND LEVEL;DRY;NO DEFECTS;NO INJURY / DRIVE AWAY;;Y;OVER $1,500;UNABLE TO DETERMINE;NOT APPLICABLE;3248;W;NORTH AVE;1422;;;;;;;2;NO INDICATION OF INJURY;0;0;0;0;0;3;0;23;6;6;41.9102010287;-87.7086996383;{'type': 'Point', 'coordinates': [-87.708699638285, 41.910201028736]};NOT ON SCENE (DESK REPORT);2025-06-13T23:48:00.000
e890d26903da347121df62ae4085878558d2166722193989d87c1335822e1b1d6b97b1b87570c2930c0960dd05bd7b2338724e57602589a804d3ffe2a1bb47a2;2025-06-13 23:08:00;30;NO CONTROLS;NO CONTROLS;CLEAR;DARKNESS, LIGHTED ROAD;PARKED MOTOR VEHICLE;NOT DIVIDED;STRAIGHT AND LEVEL;DRY;UNKNOWN;NO INJURY / DRIVE AWAY;;;OVER $1,500;UNABLE TO DETERMINE;NOT APPLICABLE;941;N;CENTRAL AVE;1524;;;;;;;2;NO INDICATION OF INJURY;0;0;0;0;0;1;0;23;6;6;41.8978506109;-87.7653554425;{'type': 'Point', 'coordinates': [-87.76535544248, 41.897850610946]};ON SCENE;2025-06-13T23:17:00.000
e1e56e5a5d2e2ecccc691ff4259936717fbf4ac3ec129a8d854e08411935bbf395d18ccc83d9e61a81d946247a188e0aa831327671e16e8786c8fbfb4393c46f;2025-06-13 23:05:00;25;TRAFFIC SIGNAL;FUNCTIONING PROPERLY;CLEAR;DARKNESS, LIGHTED ROAD;SIDESWIPE SAME DIRECTION;NOT DIVIDED;STRAIGHT AND LEVEL;DRY;NO DEFECTS;NO INJURY / DRIVE AWAY;;;$500 OR LESS;UNABLE TO DETERMINE;UNABLE TO DETERMINE;400;W;63RD ST;711;;;;;;;2;NO INDICATION OF INJURY;0;0;0;0;0;3;0;23;6;6;41.7800180367;-87.6351127639;{'type': 'Point', 'coordinates': [-87.635112763932, 41.780018036652]};ON SCENE;2025-06-13T23:09:00.000
6b924411b9dd0164840812290e82288c6a058436b875a74e90fdca33b07fc90de7f9deefe35685e2edd99d6247355a771ab9f597fdba9c2ed871bcbdc87ffeed;2025-06-13 23:01:00;30;NO CONTROLS;NO CONTROLS;CLEAR;DARKNESS, LIGHTED ROAD;PARKED MOTOR VEHICLE;NOT DIVIDED;STRAIGHT AND LEVEL;DRY;NO DEFECTS;NO INJURY / DRIVE AWAY;;Y;OVER $1,500;IMPROPER OVERTAKING/PASSING;NOT APPLICABLE;3734;W;BELMONT AVE;1732;;;;;;;2;NO INDICATION OF INJURY;0;0;0;0;0;1;0;23;6;6;41.9392769873;-87.7212034318;{'type': 'Point', 'coordinates': [-87.721203431761, 41.939276987259]};ON SCENE;2025-06-13T23:19:00.000
0a204f2cba0f4c7480d216a45c2471c1017e3619985fc4be20fe1d051506843a12edc8077085c19ba45586bd3b3eaa30e3aa69704642bcfc99939d8a87e38bc6;2025-06-13 23:00:00;30;NO CONTROLS;NO CONTROLS;CLEAR;DARKNESS;PARKED MOTOR VEHICLE;ONE-WAY;STRAIGHT AND LEVEL;DRY;NO DEFECTS;NO INJURY / DRIVE AWAY;;;OVER $1,500;UNABLE TO DETERMINE;UNABLE TO DETERMINE;1806;N;WASHTENAW AVE;1421;;;;;;;2;NO INDICATION OF INJURY;0;0;0;0;0;1;0;23;6;6;41.9141784892;-87.694804007;{'type': 'Point', 'coordinates': [-87.694804006994, 41.91417848919]};NOT ON SCENE (DESK REPORT);2025-06-14T15:00:00.000
815d2419731be801f263230da170ae52b5b4cb8356eff6bf3c49503e5bced0a776dab0db3a203cef790a206d8deb9297a51a88f6555728261f643a496a47828c;2025-06-13 22:55:00;25;NO CONTROLS;UNKNOWN;CLEAR;DARKNESS, LIGHTED ROAD;TURNING;FOUR WAY;STRAIGHT AND LEVEL;DRY;UNKNOWN;NO INJURY / DRIVE AWAY;;;OVER $1,500;UNABLE TO DETERMINE;UNABLE TO DETERMINE;1000;S;CICERO AVE;1533;;;;;;;2;NO INDICATION OF INJURY;0;0;0;0;0;2;0;22;6;6;41.8685014917;-87.7449821867;{'type': 'Point', 'coordinates': [-87.744982186651, 41.868501491727]};NOT ON SCENE (DESK REPORT);2025-06-13T23:30:00.000
eb1fa060716766e7f0afe08ab7cfb0af369c15d6667be9f9ae8da8f6e1bb81bc0e4fcd7588c61484ec11f745968dae9c4c9e74a316f444d5a0e040244c2448c6;2025-06-13 22:35:00;30;NO CONTROLS;NO CONTROLS;CLEAR;DARKNESS, LIGHTED ROAD;REAR END;NOT DIVIDED;STRAIGHT AND LEVEL;DRY;NO DEFECTS;NO INJURY / DRIVE AWAY;;;OVER $1,500;UNABLE TO DETERMINE;NOT APPLICABLE;1128;N;HOMAN AVE;1121;;;;;;;4;NO INDICATION OF INJURY;0;0;0;0;0;8;0;22;6;6;41.9019236479;-87.7117930782;{'type': 'Point', 'coordinates': [-87.711793078226, 41.901923647933]};ON SCENE;2025-06-13T22:35:00.000
66a708179d26dfb0a269fad0d7d6a7fef8059a2c1db1ce420f6a800d0413ca47f2ce90a4db5ec6dc3fbcaf6c19479509d2d998bd554640bb1bcf35266b19ec62;2025-06-13 22:20:00;35;NO CONTROLS;NO CONTROLS;CLEAR;DARKNESS, LIGHTED ROAD;TURNING;OTHER;STRAIGHT AND LEVEL;DRY;NO DEFECTS;NO INJURY / DRIVE AWAY;;;OVER $1,500;IMPROPER TURNING/NO SIGNAL;DRIVING SKILLS/KNOWLEDGE/EXPERIENCE;4357;N;PULASKI RD;1723;;;;;;;2;NO INDICATION OF INJURY;0;0;0;0;0;2;0;22;6;6;41.9608253827;-87.7276776172;{'type': 'Point', 'coordinates': [-87.727677617201, 41.96082538273]};NOT ON SCENE (DESK REPORT);2025-06-14T20:00:00.000
cf39e3468580f5b85090ae473e9e6872f381ce3d44071cec318132602effb819858277d0aed5a89b280aeea4fa69616711ae2ee68a92cce8b93139dd5ca2435a;2025-06-13 22:20:00;30;NO CONTROLS;NO CONTROLS;CLEAR;DARKNESS;SIDESWIPE SAME DIRECTION;ONE-WAY;STRAIGHT AND LEVEL;DRY;NO DEFECTS;NO INJURY / DRIVE AWAY;;;$501 - $1,500;FOLLOWING TOO CLOSELY;NOT APPLICABLE;500;S;DEARBORN ST;123;;;;;;;2;NO INDICATION OF INJURY;0;0;0;0;0;3;0;22;6;6;41.8755691096;-87.6293832259;{'type': 'Point', 'coordinates': [-87.629383225868, 41.875569109604]};NOT ON SCENE (DESK REPORT);2025-06-15T16:04:00.000
9b697985613825eb7cde2dae3271dcf830adf025e88b31146cd36f6e9f283c1b4da7e60a3a54e26170aebc1816fcd22d9d172887d7474ace4de94ee8612dc274;2025-06-13 22:04:00;30;TRAFFIC SIGNAL;FUNCTIONING PROPERLY;CLEAR;DARKNESS;PARKED MOTOR VEHICLE;NOT DIVIDED;STRAIGHT AND LEVEL;DRY;NO DEFECTS;INJURY AND / OR TOW DUE TO CRASH;;Y;OVER $1,500;UNABLE TO DETERMINE;UNABLE TO DETERMINE;3500;S;WESTERN BLVD;911;;;;;;;2;NO INDICATION OF INJURY;0;0;0;0;0;1;0;22;6;6;41.8302367756;-87.6846047573;{'type': 'Point', 'coordinates': [-87.684604757265, 41.830236775648]};ON SCENE;2025-06-13T22:04:00.000
9b4065f3e33ff367f5fcebb99af8c34760667ac95cd98635b3b9aba42d45dd3b02464492fc93c7e86e644ff3294046e150915872f0d87c16368bb3609f839cb5;2025-06-13 21:55:00;30;TRAFFIC SIGNAL;UNKNOWN;UNKNOWN;UNKNOWN;REAR END;DIVIDED - W/MEDIAN (NOT RAISED);STRAIGHT AND LEVEL;UNKNOWN;UNKNOWN;NO INJURY / DRIVE AWAY;;Y;OVER $1,500;UNABLE TO DETERMINE;NOT APPLICABLE;3201;W;63RD ST;823;;;;;;;2;NO INDICATION OF INJURY;0;0;0;0;0;2;0;21;6;6;41.7788619983;-87.703255421;{'type': 'Point', 'coordinates': [-87.703255420963, 41.778861998346]};NOT ON SCENE (DESK REPORT);2025-06-13T21:58:00.000
a5790768f3b61ba55af11a838f7288229e2c32e2e276656525e248fd2bf5f220e30a346aa25c3b3496b1c6b12cbb28fedfb29832f063e13780b7c9aa71ade658;2025-06-13 21:47:00;30;TRAFFIC SIGNAL;FUNCTIONING PROPERLY;CLEAR;DARKNESS, LIGHTED ROAD;REAR END;T-INTERSECTION;STRAIGHT AND LEVEL;DRY;NO DEFECTS;NO INJURY / DRIVE AWAY;Y;Y;$500 OR LESS;IMPROPER LANE USAGE;FOLLOWING TOO CLOSELY;211;E;IDA B WELLS DR;114;;;;;;;2;NO INDICATION OF INJURY;0;0;0;0;0;2;0;21;6;6;41.8756458715;-87.6219541233;{'type': 'Point', 'coordinates': [-87.62195412334, 41.875645871503]};NOT ON SCENE (DESK REPORT);2025-06-13T23:06:00.000
2d2809bb0e2887c6ac92c9af55f040c2d97f83beedd259b573ccf7de597285535881dbf672044e6e3440d3e3ebb52d06815508c2105381a4c36bf125e2fb0599;2025-06-13 21:30:00;30;NO CONTROLS;NO CONTROLS;CLEAR;DARKNESS, LIGHTED ROAD;SIDESWIPE SAME DIRECTION;NOT DIVIDED;STRAIGHT AND LEVEL;DRY;NO DEFECTS;NO INJURY / DRIVE AWAY;;;OVER $1,500;UNABLE TO DETERMINE;NOT APPLICABLE;2500;S;ARCHER AVE;913;;;;;;;2;NO INDICATION OF INJURY;0;0;0;0;0;4;0;21;6;6;41.8472613472;-87.6466247965;{'type': 'Point', 'coordinates': [-87.646624796541, 41.847261347181]};NOT ON SCENE (DESK REPORT);2025-06-13T22:00:00.000
d070d31d60b44429052bf2626cebb53f463cbef13705983b271dad0778d14d7a08a28a27677f4de022747ea6f0323004291cadf707206d688958afe55fbd19d8;2025-06-13 21:27:00;30;NO CONTROLS;NO CONTROLS;CLEAR;DARKNESS, LIGHTED ROAD;SIDESWIPE SAME DIRECTION;DIVIDED - W/MEDIAN (NOT RAISED);STRAIGHT AND LEVEL;DRY;NO DEFECTS;NO INJURY / DRIVE AWAY;;;OVER $1,500;FAILING TO YIELD RIGHT-OF-WAY;FAILING TO YIELD RIGHT-OF-WAY;7919;S;DAMEN AVE;611;;;;;;;2;NO INDICATION OF INJURY;0;0;0;0;0;2;0;21;6;6;41.7496634386;-87.6729694297;{'type': 'Point', 'coordinates': [-87.672969429691, 41.749663438624]};ON SCENE;2025-06-13T21:38:00.000
f0a010821e61bbf0ad930ebded023970e91c84ebe16da2f64c50b973702d5eef9e1385c76412825fb608650dd375ec9918099956842b557f9066f674e0e68cd7;2025-06-13 21:21:00;30;STOP SIGN/FLASHER;FUNCTIONING PROPERLY;CLEAR;DARKNESS, LIGHTED ROAD;PEDALCYCLIST;T-INTERSECTION;STRAIGHT AND LEVEL;DRY;NO DEFECTS;INJURY AND / OR TOW DUE TO CRASH;Y;;$500 OR LESS;DRIVING ON WRONG SIDE/WRONG WAY;NOT APPLICABLE;4150;S;ARCHER AVE;921;;;;;;;2;NONINCAPACITATING INJURY;1;0;0;1;0;1;0;21;6;6;41.8180912187;-87.6979450325;{'type': 'Point', 'coordinates': [-87.697945032491, 41.818091218658]};ON SCENE;2025-06-13T21:21:00.000
b965cce40ad40d2201c5caa8e966ebb5c55cf32f056d088d972c2bbdb0c4e486dec4889ddfaf3c2641544c300d242c66c718ec4031ba93850069a03bdaa917e7;2025-06-13 21:15:00;30;TRAFFIC SIGNAL;FUNCTIONING PROPERLY;CLEAR;DARKNESS, LIGHTED ROAD;ANGLE;FOUR WAY;STRAIGHT AND LEVEL;DRY;NO DEFECTS;INJURY AND / OR TOW DUE TO CRASH;Y;Y;OVER $1,500;FAILING TO YIELD RIGHT-OF-WAY;UNABLE TO DETERMINE;6901;S;LAFAYETTE AVE;731;;;;;;;2;NO INDICATION OF INJURY;0;0;0;0;0;4;0;21;6;6;41.7691478168;-87.626519598;{'type': 'Point', 'coordinates': [-87.626519598037, 41.769147816783]};ON SCENE;2025-06-13T21:17:00.000
d733f4f1ef8d197c54f7c27b89c0110712ecd73d5cb6c75d0637a5b8cdf1cb968dcf7f7be4f24a9bf19144defac19007ef96bbb29a2570be8f2aff854241bbee;2025-06-13 21:11:00;30;UNKNOWN;UNKNOWN;CLEAR;DARKNESS;SIDESWIPE SAME DIRECTION;UNKNOWN;STRAIGHT AND LEVEL;DRY;NO DEFECTS;NO INJURY / DRIVE AWAY;;Y;OVER $1,500;UNABLE TO DETERMINE;UNABLE TO DETERMINE;6901;S;STATE ST;322;;;;;;;2;NO INDICATION OF INJURY;0;0;0;0;0;2;0;21;6;6;41.7690980427;-87.6247991399;{'type': 'Point', 'coordinates': [-87.624799139878, 41.769098042657]};NOT ON SCENE (DESK REPORT);2025-06-13T22:00:00.000
659743fadf5861179399823dd7168251740d1879456b4644bcaf81e1a23e3fdc8bc439f86e7bbe7f502256f64e7150a2fe88c037836cf0cdb57a6c8a86d6f002;2025-06-13 21:00:00;30;STOP SIGN/FLASHER;NO CONTROLS;CLEAR;DARKNESS, LIGHTED ROAD;SIDESWIPE SAME DIRECTION;DIVIDED - W/MEDIAN (NOT RAISED);STRAIGHT AND LEVEL;DRY;NO DEFECTS;NO INJURY / DRIVE AWAY;;;OVER $1,500;UNABLE TO DETERMINE;NOT APPLICABLE;2300;W;23RD ST;1034;;;;;;;2;NO INDICATION OF INJURY;0;0;0;0;0;2;0;21;6;6;41.8503596218;-87.6832675098;{'type': 'Point', 'coordinates': [-87.683267509806, 41.850359621819]};NOT ON SCENE (DESK REPORT);2025-06-14T12:15:00.000
b43376fdc43fe5061590d79b506ae3e1c74aec98c19bae18b92f062e5b76a07be89d0ee9f071d316fdea3b5f71da3f75e870922b7bd455bfc9c087530e40e49a;2025-06-13 21:00:00;30;NO CONTROLS;NO CONTROLS;CLEAR;DARKNESS, LIGHTED ROAD;REAR END;NOT DIVIDED;STRAIGHT AND LEVEL;DRY;NO DEFECTS;NO INJURY / DRIVE AWAY;;;OVER $1,500;UNABLE TO DETERMINE;NOT APPLICABLE;8601;S;WESTERN AVE;614;;;;;;;2;NO INDICATION OF INJURY;0;0;0;0;0;3;0;21;6;6;41.7372991317;-87.6824041131;{'type': 'Point', 'coordinates': [-87.682404113088, 41.737299131711]};NOT ON SCENE (DESK REPORT);2025-06-13T22:30:00.000
0d1e6d19c7784e50d4614601fbb67620525b9c2a82d27a2bf4183d62bf91f58f9333ca5461dc305b46fa644add1518bab4bba9a441e14033388abe17f777d45c;2025-06-13 20:50:00;30;TRAFFIC SIGNAL;FUNCTIONING PROPERLY;CLOUDY/OVERCAST;DARKNESS, LIGHTED ROAD;PEDESTRIAN;NOT DIVIDED;STRAIGHT AND LEVEL;DRY;NO DEFECTS;INJURY AND / OR TOW DUE TO CRASH;Y;;$500 OR LESS;NOT APPLICABLE;NOT APPLICABLE;1000;W;63RD ST;712;;;;;;;2;REPORTED, NOT EVIDENT;1;0;0;0;1;1;0;20;6;6;41.7797840729;-87.6497029533;{'type': 'Point', 'coordinates': [-87.64970295329, 41.779784072879]};ON SCENE;2025-06-13T20:56:00.000
0e9164e50d393c185f8f0a6b132b51ccb0e5ac86770f0c8710e6a679f12fa257b358f51c469dd45af00128e9bf7d98433f47d8b4a93802d51ad56733572583c3;2025-06-13 20:45:00;30;NO CONTROLS;NO CONTROLS;CLEAR;DAYLIGHT;REAR END;NOT DIVIDED;STRAIGHT AND LEVEL;DRY;NO DEFECTS;NO INJURY / DRIVE AWAY;;;$501 - $1,500;FOLLOWING TOO CLOSELY;FOLLOWING TOO CLOSELY;6446;N;SHERIDAN RD;2432;;;;;;;2;NO INDICATION OF INJURY;0;0;0;0;0;2;0;20;6;6;41.9995381761;-87.6608241032;{'type': 'Point', 'coordinates': [-87.660824103225, 41.999538176118]};NOT ON SCENE (DESK REPORT);2025-06-14T15:00:00.000
6abc9d62e99661dab990f7dc123c18e5f94ac5195f8e32f3587c607fd16c763777e4d7048d0303b68529e373f069c4fd1ac7091b1ff63a05a77f4d48cf765199;2025-06-13 20:45:00;25;TRAFFIC SIGNAL;FUNCTIONING PROPERLY;CLEAR;DARKNESS, LIGHTED ROAD;REAR END;FOUR WAY;STRAIGHT AND LEVEL;DRY;NO DEFECTS;NO INJURY / DRIVE AWAY;;;$501 - $1,500;FAILING TO REDUCE SPEED TO AVOID CRASH;NOT APPLICABLE;957;N;PULASKI RD;1112;;;;;;;2;NO INDICATION OF INJURY;0;0;0;0;0;2;0;20;6;6;41.8988749605;-87.7260426077;{'type': 'Point', 'coordinates': [-87.726042607707, 41.898874960486]};NOT ON SCENE (DESK REPORT);2025-06-14T10:00:00.000
c1e96969bffb879224bd090eb2d2855eed032dbbacad0a1be8bc5c9edd6bbada249304f4f372a16860763817f26d74f04db6da696b617aed884f75f86fe6ad77;2025-06-13 20:43:00;25;NO CONTROLS;NO CONTROLS;CLEAR;DARKNESS;PARKED MOTOR VEHICLE;NOT DIVIDED;STRAIGHT AND LEVEL;DRY;NO DEFECTS;NO INJURY / DRIVE AWAY;;Y;OVER $1,500;DRIVING SKILLS/KNOWLEDGE/EXPERIENCE;FAILING TO YIELD RIGHT-OF-WAY;207;S;RACINE AVE;1232;;;;;;;2;NO INDICATION OF INJURY;0;0;0;0;0;1;0;20;6;6;41.8788334919;-87.6568966909;{'type': 'Point', 'coordinates': [-87.656896690947, 41.878833491936]};NOT ON SCENE (DESK REPORT);2025-06-16T10:00:00.000
c4b94f3c53af6ff2978d0053906cebfc74ef3e53bb1b4d32d9329ba093cb9ff2060c8939e6941115421f0c4915a51a1d46bf5129ee01f334435c78e4cfd42079;2025-06-13 20:42:00;30;NO CONTROLS;NO CONTROLS;CLEAR;DARKNESS, LIGHTED ROAD;TURNING;CENTER TURN LANE;STRAIGHT AND LEVEL;DRY;NO DEFECTS;INJURY AND / OR TOW DUE TO CRASH;;;OVER $1,500;FAILING TO YIELD RIGHT-OF-WAY;NOT APPLICABLE;299;E;130TH ST;533;;;;;;;2;NO INDICATION OF INJURY;0;0;0;0;0;2;0;20;6;6;41.6582228485;-87.6152785896;{'type': 'Point', 'coordinates': [-87.61527858962, 41.658222848535]};ON SCENE;2025-06-13T21:31:00.000
a531f76b3b223d5107744371c492954bf03628d0289b3b7463c1f8d1e68ae48d4afd47e72368611b53c2fe9d3aad4c8423510933072210b21c4d5bd432ad3866;2025-06-13 20:40:00;30;TRAFFIC SIGNAL;FUNCTIONING PROPERLY;CLEAR;DARKNESS, LIGHTED ROAD;TURNING;NOT DIVIDED;STRAIGHT AND LEVEL;DRY;NO DEFECTS;NO INJURY / DRIVE AWAY;;Y;OVER $1,500;UNABLE TO DETERMINE;NOT APPLICABLE;9851;S;WESTERN AVE;2213;;;;;;;2;NO INDICATION OF INJURY;0;0;0;0;0;2;0;20;6;6;41.7139834526;-87.6817035892;{'type': 'Point', 'coordinates': [-87.681703589232, 41.713983452596]};NOT ON SCENE (DESK REPORT);2025-06-13T21:20:00.000
dc6d7e5e9069f0e237dbc1605d48e3ad5c7fd091d9f370d9fef96d008b1ea012122cb5c562e7ef5c5581b6be26a8bde633e9879e43d32810e423b72c2e56247b;2025-06-13 20:30:00;30;NO CONTROLS;NO CONTROLS;CLEAR;DAYLIGHT;PARKED MOTOR VEHICLE;NOT DIVIDED;STRAIGHT ON GRADE;DRY;NO DEFECTS;NO INJURY / DRIVE AWAY;;Y;$501 - $1,500;UNABLE TO DETERMINE;NOT APPLICABLE;909;W;ADDISON ST;1924;;;;;;;2;NO INDICATION OF INJURY;0;0;0;0;0;1;0;20;6;6;41.9471686728;-87.6522966407;{'type': 'Point', 'coordinates': [-87.652296640679, 41.947168672779]};NOT ON SCENE (DESK REPORT);2025-06-14T14:00:00.000
210df8c38edc930035f3641a149d68c1be1571cf9e03df456438e824e4caf3f050996aba00834b964b4c6cc45600c81ed0ac655c118387b01f55ae28103f855b;2025-06-13 20:20:00;30;NO CONTROLS;NO CONTROLS;CLEAR;DUSK;ANGLE;NOT DIVIDED;STRAIGHT AND LEVEL;DRY;NO DEFECTS;INJURY AND / OR TOW DUE TO CRASH;Y;;OVER $1,500;FAILING TO YIELD RIGHT-OF-WAY;UNABLE TO DETERMINE;3820;W;NORTH AVE;2535;;;;;;;2;NONINCAPACITATING INJURY;1;0;0;1;0;2;0;20;6;6;41.9100400643;-87.7223759183;{'type': 'Point', 'coordinates': [-87.722375918261, 41.910040064322]};ON SCENE;2025-06-13T20:20:00.000
edc5bd7c8a2f02032555cb0806abf4669919f15b1380be2ee7350736b85aa300dbd0748ba5adf0f717e21df86d78e4ba037830e7fc102f80fef7f00802ade146;2025-06-13 20:20:00;30;NO CONTROLS;NO CONTROLS;CLEAR;DARKNESS, LIGHTED ROAD;SIDESWIPE SAME DIRECTION;UNKNOWN;STRAIGHT AND LEVEL;WET;UNKNOWN;NO INJURY / DRIVE AWAY;;;$501 - $1,500;FAILING TO YIELD RIGHT-OF-WAY;UNABLE TO DETERMINE;164;N;PEORIA ST;1224;Y;;;;;;2;NO INDICATION OF INJURY;0;0;0;0;0;2;0;20;6;6;41.8849597552;-87.6499356021;{'type': 'Point', 'coordinates': [-87.649935602125, 41.884959755234]};NOT ON SCENE (DESK REPORT);2025-06-13T21:00:00.000
7589722bd9e0e999df3631b90f7f53ca95a9fa12ca30cf55e02664b2e11d86967d7cf1849bff3c014862df18d969dc5cc4ff4df48c39e6a0a5634a2400ce037f;2025-06-13 20:15:00;30;NO CONTROLS;NO CONTROLS;CLEAR;DAYLIGHT;SIDESWIPE SAME DIRECTION;ONE-WAY;STRAIGHT AND LEVEL;DRY;NO DEFECTS;NO INJURY / DRIVE AWAY;;;$501 - $1,500;IMPROPER BACKING;DRIVING SKILLS/KNOWLEDGE/EXPERIENCE;1648;N;KEYSTONE AVE;2534;;;;;;;2;NO INDICATION OF INJURY;0;0;0;0;0;3;0;20;6;6;41.9113141801;-87.7277464943;{'type': 'Point', 'coordinates': [-87.727746494276, 41.911314180065]};NOT ON SCENE (DESK REPORT);2025-06-13T21:15:00.000
00df804315d0f19e40a281edaa6c8d964b3c99e685e9a6cab82cd1846ea063b8c1c4f471237be7c4db9e405ac5458a903e2643ded9e7b7cad30b30bbac31f785;2025-06-13 20:00:00;35;NO CONTROLS;NO CONTROLS;CLEAR;DARKNESS, LIGHTED ROAD;TURNING;NOT DIVIDED;STRAIGHT AND LEVEL;DRY;NO DEFECTS;NO INJURY / DRIVE AWAY;;;$501 - $1,500;IMPROPER TURNING/NO SIGNAL;FAILING TO REDUCE SPEED TO AVOID CRASH;3532;W;LAWRENCE AVE;1712;;;;;;;2;NO INDICATION OF INJURY;0;0;0;0;0;2;0;20;6;6;41.9684720964;-87.7171742267;{'type': 'Point', 'coordinates': [-87.717174226661, 41.968472096372]};NOT ON SCENE (DESK REPORT);2025-06-13T20:20:00.000
518650532a1375511f43d383cf95b4923d812e15d9ae32ed974e1e4330faae2650e77655775bef2051564e9449cde97ece3208f3f72d4205cf03cf8b692b9951;2025-06-13 20:00:00;25;TRAFFIC SIGNAL;FUNCTIONING PROPERLY;CLEAR;DUSK;ANGLE;FOUR WAY;STRAIGHT AND LEVEL;DRY;NO DEFECTS;NO INJURY / DRIVE AWAY;;Y;OVER $1,500;UNABLE TO DETERMINE;UNABLE TO DETERMINE;5800;S;PRINCETON AVE;711;;;;;;;2;NO INDICATION OF INJURY;0;0;0;0;0;2;0;20;6;6;41.7887653676;-87.6329918687;{'type': 'Point', 'coordinates': [-87.6329918687, 41.788765367606]};NOT ON SCENE (DESK REPORT);2025-06-14T13:00:00.000
999aa216d10b0b3011943da6d23a9e5695925d1d600e83a41f8042fa7d202d40ef4dfe01b105441b097cba88650f8388b23f69a5e0a101417d572c45b10db49f;2025-06-13 20:00:00;10;NO CONTROLS;NO CONTROLS;CLEAR;DARKNESS, LIGHTED ROAD;PARKED MOTOR VEHICLE;UNKNOWN;STRAIGHT AND LEVEL;DRY;NO DEFECTS;NO INJURY / DRIVE AWAY;;;OVER $1,500;DRIVING SKILLS/KNOWLEDGE/EXPERIENCE;UNABLE TO DETERMINE;1624;N;HALSTED ST;1813;;;;;;;2;NO INDICATION OF INJURY;0;0;0;0;0;3;0;20;6;6;41.9117000688;-87.6484409627;{'type': 'Point', 'coordinates': [-87.648440962729, 41.91170006882]};;2025-06-14T11:00:00.000
5a970998f68b23866ee2bc5efcacbfaa1773251eb75afa3e5d933a78831545088c67796df5b0719a6281abd8b673657725a08672103ccdc0c40726dd12543128;2025-06-13 19:58:00;35;TRAFFIC SIGNAL;FUNCTIONING PROPERLY;CLEAR;DAYLIGHT;PEDALCYCLIST;FOUR WAY;STRAIGHT AND LEVEL;DRY;NO DEFECTS;INJURY AND / OR TOW DUE TO CRASH;Y;Y;$500 OR LESS;IMPROPER OVERTAKING/PASSING;IMPROPER TURNING/NO SIGNAL;2;E;RANDOLPH ST;111;;;;;;;2;NONINCAPACITATING INJURY;1;0;0;1;0;1;0;19;6;6;41.884600962;-87.627828521;{'type': 'Point', 'coordinates': [-87.627828520965, 41.884600961961]};ON SCENE;2025-06-13T19:58:00.000
10df5fb575a28db35d90f06274d971ae88dd8d723d732b7e3517c363137cc2e5a9b61fc5531021c17f6f033c0264a7fcd3896e509e440885b07ff563cc111af9;2025-06-13 19:50:00;30;TRAFFIC SIGNAL;FUNCTIONING PROPERLY;CLEAR;DARKNESS, LIGHTED ROAD;TURNING;FOUR WAY;STRAIGHT AND LEVEL;DRY;UNKNOWN;NO INJURY / DRIVE AWAY;Y;;$501 - $1,500;FAILING TO YIELD RIGHT-OF-WAY;FAILING TO YIELD RIGHT-OF-WAY;800;N;HOYNE AVE;1212;;;;;;;2;NO INDICATION OF INJURY;0;0;0;0;0;2;0;19;6;6;41.8959108218;-87.679648923;{'type': 'Point', 'coordinates': [-87.679648922969, 41.895910821791]};NOT ON SCENE (DESK REPORT);2025-06-13T22:05:00.000
f43fd9ffb417b949f5080078f932ba6b0e7f8339bac88a934f1dd7a094565bc7a9a72e1ff4206cac83317b8ab5ac96d06670c72accc97fd6eecf5e65ecda5f2c;2025-06-13 19:50:00;30;NO CONTROLS;NO CONTROLS;CLEAR;DAYLIGHT;PARKED MOTOR VEHICLE;ONE-WAY;STRAIGHT AND LEVEL;DRY;NO DEFECTS;NO INJURY / DRIVE AWAY;N;;OVER $1,500;OPERATING VEHICLE IN ERRATIC, RECKLESS, CARELESS, NEGLIGENT OR AGGRESSIVE MANNER;UNABLE TO DETERMINE;10522;S;LAFAYETTE AVE;512;;;;;;;4;NO INDICATION OF INJURY;0;0;0;0;0;1;0;19;6;6;41.7028120303;-87.6247350153;{'type': 'Point', 'coordinates': [-87.624735015286, 41.702812030326]};NOT ON SCENE (DESK REPORT);2025-06-13T21:00:00.000
12e3994ce07b4d0c1e8c9e7be94cdd0e800aba6e391f697a6216006dc284f9e58ddadd1a9118f2fca609ca85d3b7757090224c83efc0b82efadce29f705a9903;2025-06-13 19:47:00;30;TRAFFIC SIGNAL;FUNCTIONING PROPERLY;CLEAR;DUSK;TURNING;DIVIDED - W/MEDIAN (NOT RAISED);STRAIGHT AND LEVEL;DRY;UNKNOWN;NO INJURY / DRIVE AWAY;;;OVER $1,500;UNABLE TO DETERMINE;NOT APPLICABLE;3500;S;KOSTNER AVE;1031;;;;;;;2;NO INDICATION OF INJURY;0;0;0;0;0;2;0;19;6;6;41.83053058;-87.7355759982;{'type': 'Point', 'coordinates': [-87.735575998177, 41.830530579976]};ON SCENE;2025-06-13T20:18:00.000
aafd0d4043b073f27277bf8b5d76d8f7cdc592150f3f4aa7f921f4f619a565a9312276fe0a087f7811eb1b1a7b1b1a8bae7db3ec47a7a4481e661327c4226cf1;2025-06-13 19:44:00;30;TRAFFIC SIGNAL;FUNCTIONING PROPERLY;CLEAR;DAYLIGHT;TURNING;FOUR WAY;STRAIGHT AND LEVEL;DRY;NO DEFECTS;NO INJURY / DRIVE AWAY;Y;;OVER $1,500;IMPROPER TURNING/NO SIGNAL;IMPROPER LANE USAGE;12401;S;HALSTED ST;523;;;;;;;2;NO INDICATION OF INJURY;0;0;0;0;0;2;0;19;6;6;41.6686265303;-87.6414545717;{'type': 'Point', 'coordinates': [-87.641454571743, 41.668626530316]};ON SCENE;2025-06-13T20:23:00.000
0505ab832385d29809e3109d2df606033124be80146b5194ba89a911c485f248f6a4267a4acbe2c85a2fac3198433196cb4c5da00536961cb7044cb1b958800f;2025-06-13 19:30:00;30;STOP SIGN/FLASHER;FUNCTIONING PROPERLY;CLEAR;DAYLIGHT;TURNING;DIVIDED - W/MEDIAN (NOT RAISED);STRAIGHT AND LEVEL;DRY;NO DEFECTS;NO INJURY / DRIVE AWAY;;;OVER $1,500;IMPROPER TURNING/NO SIGNAL;FAILING TO YIELD RIGHT-OF-WAY;3334;N;KEYSTONE AVE;1731;;;;;;;2;NO INDICATION OF INJURY;0;0;0;0;0;4;0;19;6;6;;;;ON SCENE;2025-06-13T20:00:00.000
1a338e6002de78891ac1b7551247da8d632abd4e0ed536e0ccc08e27b1fffdbf93257d21f84ba09c51176fe5b027b8eaaeacb8274812286ace9a7c89d3a60f97;2025-06-13 19:30:00;30;NO CONTROLS;NO CONTROLS;CLEAR;DAYLIGHT;PEDALCYCLIST;DIVIDED - W/MEDIAN (NOT RAISED);STRAIGHT AND LEVEL;DRY;NO DEFECTS;INJURY AND / OR TOW DUE TO CRASH;;;OVER $1,500;IMPROPER TURNING/NO SIGNAL;FAILING TO REDUCE SPEED TO AVOID CRASH;4726;N;CLARK ST;1912;;;;;;;2;REPORTED, NOT EVIDENT;1;0;0;0;1;1;0;19;6;6;41.9678866535;-87.667440195;{'type': 'Point', 'coordinates': [-87.66744019495, 41.967886653484]};ON SCENE;2025-06-13T19:36:00.000
3cf20e182abcd74c17762c0dca70966d95a87694a4202c1ec4292fba84696d4180cdb2b16fab127da4fd7889766200025f3e86d27f781312981c21689d0c6a8a;2025-06-13 19:30:00;30;NO CONTROLS;NO CONTROLS;CLEAR;UNKNOWN;PARKED MOTOR VEHICLE;ONE-WAY;STRAIGHT AND LEVEL;DRY;NO DEFECTS;NO INJURY / DRIVE AWAY;;Y;OVER $1,500;DRIVING SKILLS/KNOWLEDGE/EXPERIENCE;UNABLE TO DETERMINE;4700;W;FLOURNOY ST;1131;;;;;;;2;NO INDICATION OF INJURY;0;0;0;0;0;1;0;19;6;6;41.8724190745;-87.742600422;{'type': 'Point', 'coordinates': [-87.742600421981, 41.872419074484]};ON SCENE;2025-06-14T04:58:00.000
9651a5658fbdf8ba53c417df7492795daef38e5da5baf84a7a146206c9340e81fa90b28d6f463d003b16af2b2180fec47a12c095d52432ee420520762a096fb7;2025-06-13 19:30:00;30;NO CONTROLS;NO CONTROLS;UNKNOWN;DARKNESS, LIGHTED ROAD;REAR END;DIVIDED - W/MEDIAN BARRIER;STRAIGHT AND LEVEL;UNKNOWN;UNKNOWN;NO INJURY / DRIVE AWAY;;;OVER $1,500;UNABLE TO DETERMINE;UNABLE TO DETERMINE;3624;W;IRVING PARK RD;1723;;;;;;;2;NO INDICATION OF INJURY;0;0;0;0;0;4;0;19;6;6;41.9538462176;-87.7189428927;{'type': 'Point', 'coordinates': [-87.718942892703, 41.953846217626]};NOT ON SCENE (DESK REPORT);2025-06-13T20:15:00.000
6f347ec7addd197b464c03fbb222a3572ad46f600c02cb1c4d5822e0a81e6bd3c10cfb6c823a5f834d3f3006dde1c6c546c766558fd8adff400a9755d179196a;2025-06-13 19:25:00;30;NO CONTROLS;NO CONTROLS;CLEAR;DAYLIGHT;REAR END;DIVIDED - W/MEDIAN (NOT RAISED);STRAIGHT AND LEVEL;DRY;NO DEFECTS;NO INJURY / DRIVE AWAY;Y;;OVER $1,500;FAILING TO REDUCE SPEED TO AVOID CRASH;FAILING TO REDUCE SPEED TO AVOID CRASH;733;W;69TH ST;732;;N;;;;;2;NO INDICATION OF INJURY;0;0;0;0;0;4;0;19;6;6;41.768751438;-87.6431002663;{'type': 'Point', 'coordinates': [-87.64310026626, 41.768751437975]};ON SCENE;2025-06-13T19:32:00.000
74521230ae765d7c99437f27ca5071f43b0d80a90ad904836399de150ec35380e7afec937237bfb8d06e6950253a8529265cc3419aa323d4cb0bf7aa7779a173;2025-06-13 19:20:00;30;TRAFFIC SIGNAL;FUNCTIONING PROPERLY;CLEAR;DAYLIGHT;REAR END;DIVIDED - W/MEDIAN BARRIER;STRAIGHT AND LEVEL;DRY;NO DEFECTS;INJURY AND / OR TOW DUE TO CRASH;Y;;OVER $1,500;UNABLE TO DETERMINE;UNABLE TO DETERMINE;800;N;HALSTED ST;1213;;;;;;;2;NO INDICATION OF INJURY;0;0;0;0;0;4;0;19;6;6;41.8964740178;-87.6478949927;{'type': 'Point', 'coordinates': [-87.647894992663, 41.896474017804]};ON SCENE;2025-06-13T19:23:00.000
b23a30305201f58764b0adf4ad1637278f9dc7c3eaeef76d285483e03bd683f859b42c1efcfce385d6f8401c49cf798f7e8f5cd653e77e82f50cb3b827abe011;2025-06-13 19:15:00;30;TRAFFIC SIGNAL;FUNCTIONING PROPERLY;CLEAR;DAYLIGHT;REAR END;DIVIDED - W/MEDIAN BARRIER;STRAIGHT AND LEVEL;DRY;NO DEFECTS;NO INJURY / DRIVE AWAY;;Y;OVER $1,500;UNABLE TO DETERMINE;UNABLE TO DETERMINE;4401;W;LAKE ST;1113;;;;;;;2;NO INDICATION OF INJURY;0;0;0;0;0;6;0;19;6;6;41.8859213668;-87.7357793169;{'type': 'Point', 'coordinates': [-87.735779316909, 41.88592136685]};NOT ON SCENE (DESK REPORT);2025-06-13T20:20:00.000
992bb72b81cfd1d2d5cd4b9246b08c3eed0f99ab67aeb0518a9e575194277707c0ad6e1eb27581240cbd62f98be6b79f3ce7a6ae2d8f3860d76429850e39ca87;2025-06-13 19:04:00;30;TRAFFIC SIGNAL;FUNCTIONING PROPERLY;CLEAR;DAYLIGHT;REAR END;FOUR WAY;STRAIGHT AND LEVEL;DRY;NO DEFECTS;INJURY AND / OR TOW DUE TO CRASH;Y;;OVER $1,500;EQUIPMENT - VEHICLE CONDITION;NOT APPLICABLE;1001;N;CENTRAL AVE;1524;;;;;;;2;NONINCAPACITATING INJURY;1;0;0;1;0;2;0;19;6;6;41.8985451645;-87.7653794163;{'type': 'Point', 'coordinates': [-87.765379416268, 41.898545164532]};ON SCENE;2025-06-13T19:09:00.000
fde7bbcf4deb5e238607ea422d6d09c4edcaaa2d50493ca6cdcbccb83626b952c1fd6df82eb44f901b08be45be49821f4cb363a01df2e93b510549b53aacb5df;2025-06-13 19:00:00;30;NO CONTROLS;NO CONTROLS;CLOUDY/OVERCAST;DAYLIGHT;TURNING;NOT DIVIDED;STRAIGHT AND LEVEL;DRY;NO DEFECTS;INJURY AND / OR TOW DUE TO CRASH;Y;Y;OVER $1,500;FAILING TO YIELD RIGHT-OF-WAY;IMPROPER TURNING/NO SIGNAL;4906;W;AUGUSTA BLVD;1531;;;;;;;2;NO INDICATION OF INJURY;0;0;0;0;0;2;0;19;6;6;41.8987619682;-87.7486937187;{'type': 'Point', 'coordinates': [-87.748693718689, 41.898761968177]};ON SCENE;2025-06-13T19:14:00.000
161d54f7e8724494b772333361ef7c8799f014b1ebf725529e8af91625b1d0aa74eda073d20c14eda151bc4323a9a954b0c1fc1aa2e9972acb84c0a7a5d8a209;2025-06-13 18:55:00;30;TRAFFIC SIGNAL;FUNCTIONING PROPERLY;CLEAR;DAYLIGHT;REAR END;ONE-WAY;STRAIGHT AND LEVEL;DRY;NO DEFECTS;NO INJURY / DRIVE AWAY;;Y;$500 OR LESS;UNABLE TO DETERMINE;NOT APPLICABLE;805;W;99TH ST;2232;;;;;;;2;NO INDICATION OF INJURY;0;0;0;0;0;3;0;18;6;6;41.714101803;-87.6432327265;{'type': 'Point', 'coordinates': [-87.643232726528, 41.714101802965]};ON SCENE;2025-06-13T19:05:00.000
de16d38a36d04258bc5f2a3dc59a931fcbf58697eab5448c967e4073dfd12887bb334756c4d16ab2d0665d09f7a2c604f7d71cecdef21b454bcf0d1cf067494e;2025-06-13 18:55:00;30;TRAFFIC SIGNAL;UNKNOWN;UNKNOWN;UNKNOWN;PEDESTRIAN;NOT DIVIDED;STRAIGHT AND LEVEL;UNKNOWN;UNKNOWN;INJURY AND / OR TOW DUE TO CRASH;N;Y;OVER $1,500;FAILING TO REDUCE SPEED TO AVOID CRASH;NOT APPLICABLE;6900;S;DR MARTIN LUTHER KING JR DR;322;;;;;;;2;NONINCAPACITATING INJURY;1;0;0;1;0;1;0;18;6;6;41.769246677;-87.6154989599;{'type': 'Point', 'coordinates': [-87.61549895992, 41.769246676973]};ON SCENE;2025-06-13T18:56:00.000
86ed692e84764163921ef11fa9bc54462e7bc9c705b7ebcac90f82d80836ec36229b6df2fd68c4fa17e57320633a9d70d846f77b5413b767b18160a615686a88;2025-06-13 18:50:00;25;NO CONTROLS;NO CONTROLS;CLOUDY/OVERCAST;DAYLIGHT;SIDESWIPE SAME DIRECTION;PARKING LOT;STRAIGHT AND LEVEL;UNKNOWN;UNKNOWN;NO INJURY / DRIVE AWAY;;;OVER $1,500;UNABLE TO DETERMINE;NOT APPLICABLE;524;W;OHARE ST;1654;;;;;;;2;NO INDICATION OF INJURY;0;0;0;0;0;2;0;18;6;6;;;;ON SCENE;2025-06-13T18:54:00.000
bf9f0ed3024340911a28c6d92b281d24443e9e8525152b061aa9572a269698fe9917f0c20358289734a163cc2cb5f78032d025263302d35e3ea95c2d06b47d02;2025-06-13 18:45:00;35;NO CONTROLS;NO CONTROLS;CLEAR;DAYLIGHT;REAR END;NOT DIVIDED;STRAIGHT AND LEVEL;DRY;NO DEFECTS;NO INJURY / DRIVE AWAY;;;$501 - $1,500;FOLLOWING TOO CLOSELY;FAILING TO REDUCE SPEED TO AVOID CRASH;3865;N;ELSTON AVE;1732;;;;;;;3;NO INDICATION OF INJURY;0;0;0;0;0;3;0;18;6;6;41.9516540546;-87.715958859;{'type': 'Point', 'coordinates': [-87.715958859042, 41.951654054621]};NOT ON SCENE (DESK REPORT);2025-06-13T19:00:00.000
dc0a61ab0bc596f1f3cb69b4e06bb4d0c99900e65b4bd9954163700631066077a2c3263fee8eb7db728dc49c336878b22881e72c28ee523db9165ba46fcf24b8;2025-06-13 18:45:00;25;STOP SIGN/FLASHER;UNKNOWN;CLEAR;DAYLIGHT;TURNING;T-INTERSECTION;STRAIGHT AND LEVEL;WET;UNKNOWN;NO INJURY / DRIVE AWAY;;;OVER $1,500;FAILING TO YIELD RIGHT-OF-WAY;NOT APPLICABLE;2430;W;WILSON AVE;1911;;;;;;;2;NO INDICATION OF INJURY;0;0;0;0;0;2;0;18;6;6;41.9649557925;-87.6900739806;{'type': 'Point', 'coordinates': [-87.690073980621, 41.964955792547]};NOT ON SCENE (DESK REPORT);2025-06-13T19:20:00.000
aac962d5697451143fbaa8433a6d743b5dc7bb2a5367cf9f73dc815b00747c58cae1ead19f479843f432cc70682085d9cf311e271f63592d4b0a996b00921fbe;2025-06-13 18:37:00;25;NO CONTROLS;NO CONTROLS;CLEAR;DAYLIGHT;PARKED MOTOR VEHICLE;DIVIDED - W/MEDIAN (NOT RAISED);STRAIGHT AND LEVEL;DRY;NO DEFECTS;NO INJURY / DRIVE AWAY;;Y;$501 - $1,500;UNABLE TO DETERMINE;UNABLE TO DETERMINE;8015;S;KARLOV AVE;834;;;;;;;2;NO INDICATION OF INJURY;0;0;0;0;0;1;0;18;6;6;41.7470921811;-87.7240604819;{'type': 'Point', 'coordinates': [-87.724060481851, 41.747092181121]};NOT ON SCENE (DESK REPORT);2025-06-14T14:35:00.000
042cab2cd4458910513de4314695c419eb1c05d0c5a0983ce1034743ab57a535540ceb76b350d2d36a6c06e45cd963487fc0f9ed64a0e8c336f680429328f845;2025-06-13 18:30:00;30;NO CONTROLS;NO CONTROLS;CLEAR;DAYLIGHT;SIDESWIPE SAME DIRECTION;NOT DIVIDED;STRAIGHT AND LEVEL;DRY;NO DEFECTS;NO INJURY / DRIVE AWAY;;;$501 - $1,500;FAILING TO YIELD RIGHT-OF-WAY;NOT APPLICABLE;327;W;87TH ST;634;;;;;;;2;NO INDICATION OF INJURY;0;0;0;0;0;3;0;18;6;6;41.7358633345;-87.6326776307;{'type': 'Point', 'coordinates': [-87.632677630684, 41.735863334466]};ON SCENE;2025-06-13T18:52:00.000
31e8cbbba39b1c29c1270099bc2f7f6b2843a69dc9cfba2f71503fff3e0f66277c70b5d19aa36013b31122bd9a880e56eae0f67f26392193a05327cd2806e590;2025-06-13 18:30:00;30;TRAFFIC SIGNAL;FUNCTIONING PROPERLY;CLOUDY/OVERCAST;DAYLIGHT;SIDESWIPE SAME DIRECTION;NOT DIVIDED;STRAIGHT AND LEVEL;DRY;NO DEFECTS;NO INJURY / DRIVE AWAY;Y;Y;OVER $1,500;UNABLE TO DETERMINE;NOT APPLICABLE;4600;N;PULASKI RD;1722;;;;;;;2;NO INDICATION OF INJURY;0;0;0;0;0;3;0;18;6;6;41.9646447659;-87.7280765643;{'type': 'Point', 'coordinates': [-87.728076564314, 41.964644765911]};NOT ON SCENE (DESK REPORT);2025-06-13T19:15:00.000
0d5a10d29701052b929885418cd542391d98bfc0f17d8b84015376e47f17ba58303f049929345cba4e2622bdc10b613dd6ef29e425033c5b7b2ddc784c14d0c6;2025-06-13 18:17:00;25;NO CONTROLS;NO CONTROLS;CLEAR;DAYLIGHT;PARKED MOTOR VEHICLE;ONE-WAY;STRAIGHT AND LEVEL;DRY;NO DEFECTS;NO INJURY / DRIVE AWAY;;;$500 OR LESS;UNABLE TO DETERMINE;UNABLE TO DETERMINE;4645;S;FAIRFIELD AVE;922;;;;;;;2;NO INDICATION OF INJURY;0;0;0;0;0;2;0;18;6;6;41.8087822448;-87.6928523862;{'type': 'Point', 'coordinates': [-87.692852386176, 41.808782244842]};ON SCENE;2025-06-13T18:52:00.000
c35fb644b9900c5733b3dc4112d62b50b9dde196484042bc1261fb77d301296694e43697cb81a4827596f1f6bdfb3188ca032abeed5b0fb100820312fd10ba82;2025-06-13 18:15:00;30;NO CONTROLS;NO CONTROLS;CLEAR;DAYLIGHT;SIDESWIPE SAME DIRECTION;NOT DIVIDED;STRAIGHT AND LEVEL;DRY;NO DEFECTS;INJURY AND / OR TOW DUE TO CRASH;;Y;OVER $1,500;IMPROPER LANE USAGE;IMPROPER LANE USAGE;2630;W;DIVISION ST;1423;;;;;;;3;NONINCAPACITATING INJURY;1;0;0;1;0;1;0;18;6;6;41.903066945;-87.693224029;{'type': 'Point', 'coordinates': [-87.693224028955, 41.903066944961]};NOT ON SCENE (DESK REPORT);2025-06-14T17:10:00.000
7af3c57806f799f5ef4fa3d6c734bfa2335e6ce1020565e0f1f2154dcdbcf7e69a8521696f860479bcc93038b8aa74288f6ae43baf8e030659f076b95c2dae79;2025-06-13 18:11:00;30;NO CONTROLS;NO CONTROLS;CLEAR;DAYLIGHT;REAR END;RAMP;STRAIGHT AND LEVEL;DRY;NO DEFECTS;NO INJURY / DRIVE AWAY;;;$501 - $1,500;FOLLOWING TOO CLOSELY;DRIVING SKILLS/KNOWLEDGE/EXPERIENCE;401;E;WACKER DR;114;;;;;;;2;NO INDICATION OF INJURY;0;0;0;0;0;3;0;18;6;6;41.8874243341;-87.6174822896;{'type': 'Point', 'coordinates': [-87.617482289581, 41.887424334085]};ON SCENE;2025-06-13T18:12:00.000
256b385380e7244f7005b92719cea512f6ecaa3835ddf119b454c7f7cf01483c15eaa414d65bc535e8789d2a12ed19630d5c98088bca4e8b1fd5edcb1a3c59ca;2025-06-13 18:00:00;30;STOP SIGN/FLASHER;FUNCTIONING PROPERLY;RAIN;DUSK;TURNING;DIVIDED - W/MEDIAN (NOT RAISED);STRAIGHT AND LEVEL;DRY;NO DEFECTS;NO INJURY / DRIVE AWAY;;;OVER $1,500;FAILING TO YIELD RIGHT-OF-WAY;UNABLE TO DETERMINE;4640;W;ADDISON ST;1731;;;;;;;2;NO INDICATION OF INJURY;0;0;0;0;0;2;0;18;6;6;41.9462749159;-87.7440063353;{'type': 'Point', 'coordinates': [-87.744006335285, 41.94627491587]};NOT ON SCENE (DESK REPORT);2025-06-13T19:45:00.000
417a8a13fbe8aac14e9a5b2325481a919b93a6b146c2d29477355367a6917106ded2d55425072b7c9aefeb5745cdc8a236dcf0d6fefbed89b76b8a479c2d8e50;2025-06-13 18:00:00;30;NO CONTROLS;NO CONTROLS;CLEAR;DAYLIGHT;PARKED MOTOR VEHICLE;NOT DIVIDED;STRAIGHT AND LEVEL;DRY;NO DEFECTS;NO INJURY / DRIVE AWAY;;Y;OVER $1,500;IMPROPER BACKING;DRIVING SKILLS/KNOWLEDGE/EXPERIENCE;1315;W;BELMONT AVE;1933;;;;;;;2;NO INDICATION OF INJURY;0;0;0;0;0;1;0;18;6;6;41.9396854305;-87.6618811094;{'type': 'Point', 'coordinates': [-87.661881109391, 41.939685430456]};ON SCENE;2025-06-13T18:01:00.000
48e681b902285870bccc62a50aaa4ab616b0d2605c262eab6ad47cdeacbd2df73ebb42edd6c53362fd5999f678efab0c65acf649bd8f7c3e65d6df28fd931b24;2025-06-13 18:00:00;30;NO CONTROLS;NO CONTROLS;UNKNOWN;UNKNOWN;PARKED MOTOR VEHICLE;NOT DIVIDED;STRAIGHT AND LEVEL;UNKNOWN;UNKNOWN;NO INJURY / DRIVE AWAY;;Y;OVER $1,500;UNABLE TO DETERMINE;NOT APPLICABLE;814;W;BUENA AVE;1915;;;;;;;2;NO INDICATION OF INJURY;0;0;0;0;0;1;0;18;6;6;41.9585896597;-87.6504302671;{'type': 'Point', 'coordinates': [-87.650430267053, 41.9585896597]};ON SCENE;2025-06-14T08:51:00.000
5365cc9a90b4765eca271f0df709b0255c22c04b8315be5100f143fba5df94edddc4d6c899fd535e6632dc3ee46ad17d949a14179976ae65aaf5ba10a6c577bf;2025-06-13 18:00:00;30;TRAFFIC SIGNAL;FUNCTIONING PROPERLY;CLEAR;DAYLIGHT;SIDESWIPE SAME DIRECTION;NOT DIVIDED;STRAIGHT AND LEVEL;DRY;NO DEFECTS;NO INJURY / DRIVE AWAY;Y;;$501 - $1,500;IMPROPER OVERTAKING/PASSING;NOT APPLICABLE;10700;S;WESTERN AVE;2212;;;;;;;2;NO INDICATION OF INJURY;0;0;0;0;0;2;0;18;6;6;41.6990125359;-87.6815320091;{'type': 'Point', 'coordinates': [-87.681532009133, 41.699012535928]};NOT ON SCENE (DESK REPORT);2025-06-14T11:20:00.000
5d9c3235c2258725d3f1fea42d8544d85c1f30c8c92e03701ae337c7287e4bb1db7cc6a35a7e7a08ff0592a58b1042fac834df5292e66535217ccde4d2804ae0;2025-06-13 18:00:00;20;NO CONTROLS;NO CONTROLS;CLEAR;DAYLIGHT;PARKED MOTOR VEHICLE;ONE-WAY;STRAIGHT AND LEVEL;WET;NO DEFECTS;NO INJURY / DRIVE AWAY;;Y;OVER $1,500;UNABLE TO DETERMINE;NOT APPLICABLE;3214;W;LELAND AVE;1713;;;;;;;2;NO INDICATION OF INJURY;0;0;0;0;0;1;0;18;6;6;41.9667342447;-87.7090316278;{'type': 'Point', 'coordinates': [-87.70903162782, 41.966734244669]};ON SCENE;2025-06-13T18:10:00.000
65d3c932ba75112c3d0b01f399b61a03bbc5e153bf0619b754f756c47c0e3b2cccdd68d33b32788230055d9142b8098bfd14e055a6e4cd056be461da375df32d;2025-06-13 18:00:00;30;TRAFFIC SIGNAL;FUNCTIONING PROPERLY;CLOUDY/OVERCAST;DAYLIGHT;REAR END;NOT DIVIDED;STRAIGHT AND LEVEL;DRY;NO DEFECTS;INJURY AND / OR TOW DUE TO CRASH;;;OVER $1,500;FOLLOWING TOO CLOSELY;NOT APPLICABLE;4000;W;COLUMBUS AVE;834;;;;;;;3;NONINCAPACITATING INJURY;1;0;0;1;0;4;0;18;6;6;41.7356347871;-87.7216223892;{'type': 'Point', 'coordinates': [-87.721622389173, 41.73563478707]};;2025-06-13T19:56:00.000
fc3fb55d9eb4c3278df1e2322b96812b9883f11cf1d773c97fef66c1caa24ba47430fea2bfc4d26c4ba67e4b2ab562fc38e6c39c726117e81719fe771cfc271b;2025-06-13 18:00:00;40;NO CONTROLS;NO CONTROLS;UNKNOWN;UNKNOWN;PARKED MOTOR VEHICLE;PARKING LOT;STRAIGHT AND LEVEL;UNKNOWN;UNKNOWN;NO INJURY / DRIVE AWAY;;Y;$501 - $1,500;UNABLE TO DETERMINE;NOT APPLICABLE;3001;S;DR MARTIN LUTHER KING JR DR;133;;;;;;;2;NO INDICATION OF INJURY;0;0;0;0;0;1;0;18;6;6;41.8401846133;-87.617006543;{'type': 'Point', 'coordinates': [-87.617006543002, 41.84018461325]};ON SCENE;2025-06-14T18:40:00.000
4f52a5a60aecfb6193207f8a612f4b60e02922dd571379ddd2011749402925c69ac2d903769ace9a257db1de7d90679e7efa17a792e2b16c5cc84e4672f65231;2025-06-13 17:57:00;20;NO CONTROLS;NO CONTROLS;CLEAR;DAYLIGHT;PARKED MOTOR VEHICLE;NOT DIVIDED;STRAIGHT AND LEVEL;DRY;NO DEFECTS;INJURY AND / OR TOW DUE TO CRASH;;Y;OVER $1,500;UNABLE TO DETERMINE;UNABLE TO DETERMINE;6405;S;SAYRE AVE;812;;;;;;;2;NO INDICATION OF INJURY;0;0;0;0;0;1;0;17;6;6;41.7754539107;-87.795739768;{'type': 'Point', 'coordinates': [-87.795739768033, 41.775453910666]};NOT ON SCENE (DESK REPORT);2025-06-14T08:10:00.000
82df7628712b07da34825cc67bfb7c58bbb0a00beba5845eed376ca498f8789388d02c51318312d1a5de1fb3007a0e54e90242304906096301a8dd9af12dd19f;2025-06-13 17:55:00;25;TRAFFIC SIGNAL;FUNCTIONING PROPERLY;CLOUDY/OVERCAST;DAYLIGHT;REAR END;FOUR WAY;STRAIGHT AND LEVEL;DRY;NO DEFECTS;NO INJURY / DRIVE AWAY;;;OVER $1,500;UNABLE TO DETERMINE;UNABLE TO DETERMINE;4333;S;ARCHER AVE;922;;;;;;;2;NO INDICATION OF INJURY;0;0;0;0;0;3;0;17;6;6;41.8147332156;-87.7029664003;{'type': 'Point', 'coordinates': [-87.702966400306, 41.81473321558]};NOT ON SCENE (DESK REPORT);2025-06-13T19:15:00.000
2cb432d6ebeee9ec98bd39fa0f9fa902ea7e606ff34438c7a7043c11dda6e4e05ed1f78bbab6a1cf56eb6f8630368a113de55303a2b5e5b3c924def1a11f5c29;2025-06-13 17:50:00;30;NO CONTROLS;NO CONTROLS;CLEAR;DAYLIGHT;SIDESWIPE SAME DIRECTION;DIVIDED - W/MEDIAN (NOT RAISED);STRAIGHT AND LEVEL;DRY;NO DEFECTS;NO INJURY / DRIVE AWAY;;;OVER $1,500;IMPROPER OVERTAKING/PASSING;IMPROPER OVERTAKING/PASSING;5200;W;MADISON ST;1522;;;;;;;2;NO INDICATION OF INJURY;0;0;0;0;0;2;0;17;6;6;41.8804807517;-87.755130433;{'type': 'Point', 'coordinates': [-87.755130432965, 41.880480751702]};ON SCENE;2025-06-13T19:06:00.000
6e6ddc94f7f5d6b05ce5229a89f614e824fab3ee5d8686b70e85c106fcd74ad846d873ce22e3ea50265b46279a9b4a333279b7f94e1a9af6a4fd292537e54b86;2025-06-13 17:50:00;30;NO CONTROLS;NO CONTROLS;CLEAR;DARKNESS, LIGHTED ROAD;TURNING;ALLEY;STRAIGHT AND LEVEL;DRY;UNKNOWN;NO INJURY / DRIVE AWAY;;;$501 - $1,500;UNABLE TO DETERMINE;UNABLE TO DETERMINE;1128;W;THORNDALE AVE;2433;;;;;;;2;NO INDICATION OF INJURY;0;0;0;0;0;2;0;17;6;6;41.9901445225;-87.6594447206;{'type': 'Point', 'coordinates': [-87.659444720609, 41.990144522485]};NOT ON SCENE (DESK REPORT);2025-06-13T20:45:00.000
652db920e5d43352b8c5a5a66679ab155397424660025f5ffea8b8b999344f0bd19386c8d80cd353bc64ad674f2bf56be5b2dccd7deefc059e944368d2c189ab;2025-06-13 17:49:00;30;TRAFFIC SIGNAL;FUNCTIONING IMPROPERLY;CLEAR;DAYLIGHT;TURNING;NOT DIVIDED;STRAIGHT AND LEVEL;OTHER;UNKNOWN;NO INJURY / DRIVE AWAY;;;OVER $1,500;UNABLE TO DETERMINE;NOT APPLICABLE;2384;W;PRATT BLVD;2411;;;;;;;2;NO INDICATION OF INJURY;0;0;0;0;0;2;0;17;6;6;42.0051445345;-87.6899687325;{'type': 'Point', 'coordinates': [-87.689968732521, 42.005144534455]};NOT ON SCENE (DESK REPORT);2025-06-13T19:22:00.000
0e34f3e8cdff85fa24c125d619b85f4f3a13161f10bd150661355e39951ea71b89108b80afd82261b18fa3a7091ed2fdaeed71438913e88ea8c2f3843b48a77a;2025-06-13 17:46:00;30;STOP SIGN/FLASHER;FUNCTIONING PROPERLY;CLEAR;DAWN;ANGLE;T-INTERSECTION;STRAIGHT AND LEVEL;DRY;UNKNOWN;INJURY AND / OR TOW DUE TO CRASH;Y;;OVER $1,500;FAILING TO YIELD RIGHT-OF-WAY;FAILING TO REDUCE SPEED TO AVOID CRASH;5000;S;MICHIGAN AVE;224;;;;;;;2;NONINCAPACITATING INJURY;1;0;0;1;0;5;0;17;6;6;41.8037268016;-87.6228384284;{'type': 'Point', 'coordinates': [-87.622838428379, 41.803726801644]};ON SCENE;2025-06-13T17:47:00.000
51f0c7b0a6092bc87e745cd585827c55cca8be1987c3a53143e9f2a394165b747eb8168190f0247a541d5523db64d2bf02b80da39b94260c49f972eda68062c1;2025-06-13 17:45:00;30;TRAFFIC SIGNAL;FUNCTIONING PROPERLY;CLEAR;DAYLIGHT;TURNING;FOUR WAY;STRAIGHT AND LEVEL;DRY;NO DEFECTS;NO INJURY / DRIVE AWAY;;Y;OVER $1,500;UNABLE TO DETERMINE;UNABLE TO DETERMINE;2801;N;NARRAGANSETT AVE;2511;;;;;;;2;NO INDICATION OF INJURY;0;0;0;0;0;2;0;17;6;6;41.9310955968;-87.785544899;{'type': 'Point', 'coordinates': [-87.785544899041, 41.931095596833]};NOT ON SCENE (DESK REPORT);2025-06-14T15:30:00.000
9ebbe8f51593e576418f98addb8907d49b97d0238d9ee292c32f00619defff873bfc899c1e5e2880d6e363bfbc565df798b87affdcb9dcf0d6c3b56d74a227b9;2025-06-13 17:45:00;30;NO CONTROLS;NO CONTROLS;CLEAR;DUSK;SIDESWIPE SAME DIRECTION;DIVIDED - W/MEDIAN (NOT RAISED);STRAIGHT AND LEVEL;WET;UNKNOWN;NO INJURY / DRIVE AWAY;;;OVER $1,500;UNABLE TO DETERMINE;NOT APPLICABLE;6500;N;WESTERN AVE;2412;;;;;;;2;NO INDICATION OF INJURY;0;0;0;0;0;2;0;17;6;6;41.9996324383;-87.690080925;{'type': 'Point', 'coordinates': [-87.690080925006, 41.999632438278]};NOT ON SCENE (DESK REPORT);2025-06-13T18:45:00.000
a0df45f164d48afc382ad59a8294a46f2d4fdfc95e1436b1574b103656dbb22598d024072d3210c2b9f06424a19c461a4004949155b1e55c34a98a4f73af5990;2025-06-13 17:45:00;30;TRAFFIC SIGNAL;FUNCTIONING PROPERLY;CLEAR;DAYLIGHT;REAR END;NOT DIVIDED;STRAIGHT AND LEVEL;DRY;NO DEFECTS;NO INJURY / DRIVE AWAY;;Y;$500 OR LESS;FOLLOWING TOO CLOSELY;FOLLOWING TOO CLOSELY;8156;S;COTTAGE GROVE AVE;631;;;;;;;2;NO INDICATION OF INJURY;0;0;0;0;0;2;0;17;6;6;41.7459437834;-87.6052353391;{'type': 'Point', 'coordinates': [-87.605235339148, 41.745943783413]};ON SCENE;2025-06-13T17:49:00.000
9327c47764c0587cb4461b4728f8e18786c5cbe0aec51c5ab5775ed5fddbbd1041e471427326fac7778ed374ad52973df5b9c89ff08550864fc562b7c5789d22;2025-06-13 17:37:00;25;NO CONTROLS;NO CONTROLS;UNKNOWN;DAYLIGHT;SIDESWIPE SAME DIRECTION;NOT DIVIDED;STRAIGHT AND LEVEL;UNKNOWN;UNKNOWN;NO INJURY / DRIVE AWAY;;Y;OVER $1,500;NOT APPLICABLE;NOT APPLICABLE;7818;S;MARQUETTE AVE;421;;;;;;;2;NO INDICATION OF INJURY;0;0;0;0;0;2;0;17;6;6;41.7530488688;-87.5586160099;{'type': 'Point', 'coordinates': [-87.558616009888, 41.753048868803]};NOT ON SCENE (DESK REPORT);2025-06-13T18:20:00.000
a0415e4830d681ae73a54aa104bb1a60030ba47c56ec0cd7d94d8c10d5b232c4d5c99a466bd480616246e5104af64d2cadcff1dd545ce19b7311ebbc27cface6;2025-06-13 17:34:00;30;NO CONTROLS;NO CONTROLS;CLOUDY/OVERCAST;DAYLIGHT;SIDESWIPE SAME DIRECTION;NOT DIVIDED;STRAIGHT AND LEVEL;DRY;NO DEFECTS;NO INJURY / DRIVE AWAY;;;OVER $1,500;FAILING TO YIELD RIGHT-OF-WAY;NOT APPLICABLE;3522;N;RACINE AVE;1924;;;;;;;2;NO INDICATION OF INJURY;0;0;0;0;0;2;0;17;6;6;41.9460503777;-87.659293867;{'type': 'Point', 'coordinates': [-87.659293866956, 41.946050377659]};ON SCENE;2025-06-13T18:00:00.000
b9e126697d242c8af4abe6b1d0fb9539e930c9b0bbda53433a4502d6147883df1284e0856b80880bd8b1150166ddc9904a8423749e66a430ff0797044b997b7a;2025-06-13 17:33:00;30;NO CONTROLS;NO CONTROLS;CLEAR;DAYLIGHT;REAR END;DIVIDED - W/MEDIAN BARRIER;STRAIGHT AND LEVEL;DRY;NO DEFECTS;INJURY AND / OR TOW DUE TO CRASH;;;OVER $1,500;DISTRACTION - FROM INSIDE VEHICLE;UNABLE TO DETERMINE;124;W;95TH ST;634;;;;;;;2;NO INDICATION OF INJURY;0;0;0;0;0;2;0;17;6;6;41.7217862879;-87.6273919101;{'type': 'Point', 'coordinates': [-87.627391910088, 41.721786287893]};ON SCENE;2025-06-13T17:33:00.000
23abfe151ce97f13a02bbf63d7ed13c56741899c95ccfacaf1b0768005d168562ead939fffce7f37ee16eecf93aba978a1ca48022e44792dfad6f04a6c9d3a31;2025-06-13 17:30:00;25;NO CONTROLS;NO CONTROLS;CLEAR;DAYLIGHT;ANGLE;NOT DIVIDED;STRAIGHT AND LEVEL;DRY;NO DEFECTS;INJURY AND / OR TOW DUE TO CRASH;;;OVER $1,500;FAILING TO YIELD RIGHT-OF-WAY;UNABLE TO DETERMINE;398;N;LARAMIE AVE;1523;;;;;;;2;NO INDICATION OF INJURY;0;0;0;0;0;3;0;17;6;6;41.8877983393;-87.7554835652;{'type': 'Point', 'coordinates': [-87.755483565155, 41.887798339255]};ON SCENE;2025-06-13T17:40:00.000
753f9b737e6bb420387a892816a6539f9b8f24210ba45ec3b46c8694ce2a541260c23f1964863156cac778f62b3ca87b3e99c218aa5ea716991bfba47266a03b;2025-06-13 17:30:00;35;UNKNOWN;UNKNOWN;UNKNOWN;UNKNOWN;SIDESWIPE SAME DIRECTION;UNKNOWN;STRAIGHT AND LEVEL;UNKNOWN;UNKNOWN;NO INJURY / DRIVE AWAY;;Y;OVER $1,500;UNABLE TO DETERMINE;UNABLE TO DETERMINE;5500;S;CALIFORNIA AVE;824;;;;;;;2;NO INDICATION OF INJURY;0;0;0;0;0;2;0;17;6;6;41.7935975128;-87.6939420481;{'type': 'Point', 'coordinates': [-87.6939420481, 41.793597512795]};NOT ON SCENE (DESK REPORT);2025-06-13T18:10:00.000
b2690b36f261e88945329d5edfc76901297de30a544c5708971fd46ae17a9f81adefa3d10d9e8365b5f130079bf051463546d28783280b33dedd035012710cd3;2025-06-13 17:30:00;30;STOP SIGN/FLASHER;FUNCTIONING PROPERLY;CLEAR;DAYLIGHT;ANGLE;NOT DIVIDED;STRAIGHT AND LEVEL;DRY;NO DEFECTS;NO INJURY / DRIVE AWAY;;;$501 - $1,500;DISREGARDING YIELD SIGN;NOT APPLICABLE;379;N;PULASKI RD;1122;;;;;;;2;NO INDICATION OF INJURY;0;0;0;0;0;2;0;17;6;6;41.8877244488;-87.7257199968;{'type': 'Point', 'coordinates': [-87.725719996809, 41.887724448783]};NOT ON SCENE (DESK REPORT);2025-06-13T18:30:00.000
3f8825c15de5601c840086e099bbc6a14e586ba4c4010decaa57ce8a127444a33b5d75a2c7424bc147df46ddfb4a19472e10c5c8bbe412f563b3973fbd00588c;2025-06-13 17:25:00;30;TRAFFIC SIGNAL;FUNCTIONING PROPERLY;CLEAR;DAYLIGHT;REAR END;NOT DIVIDED;STRAIGHT AND LEVEL;UNKNOWN;UNKNOWN;NO INJURY / DRIVE AWAY;;;OVER $1,500;DRIVING SKILLS/KNOWLEDGE/EXPERIENCE;NOT APPLICABLE;7833;S;STONY ISLAND AVE;411;;;;;;;2;NO INDICATION OF INJURY;0;0;0;0;0;2;0;17;6;6;41.752304305;-87.585335906;{'type': 'Point', 'coordinates': [-87.58533590598, 41.752304305022]};NOT ON SCENE (DESK REPORT);2025-06-14T17:30:00.000
b9fd437b82523a9cd484e2d3c352e60340f76d8138b616301d5d3c07976ee13621c2821ddf1a8affc660ed1c698da3ccaaf349fa503b4e133573570dae86dcd0;2025-06-13 17:20:00;30;NO CONTROLS;NO CONTROLS;CLOUDY/OVERCAST;DAYLIGHT;REAR END;DIVIDED - W/MEDIAN (NOT RAISED);STRAIGHT AND LEVEL;UNKNOWN;NO DEFECTS;NO INJURY / DRIVE AWAY;;;OVER $1,500;UNABLE TO DETERMINE;UNABLE TO DETERMINE;3950;W;DIVERSEY AVE;2523;;;;;;;3;NO INDICATION OF INJURY;0;0;0;0;0;3;0;17;6;6;41.9319069314;-87.7266067872;{'type': 'Point', 'coordinates': [-87.726606787181, 41.931906931407]};NOT ON SCENE (DESK REPORT);2025-06-13T18:50:00.000
a01ffa2b639c7a6d62e3cc0f4f3cfbbf3b150b054b2d26ac5ff5a6ba86c8a705ec5e7f786e05bda291ec7d21afad35956d4e3a7f746aee6d5ba19f05d374c31b;2025-06-13 17:19:00;35;UNKNOWN;UNKNOWN;UNKNOWN;DAYLIGHT;SIDESWIPE SAME DIRECTION;NOT DIVIDED;STRAIGHT AND LEVEL;UNKNOWN;UNKNOWN;NO INJURY / DRIVE AWAY;;;OVER $1,500;IMPROPER OVERTAKING/PASSING;UNABLE TO DETERMINE;3405;W;GRAND AVE;1121;;;;;;;2;NO INDICATION OF INJURY;0;0;0;0;0;2;0;17;6;6;41.8998054561;-87.7117734727;{'type': 'Point', 'coordinates': [-87.711773472682, 41.899805456113]};NOT ON SCENE (DESK REPORT);2025-06-13T22:14:00.000
522d1b421d5f2f6c4fe22b09dbccfd53b100e3549ea2589e5c04bc92599ec9beae90473cc0d2de6c9ac09f095ba043daa3ae09d42ea411d50624298e1131a02b;2025-06-13 17:15:00;30;STOP SIGN/FLASHER;UNKNOWN;UNKNOWN;DAYLIGHT;ANGLE;FOUR WAY;STRAIGHT AND LEVEL;DRY;NO DEFECTS;INJURY AND / OR TOW DUE TO CRASH;Y;;OVER $1,500;UNABLE TO DETERMINE;UNABLE TO DETERMINE;3130;W;ADDISON ST;1733;Y;Y;;;;;2;NO INDICATION OF INJURY;0;0;0;0;0;2;0;17;6;6;41.9467496041;-87.7066574675;{'type': 'Point', 'coordinates': [-87.706657467511, 41.946749604074]};ON SCENE;2025-06-13T18:17:00.000
8885eafdc980b83021021d6173f56683eee1e33f6d3ac47ffd48301997251b88df6e9b58de54fad3a775df5b032c0d64d19611f1d81012166b97e53a7dbf2843;2025-06-13 17:15:00;30;TRAFFIC SIGNAL;FUNCTIONING PROPERLY;CLEAR;DAYLIGHT;SIDESWIPE SAME DIRECTION;NOT DIVIDED;STRAIGHT AND LEVEL;DRY;NO DEFECTS;NO INJURY / DRIVE AWAY;N;Y;$501 - $1,500;IMPROPER OVERTAKING/PASSING;IMPROPER OVERTAKING/PASSING;3955;W;JACKSON BLVD;1132;;;;;;;2;NO INDICATION OF INJURY;0;0;0;0;0;2;0;17;6;6;41.8769813608;-87.7252698678;{'type': 'Point', 'coordinates': [-87.725269867821, 41.876981360802]};NOT ON SCENE (DESK REPORT);2025-06-13T17:25:00.000
e370921983f5448632876fd704ee4696c2ed300f30422ee848aaa70372d942493b6b5601f2ef21df11f4903cc4119b4aea39c1018e81d49475181e96fc6da5b5;2025-06-13 17:15:00;30;NO CONTROLS;NO CONTROLS;CLEAR;DAYLIGHT;PEDALCYCLIST;DIVIDED - W/MEDIAN (NOT RAISED);STRAIGHT AND LEVEL;DRY;NO DEFECTS;INJURY AND / OR TOW DUE TO CRASH;;Y;$500 OR LESS;OPERATING VEHICLE IN ERRATIC, RECKLESS, CARELESS, NEGLIGENT OR AGGRESSIVE MANNER;NOT APPLICABLE;4355;N;LINCOLN AVE;1911;;;;;;;2;NONINCAPACITATING INJURY;1;0;0;1;0;1;0;17;6;6;41.9611010758;-87.6834732346;{'type': 'Point', 'coordinates': [-87.683473234629, 41.961101075844]};ON SCENE;2025-06-13T17:16:00.000
11f92dcc03219477b4af0678f48f85663bd07b3d5eb8898d4031277bdfab4068a22244bdbded4914ea2bc9915910fbbe72e6de052f20dec795a4f826608915ce;2025-06-13 17:14:00;30;NO CONTROLS;NO CONTROLS;CLEAR;DAYLIGHT;FIXED OBJECT;ONE-WAY;STRAIGHT ON GRADE;UNKNOWN;UNKNOWN;INJURY AND / OR TOW DUE TO CRASH;;;OVER $1,500;UNABLE TO DETERMINE;NOT APPLICABLE;44;E;ILLINOIS ST;1834;;;;;;;1;NO INDICATION OF INJURY;0;0;0;0;0;1;0;17;6;6;41.8910079603;-87.6263977305;{'type': 'Point', 'coordinates': [-87.62639773052, 41.891007960255]};ON SCENE;2025-06-13T17:14:00.000
5ce87664fa5d32c7c79995da9e78527df76ccee087f05a2316d780dbf175eeb298b4d38c35ea7fe4face5b505e210bd38c4af42bdb58f9ae4dbe0b97e268113f;2025-06-13 17:01:00;30;TRAFFIC SIGNAL;FUNCTIONING PROPERLY;CLEAR;DAYLIGHT;REAR END;DIVIDED - W/MEDIAN (NOT RAISED);STRAIGHT AND LEVEL;DRY;NO DEFECTS;NO INJURY / DRIVE AWAY;Y;;$501 - $1,500;FOLLOWING TOO CLOSELY;UNABLE TO DETERMINE;4756;W;LAWRENCE AVE;1712;;;;;;;2;NO INDICATION OF INJURY;0;0;0;0;0;2;0;17;6;6;41.9681406898;-87.7476080714;{'type': 'Point', 'coordinates': [-87.74760807138, 41.968140689784]};NOT ON SCENE (DESK REPORT);2025-06-14T12:30:00.000
c79bfb2bc971a8baeebc1e047f53f7cf46ba25bb9f6451d3c67368a937ea0379438eb72fc7b22714feb932898fb00444f682ef7072bc415950da6ddee0379974;2025-06-13 17:00:00;10;NO CONTROLS;NO CONTROLS;RAIN;DAYLIGHT;REAR TO REAR;PARKING LOT;STRAIGHT AND LEVEL;WET;UNKNOWN;NO INJURY / DRIVE AWAY;;;OVER $1,500;FAILING TO YIELD RIGHT-OF-WAY;NOT APPLICABLE;5200;N;LINCOLN AVE;2011;;;;;;;2;NO INDICATION OF INJURY;0;0;0;0;0;2;0;17;6;6;41.975912899;-87.6924941747;{'type': 'Point', 'coordinates': [-87.692494174663, 41.975912898994]};NOT ON SCENE (DESK REPORT);2025-06-13T17:15:00.000
9061e3d16069fc6d3c01b7c751521c471f8cab5428ae97592c6dcfb97feb081000797515ffe28b22ac21fa42977bad8bd8491269293613c90b9a78587570ffd5;2025-06-13 16:56:00;30;NO CONTROLS;NO CONTROLS;CLEAR;DAYLIGHT;SIDESWIPE SAME DIRECTION;NOT DIVIDED;STRAIGHT AND LEVEL;DRY;UNKNOWN;NO INJURY / DRIVE AWAY;;;$500 OR LESS;UNABLE TO DETERMINE;UNABLE TO DETERMINE;12999;S;INDIANA AVE;532;;;;;;;2;NO INDICATION OF INJURY;0;0;0;0;0;2;0;16;6;6;41.6591591577;-87.6182943853;{'type': 'Point', 'coordinates': [-87.618294385314, 41.659159157679]};ON SCENE;2025-06-13T18:40:00.000
6d4aa2fdd70cff1f05174b7c6af142b9020fea3758063828c39255159a00017fb8963380bfd750ac12174910c38bf6ecaa3a0c130e5ddaf5f46c9ff9662746f7;2025-06-13 16:55:00;30;NO CONTROLS;NO CONTROLS;OTHER;DARKNESS, LIGHTED ROAD;REAR END;DIVIDED - W/MEDIAN BARRIER;STRAIGHT AND LEVEL;DRY;NO DEFECTS;INJURY AND / OR TOW DUE TO CRASH;;Y;$501 - $1,500;UNABLE TO DETERMINE;NOT APPLICABLE;58;W;63RD ST;311;;;;;;;2;NO INDICATION OF INJURY;0;0;0;0;0;2;0;16;6;6;41.7801320864;-87.6276377448;{'type': 'Point', 'coordinates': [-87.6276377448, 41.780132086445]};ON SCENE;2025-06-13T17:00:00.000
432bb11c525cdb18ac0b958f73b639f0573a2634610cd063a6bf83ce453e1fb783f3fb834af0f0f064629fd839f169930a7bfc779aa3fd7595b2f94469913bb5;2025-06-13 16:45:00;25;NO CONTROLS;NO CONTROLS;RAIN;DAYLIGHT;SIDESWIPE SAME DIRECTION;ONE-WAY;STRAIGHT AND LEVEL;WET;NO DEFECTS;INJURY AND / OR TOW DUE TO CRASH;;;OVER $1,500;FAILING TO YIELD RIGHT-OF-WAY;WEATHER;2241;W;ARTHUR AVE;2412;;;;;;;2;NONINCAPACITATING INJURY;1;0;0;1;0;1;0;16;6;6;41.9994896627;-87.6866739885;{'type': 'Point', 'coordinates': [-87.686673988468, 41.999489662678]};NOT ON SCENE (DESK REPORT);2025-06-13T18:30:00.000
53decb096407c4a8d51b8b39d3254f17ccfbae3c4432608485cca1899810bb1dd556ee804488f09f053e5b30585135875d8511997681fd31c76c561baabfc5a9;2025-06-13 16:45:00;30;NO CONTROLS;NO CONTROLS;CLEAR;DAYLIGHT;SIDESWIPE SAME DIRECTION;NOT DIVIDED;STRAIGHT AND LEVEL;WET;UNKNOWN;NO INJURY / DRIVE AWAY;;;OVER $1,500;IMPROPER OVERTAKING/PASSING;NOT APPLICABLE;2239;W;FULLERTON AVE;1432;;;;;;;2;NO INDICATION OF INJURY;0;0;0;0;0;2;0;16;6;6;41.9248370013;-87.684337074;{'type': 'Point', 'coordinates': [-87.684337074026, 41.924837001329]};;2025-06-13T17:20:00.000
dd8555aff70e41ced29ae08ed768f101172aaf117dfdc3c66752c673da6dc879eaa8f88f7a6d423f34887fcdcdea97c2878efcd74ca63de110ce22bd2833f044;2025-06-13 16:45:00;30;NO CONTROLS;NO CONTROLS;CLOUDY/OVERCAST;DAYLIGHT;TURNING;DIVIDED - W/MEDIAN (NOT RAISED);STRAIGHT AND LEVEL;WET;NO DEFECTS;NO INJURY / DRIVE AWAY;;;OVER $1,500;DRIVING SKILLS/KNOWLEDGE/EXPERIENCE;DRIVING SKILLS/KNOWLEDGE/EXPERIENCE;7141;N;KEDZIE AVE;2411;;;;;;;2;NO INDICATION OF INJURY;0;0;0;0;0;3;0;16;6;6;42.0112767679;-87.7089566768;{'type': 'Point', 'coordinates': [-87.708956676772, 42.011276767884]};ON SCENE;2025-06-13T17:07:00.000
bb33f46baa155e0dce4fe9bdce10a40a414ce365715f329ccbda926b9abb60ffead1e04a57ba13622e7f9af4c98e4c864c2ddd5db7e9c4b6449ff67397b9171e;2025-06-13 16:40:00;30;STOP SIGN/FLASHER;FUNCTIONING PROPERLY;CLEAR;DAYLIGHT;TURNING;OTHER;STRAIGHT AND LEVEL;UNKNOWN;UNKNOWN;NO INJURY / DRIVE AWAY;;;OVER $1,500;UNABLE TO DETERMINE;NOT APPLICABLE;2409;W;CATALPA AVE;2011;;;;;;;2;NO INDICATION OF INJURY;0;0;0;0;0;2;0;16;6;6;41.9812642406;-87.6897929987;{'type': 'Point', 'coordinates': [-87.689792998721, 41.981264240636]};NOT ON SCENE (DESK REPORT);2025-06-13T18:42:00.000
84888c253a824b1cd71a306a627c7fc812ef9c6cac97197172a9ece1fb0d62ea38d88ee7e2431b9de700bf9924eec871d2e87623dc733bcddca2e05f217859dd;2025-06-13 16:38:00;30;POLICE/FLAGMAN;FUNCTIONING PROPERLY;CLOUDY/OVERCAST;DAYLIGHT;PEDESTRIAN;NOT DIVIDED;STRAIGHT AND LEVEL;WET;UNKNOWN;INJURY AND / OR TOW DUE TO CRASH;Y;;$500 OR LESS;FAILING TO YIELD RIGHT-OF-WAY;UNABLE TO DETERMINE;1158;W;WAVELAND AVE;1923;;;;;;;2;REPORTED, NOT EVIDENT;1;0;0;0;1;1;0;16;6;6;41.9490782567;-87.6591507076;{'type': 'Point', 'coordinates': [-87.659150707635, 41.949078256724]};ON SCENE;2025-06-13T16:38:00.000
95776a99d4732637f32c8b082d4a4b6db21a7e34a765183de23048c7c533d502cfef0ffdfb123aaf31023c5913c026f7d76271875ec71189698983dfa71beae3;2025-06-13 16:30:00;25;STOP SIGN/FLASHER;FUNCTIONING PROPERLY;RAIN;DAYLIGHT;PARKED MOTOR VEHICLE;NOT DIVIDED;STRAIGHT ON HILLCREST;WET;NO DEFECTS;NO INJURY / DRIVE AWAY;Y;;OVER $1,500;WEATHER;IMPROPER TURNING/NO SIGNAL;6300;N;CLARK ST;2433;;;;;;;2;NO INDICATION OF INJURY;0;0;0;0;0;1;0;16;6;6;41.9964083631;-87.6703720112;{'type': 'Point', 'coordinates': [-87.670372011188, 41.996408363117]};NOT ON SCENE (DESK REPORT);2025-06-13T17:30:00.000
6b662cc1ba86bfa41ef2904dbd41c40d50b65a8eb45addb8a1f59cb1c9322d5d767d81125bf2937738f6a37048110f62f51188d1b335f411d011975eed515df6;2025-06-13 16:25:00;30;NO CONTROLS;NO CONTROLS;RAIN;DAYLIGHT;TURNING;NOT DIVIDED;STRAIGHT AND LEVEL;WET;NO DEFECTS;NO INJURY / DRIVE AWAY;;;OVER $1,500;UNABLE TO DETERMINE;NOT APPLICABLE;2565;W;TOUHY AVE;2411;;;;;;;2;NO INDICATION OF INJURY;0;0;0;0;0;3;0;16;6;6;42.0120688709;-87.6948743733;{'type': 'Point', 'coordinates': [-87.694874373306, 42.012068870883]};ON SCENE;2025-06-13T16:49:00.000
8f9412264eeed92ffeddca924aa71c440a5213a14dec02d702b3cddf7f338591db2e5ae6f875a6e163723966991e82aae86217006a485ba08ca90c46794b6aa9;2025-06-13 16:20:00;30;NO CONTROLS;NO CONTROLS;RAIN;DAYLIGHT;REAR END;NOT DIVIDED;STRAIGHT AND LEVEL;UNKNOWN;UNKNOWN;NO INJURY / DRIVE AWAY;;;OVER $1,500;UNABLE TO DETERMINE;NOT APPLICABLE;3036;W;BRYN MAWR AVE;2011;;;;;;;2;NO INDICATION OF INJURY;0;0;0;0;0;2;0;16;6;6;41.9832003737;-87.7054048888;{'type': 'Point', 'coordinates': [-87.705404888823, 41.983200373716]};NOT ON SCENE (DESK REPORT);2025-06-13T16:46:00.000
ad5eff932ef712d6ce5c3211cca993491870f1e863c7f0a6b67ab59adae3e38847418dc9f53d3e1de60fd7ce2f400b9c844c291c85e049ed8042ebf90bbed550;2025-06-13 16:14:00;30;NO CONTROLS;NO CONTROLS;CLEAR;DAYLIGHT;PARKED MOTOR VEHICLE;ONE-WAY;STRAIGHT AND LEVEL;WET;UNKNOWN;INJURY AND / OR TOW DUE TO CRASH;;Y;OVER $1,500;DRIVING ON WRONG SIDE/WRONG WAY;NOT APPLICABLE;4435;W;WRIGHTWOOD AVE;2524;;;;;;;2;NO INDICATION OF INJURY;0;0;0;0;0;2;0;16;6;6;41.9281938794;-87.7381120529;{'type': 'Point', 'coordinates': [-87.738112052927, 41.928193879397]};ON SCENE;2025-06-13T16:14:00.000
8a8a4c3fd4e9350550ad9be7cd4b073f37102b568e0e98c4d520158190975eea8e7750d61e63b83c189ee877015956da5cdcd3dcf354c7c0824202d4ccca5254;2025-06-13 16:10:00;30;STOP SIGN/FLASHER;FUNCTIONING PROPERLY;CLEAR;DAYLIGHT;PARKED MOTOR VEHICLE;ONE-WAY;STRAIGHT AND LEVEL;WET;UNKNOWN;NO INJURY / DRIVE AWAY;;Y;$501 - $1,500;IMPROPER BACKING;UNABLE TO DETERMINE;4805;W;BELDEN AVE;2522;;;;;;;2;NO INDICATION OF INJURY;0;0;0;0;0;2;0;16;6;6;41.9223058394;-87.7465242863;{'type': 'Point', 'coordinates': [-87.746524286286, 41.922305839449]};ON SCENE;2025-06-13T16:10:00.000
ad3a5f2a0506fe237c8e38d4b9ff3525747d07c983adfea607132347fc3c1b91561d31d62374fb341182bd4de796cefcf1ba3d3750f4d91d5e43ce48cfbdcec4;2025-06-13 16:10:00;30;NO CONTROLS;NO CONTROLS;CLEAR;DAYLIGHT;REAR END;NOT DIVIDED;STRAIGHT AND LEVEL;WET;NO DEFECTS;NO INJURY / DRIVE AWAY;;;$501 - $1,500;UNABLE TO DETERMINE;NOT APPLICABLE;3577;W;GRAND AVE;1121;;;;;;;2;NO INDICATION OF INJURY;0;0;0;0;0;2;0;16;6;6;41.9020827942;-87.716459285;{'type': 'Point', 'coordinates': [-87.716459284985, 41.902082794173]};NOT ON SCENE (DESK REPORT);2025-06-13T16:50:00.000
d3483c30d2bf6dafe40c20732564336112c4cc4936fd369be91180029bd0310067df1e5a8497904bf306b8cf5b0ad1b3074152442f984e7651e2fe01ad5a7a3e;2025-06-13 16:06:00;30;NO CONTROLS;UNKNOWN;CLEAR;DAYLIGHT;PARKED MOTOR VEHICLE;ONE-WAY;STRAIGHT AND LEVEL;DRY;UNKNOWN;INJURY AND / OR TOW DUE TO CRASH;;Y;OVER $1,500;DRIVING ON WRONG SIDE/WRONG WAY;NOT APPLICABLE;7608;S;SANGAMON ST;621;;;;;;;2;NO INDICATION OF INJURY;0;0;0;0;0;1;0;16;6;6;41.7557284045;-87.6479579668;{'type': 'Point', 'coordinates': [-87.647957966799, 41.755728404513]};ON SCENE;2025-06-13T16:12:00.000
cfe91589710f0175b33c6e34b73f8a93d265ee9907dab8bfa2b211d73bd78d66d9c45a81ba927d9f55482476a1aedd89b20e19fc95db5830355b592c49202590;2025-06-13 16:05:00;30;NO CONTROLS;NO CONTROLS;RAIN;DAYLIGHT;REAR END;NOT DIVIDED;STRAIGHT AND LEVEL;WET;NO DEFECTS;NO INJURY / DRIVE AWAY;;;OVER $1,500;FOLLOWING TOO CLOSELY;NOT APPLICABLE;52;N;KEDZIE AVE;1123;;;;;;;2;NO INDICATION OF INJURY;0;0;0;0;0;2;0;16;6;6;41.8825416335;-87.706311847;{'type': 'Point', 'coordinates': [-87.706311846968, 41.882541633455]};NOT ON SCENE (DESK REPORT);2025-06-13T16:06:00.000
a3e15979719bf640ea2368323865e1fe5e658ad4356dfb97bbb0d16e148e99c0915650d046d5f4ed8452dce3e960ba120181cb773725c2a5215eed775f020de8;2025-06-13 16:03:00;35;STOP SIGN/FLASHER;FUNCTIONING PROPERLY;CLEAR;DAYLIGHT;SIDESWIPE OPPOSITE DIRECTION;NOT DIVIDED;STRAIGHT AND LEVEL;DRY;NO DEFECTS;INJURY AND / OR TOW DUE TO CRASH;;;OVER $1,500;UNABLE TO DETERMINE;NOT APPLICABLE;1066;W;83RD ST;613;;Y;;;;;2;REPORTED, NOT EVIDENT;1;0;0;0;1;2;0;16;6;6;41.7433613454;-87.651057092;{'type': 'Point', 'coordinates': [-87.651057092041, 41.743361345427]};ON SCENE;2025-06-13T16:17:00.000
01d0c427c750c99d5794adeb46f93e6a46095c32d73282c08b70e9493d8146071c26ccf0a3c8cdd7cef84181c266e7a7347db576b3f1be39b03c42ee5fc659fa;2025-06-13 16:00:00;30;TRAFFIC SIGNAL;FUNCTIONING PROPERLY;UNKNOWN;DAYLIGHT;PARKED MOTOR VEHICLE;NOT DIVIDED;STRAIGHT AND LEVEL;UNKNOWN;NO DEFECTS;NO INJURY / DRIVE AWAY;;Y;OVER $1,500;UNABLE TO DETERMINE;UNABLE TO DETERMINE;1950;W;CERMAK RD;1234;;;;;;;2;NO INDICATION OF INJURY;0;0;0;0;0;1;0;16;6;6;41.8522933194;-87.6754172941;{'type': 'Point', 'coordinates': [-87.67541729412, 41.852293319437]};ON SCENE;2025-06-13T16:00:00.000
18f4de58784646df6544cc13f63732a6d747cf7863d200fe6b9532d4683f712c3ca961c27c1f97df65d452dea7f081ccec116d4052cf527dcde22fbf7fc3c253;2025-06-13 16:00:00;30;NO CONTROLS;NO CONTROLS;CLEAR;DAYLIGHT;REAR TO SIDE;PARKING LOT;STRAIGHT AND LEVEL;DRY;NO DEFECTS;NO INJURY / DRIVE AWAY;;;$501 - $1,500;UNABLE TO DETERMINE;UNABLE TO DETERMINE;10900;S;DOTY AVE W;513;;;;;;;2;NO INDICATION OF INJURY;0;0;0;0;0;2;0;16;6;6;41.696313684;-87.5966322439;{'type': 'Point', 'coordinates': [-87.596632243933, 41.696313683973]};NOT ON SCENE (DESK REPORT);2025-06-13T17:00:00.000
227578709ece7776c12c6c5a7fd78f990266ccbc90f53cf9d2e553535a289410bf18376a5a4feacd1e9291ec9a2c386fe1a3d5449faf85bbd97a0a3639cba9ea;2025-06-13 16:00:00;30;NO CONTROLS;NO CONTROLS;CLEAR;DAYLIGHT;PEDALCYCLIST;DRIVEWAY;STRAIGHT AND LEVEL;DRY;NO DEFECTS;INJURY AND / OR TOW DUE TO CRASH;;;$500 OR LESS;FAILING TO YIELD RIGHT-OF-WAY;DRIVING SKILLS/KNOWLEDGE/EXPERIENCE;4425;S;WESTERN BLVD;924;;;;;;;2;NONINCAPACITATING INJURY;1;0;0;1;0;1;0;16;6;6;41.8131888382;-87.6838543779;{'type': 'Point', 'coordinates': [-87.683854377871, 41.813188838228]};NOT ON SCENE (DESK REPORT);2025-06-14T19:00:00.000
51c0fe38fee296c915854acde302cf7f2cb9d0e055a080e878b5c248a84df101c5e0ea0361964795f6eec91858cb9f19e32279d79ed4fd5e06ef8cd4a5deb109;2025-06-13 16:00:00;30;TRAFFIC SIGNAL;FUNCTIONING PROPERLY;CLEAR;DAYLIGHT;REAR END;NOT DIVIDED;STRAIGHT AND LEVEL;DRY;NO DEFECTS;INJURY AND / OR TOW DUE TO CRASH;;;OVER $1,500;UNABLE TO DETERMINE;NOT APPLICABLE;7430;S;DAMEN AVE;735;;Y;;;;;3;REPORTED, NOT EVIDENT;2;0;0;0;2;2;0;16;6;6;41.7584622986;-87.6735151384;{'type': 'Point', 'coordinates': [-87.673515138443, 41.758462298586]};ON SCENE;2025-06-13T16:08:00.000
68e0ef85090a01561427a6e4e66b5a38917fe311bbd3290d257636c98dd03d24cd4ddf82ef813a6e4e1963e9f2958189aaa1e6e34a3c8255ab62d3f296eb0964;2025-06-13 16:00:00;30;NO CONTROLS;NO CONTROLS;RAIN;DAYLIGHT;ANGLE;FOUR WAY;STRAIGHT AND LEVEL;WET;NO DEFECTS;NO INJURY / DRIVE AWAY;Y;;OVER $1,500;FAILING TO REDUCE SPEED TO AVOID CRASH;DRIVING SKILLS/KNOWLEDGE/EXPERIENCE;3501;W;IRVING PARK RD;1732;;;;;;;2;NO INDICATION OF INJURY;0;0;0;0;0;2;0;16;6;6;41.9537109911;-87.71542055;{'type': 'Point', 'coordinates': [-87.715420550046, 41.953710991066]};ON SCENE;2025-06-13T16:02:00.000
d0449ae0e691d66396d1826b8297648f0c10be01226a1c26d56b3b7451502e9a9d3093d44f25cc4de9103e2abed31c38fe9c01b2c69e5b5f524454b8943846cb;2025-06-13 16:00:00;30;TRAFFIC SIGNAL;FUNCTIONING PROPERLY;CLEAR;UNKNOWN;ANGLE;NOT DIVIDED;STRAIGHT AND LEVEL;UNKNOWN;UNKNOWN;NO INJURY / DRIVE AWAY;;Y;OVER $1,500;DISREGARDING OTHER TRAFFIC SIGNS;NOT APPLICABLE;6903;S;DAMEN AVE;735;;;;;;;2;NO INDICATION OF INJURY;0;0;0;0;0;3;0;16;6;6;41.7683398125;-87.6734750479;{'type': 'Point', 'coordinates': [-87.673475047904, 41.76833981246]};NOT ON SCENE (DESK REPORT);2025-06-13T16:15:00.000
73f4651fe8a3b10f09c66e8da3a33a173a3abb4935348145e50bae3e7e72d112744b241efeacb4c4c58f85a45653bcafc3d69ff29177992d49028867ede01a2f;2025-06-13 15:58:00;30;NO CONTROLS;NO CONTROLS;RAIN;DAYLIGHT;PARKED MOTOR VEHICLE;ONE-WAY;STRAIGHT AND LEVEL;WET;NO DEFECTS;NO INJURY / DRIVE AWAY;;;$501 - $1,500;IMPROPER BACKING;IMPROPER BACKING;5625;N;WINTHROP AVE;2022;;;;;;;3;NO INDICATION OF INJURY;0;0;0;0;0;1;0;15;6;6;41.984431289;-87.657892457;{'type': 'Point', 'coordinates': [-87.657892457003, 41.984431288957]};ON SCENE;2025-06-13T16:10:00.000
12a2be37f93292e0ce8b524b3b6075bc0205d1edbcfb3e171b0aaa2da7b97c6e1587ba3295950e496c244d2c8d75e688bf6d4618c58b637f478f46d27d9f2b9b;2025-06-13 15:55:00;30;NO CONTROLS;NO CONTROLS;CLOUDY/OVERCAST;DAYLIGHT;TURNING;DIVIDED - W/MEDIAN (NOT RAISED);STRAIGHT AND LEVEL;WET;NO DEFECTS;NO INJURY / DRIVE AWAY;;;OVER $1,500;NOT APPLICABLE;NOT APPLICABLE;3950;W;DIVISION ST;2535;;;;;;;2;NO INDICATION OF INJURY;0;0;0;0;0;3;0;15;6;6;41.9027875277;-87.7258769549;{'type': 'Point', 'coordinates': [-87.725876954862, 41.902787527696]};NOT ON SCENE (DESK REPORT);2025-06-13T17:20:00.000
6f970f8fc7edec1477de215e674890fbcd5e6fefd5050b9e9ddf5ebce7a0e5160cd783bc3b116051320c2f26ccbb96f8cf05936635a5a0ee1d352139f7a0e011;2025-06-13 15:55:00;30;TRAFFIC SIGNAL;FUNCTIONING PROPERLY;RAIN;DAYLIGHT;TURNING;FOUR WAY;STRAIGHT AND LEVEL;WET;NO DEFECTS;INJURY AND / OR TOW DUE TO CRASH;Y;;OVER $1,500;FAILING TO YIELD RIGHT-OF-WAY;FAILING TO YIELD RIGHT-OF-WAY;2600;S;WENTWORTH AVE;914;;;;;;;2;NONINCAPACITATING INJURY;3;0;0;2;1;0;0;15;6;6;41.845494944;-87.6319704313;{'type': 'Point', 'coordinates': [-87.631970431289, 41.845494943967]};ON SCENE;2025-06-13T15:59:00.000
717e8e4db6ad833b4d3afec6608f2053b0c6767641aefd9fbf18f9b6586a0eeafc5f76ff77fe0ce87c48102bd4693886dab9f1aff6969deffc490616abc07b1d;2025-06-13 15:55:00;30;NO CONTROLS;NO CONTROLS;RAIN;DAYLIGHT;TURNING;NOT DIVIDED;STRAIGHT AND LEVEL;WET;NO DEFECTS;NO INJURY / DRIVE AWAY;;;OVER $1,500;UNABLE TO DETERMINE;NOT APPLICABLE;3942;W;ROOSEVELT RD;1132;;;;;;;2;NO INDICATION OF INJURY;0;0;0;0;0;2;0;15;6;6;41.8662917835;-87.7244831487;{'type': 'Point', 'coordinates': [-87.724483148745, 41.86629178355]};NOT ON SCENE (DESK REPORT);2025-06-13T16:24:00.000
3630b872ab748b16fd4079ee798a077769e4d7bd807b99508bc6982f47bf6f668d2febeb9c5a7032c240c3d30af63f6bf813fd45a268580dca793ffde5b991dc;2025-06-13 15:53:00;30;NO CONTROLS;NO CONTROLS;UNKNOWN;DAYLIGHT;REAR END;NOT DIVIDED;STRAIGHT AND LEVEL;OTHER;NO DEFECTS;NO INJURY / DRIVE AWAY;;;OVER $1,500;FOLLOWING TOO CLOSELY;FOLLOWING TOO CLOSELY;1510;S;DAMEN AVE;1233;;;;;;;2;NO INDICATION OF INJURY;0;0;0;0;0;2;0;15;6;6;41.8609086944;-87.6762439554;{'type': 'Point', 'coordinates': [-87.676243955362, 41.860908694442]};NOT ON SCENE (DESK REPORT);2025-06-13T19:16:00.000
37bc6db30bac6cd20101049fe056219ce522154c8a59cab1e4d78d374ec8ce71ea54648c29b3d707d24bcc88cd23f10a5575fe6139dead3183161469bbde41e8;2025-06-13 15:50:00;30;NO CONTROLS;NO CONTROLS;CLEAR;DAYLIGHT;SIDESWIPE SAME DIRECTION;DIVIDED - W/MEDIAN (NOT RAISED);STRAIGHT AND LEVEL;WET;NO DEFECTS;NO INJURY / DRIVE AWAY;;Y;OVER $1,500;UNABLE TO DETERMINE;UNABLE TO DETERMINE;7550;N;SHERIDAN RD;2422;;;;;;;2;NO INDICATION OF INJURY;0;0;0;0;0;2;0;15;6;6;42.0191730738;-87.6661662884;{'type': 'Point', 'coordinates': [-87.666166288415, 42.019173073836]};NOT ON SCENE (DESK REPORT);2025-06-13T16:15:00.000
01b68764a7547a1c7baae47214898488c8f386a3dcc34422976081550a2f11d1ca13562fe985e5e9d94f1765c4ccc913dd88b73e5ed672d6c6dc8335b5f95b0f;2025-06-13 15:47:00;30;TRAFFIC SIGNAL;FUNCTIONING PROPERLY;RAIN;DAYLIGHT;TURNING;DIVIDED - W/MEDIAN BARRIER;STRAIGHT AND LEVEL;WET;NO DEFECTS;INJURY AND / OR TOW DUE TO CRASH;;;OVER $1,500;IMPROPER TURNING/NO SIGNAL;DRIVING SKILLS/KNOWLEDGE/EXPERIENCE;151;S;WACKER DR;122;;;;;;;2;NO INDICATION OF INJURY;0;0;0;0;0;2;0;15;6;6;41.8794175161;-87.6365578636;{'type': 'Point', 'coordinates': [-87.636557863568, 41.879417516097]};ON SCENE;2025-06-13T16:24:00.000
6ba4f87df2ec4ac02717f397ff243154e2ec9e4f0746bc632d81d5b9af08d476bce3b0c1dc7f4df8d55c947a87607b27cf83effb11223936d621f0c5a34a252d;2025-06-13 15:45:00;30;NO CONTROLS;NO CONTROLS;CLOUDY/OVERCAST;DAYLIGHT;ANGLE;NOT DIVIDED;STRAIGHT AND LEVEL;DRY;NO DEFECTS;NO INJURY / DRIVE AWAY;;;OVER $1,500;FAILING TO YIELD RIGHT-OF-WAY;NOT APPLICABLE;2706;W;51ST ST;923;;;;;;;2;NO INDICATION OF INJURY;0;0;0;0;0;2;0;15;6;6;41.801134224;-87.6918982255;{'type': 'Point', 'coordinates': [-87.69189822555, 41.801134224008]};NOT ON SCENE (DESK REPORT);2025-06-13T16:20:00.000
bedcb5b437263f0e2648b2aac7e51a3ccfe2f97351ab4ec3c81f53d304cdad8b64161df6e08c784c74ea2209c251a24cf7fee63442a0636b915b52f25a519738;2025-06-13 15:45:00;30;NO CONTROLS;NO CONTROLS;RAIN;DAYLIGHT;PARKED MOTOR VEHICLE;NOT DIVIDED;STRAIGHT AND LEVEL;WET;NO DEFECTS;INJURY AND / OR TOW DUE TO CRASH;;Y;OVER $1,500;UNABLE TO DETERMINE;UNABLE TO DETERMINE;7501;S;CRANDON AVE;414;;;;;;;2;NO INDICATION OF INJURY;0;0;0;0;0;1;0;15;6;6;41.7588710106;-87.5686625936;{'type': 'Point', 'coordinates': [-87.568662593588, 41.758871010649]};ON SCENE;2025-06-13T15:46:00.000
842a2676bb5e1845eefeecf94add07822577e7e22920e687b94676b69d1f5f0ae2a087190c10f57e88ffd30d2654f125ae7ea633bc259bf714c1fc26350acdc6;2025-06-13 15:43:00;35;NO CONTROLS;FUNCTIONING PROPERLY;RAIN;DAYLIGHT;TURNING;NOT DIVIDED;STRAIGHT AND LEVEL;WET;NO DEFECTS;INJURY AND / OR TOW DUE TO CRASH;;Y;OVER $1,500;IMPROPER TURNING/NO SIGNAL;IMPROPER TURNING/NO SIGNAL;1531;W;115TH ST;524;;;;;;;2;NO INDICATION OF INJURY;0;0;0;0;0;3;0;15;6;6;41.6847286301;-87.6603665733;{'type': 'Point', 'coordinates': [-87.660366573329, 41.684728630106]};ON SCENE;2025-06-13T15:43:00.000
703fb6f0ec32602e141d7518f7e5597be1b7eede2a2ea8865fb464351580e9ffab9e8ca427b34371260639b507779817c0852ef2fc291fb9d6a8e94bb371c761;2025-06-13 15:37:00;20;NO CONTROLS;NO CONTROLS;FOG/SMOKE/HAZE;DAYLIGHT;PARKED MOTOR VEHICLE;NOT DIVIDED;STRAIGHT AND LEVEL;DRY;NO DEFECTS;NO INJURY / DRIVE AWAY;;Y;OVER $1,500;UNABLE TO DETERMINE;NOT APPLICABLE;7352;S;WOOD ST;735;;;;;;;2;NO INDICATION OF INJURY;0;0;0;0;0;1;0;15;6;6;41.7596529208;-87.6686823884;{'type': 'Point', 'coordinates': [-87.668682388384, 41.759652920801]};ON SCENE;2025-06-14T08:57:00.000
6e3ccddce781ee12ef4bfe57ef714f43ebba4a344bfe4fca7ec0654fbce9330ac6ad70f466084087efc9d3f9dda30b054a3673f46c77ec83aa30f0d2f8d3c6d4;2025-06-13 15:30:00;30;TRAFFIC SIGNAL;FUNCTIONING PROPERLY;RAIN;DAYLIGHT;TURNING;FOUR WAY;STRAIGHT AND LEVEL;WET;UNKNOWN;INJURY AND / OR TOW DUE TO CRASH;Y;;OVER $1,500;FOLLOWING TOO CLOSELY;NOT APPLICABLE;7900;S;STATE ST;623;;;;;;;3;NONINCAPACITATING INJURY;2;0;0;2;0;5;0;15;6;6;41.7509181383;-87.6246901225;{'type': 'Point', 'coordinates': [-87.624690122516, 41.750918138315]};ON SCENE;2025-06-13T15:34:00.000
8ef6dea2c83766bb1c91dc7976022152ad95257ccd676e2b6f029339185429cba7953bf4db6e73f48e06b68cabf5d7232463decc4ae909b14fa98d3a06c2c952;2025-06-13 15:30:00;30;NO CONTROLS;NO CONTROLS;RAIN;DAYLIGHT;REAR END;NOT DIVIDED;STRAIGHT AND LEVEL;WET;NO DEFECTS;INJURY AND / OR TOW DUE TO CRASH;;;OVER $1,500;WEATHER;NOT APPLICABLE;4892;W;GRAND AVE;2533;;;;;;;2;NO INDICATION OF INJURY;0;0;0;0;0;3;0;15;6;6;41.9153213042;-87.7492386737;{'type': 'Point', 'coordinates': [-87.749238673718, 41.915321304248]};NOT ON SCENE (DESK REPORT);2025-06-14T13:00:00.000
93cea0d0267f26ea847edf52960d8069aea83715fe55d35384cd1da2ef7ffec2e4da04dd3c5c221d25b618a69066bdcc0b9bb486697a2c0f61d346959ec155d1;2025-06-13 15:30:00;30;NO CONTROLS;NO CONTROLS;CLEAR;DAYLIGHT;REAR END;NOT DIVIDED;STRAIGHT AND LEVEL;DRY;NO DEFECTS;NO INJURY / DRIVE AWAY;;;$501 - $1,500;DRIVING SKILLS/KNOWLEDGE/EXPERIENCE;UNABLE TO DETERMINE;7350;W;BELMONT AVE;1631;;;;;;;2;NO INDICATION OF INJURY;0;0;0;0;0;2;0;15;6;6;41.9380942894;-87.811171809;{'type': 'Point', 'coordinates': [-87.81117180899, 41.938094289406]};NOT ON SCENE (DESK REPORT);2025-06-14T22:00:00.000
94a85dbd2c67c14fb6b3d37e0fd729fb11907eb8ef518f0a96ae16eb198854417050e5f5f7155cb213cdbde1459b9a187260a3b0545ac0ef3be3f447905d7a66;2025-06-13 15:30:00;30;NO CONTROLS;NO CONTROLS;FREEZING RAIN/DRIZZLE;DAYLIGHT;TURNING;DIVIDED - W/MEDIAN (NOT RAISED);STRAIGHT AND LEVEL;WET;NO DEFECTS;NO INJURY / DRIVE AWAY;;;$501 - $1,500;IMPROPER TURNING/NO SIGNAL;NOT APPLICABLE;3200;W;73RD ST;831;;;;;;;2;NO INDICATION OF INJURY;0;0;0;0;0;2;0;15;6;6;41.760873656;-87.7027355443;{'type': 'Point', 'coordinates': [-87.702735544256, 41.76087365601]};NOT ON SCENE (DESK REPORT);2025-06-13T16:03:00.000
ae0fb35ca8b75bd9b596e7f3afc9844bf6200079d3ad7d1906ce9a994dd46d2ec7c5aa61c83ddc244fc2a4aa0d2d0c88dd62651f640f3c248a9423522d195de7;2025-06-13 15:30:00;30;STOP SIGN/FLASHER;FUNCTIONING PROPERLY;RAIN;DAYLIGHT;TURNING;NOT DIVIDED;STRAIGHT AND LEVEL;WET;NO DEFECTS;INJURY AND / OR TOW DUE TO CRASH;Y;;OVER $1,500;FAILING TO YIELD RIGHT-OF-WAY;NOT APPLICABLE;2230;S;CALIFORNIA AVE;1033;;;;;;;2;NO INDICATION OF INJURY;0;0;0;0;0;2;0;15;6;6;41.8510277235;-87.6955726945;{'type': 'Point', 'coordinates': [-87.695572694545, 41.851027723527]};ON SCENE;2025-06-13T15:31:00.000
e83914204ca2922936a3076608f7aaa51e124e32137831296cacb106fa6e6aec6c6acc00db1620164fcaf825c13e189f1c7bd555e819fa81b828bb530532e82d;2025-06-13 15:25:00;35;TRAFFIC SIGNAL;FUNCTIONING PROPERLY;CLEAR;DAYLIGHT;TURNING;T-INTERSECTION;STRAIGHT AND LEVEL;UNKNOWN;UNKNOWN;NO INJURY / DRIVE AWAY;;Y;$501 - $1,500;NOT APPLICABLE;UNABLE TO DETERMINE;300;S;HOMAN AVE;1133;;;;;;;2;NO INDICATION OF INJURY;0;0;0;0;0;2;0;15;6;6;41.8772598918;-87.711032087;{'type': 'Point', 'coordinates': [-87.711032086956, 41.877259891815]};NOT ON SCENE (DESK REPORT);2025-06-13T16:25:00.000
b6cd09d3c99711513fc80026ba8be85030f66f42e3a4e88162dccf016816e09e9716d47cc61804f253e8f77185262d869a21174117e2817fa891ee549a0a25f2;2025-06-13 15:20:00;15;NO CONTROLS;NO CONTROLS;RAIN;DAYLIGHT;ANGLE;PARKING LOT;STRAIGHT AND LEVEL;DRY;NO DEFECTS;NO INJURY / DRIVE AWAY;;;OVER $1,500;FAILING TO YIELD RIGHT-OF-WAY;FAILING TO YIELD RIGHT-OF-WAY;2829;S;CALIFORNIA BLVD;1034;;;;;;;2;NO INDICATION OF INJURY;0;0;0;0;0;2;0;15;6;6;41.8404411743;-87.6941145878;{'type': 'Point', 'coordinates': [-87.694114587804, 41.840441174339]};ON SCENE;2025-06-13T15:25:00.000
fa1141ecdccd1fd7fdd8793e53ad1114f20453d7a09ede7d24821b18b1eac472088616d668cbd7a75b38729dd8f911176dbd11daf13540e027c44404d2fd0811;2025-06-13 15:20:00;35;NO CONTROLS;NO CONTROLS;RAIN;DAYLIGHT;ANGLE;NOT DIVIDED;STRAIGHT AND LEVEL;WET;NO DEFECTS;NO INJURY / DRIVE AWAY;;;$501 - $1,500;FAILING TO YIELD RIGHT-OF-WAY;IMPROPER TURNING/NO SIGNAL;2795;N;ASHLAND AVE;1932;;;;;;;2;NO INDICATION OF INJURY;0;0;0;0;0;2;0;15;6;6;41.9323196542;-87.6682433888;{'type': 'Point', 'coordinates': [-87.66824338883, 41.93231965419]};ON SCENE;2025-06-13T15:22:00.000
272882ca7eea882a094def47bd371970f75d02bf589517ebeb0754914acb402a1e29d33f308dd112b5e6f715184a07dd5646ce695c391661408cdd480b03b9d9;2025-06-13 15:15:00;30;TRAFFIC SIGNAL;FUNCTIONING PROPERLY;RAIN;DAYLIGHT;TURNING;NOT DIVIDED;STRAIGHT AND LEVEL;WET;NO DEFECTS;NO INJURY / DRIVE AWAY;;;OVER $1,500;NOT APPLICABLE;NOT APPLICABLE;6830;N;OZARK AVE;1612;;;;;;;2;NO INDICATION OF INJURY;0;0;0;0;0;2;0;15;6;6;42.0051720374;-87.8203058379;{'type': 'Point', 'coordinates': [-87.820305837932, 42.005172037379]};NOT ON SCENE (DESK REPORT);2025-06-14T09:30:00.000
92918e86ee3b231b4b465e10937879e334db7ea359d5b440e7f37bb8d72325b03611a8862ba2d6557838dafcecd3bf962f393614737e2901bb44ea8a2e46451b;2025-06-13 15:15:00;30;STOP SIGN/FLASHER;FUNCTIONING PROPERLY;CLEAR;DAYLIGHT;TURNING;T-INTERSECTION;STRAIGHT AND LEVEL;DRY;NO DEFECTS;NO INJURY / DRIVE AWAY;;;OVER $1,500;FAILING TO YIELD RIGHT-OF-WAY;FAILING TO YIELD RIGHT-OF-WAY;1725;N;LECLAIRE AVE;2533;;;;;;;2;NO INDICATION OF INJURY;0;0;0;0;0;2;0;15;6;6;41.9121253817;-87.752594012;{'type': 'Point', 'coordinates': [-87.752594011951, 41.912125381715]};;2025-06-13T15:44:00.000
6635f4406effa1b1381fca30c65dcf6504bc4bbbccad6edb096be11f353bc6804a20f6799b4c01eccef6884529d0eb416c8a52dd718852f739bae6e5a895efc6;2025-06-13 15:10:00;25;TRAFFIC SIGNAL;FUNCTIONING PROPERLY;CLEAR;DAYLIGHT;REAR END;DIVIDED - W/MEDIAN (NOT RAISED);STRAIGHT AND LEVEL;DRY;NO DEFECTS;INJURY AND / OR TOW DUE TO CRASH;;;$501 - $1,500;FAILING TO REDUCE SPEED TO AVOID CRASH;DISTRACTION - FROM INSIDE VEHICLE;3216;N;ASHLAND AVE;1922;;;;;;;3;NONINCAPACITATING INJURY;1;0;0;1;0;4;0;15;6;6;41.9400131345;-87.6688184751;{'type': 'Point', 'coordinates': [-87.668818475086, 41.940013134461]};ON SCENE;2025-06-13T15:13:00.000
c05c4f2ce3537c3d2629604c52c7c207ac0277a7b5aeb0899cd7d3575ebc88534465c0ca43b5d5f5cd909757281a48a2535d008fb86c81b7cf95779577518e98;2025-06-13 15:10:00;40;OTHER;FUNCTIONING PROPERLY;RAIN;DAYLIGHT;SIDESWIPE SAME DIRECTION;DIVIDED - W/MEDIAN BARRIER;STRAIGHT AND LEVEL;WET;NO DEFECTS;NO INJURY / DRIVE AWAY;;Y;$501 - $1,500;IMPROPER OVERTAKING/PASSING;UNABLE TO DETERMINE;380;N;LAKE SHORE DR NB;1834;;;;;;;2;NO INDICATION OF INJURY;0;0;0;0;0;2;0;15;6;6;41.8890208792;-87.6143409818;{'type': 'Point', 'coordinates': [-87.614340981756, 41.889020879151]};ON SCENE;2025-06-13T15:20:00.000
fbd1b6f20a1400ee5bc00093ff982c4857958aee47b270cf7e0f464bf1b6e0c985573d09786bf29ed3d1e7d772b5b6aeddb5752c416f590a0aade1e8d0cfc61b;2025-06-13 15:10:00;30;TRAFFIC SIGNAL;FUNCTIONING PROPERLY;RAIN;DAYLIGHT;REAR END;NOT DIVIDED;STRAIGHT AND LEVEL;WET;UNKNOWN;INJURY AND / OR TOW DUE TO CRASH;;;$501 - $1,500;UNABLE TO DETERMINE;UNABLE TO DETERMINE;4815;W;NORTH AVE;2533;;;;;;;2;REPORTED, NOT EVIDENT;1;0;0;0;1;2;0;15;6;6;41.9095079205;-87.746743933;{'type': 'Point', 'coordinates': [-87.74674393297, 41.90950792053]};NOT ON SCENE (DESK REPORT);2025-06-13T16:25:00.000
536c15e24c7e7444bcc0a55dd2682dea737e8908ece009ca402cf7c78dc307bcfc9d07bf410430e41d05ef068c81830df281568b573ed1d48ae8e94d9e42aa58;2025-06-13 15:02:00;30;NO CONTROLS;NO CONTROLS;RAIN;DAYLIGHT;TURNING;NOT DIVIDED;STRAIGHT AND LEVEL;WET;UNKNOWN;INJURY AND / OR TOW DUE TO CRASH;;;OVER $1,500;FAILING TO YIELD RIGHT-OF-WAY;UNABLE TO DETERMINE;1415;W;JONQUIL TER;2422;;;;;;;2;NONINCAPACITATING INJURY;1;0;0;1;0;2;0;15;6;6;42.0210169138;-87.6672465476;{'type': 'Point', 'coordinates': [-87.667246547613, 42.021016913752]};ON SCENE;2025-06-13T15:18:00.000
3c3bc11fb0d5b15a7d83206825128b9c9fe512d0854896db01edf05a6a6b86b41f052785f73ec4506241cf0cec324c380304bc880025c761c599bb2e0f00733d;2025-06-13 15:00:00;30;TRAFFIC SIGNAL;UNKNOWN;RAIN;DAYLIGHT;REAR END;OTHER;STRAIGHT AND LEVEL;WET;UNKNOWN;INJURY AND / OR TOW DUE TO CRASH;;Y;OVER $1,500;DRIVING SKILLS/KNOWLEDGE/EXPERIENCE;UNABLE TO DETERMINE;820;W;PERSHING RD;915;;;;;;;2;NONINCAPACITATING INJURY;1;0;0;1;0;1;0;15;6;6;41.8235576854;-87.6467747992;{'type': 'Point', 'coordinates': [-87.646774799212, 41.82355768537]};NOT ON SCENE (DESK REPORT);2025-06-13T18:25:00.000
51ffbead5a5fe1d9a9c2ab3ab8feb31cbbeae382cbadbafb51bff591d0a0559d41648e591115092b6c8ea0091904b7b7c00adbb911cd3ce1e7b8300e6a671c7a;2025-06-13 15:00:00;20;TRAFFIC SIGNAL;FUNCTIONING PROPERLY;RAIN;DAYLIGHT;REAR END;T-INTERSECTION;STRAIGHT AND LEVEL;WET;NO DEFECTS;NO INJURY / DRIVE AWAY;;;OVER $1,500;UNABLE TO DETERMINE;UNABLE TO DETERMINE;5540;W;HARRISON ST;1522;;;;;;;2;NO INDICATION OF INJURY;0;0;0;0;0;2;0;15;6;6;41.8729545807;-87.7631821124;{'type': 'Point', 'coordinates': [-87.763182112405, 41.872954580748]};NOT ON SCENE (DESK REPORT);2025-06-13T17:55:00.000
574453a11473610125c37161a7dc25dcff17ff7888d494634d6257de1613c98962e4048288882a599fb30d2ff0679a9d60fb50f43c5ec46b3d8fe66df3b6bc90;2025-06-13 15:00:00;35;TRAFFIC SIGNAL;FUNCTIONING PROPERLY;CLEAR;DAYLIGHT;REAR END;NOT DIVIDED;STRAIGHT AND LEVEL;DRY;NO DEFECTS;NO INJURY / DRIVE AWAY;;;OVER $1,500;UNABLE TO DETERMINE;UNABLE TO DETERMINE;311;E;MARQUETTE RD;322;;;;;;;2;NO INDICATION OF INJURY;0;0;0;0;0;2;0;15;6;6;41.7728096063;-87.6182219743;{'type': 'Point', 'coordinates': [-87.618221974331, 41.772809606319]};NOT ON SCENE (DESK REPORT);2025-06-15T15:45:00.000
9ac5541cac26b7cbe9b15e5f78c9748ca3da34bc9aeb35296a56c2c5dc3cf6aa5d8d79e76b25889573c4ab96c8c346808db71a94153285905077a6e986ef7681;2025-06-13 15:00:00;30;STOP SIGN/FLASHER;FUNCTIONING PROPERLY;CLEAR;DAYLIGHT;REAR END;NOT DIVIDED;STRAIGHT AND LEVEL;DRY;NO DEFECTS;NO INJURY / DRIVE AWAY;;;OVER $1,500;FOLLOWING TOO CLOSELY;DRIVING SKILLS/KNOWLEDGE/EXPERIENCE;7350;W;BELMONT AVE;1631;;;;;;;2;NO INDICATION OF INJURY;0;0;0;0;0;2;0;15;6;6;41.9380942894;-87.811171809;{'type': 'Point', 'coordinates': [-87.81117180899, 41.938094289406]};NOT ON SCENE (DESK REPORT);2025-06-13T17:30:00.000
df252a15bb2a75626e3f85a31629d954afe78ec9db5bcf74ec8d465c4e5870ab40e690129ba55c77bfee80f330757f558937e35d1212169bf3d253b5e1eea853;2025-06-13 15:00:00;30;UNKNOWN;UNKNOWN;RAIN;DAYLIGHT;REAR END;NOT DIVIDED;STRAIGHT AND LEVEL;WET;UNKNOWN;NO INJURY / DRIVE AWAY;;;OVER $1,500;UNABLE TO DETERMINE;UNABLE TO DETERMINE;1231;N;ASHLAND AVE;1433;;;;;;;2;NO INDICATION OF INJURY;0;0;0;0;0;2;0;15;6;6;41.9043321819;-87.667374786;{'type': 'Point', 'coordinates': [-87.667374786018, 41.904332181864]};NOT ON SCENE (DESK REPORT);2025-06-13T16:00:00.000
f0a47cde150d628254f2b430a8c7a01ee5414e32cc90f5c9af85a942a5b32c76639bd749677110a2d6ba492d1e33ca0ffee39bad754b28340fa5c514a6c08c51;2025-06-13 15:00:00;30;TRAFFIC SIGNAL;FUNCTIONING PROPERLY;RAIN;DAYLIGHT;REAR END;NOT DIVIDED;STRAIGHT AND LEVEL;WET;NO DEFECTS;NO INJURY / DRIVE AWAY;;;OVER $1,500;FAILING TO REDUCE SPEED TO AVOID CRASH;UNABLE TO DETERMINE;9212;S;JEFFERY AVE;413;;;;;;;2;NO INDICATION OF INJURY;0;0;0;0;0;2;0;15;6;6;41.7275060341;-87.5756262468;{'type': 'Point', 'coordinates': [-87.575626246792, 41.727506034145]};NOT ON SCENE (DESK REPORT);2025-06-13T17:20:00.000
15b5d6c7d60f3dbd2a44318df09464ed48a2be50ed72088d6636bafbefb363a3d1e08b273bedd7bbea089e5786aa5a6aba5417667a0ffc823ee3f9be3c5fe799;2025-06-13 14:55:00;30;NO CONTROLS;NO CONTROLS;RAIN;DAYLIGHT;PEDALCYCLIST;NOT DIVIDED;STRAIGHT AND LEVEL;WET;UNKNOWN;NO INJURY / DRIVE AWAY;;;OVER $1,500;FAILING TO YIELD RIGHT-OF-WAY;NOT APPLICABLE;3256;N;SOUTHPORT AVE;1922;;;Y;;;;2;NO INDICATION OF INJURY;0;0;0;0;0;2;0;14;6;6;41.941475949;-87.6640103641;{'type': 'Point', 'coordinates': [-87.664010364053, 41.941475948952]};ON SCENE;2025-06-13T14:57:00.000
8f8dd360bbf2e0e28e90503b803c209cacd6538f2ec319b1cca05a4fa15cbd58a4e13a25557b5c4089124dad976d26ee01a546d1c005739df01e49328c0e962b;2025-06-13 14:54:00;30;NO CONTROLS;NO CONTROLS;CLEAR;DAYLIGHT;SIDESWIPE SAME DIRECTION;NOT DIVIDED;STRAIGHT AND LEVEL;DRY;NO DEFECTS;NO INJURY / DRIVE AWAY;;;$501 - $1,500;FAILING TO YIELD RIGHT-OF-WAY;FAILING TO REDUCE SPEED TO AVOID CRASH;4536;W;ARMITAGE AVE;2522;;;;;;;2;NO INDICATION OF INJURY;0;0;0;0;0;2;0;14;6;6;41.9171098902;-87.7401563869;{'type': 'Point', 'coordinates': [-87.740156386909, 41.917109890163]};NOT ON SCENE (DESK REPORT);2025-06-13T19:00:00.000
095d69ed782ede3950372d521d910631a3a5244599be2960ea6d2363e55e1c5f96d068f6dc0de507f660c69000f7a2a3ba39f94ea6aee5144765266300aef611;2025-06-13 14:50:00;30;NO CONTROLS;NO CONTROLS;CLEAR;DAYLIGHT;REAR END;DIVIDED - W/MEDIAN (NOT RAISED);STRAIGHT AND LEVEL;UNKNOWN;UNKNOWN;NO INJURY / DRIVE AWAY;;;OVER $1,500;UNABLE TO DETERMINE;UNABLE TO DETERMINE;5435;N;WESTERN AVE;2012;;;;;;;2;NO INDICATION OF INJURY;0;0;0;0;0;2;0;14;6;6;41.9805657884;-87.6891847216;{'type': 'Point', 'coordinates': [-87.689184721616, 41.980565788443]};NOT ON SCENE (DESK REPORT);2025-06-14T16:04:00.000
6a1f4f401e3269bf9605fa2792ae4d0f5ba18df81644292cbd1097b79b7409f91449eedbce92ff4d12d922705239fe2620562180c37ceee26d600486a04bf8b2;2025-06-13 14:50:00;25;NO CONTROLS;NO CONTROLS;RAIN;DAYLIGHT;PARKED MOTOR VEHICLE;NOT DIVIDED;STRAIGHT AND LEVEL;WET;NO DEFECTS;NO INJURY / DRIVE AWAY;;;OVER $1,500;IMPROPER BACKING;DRIVING SKILLS/KNOWLEDGE/EXPERIENCE;5941;W;BERTEAU AVE;1624;;;;;;;2;NO INDICATION OF INJURY;0;0;0;0;0;1;0;14;6;6;41.9566019227;-87.7761290919;{'type': 'Point', 'coordinates': [-87.776129091887, 41.956601922689]};ON SCENE;2025-06-13T14:54:00.000
ecfb853b5e70debd4110174558c9eac8004c6c89ea5e6e16ea9a6c1766e4bfb33f3e5bf7f53eedfde0c0edd9a7e74561b0d3e0cde795bd6285d5f430c755b265;2025-06-13 14:46:00;30;STOP SIGN/FLASHER;UNKNOWN;RAIN;DAYLIGHT;ANGLE;T-INTERSECTION;STRAIGHT AND LEVEL;WET;UNKNOWN;INJURY AND / OR TOW DUE TO CRASH;Y;;OVER $1,500;UNABLE TO DETERMINE;UNABLE TO DETERMINE;4434;W;MONTROSE AVE;1722;;Y;;;;;3;NO INDICATION OF INJURY;0;0;0;0;0;3;0;14;6;6;41.960921874;-87.739753307;{'type': 'Point', 'coordinates': [-87.739753307037, 41.960921873996]};ON SCENE;2025-06-13T15:06:00.000
1ae0b2fff881fe2d924580a06f32e89e9bde34f70bd5b589d2b81eb50b65ad84054940e36c1501aff1843aa2ab7bfad4ad3203717b4a4e02ddda004a2bbdfc3b;2025-06-13 14:45:00;40;TRAFFIC SIGNAL;FUNCTIONING PROPERLY;CLEAR;DAYLIGHT;REAR END;TRAFFIC ROUTE;STRAIGHT AND LEVEL;DRY;NO DEFECTS;NO INJURY / DRIVE AWAY;Y;Y;OVER $1,500;FOLLOWING TOO CLOSELY;FOLLOWING TOO CLOSELY;1198;S;LAKE SHORE DR SB;114;;;;;;;3;NO INDICATION OF INJURY;0;0;0;0;0;3;0;14;6;6;41.8676554381;-87.6190070691;{'type': 'Point', 'coordinates': [-87.619007069149, 41.867655438063]};NOT ON SCENE (DESK REPORT);2025-06-16T10:30:00.000
81862e3696e07cb8505a581e5bad8404815fd06750db6b24d5ff2dab23c39cb762eaeadfb1032b78599636e16ae7e746f2e779063df40d5e773487d23c0dbcae;2025-06-13 14:44:00;30;TRAFFIC SIGNAL;FUNCTIONING PROPERLY;RAIN;DAYLIGHT;TURNING;FOUR WAY;STRAIGHT AND LEVEL;WET;NO DEFECTS;NO INJURY / DRIVE AWAY;Y;Y;$501 - $1,500;UNABLE TO DETERMINE;NOT APPLICABLE;201;N;ASHLAND AVE;1215;;;;;;;2;NO INDICATION OF INJURY;0;0;0;0;0;2;0;14;6;6;41.8853896601;-87.666825816;{'type': 'Point', 'coordinates': [-87.666825816005, 41.88538966011]};ON SCENE;2025-06-13T14:44:00.000
40de58bb8f9c654ba2f34a88cb32a1c0b9f8065c9728520767dfe3850eb920933a689dc08348a5dea2c8686f4ac54300f88e3600fe6047511d92fa246e3eca6d;2025-06-13 14:42:00;20;NO CONTROLS;NO CONTROLS;CLEAR;DAYLIGHT;REAR END;NOT DIVIDED;STRAIGHT AND LEVEL;DRY;NO DEFECTS;NO INJURY / DRIVE AWAY;;;OVER $1,500;UNABLE TO DETERMINE;UNABLE TO DETERMINE;2000;W;GRANVILLE AVE;2413;;;;;;;2;NO INDICATION OF INJURY;0;0;0;0;0;2;0;14;6;6;41.9943708397;-87.6800196113;{'type': 'Point', 'coordinates': [-87.680019611342, 41.994370839743]};NOT ON SCENE (DESK REPORT);2025-06-13T15:15:00.000
449819021cc192eea2779b24eb5af579a1ccb9ebbf9703343887bdf18c2b6c0b4bf33fdfae8f00a136c9ce23c8fe8421e103b64b262a32f88799ee82487014a9;2025-06-13 14:42:00;30;STOP SIGN/FLASHER;FUNCTIONING PROPERLY;RAIN;DAYLIGHT;ANGLE;FOUR WAY;STRAIGHT AND LEVEL;WET;NO DEFECTS;INJURY AND / OR TOW DUE TO CRASH;Y;;OVER $1,500;DRIVING SKILLS/KNOWLEDGE/EXPERIENCE;FAILING TO REDUCE SPEED TO AVOID CRASH;5401;W;BARRY AVE;2514;;;;;;;2;REPORTED, NOT EVIDENT;1;0;0;0;1;3;0;14;6;6;41.9367026607;-87.7615895017;{'type': 'Point', 'coordinates': [-87.761589501655, 41.936702660686]};ON SCENE;2025-06-13T14:46:00.000
36521e57f88f963e8c366ce788dcb25241efd4e3c2468de46d7c40c3fa1a3bf3165293a3cbe18008c3af83e366f10fea983052da421cc9b32163a2e73966549f;2025-06-13 14:40:00;30;TRAFFIC SIGNAL;FUNCTIONING PROPERLY;CLEAR;DAYLIGHT;REAR END;Y-INTERSECTION;STRAIGHT AND LEVEL;DRY;NO DEFECTS;NO INJURY / DRIVE AWAY;;Y;OVER $1,500;FOLLOWING TOO CLOSELY;FOLLOWING TOO CLOSELY;7300;S;VINCENNES AVE;731;;;;;;;2;NO INDICATION OF INJURY;0;0;0;0;0;2;0;14;6;6;41.7617414114;-87.6298334822;{'type': 'Point', 'coordinates': [-87.629833482169, 41.761741411377]};NOT ON SCENE (DESK REPORT);2025-06-13T15:20:00.000
69203d8202c9b07b60bde8a29cc09dfe8dcd2db254607830bec2794109499c098745754dbf40984d326db64b5749cd1df81d1fe944bd15a94073db59ebddf3e9;2025-06-13 14:40:00;30;TRAFFIC SIGNAL;FUNCTIONING PROPERLY;RAIN;DAYLIGHT;ANGLE;NOT DIVIDED;STRAIGHT AND LEVEL;WET;NO DEFECTS;NO INJURY / DRIVE AWAY;;;OVER $1,500;FOLLOWING TOO CLOSELY;NOT APPLICABLE;1158;S;WESTERN AVE;1135;;;;;;;2;NO INDICATION OF INJURY;0;0;0;0;0;4;0;14;6;6;41.8666553574;-87.6861866876;{'type': 'Point', 'coordinates': [-87.686186687554, 41.866655357449]};ON SCENE;2025-06-13T14:44:00.000
9d37f2c74ee691ba9c71b61932a7fdc328498bd86cc893e1155674756065ee71270dc99bfdde1daad237a12f31196d851d2850730f7ff62c00da15a63c1bc3ab;2025-06-13 14:40:00;30;NO CONTROLS;NO CONTROLS;RAIN;DAYLIGHT;REAR END;NOT DIVIDED;STRAIGHT AND LEVEL;WET;NO DEFECTS;NO INJURY / DRIVE AWAY;;;OVER $1,500;FOLLOWING TOO CLOSELY;DRIVING SKILLS/KNOWLEDGE/EXPERIENCE;1910;W;FULLERTON AVE;1432;;;;;;;2;NO INDICATION OF INJURY;0;0;0;0;0;3;0;14;6;6;41.9251564407;-87.676293521;{'type': 'Point', 'coordinates': [-87.676293521004, 41.925156440725]};NOT ON SCENE (DESK REPORT);2025-06-13T16:30:00.000
f74d0f94ff1646beb31d2b479d8915e59b2897d4e297af9560b3bfc9a25f7bc648a21fbd5afdba3767eca64e69891cd86c117f890f342538ac139a52de7591fa;2025-06-13 14:40:00;35;TRAFFIC SIGNAL;FUNCTIONING PROPERLY;CLOUDY/OVERCAST;DAYLIGHT;ANGLE;NOT DIVIDED;STRAIGHT AND LEVEL;WET;NO DEFECTS;INJURY AND / OR TOW DUE TO CRASH;Y;;OVER $1,500;DISREGARDING TRAFFIC SIGNALS;DISREGARDING TRAFFIC SIGNALS;999;S;CALIFORNIA AVE;1135;;;;;;;2;NO INDICATION OF INJURY;0;0;0;0;0;3;0;14;6;6;41.8692792804;-87.6958325469;{'type': 'Point', 'coordinates': [-87.695832546862, 41.869279280419]};ON SCENE;2025-06-13T14:55:00.000
46babd76092edff97a78c306fb367c86a40457a94fe8e4996ddd2e2941d3496d7b05dc225da4f130edfe1fbb35b2097bbe13a55582e2571aa7b7ec6324745882;2025-06-13 14:35:00;30;NO CONTROLS;NO CONTROLS;RAIN;DAYLIGHT;ANGLE;PARKING LOT;STRAIGHT AND LEVEL;UNKNOWN;UNKNOWN;NO INJURY / DRIVE AWAY;;;OVER $1,500;UNABLE TO DETERMINE;NOT APPLICABLE;6249;N;MC CORMICK RD;1711;;;;;;;2;NO INDICATION OF INJURY;0;0;0;0;0;2;0;14;6;6;41.9954406022;-87.7129173789;{'type': 'Point', 'coordinates': [-87.712917378905, 41.995440602185]};NOT ON SCENE (DESK REPORT);2025-06-13T15:56:00.000
d6c14360db488ad06381bca444eb59e8784dc754fea427d2e5a8bcf77ffb9cda44c7caa2cd129571760493481adc9848a7392ac76d12367c35e46ee956d2862a;2025-06-13 14:34:00;30;NO CONTROLS;NO CONTROLS;RAIN;DAYLIGHT;REAR END;NOT DIVIDED;STRAIGHT AND LEVEL;DRY;NO DEFECTS;NO INJURY / DRIVE AWAY;;;$501 - $1,500;FOLLOWING TOO CLOSELY;NOT APPLICABLE;8451;S;PULASKI RD;834;;;;;;;2;NO INDICATION OF INJURY;0;0;0;0;0;4;0;14;6;6;41.7388004469;-87.721422559;{'type': 'Point', 'coordinates': [-87.721422558988, 41.738800446875]};NOT ON SCENE (DESK REPORT);2025-06-13T15:13:00.000
8f06404e0559b913eba58ad6680c5324b87ada47996eff9cd8dc429ccf179e71a07f5faa57a7d2da151f8e04b9270b44286c001ac59f18912c5d8e7979c607a7;2025-06-13 14:32:00;40;NO CONTROLS;NO CONTROLS;CLOUDY/OVERCAST;DAYLIGHT;REAR END;DIVIDED - W/MEDIAN BARRIER;CURVE, LEVEL;WET;NO DEFECTS;INJURY AND / OR TOW DUE TO CRASH;;;OVER $1,500;DRIVING SKILLS/KNOWLEDGE/EXPERIENCE;DRIVING SKILLS/KNOWLEDGE/EXPERIENCE;5132;S;LAKE SHORE DR SB;234;;;;;;;2;NO INDICATION OF INJURY;0;0;0;0;0;2;0;14;6;6;41.8017554058;-87.5817524019;{'type': 'Point', 'coordinates': [-87.581752401851, 41.801755405841]};ON SCENE;2025-06-13T14:38:00.000
d21b72a746df8e2a95c2b39b07a29d3aa435a1a0398905ce9dea433f2e39f1ccb6a08e0cc65c91aa0fafd89ed085204c89e5aa160c1804040c6a53ef7d662127;2025-06-13 14:32:00;25;STOP SIGN/FLASHER;FUNCTIONING PROPERLY;RAIN;DAYLIGHT;TURNING;T-INTERSECTION;STRAIGHT AND LEVEL;WET;NO DEFECTS;INJURY AND / OR TOW DUE TO CRASH;Y;;OVER $1,500;WEATHER;UNABLE TO DETERMINE;2530;W;PRATT BLVD;2411;;;;;;;3;NO INDICATION OF INJURY;0;0;0;0;0;4;0;14;6;6;42.0050818687;-87.6936609593;{'type': 'Point', 'coordinates': [-87.693660959344, 42.005081868713]};ON SCENE;2025-06-13T14:35:00.000
483f559eebef62a4cde98a4adf4dff64276f22c3c71389fc9384a2ceca4d880377d62ee331b488153bd725255d5e08ed8b12c0f8ad2f2889b0799e3624cbac56;2025-06-13 14:30:00;30;NO CONTROLS;NO CONTROLS;CLEAR;DAYLIGHT;REAR END;NOT DIVIDED;STRAIGHT AND LEVEL;UNKNOWN;UNKNOWN;NO INJURY / DRIVE AWAY;;;OVER $1,500;FOLLOWING TOO CLOSELY;FOLLOWING TOO CLOSELY;9401;S;WESTERN AVE;2221;;;;;;;2;NO INDICATION OF INJURY;0;0;0;0;0;2;0;14;6;6;41.7226873459;-87.681972468;{'type': 'Point', 'coordinates': [-87.681972467951, 41.722687345922]};NOT ON SCENE (DESK REPORT);2025-06-13T15:29:00.000
87c004bebd5ebac7c4a2cf705b60001dab1232e194284665d0faa916e0a14eea2511b5ae6d7fe132dac61f7a4c464a4300316e5771623830c8495f05ab26f8ca;2025-06-13 14:30:00;30;TRAFFIC SIGNAL;FUNCTIONING PROPERLY;RAIN;DAYLIGHT;REAR END;CENTER TURN LANE;STRAIGHT AND LEVEL;WET;NO DEFECTS;NO INJURY / DRIVE AWAY;Y;;OVER $1,500;FOLLOWING TOO CLOSELY;FAILING TO REDUCE SPEED TO AVOID CRASH;300;S;COLUMBUS DR;114;;;;;;;2;NO INDICATION OF INJURY;0;0;0;0;0;2;0;14;6;6;41.8782655778;-87.620822303;{'type': 'Point', 'coordinates': [-87.620822302974, 41.878265577833]};NOT ON SCENE (DESK REPORT);2025-06-13T17:25:00.000
c90d4a606f03dc5917168753f6db4f9738215a8d3f5286db2203a106510708c6e02eb53c9da41db35c54da3bb5f971356be98f4d224b97a1520ce09bb9bc6ee6;2025-06-13 14:30:00;30;NO CONTROLS;NO CONTROLS;CLEAR;DAYLIGHT;PEDALCYCLIST;NOT DIVIDED;STRAIGHT AND LEVEL;DRY;NO DEFECTS;INJURY AND / OR TOW DUE TO CRASH;;Y;$501 - $1,500;NOT APPLICABLE;NOT APPLICABLE;3976;W;69TH ST;833;;;;;;;2;NONINCAPACITATING INJURY;1;0;0;1;0;1;0;14;6;6;41.7678463035;-87.7223647352;{'type': 'Point', 'coordinates': [-87.722364735167, 41.767846303499]};NOT ON SCENE (DESK REPORT);2025-06-13T17:31:00.000
e2a8caeeca2e3ff713953a0c27521a4f6814ccd1a46435cbcded2e873f85e172328afbe8e257f38a43d5a534f42d4581f0cc1027104fecbbf56a592f4b4a8584;2025-06-13 14:30:00;30;NO CONTROLS;NO CONTROLS;CLEAR;DAYLIGHT;REAR END;NOT DIVIDED;STRAIGHT AND LEVEL;DRY;NO DEFECTS;NO INJURY / DRIVE AWAY;;;OVER $1,500;DRIVING SKILLS/KNOWLEDGE/EXPERIENCE;UNABLE TO DETERMINE;7959;S;JEFFERY BLVD;414;;;;;;;2;NO INDICATION OF INJURY;0;0;0;0;0;2;0;14;6;6;41.749880558;-87.5758042411;{'type': 'Point', 'coordinates': [-87.575804241099, 41.74988055802]};NOT ON SCENE (DESK REPORT);2025-06-14T14:00:00.000
d55e1765559787457aae172b1ee867a4eece23104cde5ed7d2930b1edd925058722ff5898734b371e8b06db1a26f85dc855b32c2dc0c75809cc2aa28a37449df;2025-06-13 14:25:00;15;NO CONTROLS;NO CONTROLS;CLEAR;DAYLIGHT;REAR END;PARKING LOT;STRAIGHT AND LEVEL;DRY;NO DEFECTS;NO INJURY / DRIVE AWAY;;Y;OVER $1,500;FAILING TO REDUCE SPEED TO AVOID CRASH;UNABLE TO DETERMINE;7528;S;ASHLAND AVE;611;;;;;;;2;NO INDICATION OF INJURY;0;0;0;0;0;2;0;14;6;6;41.7567080423;-87.66374071;{'type': 'Point', 'coordinates': [-87.663740709993, 41.756708042309]};ON SCENE;2025-06-13T14:28:00.000
f2b98f5c5a2c9477beebf9723940ca88b262240b5fbb93e4763e6653e0bf8e31f15ef7c7d998486263439dc2ea3f5b06f26f790f610625c41a2a3caa988ce337;2025-06-13 14:20:00;30;NO CONTROLS;NO CONTROLS;CLEAR;DAYLIGHT;TURNING;NOT DIVIDED;STRAIGHT AND LEVEL;DRY;NO DEFECTS;NO INJURY / DRIVE AWAY;;;OVER $1,500;IMPROPER TURNING/NO SIGNAL;NOT APPLICABLE;7900;S;DOBSON AVE;624;;;;;;;2;NO INDICATION OF INJURY;0;0;0;0;0;2;0;14;6;6;41.7512576624;-87.5992670818;{'type': 'Point', 'coordinates': [-87.599267081833, 41.75125766243]};NOT ON SCENE (DESK REPORT);2025-06-14T09:40:00.000
10eb2f3cc895a5a8f4bb50450b8798b780e5fb382e24f91894b1ce7cda9dea1591b893a0a8b99b607139060e543f23c44d0b50bbf4c0d577627cf2ce9ccf05e6;2025-06-13 14:18:00;35;NO CONTROLS;NO CONTROLS;RAIN;DAYLIGHT;REAR END;NOT DIVIDED;STRAIGHT AND LEVEL;WET;NO DEFECTS;INJURY AND / OR TOW DUE TO CRASH;;Y;OVER $1,500;FOLLOWING TOO CLOSELY;FOLLOWING TOO CLOSELY;3200;N;LAKE SHORE DR;1925;;;;;;;2;REPORTED, NOT EVIDENT;1;0;0;0;1;1;0;14;6;6;41.9409091633;-87.63936916;{'type': 'Point', 'coordinates': [-87.639369159955, 41.940909163268]};ON SCENE;2025-06-13T14:23:00.000
624b170187c3b4fdafd3098055165a7e4f8c61c9d38320c38e4e95a78be66dc204ab70137e1941a34f22f915c1682cacc970323bf4724cfbad99a6a483406b0e;2025-06-13 14:16:00;30;TRAFFIC SIGNAL;FUNCTIONING PROPERLY;RAIN;DARKNESS, LIGHTED ROAD;TURNING;FOUR WAY;STRAIGHT AND LEVEL;WET;NO DEFECTS;INJURY AND / OR TOW DUE TO CRASH;Y;;OVER $1,500;UNABLE TO DETERMINE;NOT APPLICABLE;400;W;BELMONT AVE;1925;;;;;;;2;NO INDICATION OF INJURY;0;0;0;0;0;2;0;14;6;6;41.9402411933;-87.6396391143;{'type': 'Point', 'coordinates': [-87.639639114276, 41.940241193256]};ON SCENE;2025-06-13T14:17:00.000
70cc7c8f6806c890c4df189c8e5b841d46fd070fce7d9f8ff90c13bb96a80af7baf5ec6daee37248697f360997be06e71d8814df790d5f15e9fe26a67428bfe4;2025-06-13 14:15:00;30;NO CONTROLS;NO CONTROLS;UNKNOWN;DAYLIGHT;PARKED MOTOR VEHICLE;NOT DIVIDED;STRAIGHT AND LEVEL;UNKNOWN;UNKNOWN;NO INJURY / DRIVE AWAY;;Y;$501 - $1,500;UNABLE TO DETERMINE;UNABLE TO DETERMINE;1501;W;92ND ST;2221;;;;;;;2;NO INDICATION OF INJURY;0;0;0;0;0;1;0;14;6;6;41.7266071666;-87.6604313095;{'type': 'Point', 'coordinates': [-87.660431309468, 41.726607166572]};NOT ON SCENE (DESK REPORT);2025-06-13T14:30:00.000
a19cf3ff46e0e999f219955a90f56ec211e4fb9d81d106c24f6bcabf667447b50afc57765ab7205969f9c0e74295b49fcea460c802a38f84e9337ae5998bb05e;2025-06-13 14:14:00;30;STOP SIGN/FLASHER;FUNCTIONING PROPERLY;CLEAR;DAYLIGHT;ANGLE;FOUR WAY;STRAIGHT AND LEVEL;DRY;NO DEFECTS;NO INJURY / DRIVE AWAY;;Y;OVER $1,500;FAILING TO YIELD RIGHT-OF-WAY;NOT APPLICABLE;4500;W;47TH ST;815;;;;;;;2;NO INDICATION OF INJURY;0;0;0;0;0;2;0;14;6;6;41.8078225463;-87.7358848655;{'type': 'Point', 'coordinates': [-87.735884865498, 41.807822546285]};NOT ON SCENE (DESK REPORT);2025-06-14T14:07:00.000
832a64da4b8ea5cd32328bdf5da5267901134534cb9f18cea922c4bd86f035249e954a9c71e197cc243436e0858617be17061d1834d13591b24462f88f526fae;2025-06-13 14:10:00;30;NO CONTROLS;NO CONTROLS;CLEAR;DAYLIGHT;REAR END;NOT DIVIDED;STRAIGHT AND LEVEL;WET;NO DEFECTS;INJURY AND / OR TOW DUE TO CRASH;;;OVER $1,500;UNABLE TO DETERMINE;NOT APPLICABLE;2214;N;SACRAMENTO AVE;1414;;;;;;;2;REPORTED, NOT EVIDENT;1;0;0;0;1;1;0;14;6;6;41.9220499978;-87.7023707904;{'type': 'Point', 'coordinates': [-87.702370790386, 41.922049997788]};NOT ON SCENE (DESK REPORT);2025-06-13T15:45:00.000
8c47dbbd3045a89fbd45cd0b768e200b9ab362cf21d26f53f3bf1f6b277d804939165986f174907c36d188b401b3f5f4310c3b54ad0058e4576e86271634f732;2025-06-13 14:10:00;30;TRAFFIC SIGNAL;FUNCTIONING PROPERLY;RAIN;DAYLIGHT;SIDESWIPE SAME DIRECTION;DIVIDED - W/MEDIAN (NOT RAISED);STRAIGHT AND LEVEL;WET;NO DEFECTS;NO INJURY / DRIVE AWAY;;Y;$500 OR LESS;FAILING TO YIELD RIGHT-OF-WAY;FAILING TO REDUCE SPEED TO AVOID CRASH;3801;W;FULLERTON AVE;2525;;;;;;;2;NO INDICATION OF INJURY;0;0;0;0;0;3;0;14;6;6;41.9244317115;-87.7219398593;{'type': 'Point', 'coordinates': [-87.721939859288, 41.924431711484]};ON SCENE;2025-06-13T14:15:00.000
8eb32a182a2f62814fa08e67c3cf1734b64d6e285cb9a7fcae2c89616b91d9172f179567de1191abfc45715cfd8b385945d63793f783e26a3fb3fd367311e07c;2025-06-13 14:10:00;30;NO CONTROLS;NO CONTROLS;RAIN;DAYLIGHT;TURNING;DIVIDED - W/MEDIAN BARRIER;STRAIGHT AND LEVEL;WET;NO DEFECTS;INJURY AND / OR TOW DUE TO CRASH;Y;;OVER $1,500;FOLLOWING TOO CLOSELY;NOT APPLICABLE;1630;E;71ST ST;332;;;;;;;2;NO INDICATION OF INJURY;0;0;0;0;0;2;0;14;6;6;41.7662699529;-87.5845646476;{'type': 'Point', 'coordinates': [-87.584564647628, 41.766269952886]};NOT ON SCENE (DESK REPORT);2025-06-13T15:15:00.000
4f79e459a098ecf8905cb83c6f7ce84de76b0767f45001f73316d885a3b334364dac1d3ae110620937d081110c9d76e44bf60d5bea7f4264e918c44674189512;2025-06-13 14:08:00;15;NO CONTROLS;NO CONTROLS;RAIN;DAYLIGHT;FIXED OBJECT;PARKING LOT;STRAIGHT AND LEVEL;WET;NO DEFECTS;NO INJURY / DRIVE AWAY;;;OVER $1,500;VISION OBSCURED (SIGNS, TREE LIMBS, BUILDINGS, ETC.);IMPROPER BACKING;3907;N;CICERO AVE;1731;Y;Y;;;;;1;NO INDICATION OF INJURY;0;0;0;0;0;2;0;14;6;6;41.9517927927;-87.7471257864;{'type': 'Point', 'coordinates': [-87.747125786401, 41.951792792719]};ON SCENE;2025-06-13T14:08:00.000
a05b7ca6dd9e232aa346205c8901d786ffc99b9fb149ba9e1b97146e9b55f5abae8a5b09d7603b3391955f4313d96fe08cdb043c891635907b2e2875f75ba9e2;2025-06-13 14:08:00;30;NO CONTROLS;NO CONTROLS;RAIN;DAYLIGHT;PARKED MOTOR VEHICLE;NOT DIVIDED;STRAIGHT AND LEVEL;WET;NO DEFECTS;NO INJURY / DRIVE AWAY;;;OVER $1,500;FOLLOWING TOO CLOSELY;DRIVING SKILLS/KNOWLEDGE/EXPERIENCE;2612;W;37TH PL;911;;;;;;;2;NO INDICATION OF INJURY;0;0;0;0;0;1;0;14;6;6;41.8257240039;-87.690378909;{'type': 'Point', 'coordinates': [-87.690378909021, 41.825724003859]};ON SCENE;2025-06-13T14:09:00.000
e40d5629d0e43e61483783d94f1474b23db17bed78d39fd7acb29fd9febc966d564f9d9771517a412c4d6af2797a89f9df440d47997e5f4696d358496b278f5a;2025-06-13 14:05:00;30;TRAFFIC SIGNAL;FUNCTIONING PROPERLY;RAIN;DARKNESS;REAR END;UNKNOWN;STRAIGHT AND LEVEL;WET;UNKNOWN;INJURY AND / OR TOW DUE TO CRASH;Y;;$501 - $1,500;FOLLOWING TOO CLOSELY;UNABLE TO DETERMINE;600;S;HALSTED ST;1232;;;;;;;2;NONINCAPACITATING INJURY;1;0;0;1;0;3;0;14;6;6;41.8742945333;-87.6472722465;{'type': 'Point', 'coordinates': [-87.647272246471, 41.874294533285]};NOT ON SCENE (DESK REPORT);2025-06-13T15:00:00.000
4977839e3f521272ca07321344e373c5b7f408e8f59aefd6bb9d7f34dd15199035274b7975de38a58eaa7099a620e0099f8fc577f666f9ec1e57235a7a71f40b;2025-06-13 14:01:00;30;TRAFFIC SIGNAL;FUNCTIONING PROPERLY;RAIN;DAYLIGHT;ANGLE;NOT DIVIDED;STRAIGHT AND LEVEL;WET;NO DEFECTS;INJURY AND / OR TOW DUE TO CRASH;Y;;OVER $1,500;UNABLE TO DETERMINE;NOT APPLICABLE;2198;S;WENTWORTH AVE;914;;;;;;;3;REPORTED, NOT EVIDENT;1;0;0;0;1;6;0;14;6;6;41.8529204122;-87.6319261949;{'type': 'Point', 'coordinates': [-87.631926194869, 41.852920412182]};ON SCENE;2025-06-13T14:03:00.000
376e6ff51687e0c92f99a6fe379528808940f0cca5aee09e669682e201c6f12dc1d3cf71fee3326831b68aa427a7f57c5bc0a83e09f2b5d624c3390704a7829e;2025-06-13 14:00:00;30;NO CONTROLS;NO CONTROLS;CLEAR;DAYLIGHT;REAR TO SIDE;NOT DIVIDED;STRAIGHT AND LEVEL;DRY;NO DEFECTS;NO INJURY / DRIVE AWAY;;;OVER $1,500;UNABLE TO DETERMINE;UNABLE TO DETERMINE;1631;E;95TH ST;431;;;;;;;2;NO INDICATION OF INJURY;0;0;0;0;0;2;0;14;6;6;41.7222528726;-87.5838433942;{'type': 'Point', 'coordinates': [-87.583843394153, 41.722252872604]};ON SCENE;2025-06-13T14:05:00.000
4754fd0a38f052f9a20ccdbe47a58dc4acad097d28f8e6118a4efa156ebd8c48e25cd00d8b136c8ed21532428c0656b00b03788d0bcd6b03b867b847be4d0d5c;2025-06-13 14:00:00;30;STOP SIGN/FLASHER;FUNCTIONING PROPERLY;RAIN;DAYLIGHT;ANGLE;NOT DIVIDED;STRAIGHT AND LEVEL;WET;NO DEFECTS;NO INJURY / DRIVE AWAY;Y;;OVER $1,500;FAILING TO REDUCE SPEED TO AVOID CRASH;FAILING TO YIELD RIGHT-OF-WAY;4600;N;BEACON ST;1913;;;;;;;2;NO INDICATION OF INJURY;0;0;0;0;0;2;0;14;6;6;41.9653883567;-87.6640028391;{'type': 'Point', 'coordinates': [-87.664002839064, 41.965388356681]};ON SCENE;2025-06-13T14:10:00.000
9b683618350864b7b745931f58e98da6b790f248ef5026bf3d6dfdec0b7e1b7b22b18477cdba098764fc8451bf6991a6779ae1c64474f84db4a0222d448ccca2;2025-06-13 14:00:00;30;NO CONTROLS;NO CONTROLS;RAIN;DAYLIGHT;PARKED MOTOR VEHICLE;UNKNOWN;STRAIGHT AND LEVEL;WET;UNKNOWN;NO INJURY / DRIVE AWAY;;Y;$501 - $1,500;DRIVING SKILLS/KNOWLEDGE/EXPERIENCE;UNABLE TO DETERMINE;924;S;RACINE AVE;1231;;;;;;;2;NO INDICATION OF INJURY;0;0;0;0;0;1;0;14;6;6;41.8695665655;-87.6569058996;{'type': 'Point', 'coordinates': [-87.656905899623, 41.869566565543]};NOT ON SCENE (DESK REPORT);2025-06-13T14:23:00.000
a2ee422329736de0a50f8cc64b84a4bb57acdf42f688e5f2bb9e042ccd0b0717249d54fb5e68848ed2ae2f01bc8e9341d66bb052ba1e6c4bf1956e6325083781;2025-06-13 14:00:00;30;STOP SIGN/FLASHER;FUNCTIONING PROPERLY;RAIN;DAYLIGHT;PARKED MOTOR VEHICLE;NOT DIVIDED;STRAIGHT AND LEVEL;WET;UNKNOWN;NO INJURY / DRIVE AWAY;;;OVER $1,500;UNABLE TO DETERMINE;NOT APPLICABLE;995;W;38TH PL;915;;;;;;;2;NO INDICATION OF INJURY;0;0;0;0;0;1;0;14;6;6;41.8243474395;-87.6507294028;{'type': 'Point', 'coordinates': [-87.650729402781, 41.824347439507]};NOT ON SCENE (DESK REPORT);2025-06-13T17:00:00.000
a72670aee5ceddfb68669a3ab8ff55d2e3d8e1656ebb6fecbcd16b01960d91f5351966c3e5373d5d011895cc645fd842738797957a4b910f5b91f76031f5479f;2025-06-13 14:00:00;30;NO CONTROLS;NO CONTROLS;RAIN;DAYLIGHT;TURNING;T-INTERSECTION;STRAIGHT AND LEVEL;WET;UNKNOWN;INJURY AND / OR TOW DUE TO CRASH;Y;;OVER $1,500;FAILING TO YIELD RIGHT-OF-WAY;NOT APPLICABLE;1504;N;KEDVALE AVE;2534;;;;;;;2;NO INDICATION OF INJURY;0;0;0;0;0;2;0;14;6;6;41.9082510207;-87.7302938524;{'type': 'Point', 'coordinates': [-87.730293852402, 41.908251020688]};NOT ON SCENE (DESK REPORT);2025-06-13T15:25:00.000
b8aba6b80511cd741d24c53774a0f7e2cacf405d3ec0cf343b69687e8aac4a0952a413742bb6674b879ab1e198a684be6804156ba03e1fd48ec6ffd202394d53;2025-06-13 14:00:00;30;NO CONTROLS;NO CONTROLS;CLEAR;DAYLIGHT;REAR END;NOT DIVIDED;STRAIGHT AND LEVEL;UNKNOWN;UNKNOWN;NO INJURY / DRIVE AWAY;;;OVER $1,500;FOLLOWING TOO CLOSELY;NOT APPLICABLE;2498;W;OGDEN AVE;1023;;;;;;;2;NO INDICATION OF INJURY;0;0;0;0;0;2;0;14;6;6;41.8638429132;-87.6889435488;{'type': 'Point', 'coordinates': [-87.688943548797, 41.863842913194]};NOT ON SCENE (DESK REPORT);2025-06-14T20:40:00.000
91ccb290e30011c9bb482168cdd3abfa67a8262b31e8feccf570ffb96954206f350a733ced591f6ce853beeb4bd2210713a2edc835bc44484723a93af0d27b5c;2025-06-13 13:58:00;15;NO CONTROLS;NO CONTROLS;CLEAR;DAYLIGHT;REAR TO FRONT;DIVIDED - W/MEDIAN BARRIER;STRAIGHT AND LEVEL;DRY;UNKNOWN;NO INJURY / DRIVE AWAY;;Y;OVER $1,500;IMPROPER BACKING;NOT APPLICABLE;251;E;HURON ST;1834;;;;;;;2;NO INDICATION OF INJURY;0;0;0;0;0;3;0;13;6;6;41.8949033024;-87.6207437262;{'type': 'Point', 'coordinates': [-87.62074372624, 41.894903302355]};NOT ON SCENE (DESK REPORT);2025-06-13T22:45:00.000
15c86ab6ea778a0d2fe4fd95b27e5473cf04a975fc3212d6de59cc8a0227ef0edd65484086a8c6666d9d20f9a29c710ee6879de4d83fa1db200f1f8290872dae;2025-06-13 13:44:00;30;NO CONTROLS;NO CONTROLS;RAIN;DAYLIGHT;ANGLE;NOT DIVIDED;STRAIGHT AND LEVEL;WET;NO DEFECTS;NO INJURY / DRIVE AWAY;;;OVER $1,500;UNABLE TO DETERMINE;UNABLE TO DETERMINE;101;E;79TH ST;623;;;;;;;2;NO INDICATION OF INJURY;0;0;0;0;0;4;0;13;6;6;41.7508986392;-87.6213020886;{'type': 'Point', 'coordinates': [-87.62130208856, 41.750898639229]};ON SCENE;2025-06-13T14:00:00.000
09b9fe20671253d34b20b38d585aab8afb3a4bc4053b8929b9aca4290f2fdfeb6ec0035984a74b8411f0c69ac88e8eb1bb0715c34625a9e8073a368ffad87e9b;2025-06-13 13:40:00;30;NO CONTROLS;NO CONTROLS;CLOUDY/OVERCAST;DAYLIGHT;ANGLE;NOT DIVIDED;STRAIGHT AND LEVEL;DRY;NO DEFECTS;NO INJURY / DRIVE AWAY;;;OVER $1,500;FAILING TO YIELD RIGHT-OF-WAY;NOT APPLICABLE;2400;W;24TH ST;1034;;;;;;;2;NO INDICATION OF INJURY;0;0;0;0;0;2;0;13;6;6;41.8485077268;-87.6856518495;{'type': 'Point', 'coordinates': [-87.685651849503, 41.848507726792]};NOT ON SCENE (DESK REPORT);2025-06-13T14:59:00.000
2939aae48770686926a36ec70fd73edd1a0f49d04240495a216645a2b5119091ef8e3b55f219b6dc5f3689687ae3c01ad723afb2fc5419f5560124d288226520;2025-06-13 13:40:00;30;NO CONTROLS;NO CONTROLS;CLEAR;DAYLIGHT;ANGLE;NOT DIVIDED;STRAIGHT AND LEVEL;UNKNOWN;UNKNOWN;NO INJURY / DRIVE AWAY;;;OVER $1,500;UNABLE TO DETERMINE;UNABLE TO DETERMINE;1102;N;CALIFORNIA AVE;1211;;;;;;;2;NO INDICATION OF INJURY;0;0;0;0;0;3;0;13;6;6;41.9012069872;-87.6969848546;{'type': 'Point', 'coordinates': [-87.696984854632, 41.901206987226]};NOT ON SCENE (DESK REPORT);2025-06-13T15:09:00.000
bb719c70bcb84ace9915874010b687f9f68d1a360473c884a7b92e90c9dec9f9da2411cb40e5f26bd8a49beb92d5cd71a726e126a0b8d59996c730288d966dfc;2025-06-13 13:40:00;25;NO CONTROLS;NO CONTROLS;CLEAR;DAYLIGHT;ANGLE;NOT DIVIDED;STRAIGHT AND LEVEL;WET;NO DEFECTS;NO INJURY / DRIVE AWAY;Y;;OVER $1,500;UNABLE TO DETERMINE;UNABLE TO DETERMINE;2607;S;KOSTNER AVE;1031;;;;;;;2;NO INDICATION OF INJURY;0;0;0;0;0;2;0;13;6;6;41.8438533271;-87.7341282793;{'type': 'Point', 'coordinates': [-87.734128279261, 41.843853327085]};NOT ON SCENE (DESK REPORT);2025-06-13T14:50:00.000
d079acea69857749ded6ccf584f0b25f3a7102bb9685bca6b9680704c4a86566a032e086786e93a538432873d13a00b54a423b963770bff0ead1f1017dbd6d3f;2025-06-13 13:39:00;30;NO CONTROLS;NO CONTROLS;RAIN;DAYLIGHT;PEDESTRIAN;NOT DIVIDED;STRAIGHT AND LEVEL;DRY;NO DEFECTS;INJURY AND / OR TOW DUE TO CRASH;;;$500 OR LESS;DRIVING SKILLS/KNOWLEDGE/EXPERIENCE;UNABLE TO DETERMINE;6029;W;IRVING PARK RD;1633;;;;;;;3;NONINCAPACITATING INJURY;2;0;0;2;0;1;0;13;6;6;41.952923492;-87.7779357436;{'type': 'Point', 'coordinates': [-87.777935743631, 41.95292349196]};ON SCENE;2025-06-13T13:40:00.000
8ab417258dff0f0b027d90007ca8eb177fd0877ecc0196b3b1983009c1a259e5155885680ed85da1d7934d504b7ae37f0931be8dbd3339d7ff19c9a3a42ae661;2025-06-13 13:37:00;35;STOP SIGN/FLASHER;UNKNOWN;RAIN;DAYLIGHT;TURNING;DIVIDED - W/MEDIAN (NOT RAISED);STRAIGHT AND LEVEL;WET;NO DEFECTS;NO INJURY / DRIVE AWAY;Y;;OVER $1,500;FAILING TO YIELD RIGHT-OF-WAY;UNABLE TO DETERMINE;6599;S;WESTERN AVE;832;;;;;;;2;NO INDICATION OF INJURY;0;0;0;0;0;2;0;13;6;6;41.7738768813;-87.6833506008;{'type': 'Point', 'coordinates': [-87.683350600816, 41.773876881273]};ON SCENE;2025-06-13T13:45:00.000
5590414d68a8073c49421d7c07a9db9e2a870b45637beefdf822495d61e6d57ec5187be1b81e0f96a2b3e76d58b6fdad8087c78764fc64f4a3c63724637b09f2;2025-06-13 13:35:00;30;NO CONTROLS;NO CONTROLS;RAIN;DAYLIGHT;TURNING;NOT DIVIDED;STRAIGHT AND LEVEL;WET;NO DEFECTS;NO INJURY / DRIVE AWAY;;;$500 OR LESS;IMPROPER OVERTAKING/PASSING;NOT APPLICABLE;938;W;38TH PL;915;;;;;;;2;NO INDICATION OF INJURY;0;0;0;0;0;2;0;13;6;6;41.8245894163;-87.6491247473;{'type': 'Point', 'coordinates': [-87.649124747254, 41.824589416321]};ON SCENE;2025-06-13T13:37:00.000
81d0b73ee54a526359fe1a46f5189c15958e8ccfda7f0a5d08b0635e280c12dba035b2d96e0596d597438e34ba73a796f5ae607063f9446a664a1234c13d14d3;2025-06-13 13:30:00;20;NO CONTROLS;NO CONTROLS;RAIN;DAYLIGHT;PARKED MOTOR VEHICLE;ONE-WAY;STRAIGHT AND LEVEL;WET;UNKNOWN;NO INJURY / DRIVE AWAY;;;$501 - $1,500;WEATHER;NOT APPLICABLE;5;W;TERMINAL ST;1655;;;;;;;2;NO INDICATION OF INJURY;0;0;0;0;0;1;0;13;6;6;;;;ON SCENE;2025-06-13T13:35:00.000
96e0c04448d920293b8463b821c4907c0adf3e5fb4f57adc4403d543902d239c298290aed163b9713112de251ebca4e441e63cdfd7841d38b73ef4b2fb59ec0a;2025-06-13 13:30:00;30;TRAFFIC SIGNAL;FUNCTIONING PROPERLY;UNKNOWN;DAYLIGHT;REAR END;DIVIDED - W/MEDIAN (NOT RAISED);STRAIGHT AND LEVEL;UNKNOWN;UNKNOWN;NO INJURY / DRIVE AWAY;;Y;OVER $1,500;UNABLE TO DETERMINE;NOT APPLICABLE;7500;S;STONY ISLAND AVE;411;;;;;;;2;NO INDICATION OF INJURY;0;0;0;0;0;2;0;13;6;6;41.7587154667;-87.5862809648;{'type': 'Point', 'coordinates': [-87.586280964844, 41.758715466706]};NOT ON SCENE (DESK REPORT);2025-06-13T16:40:00.000
2225a82f8b2b42e5b94f4bac7b315583497563e67ee8fc23c9d14238eda516e5b4f21bc6af69bae7e2255e6cfa8251905484bd1b984040fd0d039a4e8bfdd10d;2025-06-13 13:27:00;30;NO CONTROLS;NO CONTROLS;RAIN;DAYLIGHT;REAR END;DIVIDED - W/MEDIAN BARRIER;STRAIGHT AND LEVEL;UNKNOWN;UNKNOWN;NO INJURY / DRIVE AWAY;;Y;OVER $1,500;FOLLOWING TOO CLOSELY;FAILING TO REDUCE SPEED TO AVOID CRASH;500;N;MICHIGAN AVE;1834;;;;;;;2;NO INDICATION OF INJURY;0;0;0;0;0;2;0;13;6;6;41.8909712296;-87.6242769456;{'type': 'Point', 'coordinates': [-87.624276945562, 41.890971229645]};NOT ON SCENE (DESK REPORT);2025-06-13T14:30:00.000
ce47b65c9bd497290e2cb0a95e36a6ae22dfb3b013ae6915fbba8c35d2552d4a0864fc9fe924df74bdbd4b95b8c07629a962d3664daf5f4d2612af2727d62a19;2025-06-13 13:25:00;30;TRAFFIC SIGNAL;NO CONTROLS;RAIN;DAYLIGHT;SIDESWIPE SAME DIRECTION;DIVIDED - W/MEDIAN BARRIER;STRAIGHT AND LEVEL;DRY;NO DEFECTS;NO INJURY / DRIVE AWAY;;;$500 OR LESS;IMPROPER LANE USAGE;NOT APPLICABLE;248;N;COLUMBUS DR;114;;;;;;;2;NO INDICATION OF INJURY;0;0;0;0;0;5;0;13;6;6;41.886733709;-87.620844034;{'type': 'Point', 'coordinates': [-87.620844033959, 41.886733708957]};NOT ON SCENE (DESK REPORT);2025-06-13T14:45:00.000
6cc2b914637e26ccacaf5b6840afe90498cf138dbe85cefa72e8661c5d494b052df27124b6ad2a1b2a5429638da1f41078c0b8c2890dc866389833a725b9605c;2025-06-13 13:22:00;30;NO CONTROLS;FUNCTIONING PROPERLY;RAIN;DAYLIGHT;REAR END;NOT DIVIDED;STRAIGHT AND LEVEL;WET;NO DEFECTS;NO INJURY / DRIVE AWAY;;Y;$500 OR LESS;UNABLE TO DETERMINE;UNABLE TO DETERMINE;1654;W;119TH ST;2234;;;;;;;2;NO INDICATION OF INJURY;0;0;0;0;0;2;0;13;6;6;41.6776170559;-87.6631131459;{'type': 'Point', 'coordinates': [-87.663113145868, 41.677617055887]};ON SCENE;2025-06-13T13:31:00.000
0945b0321c646592101602958376947995e28839156636c34d02e34c1210b97d8532fc56e1193be792f9d763ffed212d9b4df0bcede27e2e3936deaf92659129;2025-06-13 13:20:00;30;NO CONTROLS;NO CONTROLS;RAIN;DAYLIGHT;PEDALCYCLIST;NOT DIVIDED;STRAIGHT AND LEVEL;WET;NO DEFECTS;NO INJURY / DRIVE AWAY;;;OVER $1,500;DISTRACTION - FROM INSIDE VEHICLE;NOT APPLICABLE;23;S;HALSTED ST;1232;;;;;;;2;NO INDICATION OF INJURY;0;0;0;0;0;3;0;13;6;6;41.8810794657;-87.6471910511;{'type': 'Point', 'coordinates': [-87.647191051097, 41.881079465702]};ON SCENE;2025-06-13T13:26:00.000
b0a14c46415f66962358beeca95bf5a50d3e9c63a9fa5eb5970c0112dee60dfeeef7198d49412b4dcae8bb5ab49d3d82d2666f784fe823ffd5a45f1d2a0e7578;2025-06-13 13:20:00;30;NO CONTROLS;NO CONTROLS;RAIN;DAYLIGHT;ANGLE;T-INTERSECTION;STRAIGHT AND LEVEL;WET;NO DEFECTS;NO INJURY / DRIVE AWAY;Y;;OVER $1,500;DRIVING SKILLS/KNOWLEDGE/EXPERIENCE;PHYSICAL CONDITION OF DRIVER;112;N;KOSTNER AVE;1113;;;;;;;2;NO INDICATION OF INJURY;0;0;0;0;0;2;0;13;6;6;41.8824097153;-87.7356783436;{'type': 'Point', 'coordinates': [-87.735678343609, 41.882409715262]};NOT ON SCENE (DESK REPORT);2025-06-13T18:30:00.000
15c5b5954f311c4c0cbd53dbd3981835379eae82144095d2517e27ccf9e9567fa664ef00258fb28420197676093d0563224ae3b0b7ce59e07140ab87e42eb4df;2025-06-13 13:15:00;30;UNKNOWN;UNKNOWN;RAIN;DAYLIGHT;REAR TO SIDE;ONE-WAY;STRAIGHT AND LEVEL;UNKNOWN;UNKNOWN;NO INJURY / DRIVE AWAY;;;$500 OR LESS;UNABLE TO DETERMINE;UNABLE TO DETERMINE;9755;S;CRANDON AVE;431;;;;;;;2;NO INDICATION OF INJURY;0;0;0;0;0;2;0;13;6;6;41.7169191058;-87.5666437256;{'type': 'Point', 'coordinates': [-87.566643725562, 41.716919105753]};NOT ON SCENE (DESK REPORT);2025-06-13T16:00:00.000
1834e6675fc94c108e76c3d2c5d7307ece32d681ba0aff8f66cfc7cd76c11be1cf8cbbdc3f3027e214c4ac46dcad0ec3479499408136b18aac152ea06d0ec40f;2025-06-13 13:15:00;25;UNKNOWN;UNKNOWN;RAIN;DAYLIGHT;TURNING;FOUR WAY;STRAIGHT AND LEVEL;WET;UNKNOWN;NO INJURY / DRIVE AWAY;Y;;OVER $1,500;UNABLE TO DETERMINE;NOT APPLICABLE;5330;N;ASHLAND AVE;2012;;;;;;;2;NO INDICATION OF INJURY;0;0;0;0;0;2;0;13;6;6;41.9788633064;-87.6698358514;{'type': 'Point', 'coordinates': [-87.669835851368, 41.978863306449]};NOT ON SCENE (DESK REPORT);2025-06-13T17:30:00.000
a01b5eba868028b114c4cf06358b840376fbdbd579597424340a1e8ca2c913a6e0125ceb26102425c25f85816e5adbbb096bc268b7fe5f87d057fab82e1aa49b;2025-06-13 13:15:00;30;NO CONTROLS;NO CONTROLS;CLEAR;DAYLIGHT;TURNING;DIVIDED - W/MEDIAN (NOT RAISED);STRAIGHT AND LEVEL;DRY;NO DEFECTS;INJURY AND / OR TOW DUE TO CRASH;;;OVER $1,500;IMPROPER TURNING/NO SIGNAL;HAD BEEN DRINKING (USE WHEN ARREST IS NOT MADE);4730;W;79TH ST;834;;;;;;;2;REPORTED, NOT EVIDENT;1;0;0;0;1;2;0;13;6;6;41.7492888381;-87.7400953795;{'type': 'Point', 'coordinates': [-87.740095379467, 41.749288838092]};ON SCENE;2025-06-13T13:20:00.000
983e1926c9605a5620e1c11b4d57d821cb875b03a9a24f042f7e5415fed0438b35073628005fbc79347137d62b7097c299d8b28ce33e8c7ec1e038a5bef865b0;2025-06-13 13:10:00;30;TRAFFIC SIGNAL;FUNCTIONING PROPERLY;CLEAR;DAYLIGHT;SIDESWIPE SAME DIRECTION;FOUR WAY;STRAIGHT AND LEVEL;WET;NO DEFECTS;NO INJURY / DRIVE AWAY;;Y;OVER $1,500;UNABLE TO DETERMINE;UNABLE TO DETERMINE;7859;S;DAMEN AVE;611;;;;;;;2;NO INDICATION OF INJURY;0;0;0;0;0;2;0;13;6;6;41.7503257718;-87.6729916406;{'type': 'Point', 'coordinates': [-87.672991640589, 41.750325771762]};NOT ON SCENE (DESK REPORT);2025-06-13T13:45:00.000
a644e90aaf45808d4198ff9d786dfc686200891b04a24eb6eda8d7c02a53545e65e3df0a25fb386190778976da2f7f1f9caecaa8840cf715b878e80f1374fb5a;2025-06-13 13:10:00;30;NO CONTROLS;NO CONTROLS;RAIN;DAYLIGHT;SIDESWIPE SAME DIRECTION;ONE-WAY;STRAIGHT AND LEVEL;WET;NO DEFECTS;NO INJURY / DRIVE AWAY;;Y;$500 OR LESS;UNABLE TO DETERMINE;NOT APPLICABLE;6647;W;DIVERSEY AVE;2512;;;;;;;2;NO INDICATION OF INJURY;0;0;0;0;0;3;0;13;6;6;41.9308105022;-87.7924903961;{'type': 'Point', 'coordinates': [-87.79249039607, 41.930810502241]};ON SCENE;2025-06-13T13:19:00.000
96d934ab3857e786b3d2a9d8ed7cf0aea5011a04754244a1ee5f0e8e5089c1ad19c015f235b00de22255a3343d725dfab510c77578c888571c402f224ef1c76d;2025-06-13 13:05:00;10;NO CONTROLS;NO CONTROLS;CLEAR;DAYLIGHT;PARKED MOTOR VEHICLE;PARKING LOT;STRAIGHT AND LEVEL;DRY;NO DEFECTS;NO INJURY / DRIVE AWAY;;;OVER $1,500;FAILING TO YIELD RIGHT-OF-WAY;UNABLE TO DETERMINE;25;N;MICHIGAN AVE;114;;;;;;;2;NO INDICATION OF INJURY;0;0;0;0;0;1;0;13;6;6;41.882670497;-87.6242415386;{'type': 'Point', 'coordinates': [-87.624241538569, 41.882670496958]};NOT ON SCENE (DESK REPORT);2025-06-13T13:50:00.000
7bd2c27fa73cb05842e09dbb48d16fed771ccf004e8afffb185e74188fb864e37a39fe1c8e60dec44606c6e3f06e9fd0394dbd03bcc3ee70d89a59232365b949;2025-06-13 13:01:00;35;STOP SIGN/FLASHER;FUNCTIONING PROPERLY;RAIN;DAYLIGHT;PEDESTRIAN;NOT DIVIDED;STRAIGHT AND LEVEL;DRY;NO DEFECTS;INJURY AND / OR TOW DUE TO CRASH;;Y;$500 OR LESS;FAILING TO YIELD RIGHT-OF-WAY;NOT APPLICABLE;3545;W;ARMITAGE AVE;1422;;;;;;;2;NONINCAPACITATING INJURY;1;0;0;1;0;1;0;13;6;6;41.9171876289;-87.7153767643;{'type': 'Point', 'coordinates': [-87.715376764299, 41.91718762894]};ON SCENE;2025-06-13T13:01:00.000
