crash_record_id;person_id;vehicle_id;crash_date;city;state;zipcode;sex;age;drivers_license_state;safety_equipment;airbag_deployed;ejection;injury_classification;driver_action;driver_vision;physical_condition;bac_result;bac_result_value;unit_type;person_type;person_num;injury_type;hospital;ems_run_no;ems_agency;ems_response_time;ems_transport_time;ems_hospital_time
2767fa8154c0a0efcb01e8ec6526dbc9aa9b31fbca548a1dad156c2d0f9bfa2987c83fb4b111977609245f3db2270164bba835b55699719cd09381388798a025;O2095090;1997267;2025-06-28 03:35:00;CHICAGO;IL;60626;M;21;;DOT COMPLIANT MOTORCYCLE HELMET;DID NOT DEPLOY;NONE;NONINCAPACITATING INJURY;DISREGARDED CONTROL DEVICES;NOT OBSCURED;NORMAL;TEST NOT OFFERED;;;DRIVER;;;;;;;;
2767fa8154c0a0efcb01e8ec6526dbc9aa9b31fbca548a1dad156c2d0f9bfa2987c83fb4b111977609245f3db2270164bba835b55699719cd09381388798a025;O2095091;1997268;2025-06-28 03:35:00;CHICAGO;IL;60629;F;25;IL;SAFETY BELT USED;DID NOT DEPLOY;NONE;NO INDICATION OF INJURY;NONE;NOT OBSCURED;NORMAL;TEST NOT OFFERED;;;DRIVER;;;;;;;;
2767fa8154c0a0efcb01e8ec6526dbc9aa9b31fbca548a1dad156c2d0f9bfa2987c83fb4b111977609245f3db2270164bba835b55699719cd09381388798a025;P462458;1997268;2025-06-28 03:35:00;CHICAGO;IL;60615;F;24;;SAFETY BELT USED;DID NOT DEPLOY;NONE;NO INDICATION OF INJURY;;;;;;;PASSENGER;;;;;;;;
2767fa8154c0a0efcb01e8ec6526dbc9aa9b31fbca548a1dad156c2d0f9bfa2987c83fb4b111977609245f3db2270164bba835b55699719cd09381388798a025;P462459;1997268;2025-06-28 03:35:00;SYRACUSE;NY;13219;F;27;;USAGE UNKNOWN;DID NOT DEPLOY;NONE;NO INDICATION OF INJURY;;;;;;;PASSENGER;;;;;;;;
2767fa8154c0a0efcb01e8ec6526dbc9aa9b31fbca548a1dad156c2d0f9bfa2987c83fb4b111977609245f3db2270164bba835b55699719cd09381388798a025;P462460;1997268;2025-06-28 03:35:00;ATLANTA;GA;30314;F;26;;USAGE UNKNOWN;DID NOT DEPLOY;NONE;NO INDICATION OF INJURY;;;;;;;PASSENGER;;;;;;;;
b19c666cd666915aecefee7f50e507268cfdf7dedb88370e5f27c6a9fdc16ac41b729133ee33be635f05a2b4c19d8f2311e94759f4e107343023ac603b90a8e2;O2095081;1997258;2025-06-28 03:12:00;;;;X;;;USAGE UNKNOWN;DEPLOYMENT UNKNOWN;UNKNOWN;NO INDICATION OF INJURY;UNKNOWN;UNKNOWN;UNKNOWN;TEST NOT OFFERED;;;DRIVER;;;;;;;;
b19c666cd666915aecefee7f50e507268cfdf7dedb88370e5f27c6a9fdc16ac41b729133ee33be635f05a2b4c19d8f2311e94759f4e107343023ac603b90a8e2;O2095082;1997262;2025-06-28 03:12:00;CHICAGO;IL;60617;F;47;IL;USAGE UNKNOWN;DEPLOYMENT UNKNOWN;UNKNOWN;NONINCAPACITATING INJURY;UNKNOWN;UNKNOWN;UNKNOWN;TEST NOT OFFERED;;;DRIVER;;;;;;;;
4db1e8cadd3df5035eea57557ad6f09bcfc615239d869468f93e07ab1c402280cb8b66350b91ce853870700b988cffed28975c9b3d0ca882c4f7b2f93fc874c5;O2095075;1997254;2025-06-28 03:00:00;BERWYN;IL;60402;M;21;IL;SAFETY BELT USED;DID NOT DEPLOY;NONE;NO INDICATION OF INJURY;NONE;NOT OBSCURED;NORMAL;TEST NOT OFFERED;;;DRIVER;;;;;;;;
4db1e8cadd3df5035eea57557ad6f09bcfc615239d869468f93e07ab1c402280cb8b66350b91ce853870700b988cffed28975c9b3d0ca882c4f7b2f93fc874c5;O2095076;1997255;2025-06-28 03:00:00;;;;M;56;IL;SAFETY BELT USED;DID NOT DEPLOY;NONE;NO INDICATION OF INJURY;NONE;NOT OBSCURED;NORMAL;TEST NOT OFFERED;;;DRIVER;;;;;;;;
4a2537db83bda002712ff682b825d2990d75909858a1a070ee4db520c8975f99d9e9bac25d8672b188056a35de67d2eb68bebe1766c5ffa7bc0b210c35c2fd36;O2095085;1997264;2025-06-28 02:30:00;CHICAGO;IL;60612;F;35;IL;USAGE UNKNOWN;DEPLOYED, COMBINATION;NONE;NONINCAPACITATING INJURY;TOO FAST FOR CONDITIONS;NOT OBSCURED;IMPAIRED - ALCOHOL;TEST PERFORMED, RESULTS UNKNOWN;;;DRIVER;;;RUSH HOSPITAL;;CFD;;;
949b4f98c135626f2b1d18a4c1f13b592b3ae4df92f09ca1b8839b42a32e6679557184dbfa2021d1e21acaf7bde78f9a91e34e161833e70ee1a6a8c709a3d150;O2095083;1997260;2025-06-28 02:20:00;DES PLAINES;IL;60018;M;26;IL;SAFETY BELT USED;DID NOT DEPLOY;NONE;NO INDICATION OF INJURY;NONE;NOT OBSCURED;NORMAL;TEST NOT OFFERED;;;DRIVER;;;;;;;;
6758e076af1f390c70f6fdeac8a2c1b4f6e183d52dda8c2e7ea4d6bed60fbad59fe77cf01b6df5328718f0e9ec15aa0584ad20f153416280c932b0867066720e;O2095072;1997252;2025-06-28 02:13:00;CHICAGO;IL;60652;M;19;IL;SAFETY BELT USED;DID NOT DEPLOY;NONE;NONINCAPACITATING INJURY;OTHER;NOT OBSCURED;UNKNOWN;TEST NOT OFFERED;;;DRIVER;;;HOLY CROSS;;;;;
982fc5763c52a26298e6f011a0e9045dd649020337b4de6f2e8abe50f9f58037e3293b020076f297a766a0814abd8af4d0f1c915c86f8993359dd048ec6c4b61;O2095071;1997249;2025-06-28 02:10:00;CHICAGO;IL;60646;M;52;IL;SAFETY BELT USED;DEPLOYED, COMBINATION;NONE;NO INDICATION OF INJURY;UNKNOWN;UNKNOWN;NORMAL;TEST NOT OFFERED;;;DRIVER;;;;;;;;
3ccc533cf39a1e261e28e75152efc5d2974331d44f6079a5db461549d215ad512a294ccf525b84ff2f029a3f06daea921a6364ead0d61562faf5b1549d84aa7f;O2095073;1997250;2025-06-28 02:05:00;CHICAGO;IL;60621;M;35;;USAGE UNKNOWN;DEPLOYMENT UNKNOWN;NONE;NO INDICATION OF INJURY;UNKNOWN;UNKNOWN;UNKNOWN;TEST NOT OFFERED;;;DRIVER;;;;;;;;
3ccc533cf39a1e261e28e75152efc5d2974331d44f6079a5db461549d215ad512a294ccf525b84ff2f029a3f06daea921a6364ead0d61562faf5b1549d84aa7f;O2095074;1997253;2025-06-28 02:05:00;HOUSTON;TX;77090;F;30;TX;SAFETY BELT USED;DEPLOYED, COMBINATION;NONE;NONINCAPACITATING INJURY;UNKNOWN;UNKNOWN;UNKNOWN;TEST NOT OFFERED;;;DRIVER;;;;;;;;
3ccc533cf39a1e261e28e75152efc5d2974331d44f6079a5db461549d215ad512a294ccf525b84ff2f029a3f06daea921a6364ead0d61562faf5b1549d84aa7f;P462455;1997253;2025-06-28 02:05:00;;;;F;31;;SAFETY BELT USED;DEPLOYED, COMBINATION;NONE;NONINCAPACITATING INJURY;;;;;;;PASSENGER;;;;;;;;
508593f8ea5085d2e857fb3d77c4fe036aababc7742919459b03253daf7170a2b3e18c663371abc06a961f1f7013bcd432e82870f66405ec14415e4b5c71c539;O2095097;1997271;2025-06-28 01:51:00;CALUMET CITY;IL;60409;F;29;IL;USAGE UNKNOWN;DEPLOYED, COMBINATION;NONE;NONINCAPACITATING INJURY;UNKNOWN;NOT OBSCURED;UNKNOWN;TEST NOT OFFERED;;;DRIVER;;;ADVOCATE TRINITY HOSPITAL;;CFD;;;
508593f8ea5085d2e857fb3d77c4fe036aababc7742919459b03253daf7170a2b3e18c663371abc06a961f1f7013bcd432e82870f66405ec14415e4b5c71c539;P462461;1997271;2025-06-28 01:51:00;OAK FOREST;IL;60452;M;30;;USAGE UNKNOWN;DEPLOYED, COMBINATION;NONE;NO INDICATION OF INJURY;;;;;;;PASSENGER;;;;;;;;
7a22dc677c4c171b3b03ef7b67b12a4ce2a2dce776d1809ecde0d2741f43620eaf5e5ad91245075d5ff047dde4249e26b8bd7eb0ff8452409c824494500edeb4;O2095052;1997235;2025-06-28 01:15:00;CHICAGO;IL;60629;M;21;IL;USAGE UNKNOWN;DEPLOYMENT UNKNOWN;NONE;NO INDICATION OF INJURY;UNKNOWN;UNKNOWN;UNKNOWN;TEST NOT OFFERED;;;DRIVER;;;;;;;;
7a22dc677c4c171b3b03ef7b67b12a4ce2a2dce776d1809ecde0d2741f43620eaf5e5ad91245075d5ff047dde4249e26b8bd7eb0ff8452409c824494500edeb4;O2095053;1997239;2025-06-28 01:15:00;CHICAGO;IL;60623;F;37;IL;SAFETY BELT USED;DID NOT DEPLOY;NONE;NO INDICATION OF INJURY;UNKNOWN;UNKNOWN;NORMAL;TEST NOT OFFERED;;;DRIVER;;;REFUSED;;;;;
356e119dff85b00d13ea4e7cb28d91f457f2aac1e210d492f7828e0da182bda9ebe49e89d58a1aae40798566ad9379c41c03be55761ad05525deaaca079b82e0;O2095062;;2025-06-28 01:12:00;BROOKFIELD;IL;;M;32;;NONE PRESENT;;;NONINCAPACITATING INJURY;NONE;UNKNOWN;HAD BEEN DRINKING;TEST NOT OFFERED;;;PEDESTRIAN;;;ST MARY'S HOSPITAL;;CFD#53;;;
356e119dff85b00d13ea4e7cb28d91f457f2aac1e210d492f7828e0da182bda9ebe49e89d58a1aae40798566ad9379c41c03be55761ad05525deaaca079b82e0;O2095063;1997243;2025-06-28 01:12:00;CHICAGO;IL;60647;M;49;IL;SAFETY BELT USED;NOT APPLICABLE;NONE;NO INDICATION OF INJURY;NONE;NOT OBSCURED;NORMAL;TEST NOT OFFERED;;;DRIVER;;;;;;;;
356e119dff85b00d13ea4e7cb28d91f457f2aac1e210d492f7828e0da182bda9ebe49e89d58a1aae40798566ad9379c41c03be55761ad05525deaaca079b82e0;P462454;1997243;2025-06-28 01:12:00;CHICAGO;IL;60647;F;;;SAFETY BELT USED;NOT APPLICABLE;NONE;NO INDICATION OF INJURY;;;;;;;PASSENGER;;;;;;;;
3cce7ffa2f033fd6dc02ea3023e9f88dd1c4189dd726e0c655015332756717013a8fcbb6cfa0eed4d701df44f43fad50072961b9bd87477d787df164897c26bc;O2095043;1997218;2025-06-28 00:30:00;;;;X;;;USAGE UNKNOWN;DEPLOYMENT UNKNOWN;NONE;NO INDICATION OF INJURY;OTHER;UNKNOWN;UNKNOWN;TEST NOT OFFERED;;;DRIVER;;;;;;;;
3cce7ffa2f033fd6dc02ea3023e9f88dd1c4189dd726e0c655015332756717013a8fcbb6cfa0eed4d701df44f43fad50072961b9bd87477d787df164897c26bc;O2095044;1997232;2025-06-28 00:30:00;STEGER;IL;60475;M;33;IL;USAGE UNKNOWN;DEPLOYED, COMBINATION;TOTALLY EJECTED;NO INDICATION OF INJURY;UNKNOWN;NOT OBSCURED;UNKNOWN;TEST NOT OFFERED;;;DRIVER;;;;;;;;
15487a565ad786b63f9f2eec1b9d349d837f16773cbc0a1939e6599e5327e2d209780f658d23b055bf7f5a169cc98be6e819948aa0823513feb0186e29375025;O2095064;1997257;2025-06-28 00:22:00;;;;F;;;USAGE UNKNOWN;DEPLOYMENT UNKNOWN;NONE;NO INDICATION OF INJURY;EVADING POLICE VEHICLE;UNKNOWN;UNKNOWN;TEST NOT OFFERED;;;DRIVER;;;;;;;;
15487a565ad786b63f9f2eec1b9d349d837f16773cbc0a1939e6599e5327e2d209780f658d23b055bf7f5a169cc98be6e819948aa0823513feb0186e29375025;P462456;1997257;2025-06-28 00:22:00;;IL;;;;;USAGE UNKNOWN;DEPLOYED, COMBINATION;NONE;NONINCAPACITATING INJURY;;;;;;;PASSENGER;;;ROSELAND;5;CFD;;;
fd96cf54091586e3c53c78bcbeac7bc2c76bc856c59c35f5e3c402e36ae99be4edd1451e1508be2130ad086a4a192a422cf437175ac90ce69ecc9ee8a8916246;O2095029;1997207;2025-06-28 00:20:00;MERRILLVILLE;IN;46410;M;26;IN;SAFETY BELT USED;NOT APPLICABLE;NONE;NO INDICATION OF INJURY;IMPROPER BACKING;NOT OBSCURED;NORMAL;TEST NOT OFFERED;;;DRIVER;;;;;;;;
a9124abdc6cb3f21f6802af680912554b39f3c7c07f4ae8da31194fa522ea3b28ebd35ba2205169bd7cf6d1b0cc6e19e4dd1bd931d638e4f1eb9ec6326244b17;O2095037;1997211;2025-06-28 00:15:00;;;;X;;;USAGE UNKNOWN;DEPLOYMENT UNKNOWN;NONE;NO INDICATION OF INJURY;UNKNOWN;UNKNOWN;UNKNOWN;TEST NOT OFFERED;;;DRIVER;;;;;;;;
a9124abdc6cb3f21f6802af680912554b39f3c7c07f4ae8da31194fa522ea3b28ebd35ba2205169bd7cf6d1b0cc6e19e4dd1bd931d638e4f1eb9ec6326244b17;O2095038;1997214;2025-06-28 00:15:00;CHICAGO;IL;60609;F;;IL;SAFETY BELT USED;DID NOT DEPLOY;NONE;NO INDICATION OF INJURY;NONE;NOT OBSCURED;NORMAL;TEST NOT OFFERED;;;DRIVER;;;;;;;;
af5f55b1d02c4aae9c6c3a3c059f095e9530c03f3fc67350d718f0aabe9845d8515f9a868acb7527000b12a568e4491b792f754cfa38e4a69f8b252f2b18c10a;O2095051;1997227;2025-06-28 00:14:00;CHICAGO;IL;60621;M;50;IL;USAGE UNKNOWN;DEPLOYED, FRONT;NONE;NO INDICATION OF INJURY;OTHER;NOT OBSCURED;IMPAIRED - ALCOHOL AND DRUGS;TEST TAKEN;0.24;;DRIVER;;;;;;;;
1ec32190b4e578cb02b8564215c9a410640e347b8afa45adc0567df4bd199e401415702fa6322ed4776e46d624a100c9380993bb55ee91941cfa46e2ffcd3bb5;O2095031;1997223;2025-06-27 23:50:00;;;;F;;;USAGE UNKNOWN;DEPLOYMENT UNKNOWN;UNKNOWN;NO INDICATION OF INJURY;UNKNOWN;UNKNOWN;UNKNOWN;TEST NOT OFFERED;;;DRIVER;;;;;;;;
1ec32190b4e578cb02b8564215c9a410640e347b8afa45adc0567df4bd199e401415702fa6322ed4776e46d624a100c9380993bb55ee91941cfa46e2ffcd3bb5;O2095032;;2025-06-27 23:50:00;CHICAGO;IL;60645;M;42;;BICYCLE HELMET (PEDACYCLIST INVOLVED ONLY);;NONE;REPORTED, NOT EVIDENT;NONE;NOT OBSCURED;NORMAL;;;;BICYCLE;;;;;;;;
2db198e361e84cf4fdccfd9a99a665f227c670161c2cce6f742b58e3283dcd059c509224811f8e6398b3001276e9a36459559c16b2743a6a3c4dcd6a80d16c02;O2095033;1997222;2025-06-27 23:42:00;CHICAGO;IL;60643;M;54;IL;DOT COMPLIANT MOTORCYCLE HELMET;NOT APPLICABLE;TOTALLY EJECTED;FATAL;FAILED TO YIELD;UNKNOWN;REMOVED BY EMS;TEST NOT OFFERED;;;DRIVER;;;U OF C;;CFD 79;;;
2db198e361e84cf4fdccfd9a99a665f227c670161c2cce6f742b58e3283dcd059c509224811f8e6398b3001276e9a36459559c16b2743a6a3c4dcd6a80d16c02;O2095034;1997230;2025-06-27 23:42:00;HAMMOND;IN;46323;M;28;IN;SAFETY BELT USED;DID NOT DEPLOY;NONE;NO INDICATION OF INJURY;NONE;NOT OBSCURED;NORMAL;TEST NOT OFFERED;;;DRIVER;;;;;;;;
eb3c55508238b5fa368f7d845dfb70158d0b20086d8e7f9ad6bf2415c13645e8a27e954f9cf525c993065f9c74d6fd3c5fa76e9e057ed545eebb67c2e806817c;O2095020;1997197;2025-06-27 23:20:00;;;;F;;;USAGE UNKNOWN;DID NOT DEPLOY;NONE;NO INDICATION OF INJURY;IMPROPER BACKING;UNKNOWN;UNKNOWN;TEST NOT OFFERED;;;DRIVER;;;;;;;;
44df1eed42d80e260ce4da94251dd5ff968c650e30c061921e86b14ccc8b53b212697ebfbfba2ca2898382069be330e4ee10a1eb058f4a1ee3f5f7dfc119ba99;O2094988;1997171;2025-06-27 22:50:00;CHICAGO;IL;60636;F;39;IL;SAFETY BELT USED;DID NOT DEPLOY;NONE;NO INDICATION OF INJURY;NONE;NOT OBSCURED;NORMAL;TEST NOT OFFERED;;;DRIVER;;;;;;;;
44df1eed42d80e260ce4da94251dd5ff968c650e30c061921e86b14ccc8b53b212697ebfbfba2ca2898382069be330e4ee10a1eb058f4a1ee3f5f7dfc119ba99;O2094989;1997172;2025-06-27 22:50:00;PLAINFIELD;IL;60586;M;26;IL;SAFETY BELT USED;DID NOT DEPLOY;NONE;NO INDICATION OF INJURY;NONE;NOT OBSCURED;NORMAL;TEST NOT OFFERED;;;DRIVER;;;;;;;;
44df1eed42d80e260ce4da94251dd5ff968c650e30c061921e86b14ccc8b53b212697ebfbfba2ca2898382069be330e4ee10a1eb058f4a1ee3f5f7dfc119ba99;P462434;1997172;2025-06-27 22:50:00;;;;F;26;;SAFETY BELT USED;DID NOT DEPLOY;NONE;NO INDICATION OF INJURY;;;;;;;PASSENGER;;;;;;;;
fdc1b0fc0eb460305211758dd937fbed744032191fc5249ef742d5fdaea97017bc8fe60b038413ea32af61b486cb44e0f1fdf5726dc61ad953ab0da4096bbbb5;O2095035;1997213;2025-06-27 22:43:00;CICERO;IL;60804;M;24;IL;USAGE UNKNOWN;DID NOT DEPLOY;NONE;NO INDICATION OF INJURY;EVADING POLICE VEHICLE;UNKNOWN;UNKNOWN;TEST NOT OFFERED;;;DRIVER;;;;;;;;
fdc1b0fc0eb460305211758dd937fbed744032191fc5249ef742d5fdaea97017bc8fe60b038413ea32af61b486cb44e0f1fdf5726dc61ad953ab0da4096bbbb5;O2095060;;2025-06-27 22:43:00;CHICAGO;IL;60608;;;;NONE PRESENT;;;NO INDICATION OF INJURY;;;;;;;PEDESTRIAN;;;;;;;;
59dd58b54807fe365871bfacf6f3b2cfad66c332da399fbccf568a81016e8a14faa5c63ef39db4106bf36056ea3b7bc4032f481280422f287aada4a2882631b2;O2094994;1997199;2025-06-27 22:30:00;CHICAGO;IL;;F;56;IL;SAFETY BELT USED;DID NOT DEPLOY;NONE;NO INDICATION OF INJURY;FAILED TO YIELD;NOT OBSCURED;NORMAL;TEST NOT OFFERED;;;DRIVER;;;;;;;;
59dd58b54807fe365871bfacf6f3b2cfad66c332da399fbccf568a81016e8a14faa5c63ef39db4106bf36056ea3b7bc4032f481280422f287aada4a2882631b2;O2094995;1997194;2025-06-27 22:30:00;;;;F;41;;SAFETY BELT USED;DID NOT DEPLOY;NONE;NO INDICATION OF INJURY;NONE;NOT OBSCURED;NORMAL;TEST NOT OFFERED;;;DRIVER;;;;;;;;
3c86218a31fa208b6bb60094bfe0ffe57753ea990c476a3146ad680d891e1d51fb3eeaf8b3d81300fb068baa0c1cae60212858d8668d85dacf8c20fb9e7eff70;O2094978;1997170;2025-06-27 22:14:00;;;;F;;;USAGE UNKNOWN;DID NOT DEPLOY;NONE;NO INDICATION OF INJURY;IMPROPER TURN;UNKNOWN;UNKNOWN;TEST NOT OFFERED;;;DRIVER;;;;;;;;
3c86218a31fa208b6bb60094bfe0ffe57753ea990c476a3146ad680d891e1d51fb3eeaf8b3d81300fb068baa0c1cae60212858d8668d85dacf8c20fb9e7eff70;O2094979;1997165;2025-06-27 22:14:00;CHICAGO;IL;60645;M;36;IL;USAGE UNKNOWN;DID NOT DEPLOY;NONE;NO INDICATION OF INJURY;NONE;NOT OBSCURED;NORMAL;TEST NOT OFFERED;;;DRIVER;;;;;;;;
13e8b178cbdc31b5f77f1c6141ac3da13aad48b9b27d78ad40f261d55049dfb9f8608659527fa30640744f81e4c96b7765dc565cced34e468e95b0b6f3864591;O2094984;1997169;2025-06-27 21:30:00;;;;X;;;USAGE UNKNOWN;DEPLOYMENT UNKNOWN;NONE;NO INDICATION OF INJURY;FAILED TO YIELD;UNKNOWN;UNKNOWN;TEST NOT OFFERED;;;DRIVER;;;;;;;;
8acc48e753fa3d759ce001405d924ed500502e8d13b2984c08973fa12c6ee330746fa49e0590cfe8d6af9f51ba50706b307d743277820e3a689f574c7e85b962;O2094949;1997135;2025-06-27 21:30:00;;;;M;;;USAGE UNKNOWN;DEPLOYMENT UNKNOWN;NONE;NO INDICATION OF INJURY;NONE;UNKNOWN;UNKNOWN;TEST NOT OFFERED;;;DRIVER;;;;;;;;
8acc48e753fa3d759ce001405d924ed500502e8d13b2984c08973fa12c6ee330746fa49e0590cfe8d6af9f51ba50706b307d743277820e3a689f574c7e85b962;O2094950;1997138;2025-06-27 21:30:00;CHICAGO;IL;60638;F;32;IL;SAFETY BELT USED;DID NOT DEPLOY;NONE;NO INDICATION OF INJURY;NONE;NOT OBSCURED;NORMAL;TEST NOT OFFERED;;;DRIVER;;;;;;;;
8acc48e753fa3d759ce001405d924ed500502e8d13b2984c08973fa12c6ee330746fa49e0590cfe8d6af9f51ba50706b307d743277820e3a689f574c7e85b962;P462427;1997138;2025-06-27 21:30:00;;;;M;35;;SAFETY BELT USED;DID NOT DEPLOY;NONE;NO INDICATION OF INJURY;;;;;;;PASSENGER;;;;;;;;
c024d0b6216f27864109fb16294b7fc1b582b5c9d176229c4a9c3c9806a4081dfafe0bbb335a55b03729b9033be2b19e121dd6b17ab71c22d083642fa862c4f1;O2095015;1997191;2025-06-27 21:30:00;CHICAGO RIDGE;IL;60415;F;19;IL;USAGE UNKNOWN;DEPLOYED, COMBINATION;NONE;NONINCAPACITATING INJURY;FAILED TO YIELD;NOT OBSCURED;NORMAL;TEST REFUSED;;;DRIVER;;;HOLY CROSS;;CFD AMB 12;;;
5e501f397d93f940ef52c8ffc1f3cea139aa2e6db33209fc34c419e870bea06f9f55a5bc9ded7e558591570c1a59a6ddc3909f6f23929f133544f7391de1aee6;O2094986;1997176;2025-06-27 21:21:00;CICERO;IL;60804;M;26;IL;USAGE UNKNOWN;NOT APPLICABLE;NONE;NO INDICATION OF INJURY;IMPROPER TURN;UNKNOWN;UNKNOWN;TEST NOT OFFERED;;;DRIVER;;;;;;;;
5e501f397d93f940ef52c8ffc1f3cea139aa2e6db33209fc34c419e870bea06f9f55a5bc9ded7e558591570c1a59a6ddc3909f6f23929f133544f7391de1aee6;O2094987;1997174;2025-06-27 21:21:00;CHICAGO;IL;60613;M;63;IL;SAFETY BELT USED;DID NOT DEPLOY;NONE;NO INDICATION OF INJURY;NONE;NOT OBSCURED;NORMAL;TEST NOT OFFERED;;;DRIVER;;;;;;;;
d4466390a6d81dd495bc52528b0bf4ec0ee7c94b89194f791a98a100f68fc179f01d58d03e3a611c119ea2010fcf4d810c4c0fb19a1a07b7eab8a4cd01447e75;O2094990;1997175;2025-06-27 21:20:00;;;;M;;;USAGE UNKNOWN;DEPLOYMENT UNKNOWN;NONE;NO INDICATION OF INJURY;IMPROPER TURN;UNKNOWN;UNKNOWN;TEST NOT OFFERED;;;DRIVER;;;;;;;;
d4466390a6d81dd495bc52528b0bf4ec0ee7c94b89194f791a98a100f68fc179f01d58d03e3a611c119ea2010fcf4d810c4c0fb19a1a07b7eab8a4cd01447e75;O2094991;1997178;2025-06-27 21:20:00;NILES;;60714;M;27;IL;USAGE UNKNOWN;DEPLOYMENT UNKNOWN;NONE;NO INDICATION OF INJURY;OTHER;NOT OBSCURED;NORMAL;TEST NOT OFFERED;;;DRIVER;;;;;;;;
ef2ff3a0dd79186457c4c143021721cce25f441a92368034373054b3ee5af2c7ec45168ded5c1977db49fd9226cfd04b3f2fef5b89b17befa7d6ed4bdd17e7a3;O2094955;1997145;2025-06-27 21:20:00;CHICAGO;IL;60625;M;24;;USAGE UNKNOWN;DEPLOYMENT UNKNOWN;NONE;NO INDICATION OF INJURY;FOLLOWED TOO CLOSELY;UNKNOWN;UNKNOWN;TEST NOT OFFERED;;;DRIVER;;;;;;;;
ef2ff3a0dd79186457c4c143021721cce25f441a92368034373054b3ee5af2c7ec45168ded5c1977db49fd9226cfd04b3f2fef5b89b17befa7d6ed4bdd17e7a3;O2094956;1997151;2025-06-27 21:20:00;CHICAGO;IL;60625;F;65;IL;SAFETY BELT USED;NOT APPLICABLE;NONE;REPORTED, NOT EVIDENT;NONE;NOT OBSCURED;NORMAL;TEST NOT OFFERED;;;DRIVER;;;;;;;;
ef2ff3a0dd79186457c4c143021721cce25f441a92368034373054b3ee5af2c7ec45168ded5c1977db49fd9226cfd04b3f2fef5b89b17befa7d6ed4bdd17e7a3;P462431;1997151;2025-06-27 21:20:00;CHICAGO;IL;;M;65;;SAFETY BELT USED;DID NOT DEPLOY;NONE;REPORTED, NOT EVIDENT;;;;;;;PASSENGER;;;;;;;;
17b37a5b7216287d189951f0ca514d3b0546258be93959380917669f8310b1d50d24457a2b1f1fba8efd539f058ad2ab84bcae3be8ea23926870ceac99638b3b;O2094974;1997166;2025-06-27 21:10:00;;;;X;;;USAGE UNKNOWN;DEPLOYMENT UNKNOWN;UNKNOWN;NO INDICATION OF INJURY;TOO FAST FOR CONDITIONS;UNKNOWN;UNKNOWN;TEST NOT OFFERED;;;DRIVER;;;;;;;;
17b37a5b7216287d189951f0ca514d3b0546258be93959380917669f8310b1d50d24457a2b1f1fba8efd539f058ad2ab84bcae3be8ea23926870ceac99638b3b;P462433;1997160;2025-06-27 21:10:00;MATTESON;IL;60443;M;43;;USAGE UNKNOWN;NOT APPLICABLE;NONE;NO INDICATION OF INJURY;;;;;;;PASSENGER;;;;;;;;
5f3e036c0c57937ab6939b2795fba7c8dcd5015bd95972dfe33c6412540ecdebce82a874806bc68a3f8f091f0c105ff40b21d5de9ba16e3bb5856e04e597e4fb;O2094953;1997142;2025-06-27 21:09:00;CHICAGO;IL;60608;F;45;IL;USAGE UNKNOWN;DEPLOYMENT UNKNOWN;NONE;NO INDICATION OF INJURY;FAILED TO YIELD;UNKNOWN;NORMAL;TEST NOT OFFERED;;;DRIVER;;;;;AMBULANCE 3;;;
5f3e036c0c57937ab6939b2795fba7c8dcd5015bd95972dfe33c6412540ecdebce82a874806bc68a3f8f091f0c105ff40b21d5de9ba16e3bb5856e04e597e4fb;O2094954;1997150;2025-06-27 21:09:00;FISHERS;IN;46037;M;27;IN;USAGE UNKNOWN;NOT APPLICABLE;NONE;NONINCAPACITATING INJURY;UNKNOWN;UNKNOWN;NORMAL;TEST NOT OFFERED;;;DRIVER;;;ST. MARY'S;;AMBULANCE 3;;;
10f1b6e30751c777999ef438f74f068c7015de9f1f29e8820e0c50c69dbe1a304f470f362920eaca836f0857a90a4f4f1011641a85042a0667b89395ffda8bb1;O2094998;1997225;2025-06-27 21:00:00;CHICAGO;IL;60619;M;43;IL;NONE PRESENT;NOT APPLICABLE;NONE;NO INDICATION OF INJURY;NONE;NOT OBSCURED;NORMAL;TEST NOT OFFERED;;;DRIVER;;;;;;;;
10f1b6e30751c777999ef438f74f068c7015de9f1f29e8820e0c50c69dbe1a304f470f362920eaca836f0857a90a4f4f1011641a85042a0667b89395ffda8bb1;O2095018;1997195;2025-06-27 21:00:00;;;60619;M;;;USAGE UNKNOWN;DEPLOYMENT UNKNOWN;UNKNOWN;NO INDICATION OF INJURY;NONE;UNKNOWN;UNKNOWN;TEST NOT OFFERED;;;DRIVER;;;;;;;;
10f1b6e30751c777999ef438f74f068c7015de9f1f29e8820e0c50c69dbe1a304f470f362920eaca836f0857a90a4f4f1011641a85042a0667b89395ffda8bb1;O2095061;1997242;2025-06-27 21:00:00;;;;X;;;USAGE UNKNOWN;DEPLOYMENT UNKNOWN;NONE;NO INDICATION OF INJURY;NONE;UNKNOWN;UNKNOWN;TEST NOT OFFERED;;;DRIVER;;;;;;;;
b507db07caf58ccf4b2fbb67f78a81e6f32d69edb36ce2b1fc9560a1ce20501e9c95ff4eee8e95a31e0ef96944cc59d8a13ec375cc1540b2a96b285d69bcc01e;O2094965;1997153;2025-06-27 21:00:00;CHICAGO;IL;60647;M;58;IL;USAGE UNKNOWN;NOT APPLICABLE;NONE;NO INDICATION OF INJURY;OTHER;NOT OBSCURED;NORMAL;TEST NOT OFFERED;;;DRIVER;;;;;;;;
b507db07caf58ccf4b2fbb67f78a81e6f32d69edb36ce2b1fc9560a1ce20501e9c95ff4eee8e95a31e0ef96944cc59d8a13ec375cc1540b2a96b285d69bcc01e;O2094966;;2025-06-27 21:00:00;;;;M;45;;NONE PRESENT;;;NONINCAPACITATING INJURY;OTHER;NOT OBSCURED;NORMAL;TEST NOT OFFERED;;;PEDESTRIAN;;;MOUNT SINAI;;;;;
481c268f9294a83fb1d0246cf8c40e07ec480afe4c0a53f8176125a7bbdf96cf0b5d137bd064762dee064f796ee3380da17c72e0907d472e1d223d91b7c93470;O2094957;1997155;2025-06-27 20:45:00;CHICAGO;IL;60612;M;54;IL;USAGE UNKNOWN;DEPLOYMENT UNKNOWN;NONE;NO INDICATION OF INJURY;OTHER;UNKNOWN;UNKNOWN;TEST NOT OFFERED;;;DRIVER;;;;;;;;
481c268f9294a83fb1d0246cf8c40e07ec480afe4c0a53f8176125a7bbdf96cf0b5d137bd064762dee064f796ee3380da17c72e0907d472e1d223d91b7c93470;O2094958;1997146;2025-06-27 20:45:00;CHICAGO;IL;60647;M;67;IL;SAFETY BELT USED;DID NOT DEPLOY;NONE;NONINCAPACITATING INJURY;NONE;NOT OBSCURED;NORMAL;TEST NOT OFFERED;;;DRIVER;;;;;;;;
481c268f9294a83fb1d0246cf8c40e07ec480afe4c0a53f8176125a7bbdf96cf0b5d137bd064762dee064f796ee3380da17c72e0907d472e1d223d91b7c93470;P462428;1997146;2025-06-27 20:45:00;CHICAGO;IL;60641;F;58;;SAFETY BELT USED;DID NOT DEPLOY;NONE;NO INDICATION OF INJURY;;;;;;;PASSENGER;;;;;;;;
ba2e9fbaaf33e454999a6831494f90fd93e220332d0fcbb02531a12304a4b2b41f8ae880536a7855fc55209a36bc2d93a0c683028522ea7d4b3092eaeb0e33e6;O2095067;1997244;2025-06-27 20:45:00;CHICAGO;IL;60629;M;71;IL;SAFETY BELT USED;NOT APPLICABLE;NONE;NO INDICATION OF INJURY;NONE;NOT OBSCURED;NORMAL;TEST NOT OFFERED;;;DRIVER;;;;;;;;
ba2e9fbaaf33e454999a6831494f90fd93e220332d0fcbb02531a12304a4b2b41f8ae880536a7855fc55209a36bc2d93a0c683028522ea7d4b3092eaeb0e33e6;O2095068;1997247;2025-06-27 20:45:00;CAROL SPRINGS;IL;60188;M;54;IL;SAFETY BELT USED;DID NOT DEPLOY;NONE;NO INDICATION OF INJURY;NONE;NOT OBSCURED;NORMAL;TEST NOT OFFERED;;;DRIVER;;;;;;;;
e578c9baa3e72381df34a1e7631c9e90bc4f8f5441d3c5a519e56d26fc71b37d44c435164e263610dd70ffb8600f2196115784acc1154d8b50595114f91ceae6;O2094967;1997154;2025-06-27 20:44:00;CHICAGO;IL;60645;M;14;IL;NONE PRESENT;DEPLOYED, COMBINATION;NONE;NONINCAPACITATING INJURY;EVADING POLICE VEHICLE;NOT OBSCURED;NORMAL;TEST NOT OFFERED;;;DRIVER;;;LUTHERAN GENERAL;;CFD;;;
69b6325b052f921a2ec46872ed0c9f888a747da4adaaa40f08a1d3eeda93fb70bf308c778f67373549eb8e236e7583b465f73bcdfd1ebcdb56d0cc3b63b244b8;O2094927;1997117;2025-06-27 20:27:00;;;;X;;;USAGE UNKNOWN;DEPLOYMENT UNKNOWN;UNKNOWN;NO INDICATION OF INJURY;FOLLOWED TOO CLOSELY;UNKNOWN;UNKNOWN;TEST NOT OFFERED;;;DRIVER;;;;;;;;
69b6325b052f921a2ec46872ed0c9f888a747da4adaaa40f08a1d3eeda93fb70bf308c778f67373549eb8e236e7583b465f73bcdfd1ebcdb56d0cc3b63b244b8;O2094928;1997123;2025-06-27 20:27:00;EDEN PRAIRE;MN;55347-5004;M;40;MN;SAFETY BELT USED;DID NOT DEPLOY;NONE;NO INDICATION OF INJURY;NONE;NOT OBSCURED;NORMAL;TEST NOT OFFERED;;;DRIVER;;;;;;;;
69b6325b052f921a2ec46872ed0c9f888a747da4adaaa40f08a1d3eeda93fb70bf308c778f67373549eb8e236e7583b465f73bcdfd1ebcdb56d0cc3b63b244b8;P462415;1997123;2025-06-27 20:27:00;EDEN PRAIRIE;MN;55347;F;40;;SAFETY BELT USED;DID NOT DEPLOY;NONE;NO INDICATION OF INJURY;;;;;;;PASSENGER;;;;;;;;
69b6325b052f921a2ec46872ed0c9f888a747da4adaaa40f08a1d3eeda93fb70bf308c778f67373549eb8e236e7583b465f73bcdfd1ebcdb56d0cc3b63b244b8;P462420;1997123;2025-06-27 20:27:00;EDEN PRAIRIE;MN;55347;F;13;;SAFETY BELT USED;DID NOT DEPLOY;NONE;NO INDICATION OF INJURY;;;;;;;PASSENGER;;;;;;;;
69b6325b052f921a2ec46872ed0c9f888a747da4adaaa40f08a1d3eeda93fb70bf308c778f67373549eb8e236e7583b465f73bcdfd1ebcdb56d0cc3b63b244b8;P462421;1997123;2025-06-27 20:27:00;EDEN PRAIRIE;MN;55347;F;6;;SAFETY BELT USED;DID NOT DEPLOY;NONE;NO INDICATION OF INJURY;;;;;;;PASSENGER;;;;;;;;
69b6325b052f921a2ec46872ed0c9f888a747da4adaaa40f08a1d3eeda93fb70bf308c778f67373549eb8e236e7583b465f73bcdfd1ebcdb56d0cc3b63b244b8;P462422;1997123;2025-06-27 20:27:00;EDEN PRAIRIE;MN;55347;M;10;;SAFETY BELT USED;DID NOT DEPLOY;NONE;NO INDICATION OF INJURY;;;;;;;PASSENGER;;;;;;;;
4c21f2d845f3ffe405da04368f69e16ad7239537ad0b35c4c10d62ec2af8d82dcca7575f5bf4d42bde7e44b66ef5001d492e7b64bc702c54a8378beed2bf6d93;O2094931;1997119;2025-06-27 20:25:00;STONEVILLE;NC;27048;F;21;NC;USAGE UNKNOWN;NOT APPLICABLE;NONE;NO INDICATION OF INJURY;UNKNOWN;UNKNOWN;NORMAL;TEST NOT OFFERED;;;DRIVER;;;;;;;;
4c21f2d845f3ffe405da04368f69e16ad7239537ad0b35c4c10d62ec2af8d82dcca7575f5bf4d42bde7e44b66ef5001d492e7b64bc702c54a8378beed2bf6d93;O2094932;;2025-06-27 20:25:00;CHICAGO;IL;60618;F;34;;HELMET NOT USED;;NONE;REPORTED, NOT EVIDENT;UNKNOWN;UNKNOWN;NORMAL;TEST NOT OFFERED;;;BICYCLE;;;;;;;;
4c21f2d845f3ffe405da04368f69e16ad7239537ad0b35c4c10d62ec2af8d82dcca7575f5bf4d42bde7e44b66ef5001d492e7b64bc702c54a8378beed2bf6d93;P462413;1997119;2025-06-27 20:25:00;CHICAGO;IL;60622;M;25;;USAGE UNKNOWN;NOT APPLICABLE;NONE;NO INDICATION OF INJURY;;;;;;;PASSENGER;;;;;;;;
c163b362397e85a61263a3d2400cd6d7a8ab4bef00ee4983ae489dfeb241245f520db5d298f27d41a57daa6e7b9d4a4d35b22849243117298ca049d10f1c2a79;O2094933;1997124;2025-06-27 20:13:00;CHICAGO;IL;60616;M;49;IL;SAFETY BELT USED;NOT APPLICABLE;NONE;NO INDICATION OF INJURY;OTHER;NOT OBSCURED;NORMAL;TEST NOT OFFERED;;;DRIVER;;;;;;;;
c163b362397e85a61263a3d2400cd6d7a8ab4bef00ee4983ae489dfeb241245f520db5d298f27d41a57daa6e7b9d4a4d35b22849243117298ca049d10f1c2a79;O2094934;;2025-06-27 20:13:00;CHICAGO;IL;60605;F;69;;NONE PRESENT;;;INCAPACITATING INJURY;NONE;NOT OBSCURED;NORMAL;TEST NOT OFFERED;;;PEDESTRIAN;;;NORTHWESTERN;;;;;
237dc78d66d520dae88e82df4f02e46c7bc8f4ff77f341dec245afae39283920bf2133a34dc3dae40c7637a9afce71d9d27d96392bc970e0deeab97471d1bbe1;O2094980;1997168;2025-06-27 20:00:00;CHICAGO;IL;60607;M;34;IL;SAFETY BELT USED;NOT APPLICABLE;NONE;NO INDICATION OF INJURY;TOO FAST FOR CONDITIONS;NOT OBSCURED;NORMAL;TEST NOT OFFERED;;;DRIVER;;;;;;;;
237dc78d66d520dae88e82df4f02e46c7bc8f4ff77f341dec245afae39283920bf2133a34dc3dae40c7637a9afce71d9d27d96392bc970e0deeab97471d1bbe1;O2094981;1997173;2025-06-27 20:00:00;RIVER FOREST;IL;60305;M;65;IL;SAFETY BELT USED;DID NOT DEPLOY;NONE;NO INDICATION OF INJURY;NONE;NOT OBSCURED;NORMAL;TEST NOT OFFERED;;;DRIVER;;;;;;;;
8a20b33d57fe45552b9d0c9fd005d8b3c3e98a946acdb9bdb42783d12a529c9100bc10f356f44b501e7d30c1450b72946690a0c06676881118718e1d162df142;O2094939;1997129;2025-06-27 20:00:00;;;;X;;;USAGE UNKNOWN;DEPLOYMENT UNKNOWN;NONE;NO INDICATION OF INJURY;IMPROPER BACKING;UNKNOWN;UNKNOWN;TEST NOT OFFERED;;;DRIVER;;;;;;;;
c20a7632f73ef4c8e17809a707a2b20a35a167b51061afa4b757c3f76517690dfbd082a92bcffbff7e466590ac3af56c34d460c1db913fb9c58d9573da1a357b;O2094935;1997125;2025-06-27 19:58:00;CHICAGO;IL;60617;M;64;IL;USAGE UNKNOWN;DID NOT DEPLOY;NONE;NONINCAPACITATING INJURY;IMPROPER TURN;NOT OBSCURED;NORMAL;TEST NOT OFFERED;;;DRIVER;;;NORTHWESTERN;;AMB 43;;;
c20a7632f73ef4c8e17809a707a2b20a35a167b51061afa4b757c3f76517690dfbd082a92bcffbff7e466590ac3af56c34d460c1db913fb9c58d9573da1a357b;O2094936;1997132;2025-06-27 19:58:00;GREENSBORO;NC;27401;M;24;NC;SAFETY BELT USED;DID NOT DEPLOY;NONE;NO INDICATION OF INJURY;NONE;NOT OBSCURED;NORMAL;TEST NOT OFFERED;;;DRIVER;;;;;;;;
87e027dccbb47dfafe5cc21a08a6c5d4ba8b437c92bf98ca9080b690e64165d0455051a872d35ca88fed7876532f47c2f45ff6eb5362c87cbbf2c59e7d8fa856;O2094910;1997110;2025-06-27 19:45:00;CHICAGO;IL;60614;F;19;IL;SAFETY BELT USED;DID NOT DEPLOY;UNKNOWN;NO INDICATION OF INJURY;UNKNOWN;UNKNOWN;NORMAL;TEST NOT OFFERED;;;DRIVER;;;;;;;;
3c2f6864d68a6e68e0eb1d07811dea156fab84d1b59677e9bf39ff85aed742b2d88d7431b52cf9be803153ec0c9c683bc5242dd5d9687276ee1bdd93d7472c91;O2094908;1997098;2025-06-27 19:41:00;CHICAGO;IL;60639;F;20;IL;USAGE UNKNOWN;NOT APPLICABLE;NONE;NO INDICATION OF INJURY;DISREGARDED CONTROL DEVICES;UNKNOWN;NORMAL;TEST NOT OFFERED;;;DRIVER;;;;;;;;
3c2f6864d68a6e68e0eb1d07811dea156fab84d1b59677e9bf39ff85aed742b2d88d7431b52cf9be803153ec0c9c683bc5242dd5d9687276ee1bdd93d7472c91;O2094909;1997109;2025-06-27 19:41:00;STONE PARK;IL;60165;M;26;IL;USAGE UNKNOWN;NOT APPLICABLE;NONE;NO INDICATION OF INJURY;NONE;UNKNOWN;NORMAL;TEST NOT OFFERED;;;DRIVER;;;;;;;;
47eaffb3b75dc9b01d04e33a47cc330a53d1c5eeaebcbc20b12fd6f51d6dbaf4a91ae860ecd3bf1d7b3e023d315f8e4375939486cb7f714f3276ac0983abc058;O2094904;1997097;2025-06-27 19:37:00;ALSIP;IL;60803;M;27;IL;USAGE UNKNOWN;NOT APPLICABLE;UNKNOWN;NO INDICATION OF INJURY;FAILED TO YIELD;UNKNOWN;NORMAL;TEST NOT OFFERED;;;DRIVER;;;;;;;;
47eaffb3b75dc9b01d04e33a47cc330a53d1c5eeaebcbc20b12fd6f51d6dbaf4a91ae860ecd3bf1d7b3e023d315f8e4375939486cb7f714f3276ac0983abc058;O2094905;1997122;2025-06-27 19:37:00;CICERO;IL;60804;M;41;IL;USAGE UNKNOWN;NOT APPLICABLE;NONE;NO INDICATION OF INJURY;OTHER;UNKNOWN;NORMAL;TEST NOT OFFERED;;;DRIVER;;;;;;;;
47eaffb3b75dc9b01d04e33a47cc330a53d1c5eeaebcbc20b12fd6f51d6dbaf4a91ae860ecd3bf1d7b3e023d315f8e4375939486cb7f714f3276ac0983abc058;P462414;1997122;2025-06-27 19:37:00;CHICAGO;IL;60623;M;33;;USAGE UNKNOWN;NOT APPLICABLE;UNKNOWN;NO INDICATION OF INJURY;;;;;;;PASSENGER;;;;;;;;
47eaffb3b75dc9b01d04e33a47cc330a53d1c5eeaebcbc20b12fd6f51d6dbaf4a91ae860ecd3bf1d7b3e023d315f8e4375939486cb7f714f3276ac0983abc058;P462423;1997122;2025-06-27 19:37:00;CHICAGO;IL;60623;;14;;USAGE UNKNOWN;NOT APPLICABLE;NONE;NO INDICATION OF INJURY;;;;;;;PASSENGER;;;;;;;;
47eaffb3b75dc9b01d04e33a47cc330a53d1c5eeaebcbc20b12fd6f51d6dbaf4a91ae860ecd3bf1d7b3e023d315f8e4375939486cb7f714f3276ac0983abc058;P462425;1997097;2025-06-27 19:37:00;CHICAGO;IL;;M;8;;USAGE UNKNOWN;NOT APPLICABLE;NONE;NO INDICATION OF INJURY;;;;;;;PASSENGER;;;;;;;;
23247f5727b1754fda619e66e56033daab3d8d33b66e915db3a6fa9b8fe59b366fe786e553ecf042507bf2b52d1a740bcf75856b39e9df91f83e267ad358f748;O2094903;1997107;2025-06-27 19:35:00;CHICAGO;IL;60639;F;38;IL;SAFETY BELT USED;DID NOT DEPLOY;UNKNOWN;NO INDICATION OF INJURY;NONE;NOT OBSCURED;NORMAL;TEST NOT OFFERED;;;DRIVER;;;;;;;;
a0a5922fb2a0e4c2280ea872de4feb4017ac30c873f3624404aede80c370f25274ee8971d0350a914433e63b5e3574eb98f80a6e64cb3a01580a739d1573c873;O2094921;1997114;2025-06-27 19:20:00;;;;X;;;USAGE UNKNOWN;DEPLOYMENT UNKNOWN;NONE;NO INDICATION OF INJURY;UNKNOWN;UNKNOWN;UNKNOWN;TEST NOT OFFERED;;;DRIVER;;;;;;;;
a0a5922fb2a0e4c2280ea872de4feb4017ac30c873f3624404aede80c370f25274ee8971d0350a914433e63b5e3574eb98f80a6e64cb3a01580a739d1573c873;O2094922;1997118;2025-06-27 19:20:00;CHICAGO;IL;60618;M;49;IL;USAGE UNKNOWN;NOT APPLICABLE;NONE;NO INDICATION OF INJURY;NONE;UNKNOWN;NORMAL;TEST NOT OFFERED;;;DRIVER;;;;;;;;
a7eb308680299cbccb1c205fcb7fcf039e7793bcc9751d773c656f14133ca41a73595fdf0123f8e720ae958b2056ff6baa40f07ba67309ef7d7e324e864ec449;O2094894;1997083;2025-06-27 18:49:00;CHICAGO;IL;60625;F;29;IL;SAFETY BELT USED;DID NOT DEPLOY;NONE;NO INDICATION OF INJURY;OVERCORRECTED;NOT OBSCURED;NORMAL;TEST NOT OFFERED;;;DRIVER;;;REFUSED;;;;;
17b68147b537541c6446b65e964038373fe768610874ed8ad1ddd2b3a5dcdcdaf649a1d3e6257d9e621504988ac3e5c1a7d1dc95053dc89e368f902e285aad64;O2094906;1997113;2025-06-27 18:41:00;CHICAGO;IL;60638;M;21;IL;USAGE UNKNOWN;DID NOT DEPLOY;NONE;NO INDICATION OF INJURY;UNKNOWN;UNKNOWN;UNKNOWN;TEST NOT OFFERED;;;DRIVER;;;;;;;;
17b68147b537541c6446b65e964038373fe768610874ed8ad1ddd2b3a5dcdcdaf649a1d3e6257d9e621504988ac3e5c1a7d1dc95053dc89e368f902e285aad64;O2094907;1997115;2025-06-27 18:41:00;CHICAGO;IL;60638;M;0;IL;USAGE UNKNOWN;DEPLOYED, SIDE;NONE;REPORTED, NOT EVIDENT;FAILED TO YIELD;UNKNOWN;UNKNOWN;TEST NOT OFFERED;;;DRIVER;;;MCNEAL HOSPITAL;;CFD;;;
e06e07648c19159c2ce84c4c7d38f2995af510d03bdacf1c6fac0b0342f775e78082cc546d2ebb26961af0ff6d7fe3435a34e8b28e464efcb800c18ae0e367ca;O2094864;1997055;2025-06-27 18:22:00;CHICAGO;IL;60628;M;17;IL;NONE PRESENT;NOT APPLICABLE;NONE;NO INDICATION OF INJURY;UNKNOWN;NOT OBSCURED;NORMAL;TEST NOT OFFERED;;;DRIVER;;;;;;;;
e06e07648c19159c2ce84c4c7d38f2995af510d03bdacf1c6fac0b0342f775e78082cc546d2ebb26961af0ff6d7fe3435a34e8b28e464efcb800c18ae0e367ca;O2094865;1997064;2025-06-27 18:22:00;CHICAGO;IL;60628;M;71;IL;NONE PRESENT;NOT APPLICABLE;NONE;NO INDICATION OF INJURY;OTHER;NOT OBSCURED;NORMAL;TEST NOT OFFERED;;;DRIVER;;;;;;;;
3dd5ef3cce81366f93ed688b12143a9cfc1840ce3f509e8c72362279849d42ce803bf7538fea038a3dec4256103d0340be7191e2fe1f116f589929a46b09e46d;O2094830;1997016;2025-06-27 18:15:00;;;;M;;;USAGE UNKNOWN;NOT APPLICABLE;NONE;NO INDICATION OF INJURY;UNKNOWN;UNKNOWN;UNKNOWN;TEST NOT OFFERED;;;DRIVER;;;;;;;;
3dd5ef3cce81366f93ed688b12143a9cfc1840ce3f509e8c72362279849d42ce803bf7538fea038a3dec4256103d0340be7191e2fe1f116f589929a46b09e46d;O2094831;1997021;2025-06-27 18:15:00;CHICAGO;IL;60613;M;26;IL;USAGE UNKNOWN;NOT APPLICABLE;NONE;NO INDICATION OF INJURY;NONE;NOT OBSCURED;NORMAL;TEST NOT OFFERED;;;DRIVER;;;;;;;;
3dd5ef3cce81366f93ed688b12143a9cfc1840ce3f509e8c72362279849d42ce803bf7538fea038a3dec4256103d0340be7191e2fe1f116f589929a46b09e46d;P462394;1997021;2025-06-27 18:15:00;;IL;;F;;;USAGE UNKNOWN;NOT APPLICABLE;NONE;NO INDICATION OF INJURY;;;;;;;PASSENGER;;;;;;;;
3dd5ef3cce81366f93ed688b12143a9cfc1840ce3f509e8c72362279849d42ce803bf7538fea038a3dec4256103d0340be7191e2fe1f116f589929a46b09e46d;P462396;1997021;2025-06-27 18:15:00;;;;M;;;USAGE UNKNOWN;NOT APPLICABLE;NONE;NO INDICATION OF INJURY;;;;;;;PASSENGER;;;;;;;;
3dd5ef3cce81366f93ed688b12143a9cfc1840ce3f509e8c72362279849d42ce803bf7538fea038a3dec4256103d0340be7191e2fe1f116f589929a46b09e46d;P462397;1997021;2025-06-27 18:15:00;;;;F;;;USAGE UNKNOWN;NOT APPLICABLE;NONE;NO INDICATION OF INJURY;;;;;;;PASSENGER;;;;;;;;
555b26c673c1cc3055b7a5b808f443a430fe1239e839c8c983e1a617602ed0c476dac649adee4d9feb389de378e2527329d186de9f4e92108586eb9c3da1c237;O2094852;1997045;2025-06-27 18:15:00;;;;M;;;SAFETY BELT USED;DID NOT DEPLOY;NONE;NO INDICATION OF INJURY;FAILED TO YIELD;NOT OBSCURED;NORMAL;TEST NOT OFFERED;;;DRIVER;;;;;;;;
555b26c673c1cc3055b7a5b808f443a430fe1239e839c8c983e1a617602ed0c476dac649adee4d9feb389de378e2527329d186de9f4e92108586eb9c3da1c237;O2094853;1997049;2025-06-27 18:15:00;;;;M;;IL;SAFETY BELT USED;DID NOT DEPLOY;NONE;NO INDICATION OF INJURY;NONE;NOT OBSCURED;NORMAL;TEST NOT OFFERED;;;DRIVER;;;;;;;;
5b74af382a5b4c0c022f6b6cfec24a85d67aee1c1cd0c424dcf2d1b31eb6cec4222564612ea7d048fd3a6df2d5c13e3daf150993c5ad615ad7db875d4eea7537;O2094848;1997035;2025-06-27 18:15:00;;;;X;;;USAGE UNKNOWN;DEPLOYMENT UNKNOWN;NONE;NO INDICATION OF INJURY;UNKNOWN;UNKNOWN;UNKNOWN;TEST NOT OFFERED;;;DRIVER;;;;;;;;
62324fd56d0780f19d836c984d8b6ebc45b2c10f823e8b5da185e34b4b0b5df6baa6d637225628c0086faa3ff2472fd1798872c3e35c4b4d55e6fc7b275b9ff0;O2094850;1997037;2025-06-27 18:15:00;CHICAGO;IL;60624;F;26;;SAFETY BELT USED;NOT APPLICABLE;NONE;NO INDICATION OF INJURY;FAILED TO YIELD;NOT OBSCURED;NORMAL;TEST NOT OFFERED;;;DRIVER;;;;;;;;
62324fd56d0780f19d836c984d8b6ebc45b2c10f823e8b5da185e34b4b0b5df6baa6d637225628c0086faa3ff2472fd1798872c3e35c4b4d55e6fc7b275b9ff0;O2094851;1997043;2025-06-27 18:15:00;CHICAGO;IL;60608;M;30;IL;SAFETY BELT USED;NOT APPLICABLE;NONE;NO INDICATION OF INJURY;NONE;NOT OBSCURED;NORMAL;TEST REFUSED;;;DRIVER;;;;;;;;
4687c298dbc533fc9d72671beda50b9d15c9467454145053a47118ab1d4a17b461465a5c0f2b6e8c8ddc46a8a13d447ff0162d9a1d01d02364db8e516fb935c2;O2094900;1997092;2025-06-27 18:10:00;CHICAGO;IL;60649;F;36;IL;USAGE UNKNOWN;DEPLOYED, FRONT;NONE;NO INDICATION OF INJURY;FAILED TO YIELD;NOT OBSCURED;NORMAL;TEST NOT OFFERED;;;DRIVER;;;;;;;;
4687c298dbc533fc9d72671beda50b9d15c9467454145053a47118ab1d4a17b461465a5c0f2b6e8c8ddc46a8a13d447ff0162d9a1d01d02364db8e516fb935c2;O2094901;1997095;2025-06-27 18:10:00;CHICAGO;IL;60628;F;75;IL;USAGE UNKNOWN;DEPLOYED, FRONT;NONE;NO INDICATION OF INJURY;UNKNOWN;NOT OBSCURED;NORMAL;TEST NOT OFFERED;;;DRIVER;;;;;;;;
e64acd2b31bd0f80f81e8714a41d136aab069ff87e40c20fc928921a13cc673ccabf41182ee0b3c726615b6580a356ca7a01cb69287541567e158e75080c78a6;O2094929;1997120;2025-06-27 18:10:00;CHICAGO;IL;60628;M;70;IL;SAFETY BELT USED;NOT APPLICABLE;NONE;NO INDICATION OF INJURY;OTHER;UNKNOWN;OTHER;TEST NOT OFFERED;;;DRIVER;;;ADVOCATE ILLINOIS MASONIC HOSPITAL;;CFD 43;;;
e64acd2b31bd0f80f81e8714a41d136aab069ff87e40c20fc928921a13cc673ccabf41182ee0b3c726615b6580a356ca7a01cb69287541567e158e75080c78a6;P462416;1997120;2025-06-27 18:10:00;CHICAGO;IL;60605;M;35;;SAFETY BELT USED;NOT APPLICABLE;NONE;NO INDICATION OF INJURY;;;;;;;PASSENGER;;;;;;;;
878c7a512f42283c0efe70480b83ef8be2d9d705a8087982e8027ddc752ab2f0624125d005c954b35093e2b4afa888736691c013d4cbf5b8f1eaa78a5d3e76ba;O2094856;1997054;2025-06-27 18:02:00;CHICAGO;IL;60609;M;39;IL;SAFETY BELT USED;DEPLOYED, COMBINATION;NONE;NONINCAPACITATING INJURY;FAILED TO YIELD;NOT OBSCURED;NORMAL;TEST NOT OFFERED;;;DRIVER;;;;;;;;
878c7a512f42283c0efe70480b83ef8be2d9d705a8087982e8027ddc752ab2f0624125d005c954b35093e2b4afa888736691c013d4cbf5b8f1eaa78a5d3e76ba;O2094857;1997067;2025-06-27 18:02:00;CICERO;IL;60804;F;19;IL;SAFETY BELT USED;DEPLOYED, COMBINATION;NONE;REPORTED, NOT EVIDENT;NONE;NOT OBSCURED;NORMAL;TEST NOT OFFERED;;;DRIVER;;;;;;;;
878c7a512f42283c0efe70480b83ef8be2d9d705a8087982e8027ddc752ab2f0624125d005c954b35093e2b4afa888736691c013d4cbf5b8f1eaa78a5d3e76ba;P462400;1997054;2025-06-27 18:02:00;CHICAGO;IL;60609;F;36;;SAFETY BELT USED;DEPLOYED, COMBINATION;NONE;NONINCAPACITATING INJURY;;;;;;;PASSENGER;;;CHRIST HOSPITAL;54;CFD AMB;;;
878c7a512f42283c0efe70480b83ef8be2d9d705a8087982e8027ddc752ab2f0624125d005c954b35093e2b4afa888736691c013d4cbf5b8f1eaa78a5d3e76ba;P462401;1997054;2025-06-27 18:02:00;CHICAGO;IL;60609;F;12;;SAFETY BELT USED;DEPLOYED, COMBINATION;NONE;NO INDICATION OF INJURY;;;;;;;PASSENGER;;;;;;;;
878c7a512f42283c0efe70480b83ef8be2d9d705a8087982e8027ddc752ab2f0624125d005c954b35093e2b4afa888736691c013d4cbf5b8f1eaa78a5d3e76ba;P462402;1997054;2025-06-27 18:02:00;CHICAGO;IL;60609;M;5;;SAFETY BELT USED;DEPLOYED, COMBINATION;NONE;REPORTED, NOT EVIDENT;;;;;;;PASSENGER;;;CHRIST HOSPITAL;54;CFD AMB;;;
878c7a512f42283c0efe70480b83ef8be2d9d705a8087982e8027ddc752ab2f0624125d005c954b35093e2b4afa888736691c013d4cbf5b8f1eaa78a5d3e76ba;P462403;1997054;2025-06-27 18:02:00;CHICAGO;IL;60609;M;0;;CHILD RESTRAINT - TYPE UNKNOWN;DEPLOYED, COMBINATION;NONE;REPORTED, NOT EVIDENT;;;;;;;PASSENGER;;;CHRIST HOSPITAL;54;CFD AMB;;;
56b06ff7e7be8f5d8dce5ba5dfa162cd1f4e2ab533d88d394130174bd758841dabcc70fa28adfdae69063e0eb802bc69849005e9b846f86f3fe41f79cc3ca308;O2094862;1997065;2025-06-27 18:00:00;CHICAGO;IL;60616;F;18;IL;USAGE UNKNOWN;NOT APPLICABLE;NONE;NO INDICATION OF INJURY;FAILED TO YIELD;NOT OBSCURED;NORMAL;TEST NOT OFFERED;;;DRIVER;;;;;;;;
56b06ff7e7be8f5d8dce5ba5dfa162cd1f4e2ab533d88d394130174bd758841dabcc70fa28adfdae69063e0eb802bc69849005e9b846f86f3fe41f79cc3ca308;O2094863;1997071;2025-06-27 18:00:00;CHICAGO;IL;60623;M;28;IL;USAGE UNKNOWN;NOT APPLICABLE;NONE;NO INDICATION OF INJURY;NONE;NOT OBSCURED;NORMAL;TEST NOT OFFERED;;;DRIVER;;;;;;;;
56b06ff7e7be8f5d8dce5ba5dfa162cd1f4e2ab533d88d394130174bd758841dabcc70fa28adfdae69063e0eb802bc69849005e9b846f86f3fe41f79cc3ca308;P462407;1997071;2025-06-27 18:00:00;CHICAGO;IL;60632;F;30;;USAGE UNKNOWN;NOT APPLICABLE;NONE;NO INDICATION OF INJURY;;;;;;;PASSENGER;;;;;;;;
968b0af62493fe3f54916f585b97acd9b763df875b6e59f72e6a90c2035dc45a8afe769990dab37d8fbb2cefb50cf448e04e9f11385d9940dab4ef130ffa403c;O2094878;1997069;2025-06-27 17:58:00;CHICAGO;IL;60644;M;26;;USAGE UNKNOWN;DID NOT DEPLOY;NONE;NO INDICATION OF INJURY;FAILED TO YIELD;UNKNOWN;UNKNOWN;TEST NOT OFFERED;;;DRIVER;;;;;;;;
968b0af62493fe3f54916f585b97acd9b763df875b6e59f72e6a90c2035dc45a8afe769990dab37d8fbb2cefb50cf448e04e9f11385d9940dab4ef130ffa403c;O2094879;1997079;2025-06-27 17:58:00;CHICAGO;IL;60651;M;66;IL;USAGE UNKNOWN;DID NOT DEPLOY;NONE;NO INDICATION OF INJURY;NONE;NOT OBSCURED;NORMAL;TEST NOT OFFERED;;;DRIVER;;;;;;;;
f959f866f27e7dfbdcb9d8477094606667157849c4e5f4a584a6ac1670c1ba45bd5f34cc6c368f44fc976ca55116d8e9721b4f85b45e5fdd44bf10bf4a1d5b68;O2094876;1997063;2025-06-27 17:56:00;CHICAGO;IL;60616;M;36;IL;USAGE UNKNOWN;NOT APPLICABLE;NONE;NO INDICATION OF INJURY;FOLLOWED TOO CLOSELY;UNKNOWN;UNKNOWN;TEST NOT OFFERED;;;DRIVER;;;;;;;;
f959f866f27e7dfbdcb9d8477094606667157849c4e5f4a584a6ac1670c1ba45bd5f34cc6c368f44fc976ca55116d8e9721b4f85b45e5fdd44bf10bf4a1d5b68;O2094877;1997072;2025-06-27 17:56:00;CHICAGO;IL;60623;F;;IL;USAGE UNKNOWN;NOT APPLICABLE;NONE;NO INDICATION OF INJURY;NONE;UNKNOWN;UNKNOWN;TEST NOT OFFERED;;;DRIVER;;;;;;;;
769963b33656e6c1fb770f736b56a59ad23898680c5ca3db8c48ab03a4eeb4190e5a37be2d2fa5a00ac9c0e94555b66ffbd2199bba0948de3cd01f822731cf47;O2094884;1997073;2025-06-27 17:55:00;;;;X;;;USAGE UNKNOWN;DEPLOYMENT UNKNOWN;NONE;NO INDICATION OF INJURY;IMPROPER PASSING;UNKNOWN;UNKNOWN;TEST NOT OFFERED;;;DRIVER;;;;;;;;
769963b33656e6c1fb770f736b56a59ad23898680c5ca3db8c48ab03a4eeb4190e5a37be2d2fa5a00ac9c0e94555b66ffbd2199bba0948de3cd01f822731cf47;O2094885;1997077;2025-06-27 17:55:00;CHICAGO;IL;60620;M;;IL;SAFETY BELT USED;NOT APPLICABLE;NONE;NO INDICATION OF INJURY;NONE;NOT OBSCURED;NORMAL;TEST NOT OFFERED;;;DRIVER;;;;;;;;
a0f0a821228457570a24bca26b35891bfd107bdd237f91264fbee94722a93387354e61f9abcb90c1b33220c473a61f04d44df0dca72fe25897b2b536d10ce664;O2094860;1997051;2025-06-27 17:55:00;;;;F;;;USAGE UNKNOWN;DEPLOYMENT UNKNOWN;NONE;NO INDICATION OF INJURY;UNKNOWN;UNKNOWN;UNKNOWN;TEST NOT OFFERED;;;DRIVER;;;;;;;;
a0f0a821228457570a24bca26b35891bfd107bdd237f91264fbee94722a93387354e61f9abcb90c1b33220c473a61f04d44df0dca72fe25897b2b536d10ce664;O2094861;1997070;2025-06-27 17:55:00;CHICAGO;IL;60640;M;31;IL;USAGE UNKNOWN;NOT APPLICABLE;NONE;NO INDICATION OF INJURY;NONE;UNKNOWN;NORMAL;TEST NOT OFFERED;;;DRIVER;;;;;;;;
9c261d83a81af254497a896f3c8170cb171c36aeb71e3afcc3c3f812ad97b5f88209b71184f25e171c132d19068abb867ebb93a3358c8cfca2485524eb9862c2;O2094866;1997056;2025-06-27 17:50:00;CHICAGO;IL;60625;M;26;IL;SAFETY BELT USED;NOT APPLICABLE;NONE;NO INDICATION OF INJURY;NONE;NOT OBSCURED;NORMAL;TEST NOT OFFERED;;;DRIVER;;;;;;;;
9c261d83a81af254497a896f3c8170cb171c36aeb71e3afcc3c3f812ad97b5f88209b71184f25e171c132d19068abb867ebb93a3358c8cfca2485524eb9862c2;O2094867;1997058;2025-06-27 17:50:00;BROADVIEW;IL;60155;M;33;IL;SAFETY BELT USED;NOT APPLICABLE;NONE;NO INDICATION OF INJURY;IMPROPER PASSING;UNKNOWN;NORMAL;TEST NOT OFFERED;;;DRIVER;;;;;;;;
1ac3d6b110ce5db5a80e29ccb744a845d3dbb1d6ac973264010da05cb9dc538fa5efef0f245db29a249f7274e73db098a1b0babd21c1d9d68a9ed60575b7e302;O2094840;1997026;2025-06-27 17:47:00;CHICAGO;IL;60656;M;19;;SAFETY BELT USED;NOT APPLICABLE;NONE;NO INDICATION OF INJURY;FOLLOWED TOO CLOSELY;NOT OBSCURED;NORMAL;TEST NOT OFFERED;;;DRIVER;;;;;;;;
1ac3d6b110ce5db5a80e29ccb744a845d3dbb1d6ac973264010da05cb9dc538fa5efef0f245db29a249f7274e73db098a1b0babd21c1d9d68a9ed60575b7e302;O2094841;1997030;2025-06-27 17:47:00;CHICAGO;IL;60630;M;21;IL;SAFETY BELT USED;DID NOT DEPLOY;NONE;NO INDICATION OF INJURY;NONE;NOT OBSCURED;NORMAL;TEST NOT OFFERED;;;DRIVER;;;;;;;;
0dbafb14fba6509784247ee52fbe96797b90254f56478f0804040e2a1ab5e41accc630cfaf2dfc0a4ccf667200449d7d9e10d64e4c635b1e678a12b3559d9e9d;O2094832;1997034;2025-06-27 17:45:00;;;;M;;;USAGE UNKNOWN;DEPLOYMENT UNKNOWN;UNKNOWN;NO INDICATION OF INJURY;IMPROPER PASSING;UNKNOWN;UNKNOWN;TEST NOT OFFERED;;;DRIVER;;;;;;;;
6a41a3fdf62dc2e46a2eb2b996236131a32a7705a7e1cb3ce31833dca1e009a673be432e0995069625f978271344fe3dd7b0ac88a5ed6087cc3ca97b8697957d;O2094844;1997041;2025-06-27 17:45:00;;;;F;29;IL;SAFETY BELT USED;DID NOT DEPLOY;NONE;NO INDICATION OF INJURY;IMPROPER BACKING;NOT OBSCURED;NORMAL;TEST NOT OFFERED;;;DRIVER;;;;;;;;
6a41a3fdf62dc2e46a2eb2b996236131a32a7705a7e1cb3ce31833dca1e009a673be432e0995069625f978271344fe3dd7b0ac88a5ed6087cc3ca97b8697957d;O2094845;1997029;2025-06-27 17:45:00;;;;M;45;IL;SAFETY BELT USED;NOT APPLICABLE;NONE;NO INDICATION OF INJURY;NONE;NOT OBSCURED;NORMAL;TEST NOT OFFERED;;;DRIVER;;;;;;;;
6a41a3fdf62dc2e46a2eb2b996236131a32a7705a7e1cb3ce31833dca1e009a673be432e0995069625f978271344fe3dd7b0ac88a5ed6087cc3ca97b8697957d;P462393;1997029;2025-06-27 17:45:00;;;;F;;;CHILD RESTRAINT - FORWARD FACING;NOT APPLICABLE;NONE;NO INDICATION OF INJURY;;;;;;;PASSENGER;;;;;;;;
6a41a3fdf62dc2e46a2eb2b996236131a32a7705a7e1cb3ce31833dca1e009a673be432e0995069625f978271344fe3dd7b0ac88a5ed6087cc3ca97b8697957d;P462395;1997029;2025-06-27 17:45:00;;;;F;;;CHILD RESTRAINT - FORWARD FACING;DID NOT DEPLOY;NONE;NO INDICATION OF INJURY;;;;;;;PASSENGER;;;;;;;;
f94fb9721db0469d667eedc09b457d043c3c39924b9b12929d78c8166417f9cb2a3240afbacaab42d806e7d9ef5dfab300a247f103eefb240163d6790ddec383;O2094812;;2025-06-27 17:45:00;CHICAGO;IL;;F;35;;BICYCLE HELMET (PEDACYCLIST INVOLVED ONLY);;TOTALLY EJECTED;NONINCAPACITATING INJURY;NONE;UNKNOWN;NORMAL;TEST NOT OFFERED;;;BICYCLE;;;;;;;;
f94fb9721db0469d667eedc09b457d043c3c39924b9b12929d78c8166417f9cb2a3240afbacaab42d806e7d9ef5dfab300a247f103eefb240163d6790ddec383;P462379;1997002;2025-06-27 17:45:00;CHICAGO;IL;;F;31;;USAGE UNKNOWN;DEPLOYMENT UNKNOWN;UNKNOWN;NO INDICATION OF INJURY;;;;;;;PASSENGER;;;;;;;;
f94fb9721db0469d667eedc09b457d043c3c39924b9b12929d78c8166417f9cb2a3240afbacaab42d806e7d9ef5dfab300a247f103eefb240163d6790ddec383;P462383;1997002;2025-06-27 17:45:00;SKOKIE;IL;60076;F;32;;USAGE UNKNOWN;NOT APPLICABLE;NONE;NO INDICATION OF INJURY;;;;;;;PASSENGER;;;;;;;;
4e24fa649a7543ebcd7ec83015b84e52108e9057425e9213922d80d456d7f579007437d41c657c776c72b4199ac2a129b46daefe3623351018aaeb759a5744b7;O2094890;1997078;2025-06-27 17:40:00;CHICAGO;IL;60808;M;32;IL;USAGE UNKNOWN;DEPLOYMENT UNKNOWN;UNKNOWN;NO INDICATION OF INJURY;UNKNOWN;UNKNOWN;UNKNOWN;TEST NOT OFFERED;;;DRIVER;;;;;;;;
4e24fa649a7543ebcd7ec83015b84e52108e9057425e9213922d80d456d7f579007437d41c657c776c72b4199ac2a129b46daefe3623351018aaeb759a5744b7;O2094891;1997082;2025-06-27 17:40:00;SCHAUMBURG;IL;60173;M;26;OH;USAGE UNKNOWN;DEPLOYMENT UNKNOWN;UNKNOWN;NO INDICATION OF INJURY;UNKNOWN;UNKNOWN;UNKNOWN;TEST NOT OFFERED;;;DRIVER;;;;;;;;
97aa1bd61d852330cc7694e987f41e23f5a716dab298112539fd6f96a617ee54f5e1ba94fd087ab9ca8475111b3da257d1c39b0cc66605d9f995478502882ed0;O2094821;1997014;2025-06-27 17:39:00;CHICAGO;IL;60638;F;33;IL;USAGE UNKNOWN;NOT APPLICABLE;NONE;NO INDICATION OF INJURY;IMPROPER LANE CHANGE;UNKNOWN;NORMAL;TEST NOT OFFERED;;;DRIVER;;;;;;;;
97aa1bd61d852330cc7694e987f41e23f5a716dab298112539fd6f96a617ee54f5e1ba94fd087ab9ca8475111b3da257d1c39b0cc66605d9f995478502882ed0;O2094822;1997023;2025-06-27 17:39:00;CHICAGO;IL;60632;M;;IL;USAGE UNKNOWN;NOT APPLICABLE;NONE;NO INDICATION OF INJURY;NONE;UNKNOWN;NORMAL;TEST NOT OFFERED;;;DRIVER;;;;;;;;
6223acead05ad6c77975ca49fda76956e3c02a856612d48c1c4a311afe3f45e15d57921fff3424beb71f92fa2bd6c834f7a5b9df8f27189f6a33a5a75841f0d2;O2094834;;2025-06-27 17:38:00;CHICAGO;IL;60608;M;32;;HELMET NOT USED;;UNKNOWN;NONINCAPACITATING INJURY;IMPROPER PASSING;NOT OBSCURED;NORMAL;TEST NOT OFFERED;;;BICYCLE;;;COOK COUNTY HEALTH;;CFD;;;
6223acead05ad6c77975ca49fda76956e3c02a856612d48c1c4a311afe3f45e15d57921fff3424beb71f92fa2bd6c834f7a5b9df8f27189f6a33a5a75841f0d2;O2094835;1997042;2025-06-27 17:38:00;CHICAGO;IL;60618;M;28;IL;SAFETY BELT USED;NOT APPLICABLE;NONE;NO INDICATION OF INJURY;NONE;NOT OBSCURED;NORMAL;TEST NOT OFFERED;;;DRIVER;;;;;;;;
452672977aec72d1d1eed58c21c9120d57012705616659683e970512b19f7499e9f2476c8063499b06840eb585c44939c05f9ff4a5ad16c2258a9ec340541238;O2094819;1997009;2025-06-27 17:30:00;;;;M;;;USAGE UNKNOWN;DEPLOYMENT UNKNOWN;UNKNOWN;NO INDICATION OF INJURY;UNKNOWN;UNKNOWN;UNKNOWN;TEST NOT OFFERED;;;DRIVER;;;;;;;;
452672977aec72d1d1eed58c21c9120d57012705616659683e970512b19f7499e9f2476c8063499b06840eb585c44939c05f9ff4a5ad16c2258a9ec340541238;O2094820;1997015;2025-06-27 17:30:00;CHICAGO;IL;60649;M;13;IL;USAGE UNKNOWN;DID NOT DEPLOY;NONE;NO INDICATION OF INJURY;UNKNOWN;UNKNOWN;NORMAL;TEST NOT OFFERED;;;DRIVER;;;;;;;;
45c866439bf7d18616547a0900b89c81f8b561a5e952f75a23c03ca700a65870a89d91c3bd77afa78a990176dd22ad2f4022befe55e42997d56a0fdd429318d9;O2094846;1997031;2025-06-27 17:30:00;CHICAGO;IL;60609;F;48;IL;SAFETY BELT USED;DID NOT DEPLOY;NONE;NO INDICATION OF INJURY;UNKNOWN;NOT OBSCURED;NORMAL;TEST NOT OFFERED;;;DRIVER;;;;;;;;
be8223c888a2d9f0213fc245d753cfdb3ca35ec3d367c7e8deae266404c6911786c95741a1f3d65a5d97af7fae45ed95e69f8157fe078dcf1af8847fee6356ec;O2094773;1996953;2025-06-27 17:30:00;;;;X;;XX;USAGE UNKNOWN;DEPLOYMENT UNKNOWN;NONE;NO INDICATION OF INJURY;OTHER;UNKNOWN;UNKNOWN;TEST NOT OFFERED;;;DRIVER;;;;;;;;
eb48a3c7bbd460da38b2a326bc3c4b2223c93db0bb3be34fa737b8f5376bb1a8c98bb47ee151f9a746d7cc4341a7754a70302fabd700f7c8866d57939fbae359;O2094892;1997081;2025-06-27 17:30:00;CHICAGO;IL;60639;M;35;IL;USAGE UNKNOWN;NOT APPLICABLE;UNKNOWN;NO INDICATION OF INJURY;UNKNOWN;UNKNOWN;NORMAL;TEST NOT OFFERED;;;DRIVER;;;;;;;;
eb48a3c7bbd460da38b2a326bc3c4b2223c93db0bb3be34fa737b8f5376bb1a8c98bb47ee151f9a746d7cc4341a7754a70302fabd700f7c8866d57939fbae359;O2094893;1997087;2025-06-27 17:30:00;CHICAGO;IL;60613;M;;;USAGE UNKNOWN;NOT APPLICABLE;UNKNOWN;NO INDICATION OF INJURY;UNKNOWN;UNKNOWN;UNKNOWN;TEST NOT OFFERED;;;DRIVER;;;;;;;;
adf5e32b2e6179185014b92231e98b5c20299807965b3f30a769519680a378f6171118913bf2a243743499589546c28544856ab7928b670caa2015ad0b7f388a;O2094800;1996980;2025-06-27 17:25:00;SCHAUMBURG;IL;60194;M;23;IL;USAGE UNKNOWN;DEPLOYMENT UNKNOWN;UNKNOWN;NO INDICATION OF INJURY;OTHER;UNKNOWN;NORMAL;TEST NOT OFFERED;;;DRIVER;;;;;;;;
adf5e32b2e6179185014b92231e98b5c20299807965b3f30a769519680a378f6171118913bf2a243743499589546c28544856ab7928b670caa2015ad0b7f388a;O2094801;1996987;2025-06-27 17:25:00;CHICAGO;IL;60614;F;43;IL;USAGE UNKNOWN;DEPLOYMENT UNKNOWN;UNKNOWN;NO INDICATION OF INJURY;OTHER;UNKNOWN;NORMAL;TEST NOT OFFERED;;;DRIVER;;;;;;;;
4619bf8d6bf93ea364f2e49d2e0320fea42607526c538835923b850aaa8526023bc9d9d7975b2f75cf0050ef8c7ac425c2214cbafd47500720a942ed9db60838;O2094836;1997020;2025-06-27 17:24:00;;;;M;;;USAGE UNKNOWN;DEPLOYMENT UNKNOWN;NONE;NO INDICATION OF INJURY;IMPROPER TURN;UNKNOWN;UNKNOWN;TEST NOT OFFERED;;;DRIVER;;;;;;;;
4619bf8d6bf93ea364f2e49d2e0320fea42607526c538835923b850aaa8526023bc9d9d7975b2f75cf0050ef8c7ac425c2214cbafd47500720a942ed9db60838;O2094837;1997028;2025-06-27 17:24:00;CHICAGO;IL;60623;M;28;IL;SAFETY BELT USED;NOT APPLICABLE;NONE;NO INDICATION OF INJURY;NONE;NOT OBSCURED;NORMAL;TEST NOT OFFERED;;;DRIVER;;;;;;;;
5108038276d9bdf86931fe63628b48b53d0a825f754648864f1859d40cf651b15bc46237ac14605613c70223537fef331cbb52241476d10c2e4bd9369d8f4d73;O2094817;1997004;2025-06-27 17:24:00;CHICAGO;IL;60623;F;40;IL;USAGE UNKNOWN;DID NOT DEPLOY;NONE;NO INDICATION OF INJURY;UNKNOWN;NOT OBSCURED;NORMAL;TEST NOT OFFERED;;;DRIVER;;;;;;;;
5108038276d9bdf86931fe63628b48b53d0a825f754648864f1859d40cf651b15bc46237ac14605613c70223537fef331cbb52241476d10c2e4bd9369d8f4d73;O2094818;1997018;2025-06-27 17:24:00;BELLS;TN;38006;M;31;TN;USAGE UNKNOWN;DID NOT DEPLOY;NONE;NO INDICATION OF INJURY;UNKNOWN;NOT OBSCURED;OTHER;TEST NOT OFFERED;;;DRIVER;;;;;;;;
5108038276d9bdf86931fe63628b48b53d0a825f754648864f1859d40cf651b15bc46237ac14605613c70223537fef331cbb52241476d10c2e4bd9369d8f4d73;P462380;1997004;2025-06-27 17:24:00;;;;;;;USAGE UNKNOWN;DID NOT DEPLOY;NONE;NO INDICATION OF INJURY;;;;;;;PASSENGER;;;;;;;;
5108038276d9bdf86931fe63628b48b53d0a825f754648864f1859d40cf651b15bc46237ac14605613c70223537fef331cbb52241476d10c2e4bd9369d8f4d73;P462382;1997004;2025-06-27 17:24:00;;;;M;;;USAGE UNKNOWN;DID NOT DEPLOY;NONE;NO INDICATION OF INJURY;;;;;;;PASSENGER;;;;;;;;
df495cb609d903165aa2554caf50691d03332668edc1bb05bd6972885b4eeb8c99ab0044049375b36453ea504eddff451c32ff00ed8968330e4612caa63ca1be;O2094943;1997137;2025-06-27 17:16:00;CHICAGO;IL;60644;M;;;USAGE UNKNOWN;DEPLOYMENT UNKNOWN;UNKNOWN;NO INDICATION OF INJURY;IMPROPER LANE CHANGE;UNKNOWN;UNKNOWN;TEST NOT OFFERED;;;DRIVER;;;;;;;;
df495cb609d903165aa2554caf50691d03332668edc1bb05bd6972885b4eeb8c99ab0044049375b36453ea504eddff451c32ff00ed8968330e4612caa63ca1be;O2094944;1997144;2025-06-27 17:16:00;CHICAGO;IL;60615;M;39;IL;USAGE UNKNOWN;DEPLOYMENT UNKNOWN;UNKNOWN;NO INDICATION OF INJURY;NONE;NOT OBSCURED;NORMAL;TEST NOT OFFERED;;;DRIVER;;;;;;;;
df495cb609d903165aa2554caf50691d03332668edc1bb05bd6972885b4eeb8c99ab0044049375b36453ea504eddff451c32ff00ed8968330e4612caa63ca1be;P462426;1997137;2025-06-27 17:16:00;;;;F;;;USAGE UNKNOWN;DEPLOYMENT UNKNOWN;UNKNOWN;NO INDICATION OF INJURY;;;;;;;PASSENGER;;;;;;;;
c6a0f1d2381077ffa4f624bf11fee1dca3c1c5ae8d5fdf98424437adfe2d3e2ac99ffad1dcf5183a9ef60b568f2b92ede5f6f290a6e32da71f05231b5f1389b1;O2094792;1996968;2025-06-27 17:15:00;;;;F;;;USAGE UNKNOWN;DEPLOYMENT UNKNOWN;UNKNOWN;NO INDICATION OF INJURY;UNKNOWN;UNKNOWN;UNKNOWN;TEST NOT OFFERED;;;DRIVER;;;;;;;;
c6a0f1d2381077ffa4f624bf11fee1dca3c1c5ae8d5fdf98424437adfe2d3e2ac99ffad1dcf5183a9ef60b568f2b92ede5f6f290a6e32da71f05231b5f1389b1;O2094793;1996977;2025-06-27 17:15:00;CHICAGO;IL;60612;M;31;IL;USAGE UNKNOWN;DEPLOYMENT UNKNOWN;UNKNOWN;NO INDICATION OF INJURY;UNKNOWN;UNKNOWN;UNKNOWN;TEST NOT OFFERED;;;DRIVER;;;;;;;;
c6a0f1d2381077ffa4f624bf11fee1dca3c1c5ae8d5fdf98424437adfe2d3e2ac99ffad1dcf5183a9ef60b568f2b92ede5f6f290a6e32da71f05231b5f1389b1;P462376;1996977;2025-06-27 17:15:00;;IL;;F;29;;USAGE UNKNOWN;DEPLOYMENT UNKNOWN;UNKNOWN;NO INDICATION OF INJURY;;;;;;;PASSENGER;;;;;;;;
a5db998b68a23588bc534ff7d890dcfff5c006314a35f8be3bbbd92d387aebff528dca839644d38128389e84795f9f8d2ed5971eb67f514931cd293da21768e3;O2094743;1996932;2025-06-27 17:08:00;WEST CHICAGO;IL;60185;M;24;IL;SAFETY BELT USED;DID NOT DEPLOY;NONE;NO INDICATION OF INJURY;UNKNOWN;NOT OBSCURED;NORMAL;TEST NOT OFFERED;;;DRIVER;;;;;;;;
517cfa83fcdf8f1c1362aa2fe61bd5e0be9ce30eedd4799096843b50dec8d72108c1e1477a59314af85670f6d5698d891e228447eceed74006b80fbea7282c93;O2094785;1996965;2025-06-27 17:06:00;;;;X;;;USAGE UNKNOWN;DEPLOYMENT UNKNOWN;NONE;NO INDICATION OF INJURY;UNKNOWN;UNKNOWN;UNKNOWN;TEST NOT OFFERED;;;DRIVER;;;;;;;;
517cfa83fcdf8f1c1362aa2fe61bd5e0be9ce30eedd4799096843b50dec8d72108c1e1477a59314af85670f6d5698d891e228447eceed74006b80fbea7282c93;O2094786;1997012;2025-06-27 17:06:00;CHICAGO;;60616;F;52;IL;SAFETY BELT USED;DID NOT DEPLOY;NONE;NO INDICATION OF INJURY;NONE;NOT OBSCURED;NORMAL;TEST NOT OFFERED;;;DRIVER;;;;;;;;
517cfa83fcdf8f1c1362aa2fe61bd5e0be9ce30eedd4799096843b50dec8d72108c1e1477a59314af85670f6d5698d891e228447eceed74006b80fbea7282c93;P462386;1997012;2025-06-27 17:06:00;UNK;XX;UNK;M;;;SAFETY BELT USED;DID NOT DEPLOY;NONE;NO INDICATION OF INJURY;;;;;;;PASSENGER;;;;;;;;
3d1a97bbea951a337f89f68369790d57b7df814c7dbf65c74d9c2344a069aa559f55ca35d80e2ade1dcf74da8f8a04edd768e66085b1ccbfd1fb3ad40003cc74;O2094870;1997061;2025-06-27 17:05:00;CHICAGO;IL;60707;M;24;IL;USAGE UNKNOWN;DID NOT DEPLOY;NONE;NO INDICATION OF INJURY;NONE;UNKNOWN;UNKNOWN;TEST NOT OFFERED;;;DRIVER;;;;;;;;
3d1a97bbea951a337f89f68369790d57b7df814c7dbf65c74d9c2344a069aa559f55ca35d80e2ade1dcf74da8f8a04edd768e66085b1ccbfd1fb3ad40003cc74;O2094871;1997066;2025-06-27 17:05:00;CHICAGO;IL;60634;F;28;IL;USAGE UNKNOWN;DID NOT DEPLOY;NONE;NO INDICATION OF INJURY;NONE;UNKNOWN;UNKNOWN;TEST NOT OFFERED;;;DRIVER;;;;;;;;
3d1a97bbea951a337f89f68369790d57b7df814c7dbf65c74d9c2344a069aa559f55ca35d80e2ade1dcf74da8f8a04edd768e66085b1ccbfd1fb3ad40003cc74;P462404;1997066;2025-06-27 17:05:00;;;;F;;;SAFETY BELT USED;DID NOT DEPLOY;NONE;NO INDICATION OF INJURY;;;;;;;PASSENGER;;;;;;;;
3d1a97bbea951a337f89f68369790d57b7df814c7dbf65c74d9c2344a069aa559f55ca35d80e2ade1dcf74da8f8a04edd768e66085b1ccbfd1fb3ad40003cc74;P462405;1997066;2025-06-27 17:05:00;;IL;;F;;;SAFETY BELT USED;DID NOT DEPLOY;NONE;NO INDICATION OF INJURY;;;;;;;PASSENGER;;;;;;;;
3d1a97bbea951a337f89f68369790d57b7df814c7dbf65c74d9c2344a069aa559f55ca35d80e2ade1dcf74da8f8a04edd768e66085b1ccbfd1fb3ad40003cc74;P462406;1997066;2025-06-27 17:05:00;;;;M;;;SAFETY BELT USED;DID NOT DEPLOY;NONE;NO INDICATION OF INJURY;;;;;;;PASSENGER;;;;;;;;
f5a3f787c4e080dd3a4484e866a5f0066a389a501ee8bffdf06adf26df84db938e6523c3f44dd4b79cc09eda2e8a5eabf738701268183106647c1e0dcd0d5a7a;O2094787;1997007;2025-06-27 17:03:00;CHICAGO;IL;60642;M;31;IL;NONE PRESENT;NOT APPLICABLE;NONE;NO INDICATION OF INJURY;NONE;NOT OBSCURED;NORMAL;TEST NOT OFFERED;;;DRIVER;;;;;;;;
31756111c7f8f5b8242ced388639b6dd295fc44cd8e429a2cb53d765da634d6a99f8ade36cd90f87d441058757b7d5d170bfd6094c4f84f3fe46b58d2c52bae0;O2094781;1996956;2025-06-27 17:00:00;BERWYN;IL;60402;F;33;IL;USAGE UNKNOWN;DID NOT DEPLOY;NONE;NO INDICATION OF INJURY;UNKNOWN;NOT OBSCURED;UNKNOWN;TEST NOT OFFERED;;;DRIVER;;;;;;;;
31756111c7f8f5b8242ced388639b6dd295fc44cd8e429a2cb53d765da634d6a99f8ade36cd90f87d441058757b7d5d170bfd6094c4f84f3fe46b58d2c52bae0;O2094782;1996966;2025-06-27 17:00:00;CHICAGO;IL;60623;M;59;IL;USAGE UNKNOWN;DID NOT DEPLOY;NONE;NO INDICATION OF INJURY;UNKNOWN;NOT OBSCURED;UNKNOWN;TEST NOT OFFERED;;;DRIVER;;;;;;;;
31756111c7f8f5b8242ced388639b6dd295fc44cd8e429a2cb53d765da634d6a99f8ade36cd90f87d441058757b7d5d170bfd6094c4f84f3fe46b58d2c52bae0;P462370;1996956;2025-06-27 17:00:00;CHICAGO;IL;60624;F;31;;USAGE UNKNOWN;DID NOT DEPLOY;NONE;NO INDICATION OF INJURY;;;;;;;PASSENGER;;;REFUSED;;REFUSED;;;
b5d3ccc2432aeae4029f7a79293b5d14b7fa313d8a067146587e81055152b106630d853c5fed5cd5686ffe02a442a61343a4b1eca6dcd9ac945e91111f33acfe;O2094777;1996960;2025-06-27 17:00:00;CHICAGO;IL;60641;M;50;IL;SAFETY BELT USED;DID NOT DEPLOY;NONE;NO INDICATION OF INJURY;FAILED TO YIELD;NOT OBSCURED;NORMAL;TEST NOT OFFERED;;;DRIVER;;;;;;;;
b5d3ccc2432aeae4029f7a79293b5d14b7fa313d8a067146587e81055152b106630d853c5fed5cd5686ffe02a442a61343a4b1eca6dcd9ac945e91111f33acfe;O2094778;1996974;2025-06-27 17:00:00;CARPENTERSVILLE;IL;60110;F;29;IL;SAFETY BELT USED;DID NOT DEPLOY;NONE;NO INDICATION OF INJURY;NONE;NOT OBSCURED;NORMAL;TEST NOT OFFERED;;;DRIVER;;;;;;;;
b5d3ccc2432aeae4029f7a79293b5d14b7fa313d8a067146587e81055152b106630d853c5fed5cd5686ffe02a442a61343a4b1eca6dcd9ac945e91111f33acfe;P462371;1996974;2025-06-27 17:00:00;CARPENTERSVILLE;IL;60110;F;8;;SAFETY BELT USED;DID NOT DEPLOY;NONE;NO INDICATION OF INJURY;;;;;;;PASSENGER;;;;;;;;
b6a5689e93394c8917befe530c7ff221814e600e12722d0d3ebf52135d34375d8a00ea80e9fb860c3053c23e31622bd6c792a6e8c8e05fd27ebb85b76ab1f295;O2094802;1996990;2025-06-27 17:00:00;PARK RIDGE;IL;;M;60;IL;USAGE UNKNOWN;DID NOT DEPLOY;NONE;NO INDICATION OF INJURY;UNKNOWN;UNKNOWN;NORMAL;TEST NOT OFFERED;;;DRIVER;;;;;;;;
b6a5689e93394c8917befe530c7ff221814e600e12722d0d3ebf52135d34375d8a00ea80e9fb860c3053c23e31622bd6c792a6e8c8e05fd27ebb85b76ab1f295;O2094803;1997003;2025-06-27 17:00:00;CHICAGO;IL;60626;M;25;IL;USAGE UNKNOWN;DID NOT DEPLOY;NONE;NO INDICATION OF INJURY;UNKNOWN;UNKNOWN;NORMAL;TEST NOT OFFERED;;;DRIVER;;;;;;;;
b6a5689e93394c8917befe530c7ff221814e600e12722d0d3ebf52135d34375d8a00ea80e9fb860c3053c23e31622bd6c792a6e8c8e05fd27ebb85b76ab1f295;P462387;1997003;2025-06-27 17:00:00;;IL;;F;;;USAGE UNKNOWN;DID NOT DEPLOY;NONE;NO INDICATION OF INJURY;;;;;;;PASSENGER;;;;;;;;
b6a5689e93394c8917befe530c7ff221814e600e12722d0d3ebf52135d34375d8a00ea80e9fb860c3053c23e31622bd6c792a6e8c8e05fd27ebb85b76ab1f295;P462388;1997003;2025-06-27 17:00:00;;;;;;;USAGE UNKNOWN;DID NOT DEPLOY;NONE;NO INDICATION OF INJURY;;;;;;;PASSENGER;;;;;;;;
b6a5689e93394c8917befe530c7ff221814e600e12722d0d3ebf52135d34375d8a00ea80e9fb860c3053c23e31622bd6c792a6e8c8e05fd27ebb85b76ab1f295;P462389;1997003;2025-06-27 17:00:00;;;;;;;USAGE UNKNOWN;DID NOT DEPLOY;NONE;NO INDICATION OF INJURY;;;;;;;PASSENGER;;;;;;;;
b6a5689e93394c8917befe530c7ff221814e600e12722d0d3ebf52135d34375d8a00ea80e9fb860c3053c23e31622bd6c792a6e8c8e05fd27ebb85b76ab1f295;P462390;1997003;2025-06-27 17:00:00;;;;;;;USAGE UNKNOWN;DID NOT DEPLOY;NONE;NO INDICATION OF INJURY;;;;;;;PASSENGER;;;;;;;;
b6a5689e93394c8917befe530c7ff221814e600e12722d0d3ebf52135d34375d8a00ea80e9fb860c3053c23e31622bd6c792a6e8c8e05fd27ebb85b76ab1f295;P462391;1997003;2025-06-27 17:00:00;;;;F;;;USAGE UNKNOWN;DID NOT DEPLOY;NONE;NO INDICATION OF INJURY;;;;;;;PASSENGER;;;;;;;;
b6a5689e93394c8917befe530c7ff221814e600e12722d0d3ebf52135d34375d8a00ea80e9fb860c3053c23e31622bd6c792a6e8c8e05fd27ebb85b76ab1f295;P462392;1997003;2025-06-27 17:00:00;;;;M;;;USAGE UNKNOWN;DID NOT DEPLOY;NONE;NO INDICATION OF INJURY;;;;;;;PASSENGER;;;;;;;;
fa3f8213f17fdbe30c14075881ea771045d4f9f5379ebb2bc357af5034b5f670c38f7b12ef98beb5c736e8987ec4162e7612e9939390a62be751f0d7fa642567;O2094826;1997033;2025-06-27 17:00:00;CHICAGO;IL;60651;M;54;IL;USAGE UNKNOWN;DID NOT DEPLOY;NONE;NO INDICATION OF INJURY;NONE;UNKNOWN;UNKNOWN;TEST NOT OFFERED;;;DRIVER;;;;;;;;
fa3f8213f17fdbe30c14075881ea771045d4f9f5379ebb2bc357af5034b5f670c38f7b12ef98beb5c736e8987ec4162e7612e9939390a62be751f0d7fa642567;O2094827;1997040;2025-06-27 17:00:00;CHICAGO;IL;60639;M;43;IL;USAGE UNKNOWN;DID NOT DEPLOY;NONE;NO INDICATION OF INJURY;NONE;NOT OBSCURED;UNKNOWN;TEST NOT OFFERED;;;DRIVER;;;;;;;;
892b8ae82ff5d2c590e20d23aa6b579df0e040d48311db1c4d5273db58173697a4068076873b4eacef41b19ac73f9321ab922fdc632adccd68a9ad0f670acf0a;O2094749;1996943;2025-06-27 16:51:00;BERWYN;IL;60402;M;24;IL;SAFETY BELT USED;DID NOT DEPLOY;NONE;NO INDICATION OF INJURY;OTHER;OTHER;NORMAL;TEST NOT OFFERED;;;DRIVER;;;;;;;;
91788b020092b7c346afe2668c9ad199f78c22508ea1bfa506f7deabcbac89986e53efb7326554813562547fc83ecb16fcc384806b632a8ea2516c5295d9955f;O2094783;1996964;2025-06-27 16:50:00;;;;F;;;USAGE UNKNOWN;DEPLOYMENT UNKNOWN;NONE;NO INDICATION OF INJURY;FAILED TO YIELD;UNKNOWN;UNKNOWN;TEST NOT OFFERED;;;DRIVER;;;;;;;;
91788b020092b7c346afe2668c9ad199f78c22508ea1bfa506f7deabcbac89986e53efb7326554813562547fc83ecb16fcc384806b632a8ea2516c5295d9955f;O2094784;1996978;2025-06-27 16:50:00;CHICAGO;IL;60639;F;28;IL;USAGE UNKNOWN;DID NOT DEPLOY;NONE;NO INDICATION OF INJURY;NONE;NOT OBSCURED;UNKNOWN;TEST NOT OFFERED;;;DRIVER;;;;;;;;
91788b020092b7c346afe2668c9ad199f78c22508ea1bfa506f7deabcbac89986e53efb7326554813562547fc83ecb16fcc384806b632a8ea2516c5295d9955f;P462369;1996964;2025-06-27 16:50:00;;;;X;;;USAGE UNKNOWN;NOT APPLICABLE;NONE;NO INDICATION OF INJURY;;;;;;;PASSENGER;;;;;;;;
91788b020092b7c346afe2668c9ad199f78c22508ea1bfa506f7deabcbac89986e53efb7326554813562547fc83ecb16fcc384806b632a8ea2516c5295d9955f;P462373;1996978;2025-06-27 16:50:00;;;;M;40;;USAGE UNKNOWN;DID NOT DEPLOY;NONE;NO INDICATION OF INJURY;;;;;;;PASSENGER;;;;;;;;
91788b020092b7c346afe2668c9ad199f78c22508ea1bfa506f7deabcbac89986e53efb7326554813562547fc83ecb16fcc384806b632a8ea2516c5295d9955f;P462374;1996978;2025-06-27 16:50:00;;;;M;;;USAGE UNKNOWN;DID NOT DEPLOY;NONE;NO INDICATION OF INJURY;;;;;;;PASSENGER;;;;;;;;
91788b020092b7c346afe2668c9ad199f78c22508ea1bfa506f7deabcbac89986e53efb7326554813562547fc83ecb16fcc384806b632a8ea2516c5295d9955f;P462375;1996978;2025-06-27 16:50:00;;;;M;;;USAGE UNKNOWN;DID NOT DEPLOY;NONE;NO INDICATION OF INJURY;;;;;;;PASSENGER;;;;;;;;
89206bc10031f46f312f80e0d6d7b07eceae8667b892058ad7ef54bae2444858c002130406b27e96eaf2a2e340e198542cb9ae98977b420f9ad870d1f483bcdd;O2094775;1996959;2025-06-27 16:47:00;CHICAGO;IL;60620;M;31;IL;USAGE UNKNOWN;NOT APPLICABLE;NONE;NO INDICATION OF INJURY;FOLLOWED TOO CLOSELY;UNKNOWN;NORMAL;TEST NOT OFFERED;;;DRIVER;;;;;;;;
89206bc10031f46f312f80e0d6d7b07eceae8667b892058ad7ef54bae2444858c002130406b27e96eaf2a2e340e198542cb9ae98977b420f9ad870d1f483bcdd;O2094776;1996975;2025-06-27 16:47:00;CHICAGO;IL;60628;F;38;IL;USAGE UNKNOWN;NOT APPLICABLE;NONE;NO INDICATION OF INJURY;OTHER;UNKNOWN;NORMAL;TEST NOT OFFERED;;;DRIVER;;;;;;;;
88adef10c0706789123c4513825030189240f12f34c881e1696326d55c289e79949932a69a5bae75e30fce9af048a9009dd37ebda5190be15278936ac483bd85;O2094796;1996985;2025-06-27 16:45:00;CHICAGO;IL;;M;35;IL;NONE PRESENT;NOT APPLICABLE;NONE;NO INDICATION OF INJURY;FAILED TO YIELD;UNKNOWN;NORMAL;TEST NOT OFFERED;;;DRIVER;;;;;;;;
88adef10c0706789123c4513825030189240f12f34c881e1696326d55c289e79949932a69a5bae75e30fce9af048a9009dd37ebda5190be15278936ac483bd85;O2094797;1997008;2025-06-27 16:45:00;;;;F;0;IL;SAFETY BELT USED;NOT APPLICABLE;NONE;NO INDICATION OF INJURY;NONE;OTHER;NORMAL;TEST REFUSED;;;DRIVER;;;;;;;;
24fc57f1de173cb9b86be67b597abf41438e2c8b0084f174436fe657a3260a4dc67ae7211b116b5ec1e7cb1c36e471e6c9d3b5430dea5514a77e941f7e9fafcd;O2094762;1996954;2025-06-27 16:41:00;CHICAGO;IL;60656;F;55;IL;USAGE UNKNOWN;NOT APPLICABLE;NONE;NO INDICATION OF INJURY;FAILED TO YIELD;UNKNOWN;UNKNOWN;TEST NOT OFFERED;;;DRIVER;;;;;;;;
24fc57f1de173cb9b86be67b597abf41438e2c8b0084f174436fe657a3260a4dc67ae7211b116b5ec1e7cb1c36e471e6c9d3b5430dea5514a77e941f7e9fafcd;O2094763;1996972;2025-06-27 16:41:00;CHICAGO;IL;60639;M;52;IL;USAGE UNKNOWN;NOT APPLICABLE;NONE;NO INDICATION OF INJURY;UNKNOWN;NOT OBSCURED;NORMAL;TEST NOT OFFERED;;;DRIVER;;;;;;;;
2dab21fe19e45142a26a8b6c76026f390bc54687f99c157bc5b6c0054afa2a60de4771b5a4832b196ee5f7c9c0fa7964e2a5c13358d6edea886dbb557eea3432;O2094823;1997022;2025-06-27 16:30:00;;;;X;;;USAGE UNKNOWN;DEPLOYMENT UNKNOWN;NONE;NO INDICATION OF INJURY;UNKNOWN;UNKNOWN;UNKNOWN;TEST NOT OFFERED;;;DRIVER;;;;;;;;
2dab21fe19e45142a26a8b6c76026f390bc54687f99c157bc5b6c0054afa2a60de4771b5a4832b196ee5f7c9c0fa7964e2a5c13358d6edea886dbb557eea3432;O2094825;1997032;2025-06-27 16:30:00;CHGO;IL;60639;M;;IL;USAGE UNKNOWN;DID NOT DEPLOY;NONE;NO INDICATION OF INJURY;UNKNOWN;NOT OBSCURED;NORMAL;TEST NOT OFFERED;;;DRIVER;;;;;;;;
2dab21fe19e45142a26a8b6c76026f390bc54687f99c157bc5b6c0054afa2a60de4771b5a4832b196ee5f7c9c0fa7964e2a5c13358d6edea886dbb557eea3432;P462398;1997024;2025-06-27 16:30:00;;;;F;;;USAGE UNKNOWN;DID NOT DEPLOY;NONE;NO INDICATION OF INJURY;;;;;;;PASSENGER;;;;;;;;
2dab21fe19e45142a26a8b6c76026f390bc54687f99c157bc5b6c0054afa2a60de4771b5a4832b196ee5f7c9c0fa7964e2a5c13358d6edea886dbb557eea3432;P462399;1997024;2025-06-27 16:30:00;;;;F;;;USAGE UNKNOWN;DID NOT DEPLOY;NONE;NO INDICATION OF INJURY;;;;;;;PASSENGER;;;;;;;;
9480d71f79e2b42a97587e365eb82e8177b3de93c568a8cc0334aaa761719804b9c33ef4145ff73621db2cf0ac0f031358e9bb4f235a9741a7d494cb1158767b;O2094720;1996901;2025-06-27 16:28:00;CHICAGO;IL;60613;M;58;IL;SAFETY BELT USED;NOT APPLICABLE;NONE;NO INDICATION OF INJURY;OTHER;NOT OBSCURED;NORMAL;TEST NOT OFFERED;;;DRIVER;;;;;;;;
9480d71f79e2b42a97587e365eb82e8177b3de93c568a8cc0334aaa761719804b9c33ef4145ff73621db2cf0ac0f031358e9bb4f235a9741a7d494cb1158767b;O2094721;;2025-06-27 16:28:00;CHICAGO;IL;60607;M;44;;NONE PRESENT;NOT APPLICABLE;NONE;NO INDICATION OF INJURY;OTHER;NOT OBSCURED;NORMAL;TEST NOT OFFERED;;;NON-MOTOR VEHICLE;;;;;;;;
9480d71f79e2b42a97587e365eb82e8177b3de93c568a8cc0334aaa761719804b9c33ef4145ff73621db2cf0ac0f031358e9bb4f235a9741a7d494cb1158767b;P462345;1996901;2025-06-27 16:28:00;PLAINFIELD;IL;60586;M;57;;SAFETY BELT USED;DID NOT DEPLOY;NONE;NO INDICATION OF INJURY;;;;;;;PASSENGER;;;;;;;;
9480d71f79e2b42a97587e365eb82e8177b3de93c568a8cc0334aaa761719804b9c33ef4145ff73621db2cf0ac0f031358e9bb4f235a9741a7d494cb1158767b;P462346;1996901;2025-06-27 16:28:00;PLAINFIELD;IL;60586;F;47;;SAFETY BELT USED;DID NOT DEPLOY;NONE;NO INDICATION OF INJURY;;;;;;;PASSENGER;;;;;;;;
a90d81ee6ac468f68fbc07b8831a42239aaac540650117b050410448b8011a2a4de3e8131635f364aae0023cbbc21f7fcd313feb2ec763c40d4b9dc371bc1768;O2094753;1996940;2025-06-27 16:20:00;NILES;IL;60714;F;72;IL;SAFETY BELT USED;DID NOT DEPLOY;NONE;NO INDICATION OF INJURY;FAILED TO YIELD;NOT OBSCURED;NORMAL;TEST NOT OFFERED;;;DRIVER;;;REFUSED;;;;;
a90d81ee6ac468f68fbc07b8831a42239aaac540650117b050410448b8011a2a4de3e8131635f364aae0023cbbc21f7fcd313feb2ec763c40d4b9dc371bc1768;O2094754;1996949;2025-06-27 16:20:00;DES PLAINES;IL;60016;F;27;IL;SAFETY BELT USED;DID NOT DEPLOY;NONE;NO INDICATION OF INJURY;NONE;NOT OBSCURED;NORMAL;TEST NOT OFFERED;;;DRIVER;;;REFUSED;;;;;
b92e942757a57663ad33e3d44feddb60f07372acf5454cdc501a103eeaabb7557e33181c6841913b0b940d124aa6d390a932c86aa5a3d6ab4a0b9045f12596d9;O2094874;1997068;2025-06-27 16:15:00;;;;X;;XX;USAGE UNKNOWN;NOT APPLICABLE;NONE;NO INDICATION OF INJURY;UNKNOWN;UNKNOWN;UNKNOWN;TEST NOT OFFERED;;;DRIVER;;;;;;;;
cfb7126e6e106def51be64b5a59e43c5e3e687db7eb30f3d57d906a93848fc6d81aaa3396c60b0ebdd407d4046323aa355269bfec656ebdc5b91b386017be5f0;O2094719;1996905;2025-06-27 16:14:00;;;;M;51;IL;USAGE UNKNOWN;DID NOT DEPLOY;NONE;NO INDICATION OF INJURY;NONE;UNKNOWN;NORMAL;TEST NOT OFFERED;;;DRIVER;;;;;;;;
cfb7126e6e106def51be64b5a59e43c5e3e687db7eb30f3d57d906a93848fc6d81aaa3396c60b0ebdd407d4046323aa355269bfec656ebdc5b91b386017be5f0;O2094722;1996930;2025-06-27 16:14:00;;;;X;;;USAGE UNKNOWN;DEPLOYMENT UNKNOWN;UNKNOWN;NO INDICATION OF INJURY;OTHER;UNKNOWN;UNKNOWN;TEST NOT OFFERED;;;DRIVER;;;;;;;;
44474ad49dcae75fed4337f2f19f89316d5b15397583202492e40010a017dbf3c7dd52224f5565fe4302226f7d590875346ab1256cb618ef8bc2c483e3cedb4e;O2094838;1997027;2025-06-27 16:10:00;CHICAGO;IL;60622;M;43;IL;USAGE UNKNOWN;DID NOT DEPLOY;NONE;NO INDICATION OF INJURY;OTHER;UNKNOWN;UNKNOWN;TEST NOT OFFERED;;;DRIVER;;;;;;;;
44474ad49dcae75fed4337f2f19f89316d5b15397583202492e40010a017dbf3c7dd52224f5565fe4302226f7d590875346ab1256cb618ef8bc2c483e3cedb4e;O2094839;1997038;2025-06-27 16:10:00;CHICAGO;IL;60620;F;35;IL;SAFETY BELT USED;DID NOT DEPLOY;NONE;NO INDICATION OF INJURY;NONE;NOT OBSCURED;NORMAL;TEST NOT OFFERED;;;DRIVER;;;;;;;;
551f1d7e8953f88253c9abd89ac7e1d94444cf3b1ccdc46e6f8936666743f42a719a651b5fe514ed5a39056dd313aeb76bb24bce9949d47b6ae05685ff70eb40;O2094673;1996889;2025-06-27 16:10:00;;;;F;;XX;USAGE UNKNOWN;DEPLOYMENT UNKNOWN;NONE;NO INDICATION OF INJURY;OTHER;UNKNOWN;UNKNOWN;TEST NOT OFFERED;;;DRIVER;;;;;;;;
551f1d7e8953f88253c9abd89ac7e1d94444cf3b1ccdc46e6f8936666743f42a719a651b5fe514ed5a39056dd313aeb76bb24bce9949d47b6ae05685ff70eb40;O2094674;1996962;2025-06-27 16:10:00;OAK FOREST;IL;60452;M;55;IL;USAGE UNKNOWN;DID NOT DEPLOY;NONE;NO INDICATION OF INJURY;NONE;NOT OBSCURED;NORMAL;TEST NOT OFFERED;;;DRIVER;;;;;;;;
7b44344942ffac28c8d9a6162d187289df5da4347cc1a7e7640ea84b9337e4339e8a3b96b67a90c389cc6bc4c699102f462ec5f3ba0cb7caa3c1fc59568839da;O2094741;1996925;2025-06-27 16:10:00;CHICAGO;IL;60621;M;19;IL;SAFETY BELT USED;DID NOT DEPLOY;NONE;NO INDICATION OF INJURY;OTHER;NOT OBSCURED;NORMAL;TEST NOT OFFERED;;;DRIVER;;;;;;;;
7b44344942ffac28c8d9a6162d187289df5da4347cc1a7e7640ea84b9337e4339e8a3b96b67a90c389cc6bc4c699102f462ec5f3ba0cb7caa3c1fc59568839da;P462353;1996925;2025-06-27 16:10:00;;IL;;;37;;SAFETY BELT USED;DID NOT DEPLOY;NONE;NO INDICATION OF INJURY;;;;;;;PASSENGER;;;;;;;;
7b44344942ffac28c8d9a6162d187289df5da4347cc1a7e7640ea84b9337e4339e8a3b96b67a90c389cc6bc4c699102f462ec5f3ba0cb7caa3c1fc59568839da;P462355;1996925;2025-06-27 16:10:00;CHICAGO;IL;60632;M;23;;SAFETY BELT NOT USED;DID NOT DEPLOY;NONE;NO INDICATION OF INJURY;;;;;;;PASSENGER;;;;;;;;
7c8a949e78becb33baa0cbeb539915f901025963c0493bdd979107e1e0b28bda89441da399f4e086300af297b3f2250be9f38a7f9b2116adf8235cfe64bdf5f5;O2094815;1997001;2025-06-27 16:10:00;;;;F;;;USAGE UNKNOWN;NOT APPLICABLE;NONE;NO INDICATION OF INJURY;UNKNOWN;UNKNOWN;UNKNOWN;TEST NOT OFFERED;;;DRIVER;;;;;;;;
c011d926a45207ad52feed63ba7ea919e6a204c654accce04a5d24b516ed6ce87665e5ff0731c3a3ba1a13940e7798b121cedba8a241607a30521f54f10064ec;O2094976;1997161;2025-06-27 16:10:00;CHICAGO;IL;60614;M;64;IL;USAGE UNKNOWN;DID NOT DEPLOY;NONE;NO INDICATION OF INJURY;IMPROPER BACKING;NOT OBSCURED;NORMAL;TEST NOT OFFERED;;;DRIVER;;;;;;;;
c011d926a45207ad52feed63ba7ea919e6a204c654accce04a5d24b516ed6ce87665e5ff0731c3a3ba1a13940e7798b121cedba8a241607a30521f54f10064ec;O2094977;1997163;2025-06-27 16:10:00;CHICAGO;IL;60608;M;58;IL;USAGE UNKNOWN;DID NOT DEPLOY;NONE;NO INDICATION OF INJURY;NONE;NOT OBSCURED;NORMAL;TEST NOT OFFERED;;;DRIVER;;;;;;;;
6470f5a993778164198313a57ee39bcb3b460edf88be378a380d53acd0a7d1a6cb1f38970f25a97c342eb7c341c032a37c310496c5b40e90b3df916a864a109c;O2094665;1996867;2025-06-27 16:07:00;CHICAGO;IL;60646;F;44;IL;SAFETY BELT USED;DID NOT DEPLOY;NONE;NO INDICATION OF INJURY;FAILED TO YIELD;NOT OBSCURED;NORMAL;TEST NOT OFFERED;;;DRIVER;;;;;;;;
6470f5a993778164198313a57ee39bcb3b460edf88be378a380d53acd0a7d1a6cb1f38970f25a97c342eb7c341c032a37c310496c5b40e90b3df916a864a109c;O2094666;1996875;2025-06-27 16:07:00;DES PLAINES;IL;60018;M;39;IL;SAFETY BELT USED;DID NOT DEPLOY;NONE;NO INDICATION OF INJURY;NONE;NOT OBSCURED;NORMAL;TEST NOT OFFERED;;;DRIVER;;;;;;;;
29e2fd84092753fd035ba9ad828c100b422e3e79f0ff3eb5defbf81cea7bdd998cd4662967c83566aa2b37f3179e1da197a1acda6ad9ed54e7e5ad436bc7bb0e;O2094806;1996989;2025-06-27 16:00:00;OAK PARK;IL;60302;F;72;IL;USAGE UNKNOWN;DEPLOYMENT UNKNOWN;UNKNOWN;NO INDICATION OF INJURY;FOLLOWED TOO CLOSELY;UNKNOWN;EMOTIONAL;TEST NOT OFFERED;;;DRIVER;;;;;;;;
29e2fd84092753fd035ba9ad828c100b422e3e79f0ff3eb5defbf81cea7bdd998cd4662967c83566aa2b37f3179e1da197a1acda6ad9ed54e7e5ad436bc7bb0e;O2094807;1996994;2025-06-27 16:00:00;CHICAGO;IL;60617;M;63;IL;USAGE UNKNOWN;DEPLOYMENT UNKNOWN;UNKNOWN;NO INDICATION OF INJURY;UNKNOWN;UNKNOWN;EMOTIONAL;TEST NOT OFFERED;;;DRIVER;;;;;;;;
6b023e7736109e5a9cecc65251fbd7eee7da95083cead1e30dd03a81bb566443ba8ee5b36cb0691d997ee78955d78571382086136e4a1b3927d5e6af80546bc1;O2094764;1996963;2025-06-27 15:58:00;CHICAGO;IL;60645;F;29;IL;SAFETY BELT USED;NOT APPLICABLE;NONE;NO INDICATION OF INJURY;UNKNOWN;UNKNOWN;NORMAL;TEST NOT OFFERED;;;DRIVER;;;;;;;;
6b023e7736109e5a9cecc65251fbd7eee7da95083cead1e30dd03a81bb566443ba8ee5b36cb0691d997ee78955d78571382086136e4a1b3927d5e6af80546bc1;O2094765;1996984;2025-06-27 15:58:00;SKOKIE;IL;60076;M;20;IL;SAFETY BELT USED;NOT APPLICABLE;NONE;NO INDICATION OF INJURY;UNKNOWN;UNKNOWN;NORMAL;TEST NOT OFFERED;;;DRIVER;;;;;;;;
17e72e274af0bba93abab1c6f7b7e4be7c01df6884c1e538b1ee73ff8cfa35e575a35205cda360b778a3dd311d179047008487cf99521d2a6c768b909a2adfdf;O2094667;1996874;2025-06-27 15:55:00;CHICAGO;IL;60646;F;17;IL;SAFETY BELT USED;NOT APPLICABLE;NONE;NO INDICATION OF INJURY;NONE;NOT OBSCURED;NORMAL;TEST NOT OFFERED;;;DRIVER;;;;;;;;
17e72e274af0bba93abab1c6f7b7e4be7c01df6884c1e538b1ee73ff8cfa35e575a35205cda360b778a3dd311d179047008487cf99521d2a6c768b909a2adfdf;O2094668;1996878;2025-06-27 15:55:00;SKOKIE;IL;60077;M;72;IL;SAFETY BELT USED;NOT APPLICABLE;NONE;NO INDICATION OF INJURY;NONE;NOT OBSCURED;NORMAL;TEST NOT OFFERED;;;DRIVER;;;;;;;;
c1eeb645c757b962ec5fa79dd4fc9782716f64cff52fc97e4da09b61dbba9bc81ae3faeb8d52d0cc9a0f3cf9519cdbf1425d6badd8325ea3ae63114bc787e9bd;O2094711;1996896;2025-06-27 15:46:00;CHICAGO;IL;60647;F;44;IL;USAGE UNKNOWN;NOT APPLICABLE;NONE;NO INDICATION OF INJURY;UNKNOWN;UNKNOWN;UNKNOWN;TEST NOT OFFERED;;;DRIVER;;;;;;;;
c1eeb645c757b962ec5fa79dd4fc9782716f64cff52fc97e4da09b61dbba9bc81ae3faeb8d52d0cc9a0f3cf9519cdbf1425d6badd8325ea3ae63114bc787e9bd;O2094712;1996903;2025-06-27 15:46:00;CHICAGO;IL;60634;M;64;IL;USAGE UNKNOWN;NOT APPLICABLE;NONE;NO INDICATION OF INJURY;UNKNOWN;UNKNOWN;UNKNOWN;TEST NOT OFFERED;;;DRIVER;;;;;;;;
ae524103ffb6524e768e4933c58b8ff84fdad85fa137b12aaf620af6120d1cb51be167abe4432716ad2bc675cf80ee7dfd0e025abca0c5223b09447371802329;O2094653;1996859;2025-06-27 15:45:00;CHICAGO;IL;60649;F;83;IL;SAFETY BELT USED;DID NOT DEPLOY;NONE;NO INDICATION OF INJURY;NONE;NOT OBSCURED;NORMAL;TEST NOT OFFERED;;;DRIVER;;;;;;;;
ae524103ffb6524e768e4933c58b8ff84fdad85fa137b12aaf620af6120d1cb51be167abe4432716ad2bc675cf80ee7dfd0e025abca0c5223b09447371802329;P462342;1996859;2025-06-27 15:45:00;CHICAGO;IL;60617;F;85;;SAFETY BELT USED;DID NOT DEPLOY;NONE;NO INDICATION OF INJURY;;;;;;;PASSENGER;;;;;;;;
c7ab305d25cb9a979bcfc510d4c2737f7924859390024d1fa5b1311bd77bc5a4a5eb830b3aeffaa584fee493a84253915d94eabef1efa4ad362b196f3e93f993;O2094962;1997147;2025-06-27 15:45:00;CHICAGO;IL;60638;M;68;IL;USAGE UNKNOWN;DEPLOYMENT UNKNOWN;UNKNOWN;NO INDICATION OF INJURY;IMPROPER BACKING;UNKNOWN;FATIGUED/ASLEEP;TEST NOT OFFERED;;;DRIVER;;;;;;;;
c7ab305d25cb9a979bcfc510d4c2737f7924859390024d1fa5b1311bd77bc5a4a5eb830b3aeffaa584fee493a84253915d94eabef1efa4ad362b196f3e93f993;O2094963;1997148;2025-06-27 15:45:00;CHICAGO;IL;60657;F;31;IL;USAGE UNKNOWN;DEPLOYMENT UNKNOWN;UNKNOWN;NO INDICATION OF INJURY;UNKNOWN;UNKNOWN;EMOTIONAL;TEST NOT OFFERED;;;DRIVER;;;;;;;;
a109b82310e58e8fd14dfe345e29994ae3788ba1b7e21c3ba9c511e699b079ce7d651baec244e8f4b42eea6cc25f5458673123f3d275eced7f68faf8666381ed;O2094768;1996981;2025-06-27 15:44:00;CALUMET PARK;IL;60827;M;19;IL;USAGE UNKNOWN;DEPLOYED, FRONT;NONE;NO INDICATION OF INJURY;DISREGARDED CONTROL DEVICES;UNKNOWN;UNKNOWN;TEST NOT OFFERED;;;DRIVER;;;;;;;;
a109b82310e58e8fd14dfe345e29994ae3788ba1b7e21c3ba9c511e699b079ce7d651baec244e8f4b42eea6cc25f5458673123f3d275eced7f68faf8666381ed;O2094769;1996996;2025-06-27 15:44:00;CHICAGO;IL;60649;M;29;IL;USAGE UNKNOWN;NOT APPLICABLE;NONE;NO INDICATION OF INJURY;OTHER;UNKNOWN;UNKNOWN;TEST NOT OFFERED;;;DRIVER;;;;;;;;
a109b82310e58e8fd14dfe345e29994ae3788ba1b7e21c3ba9c511e699b079ce7d651baec244e8f4b42eea6cc25f5458673123f3d275eced7f68faf8666381ed;O2094770;1997019;2025-06-27 15:44:00;CHICAGO;IL;60617;F;30;IL;USAGE UNKNOWN;NOT APPLICABLE;NONE;NO INDICATION OF INJURY;OTHER;UNKNOWN;NORMAL;TEST NOT OFFERED;;;DRIVER;;;;;;;;
0207289a0716a0a5c5e14ec1faa02a31f8aa5c3c2993bb3cf2fb6dccc27dbf3c15e5f847667c5f1eada2ef036a334f07878b7fd18f1a17d77a691a7c4c714c4d;O2094808;1996991;2025-06-27 15:40:00;CHICAGO;IL;60651;F;25;IL;USAGE UNKNOWN;DEPLOYED, COMBINATION;NONE;REPORTED, NOT EVIDENT;OTHER;NOT OBSCURED;ILLNESS/FAINTED;TEST NOT OFFERED;;;DRIVER;;;;;;;;
0207289a0716a0a5c5e14ec1faa02a31f8aa5c3c2993bb3cf2fb6dccc27dbf3c15e5f847667c5f1eada2ef036a334f07878b7fd18f1a17d77a691a7c4c714c4d;O2094809;1997000;2025-06-27 15:40:00;CHICAGO;IL;60634;F;25;IL;SAFETY BELT USED;DID NOT DEPLOY;NONE;NO INDICATION OF INJURY;NONE;NOT OBSCURED;NORMAL;TEST NOT OFFERED;;;DRIVER;;;;;;;;
0207289a0716a0a5c5e14ec1faa02a31f8aa5c3c2993bb3cf2fb6dccc27dbf3c15e5f847667c5f1eada2ef036a334f07878b7fd18f1a17d77a691a7c4c714c4d;O2094810;1997005;2025-06-27 15:40:00;CHICAGO;IL;60651;F;49;IL;SAFETY BELT USED;NOT APPLICABLE;NONE;NO INDICATION OF INJURY;NONE;NOT OBSCURED;NORMAL;TEST NOT OFFERED;;;DRIVER;;;;;;;;
3ae71691de5ac656d2fe11436b9d66d16a60deb27ca11b9392604cd860ebc161ff4f75dfb28583e3ad4bb964155ccd229d437449c1271d45adf9c60959f06081;O2094675;1996881;2025-06-27 15:40:00;;;;F;;;USAGE UNKNOWN;DEPLOYMENT UNKNOWN;UNKNOWN;NO INDICATION OF INJURY;UNKNOWN;UNKNOWN;UNKNOWN;TEST NOT OFFERED;;;DRIVER;;;;;;;;
3ae71691de5ac656d2fe11436b9d66d16a60deb27ca11b9392604cd860ebc161ff4f75dfb28583e3ad4bb964155ccd229d437449c1271d45adf9c60959f06081;O2094676;1996895;2025-06-27 15:40:00;CHICAGO;IL;60653;M;;IL;USAGE UNKNOWN;DID NOT DEPLOY;NONE;NO INDICATION OF INJURY;NONE;NOT OBSCURED;NORMAL;TEST NOT OFFERED;;;DRIVER;;;;;;;;
3ae71691de5ac656d2fe11436b9d66d16a60deb27ca11b9392604cd860ebc161ff4f75dfb28583e3ad4bb964155ccd229d437449c1271d45adf9c60959f06081;O2094677;1996919;2025-06-27 15:40:00;CHICAGO;IL;60608;F;34;IL;USAGE UNKNOWN;DID NOT DEPLOY;NONE;NO INDICATION OF INJURY;UNKNOWN;UNKNOWN;NORMAL;TEST NOT OFFERED;;;DRIVER;;;;;;;;
3ae71691de5ac656d2fe11436b9d66d16a60deb27ca11b9392604cd860ebc161ff4f75dfb28583e3ad4bb964155ccd229d437449c1271d45adf9c60959f06081;P462350;1996919;2025-06-27 15:40:00;CHICAGO;IL;60608;M;34;;USAGE UNKNOWN;DID NOT DEPLOY;NONE;NO INDICATION OF INJURY;;;;;;;PASSENGER;;;;;;;;
17cc49d27048d02e2559052ec1a937afdfc6f4ac942eba93cb6d597281abaa9f87f686363a1d01a3a5290380b831103e252cde0cf046899ed65593030d0f8745;O2094729;1996916;2025-06-27 15:30:00;GLENWOOD;IL;60425;F;49;IL;USAGE UNKNOWN;NOT APPLICABLE;NONE;NO INDICATION OF INJURY;IMPROPER TURN;UNKNOWN;NORMAL;TEST NOT OFFERED;;;DRIVER;;;;;;;;
17cc49d27048d02e2559052ec1a937afdfc6f4ac942eba93cb6d597281abaa9f87f686363a1d01a3a5290380b831103e252cde0cf046899ed65593030d0f8745;O2094730;1996929;2025-06-27 15:30:00;EVERGREEN PARK;IL;60805;F;41;IL;USAGE UNKNOWN;NOT APPLICABLE;NONE;NO INDICATION OF INJURY;UNKNOWN;NOT OBSCURED;NORMAL;TEST NOT OFFERED;;;DRIVER;;;;;;;;
4af8086876dc72bdf326dca126020ee278e880677ec39304514ba09aed7d9500cc645e9f35036e4fbffd36a62d523ab410f69e9405c19bd438c3beef4905bc1c;O2094937;1997126;2025-06-27 15:30:00;;;;X;;;USAGE UNKNOWN;DEPLOYMENT UNKNOWN;NONE;NO INDICATION OF INJURY;FOLLOWED TOO CLOSELY;UNKNOWN;UNKNOWN;TEST NOT OFFERED;;;DRIVER;;;;;;;;
4af8086876dc72bdf326dca126020ee278e880677ec39304514ba09aed7d9500cc645e9f35036e4fbffd36a62d523ab410f69e9405c19bd438c3beef4905bc1c;O2094938;1997134;2025-06-27 15:30:00;CHICAGO;IL;60651;M;22;IL;SAFETY BELT USED;NOT APPLICABLE;NONE;NO INDICATION OF INJURY;NONE;NOT OBSCURED;NORMAL;TEST NOT OFFERED;;;DRIVER;;;;;;;;
9675d253b40cfda02336a1f695e1262fab87e1fb494c43c35fa0041e594a71982dc88d0974490683c3bf6d16efdf5757e6209f65ff2fc137c33c7f397de9b71d;O2094725;1996907;2025-06-27 15:30:00;CHICAGO;IL;60651;M;;;SAFETY BELT USED;DID NOT DEPLOY;NONE;NO INDICATION OF INJURY;UNKNOWN;NOT OBSCURED;NORMAL;TEST NOT OFFERED;;;DRIVER;;;;;;;;
9675d253b40cfda02336a1f695e1262fab87e1fb494c43c35fa0041e594a71982dc88d0974490683c3bf6d16efdf5757e6209f65ff2fc137c33c7f397de9b71d;P462368;1996907;2025-06-27 15:30:00;CICERO;IL;60804;M;25;;SAFETY BELT USED;DID NOT DEPLOY;NONE;NO INDICATION OF INJURY;;;;;;;PASSENGER;;;;;;;;
fb14d0f1f08c00259e5890674f67f965262bfe241206fb92f3b27369ec4f614abedbe97665840b03fac5fbb3de15e0024745d0877e10a981698038c68ebf0fb1;O2094669;1996899;2025-06-27 15:30:00;CHICAGO;IL;60628;M;26;IL;USAGE UNKNOWN;DID NOT DEPLOY;NONE;NO INDICATION OF INJURY;IMPROPER LANE CHANGE;NOT OBSCURED;UNKNOWN;TEST NOT OFFERED;;;DRIVER;;;;;;;;
fb14d0f1f08c00259e5890674f67f965262bfe241206fb92f3b27369ec4f614abedbe97665840b03fac5fbb3de15e0024745d0877e10a981698038c68ebf0fb1;O2094670;1996912;2025-06-27 15:30:00;CHICAGO;IL;60619;F;91;IL;USAGE UNKNOWN;DID NOT DEPLOY;NONE;NO INDICATION OF INJURY;NONE;NOT OBSCURED;NORMAL;TEST NOT OFFERED;;;DRIVER;;;;;;;;
473ca285300c2f4b772189cba7798e09828cda34f0c60611c511d890bb9ba3fbc55370e306f56dd99e17bce84cfb17ace6360628ed6283f6e1bf08ce9820f779;O2094790;1997013;2025-06-27 15:20:00;;;;F;;;USAGE UNKNOWN;DEPLOYMENT UNKNOWN;UNKNOWN;NO INDICATION OF INJURY;IMPROPER PASSING;UNKNOWN;UNKNOWN;TEST NOT OFFERED;;;DRIVER;;;;;;;;
473ca285300c2f4b772189cba7798e09828cda34f0c60611c511d890bb9ba3fbc55370e306f56dd99e17bce84cfb17ace6360628ed6283f6e1bf08ce9820f779;O2094791;1996971;2025-06-27 15:20:00;DES PLAINES;IL;60016;M;40;IL;SAFETY BELT USED;NOT APPLICABLE;NONE;NO INDICATION OF INJURY;NONE;NOT OBSCURED;NORMAL;TEST NOT OFFERED;;;DRIVER;;;;;;;;
eba0768398dd44f93b211da4b0a377af025518b18fdc760272e4c57fa0619ff4e7057bb9087dd066eb229100ab7c76127474d0463c69f8e2fd21c5da1225c7e2;O2094709;1996897;2025-06-27 15:20:00;;;;F;;;USAGE UNKNOWN;DEPLOYMENT UNKNOWN;NONE;NO INDICATION OF INJURY;UNKNOWN;UNKNOWN;UNKNOWN;TEST NOT OFFERED;;;DRIVER;;;;;;;;
76e3ab35753005e5a081f08997fe003ffcf8426d6812debce6367f579cb4bcdcbe1b319b7ea75f3f99166aa4815e98692c6ce788b3931db7ef0b2d4a6f4a27fa;O2094739;1996924;2025-06-27 15:15:00;;;;M;;;USAGE UNKNOWN;DEPLOYMENT UNKNOWN;NONE;NO INDICATION OF INJURY;IMPROPER BACKING;UNKNOWN;UNKNOWN;TEST NOT OFFERED;;;DRIVER;;;;;;;;
76e3ab35753005e5a081f08997fe003ffcf8426d6812debce6367f579cb4bcdcbe1b319b7ea75f3f99166aa4815e98692c6ce788b3931db7ef0b2d4a6f4a27fa;O2094740;1996936;2025-06-27 15:15:00;CHICAGO;IL;60620;F;67;IL;USAGE UNKNOWN;DEPLOYED, FRONT;NONE;NONINCAPACITATING INJURY;NONE;NOT OBSCURED;NORMAL;TEST NOT OFFERED;;;DRIVER;;;UNIVERSITY OF CHICAGO;;CFD AMBULANCE #24;;;
76e3ab35753005e5a081f08997fe003ffcf8426d6812debce6367f579cb4bcdcbe1b319b7ea75f3f99166aa4815e98692c6ce788b3931db7ef0b2d4a6f4a27fa;P462351;1996924;2025-06-27 15:15:00;;IL;;;;;USAGE UNKNOWN;DID NOT DEPLOY;NONE;NO INDICATION OF INJURY;;;;;;;PASSENGER;;;;;;;;
76e3ab35753005e5a081f08997fe003ffcf8426d6812debce6367f579cb4bcdcbe1b319b7ea75f3f99166aa4815e98692c6ce788b3931db7ef0b2d4a6f4a27fa;P462352;1996924;2025-06-27 15:15:00;;IL;;;;;USAGE UNKNOWN;DID NOT DEPLOY;NONE;NO INDICATION OF INJURY;;;;;;;PASSENGER;;;;;;;;
76e3ab35753005e5a081f08997fe003ffcf8426d6812debce6367f579cb4bcdcbe1b319b7ea75f3f99166aa4815e98692c6ce788b3931db7ef0b2d4a6f4a27fa;P462363;1996936;2025-06-27 15:15:00;CHICAGO;IL;60619;F;69;;USAGE UNKNOWN;DEPLOYED, FRONT;NONE;NONINCAPACITATING INJURY;;;;;;;PASSENGER;;;UNIVERSITY OF CHICAGO;AMBULANCE #24;CFD;;;
7db356d20800fbd1ec4f2d94f5d6497fda2a14faa3084643b52eb7e22c63c20c3aedfecf3a39819106e5aaf4a453394f9b9fef1b9c65a0f235ebd57bb5df34f6;O2094684;1996887;2025-06-27 15:10:00;;;;F;;;USAGE UNKNOWN;DEPLOYMENT UNKNOWN;UNKNOWN;NO INDICATION OF INJURY;UNKNOWN;UNKNOWN;UNKNOWN;TEST NOT OFFERED;;;DRIVER;;;;;;;;
7db356d20800fbd1ec4f2d94f5d6497fda2a14faa3084643b52eb7e22c63c20c3aedfecf3a39819106e5aaf4a453394f9b9fef1b9c65a0f235ebd57bb5df34f6;O2094685;1996909;2025-06-27 15:10:00;READING;MI;49274;F;43;MI;USAGE UNKNOWN;DEPLOYMENT UNKNOWN;UNKNOWN;NO INDICATION OF INJURY;UNKNOWN;UNKNOWN;NORMAL;TEST NOT OFFERED;;;DRIVER;;;;;;;;
017510f9947adb4d602cb2d5bf1c3786a833e56ed18b79b388783c32116910c474e14878a3ae6c54c32e371f86ad39acab481c041f9d584565b8aaff45d1acf1;O2094737;1996944;2025-06-27 15:05:00;PHOENIX;AZ;85048;M;36;AZ;USAGE UNKNOWN;DEPLOYMENT UNKNOWN;NONE;NO INDICATION OF INJURY;UNKNOWN;UNKNOWN;UNKNOWN;TEST NOT OFFERED;;;DRIVER;;;;;;;;
017510f9947adb4d602cb2d5bf1c3786a833e56ed18b79b388783c32116910c474e14878a3ae6c54c32e371f86ad39acab481c041f9d584565b8aaff45d1acf1;O2094738;1996967;2025-06-27 15:05:00;REDFORD;MI;48239;M;35;MI;USAGE UNKNOWN;NOT APPLICABLE;NONE;NO INDICATION OF INJURY;UNKNOWN;UNKNOWN;UNKNOWN;TEST NOT OFFERED;;;DRIVER;;;;;;;;
3c92d23870e19c25666c5980abe7d4f5a85e3d9e26e63c2798aa27e947f2090d49949fa32d2a90630357d1272b55c4a25e3da8023f9e6c8270a3ee3052535672;O2094779;1996961;2025-06-27 15:03:00;CHICAGO;IL;60609;M;52;IL;USAGE UNKNOWN;NOT APPLICABLE;NONE;NO INDICATION OF INJURY;IMPROPER LANE CHANGE;UNKNOWN;UNKNOWN;TEST NOT OFFERED;;;DRIVER;;;;;;;;
3c92d23870e19c25666c5980abe7d4f5a85e3d9e26e63c2798aa27e947f2090d49949fa32d2a90630357d1272b55c4a25e3da8023f9e6c8270a3ee3052535672;O2094780;1996999;2025-06-27 15:03:00;CHICAGO;IL;60636;F;36;IL;SAFETY BELT USED;NOT APPLICABLE;NONE;NO INDICATION OF INJURY;NONE;UNKNOWN;UNKNOWN;TEST NOT OFFERED;;;DRIVER;;;;;;;;
5ee0d3c760fd3f97978edec14566a90737c59f8a189383f7cb366c267ec6bda607d19b757b210cfc3168313c452867697d2812379cf1061dea76155a2e0fc5d6;O2094623;1996832;2025-06-27 15:00:00;PLAINFIELD;IL;60544;M;36;IL;USAGE UNKNOWN;NOT APPLICABLE;NONE;NO INDICATION OF INJURY;IMPROPER TURN;UNKNOWN;UNKNOWN;TEST NOT OFFERED;;;DRIVER;;;;;;;;
5ee0d3c760fd3f97978edec14566a90737c59f8a189383f7cb366c267ec6bda607d19b757b210cfc3168313c452867697d2812379cf1061dea76155a2e0fc5d6;O2094624;1996821;2025-06-27 15:00:00;STONE PARK;IL;60165;M;29;IL;SAFETY BELT USED;DEPLOYED, SIDE;NONE;NO INDICATION OF INJURY;NONE;UNKNOWN;NORMAL;TEST NOT OFFERED;;;DRIVER;;;;;;;;
9731d4a6268aa93dc523bd14fc902a25850220bfb1a79c53a12ae238f73c17e379d403a5cb3ca25f8ba79bdb78d8a9d1ae1a2323cd438b2c55a83544c8d32b32;O2094591;1996800;2025-06-27 15:00:00;;;;X;;;USAGE UNKNOWN;DEPLOYMENT UNKNOWN;NONE;NO INDICATION OF INJURY;UNKNOWN;UNKNOWN;UNKNOWN;TEST NOT OFFERED;;;DRIVER;;;;;;;;
9731d4a6268aa93dc523bd14fc902a25850220bfb1a79c53a12ae238f73c17e379d403a5cb3ca25f8ba79bdb78d8a9d1ae1a2323cd438b2c55a83544c8d32b32;P462332;1996798;2025-06-27 15:00:00;HOFFMAN ESTATES;IL;60192;F;24;;USAGE UNKNOWN;DID NOT DEPLOY;NONE;NO INDICATION OF INJURY;;;;;;;PASSENGER;;;;;;;;
ea78d307b933dd288fe80a70f1c74cdf596450a3024c90f82fa71f439f7ef6622be92873c9ef9e89959d46046cf003e9666fad8eb72321f5d07d9d5105ee6f3e;O2094733;1996950;2025-06-27 15:00:00;;;;M;;;USAGE UNKNOWN;DEPLOYMENT UNKNOWN;UNKNOWN;NO INDICATION OF INJURY;FAILED TO YIELD;UNKNOWN;UNKNOWN;TEST NOT OFFERED;;;DRIVER;;;;;;;;
ea78d307b933dd288fe80a70f1c74cdf596450a3024c90f82fa71f439f7ef6622be92873c9ef9e89959d46046cf003e9666fad8eb72321f5d07d9d5105ee6f3e;O2094734;1996918;2025-06-27 15:00:00;CHICAGO;IL;60656;F;61;IL;SAFETY BELT USED;NOT APPLICABLE;NONE;NO INDICATION OF INJURY;NONE;NOT OBSCURED;NORMAL;TEST NOT OFFERED;;;DRIVER;;;;;;;;
b8c2c5a6a559f29f95622b29c8f2170bc7e4e875f5ef3198ee596dd1b277b509286f30f8893642186daa6e3ad22a4f86a146407e8cb56256c0fcad8ea2954239;O2094691;1996923;2025-06-27 14:45:00;CHICAGO;IL;60639;M;19;IL;USAGE UNKNOWN;NOT APPLICABLE;NONE;NO INDICATION OF INJURY;NONE;UNKNOWN;UNKNOWN;TEST NOT OFFERED;;;DRIVER;;;;;;;;
b8c2c5a6a559f29f95622b29c8f2170bc7e4e875f5ef3198ee596dd1b277b509286f30f8893642186daa6e3ad22a4f86a146407e8cb56256c0fcad8ea2954239;O2094692;1996933;2025-06-27 14:45:00;CHICAGO;IL;60651;F;22;IL;USAGE UNKNOWN;DID NOT DEPLOY;NONE;NO INDICATION OF INJURY;NONE;NOT OBSCURED;UNKNOWN;TEST NOT OFFERED;;;DRIVER;;;;;;;;
b8c2c5a6a559f29f95622b29c8f2170bc7e4e875f5ef3198ee596dd1b277b509286f30f8893642186daa6e3ad22a4f86a146407e8cb56256c0fcad8ea2954239;P462361;1996933;2025-06-27 14:45:00;CHICAGO;IL;60639;F;22;;USAGE UNKNOWN;DID NOT DEPLOY;NONE;NO INDICATION OF INJURY;;;;;;;PASSENGER;;;;;;;;
3a5898a1f83582b3fb695d1210a0896c7c83d29878e8d517a7cac26c94addf3e9890fc4c4c1a747b2432ac7784dea458bdac0fa2cc0f771a37a5b6faab2ae4eb;O2094659;1996864;2025-06-27 14:40:00;CHICAGO;IL;60638;M;29;IL;SAFETY BELT USED;DEPLOYED, FRONT;NONE;NO INDICATION OF INJURY;IMPROPER TURN;NOT OBSCURED;NORMAL;TEST NOT OFFERED;;;DRIVER;;;;;;;;
3a5898a1f83582b3fb695d1210a0896c7c83d29878e8d517a7cac26c94addf3e9890fc4c4c1a747b2432ac7784dea458bdac0fa2cc0f771a37a5b6faab2ae4eb;O2094660;1996872;2025-06-27 14:40:00;CHICAGO;IL;60609;M;42;IL;SAFETY BELT USED;DID NOT DEPLOY;NONE;NO INDICATION OF INJURY;NONE;NOT OBSCURED;NORMAL;TEST NOT OFFERED;;;DRIVER;;;;;;;;
3a5898a1f83582b3fb695d1210a0896c7c83d29878e8d517a7cac26c94addf3e9890fc4c4c1a747b2432ac7784dea458bdac0fa2cc0f771a37a5b6faab2ae4eb;P462339;1996864;2025-06-27 14:40:00;CHICAGO;IL;60638;M;2;;SAFETY BELT USED;DID NOT DEPLOY;NONE;NO INDICATION OF INJURY;;;;;;;PASSENGER;;;;;;;;
3a5898a1f83582b3fb695d1210a0896c7c83d29878e8d517a7cac26c94addf3e9890fc4c4c1a747b2432ac7784dea458bdac0fa2cc0f771a37a5b6faab2ae4eb;P462341;1996872;2025-06-27 14:40:00;CHICAGO;IL;60629;F;37;;SAFETY BELT USED;DID NOT DEPLOY;NONE;NO INDICATION OF INJURY;;;;;;;PASSENGER;;;;;;;;
ef7b00eaf6f67d88d1481a32965ddfa00883c70ed1abbdf0c5d5271fa9900ac1ad1c3929c5545ce2b810e63eba42443e9c410a94f0c005d33e6a8b800ba340d2;O2094735;1996922;2025-06-27 14:40:00;;;;F;;;USAGE UNKNOWN;DEPLOYMENT UNKNOWN;NONE;NO INDICATION OF INJURY;FAILED TO YIELD;UNKNOWN;UNKNOWN;TEST NOT OFFERED;;;DRIVER;;;;;;;;
ef7b00eaf6f67d88d1481a32965ddfa00883c70ed1abbdf0c5d5271fa9900ac1ad1c3929c5545ce2b810e63eba42443e9c410a94f0c005d33e6a8b800ba340d2;O2094736;;2025-06-27 14:40:00;;;;F;36;;;;;REPORTED, NOT EVIDENT;NONE;UNKNOWN;UNKNOWN;TEST NOT OFFERED;;;PEDESTRIAN;;;STROGER;;;;;
37dd45ff39560fc3f0f2e4094e07ad6f2985e5ae92c39b01e44234493f724ebc45f9a7b5c90b8e7c5f735f5a6dc4f23b9ccbddd617fa7d9114c782b679bab484;O2094654;1996862;2025-06-27 14:34:00;CHICAGO;IL;60638;M;33;IL;USAGE UNKNOWN;DEPLOYMENT UNKNOWN;NONE;NO INDICATION OF INJURY;UNKNOWN;UNKNOWN;UNKNOWN;TEST NOT OFFERED;;;DRIVER;;;;;;;;
37dd45ff39560fc3f0f2e4094e07ad6f2985e5ae92c39b01e44234493f724ebc45f9a7b5c90b8e7c5f735f5a6dc4f23b9ccbddd617fa7d9114c782b679bab484;O2094655;1996869;2025-06-27 14:34:00;CHICAGO;IL;60609;F;20;;USAGE UNKNOWN;NOT APPLICABLE;NONE;NO INDICATION OF INJURY;NONE;NOT OBSCURED;NORMAL;TEST NOT OFFERED;;;DRIVER;;;;;;;;
37dd45ff39560fc3f0f2e4094e07ad6f2985e5ae92c39b01e44234493f724ebc45f9a7b5c90b8e7c5f735f5a6dc4f23b9ccbddd617fa7d9114c782b679bab484;O2094656;1996876;2025-06-27 14:34:00;BROOKFIELD;IL;60513;M;47;IL;USAGE UNKNOWN;NOT APPLICABLE;NONE;NO INDICATION OF INJURY;NONE;NOT OBSCURED;NORMAL;TEST NOT OFFERED;;;DRIVER;;;;;;;;
37dd45ff39560fc3f0f2e4094e07ad6f2985e5ae92c39b01e44234493f724ebc45f9a7b5c90b8e7c5f735f5a6dc4f23b9ccbddd617fa7d9114c782b679bab484;P462340;1996869;2025-06-27 14:34:00;;;;;;;USAGE UNKNOWN;NOT APPLICABLE;NONE;NO INDICATION OF INJURY;;;;;;;PASSENGER;;;;;;;;
14e70e4e44555d1a8be96a82094b802776e1ba6d801f5425820ed3806b8061e924580c93981816df2e9b7a355231e6a82b59c3570cc735f685b2c552ddfb45e8;O2094621;1996826;2025-06-27 14:33:00;CHICAGO;IL;60632;M;27;IL;USAGE UNKNOWN;NOT APPLICABLE;NONE;NO INDICATION OF INJURY;FOLLOWED TOO CLOSELY;NOT OBSCURED;NORMAL;TEST NOT OFFERED;;;DRIVER;;;;;;;;
14e70e4e44555d1a8be96a82094b802776e1ba6d801f5425820ed3806b8061e924580c93981816df2e9b7a355231e6a82b59c3570cc735f685b2c552ddfb45e8;O2094622;1996831;2025-06-27 14:33:00;CICERO;IL;60804;F;31;IL;USAGE UNKNOWN;NOT APPLICABLE;NONE;REPORTED, NOT EVIDENT;FOLLOWED TOO CLOSELY;NOT OBSCURED;NORMAL;TEST NOT OFFERED;;;DRIVER;;;;;;;;
bff2a9aa2b0206335cc94efcc21b29ab5405d67c137a400fba63f658a49795592069d4f72dc0b1aac61c0213fca87de729f37013a9ff1da2394f322d99d3d532;O2094585;1996786;2025-06-27 14:30:00;;;;X;;;USAGE UNKNOWN;DEPLOYMENT UNKNOWN;NONE;NO INDICATION OF INJURY;UNKNOWN;UNKNOWN;UNKNOWN;TEST NOT OFFERED;;;DRIVER;;;;;;;;
c81c2b8bb200d89c27a628fb008260ad62829e7de24b2c537d50c53f9a683d3b685f4a1351cf3fa9be85ff491f7c836c11e534e89f493b3d116d8c0f976189a0;O2094583;1996795;2025-06-27 14:30:00;CHICAGO;IL;60639;M;59;IL;SAFETY BELT USED;DID NOT DEPLOY;NONE;NO INDICATION OF INJURY;UNKNOWN;NOT OBSCURED;NORMAL;TEST NOT OFFERED;;;DRIVER;;;;;;;;
c81c2b8bb200d89c27a628fb008260ad62829e7de24b2c537d50c53f9a683d3b685f4a1351cf3fa9be85ff491f7c836c11e534e89f493b3d116d8c0f976189a0;O2094584;1996788;2025-06-27 14:30:00;CHICAGO;IL;60641;M;43;IL;SAFETY BELT USED;DID NOT DEPLOY;NONE;NO INDICATION OF INJURY;UNKNOWN;NOT OBSCURED;NORMAL;TEST NOT OFFERED;;;DRIVER;;;;;;;;
c81c2b8bb200d89c27a628fb008260ad62829e7de24b2c537d50c53f9a683d3b685f4a1351cf3fa9be85ff491f7c836c11e534e89f493b3d116d8c0f976189a0;P462328;1996788;2025-06-27 14:30:00;CHICAGO;IL;60641;F;36;;SAFETY BELT USED;DID NOT DEPLOY;NONE;NO INDICATION OF INJURY;;;;;;;PASSENGER;;;;;;;;
c81c2b8bb200d89c27a628fb008260ad62829e7de24b2c537d50c53f9a683d3b685f4a1351cf3fa9be85ff491f7c836c11e534e89f493b3d116d8c0f976189a0;P462329;1996788;2025-06-27 14:30:00;CHICAGO;IL;60641;F;2;;SAFETY BELT USED;DID NOT DEPLOY;NONE;NO INDICATION OF INJURY;;;;;;;PASSENGER;;;;;;;;
c81c2b8bb200d89c27a628fb008260ad62829e7de24b2c537d50c53f9a683d3b685f4a1351cf3fa9be85ff491f7c836c11e534e89f493b3d116d8c0f976189a0;P462330;1996795;2025-06-27 14:30:00;CHIAGO;IL;60639;F;17;;SAFETY BELT USED;DID NOT DEPLOY;NONE;NO INDICATION OF INJURY;;;;;;;PASSENGER;;;;;;;;
64d621d4c60c933b9c43e5c5846b83464a322931ece03e088b75b1e6c6a72157f01c5157d8a921acb410db27350abe0650ab40ccd9f5ba5eb4b1ea797c9111e7;O2094629;1996837;2025-06-27 14:23:00;CHICAGO;IL;60631;F;39;IL;USAGE UNKNOWN;DID NOT DEPLOY;NONE;REPORTED, NOT EVIDENT;UNKNOWN;OTHER;NORMAL;TEST NOT OFFERED;;;DRIVER;;;;;;;;
64d621d4c60c933b9c43e5c5846b83464a322931ece03e088b75b1e6c6a72157f01c5157d8a921acb410db27350abe0650ab40ccd9f5ba5eb4b1ea797c9111e7;O2094630;1996849;2025-06-27 14:23:00;CHICAGO;IL;60646;M;56;IL;USAGE UNKNOWN;DID NOT DEPLOY;NONE;NO INDICATION OF INJURY;UNKNOWN;UNKNOWN;NORMAL;TEST NOT OFFERED;;;DRIVER;;;;;;;;
8016f2de698b114f2d52b39465247fbdbc2fc929ea6d5ea939f3fca5ed598d26138b48f10e745f4bdfc8a985d8965c6bd61b1a125ee65eb0c030d20dc21ed5a0;O2094612;1996815;2025-06-27 14:23:00;CHICAGO;IL;60629;M;21;IL;USAGE UNKNOWN;NOT APPLICABLE;NONE;NO INDICATION OF INJURY;UNKNOWN;UNKNOWN;UNKNOWN;TEST NOT OFFERED;;;DRIVER;;;;;;;;
8016f2de698b114f2d52b39465247fbdbc2fc929ea6d5ea939f3fca5ed598d26138b48f10e745f4bdfc8a985d8965c6bd61b1a125ee65eb0c030d20dc21ed5a0;O2094613;1996833;2025-06-27 14:23:00;CHICAGO;IL;60632;M;37;IL;USAGE UNKNOWN;NOT APPLICABLE;UNKNOWN;NONINCAPACITATING INJURY;NONE;UNKNOWN;NORMAL;TEST NOT OFFERED;;;DRIVER;;;;;;;;
a2d00929fcbf62617d72124a44f2053423f35b1b993651583b138a4ffa237fbf7db7548aa916f77b90c672eb3b6b1d719e9d6a3aa7b1e84f0f00b380a3f76355;O2094607;1996829;2025-06-27 14:20:00;;;;M;;XX;USAGE UNKNOWN;NOT APPLICABLE;NONE;NO INDICATION OF INJURY;DISREGARDED CONTROL DEVICES;UNKNOWN;UNKNOWN;TEST NOT OFFERED;;;DRIVER;;;;;;;;
a2d00929fcbf62617d72124a44f2053423f35b1b993651583b138a4ffa237fbf7db7548aa916f77b90c672eb3b6b1d719e9d6a3aa7b1e84f0f00b380a3f76355;O2094608;1996813;2025-06-27 14:20:00;BERWYN;IL;60402;F;57;IL;SAFETY BELT USED;NOT APPLICABLE;NONE;NONINCAPACITATING INJURY;NONE;UNKNOWN;NORMAL;TEST NOT OFFERED;;;DRIVER;;;;;;;;
c908d5e48b9680d12985360318c8d8d642a908e7039b84b28ccc4f2b2373101b34135091b86cd4c83f1d2dfdeb996dcb78e07c1409de968f18f63334aed40006;O2094647;1996861;2025-06-27 14:15:00;CALUMET CITY;IL;60409;M;29;IL;USAGE UNKNOWN;DEPLOYMENT UNKNOWN;UNKNOWN;NO INDICATION OF INJURY;IMPROPER PASSING;UNKNOWN;UNKNOWN;TEST NOT OFFERED;;;DRIVER;;;;;;;;
dc84f3de8b9cd9348130ece563d86db355e61ee8e097959b1470101c1915c95d21a64db841a19cbb7810c2d6d3e9bdbd7f7005e0d63f241b80894a6be07ed100;O2094596;1996805;2025-06-27 14:15:00;CHICAGO;IL;60647;M;36;IL;USAGE UNKNOWN;DID NOT DEPLOY;NONE;NO INDICATION OF INJURY;IMPROPER BACKING;NOT OBSCURED;NORMAL;TEST NOT OFFERED;;;DRIVER;;;;;;;;
dc84f3de8b9cd9348130ece563d86db355e61ee8e097959b1470101c1915c95d21a64db841a19cbb7810c2d6d3e9bdbd7f7005e0d63f241b80894a6be07ed100;O2094597;1996814;2025-06-27 14:15:00;CHICAGO;IL;60639;F;20;IL;SAFETY BELT USED;DID NOT DEPLOY;NONE;NO INDICATION OF INJURY;NONE;NOT OBSCURED;NORMAL;TEST NOT OFFERED;;;DRIVER;;;;;;;;
dc84f3de8b9cd9348130ece563d86db355e61ee8e097959b1470101c1915c95d21a64db841a19cbb7810c2d6d3e9bdbd7f7005e0d63f241b80894a6be07ed100;P462334;1996814;2025-06-27 14:15:00;CHICAGO;IL;60639;F;16;;SAFETY BELT USED;DID NOT DEPLOY;NONE;NO INDICATION OF INJURY;;;;;;;PASSENGER;;;;;;;;
612867ba503e8ae4674c2d936bb4894815182c56af71121e09561c03d54269d5f97bbe778cf86e37b9970fe77f0acb5201e5d13de3000bf6817bb3c0570991c4;O2094610;1996808;2025-06-27 14:10:00;;;;X;;;USAGE UNKNOWN;DEPLOYMENT UNKNOWN;NONE;NO INDICATION OF INJURY;NONE;UNKNOWN;UNKNOWN;TEST NOT OFFERED;;;DRIVER;;;;;;;;
612867ba503e8ae4674c2d936bb4894815182c56af71121e09561c03d54269d5f97bbe778cf86e37b9970fe77f0acb5201e5d13de3000bf6817bb3c0570991c4;O2094611;1996811;2025-06-27 14:10:00;ARLINGTON HEIGHTS;IL;60005;M;22;IL;SAFETY BELT USED;NOT APPLICABLE;NONE;NO INDICATION OF INJURY;NONE;NOT OBSCURED;NORMAL;TEST NOT OFFERED;;;DRIVER;;;;;;;;
c38d3f423ff19014baeed76d67ae013f24cdf7b6407185eff509eafbaa30297c648d2c4f12fd4be6b20042f84537c6c825664b3c51ac5dcb14b86728a7a732c1;O2094581;1996787;2025-06-27 14:10:00;NILES;IL;60714;M;64;IL;SAFETY BELT USED;DID NOT DEPLOY;NONE;NO INDICATION OF INJURY;FAILED TO YIELD;MOVING VEHICLES;NORMAL;TEST NOT OFFERED;;;DRIVER;;;;;;;;
c38d3f423ff19014baeed76d67ae013f24cdf7b6407185eff509eafbaa30297c648d2c4f12fd4be6b20042f84537c6c825664b3c51ac5dcb14b86728a7a732c1;O2094582;1996792;2025-06-27 14:10:00;CHICAGO;IL;60618;M;70;IL;SAFETY BELT USED;DID NOT DEPLOY;NONE;NONINCAPACITATING INJURY;NONE;MOVING VEHICLES;NORMAL;TEST NOT OFFERED;;;DRIVER;;;;;;;;
4d5c7b59c06860149657aed06418b0e2b13be4c738fe6dd1a7c1b033226238117078f065a30825811289bd4a34b904009a5831c5b2377b1f1216c61c83831646;O2094651;1996866;2025-06-27 14:05:00;;;;X;;;USAGE UNKNOWN;DEPLOYMENT UNKNOWN;NONE;NO INDICATION OF INJURY;IMPROPER BACKING;UNKNOWN;UNKNOWN;TEST NOT OFFERED;;;DRIVER;;;;;;;;
a4a9f4b52cf0e21462be9a6700577b285adbdfe9e33d88d6f6be263af41009425b41604749bd1e54be38ec7cd6c69691d0ba7f87900be47695ce4fcea7d62fb5;O2094598;1996812;2025-06-27 14:01:00;ATLANTA;GA;30337;M;30;GA;SAFETY BELT USED;NOT APPLICABLE;NONE;NO INDICATION OF INJURY;OTHER;UNKNOWN;NORMAL;TEST NOT OFFERED;;;DRIVER;;;;;;;;
65a9d67345d756019db852fd8df15543810737f95e31a97f1d6be36126c8d0d4b4b6629979841479f251d1d7bda5f78cbeced355d02df1dddf6c8deb7f8343c5;O2094587;1996796;2025-06-27 14:00:00;HOMEWOOD;IL;60430;M;39;IL;SAFETY BELT USED;DID NOT DEPLOY;NONE;NO INDICATION OF INJURY;FAILED TO YIELD;UNKNOWN;EMOTIONAL;TEST NOT OFFERED;;;DRIVER;;;;;;;;
65a9d67345d756019db852fd8df15543810737f95e31a97f1d6be36126c8d0d4b4b6629979841479f251d1d7bda5f78cbeced355d02df1dddf6c8deb7f8343c5;O2094588;1996810;2025-06-27 14:00:00;GREENVILLE;;75402;F;58;TX;SAFETY BELT USED;DID NOT DEPLOY;NONE;NO INDICATION OF INJURY;FAILED TO YIELD;UNKNOWN;EMOTIONAL;TEST NOT OFFERED;;;DRIVER;;;;;;;;
65a9d67345d756019db852fd8df15543810737f95e31a97f1d6be36126c8d0d4b4b6629979841479f251d1d7bda5f78cbeced355d02df1dddf6c8deb7f8343c5;P462333;1996810;2025-06-27 14:00:00;CHICAGO;IL;60643;M;23;;SAFETY BELT USED;DID NOT DEPLOY;NONE;NO INDICATION OF INJURY;;;;;;;PASSENGER;;;;;;;;
65a9d67345d756019db852fd8df15543810737f95e31a97f1d6be36126c8d0d4b4b6629979841479f251d1d7bda5f78cbeced355d02df1dddf6c8deb7f8343c5;P462335;1996810;2025-06-27 14:00:00;CHICAGO;IL;60643;M;23;;SAFETY BELT USED;DID NOT DEPLOY;NONE;NO INDICATION OF INJURY;;;;;;;PASSENGER;;;;;;;;
6cf6cd5adf526a810fdbc065c08ec6e25f0bf66c89b697dd5bc50ae8be1b4651e7a23ed87ca851e823cc65fcf3ce6192bea083ef3adfedd6d66cca7914f72020;O2094842;1997025;2025-06-27 14:00:00;;;;X;;;USAGE UNKNOWN;DEPLOYMENT UNKNOWN;NONE;NO INDICATION OF INJURY;UNKNOWN;UNKNOWN;UNKNOWN;TEST NOT OFFERED;;;DRIVER;;;;;;;;
6cf6cd5adf526a810fdbc065c08ec6e25f0bf66c89b697dd5bc50ae8be1b4651e7a23ed87ca851e823cc65fcf3ce6192bea083ef3adfedd6d66cca7914f72020;O2094843;1997047;2025-06-27 14:00:00;CHICAGO;IL;60631;F;23;IL;USAGE UNKNOWN;NOT APPLICABLE;NONE;NO INDICATION OF INJURY;UNKNOWN;UNKNOWN;NORMAL;TEST NOT OFFERED;;;DRIVER;;;;;;;;
73ffa1dab0df9f7346ab0aeeae77e6ab28a06490b3c10c606c9a1b428bdf1141a4ec695f6d9733697c4acb92bfc734a14737d474c996c369fea5a102e7780c93;O2094573;1996781;2025-06-27 14:00:00;CHICAGO;IL;60643;F;;IL;SAFETY BELT USED;DID NOT DEPLOY;NONE;NO INDICATION OF INJURY;UNKNOWN;NOT OBSCURED;NORMAL;TEST NOT OFFERED;;;DRIVER;;;;;;;;
73ffa1dab0df9f7346ab0aeeae77e6ab28a06490b3c10c606c9a1b428bdf1141a4ec695f6d9733697c4acb92bfc734a14737d474c996c369fea5a102e7780c93;O2094574;;2025-06-27 14:00:00;CHICAGO;IL;60628;M;;;NONE PRESENT;;;INCAPACITATING INJURY;NONE;NOT OBSCURED;NORMAL;TEST NOT OFFERED;;;PEDESTRIAN;;;UNIVERSITY OF CHICAGO;;CFD AMD 76;;;
8355718cb9bab258054d25a04791e4e548de6c8519cda5d66f9f5a8e550631f0edf1ad0bd1d1744ef8de13dc3994beca25af34e19267ae1e51039c292e9efcca;O2094723;1996908;2025-06-27 14:00:00;CHICAGO;IL;60608;F;31;IL;USAGE UNKNOWN;DID NOT DEPLOY;UNKNOWN;NO INDICATION OF INJURY;FAILED TO YIELD;UNKNOWN;UNKNOWN;TEST NOT OFFERED;;;DRIVER;;;;;;;;
8355718cb9bab258054d25a04791e4e548de6c8519cda5d66f9f5a8e550631f0edf1ad0bd1d1744ef8de13dc3994beca25af34e19267ae1e51039c292e9efcca;O2094724;1996917;2025-06-27 14:00:00;CHICAGO;IL;60622;F;40;IL;SAFETY BELT USED;DID NOT DEPLOY;UNKNOWN;REPORTED, NOT EVIDENT;NONE;NOT OBSCURED;NORMAL;TEST NOT OFFERED;;;DRIVER;;;;;;;;
8355718cb9bab258054d25a04791e4e548de6c8519cda5d66f9f5a8e550631f0edf1ad0bd1d1744ef8de13dc3994beca25af34e19267ae1e51039c292e9efcca;P462367;1996917;2025-06-27 14:00:00;CHICAGO;IL;60622;F;0;;SAFETY BELT USED;DID NOT DEPLOY;UNKNOWN;NO INDICATION OF INJURY;;;;;;;PASSENGER;;;;;;;;
d564d29d8be90767cc1b2d8f2c95d81689c8b1436816ee6fb0c08aa18e8270a148cc053f1b791c2e220d1de98afed22428f551c412240d2918b0e87a06280d91;O2094592;1996806;2025-06-27 14:00:00;CHICAGO;IL;60659;F;38;IL;SAFETY BELT USED;NOT APPLICABLE;NONE;NO INDICATION OF INJURY;UNKNOWN;UNKNOWN;NORMAL;TEST NOT OFFERED;;;DRIVER;;;;;;;;
d564d29d8be90767cc1b2d8f2c95d81689c8b1436816ee6fb0c08aa18e8270a148cc053f1b791c2e220d1de98afed22428f551c412240d2918b0e87a06280d91;O2094593;1996827;2025-06-27 14:00:00;MAHATTAN;IL;60440;M;62;IL;SAFETY BELT USED;NOT APPLICABLE;NONE;NO INDICATION OF INJURY;UNKNOWN;UNKNOWN;NORMAL;TEST NOT OFFERED;;;DRIVER;;;;;;;;
de677dc2e85c38f19ba9b32339717fb527c63fb019d2dc6b2d911e47abec1c313e7587a3b2e51694c9d2725c68993cb69ddc1b64dc864257cd1f9cb785e33e52;O2094636;1996845;2025-06-27 13:58:00;;;;X;;;USAGE UNKNOWN;DEPLOYMENT UNKNOWN;UNKNOWN;NO INDICATION OF INJURY;UNKNOWN;UNKNOWN;UNKNOWN;TEST NOT OFFERED;;;DRIVER;;;;;;;;
5583ffabe8dd51b90b7e4c3dba95f5315cc23b3df1d1f05d3497df13c978f3b4999b50a206aa4426e339f380db4115cc5c59534f30cfe44195b1e8ea19b650e2;O2094575;1996785;2025-06-27 13:50:00;MELROSE PARK;IL;60160;M;;;USAGE UNKNOWN;DEPLOYMENT UNKNOWN;NONE;NO INDICATION OF INJURY;IMPROPER LANE CHANGE;UNKNOWN;UNKNOWN;TEST NOT OFFERED;;;DRIVER;;;;;;;;
5583ffabe8dd51b90b7e4c3dba95f5315cc23b3df1d1f05d3497df13c978f3b4999b50a206aa4426e339f380db4115cc5c59534f30cfe44195b1e8ea19b650e2;O2094576;1996793;2025-06-27 13:50:00;CHICAGO;IL;60630;F;34;IL;SAFETY BELT USED;NOT APPLICABLE;NONE;NO INDICATION OF INJURY;NONE;NOT OBSCURED;NORMAL;TEST REFUSED;;;DRIVER;;;;;;;;
ab8b6c31d1e03691541f9ce3c3e341c7aba3c8feef57406c475eea47a1d39f9a13988914c851af167f822cbcd7204752c6b2adb7ad2cca7ec3024985a3a67e4e;O2094579;1996791;2025-06-27 13:50:00;CHICAGO;IL;60626;M;38;IL;USAGE UNKNOWN;DID NOT DEPLOY;NONE;NO INDICATION OF INJURY;UNKNOWN;UNKNOWN;UNKNOWN;TEST NOT OFFERED;;;DRIVER;;;;;;;;
ab8b6c31d1e03691541f9ce3c3e341c7aba3c8feef57406c475eea47a1d39f9a13988914c851af167f822cbcd7204752c6b2adb7ad2cca7ec3024985a3a67e4e;O2094580;1996799;2025-06-27 13:50:00;CHICAGO;IL;60607;F;55;;USAGE UNKNOWN;DID NOT DEPLOY;NONE;NO INDICATION OF INJURY;UNKNOWN;UNKNOWN;NORMAL;TEST NOT OFFERED;;;DRIVER;;;;;;;;
ab8b6c31d1e03691541f9ce3c3e341c7aba3c8feef57406c475eea47a1d39f9a13988914c851af167f822cbcd7204752c6b2adb7ad2cca7ec3024985a3a67e4e;P462336;1996791;2025-06-27 13:50:00;;;;;;;USAGE UNKNOWN;NOT APPLICABLE;NONE;NO INDICATION OF INJURY;;;;;;;PASSENGER;;;;;;;;
ab8b6c31d1e03691541f9ce3c3e341c7aba3c8feef57406c475eea47a1d39f9a13988914c851af167f822cbcd7204752c6b2adb7ad2cca7ec3024985a3a67e4e;P462337;1996791;2025-06-27 13:50:00;;;;;;;USAGE UNKNOWN;NOT APPLICABLE;NONE;NO INDICATION OF INJURY;;;;;;;PASSENGER;;;;;;;;
e1832f3aeb7c2be446fa63ae70c95511f8aff65bd94416c0aad0e61603c00fc75118131552da184d4a9cfd04824ed8257bdbcd3af9be51fe1ed74c340d6a5af7;O2094631;1996842;2025-06-27 13:46:00;CHICAGO;IL;60613;F;50;IL;SAFETY BELT USED;DEPLOYED, FRONT;NONE;REPORTED, NOT EVIDENT;FOLLOWED TOO CLOSELY;UNKNOWN;NORMAL;TEST NOT OFFERED;;;DRIVER;;;REFUSED;;CFD AMB #13;;;
e1832f3aeb7c2be446fa63ae70c95511f8aff65bd94416c0aad0e61603c00fc75118131552da184d4a9cfd04824ed8257bdbcd3af9be51fe1ed74c340d6a5af7;O2094632;1996858;2025-06-27 13:46:00;EVANSTON;IL;60202;M;29;IL;SAFETY BELT USED;DID NOT DEPLOY;NONE;NO INDICATION OF INJURY;NONE;UNKNOWN;NORMAL;TEST NOT OFFERED;;;DRIVER;;;REFUSED;;CFD AMB #13;;;
28e700181f4d12d0efc9af5ee682cf1c349bac418059a3fb4810b57af55c2c063d4d92b0853ffeff6e00e770ff36104a38920623a4c5fd57115c7bd02d356248;O2094766;1996958;2025-06-27 13:44:00;BLUE ISLND;IL;60406;M;48;IL;USAGE UNKNOWN;NOT APPLICABLE;NONE;NO INDICATION OF INJURY;FAILED TO YIELD;NOT OBSCURED;NORMAL;TEST NOT OFFERED;;;DRIVER;;;;;;;;
28e700181f4d12d0efc9af5ee682cf1c349bac418059a3fb4810b57af55c2c063d4d92b0853ffeff6e00e770ff36104a38920623a4c5fd57115c7bd02d356248;O2094767;1996969;2025-06-27 13:44:00;CHICAGO;IL;60629;M;85;IL;USAGE UNKNOWN;NOT APPLICABLE;NONE;NO INDICATION OF INJURY;NONE;NOT OBSCURED;NORMAL;TEST NOT OFFERED;;;DRIVER;;;;;;;;
c99ab187b90c02f88e65b1245c9081dd32b04706d7c92c208504de29f56405cb3dfab449d23c81a7856eae43d13c3bf747b1cfae5aff01b92b66b22b9e4e5961;O2094641;1996847;2025-06-27 13:41:00;;;;M;;XX;USAGE UNKNOWN;DEPLOYMENT UNKNOWN;UNKNOWN;NO INDICATION OF INJURY;UNKNOWN;UNKNOWN;UNKNOWN;TEST NOT OFFERED;;;DRIVER;;;;;;;;
ea9c302b2aa814f43021563a29889e45d1b60d1fbc66001006e4b347589cadd94f91c935cdc6275ab20af026cda354f4bd94b2ab943059bf30be0464de3c7e00;O2094615;1996825;2025-06-27 13:40:00;AURORA;IL;60506;F;24;IL;USAGE UNKNOWN;NOT APPLICABLE;NONE;NO INDICATION OF INJURY;IMPROPER BACKING;UNKNOWN;NORMAL;TEST NOT OFFERED;;;DRIVER;;;;;;;;
ea9c302b2aa814f43021563a29889e45d1b60d1fbc66001006e4b347589cadd94f91c935cdc6275ab20af026cda354f4bd94b2ab943059bf30be0464de3c7e00;O2094616;1996834;2025-06-27 13:40:00;CHICAGO;IL;60622;F;48;IL;NONE PRESENT;NOT APPLICABLE;NONE;NO INDICATION OF INJURY;NONE;UNKNOWN;NORMAL;TEST NOT OFFERED;;;DRIVER;;;;;;;;
235ceee2d718d5be3548a01393febe7b5fe9c7c09caf6102e32474d40d964e97b4410adfb899131dad9cb4152317b5b5a8f9cc1c1675d3c959c37627fc3a80c5;O2094633;1996846;2025-06-27 13:30:00;FRANKFORT;IL;60423;M;45;IL;USAGE UNKNOWN;DID NOT DEPLOY;NONE;NO INDICATION OF INJURY;UNKNOWN;NOT OBSCURED;NORMAL;TEST NOT OFFERED;;;DRIVER;;;;;;;;
93d5ca65a5ca389764de7bd0fde0cb281c1878422cd419fa9517c59cbd6c6ec2486720994f68cb05374e3b92feaa599e12d123e51cab1612fd771cddaed27a5f;O2094731;1996915;2025-06-27 13:30:00;ADDISON;IL;60101;F;22;IL;USAGE UNKNOWN;NOT APPLICABLE;NONE;NO INDICATION OF INJURY;FAILED TO YIELD;MOVING VEHICLES;NORMAL;TEST NOT OFFERED;;;DRIVER;;;;;;;;
93d5ca65a5ca389764de7bd0fde0cb281c1878422cd419fa9517c59cbd6c6ec2486720994f68cb05374e3b92feaa599e12d123e51cab1612fd771cddaed27a5f;O2094732;1996938;2025-06-27 13:30:00;CHICAGO;IL;60612;F;27;IL;USAGE UNKNOWN;DEPLOYED, COMBINATION;NONE;NONINCAPACITATING INJURY;NONE;MOVING VEHICLES;NORMAL;TEST NOT OFFERED;;;DRIVER;;;RUSH;;AMBULANCE 80;;;
93d5ca65a5ca389764de7bd0fde0cb281c1878422cd419fa9517c59cbd6c6ec2486720994f68cb05374e3b92feaa599e12d123e51cab1612fd771cddaed27a5f;P462349;1996915;2025-06-27 13:30:00;;;;F;;;USAGE UNKNOWN;NOT APPLICABLE;NONE;NO INDICATION OF INJURY;;;;;;;PASSENGER;;;;;;;;
93d5ca65a5ca389764de7bd0fde0cb281c1878422cd419fa9517c59cbd6c6ec2486720994f68cb05374e3b92feaa599e12d123e51cab1612fd771cddaed27a5f;P462365;1996915;2025-06-27 13:30:00;;;;;;;USAGE UNKNOWN;NOT APPLICABLE;NONE;NO INDICATION OF INJURY;;;;;;;PASSENGER;;;;;;;;
d1eefcb44bf4e69a4cb24d4953a274f4a8f8e6fca36e7cae719b68ed11300ec54e129a55636be2b8d15b4e7dad0a85eb6d736d8d25d7b6fb0f4310f3c871bb81;O2094689;1996893;2025-06-27 13:30:00;;;;M;60;IL;SAFETY BELT USED;NOT APPLICABLE;NONE;NO INDICATION OF INJURY;NONE;NOT OBSCURED;NORMAL;TEST NOT OFFERED;;;DRIVER;;;;;;;;
d1eefcb44bf4e69a4cb24d4953a274f4a8f8e6fca36e7cae719b68ed11300ec54e129a55636be2b8d15b4e7dad0a85eb6d736d8d25d7b6fb0f4310f3c871bb81;O2094690;1996900;2025-06-27 13:30:00;EVERGREEN PARK;IL;60805;F;42;IL;SAFETY BELT USED;NOT APPLICABLE;NONE;NO INDICATION OF INJURY;NONE;NOT OBSCURED;NORMAL;TEST NOT OFFERED;;;DRIVER;;;;;;;;
d1eefcb44bf4e69a4cb24d4953a274f4a8f8e6fca36e7cae719b68ed11300ec54e129a55636be2b8d15b4e7dad0a85eb6d736d8d25d7b6fb0f4310f3c871bb81;P462343;1996900;2025-06-27 13:30:00;;;;M;;;SAFETY BELT USED;DID NOT DEPLOY;NONE;NO INDICATION OF INJURY;;;;;;;PASSENGER;;;;;;;;
1735157e885926bc18c88697666b5959e1c6418c033b41889f9f37b0f8916780f5f516e062e574ccfe8a2c753cdae5181d61bc428ae0f5cda7443adda2012cb9;O2094569;1996777;2025-06-27 13:28:00;;;;M;;;USAGE UNKNOWN;DEPLOYMENT UNKNOWN;NONE;NO INDICATION OF INJURY;FOLLOWED TOO CLOSELY;UNKNOWN;UNKNOWN;TEST NOT OFFERED;;;DRIVER;;;;;;;;
1735157e885926bc18c88697666b5959e1c6418c033b41889f9f37b0f8916780f5f516e062e574ccfe8a2c753cdae5181d61bc428ae0f5cda7443adda2012cb9;O2094570;1996771;2025-06-27 13:28:00;CHICAGO;IL;60652;F;32;IL;SAFETY BELT USED;DID NOT DEPLOY;NONE;NO INDICATION OF INJURY;NONE;NOT OBSCURED;NORMAL;TEST NOT OFFERED;;;DRIVER;;;;;;;;
56b0f8984fc65f55bae3f80571e634acd71574fd28da8cf000f49741348f034659f4ef5d322fb37c0e6af326ed2a861fe81c2a02815edff0fa9ce6ffeb8e737c;O2094671;1996884;2025-06-27 13:25:00;CHICAGO;IL;60618;M;32;IL;USAGE UNKNOWN;DID NOT DEPLOY;NONE;NO INDICATION OF INJURY;OTHER;NOT OBSCURED;NORMAL;TEST NOT OFFERED;;;DRIVER;;;;;;;;
56b0f8984fc65f55bae3f80571e634acd71574fd28da8cf000f49741348f034659f4ef5d322fb37c0e6af326ed2a861fe81c2a02815edff0fa9ce6ffeb8e737c;P462347;1996884;2025-06-27 13:25:00;CHICAGO;IL;60628;M;28;;USAGE UNKNOWN;DID NOT DEPLOY;NONE;NO INDICATION OF INJURY;;;;;;;PASSENGER;;;;;;;;
33ec627a3542ff3008d0792c41772afa8668baf7f51e6194a2f5af2efcb70c747990f2219e43764ba5b52c793c89e98a71040a1af63b2334fba464af347564a3;O2094561;1996767;2025-06-27 13:20:00;MANHATTAN;IL;60442;M;23;IL;SAFETY BELT USED;DID NOT DEPLOY;NONE;NO INDICATION OF INJURY;FAILED TO YIELD;OTHER;NORMAL;TEST NOT OFFERED;;;DRIVER;;;;;;;;
33ec627a3542ff3008d0792c41772afa8668baf7f51e6194a2f5af2efcb70c747990f2219e43764ba5b52c793c89e98a71040a1af63b2334fba464af347564a3;O2094562;1996779;2025-06-27 13:20:00;CHICAGO;IL;60644;F;39;IL;SAFETY BELT USED;DID NOT DEPLOY;NONE;NO INDICATION OF INJURY;OTHER;UNKNOWN;NORMAL;TEST NOT OFFERED;;;DRIVER;;;;;;;;
2e01bd4cbde52fd6d6e3dd13f5d45abe0d501741831edba7f8329225bf061a1cc3bb85c60c26b75bee6b40320dd1454b76bc3dafe21dde1b32d4c5d88b1c9e55;O2094747;1996946;2025-06-27 13:15:00;HERMITAGE;TN;37076;F;33;TN;USAGE UNKNOWN;DID NOT DEPLOY;UNKNOWN;NO INDICATION OF INJURY;OTHER;NOT OBSCURED;NORMAL;TEST NOT OFFERED;;;DRIVER;;;;;;;;
2e01bd4cbde52fd6d6e3dd13f5d45abe0d501741831edba7f8329225bf061a1cc3bb85c60c26b75bee6b40320dd1454b76bc3dafe21dde1b32d4c5d88b1c9e55;P462354;1996926;2025-06-27 13:15:00;;;;M;;;SAFETY BELT USED;DID NOT DEPLOY;NONE;NO INDICATION OF INJURY;;;;;;;PASSENGER;;;;;;;;
2e01bd4cbde52fd6d6e3dd13f5d45abe0d501741831edba7f8329225bf061a1cc3bb85c60c26b75bee6b40320dd1454b76bc3dafe21dde1b32d4c5d88b1c9e55;P462356;1996926;2025-06-27 13:15:00;;;;F;;;SAFETY BELT USED;NOT APPLICABLE;UNKNOWN;NO INDICATION OF INJURY;;;;;;;PASSENGER;;;;;;;;
2e01bd4cbde52fd6d6e3dd13f5d45abe0d501741831edba7f8329225bf061a1cc3bb85c60c26b75bee6b40320dd1454b76bc3dafe21dde1b32d4c5d88b1c9e55;P462357;1996926;2025-06-27 13:15:00;;;;F;;;SAFETY BELT USED;DID NOT DEPLOY;NONE;NO INDICATION OF INJURY;;;;;;;PASSENGER;;;;;;;;
2e01bd4cbde52fd6d6e3dd13f5d45abe0d501741831edba7f8329225bf061a1cc3bb85c60c26b75bee6b40320dd1454b76bc3dafe21dde1b32d4c5d88b1c9e55;P462358;1996926;2025-06-27 13:15:00;;;;M;;;SAFETY BELT USED;DID NOT DEPLOY;NONE;NO INDICATION OF INJURY;;;;;;;PASSENGER;;;;;;;;
2e01bd4cbde52fd6d6e3dd13f5d45abe0d501741831edba7f8329225bf061a1cc3bb85c60c26b75bee6b40320dd1454b76bc3dafe21dde1b32d4c5d88b1c9e55;P462359;1996926;2025-06-27 13:15:00;;;;M;;;SAFETY BELT USED;DID NOT DEPLOY;NONE;NO INDICATION OF INJURY;;;;;;;PASSENGER;;;;;;;;
2e01bd4cbde52fd6d6e3dd13f5d45abe0d501741831edba7f8329225bf061a1cc3bb85c60c26b75bee6b40320dd1454b76bc3dafe21dde1b32d4c5d88b1c9e55;P462360;1996926;2025-06-27 13:15:00;;;;F;;;SAFETY BELT USED;NOT APPLICABLE;NONE;NO INDICATION OF INJURY;;;;;;;PASSENGER;;;;;;;;
2e01bd4cbde52fd6d6e3dd13f5d45abe0d501741831edba7f8329225bf061a1cc3bb85c60c26b75bee6b40320dd1454b76bc3dafe21dde1b32d4c5d88b1c9e55;P462362;1996926;2025-06-27 13:15:00;;;;M;;;SAFETY BELT USED;DID NOT DEPLOY;NONE;NO INDICATION OF INJURY;;;;;;;PASSENGER;;;;;;;;
2e01bd4cbde52fd6d6e3dd13f5d45abe0d501741831edba7f8329225bf061a1cc3bb85c60c26b75bee6b40320dd1454b76bc3dafe21dde1b32d4c5d88b1c9e55;P462364;1996926;2025-06-27 13:15:00;;;;F;;;SAFETY BELT USED;DID NOT DEPLOY;NONE;NO INDICATION OF INJURY;;;;;;;PASSENGER;;;;;;;;
2e01bd4cbde52fd6d6e3dd13f5d45abe0d501741831edba7f8329225bf061a1cc3bb85c60c26b75bee6b40320dd1454b76bc3dafe21dde1b32d4c5d88b1c9e55;P462366;1996946;2025-06-27 13:15:00;;;;F;;;CHILD RESTRAINT - REAR FACING;NOT APPLICABLE;NONE;NO INDICATION OF INJURY;;;;;;;PASSENGER;;;;;;;;
6ad8b193a7818d8082f0b364630e3db01af004f400509002fd7bf09945a0bd5d75dc43c7e4ddb8fd8b7d467caea7db6658cf962dffa9192e1f0e51904c5c91b8;O2094996;1997229;2025-06-27 13:15:00;CHICAGO;IL;60660;M;33;IL;USAGE UNKNOWN;DID NOT DEPLOY;NONE;NO INDICATION OF INJURY;IMPROPER BACKING;UNKNOWN;UNKNOWN;TEST NOT OFFERED;;;DRIVER;;;;;;;;
6ad8b193a7818d8082f0b364630e3db01af004f400509002fd7bf09945a0bd5d75dc43c7e4ddb8fd8b7d467caea7db6658cf962dffa9192e1f0e51904c5c91b8;O2094997;1997233;2025-06-27 13:15:00;SKOKIE;IL;60077;M;37;IL;SAFETY BELT NOT USED;DID NOT DEPLOY;NONE;NO INDICATION OF INJURY;NONE;NOT OBSCURED;NORMAL;TEST NOT OFFERED;;;DRIVER;;;;;;;;
2b26851cb245c61aa4ee36005abdca0998a6383d36e5ca705844c83023685895838ea60e78fdbf6222cac5767219d85b9db8de92b6f94a03a412ffda7384ec79;O2094567;1996768;2025-06-27 13:01:00;;;;M;;;USAGE UNKNOWN;DEPLOYMENT UNKNOWN;NONE;NO INDICATION OF INJURY;UNKNOWN;UNKNOWN;UNKNOWN;TEST NOT OFFERED;;;DRIVER;;;;;;;;
2b26851cb245c61aa4ee36005abdca0998a6383d36e5ca705844c83023685895838ea60e78fdbf6222cac5767219d85b9db8de92b6f94a03a412ffda7384ec79;O2094568;1996774;2025-06-27 13:01:00;OAKLAWN;IL;60453;M;30;IL;SAFETY BELT USED;DID NOT DEPLOY;NONE;NO INDICATION OF INJURY;NONE;NOT OBSCURED;NORMAL;TEST NOT OFFERED;;;DRIVER;;;;;;;;
14ac4e397d7466ffb149bf325eff71fb3c36c00042e6b82142f89e2da44dad52108b1f52d8e5d6c48740bba21a3733363a6b0d2e973cda7fa23216634b5a6950;O2094682;1996902;2025-06-27 13:00:00;CHICAGO;IL;60647;M;21;IL;USAGE UNKNOWN;DID NOT DEPLOY;NONE;NO INDICATION OF INJURY;FOLLOWED TOO CLOSELY;UNKNOWN;NORMAL;TEST NOT OFFERED;;;DRIVER;;;;;;;;
14ac4e397d7466ffb149bf325eff71fb3c36c00042e6b82142f89e2da44dad52108b1f52d8e5d6c48740bba21a3733363a6b0d2e973cda7fa23216634b5a6950;O2094683;1996911;2025-06-27 13:00:00;CHICAGO;IL;60634;M;24;IL;USAGE UNKNOWN;DID NOT DEPLOY;NONE;NO INDICATION OF INJURY;NONE;UNKNOWN;NORMAL;TEST NOT OFFERED;;;DRIVER;;;;;;;;
14ac4e397d7466ffb149bf325eff71fb3c36c00042e6b82142f89e2da44dad52108b1f52d8e5d6c48740bba21a3733363a6b0d2e973cda7fa23216634b5a6950;P462344;1996902;2025-06-27 13:00:00;;;;M;;;USAGE UNKNOWN;DID NOT DEPLOY;NONE;NO INDICATION OF INJURY;;;;;;;PASSENGER;;;;;;;;
14ac4e397d7466ffb149bf325eff71fb3c36c00042e6b82142f89e2da44dad52108b1f52d8e5d6c48740bba21a3733363a6b0d2e973cda7fa23216634b5a6950;P462348;1996911;2025-06-27 13:00:00;CHICAGO;IL;60614;M;;;USAGE UNKNOWN;DID NOT DEPLOY;NONE;NO INDICATION OF INJURY;;;;;;;PASSENGER;;;;;;;;
cc2a2c0d1be6376ecd3e8851afb53b2bfff14264f9c4dffd4c8b748c7039e130da4bd8eef0743295fed03c77212d37c2022ed138178d738560724563d6606187;O2095004;1997185;2025-06-27 13:00:00;;;;F;;;USAGE UNKNOWN;DEPLOYMENT UNKNOWN;NONE;NO INDICATION OF INJURY;FAILED TO YIELD;UNKNOWN;UNKNOWN;TEST NOT OFFERED;;;DRIVER;;;;;;;;
e51a65bc855ffaf22a17404522ad5b2a6b6a497e2b075a8f366e10288666bfd7ec8d86c4c5056b5d0ad757e7cce3e24a00f75a92f6d5b8feadd41de7fb4f7e06;O2094540;1996746;2025-06-27 13:00:00;ADDISON;IL;60101;F;68;IL;USAGE UNKNOWN;NOT APPLICABLE;NONE;NO INDICATION OF INJURY;UNKNOWN;UNKNOWN;NORMAL;TEST NOT OFFERED;;;DRIVER;;;;;;;;
e51a65bc855ffaf22a17404522ad5b2a6b6a497e2b075a8f366e10288666bfd7ec8d86c4c5056b5d0ad757e7cce3e24a00f75a92f6d5b8feadd41de7fb4f7e06;O2094541;1996753;2025-06-27 13:00:00;CHICAGO;IL;60630;M;57;IL;USAGE UNKNOWN;NOT APPLICABLE;NONE;NO INDICATION OF INJURY;UNKNOWN;UNKNOWN;NORMAL;TEST NOT OFFERED;;;DRIVER;;;;;;;;
65a7bd36ea3535952f1bddf355cc1bed1e8a4a2869791effac96d500acf5f24d1ae75b00c6c744bafa7bc9f580683e0b7b98c8873c2febaea2446b3c308214b0;O2094507;1996726;2025-06-27 12:50:00;CHICAGO;IL;60651;F;31;IL;USAGE UNKNOWN;NOT APPLICABLE;NONE;NO INDICATION OF INJURY;FAILED TO YIELD;UNKNOWN;NORMAL;TEST NOT OFFERED;;;DRIVER;;;;;;;;
65a7bd36ea3535952f1bddf355cc1bed1e8a4a2869791effac96d500acf5f24d1ae75b00c6c744bafa7bc9f580683e0b7b98c8873c2febaea2446b3c308214b0;O2094508;1996744;2025-06-27 12:50:00;BURNHAM;IL;60633;F;29;IL;USAGE UNKNOWN;NOT APPLICABLE;NONE;NO INDICATION OF INJURY;NONE;UNKNOWN;NORMAL;TEST NOT OFFERED;;;DRIVER;;;;;;;;
65a7bd36ea3535952f1bddf355cc1bed1e8a4a2869791effac96d500acf5f24d1ae75b00c6c744bafa7bc9f580683e0b7b98c8873c2febaea2446b3c308214b0;P462316;1996726;2025-06-27 12:50:00;CHICAGO;IL;60651;M;32;;USAGE UNKNOWN;NOT APPLICABLE;NONE;NO INDICATION OF INJURY;;;;;;;PASSENGER;;;;;;;;
65a7bd36ea3535952f1bddf355cc1bed1e8a4a2869791effac96d500acf5f24d1ae75b00c6c744bafa7bc9f580683e0b7b98c8873c2febaea2446b3c308214b0;P462319;1996744;2025-06-27 12:50:00;;IL;;M;28;;USAGE UNKNOWN;NOT APPLICABLE;NONE;NO INDICATION OF INJURY;;;;;;;PASSENGER;;;;;;;;
65a7bd36ea3535952f1bddf355cc1bed1e8a4a2869791effac96d500acf5f24d1ae75b00c6c744bafa7bc9f580683e0b7b98c8873c2febaea2446b3c308214b0;P462320;1996744;2025-06-27 12:50:00;;;;M;7;;USAGE UNKNOWN;NOT APPLICABLE;NONE;NO INDICATION OF INJURY;;;;;;;PASSENGER;;;;;;;;
65a7bd36ea3535952f1bddf355cc1bed1e8a4a2869791effac96d500acf5f24d1ae75b00c6c744bafa7bc9f580683e0b7b98c8873c2febaea2446b3c308214b0;P462323;1996744;2025-06-27 12:50:00;;;;F;5;;USAGE UNKNOWN;NOT APPLICABLE;NONE;NO INDICATION OF INJURY;;;;;;;PASSENGER;;;;;;;;
8209ad931d1bada5bb695f5113686cba720ae07dee075ed57442f8fa2f6bf7d4c0cb7994d931c2d8554c54346d1610fc5bb6f8a54e946e0f946d6817f10fca42;O2094503;1996713;2025-06-27 12:50:00;CHICAGO;IL;60608;M;55;IL;USAGE UNKNOWN;DEPLOYED, COMBINATION;NONE;NO INDICATION OF INJURY;NONE;UNKNOWN;NORMAL;TEST NOT OFFERED;;;DRIVER;;;REFUSED;;N/A;;;
8209ad931d1bada5bb695f5113686cba720ae07dee075ed57442f8fa2f6bf7d4c0cb7994d931c2d8554c54346d1610fc5bb6f8a54e946e0f946d6817f10fca42;O2094504;1996719;2025-06-27 12:50:00;CHICAGO;IL;60637;M;67;IL;USAGE UNKNOWN;DEPLOYED, COMBINATION;NONE;NO INDICATION OF INJURY;NONE;UNKNOWN;NORMAL;TEST NOT OFFERED;;;DRIVER;;;REFUSED;;N/A;;;
aa24a6ed53b947971f6a9e621aa4bae9ebc4fa4537278108bdc3ce91db7e4af2e8a3cb23777d0c337dbb4d92cf74686abf7f1a5d1bc5a50eb3e586f96755f6fa;O2094565;1996772;2025-06-27 12:50:00;CHICAGO;IL;60645;M;16;IL;SAFETY BELT USED;NOT APPLICABLE;NONE;NO INDICATION OF INJURY;IMPROPER PASSING;UNKNOWN;NORMAL;TEST NOT OFFERED;;;DRIVER;;;;;;;;
d31476cba0671393002db99d85d8133b7745bad70e6e7421f3ead0887a69f021889df17ffb4f9e95fd420a9b652919c278d15c580debc6a42d215196ee87792f;O2094497;1996708;2025-06-27 12:50:00;CHICAGO;IL;60636;M;26;IL;USAGE UNKNOWN;NOT APPLICABLE;NONE;NO INDICATION OF INJURY;UNKNOWN;UNKNOWN;NORMAL;TEST NOT OFFERED;;;DRIVER;;;;;;;;
d31476cba0671393002db99d85d8133b7745bad70e6e7421f3ead0887a69f021889df17ffb4f9e95fd420a9b652919c278d15c580debc6a42d215196ee87792f;O2094498;1996715;2025-06-27 12:50:00;;;;M;54;IL;USAGE UNKNOWN;NOT APPLICABLE;NONE;NO INDICATION OF INJURY;UNKNOWN;UNKNOWN;NORMAL;TEST NOT OFFERED;;;DRIVER;;;;;;;;
d31476cba0671393002db99d85d8133b7745bad70e6e7421f3ead0887a69f021889df17ffb4f9e95fd420a9b652919c278d15c580debc6a42d215196ee87792f;P462310;1996708;2025-06-27 12:50:00;;;;F;;;USAGE UNKNOWN;NOT APPLICABLE;NONE;NO INDICATION OF INJURY;;;;;;;PASSENGER;;;;;;;;
d31476cba0671393002db99d85d8133b7745bad70e6e7421f3ead0887a69f021889df17ffb4f9e95fd420a9b652919c278d15c580debc6a42d215196ee87792f;P462311;1996708;2025-06-27 12:50:00;;IL;;;;;NONE PRESENT;NOT APPLICABLE;NONE;NO INDICATION OF INJURY;;;;;;;PASSENGER;;;;;;;;
c42e9dce1faf2f70ae844ca86ceb50234f75efc947307a46a82f8d4a2d047da4368b405d82c37bc6c7a56ebf04539fc8c90f94ee9e78f8b43c1e2fc910d90601;O2094757;1996951;2025-06-27 12:38:00;;;;X;;;USAGE UNKNOWN;DEPLOYMENT UNKNOWN;UNKNOWN;NO INDICATION OF INJURY;UNKNOWN;UNKNOWN;UNKNOWN;TEST NOT OFFERED;;;DRIVER;;;;;;;;
426ea47eb2d4857b58023bb3b8b1376a5fac4d4e95bdef13af7bfd355d9cd94e13cf4245d569103996270946052261196abaa8192d0a1bd16016a49b9965fa46;O2094552;1996759;2025-06-27 12:35:00;PINEY FLATS;TN;37686;M;64;TN;USAGE UNKNOWN;DID NOT DEPLOY;NONE;NO INDICATION OF INJURY;UNKNOWN;UNKNOWN;NORMAL;TEST NOT OFFERED;;;DRIVER;;;;;;;;
426ea47eb2d4857b58023bb3b8b1376a5fac4d4e95bdef13af7bfd355d9cd94e13cf4245d569103996270946052261196abaa8192d0a1bd16016a49b9965fa46;O2094553;;2025-06-27 12:35:00;CHICAGO;IL;60625;F;34;;;;;NONINCAPACITATING INJURY;NONE;UNKNOWN;NORMAL;;;;PEDESTRIAN;;;;;;;;
8c9408a97e0c017b7575e894fd9e53094472cefe88fc231e3c76e16241259b108664d488569611f33b97f07eecb5189a98ed39121c62ef66e02c82f68dd15c31;O2094482;1996702;2025-06-27 12:30:00;CHICAGO;IL;60628;F;49;IL;SAFETY BELT USED;DID NOT DEPLOY;NONE;NO INDICATION OF INJURY;FOLLOWED TOO CLOSELY;NOT OBSCURED;NORMAL;TEST NOT OFFERED;;;DRIVER;;;;;;;;
8c9408a97e0c017b7575e894fd9e53094472cefe88fc231e3c76e16241259b108664d488569611f33b97f07eecb5189a98ed39121c62ef66e02c82f68dd15c31;O2094483;1996714;2025-06-27 12:30:00;CALUMET CITY;IL;60409;M;82;IL;SAFETY BELT USED;DID NOT DEPLOY;NONE;REPORTED, NOT EVIDENT;NONE;NOT OBSCURED;NORMAL;TEST NOT OFFERED;;;DRIVER;;;;;;;;
ff47e6bf15e0855f30640c308151173e243546e6d040135de6d140bd5cad51140bb21e28cc51df934fb41dc0802262437b10e8c19f8563c4eb5ebfa3993eb6cb;O2094514;1996717;2025-06-27 12:30:00;CHICAGO;IL;60608;M;67;IL;SAFETY BELT NOT USED;DID NOT DEPLOY;NONE;NO INDICATION OF INJURY;OTHER;NOT OBSCURED;NORMAL;TEST NOT OFFERED;;;DRIVER;;;;;;;;
ff47e6bf15e0855f30640c308151173e243546e6d040135de6d140bd5cad51140bb21e28cc51df934fb41dc0802262437b10e8c19f8563c4eb5ebfa3993eb6cb;O2094515;1996724;2025-06-27 12:30:00;CHICAGO;IL;60632;F;31;IL;SAFETY BELT USED;DID NOT DEPLOY;NONE;NO INDICATION OF INJURY;NONE;NOT OBSCURED;NORMAL;TEST NOT OFFERED;;;DRIVER;;;;;;;;
d49bfdcd9418a8e206be880dcbc485559a5dfd61d40d8995c4a43c669e4dbdef8f1483f86990590718d04e38cbc3cdfed94975d3ea87425118f31d74b943e178;O2094518;1996722;2025-06-27 12:29:00;;;;M;;;USAGE UNKNOWN;DEPLOYMENT UNKNOWN;UNKNOWN;NO INDICATION OF INJURY;FAILED TO YIELD;UNKNOWN;UNKNOWN;TEST NOT OFFERED;;;DRIVER;;;;;;;;
d49bfdcd9418a8e206be880dcbc485559a5dfd61d40d8995c4a43c669e4dbdef8f1483f86990590718d04e38cbc3cdfed94975d3ea87425118f31d74b943e178;O2094519;1996732;2025-06-27 12:29:00;SOUTH HOLLAND;IL;60473;M;50;IL;SAFETY BELT USED;NOT APPLICABLE;NONE;NONINCAPACITATING INJURY;NONE;NOT OBSCURED;NORMAL;TEST NOT OFFERED;;;DRIVER;;;;;;;;
d49bfdcd9418a8e206be880dcbc485559a5dfd61d40d8995c4a43c669e4dbdef8f1483f86990590718d04e38cbc3cdfed94975d3ea87425118f31d74b943e178;P462325;1996732;2025-06-27 12:29:00;;;;F;;;USAGE UNKNOWN;NOT APPLICABLE;NONE;NONINCAPACITATING INJURY;;;;;;;PASSENGER;;;;;;;;
54d7c8b68add5466501f4d9e22326f2d6060923586a8fe3a3a56f14832b8379dc7a9a2d1f4c9656e6a63569d9867502765189996275932fe100face8980faf99;O2094531;1996742;2025-06-27 12:23:00;CHICAGO;IL;60644;F;26;IL;USAGE UNKNOWN;DID NOT DEPLOY;NONE;NO INDICATION OF INJURY;FAILED TO YIELD;UNKNOWN;NORMAL;TEST NOT OFFERED;;;DRIVER;;;;;;;;
54d7c8b68add5466501f4d9e22326f2d6060923586a8fe3a3a56f14832b8379dc7a9a2d1f4c9656e6a63569d9867502765189996275932fe100face8980faf99;O2094532;1996751;2025-06-27 12:23:00;CHICAGO;IL;60657;F;20;IL;USAGE UNKNOWN;DID NOT DEPLOY;NONE;NO INDICATION OF INJURY;NONE;UNKNOWN;NORMAL;TEST NOT OFFERED;;;DRIVER;;;;;;;;
365d3bce814207a339cbe88e2b238de55c938401749a5d02f130cb4d0b87edcd8d095e7e5f664a6efe6dfb1ad6ac7b12a74093da3a6701c7bfb4a5c93063a3fa;O2094516;1996723;2025-06-27 12:22:00;PLAINFIELD;IL;60585;M;0;IL;USAGE UNKNOWN;DID NOT DEPLOY;NONE;NO INDICATION OF INJURY;OTHER;NOT OBSCURED;NORMAL;TEST NOT OFFERED;;;DRIVER;;;;;;;;
365d3bce814207a339cbe88e2b238de55c938401749a5d02f130cb4d0b87edcd8d095e7e5f664a6efe6dfb1ad6ac7b12a74093da3a6701c7bfb4a5c93063a3fa;O2094517;1996735;2025-06-27 12:22:00;CHICAGO;IL;60614;F;29;IL;NONE PRESENT;DID NOT DEPLOY;NONE;NO INDICATION OF INJURY;NONE;NOT OBSCURED;NORMAL;TEST NOT OFFERED;;;DRIVER;;;;;;;;
4f8e6d5ae4bbb2df85cfb7f90d6df89902daac1b03f2ea667b56b50323a1a68bf0d4d594c15aa9edd95a6b72ec002998bf89a3f6a1874dbdc77c79c3aabd440c;O2094472;1996686;2025-06-27 12:20:00;HAMMOND;IN;46320;F;61;IN;SAFETY BELT USED;DID NOT DEPLOY;NONE;NO INDICATION OF INJURY;IMPROPER BACKING;UNKNOWN;NORMAL;TEST NOT OFFERED;;;DRIVER;;;;;;;;
4f8e6d5ae4bbb2df85cfb7f90d6df89902daac1b03f2ea667b56b50323a1a68bf0d4d594c15aa9edd95a6b72ec002998bf89a3f6a1874dbdc77c79c3aabd440c;P462309;1996686;2025-06-27 12:20:00;CHICAGO;IL;;F;;;SAFETY BELT USED;DID NOT DEPLOY;NONE;NO INDICATION OF INJURY;;;;;;;PASSENGER;;;;;;;;
5f9315119b725359858499941813c4cf27d1c0761f0d4601949e0920b383c0b4b5d852dac18f34d1f9fc1b050092420ee5e330657511b87e38126cb012758a25;O2094526;1996731;2025-06-27 12:15:00;CHICAGO;IL;60827;F;43;IL;USAGE UNKNOWN;DID NOT DEPLOY;NONE;NO INDICATION OF INJURY;FOLLOWED TOO CLOSELY;UNKNOWN;UNKNOWN;TEST NOT OFFERED;;;DRIVER;;;;;;;;
5f9315119b725359858499941813c4cf27d1c0761f0d4601949e0920b383c0b4b5d852dac18f34d1f9fc1b050092420ee5e330657511b87e38126cb012758a25;O2094527;1996737;2025-06-27 12:15:00;CHICAGO;IL;60622;M;30;IL;USAGE UNKNOWN;DID NOT DEPLOY;NONE;NO INDICATION OF INJURY;NONE;UNKNOWN;UNKNOWN;TEST NOT OFFERED;;;DRIVER;;;;;;;;
41e7289817b4f51325b7cc703cf5f446d150ed772eafdc3f0e3229482673b34a9ed551f733779d41ffc0729d1c90eedba242a70ab7544a6de21243c0c7947579;O2094458;1996676;2025-06-27 12:14:00;CHICAGO;IL;60827;F;19;IL;SAFETY BELT USED;DID NOT DEPLOY;NONE;NO INDICATION OF INJURY;FAILED TO YIELD;NOT OBSCURED;NORMAL;TEST NOT OFFERED;;;DRIVER;;;;;;;;
41e7289817b4f51325b7cc703cf5f446d150ed772eafdc3f0e3229482673b34a9ed551f733779d41ffc0729d1c90eedba242a70ab7544a6de21243c0c7947579;O2094459;1996685;2025-06-27 12:14:00;CHICAGO;IL;60614;F;50;IL;SAFETY BELT USED;DID NOT DEPLOY;NONE;NO INDICATION OF INJURY;NONE;NOT OBSCURED;NORMAL;TEST NOT OFFERED;;;DRIVER;;;;;;;;
82fc4ff9fd49611da4e07561b1772beaea41e73718c7e6d3fd57316f84f2dfb00f7d5896f0ca7c59704242f8aebe44c0190775861a379c84c1c475b8c2621f0e;O2094476;1996692;2025-06-27 12:13:00;CHICAGO;IL;;M;23;IL;SAFETY BELT USED;DID NOT DEPLOY;NONE;NO INDICATION OF INJURY;FAILED TO YIELD;NOT OBSCURED;NORMAL;TEST NOT OFFERED;;;DRIVER;;;;;;;;
82fc4ff9fd49611da4e07561b1772beaea41e73718c7e6d3fd57316f84f2dfb00f7d5896f0ca7c59704242f8aebe44c0190775861a379c84c1c475b8c2621f0e;O2094477;1996712;2025-06-27 12:13:00;ATLANTA;GA;30342;M;32;GA;SAFETY BELT USED;DID NOT DEPLOY;UNKNOWN;NO INDICATION OF INJURY;NONE;NOT OBSCURED;NORMAL;TEST NOT OFFERED;;;DRIVER;;;;;;;;
82fc4ff9fd49611da4e07561b1772beaea41e73718c7e6d3fd57316f84f2dfb00f7d5896f0ca7c59704242f8aebe44c0190775861a379c84c1c475b8c2621f0e;P462315;1996692;2025-06-27 12:13:00;BELLWOOD;IL;;;23;;SAFETY BELT USED;DID NOT DEPLOY;NONE;NO INDICATION OF INJURY;;;;;;;PASSENGER;;;;;;;;
26249c92440b7b018a3d663eab2b7b8ca440da14c7e7371233a39a2e1f41cd88413f119e95d1ff91160f8a1cbe6551e663468e544e30abebd0029d6a36009115;O2094478;1996689;2025-06-27 12:12:00;CHICAGO;IL;60634;F;36;;USAGE UNKNOWN;NOT APPLICABLE;NONE;NO INDICATION OF INJURY;IMPROPER PASSING;UNKNOWN;NORMAL;TEST NOT OFFERED;;;DRIVER;;;;;;;;
cd429323343c0563670e77ee9b51c45818b34f8fd6f84955344af7562c0c813d4d28a83ae68256b39dd07c38e26a8b787b8f92b1d686ce7a3ee882425dbb06a6;O2094480;1996690;2025-06-27 12:04:00;CHICAGO;IL;60636;M;60;IL;USAGE UNKNOWN;DID NOT DEPLOY;NONE;NO INDICATION OF INJURY;UNKNOWN;NOT OBSCURED;NORMAL;TEST NOT OFFERED;;;DRIVER;;;;;;;;
cd429323343c0563670e77ee9b51c45818b34f8fd6f84955344af7562c0c813d4d28a83ae68256b39dd07c38e26a8b787b8f92b1d686ce7a3ee882425dbb06a6;O2094481;1996706;2025-06-27 12:04:00;CHICAGO;IL;60637;F;63;IL;USAGE UNKNOWN;DEPLOYED, COMBINATION;NONE;REPORTED, NOT EVIDENT;UNKNOWN;UNKNOWN;NORMAL;TEST NOT OFFERED;;;DRIVER;;;;;;;;
cd429323343c0563670e77ee9b51c45818b34f8fd6f84955344af7562c0c813d4d28a83ae68256b39dd07c38e26a8b787b8f92b1d686ce7a3ee882425dbb06a6;P462312;1996690;2025-06-27 12:04:00;;;;F;26;;USAGE UNKNOWN;DID NOT DEPLOY;NONE;REPORTED, NOT EVIDENT;;;;;;;PASSENGER;;;CHILDRENS COHMERS;;CFD #18;;;
cd429323343c0563670e77ee9b51c45818b34f8fd6f84955344af7562c0c813d4d28a83ae68256b39dd07c38e26a8b787b8f92b1d686ce7a3ee882425dbb06a6;P462313;1996690;2025-06-27 12:04:00;;;;F;8;;USAGE UNKNOWN;DID NOT DEPLOY;NONE;REPORTED, NOT EVIDENT;;;;;;;PASSENGER;;;CHILDRENS COHMERS;;CFD #18;;;
cd429323343c0563670e77ee9b51c45818b34f8fd6f84955344af7562c0c813d4d28a83ae68256b39dd07c38e26a8b787b8f92b1d686ce7a3ee882425dbb06a6;P462314;1996690;2025-06-27 12:04:00;;;;M;0;;CHILD RESTRAINT - TYPE UNKNOWN;DID NOT DEPLOY;NONE;REPORTED, NOT EVIDENT;;;;;;;PASSENGER;;;CHILDRENS COHMERS;;CFD #18;;;
c4057d68786390a770a18eae09232d7cd9d1db77f9be6eb2910e6990edb0862dec1811c2bdb391652a7155c00f5ffb80757820e3d65d38c93c1fd00c63459222;O2094548;1996755;2025-06-27 12:00:00;CHICAGO;IL;60625;M;77;IL;SAFETY BELT USED;DID NOT DEPLOY;NONE;NO INDICATION OF INJURY;UNKNOWN;NOT OBSCURED;NORMAL;TEST NOT OFFERED;;;DRIVER;;;;;;;;
c4057d68786390a770a18eae09232d7cd9d1db77f9be6eb2910e6990edb0862dec1811c2bdb391652a7155c00f5ffb80757820e3d65d38c93c1fd00c63459222;O2094549;1996763;2025-06-27 12:00:00;CHICAGO;IL;60618;F;48;IL;SAFETY BELT USED;DID NOT DEPLOY;NONE;NO INDICATION OF INJURY;NONE;NOT OBSCURED;NORMAL;TEST NOT OFFERED;;;DRIVER;;;;;;;;
c4057d68786390a770a18eae09232d7cd9d1db77f9be6eb2910e6990edb0862dec1811c2bdb391652a7155c00f5ffb80757820e3d65d38c93c1fd00c63459222;P462324;1996755;2025-06-27 12:00:00;CHICAGO;IL;60625;F;49;;SAFETY BELT USED;DID NOT DEPLOY;NONE;NO INDICATION OF INJURY;;;;;;;PASSENGER;;;;;;;;
c4057d68786390a770a18eae09232d7cd9d1db77f9be6eb2910e6990edb0862dec1811c2bdb391652a7155c00f5ffb80757820e3d65d38c93c1fd00c63459222;P462326;1996763;2025-06-27 12:00:00;CHICAGO;IL;60618;M;15;;SAFETY BELT USED;DID NOT DEPLOY;NONE;NO INDICATION OF INJURY;;;;;;;PASSENGER;;;;;;;;
f6a329a4e2f83238b8e2aa4e3cfd0c8a72a7916a6de205da9308723435a46b0287249659909921483ad3684cdaf3321d600cec30aeac3faed29c89b69e8ba175;O2094440;1996659;2025-06-27 11:59:00;CHICAGO;IL;60661;M;54;IL;USAGE UNKNOWN;NOT APPLICABLE;NONE;NO INDICATION OF INJURY;FAILED TO YIELD;UNKNOWN;NORMAL;TEST NOT OFFERED;;;DRIVER;;;;;;;;
f6a329a4e2f83238b8e2aa4e3cfd0c8a72a7916a6de205da9308723435a46b0287249659909921483ad3684cdaf3321d600cec30aeac3faed29c89b69e8ba175;O2094441;1996661;2025-06-27 11:59:00;CHICAGO;IL;60611;F;77;IL;USAGE UNKNOWN;NOT APPLICABLE;UNKNOWN;NO INDICATION OF INJURY;NONE;UNKNOWN;NORMAL;TEST NOT OFFERED;;;DRIVER;;;;;;;;
faa58dae7d5c7a4f2ea3994e4d860e53400f02d745437aaf80d0730d6acd1bc7fe6164bb713f388de580a529f66b842aae2e1dae1ea4b7779ced076f06ca6957;O2094487;1996710;2025-06-27 11:56:00;CHICAGO;IL;60634;F;60;IL;USAGE UNKNOWN;NOT APPLICABLE;NONE;NO INDICATION OF INJURY;IMPROPER BACKING;UNKNOWN;NORMAL;TEST NOT OFFERED;;;DRIVER;;;;;;;;
faa58dae7d5c7a4f2ea3994e4d860e53400f02d745437aaf80d0730d6acd1bc7fe6164bb713f388de580a529f66b842aae2e1dae1ea4b7779ced076f06ca6957;O2094488;1996721;2025-06-27 11:56:00;CHICAGO;IL;60639;M;49;IL;USAGE UNKNOWN;NOT APPLICABLE;NONE;REPORTED, NOT EVIDENT;UNKNOWN;UNKNOWN;NORMAL;TEST NOT OFFERED;;;DRIVER;;;COMMUNITY FIRST;;CFD 20;;;
58363b76e0da5d9869d4853d31ea20a1089b8b0c1b9e6bbae0ad237d9e90e4e09dca349654e1e66fbef699042e21346aa8deb0879026765f1149dbe1cb30ff5b;O2094446;1996662;2025-06-27 11:50:00;FRIENDSWOOD;TX;77546;M;22;TX;SAFETY BELT USED;DID NOT DEPLOY;NONE;NO INDICATION OF INJURY;FAILED TO YIELD;NOT OBSCURED;NORMAL;TEST NOT OFFERED;;;DRIVER;;;DNA;;DNA;;;
58363b76e0da5d9869d4853d31ea20a1089b8b0c1b9e6bbae0ad237d9e90e4e09dca349654e1e66fbef699042e21346aa8deb0879026765f1149dbe1cb30ff5b;O2094447;1996665;2025-06-27 11:50:00;CHICAGO;IL;60632;F;25;IL;SAFETY BELT USED;DID NOT DEPLOY;NONE;NO INDICATION OF INJURY;NONE;NOT OBSCURED;NORMAL;TEST NOT OFFERED;;;DRIVER;;;DNA;;DNA;;;
58363b76e0da5d9869d4853d31ea20a1089b8b0c1b9e6bbae0ad237d9e90e4e09dca349654e1e66fbef699042e21346aa8deb0879026765f1149dbe1cb30ff5b;P462302;1996662;2025-06-27 11:50:00;CHICAGO;IL;60632;M;15;;SAFETY BELT USED;DID NOT DEPLOY;NONE;NO INDICATION OF INJURY;;;;;;;PASSENGER;;;DNA;DNA;DNA;;;
a8114600003f1b9d5ce8f65311acf96f8d512fcfce88a41cec5591c8ccdf64d38b94e67ed966feeabf660caa47637e3bc9a6b50a01b62dff8e2ea8e16651bee6;O2094466;1996682;2025-06-27 11:50:00;WESTVILLE;IN;46391;M;24;IN;SAFETY BELT USED;NOT APPLICABLE;NONE;NO INDICATION OF INJURY;NONE;OTHER;NORMAL;TEST NOT OFFERED;;;DRIVER;;;;;;;;
a8114600003f1b9d5ce8f65311acf96f8d512fcfce88a41cec5591c8ccdf64d38b94e67ed966feeabf660caa47637e3bc9a6b50a01b62dff8e2ea8e16651bee6;O2094467;1996773;2025-06-27 11:50:00;HAMMOND;IN;46320;F;61;IN;SAFETY BELT USED;NOT APPLICABLE;NONE;REPORTED, NOT EVIDENT;NONE;NOT OBSCURED;NORMAL;TEST NOT OFFERED;;;DRIVER;;;;;;;;
a8114600003f1b9d5ce8f65311acf96f8d512fcfce88a41cec5591c8ccdf64d38b94e67ed966feeabf660caa47637e3bc9a6b50a01b62dff8e2ea8e16651bee6;P462327;1996773;2025-06-27 11:50:00;CHICAGO;IL;60617;F;67;;SAFETY BELT USED;NOT APPLICABLE;NONE;REPORTED, NOT EVIDENT;;;;;;;PASSENGER;;;;;;;;
29a7675f22b2737866aa4923127be74dafc5ba9d461cfabcc5429e4a60812557a0de664ddf21cf474c0e71dc50bdee88115fb3b3240bfb8f931b186e1346d268;O2094460;1996703;2025-06-27 11:47:00;CHICAGO;IL;;M;42;IL;SAFETY BELT USED;DID NOT DEPLOY;NONE;NO INDICATION OF INJURY;NONE;NOT OBSCURED;NORMAL;TEST NOT OFFERED;;;DRIVER;;;;;;;;
29a7675f22b2737866aa4923127be74dafc5ba9d461cfabcc5429e4a60812557a0de664ddf21cf474c0e71dc50bdee88115fb3b3240bfb8f931b186e1346d268;O2094461;1996711;2025-06-27 11:47:00;PFLUGERVILLE;TX;78660;M;45;TX;SAFETY BELT USED;DID NOT DEPLOY;NONE;NO INDICATION OF INJURY;NONE;NOT OBSCURED;NORMAL;TEST NOT OFFERED;;;DRIVER;;;;;;;;
8b2cc05681c222ca1042a8b2c11cf4ade41b46eec7c013aa09871a1cbae5ba6134af9fd0f9438922b07d84c7e9c4d78fd5ffd33e3ce79843c102d89adcf8c0f3;O2094442;1996663;2025-06-27 11:32:00;CHICAGO;IL;60630;M;28;IL;USAGE UNKNOWN;NOT APPLICABLE;NONE;NO INDICATION OF INJURY;NONE;UNKNOWN;NORMAL;TEST NOT OFFERED;;;DRIVER;;;;;;;;
8b2cc05681c222ca1042a8b2c11cf4ade41b46eec7c013aa09871a1cbae5ba6134af9fd0f9438922b07d84c7e9c4d78fd5ffd33e3ce79843c102d89adcf8c0f3;O2094443;1996678;2025-06-27 11:32:00;CHICAGO;IL;60625;F;40;IL;USAGE UNKNOWN;NOT APPLICABLE;NONE;NO INDICATION OF INJURY;NONE;UNKNOWN;NORMAL;TEST NOT OFFERED;;;DRIVER;;;;;;;;
8b2cc05681c222ca1042a8b2c11cf4ade41b46eec7c013aa09871a1cbae5ba6134af9fd0f9438922b07d84c7e9c4d78fd5ffd33e3ce79843c102d89adcf8c0f3;P462303;1996663;2025-06-27 11:32:00;CHICAGO;IL;60630;M;32;;USAGE UNKNOWN;NOT APPLICABLE;NONE;NO INDICATION OF INJURY;;;;;;;PASSENGER;;;;;;;;
8b2cc05681c222ca1042a8b2c11cf4ade41b46eec7c013aa09871a1cbae5ba6134af9fd0f9438922b07d84c7e9c4d78fd5ffd33e3ce79843c102d89adcf8c0f3;P462304;1996663;2025-06-27 11:32:00;CHICAGO;IL;60630;M;38;;USAGE UNKNOWN;NOT APPLICABLE;NONE;NO INDICATION OF INJURY;;;;;;;PASSENGER;;;;;;;;
bec197c888d16db4d7fcdd16186d4c957540560b6f6d2a9fd94721d67f42afcd645a839a7acba13bc486a848642772a370645696d2fb69169fb385e425e6eda9;O2094433;1996650;2025-06-27 11:30:00;CHICAGO;IL;60632;F;;IL;SAFETY BELT USED;DID NOT DEPLOY;NONE;NO INDICATION OF INJURY;FAILED TO YIELD;NOT OBSCURED;NORMAL;TEST NOT OFFERED;;;DRIVER;;;;;;;;
bec197c888d16db4d7fcdd16186d4c957540560b6f6d2a9fd94721d67f42afcd645a839a7acba13bc486a848642772a370645696d2fb69169fb385e425e6eda9;O2094434;1996656;2025-06-27 11:30:00;CHICAGO;IL;60638;M;;IL;SAFETY BELT USED;DID NOT DEPLOY;NONE;NO INDICATION OF INJURY;NONE;NOT OBSCURED;NORMAL;TEST NOT OFFERED;;;DRIVER;;;;;;;;
e3233d3cf1affa1616f2e5b6c355f17df150bf10fd1f16dd049d4577ff9c6adf8e79e36c51a322de80bb9680b6aa9b7b08d46950891392ff92cf9d86da445710;O2094474;;2025-06-27 11:14:00;CHICAGO;IL;60629;F;24;;HELMET NOT USED;;NONE;REPORTED, NOT EVIDENT;OTHER;NOT OBSCURED;NORMAL;TEST NOT OFFERED;;;BICYCLE;;;CHRIST;;CFD AMB#78;;;
e3233d3cf1affa1616f2e5b6c355f17df150bf10fd1f16dd049d4577ff9c6adf8e79e36c51a322de80bb9680b6aa9b7b08d46950891392ff92cf9d86da445710;O2094475;1996687;2025-06-27 11:14:00;CHICAGO;IL;60629;F;81;IL;SAFETY BELT USED;NOT APPLICABLE;NONE;NO INDICATION OF INJURY;NONE;NOT OBSCURED;NORMAL;TEST NOT OFFERED;;;DRIVER;;;;;;;;
9bd39756c64589e2287aa1b48117a354c20de737a343022f69dda76e5f3b662e84d2f64c31b8ecc5247e0df5aa39d4f816496711223a14d0d99029223fb5172d;O2094416;1996645;2025-06-27 11:05:00;CHICAGO;IL;60628;M;33;IL;SAFETY BELT USED;NOT APPLICABLE;NONE;NO INDICATION OF INJURY;UNKNOWN;UNKNOWN;NORMAL;TEST NOT OFFERED;;;DRIVER;;;;;;;;
9bd39756c64589e2287aa1b48117a354c20de737a343022f69dda76e5f3b662e84d2f64c31b8ecc5247e0df5aa39d4f816496711223a14d0d99029223fb5172d;O2094417;1996658;2025-06-27 11:05:00;CHICAGO;IL;60655;M;43;IL;SAFETY BELT USED;NOT APPLICABLE;NONE;NO INDICATION OF INJURY;NONE;UNKNOWN;NORMAL;TEST NOT OFFERED;;;DRIVER;;;;;;;;
de4cc81ebd5304ead8b9d49de2ad1f6e9aac8ae920a6fcf84b2a5336f15ef2c587ae7829e5cd97b29306a9af74660612f14f2607ffed52f411591a4a1a90fced;O2094448;1996672;2025-06-27 11:05:00;RIDGEFIELD;WA;98642;M;;WA;SAFETY BELT USED;NOT APPLICABLE;NONE;NO INDICATION OF INJURY;OTHER;NOT OBSCURED;NORMAL;TEST NOT OFFERED;;;DRIVER;;;;;;;;
de4cc81ebd5304ead8b9d49de2ad1f6e9aac8ae920a6fcf84b2a5336f15ef2c587ae7829e5cd97b29306a9af74660612f14f2607ffed52f411591a4a1a90fced;O2094449;1996680;2025-06-27 11:05:00;ELMWOOD PARK;IL;60707;F;;IL;SAFETY BELT USED;NOT APPLICABLE;NONE;NO INDICATION OF INJURY;OTHER;NOT OBSCURED;NORMAL;TEST NOT OFFERED;;;DRIVER;;;;;;;;
de4cc81ebd5304ead8b9d49de2ad1f6e9aac8ae920a6fcf84b2a5336f15ef2c587ae7829e5cd97b29306a9af74660612f14f2607ffed52f411591a4a1a90fced;P462305;1996672;2025-06-27 11:05:00;;;;F;;;USAGE UNKNOWN;NOT APPLICABLE;NONE;NO INDICATION OF INJURY;;;;;;;PASSENGER;;;;;;;;
de4cc81ebd5304ead8b9d49de2ad1f6e9aac8ae920a6fcf84b2a5336f15ef2c587ae7829e5cd97b29306a9af74660612f14f2607ffed52f411591a4a1a90fced;P462306;1996680;2025-06-27 11:05:00;;;;M;;;USAGE UNKNOWN;NOT APPLICABLE;NONE;NO INDICATION OF INJURY;;;;;;;PASSENGER;;;;;;;;
b36763968e7988ed1bd26e69a2b42a2a88a13840d1b3ad48b11386032f42bc7cef52683499b77bb5ff60099b09c388435f1e33697d55335c62c4a34b5c166907;O2094435;1996653;2025-06-27 11:00:00;CHICAGO;IL;60629;M;36;IL;USAGE UNKNOWN;DID NOT DEPLOY;NONE;NO INDICATION OF INJURY;OVERCORRECTED;NOT OBSCURED;NORMAL;TEST NOT OFFERED;;;DRIVER;;;REFUSED;;;;;
d0e86584fe8948a79e25fbe53860afc2ebd4b6b22d190c303e2fe2c5e96c4b76949c0d821ff4e4dc45eb0549711e66ad9fa0e00fa2dd0a38abae1062adc05fea;O2094600;1996809;2025-06-27 11:00:00;CHICAGO;IL;60611;M;;;USAGE UNKNOWN;DEPLOYMENT UNKNOWN;UNKNOWN;NO INDICATION OF INJURY;UNKNOWN;UNKNOWN;UNKNOWN;TEST NOT OFFERED;;;DRIVER;;;;;;;;
45a5bb6f8a7c456e61f23e96c736abfefaf42e08c91e01df0a2bdf65f7aeeb3dd24bff2f023a53f288a9fb1330cee52cc674168bb6e6a4195eb5a6456109c3a6;O2094450;1996675;2025-06-27 10:59:00;;;;X;;;USAGE UNKNOWN;DEPLOYMENT UNKNOWN;NONE;NO INDICATION OF INJURY;IMPROPER TURN;UNKNOWN;UNKNOWN;TEST NOT OFFERED;;;DRIVER;;;;;;;;
45a5bb6f8a7c456e61f23e96c736abfefaf42e08c91e01df0a2bdf65f7aeeb3dd24bff2f023a53f288a9fb1330cee52cc674168bb6e6a4195eb5a6456109c3a6;O2094451;1996684;2025-06-27 10:59:00;ROCKFORD;IL;61109;F;48;IL;SAFETY BELT USED;DID NOT DEPLOY;NONE;NO INDICATION OF INJURY;NONE;NOT OBSCURED;NORMAL;TEST NOT OFFERED;;;DRIVER;;;;;;;;
45a5bb6f8a7c456e61f23e96c736abfefaf42e08c91e01df0a2bdf65f7aeeb3dd24bff2f023a53f288a9fb1330cee52cc674168bb6e6a4195eb5a6456109c3a6;P462307;1996684;2025-06-27 10:59:00;ROCKFORD;IL;61109;M;55;;USAGE UNKNOWN;DID NOT DEPLOY;NONE;NO INDICATION OF INJURY;;;;;;;PASSENGER;;;;;;;;
45a5bb6f8a7c456e61f23e96c736abfefaf42e08c91e01df0a2bdf65f7aeeb3dd24bff2f023a53f288a9fb1330cee52cc674168bb6e6a4195eb5a6456109c3a6;P462308;1996684;2025-06-27 10:59:00;ROCKFORD;IL;61108;F;43;;USAGE UNKNOWN;DID NOT DEPLOY;NONE;NO INDICATION OF INJURY;;;;;;;PASSENGER;;;;;;;;
4d803dc6d3371423b4d10008bd302418f91b52ceb272a7bb3f59dcaf38d9cc86aec461302a1d9cb7f3ca4bbcb2b84b9f2279b7fbd83c33214da9d39653e911a2;O2094544;1996754;2025-06-27 10:50:00;EVANSTON;IL;60203;F;43;IL;SAFETY BELT USED;DID NOT DEPLOY;NONE;NO INDICATION OF INJURY;FOLLOWED TOO CLOSELY;NOT OBSCURED;NORMAL;TEST NOT OFFERED;;;DRIVER;;;;;;;;
4d803dc6d3371423b4d10008bd302418f91b52ceb272a7bb3f59dcaf38d9cc86aec461302a1d9cb7f3ca4bbcb2b84b9f2279b7fbd83c33214da9d39653e911a2;O2094545;1996760;2025-06-27 10:50:00;HOUSTON;TX;77074;M;31;TX;SAFETY BELT USED;DID NOT DEPLOY;NONE;NO INDICATION OF INJURY;NONE;NOT OBSCURED;NORMAL;TEST NOT OFFERED;;;DRIVER;;;;;;;;
56753276e52f8163f6619e4d8f9c7c8b2f4fb93f133adb522aa352f66673b817a796c29478818f968522a444dd918e712775cf7617a323a23920f4ac2ad3b7aa;O2094644;;2025-06-27 10:32:00;BROOKFIELD;IL;60513;M;25;;HELMET NOT USED;;PARTIALLY EJECTED;NONINCAPACITATING INJURY;OTHER;NOT OBSCURED;NORMAL;TEST NOT OFFERED;;;BICYCLE;;;ILLINOIS;;CFD AMB 43;;;
2c84225deb4e934f320fdd2ab09e8880f7433255ccd06208903f13e054f91f3ff3c1d8eb75f02b0448f862c7d65d4d4b5f65344760e3c840f4cd2fd578a5a86b;O2094530;1996740;2025-06-27 10:28:00;CHICAGO;IL;60628;F;0;IL;USAGE UNKNOWN;DEPLOYMENT UNKNOWN;NONE;NO INDICATION OF INJURY;UNKNOWN;UNKNOWN;NORMAL;TEST NOT OFFERED;;;DRIVER;;;;;;;;
9d749f8d106ed9e28215dcfae7c761ff779f0620c0bbc50fac306db6b2af79782902a968f3239e0b760f612fc2bd5d845e15155258448b1f8bb97c9ab4be1ef6;O2094550;1996776;2025-06-27 10:25:00;;;;M;;;USAGE UNKNOWN;DEPLOYMENT UNKNOWN;NONE;NO INDICATION OF INJURY;UNKNOWN;UNKNOWN;UNKNOWN;TEST NOT OFFERED;;;DRIVER;;;;;;;;
9d749f8d106ed9e28215dcfae7c761ff779f0620c0bbc50fac306db6b2af79782902a968f3239e0b760f612fc2bd5d845e15155258448b1f8bb97c9ab4be1ef6;O2094551;1996783;2025-06-27 10:25:00;CHICAGO;IL;60626;F;86;IL;USAGE UNKNOWN;NOT APPLICABLE;UNKNOWN;NO INDICATION OF INJURY;UNKNOWN;UNKNOWN;NORMAL;TEST NOT OFFERED;;;DRIVER;;;;;;;;
b9a3d975fced64593d2695c66f6a780b468bb702e3e24c020796fc4da86085e385b92e8cf9aba14773e57224184c1acf3ece30a131d529de43c6cc49c0d92d03;O2094412;1996633;2025-06-27 10:20:00;CHICAGO;IL;60636;M;47;IL;SAFETY BELT USED;DID NOT DEPLOY;NONE;NO INDICATION OF INJURY;OTHER;NOT OBSCURED;FATIGUED/ASLEEP;TEST NOT OFFERED;;;DRIVER;;;;;;;;
b9a3d975fced64593d2695c66f6a780b468bb702e3e24c020796fc4da86085e385b92e8cf9aba14773e57224184c1acf3ece30a131d529de43c6cc49c0d92d03;P462296;1996636;2025-06-27 10:20:00;;;;M;;;SAFETY BELT USED;DID NOT DEPLOY;NONE;NO INDICATION OF INJURY;;;;;;;PASSENGER;;;;;;;;
b9a3d975fced64593d2695c66f6a780b468bb702e3e24c020796fc4da86085e385b92e8cf9aba14773e57224184c1acf3ece30a131d529de43c6cc49c0d92d03;P462297;1996636;2025-06-27 10:20:00;;;;F;;;SAFETY BELT USED;DID NOT DEPLOY;NONE;NO INDICATION OF INJURY;;;;;;;PASSENGER;;;;;;;;
b9a3d975fced64593d2695c66f6a780b468bb702e3e24c020796fc4da86085e385b92e8cf9aba14773e57224184c1acf3ece30a131d529de43c6cc49c0d92d03;P462298;1996636;2025-06-27 10:20:00;;;;M;34;;SAFETY BELT NOT USED;DID NOT DEPLOY;NONE;NO INDICATION OF INJURY;;;;;;;PASSENGER;;;;;;;;
b9a3d975fced64593d2695c66f6a780b468bb702e3e24c020796fc4da86085e385b92e8cf9aba14773e57224184c1acf3ece30a131d529de43c6cc49c0d92d03;P462299;1996636;2025-06-27 10:20:00;;;;F;36;;SAFETY BELT USED;DID NOT DEPLOY;NONE;NO INDICATION OF INJURY;;;;;;;PASSENGER;;;;;;;;
be8ecd9ec8d9756c33e3d370a4e2ff7e229a321c60799685ca134e49282792e78d6aa4a3ac863f472f6b27f4ab6762d9a99c37de7db7e700be1819ef4c57463d;O2094392;1996641;2025-06-27 10:15:00;AVON;IN;46123;M;42;IN;SAFETY BELT USED;DID NOT DEPLOY;NONE;NO INDICATION OF INJURY;OTHER;UNKNOWN;NORMAL;TEST NOT OFFERED;;;DRIVER;;;REFUSED;;NA;;;
7d05a06065aa63013c3bfc9178714983ee8bb7f04f640c39938eebb51a83ba0c82ae380f746ef8b449d1cf31b5dcef603556c99de03dc2cab1fcb5e7d63082bc;O2094410;1996629;2025-06-27 10:09:00;;;;X;;;USAGE UNKNOWN;DEPLOYMENT UNKNOWN;UNKNOWN;NO INDICATION OF INJURY;NONE;UNKNOWN;UNKNOWN;TEST NOT OFFERED;;;DRIVER;;;;;;;;
ddbf9ed74f42578cdc52a265bcb815a78f06a7c101755eb064dc667d0fb83a7c46b343d95a33e64b95b1d33a39e2d79d4940e22dd6d829acf1fcb72949a128bc;O2094484;;2025-06-27 10:05:00;CHICAGO;IL;60608;F;53;;NONE PRESENT;;;REPORTED, NOT EVIDENT;OTHER;UNKNOWN;NORMAL;TEST NOT OFFERED;;;PEDESTRIAN;;;NORTH WESTERN;;CFD AMB 74;;;
ddbf9ed74f42578cdc52a265bcb815a78f06a7c101755eb064dc667d0fb83a7c46b343d95a33e64b95b1d33a39e2d79d4940e22dd6d829acf1fcb72949a128bc;O2094485;1996707;2025-06-27 10:05:00;CHICAGO;IL;60621;F;20;IL;SAFETY BELT USED;NOT APPLICABLE;NONE;NO INDICATION OF INJURY;NONE;NOT OBSCURED;NORMAL;TEST NOT OFFERED;;;DRIVER;;;;;;;;
56850ab9b7e18d16b6f0cfc50cd5c48b9fd30438d2904221942acb9d6a48a18af2ea0208b399b3d3762ee7f60b8f2322aa269f0088ffaef79c5e5abf3a12903e;O2094393;1996630;2025-06-27 10:00:00;CHICAGO;IL;60629;F;44;IL;USAGE UNKNOWN;NOT APPLICABLE;NONE;NO INDICATION OF INJURY;UNKNOWN;UNKNOWN;UNKNOWN;TEST NOT OFFERED;;;DRIVER;;;;;;;;
56850ab9b7e18d16b6f0cfc50cd5c48b9fd30438d2904221942acb9d6a48a18af2ea0208b399b3d3762ee7f60b8f2322aa269f0088ffaef79c5e5abf3a12903e;O2094394;1996640;2025-06-27 10:00:00;WESTMONT;IL;60559;M;66;IL;USAGE UNKNOWN;NOT APPLICABLE;NONE;NO INDICATION OF INJURY;UNKNOWN;UNKNOWN;NORMAL;TEST NOT OFFERED;;;DRIVER;;;;;;;;
66dcfa9fc64109f216668d72bcae5f2e709fef876e59087dc2f1dc4a6c20151210ea108f485af3661e69f51c985ab0937b9b396a47009d0f9892e3bb48d6b181;O2094379;1996607;2025-06-27 09:47:00;WHEELING;IL;60090;F;38;IL;USAGE UNKNOWN;DID NOT DEPLOY;NONE;NO INDICATION OF INJURY;OTHER;NOT OBSCURED;NORMAL;TEST NOT OFFERED;;;DRIVER;;;;;;;;
990e437853a2b5dd559304f38d2ae2e6790f6c27f959668819ed2534e07cad7c1d9b4381c58eb348b0858b6ba765187fc0bf28f0d7670caf2e2c1d9e8fe89da3;O2094387;1996611;2025-06-27 09:45:00;CHICAGO;IL;60622;M;28;IL;SAFETY BELT USED;DEPLOYED, FRONT;NONE;REPORTED, NOT EVIDENT;NONE;UNKNOWN;NORMAL;TEST NOT OFFERED;;;DRIVER;;;;;;;;
990e437853a2b5dd559304f38d2ae2e6790f6c27f959668819ed2534e07cad7c1d9b4381c58eb348b0858b6ba765187fc0bf28f0d7670caf2e2c1d9e8fe89da3;O2094388;1996615;2025-06-27 09:45:00;CHICAGO;IL;60625;M;37;IL;SAFETY BELT USED;DID NOT DEPLOY;NONE;NO INDICATION OF INJURY;NONE;UNKNOWN;NORMAL;TEST NOT OFFERED;;;DRIVER;;;;;;;;
990e437853a2b5dd559304f38d2ae2e6790f6c27f959668819ed2534e07cad7c1d9b4381c58eb348b0858b6ba765187fc0bf28f0d7670caf2e2c1d9e8fe89da3;O2094389;1996618;2025-06-27 09:45:00;SPRINGBORO;OH;45066;F;29;OH;SAFETY BELT USED;DID NOT DEPLOY;NONE;NO INDICATION OF INJURY;NONE;UNKNOWN;NORMAL;TEST NOT OFFERED;;;DRIVER;;;;;;;;
990e437853a2b5dd559304f38d2ae2e6790f6c27f959668819ed2534e07cad7c1d9b4381c58eb348b0858b6ba765187fc0bf28f0d7670caf2e2c1d9e8fe89da3;P462291;1996618;2025-06-27 09:45:00;LEBANON;OH;45036;F;38;;SAFETY BELT USED;DID NOT DEPLOY;NONE;NO INDICATION OF INJURY;;;;;;;PASSENGER;;;;;;;;
990e437853a2b5dd559304f38d2ae2e6790f6c27f959668819ed2534e07cad7c1d9b4381c58eb348b0858b6ba765187fc0bf28f0d7670caf2e2c1d9e8fe89da3;P462292;1996618;2025-06-27 09:45:00;SPRINGBORO;OH;45066;F;15;;SAFETY BELT USED;DID NOT DEPLOY;NONE;NO INDICATION OF INJURY;;;;;;;PASSENGER;;;;;;;;
e0dbfe8655a093ee52293b478f0efe9ecb366f28ba86866c79b7edbba763ee2f8a06b8e40cb9ec3185d625300c6fc840a4bea0bf329d8e03ce4fe0e3c7b684f9;O2094423;1996769;2025-06-27 09:45:00;CHICAGO;IL;60659;M;41;IL;USAGE UNKNOWN;DID NOT DEPLOY;NONE;NO INDICATION OF INJURY;UNKNOWN;UNKNOWN;UNKNOWN;TEST NOT OFFERED;;;DRIVER;;;REFUSED;;;;;
e0dbfe8655a093ee52293b478f0efe9ecb366f28ba86866c79b7edbba763ee2f8a06b8e40cb9ec3185d625300c6fc840a4bea0bf329d8e03ce4fe0e3c7b684f9;O2094424;1996790;2025-06-27 09:45:00;ELMWOOD PARK;IL;60707;M;45;IL;USAGE UNKNOWN;DID NOT DEPLOY;NONE;NO INDICATION OF INJURY;UNKNOWN;UNKNOWN;UNKNOWN;TEST NOT OFFERED;;;DRIVER;;;REFUSED;;;;;
43b17f522662ea855238566230a3d3ac1c370ee859f75109eaf004441a3753a3005db4843a293632cf6aabbc08a384c04694af38b5aff2eb2a9a84188d196e4b;O2094402;1996626;2025-06-27 09:30:00;HANOVER PARK;IL;60133;M;43;IL;USAGE UNKNOWN;DID NOT DEPLOY;NONE;NO INDICATION OF INJURY;UNKNOWN;UNKNOWN;UNKNOWN;TEST NOT OFFERED;;;DRIVER;;;;;;;;
43b17f522662ea855238566230a3d3ac1c370ee859f75109eaf004441a3753a3005db4843a293632cf6aabbc08a384c04694af38b5aff2eb2a9a84188d196e4b;O2094403;1996631;2025-06-27 09:30:00;CHICAGO;IL;60607;F;25;IL;USAGE UNKNOWN;DID NOT DEPLOY;NONE;NO INDICATION OF INJURY;UNKNOWN;UNKNOWN;NORMAL;TEST NOT OFFERED;;;DRIVER;;;;;;;;
af275d039bd26da6def327cf641e7584dba889633f225a224fc98fe4bd00adc5a53f8a2689949a7df970b2c776bfdfa1f03122738218b85dc63e427e630d3423;O2094428;1996649;2025-06-27 09:30:00;CHICAGO;IL;60617;M;77;IL;USAGE UNKNOWN;NOT APPLICABLE;NONE;NO INDICATION OF INJURY;OTHER;NOT OBSCURED;NORMAL;TEST NOT OFFERED;;;DRIVER;;;;;;;;
af275d039bd26da6def327cf641e7584dba889633f225a224fc98fe4bd00adc5a53f8a2689949a7df970b2c776bfdfa1f03122738218b85dc63e427e630d3423;O2094429;;2025-06-27 09:30:00;CICERO;IL;60804;F;46;;NONE PRESENT;;;NONINCAPACITATING INJURY;NONE;NOT OBSCURED;NORMAL;TEST NOT OFFERED;;;PEDESTRIAN;;;MOUNT SINAI;;AMBULANCE 15;;;
df2f31bfd74157ab3bd47230b8f2850c085be76d8d99e1a45057311964cf6b3da90e6bc37b51b32b336de36bdfac5b37e7e903a1e0b338f97dc1d1fac1f28ae6;O2094418;1996644;2025-06-27 09:30:00;CHICAGO;IL;60629;F;;;USAGE UNKNOWN;DEPLOYED, FRONT;NONE;NO INDICATION OF INJURY;UNKNOWN;UNKNOWN;UNKNOWN;TEST NOT OFFERED;;;DRIVER;;;DNA;;DNA;;;
df2f31bfd74157ab3bd47230b8f2850c085be76d8d99e1a45057311964cf6b3da90e6bc37b51b32b336de36bdfac5b37e7e903a1e0b338f97dc1d1fac1f28ae6;O2094419;1996648;2025-06-27 09:30:00;CHICAGO;IL;60608;F;32;IL;SAFETY BELT USED;DEPLOYED, FRONT;NONE;NONINCAPACITATING INJURY;NONE;NOT OBSCURED;NORMAL;TEST NOT OFFERED;;;DRIVER;;;HOLY CROSS;;CFD AMB 58;;;
111cf019155a356d34a5ce72504add94cada77552a1b20b45e7afc913a135447b4b68eadc982e25d9a99afe67419622f9fe5e4943247a02e249150077f652a3a;O2094348;1996572;2025-06-27 09:15:00;INDINAPOLI;IN;46218;M;25;IN;SAFETY BELT USED;DID NOT DEPLOY;NONE;NO INDICATION OF INJURY;NONE;NOT OBSCURED;NORMAL;TEST NOT OFFERED;;;DRIVER;;;;;;;;
119473012f79bce1e23074c5e0d80103066ce6daf4a2e835aed933e36d99e9e31669457721a3a8f98d77efdbcee44db0a0cf6c0f23414c27723c9588d6167948;O2094358;1996570;2025-06-27 09:15:00;CHICAGO;IL;60652;M;33;IL;SAFETY BELT USED;DID NOT DEPLOY;NONE;NO INDICATION OF INJURY;DISREGARDED CONTROL DEVICES;NOT OBSCURED;NORMAL;TEST NOT OFFERED;;;DRIVER;;;;;;;;
119473012f79bce1e23074c5e0d80103066ce6daf4a2e835aed933e36d99e9e31669457721a3a8f98d77efdbcee44db0a0cf6c0f23414c27723c9588d6167948;P462284;1996570;2025-06-27 09:15:00;GARDEN HOMES;IL;60803;M;33;;SAFETY BELT USED;DID NOT DEPLOY;NONE;NO INDICATION OF INJURY;;;;;;;PASSENGER;;;;;;;;
860c7fa447a93b622e856c94f08bdef39801d2a16bf24277218a1ce1a10718aef0f7d51b6d9d829345b90edca99fa1df26ccc4f9f51dc8b7e298f28ca1d65a4f;O2094381;1996604;2025-06-27 09:14:00;;;;M;;;USAGE UNKNOWN;DEPLOYMENT UNKNOWN;UNKNOWN;NO INDICATION OF INJURY;TOO FAST FOR CONDITIONS;UNKNOWN;UNKNOWN;TEST NOT OFFERED;;;DRIVER;;;;;;;;
7cc927399a3b3707b058ab064f9155ea979c09f6f7b6de328ff69ddb25ae1f45a4486cea283d50f62fb0c7438081b75bc83198508e9ee4495d5ae198c74c3f2d;O2094337;1996578;2025-06-27 09:10:00;NEW LENOX;IL;60451;M;26;IL;SAFETY BELT USED;DID NOT DEPLOY;NONE;NO INDICATION OF INJURY;OTHER;NOT OBSCURED;NORMAL;TEST NOT OFFERED;;;DRIVER;;;;;;;;
7cc927399a3b3707b058ab064f9155ea979c09f6f7b6de328ff69ddb25ae1f45a4486cea283d50f62fb0c7438081b75bc83198508e9ee4495d5ae198c74c3f2d;O2094338;1996601;2025-06-27 09:10:00;CHICAGO;IL;60657;M;42;IL;SAFETY BELT USED;NOT APPLICABLE;NONE;NO INDICATION OF INJURY;OTHER;NOT OBSCURED;NORMAL;TEST NOT OFFERED;;;DRIVER;;;;;;;;
d6501d4647ac925de0cddd1a21d900ac60155a7821ee7ed991a46812ebedfae4ac866fe0692ac651dc42306d962e64be96419294edbef8545ca72a39c0f10940;O2094390;1996612;2025-06-27 09:03:00;CHICAGO;IL;60660;M;47;IL;USAGE UNKNOWN;DID NOT DEPLOY;NONE;NO INDICATION OF INJURY;IMPROPER LANE CHANGE;UNKNOWN;UNKNOWN;TEST NOT OFFERED;;;DRIVER;;;;;;;;
d6501d4647ac925de0cddd1a21d900ac60155a7821ee7ed991a46812ebedfae4ac866fe0692ac651dc42306d962e64be96419294edbef8545ca72a39c0f10940;O2094391;1996623;2025-06-27 09:03:00;CHICAGO;IL;60656;M;46;IL;USAGE UNKNOWN;DID NOT DEPLOY;NONE;NO INDICATION OF INJURY;NONE;UNKNOWN;UNKNOWN;TEST NOT OFFERED;;;DRIVER;;;;;;;;
148e8299a306a4108c25c36d5d418c1695116e9fe881a8e79900945db62b5264f06bef99d9e0eebd8b5ee37acb9618fe5f0301e8c21f522395531380f139c31e;O2094335;1996559;2025-06-27 09:00:00;CHICAGO;IL;60656;M;;IL;USAGE UNKNOWN;NOT APPLICABLE;NONE;NO INDICATION OF INJURY;IMPROPER LANE CHANGE;NOT OBSCURED;UNKNOWN;TEST NOT OFFERED;;;DRIVER;;;;;;;;
148e8299a306a4108c25c36d5d418c1695116e9fe881a8e79900945db62b5264f06bef99d9e0eebd8b5ee37acb9618fe5f0301e8c21f522395531380f139c31e;O2094336;1996563;2025-06-27 09:00:00;CHICAGO;IL;;M;;IL;SAFETY BELT USED;NOT APPLICABLE;NONE;NO INDICATION OF INJURY;NONE;NOT OBSCURED;NORMAL;TEST NOT OFFERED;;;DRIVER;;;;;;;;
4fc7e6004d2e54bb09a6d5fd2feac9d25e0ee56df1f5f4c022133ca2087beb3ca912d814e06f67ba197e5fe862a9b3b5c78f70ff685778c2b026522819039179;O2094408;1996635;2025-06-27 09:00:00;WONDER LAKE;IL;60097;M;;IL;USAGE UNKNOWN;NOT APPLICABLE;NONE;NO INDICATION OF INJURY;IMPROPER BACKING;NOT OBSCURED;UNKNOWN;TEST NOT OFFERED;;;DRIVER;;;;;;;;
4fc7e6004d2e54bb09a6d5fd2feac9d25e0ee56df1f5f4c022133ca2087beb3ca912d814e06f67ba197e5fe862a9b3b5c78f70ff685778c2b026522819039179;P462295;1996638;2025-06-27 09:00:00;;;;M;;;USAGE UNKNOWN;NOT APPLICABLE;NONE;NO INDICATION OF INJURY;;;;;;;PASSENGER;;;;;;;;
9c8a6548b9f1118e18bbd445e7a2aacb174d2f667c69ad8aa12d124a573956d3899bf7c03a5280b1c6b5a07273f2e7234437354e6d58ea65b7626f51c917381a;O2094365;1996588;2025-06-27 09:00:00;CHICAGO;IL;60505;M;38;IL;USAGE UNKNOWN;DID NOT DEPLOY;NONE;NO INDICATION OF INJURY;UNKNOWN;UNKNOWN;NORMAL;TEST NOT OFFERED;;;DRIVER;;;REFUSED;;80;;;
9c8a6548b9f1118e18bbd445e7a2aacb174d2f667c69ad8aa12d124a573956d3899bf7c03a5280b1c6b5a07273f2e7234437354e6d58ea65b7626f51c917381a;O2094366;1996592;2025-06-27 09:00:00;BURBANK;IL;60459;F;20;IL;USAGE UNKNOWN;DID NOT DEPLOY;NONE;NO INDICATION OF INJURY;NONE;UNKNOWN;NORMAL;TEST NOT OFFERED;;;DRIVER;;;REFUSED;;80;;;
9c8a6548b9f1118e18bbd445e7a2aacb174d2f667c69ad8aa12d124a573956d3899bf7c03a5280b1c6b5a07273f2e7234437354e6d58ea65b7626f51c917381a;P462286;1996592;2025-06-27 09:00:00;CHICAGO;IL;60624;M;31;;USAGE UNKNOWN;DID NOT DEPLOY;NONE;NONINCAPACITATING INJURY;;;;;;;PASSENGER;;;REFUSED;80;CFD;;;
adfa1eb2c69285fae034ec346bdb1a1f1928f745eaa3696f0af0da6dc38c3fbab8738674c0de01dd0484f6ddad26a068af258aa375b837f10151fa2266342181;O2094649;;2025-06-27 09:00:00;;;;M;;;HELMET NOT USED;;TOTALLY EJECTED;REPORTED, NOT EVIDENT;UNKNOWN;UNKNOWN;NORMAL;TEST NOT OFFERED;;;BICYCLE;;;THORECK;;;;;
adfa1eb2c69285fae034ec346bdb1a1f1928f745eaa3696f0af0da6dc38c3fbab8738674c0de01dd0484f6ddad26a068af258aa375b837f10151fa2266342181;O2094650;1996855;2025-06-27 09:00:00;CHICAGO;IL;60613;M;68;IL;SAFETY BELT USED;NOT APPLICABLE;NONE;NO INDICATION OF INJURY;UNKNOWN;UNKNOWN;NORMAL;TEST NOT OFFERED;;;DRIVER;;;;;;;;
adfa1eb2c69285fae034ec346bdb1a1f1928f745eaa3696f0af0da6dc38c3fbab8738674c0de01dd0484f6ddad26a068af258aa375b837f10151fa2266342181;P462338;1996855;2025-06-27 09:00:00;CHICAGO;IL;60613;F;58;;SAFETY BELT USED;NOT APPLICABLE;NONE;NO INDICATION OF INJURY;;;;;;;PASSENGER;;;;;;;;
cc2ba3ce54e00cb2a3612427affa665b690b99b4ad51a0ea76f9558ada4ef839cb398d1c4a40e9779bfb25bd20ed27076d0fa8a67246c53ecbf243342e1931c6;O2094421;1996856;2025-06-27 09:00:00;CHICAGO;IL;60617;M;31;IL;USAGE UNKNOWN;DEPLOYMENT UNKNOWN;NONE;NO INDICATION OF INJURY;UNKNOWN;UNKNOWN;UNKNOWN;TEST NOT OFFERED;;;DRIVER;;;;;;;;
f42332f61e1adcdb46c012631bb43db3fd8ad65b623fd2e98f8c4cda6095ef9ec9d57e8a0f2ea8e60cc125be26f658739ab2a3458c2a734009add10c64e492b5;O2094383;1996608;2025-06-27 09:00:00;ROUND LAKE BEACH;IL;60073;F;61;IL;USAGE UNKNOWN;DID NOT DEPLOY;NONE;NO INDICATION OF INJURY;FAILED TO YIELD;UNKNOWN;UNKNOWN;TEST NOT OFFERED;;;DRIVER;;;UNKNOWN;;;;;
f42332f61e1adcdb46c012631bb43db3fd8ad65b623fd2e98f8c4cda6095ef9ec9d57e8a0f2ea8e60cc125be26f658739ab2a3458c2a734009add10c64e492b5;O2094384;1996610;2025-06-27 09:00:00;ARLINGTON HEIGHTS;IL;60005;M;25;IL;USAGE UNKNOWN;DID NOT DEPLOY;NONE;NO INDICATION OF INJURY;UNKNOWN;UNKNOWN;NORMAL;TEST NOT OFFERED;;;DRIVER;;;REFUSED;;;;;
24edbdb19463ab0b4696586b3fd50859727cdf6c448fa7a50c7a211251511b135d0e3e6fe30bab01fde2302f1d631366d07e8a4469adbfbb4b3be83ac6dfb3b8;O2094385;1996613;2025-06-27 08:59:00;FOREST HILLS;;11375;F;46;NY;SAFETY BELT USED;NOT APPLICABLE;NONE;NO INDICATION OF INJURY;OTHER;OTHER;NORMAL;TEST NOT OFFERED;;;DRIVER;;;;;;;;
12c961f436d74d4bf1088f390372dac7122eb8c0c798fd404fb0b9d78975e05b449d53b4cbb53e47acc655f3ae58c30d4886ede948b7eca58a9c4bc00ed85d50;O2094395;1996616;2025-06-27 08:54:00;CHICAGO;IL;60629;M;67;IL;USAGE UNKNOWN;DEPLOYED, COMBINATION;UNKNOWN;REPORTED, NOT EVIDENT;FAILED TO YIELD;UNKNOWN;NORMAL;TEST NOT OFFERED;;;DRIVER;;;;;;;;
12c961f436d74d4bf1088f390372dac7122eb8c0c798fd404fb0b9d78975e05b449d53b4cbb53e47acc655f3ae58c30d4886ede948b7eca58a9c4bc00ed85d50;O2094396;1996622;2025-06-27 08:54:00;CHICAGO;IL;60620;F;40;IL;USAGE UNKNOWN;DEPLOYED, COMBINATION;UNKNOWN;NONINCAPACITATING INJURY;NONE;UNKNOWN;NORMAL;TEST NOT OFFERED;;;DRIVER;;;HOLY CROSS;;CFD;;;
12c961f436d74d4bf1088f390372dac7122eb8c0c798fd404fb0b9d78975e05b449d53b4cbb53e47acc655f3ae58c30d4886ede948b7eca58a9c4bc00ed85d50;P462294;1996622;2025-06-27 08:54:00;CHICAGO;IL;60620;M;14;;USAGE UNKNOWN;DEPLOYED, COMBINATION;UNKNOWN;NONINCAPACITATING INJURY;;;;;;;PASSENGER;;;HOLY CROSS;18;CFD;;;
0783076add54db3cff33c3a7448a43185912802dad236a609d92167d000fdfd5cfa790d85c060e269c109a9dc1d93f8d4c650cdc53fe9e3272a00ac90c6763be;O2094373;1996593;2025-06-27 08:50:00;;;;M;;;USAGE UNKNOWN;DEPLOYMENT UNKNOWN;UNKNOWN;NO INDICATION OF INJURY;UNKNOWN;UNKNOWN;UNKNOWN;TEST NOT OFFERED;;;DRIVER;;;;;;;;
0783076add54db3cff33c3a7448a43185912802dad236a609d92167d000fdfd5cfa790d85c060e269c109a9dc1d93f8d4c650cdc53fe9e3272a00ac90c6763be;O2094374;1996602;2025-06-27 08:50:00;CHICAGO;IL;60624;M;25;IL;SAFETY BELT USED;DID NOT DEPLOY;UNKNOWN;NO INDICATION OF INJURY;NONE;NOT OBSCURED;NORMAL;TEST NOT OFFERED;;;DRIVER;;;;;;;;
5b412aa4e6ea04b02becc8d6c181d0df72b97869418a9380279848bf5ee5d8f81de0cfd32b62e083213ed759e9f1e7a63692c1adc0fa604076bf5103befbbfef;O2094361;1996579;2025-06-27 08:50:00;CHICAGO;IL;60611;M;62;IL;SAFETY BELT USED;DID NOT DEPLOY;NONE;NO INDICATION OF INJURY;OTHER;OTHER;NORMAL;TEST NOT OFFERED;;;DRIVER;;;REFUSED;;;;;
6b0e296890fb59587f68cc84b3df4c8ef33fed129ae883bc333903448f95b50fa9793a2d5d88f4b9d2148aca71bce4836583926ab7acbd98489a1724e7a535ac;O2094375;1996596;2025-06-27 08:50:00;CHICAGO;IL;60634;M;76;IL;SAFETY BELT USED;DID NOT DEPLOY;NONE;NO INDICATION OF INJURY;IMPROPER BACKING;UNKNOWN;NORMAL;TEST NOT OFFERED;;;DRIVER;;;;;;;;
6b0e296890fb59587f68cc84b3df4c8ef33fed129ae883bc333903448f95b50fa9793a2d5d88f4b9d2148aca71bce4836583926ab7acbd98489a1724e7a535ac;O2094425;;2025-06-27 08:50:00;CICERO;IL;;M;23;;NONE PRESENT;;;NONINCAPACITATING INJURY;NONE;UNKNOWN;NORMAL;TEST NOT OFFERED;;;PEDESTRIAN;;;;;;;;
696ff089b0b4e0af869547340c39038a95cff7fcfa0d50139282bb29590db08ca1e16d2b9f68d1e69b8f53948f983308ed28d44f37a66ca0eee87723e9b76fbd;O2094346;1996574;2025-06-27 08:45:00;CHICAGO;IL;60643;F;68;IL;SAFETY BELT USED;DID NOT DEPLOY;NONE;NO INDICATION OF INJURY;FOLLOWED TOO CLOSELY;NOT OBSCURED;NORMAL;TEST NOT OFFERED;;;DRIVER;;;;;;;;
696ff089b0b4e0af869547340c39038a95cff7fcfa0d50139282bb29590db08ca1e16d2b9f68d1e69b8f53948f983308ed28d44f37a66ca0eee87723e9b76fbd;P462287;1996580;2025-06-27 08:45:00;CHICAGO;IL;60637;F;48;;USAGE UNKNOWN;DID NOT DEPLOY;NONE;NO INDICATION OF INJURY;;;;;;;PASSENGER;;;;;;;;
34480ccae790bb5dbb4a7096ef26b11610fe402ecd2f1fd190889eeef0535358369010aedbf9327b000a4c83d9bb698df42c211e1db8effd42fe7e5911ab848c;O2094350;1996565;2025-06-27 08:40:00;;;;M;;XX;USAGE UNKNOWN;DID NOT DEPLOY;NONE;NO INDICATION OF INJURY;UNKNOWN;UNKNOWN;UNKNOWN;TEST NOT OFFERED;;;DRIVER;;;;;;;;
34480ccae790bb5dbb4a7096ef26b11610fe402ecd2f1fd190889eeef0535358369010aedbf9327b000a4c83d9bb698df42c211e1db8effd42fe7e5911ab848c;O2094351;1996573;2025-06-27 08:40:00;HAZEL CREST;IL;60429;M;33;IL;USAGE UNKNOWN;DID NOT DEPLOY;NONE;NO INDICATION OF INJURY;UNKNOWN;UNKNOWN;NORMAL;TEST NOT OFFERED;;;DRIVER;;;;;;;;
8fcfdf0da20b10cd9626744be41b104a41e405090ff25efbfebf558c9307ba8e166e4c5724610e9a80fdde486d71b776143d2df359257a3e4e50aba67f3d3bf7;O2094571;1996794;2025-06-27 08:39:00;;;;F;;;USAGE UNKNOWN;NOT APPLICABLE;UNKNOWN;NO INDICATION OF INJURY;UNKNOWN;UNKNOWN;UNKNOWN;TEST NOT OFFERED;;;DRIVER;;;;;;;;
8fcfdf0da20b10cd9626744be41b104a41e405090ff25efbfebf558c9307ba8e166e4c5724610e9a80fdde486d71b776143d2df359257a3e4e50aba67f3d3bf7;O2094572;1996818;2025-06-27 08:39:00;SKOKIE;IL;60076;F;45;IL;USAGE UNKNOWN;NOT APPLICABLE;NONE;NO INDICATION OF INJURY;UNKNOWN;UNKNOWN;UNKNOWN;TEST NOT OFFERED;;;DRIVER;;;;;;;;
037ac12921abfd53b60dfbb73bb2471f689a33b9bab24b148c3d7da9cb2a872de40e0f713b39345c20e86fa634287b644c439dcc6e07a0abefdf48ee3456ba57;O2094355;1996583;2025-06-27 08:35:00;IMMOKALEE;FL;34142;M;31;FL;USAGE UNKNOWN;NOT APPLICABLE;NONE;NO INDICATION OF INJURY;OTHER;UNKNOWN;UNKNOWN;TEST NOT OFFERED;;;DRIVER;;;;;;;;
051b3293c3ae74d54f18de0092b2734aec987b02894005c2167a2639216a755eac8dd28b54dedf4351e33804a6e271a8cea2c5bf6bfd61e8cba965f8ea36f207;O2094326;1996550;2025-06-27 08:30:00;CHICAGO;IL;60620;M;42;IL;USAGE UNKNOWN;NOT APPLICABLE;NONE;NO INDICATION OF INJURY;UNKNOWN;UNKNOWN;NORMAL;TEST NOT OFFERED;;;DRIVER;;;;;;;;
05a3441016229b2fc79dbb693d904e1786f97944d1a55df852fa4422d51d81a4399733595722f0cebab083b0ad8ef013fc07aee1a12338f81fe2e36998e403fc;O2094363;1996585;2025-06-27 08:30:00;CHICAGO;IL;;M;53;IL;USAGE UNKNOWN;DEPLOYED, SIDE;NONE;NO INDICATION OF INJURY;IMPROPER TURN;NOT OBSCURED;NORMAL;TEST NOT OFFERED;;;DRIVER;;;;;;;;
05a3441016229b2fc79dbb693d904e1786f97944d1a55df852fa4422d51d81a4399733595722f0cebab083b0ad8ef013fc07aee1a12338f81fe2e36998e403fc;O2094364;1996591;2025-06-27 08:30:00;;;;F;;;USAGE UNKNOWN;NOT APPLICABLE;NONE;NO INDICATION OF INJURY;OTHER;UNKNOWN;NORMAL;TEST NOT OFFERED;;;DRIVER;;;;;;;;
05a3441016229b2fc79dbb693d904e1786f97944d1a55df852fa4422d51d81a4399733595722f0cebab083b0ad8ef013fc07aee1a12338f81fe2e36998e403fc;P462285;1996585;2025-06-27 08:30:00;CHICAGO;IL;;F;;;USAGE UNKNOWN;DEPLOYED, SIDE;NONE;NO INDICATION OF INJURY;;;;;;;PASSENGER;;;;;;;;
1a3f64f968de339cf87c504af3b363bb45ecc32b4452b6ae036f1f37f6c4751c56434340e0a7e6a687e4e9a64c280344ea47bf6558776d25a478e3c2c787b9ca;O2094315;1996543;2025-06-27 08:30:00;;;;M;;;USAGE UNKNOWN;DEPLOYMENT UNKNOWN;NONE;NO INDICATION OF INJURY;FAILED TO YIELD;UNKNOWN;UNKNOWN;TEST NOT OFFERED;;;DRIVER;;;;;;;;
1a3f64f968de339cf87c504af3b363bb45ecc32b4452b6ae036f1f37f6c4751c56434340e0a7e6a687e4e9a64c280344ea47bf6558776d25a478e3c2c787b9ca;O2094316;1996549;2025-06-27 08:30:00;CHICAGO;IL;60608;M;35;IL;SAFETY BELT USED;DID NOT DEPLOY;NONE;NO INDICATION OF INJURY;NONE;NOT OBSCURED;NORMAL;TEST NOT OFFERED;;;DRIVER;;;;;;;;
5da1f3270cba00a97dcb6af8f95a06ecadf149874de86546270236ea201f271b0f31d123dd48c76c9b6017e6b27d42c0c41f085b9c2d7e3dcdb8328cea809a3c;O2094356;1996569;2025-06-27 08:30:00;NILES;IL;60714;M;22;IL;SAFETY BELT USED;DID NOT DEPLOY;NONE;NO INDICATION OF INJURY;UNKNOWN;UNKNOWN;NORMAL;TEST NOT OFFERED;;;DRIVER;;;;;;;;
5da1f3270cba00a97dcb6af8f95a06ecadf149874de86546270236ea201f271b0f31d123dd48c76c9b6017e6b27d42c0c41f085b9c2d7e3dcdb8328cea809a3c;O2094357;1996575;2025-06-27 08:30:00;PALATINE;IL;60074;M;71;IL;SAFETY BELT USED;DID NOT DEPLOY;NONE;NO INDICATION OF INJURY;UNKNOWN;UNKNOWN;NORMAL;TEST NOT OFFERED;;;DRIVER;;;;;;;;
067cf9e93869411cf412f8626774a460b4097276673ee43bf69412d3041c4ca83343e69e885abee6250ca0573bfc81972101918b4fa5a051028d9c18f8b9e3df;O2094369;1996595;2025-06-27 08:17:00;CHICAGO;IL;60617;M;66;IL;USAGE UNKNOWN;DID NOT DEPLOY;NONE;NO INDICATION OF INJURY;UNKNOWN;UNKNOWN;NORMAL;TEST NOT OFFERED;;;DRIVER;;;;;;;;
0b075f148d77c7a89f7a722938a8327cd314498ca75b75501380fa2044c8ae1d7c2b3dbf70d83630545c4233615ef99d63c0988f4ec354dd6eb610703a5cf294;O2094317;1996548;2025-06-27 08:10:00;FOREST PARK;IL;60130;M;40;IL;USAGE UNKNOWN;NOT APPLICABLE;NONE;NO INDICATION OF INJURY;IMPROPER TURN;UNKNOWN;NORMAL;TEST NOT OFFERED;;;DRIVER;;;N/A;;N/A;;;
0b075f148d77c7a89f7a722938a8327cd314498ca75b75501380fa2044c8ae1d7c2b3dbf70d83630545c4233615ef99d63c0988f4ec354dd6eb610703a5cf294;P462289;1996564;2025-06-27 08:10:00;EVANSTON;IL;60202;F;31;;USAGE UNKNOWN;NOT APPLICABLE;NONE;NO INDICATION OF INJURY;;;;;;;PASSENGER;;;N/A;N/A;N/A;;;
d487bad6996f5a5f73243e7a4a313618dbe95754ad6e6932a98b4df52d935bb7299aa4c68b6fe3fa7f78bb54dbcb5d689dea2cfdea22ac1e4b019787ebed41e3;O2094333;1996558;2025-06-27 08:09:00;WEST CHICAGO;IL;60185;M;42;IL;USAGE UNKNOWN;DID NOT DEPLOY;NONE;NO INDICATION OF INJURY;FOLLOWED TOO CLOSELY;NOT OBSCURED;NORMAL;TEST NOT OFFERED;;;DRIVER;;;;;;;;
d487bad6996f5a5f73243e7a4a313618dbe95754ad6e6932a98b4df52d935bb7299aa4c68b6fe3fa7f78bb54dbcb5d689dea2cfdea22ac1e4b019787ebed41e3;O2094334;1996571;2025-06-27 08:09:00;CHICAGO;IL;60609;M;33;IL;USAGE UNKNOWN;NOT APPLICABLE;NONE;NO INDICATION OF INJURY;NONE;NOT OBSCURED;NORMAL;TEST NOT OFFERED;;;DRIVER;;;;;;;;
d487bad6996f5a5f73243e7a4a313618dbe95754ad6e6932a98b4df52d935bb7299aa4c68b6fe3fa7f78bb54dbcb5d689dea2cfdea22ac1e4b019787ebed41e3;P462283;1996571;2025-06-27 08:09:00;CHICAGO;IL;60622;F;49;;USAGE UNKNOWN;DID NOT DEPLOY;NONE;NO INDICATION OF INJURY;;;;;;;PASSENGER;;;;;;;;
282a7b6edf60cfa917230def903fbd858634341e587a81fc3ddf94188d8fb3009e9bbb2b77f5c5a2b1d38b2b911a4341c305fd504a7e2e6787a90ff39fc75652;O2094397;1996614;2025-06-27 08:00:00;;;;X;;;USAGE UNKNOWN;DID NOT DEPLOY;NONE;NO INDICATION OF INJURY;IMPROPER BACKING;UNKNOWN;UNKNOWN;TEST NOT OFFERED;;;DRIVER;;;;;;;;
88e371dad93dc769d7b94262b51eb8e8710d243de84f796bbb604e7e6b23187841bc4d01af5f8d0498d88b2d6e9d14e2b110420de53f16e59f40375054c24d88;O2094399;1996619;2025-06-27 08:00:00;BELLWOOD;IL;60104;F;;IL;SAFETY BELT USED;NOT APPLICABLE;NONE;NO INDICATION OF INJURY;FAILED TO YIELD;NOT OBSCURED;NORMAL;TEST NOT OFFERED;;;DRIVER;;;;;;;;
88e371dad93dc769d7b94262b51eb8e8710d243de84f796bbb604e7e6b23187841bc4d01af5f8d0498d88b2d6e9d14e2b110420de53f16e59f40375054c24d88;O2094400;1996621;2025-06-27 08:00:00;ELGIN;IL;60123;M;;IL;SAFETY BELT USED;NOT APPLICABLE;NONE;NO INDICATION OF INJURY;NONE;NOT OBSCURED;NORMAL;TEST NOT OFFERED;;;DRIVER;;;;;;;;
88e371dad93dc769d7b94262b51eb8e8710d243de84f796bbb604e7e6b23187841bc4d01af5f8d0498d88b2d6e9d14e2b110420de53f16e59f40375054c24d88;P462293;1996621;2025-06-27 08:00:00;;;;M;;;SAFETY BELT USED;NOT APPLICABLE;NONE;NO INDICATION OF INJURY;;;;;;;PASSENGER;;;;;;;;
c286682edd0b1cbb2f96ca1000a72e7324dd8c94c5877affad7e82eae568912e40b210f75458305e7712f9b282720d15a94cfcb5aff893cc75c13eaba5638090;O2094470;1996681;2025-06-27 08:00:00;SALT LAKE CITY;UT;84101;F;40;UT;USAGE UNKNOWN;DID NOT DEPLOY;NONE;NO INDICATION OF INJURY;NONE;NOT OBSCURED;NORMAL;TEST NOT OFFERED;;;DRIVER;;;;;;;;
c286682edd0b1cbb2f96ca1000a72e7324dd8c94c5877affad7e82eae568912e40b210f75458305e7712f9b282720d15a94cfcb5aff893cc75c13eaba5638090;O2094471;1996688;2025-06-27 08:00:00;CHICAGO;IL;60618;M;47;IL;SAFETY BELT USED;DID NOT DEPLOY;NONE;NO INDICATION OF INJURY;NONE;NOT OBSCURED;NORMAL;TEST NOT OFFERED;;;DRIVER;;;;;;;;
419d79b03406c702e6ee54144ad7076a257f234323396b88b05db15a5a6a4b5d551c21097cdbbbcae220307613da8214cdea45b9875ffdfb108de6e5861a2f95;O2094322;1996546;2025-06-27 07:57:00;CHICAGO;IL;60622;M;31;;USAGE UNKNOWN;NOT APPLICABLE;NONE;NO INDICATION OF INJURY;FAILED TO YIELD;UNKNOWN;NORMAL;TEST NOT OFFERED;;;DRIVER;;;;;;;;
419d79b03406c702e6ee54144ad7076a257f234323396b88b05db15a5a6a4b5d551c21097cdbbbcae220307613da8214cdea45b9875ffdfb108de6e5861a2f95;O2094323;;2025-06-27 07:57:00;CHICAGO;IL;60622;M;51;;BICYCLE HELMET (PEDACYCLIST INVOLVED ONLY);;UNKNOWN;NONINCAPACITATING INJURY;NONE;NOT OBSCURED;NORMAL;TEST NOT OFFERED;;;BICYCLE;;;;;;;;
1ea63a2854ebd2946175ec7c30ea326e2bf2cf220ea2f1b009d97a81266c8f9534fa6c864b3b6cd3bf2be5273cf976fab254befe7e9e25d069c2b951162b4a62;O2094324;1996554;2025-06-27 07:55:00;BURNHAM;IL;60633;F;45;GA;SAFETY BELT USED;DEPLOYED, SIDE;NONE;NO INDICATION OF INJURY;FAILED TO YIELD;TREES, PLANTS;NORMAL;TEST NOT OFFERED;;;DRIVER;;;;;;;;
1ea63a2854ebd2946175ec7c30ea326e2bf2cf220ea2f1b009d97a81266c8f9534fa6c864b3b6cd3bf2be5273cf976fab254befe7e9e25d069c2b951162b4a62;O2094325;1996576;2025-06-27 07:55:00;CHICAGO;IL;60636;M;28;IL;SAFETY BELT USED;DEPLOYED, FRONT;NONE;NONINCAPACITATING INJURY;NONE;NOT OBSCURED;NORMAL;TEST NOT OFFERED;;;DRIVER;;;;;;;;
1ea63a2854ebd2946175ec7c30ea326e2bf2cf220ea2f1b009d97a81266c8f9534fa6c864b3b6cd3bf2be5273cf976fab254befe7e9e25d069c2b951162b4a62;P462282;1996554;2025-06-27 07:55:00;CHICAGO;IL;60643;M;34;;SAFETY BELT USED;DEPLOYED, SIDE;NONE;NONINCAPACITATING INJURY;;;;;;;PASSENGER;;;;57;CFD;;;
9ef4fd7c72dbd9053a637816f0a8262676e60701fb3891517a0fd28f6a6b75a49ef5952a0526ca75e2eabec6f1488f8538d5c4a11d5fe5d3077ae93b1bc2da35;O2094353;1996561;2025-06-27 07:50:00;CHICAGO;IL;60630;M;64;IL;USAGE UNKNOWN;DID NOT DEPLOY;NONE;NO INDICATION OF INJURY;OTHER;UNKNOWN;UNKNOWN;TEST NOT OFFERED;;;DRIVER;;;;;;;;
9ef4fd7c72dbd9053a637816f0a8262676e60701fb3891517a0fd28f6a6b75a49ef5952a0526ca75e2eabec6f1488f8538d5c4a11d5fe5d3077ae93b1bc2da35;O2094354;1996562;2025-06-27 07:50:00;CHICAGO;IL;60620;F;34;IL;USAGE UNKNOWN;DID NOT DEPLOY;NONE;NO INDICATION OF INJURY;NONE;UNKNOWN;UNKNOWN;TEST NOT OFFERED;;;DRIVER;;;;;;;;
2aea87efaba5dd68fafc51d3d836f04c69fc43341f3818b1b2b2a5340bfb0629686b0b17b1cfe1dcacfc0b53f098b5654f57918f610bf528ee98c250e6174a5a;O2094305;1996532;2025-06-27 07:42:00;;;;F;27;IL;USAGE UNKNOWN;DID NOT DEPLOY;NONE;NO INDICATION OF INJURY;UNKNOWN;NOT OBSCURED;NORMAL;TEST NOT OFFERED;;;DRIVER;;;;;;;;
2aea87efaba5dd68fafc51d3d836f04c69fc43341f3818b1b2b2a5340bfb0629686b0b17b1cfe1dcacfc0b53f098b5654f57918f610bf528ee98c250e6174a5a;O2094306;1996535;2025-06-27 07:42:00;CHICAGO;IL;60630;M;38;IL;USAGE UNKNOWN;DID NOT DEPLOY;NONE;NO INDICATION OF INJURY;UNKNOWN;NOT OBSCURED;NORMAL;TEST NOT OFFERED;;;DRIVER;;;;;;;;
92f0f9a7d29b5ca63b8df527c09e39f0489f46e48eaf000ec4968683569f2aa75d7370fe21222dcfcbe4546e652e789faeac5fc5dd983918612cc1c057307d8b;O2094313;1996542;2025-06-27 07:40:00;CHICAGO;IL;60616;M;58;IL;USAGE UNKNOWN;NOT APPLICABLE;NONE;NONINCAPACITATING INJURY;UNKNOWN;UNKNOWN;NORMAL;TEST NOT OFFERED;;;DRIVER;;;;;;;;
92f0f9a7d29b5ca63b8df527c09e39f0489f46e48eaf000ec4968683569f2aa75d7370fe21222dcfcbe4546e652e789faeac5fc5dd983918612cc1c057307d8b;O2094314;;2025-06-27 07:40:00;CHATTANOOGA;TN;37406;F;37;;USAGE UNKNOWN;;;NONINCAPACITATING INJURY;UNKNOWN;UNKNOWN;NORMAL;TEST NOT OFFERED;;;PEDESTRIAN;;;UNIVERSITY OF CHICAGO;;AMB38;;;
5a48fb93e2a80868d87507d4256efd95237b38cc5598f90b2c2f3d6824cbe854de31bb1cd4fe68d861c065a55c2e9d8c3dde46a3484a1491f7b21331bf89163b;O2094329;1996581;2025-06-27 07:30:00;CHICAGO;IL;60617;F;38;IL;USAGE UNKNOWN;DID NOT DEPLOY;NONE;NO INDICATION OF INJURY;UNKNOWN;UNKNOWN;UNKNOWN;TEST NOT OFFERED;;;DRIVER;;;UNKNOWN;;;;;
5a48fb93e2a80868d87507d4256efd95237b38cc5598f90b2c2f3d6824cbe854de31bb1cd4fe68d861c065a55c2e9d8c3dde46a3484a1491f7b21331bf89163b;O2094330;1996589;2025-06-27 07:30:00;CHICAGO;IL;60625;M;60;IL;USAGE UNKNOWN;DID NOT DEPLOY;NONE;NO INDICATION OF INJURY;UNKNOWN;UNKNOWN;UNKNOWN;TEST NOT OFFERED;;;DRIVER;;;REFUSED;;;;;
c554d43a8d3d7bd3bfebb809dbd27b927de339694784c9eb715c1bc981998ffbaa7af304e8dd5144df08db4bf7ee83916bd7d5cd26af9a8d216bc5762c3f965f;O2094339;1996566;2025-06-27 07:20:00;GRAYSLAKE;IL;60630;F;72;IL;SAFETY BELT USED;DID NOT DEPLOY;NONE;NO INDICATION OF INJURY;IMPROPER LANE CHANGE;UNKNOWN;UNKNOWN;TEST NOT OFFERED;;;DRIVER;;;;;;;;
c554d43a8d3d7bd3bfebb809dbd27b927de339694784c9eb715c1bc981998ffbaa7af304e8dd5144df08db4bf7ee83916bd7d5cd26af9a8d216bc5762c3f965f;O2094340;1996577;2025-06-27 07:20:00;CHICAGO;IL;60647;F;44;IL;SAFETY BELT USED;DID NOT DEPLOY;NONE;NO INDICATION OF INJURY;IMPROPER LANE CHANGE;UNKNOWN;NORMAL;TEST NOT OFFERED;;;DRIVER;;;;;;;;
4e207544d39bea573c2f60d1230d11b1fb96a8a148d634d0d687a6861106074d78b134aae492e726e9176a58bfd99c886691257cfc81510276c1306e8a591e63;O2094285;1996515;2025-06-27 07:00:00;CHICAGO;IL;60629;M;34;IL;SAFETY BELT USED;NOT APPLICABLE;NONE;NO INDICATION OF INJURY;FOLLOWED TOO CLOSELY;NOT OBSCURED;NORMAL;TEST NOT OFFERED;;;DRIVER;;;;;;;;
4e207544d39bea573c2f60d1230d11b1fb96a8a148d634d0d687a6861106074d78b134aae492e726e9176a58bfd99c886691257cfc81510276c1306e8a591e63;O2094286;1996517;2025-06-27 07:00:00;BERWYN;IL;60402;F;21;IL;SAFETY BELT USED;NOT APPLICABLE;NONE;NO INDICATION OF INJURY;NONE;NOT OBSCURED;NORMAL;TEST NOT OFFERED;;;DRIVER;;;;;;;;
4e207544d39bea573c2f60d1230d11b1fb96a8a148d634d0d687a6861106074d78b134aae492e726e9176a58bfd99c886691257cfc81510276c1306e8a591e63;P462278;1996517;2025-06-27 07:00:00;BURBANK;IL;60459;F;22;;SAFETY BELT USED;NOT APPLICABLE;NONE;NO INDICATION OF INJURY;;;;;;;PASSENGER;;;;;;;;
1c0f3f3754bb69d99597fd7b55b19ea47465ce99dd76c4c547593376962adf23fc772fa8aa7781811a4755153b872ddf9780a9cd39b85b1bae73e7736d32cb64;O2094295;1996522;2025-06-27 06:49:00;CHICAGO;IL;60634;M;26;IL;USAGE UNKNOWN;DEPLOYMENT UNKNOWN;NONE;NO INDICATION OF INJURY;OTHER;UNKNOWN;NORMAL;TEST NOT OFFERED;;;DRIVER;;;;;;;;
1c0f3f3754bb69d99597fd7b55b19ea47465ce99dd76c4c547593376962adf23fc772fa8aa7781811a4755153b872ddf9780a9cd39b85b1bae73e7736d32cb64;O2094296;1996525;2025-06-27 06:49:00;CHICAGO;IL;60651;M;65;IL;USAGE UNKNOWN;DEPLOYMENT UNKNOWN;NONE;NO INDICATION OF INJURY;OTHER;UNKNOWN;NORMAL;TEST NOT OFFERED;;;DRIVER;;;;;;;;
de6621514c79cf4a1c39d1404df76a57e5dc956de7a3ec847d0b4ed13d173a1ea47e03b68bd10cb110f0eb7a75d40ef8e7dc7cdae93471b084fae1edda899309;O2094293;1996527;2025-06-27 06:45:00;CHICAGO;IL;60643;M;40;IL;USAGE UNKNOWN;DEPLOYMENT UNKNOWN;NONE;NO INDICATION OF INJURY;DISREGARDED CONTROL DEVICES;UNKNOWN;NORMAL;TEST NOT OFFERED;;;DRIVER;;;DNA;;DNA;;;
de6621514c79cf4a1c39d1404df76a57e5dc956de7a3ec847d0b4ed13d173a1ea47e03b68bd10cb110f0eb7a75d40ef8e7dc7cdae93471b084fae1edda899309;O2094294;1996538;2025-06-27 06:45:00;ORLAND PARK;IL;60467;F;68;IL;USAGE UNKNOWN;DEPLOYMENT UNKNOWN;UNKNOWN;NONINCAPACITATING INJURY;NONE;UNKNOWN;NORMAL;TEST NOT OFFERED;;;DRIVER;;;DNA;;DNA;;;
a5a01eee999132d581a1779c7003cef85aae5cf90ef8ec7ffc0cec386a66c6344a6491c2f4f36d87be221d849603dad36d50b0d23ab8ff0e57c7ad010a3212e1;O2094299;1996528;2025-06-27 06:32:00;;;;F;;;USAGE UNKNOWN;DEPLOYMENT UNKNOWN;NONE;NO INDICATION OF INJURY;OTHER;UNKNOWN;UNKNOWN;TEST NOT OFFERED;;;DRIVER;;;;;;;;
a5a01eee999132d581a1779c7003cef85aae5cf90ef8ec7ffc0cec386a66c6344a6491c2f4f36d87be221d849603dad36d50b0d23ab8ff0e57c7ad010a3212e1;O2094300;1996531;2025-06-27 06:32:00;CHICAGO;IL;60614;F;24;IL;SAFETY BELT USED;DID NOT DEPLOY;NONE;REPORTED, NOT EVIDENT;NONE;NOT OBSCURED;NORMAL;TEST NOT OFFERED;;;DRIVER;;;;;;;;
80b254f9773b728f515e5858e54beb5c8805b8b64c842615e18d57f5446bb07ca4310130c6c3fd35d38e1b7b4d08429844c56495d0fe88aadb4d677c8a24f194;O2094896;1997084;2025-06-27 06:10:00;;;;X;;;USAGE UNKNOWN;DEPLOYMENT UNKNOWN;UNKNOWN;NO INDICATION OF INJURY;UNKNOWN;UNKNOWN;UNKNOWN;TEST NOT OFFERED;;;DRIVER;;;;;;;;
5d6275c9c22325687da1e14b1d145f162a90c476c67cf80c387023aca78343bd7932e22304bff73420b6dd1c586a401044b8921329182f0db880239587bedd50;O2094297;1996524;2025-06-27 06:00:00;PLAINFIELD;IL;60586;M;40;IL;SAFETY BELT USED;NOT APPLICABLE;NONE;NO INDICATION OF INJURY;UNKNOWN;UNKNOWN;NORMAL;TEST NOT OFFERED;;;DRIVER;;;;;;;;
5d6275c9c22325687da1e14b1d145f162a90c476c67cf80c387023aca78343bd7932e22304bff73420b6dd1c586a401044b8921329182f0db880239587bedd50;O2094298;1996529;2025-06-27 06:00:00;CHICAGO;IL;60632;M;34;IL;SAFETY BELT USED;NOT APPLICABLE;NONE;NO INDICATION OF INJURY;UNKNOWN;UNKNOWN;NORMAL;TEST NOT OFFERED;;;DRIVER;;;;;;;;
36159647c95b9b144c44c2c8e2357a63d0fc11bc01f9cdaeaf7adebfd4347165975d8486a279901469af4d508af0caf55bb53ddfec6e9d3b05be2f1f3af71149;O2094283;1996513;2025-06-27 05:50:00;CHICAGO;IL;60609;M;;;USAGE UNKNOWN;NOT APPLICABLE;NONE;NO INDICATION OF INJURY;FAILED TO YIELD;NOT OBSCURED;NORMAL;TEST NOT OFFERED;;;DRIVER;;;;;;;;
36159647c95b9b144c44c2c8e2357a63d0fc11bc01f9cdaeaf7adebfd4347165975d8486a279901469af4d508af0caf55bb53ddfec6e9d3b05be2f1f3af71149;O2094284;1996516;2025-06-27 05:50:00;BLUE ISLAND;IL;60406;F;;IL;SAFETY BELT USED;DID NOT DEPLOY;NONE;NO INDICATION OF INJURY;NONE;UNKNOWN;NORMAL;TEST NOT OFFERED;;;DRIVER;;;;;;;;
77a6cd82fd35d3ef9fe03e942c76f174b843e32eb6cd74cd773dcf80982b9a52004a95b68d60dae3c1f1081a251a948436b1ba7e4825ba7dd834f2cf461c4163;O2094452;;2025-06-27 05:20:00;;;;M;;;HELMET NOT USED;;UNKNOWN;NO INDICATION OF INJURY;;UNKNOWN;UNKNOWN;TEST NOT OFFERED;;;BICYCLE;;;;;;;;
62dee133e726de49abcf96fd002cce9e8cdb416b17bb53fe355db8bbabbb23d6c963463384a806afb916e0aaafcfbdf836bcc783f9c2f6864da04562571b7a4c;O2094279;1996507;2025-06-27 04:56:00;;;;X;;XX;USAGE UNKNOWN;DEPLOYMENT UNKNOWN;UNKNOWN;NO INDICATION OF INJURY;UNKNOWN;UNKNOWN;UNKNOWN;TEST NOT OFFERED;;;DRIVER;;;;;;;;
f3864551010e0ed2748ca0725d2767a65ae69707d3b56f27b2f5ca2531c9500a947e34c9f15bc956316bc40ea75e88fd41496949e0c58a9f462ef59556804c0e;O2094303;1996537;2025-06-27 04:55:00;CHICAGO;IL;60609;F;23;IL;USAGE UNKNOWN;DEPLOYED, COMBINATION;NONE;NO INDICATION OF INJURY;DISREGARDED CONTROL DEVICES;UNKNOWN;NORMAL;TEST NOT OFFERED;;;DRIVER;;;;;;;;
f3864551010e0ed2748ca0725d2767a65ae69707d3b56f27b2f5ca2531c9500a947e34c9f15bc956316bc40ea75e88fd41496949e0c58a9f462ef59556804c0e;O2094304;1996541;2025-06-27 04:55:00;CHICAGO;IL;60629;M;46;IL;USAGE UNKNOWN;DEPLOYED, COMBINATION;NONE;NONINCAPACITATING INJURY;NONE;UNKNOWN;NORMAL;TEST NOT OFFERED;;;DRIVER;;;;;;;;
a8040ecc24ca4307656198a6d13ef0dd267e4e4a4044226ff52cd39eab3166e7dca333bace4b4bd9830f11d2cf04316d7e7a85bb67d1f2cfcd5a7a42caabbdb4;O2094657;1996870;2025-06-27 04:00:00;;;;X;;;USAGE UNKNOWN;DEPLOYMENT UNKNOWN;UNKNOWN;NO INDICATION OF INJURY;UNKNOWN;UNKNOWN;UNKNOWN;TEST NOT OFFERED;;;DRIVER;;;;;;;;
a8040ecc24ca4307656198a6d13ef0dd267e4e4a4044226ff52cd39eab3166e7dca333bace4b4bd9830f11d2cf04316d7e7a85bb67d1f2cfcd5a7a42caabbdb4;O2094658;1996865;2025-06-27 04:00:00;BERWYN;IL;;F;;IL;USAGE UNKNOWN;DEPLOYMENT UNKNOWN;UNKNOWN;NO INDICATION OF INJURY;UNKNOWN;UNKNOWN;NORMAL;TEST NOT OFFERED;;;DRIVER;;;;;;;;
da835e9e817fa3a6f06bbbd40f355e9d6c6fa3437c04cc0e008e3d767d92038f8b26a12470b57a6d277efa617e4017f98c549c818f070308f4862bacfff4793a;O2094266;1996491;2025-06-27 03:00:00;;;;X;;;USAGE UNKNOWN;DEPLOYMENT UNKNOWN;NONE;NO INDICATION OF INJURY;FAILED TO YIELD;UNKNOWN;UNKNOWN;TEST NOT OFFERED;;;DRIVER;;;;;;;;
da835e9e817fa3a6f06bbbd40f355e9d6c6fa3437c04cc0e008e3d767d92038f8b26a12470b57a6d277efa617e4017f98c549c818f070308f4862bacfff4793a;O2094267;;2025-06-27 03:00:00;CHICAGO;IL;60612;M;40;;HELMET NOT USED;;NONE;NO INDICATION OF INJURY;NONE;NOT OBSCURED;UNKNOWN;TEST NOT OFFERED;;;BICYCLE;;;;;;;;
de6dfbb1ab481ca914e1a27f25ddd9c50f96bc444fc3ef339c4b7e340c097a32136c85164802271a25c8c36e4610ceb42616b2d66f65e1e0976c8f6820f4f5c2;O2094264;1996485;2025-06-27 02:54:00;;;;X;;;USAGE UNKNOWN;DEPLOYMENT UNKNOWN;NONE;NO INDICATION OF INJURY;FOLLOWED TOO CLOSELY;UNKNOWN;UNKNOWN;TEST NOT OFFERED;;;DRIVER;;;;;;;;
de6dfbb1ab481ca914e1a27f25ddd9c50f96bc444fc3ef339c4b7e340c097a32136c85164802271a25c8c36e4610ceb42616b2d66f65e1e0976c8f6820f4f5c2;O2094265;1996488;2025-06-27 02:54:00;CHICAGO;IL;60645;M;25;IL;SAFETY BELT USED;NOT APPLICABLE;NONE;NO INDICATION OF INJURY;NONE;NOT OBSCURED;NORMAL;TEST NOT OFFERED;;;DRIVER;;;;;;;;
ba1de68997ec82ffa2a15fa4718165ccf53a644a2e4158719627b7d9cb4966cb6488c0399166173d88e704b7b2cd83bdedd45549f80ce0afd619502e0babc42e;O2094535;1996750;2025-06-27 02:30:00;;;;X;;;USAGE UNKNOWN;DEPLOYMENT UNKNOWN;NONE;NO INDICATION OF INJURY;DISREGARDED CONTROL DEVICES;UNKNOWN;UNKNOWN;TEST NOT OFFERED;;;DRIVER;;;;;;;;
ba1de68997ec82ffa2a15fa4718165ccf53a644a2e4158719627b7d9cb4966cb6488c0399166173d88e704b7b2cd83bdedd45549f80ce0afd619502e0babc42e;O2094536;1996747;2025-06-27 02:30:00;;;;X;;;USAGE UNKNOWN;DEPLOYMENT UNKNOWN;NONE;NO INDICATION OF INJURY;OTHER;UNKNOWN;UNKNOWN;TEST NOT OFFERED;;;DRIVER;;;;;;;;
ba1de68997ec82ffa2a15fa4718165ccf53a644a2e4158719627b7d9cb4966cb6488c0399166173d88e704b7b2cd83bdedd45549f80ce0afd619502e0babc42e;O2094537;1996741;2025-06-27 02:30:00;CHICAGO;IL;60629;M;23;IL;SAFETY BELT USED;DID NOT DEPLOY;NONE;NO INDICATION OF INJURY;OTHER;NOT OBSCURED;NORMAL;TEST NOT OFFERED;;;DRIVER;;;;;;;;
3d2b0313f324702a0dd3fa29fdc2fa49d89d9375d49a01933c65946d43711ee6cb7d7f1b44578755df75abd7d062dcd20c405037040e108fa91c6cbf5a614553;O2094262;1996481;2025-06-27 02:10:00;CHICAGO;IL;60621;M;32;IL;USAGE UNKNOWN;DID NOT DEPLOY;NONE;NO INDICATION OF INJURY;UNKNOWN;UNKNOWN;UNKNOWN;TEST NOT OFFERED;;;DRIVER;;;;;;;;
3d2b0313f324702a0dd3fa29fdc2fa49d89d9375d49a01933c65946d43711ee6cb7d7f1b44578755df75abd7d062dcd20c405037040e108fa91c6cbf5a614553;O2094263;1996482;2025-06-27 02:10:00;ELGIN;IL;60120;F;30;IL;USAGE UNKNOWN;DID NOT DEPLOY;NONE;NO INDICATION OF INJURY;UNKNOWN;UNKNOWN;UNKNOWN;TEST NOT OFFERED;;;DRIVER;;;;;;;;
3d2b0313f324702a0dd3fa29fdc2fa49d89d9375d49a01933c65946d43711ee6cb7d7f1b44578755df75abd7d062dcd20c405037040e108fa91c6cbf5a614553;P462275;1996482;2025-06-27 02:10:00;;;;;43;;USAGE UNKNOWN;DID NOT DEPLOY;NONE;NO INDICATION OF INJURY;;;;;;;PASSENGER;;;;;;;;
83e01979465cfcc2e53c04fd135d47df26395cf7ce471f279add4c6ee70136d71ad3068e68f2003fb0845fb18b2232cec5f46d9a84db851b8f0a26a48b7baf71;O2094271;1996495;2025-06-27 01:47:00;;;;X;;;USAGE UNKNOWN;DEPLOYMENT UNKNOWN;UNKNOWN;NO INDICATION OF INJURY;UNKNOWN;UNKNOWN;UNKNOWN;TEST NOT OFFERED;;;DRIVER;;;;;;;;
c9acead9529e51f1bb57643852ab98cfeed09334017807495ce6eb129f4e80d98a24d9792a2778cadf9034f4bafe059dd705bdc88ff6c067741814d431f56bf7;O2094239;1996460;2025-06-27 01:05:00;;;;M;;;USAGE UNKNOWN;DEPLOYED, COMBINATION;NONE;NO INDICATION OF INJURY;UNKNOWN;UNKNOWN;UNKNOWN;TEST NOT OFFERED;;;DRIVER;;;;;;;;
b03299f262c51e09336664f5c259326ccb7095828bbcfb768f28d98455bb577c5888e3971d05957ff58629adc6f699108041f956dd80c32495b0f32962f32529;O2094237;1996459;2025-06-27 01:02:00;MATTESON;IL;60443;M;48;IL;USAGE UNKNOWN;DID NOT DEPLOY;NONE;NO INDICATION OF INJURY;UNKNOWN;NOT OBSCURED;NORMAL;TEST NOT OFFERED;;;DRIVER;;;;;;;;
1daea2a5789b795781a46156e4c285a1c027d80c217456d101750e6a91c11e7371880e16fda5fde98c3530cb518dfac978f6e0c4971ca3e403a8037a14d853f0;O2094880;1997080;2025-06-27 01:00:00;CHICAGO;IL;;F;;IL;USAGE UNKNOWN;DEPLOYMENT UNKNOWN;UNKNOWN;NO INDICATION OF INJURY;UNKNOWN;UNKNOWN;NORMAL;TEST NOT OFFERED;;;DRIVER;;;;;;;;
9d0a92c61208b5453e78e97e3b44744b53dcb16c7245786d1d825c608eea228e22ec4fd6a55e5d381e1668cc7ebbd92aa5d355d2d7b86624e1894351099bafd5;O2094230;1996456;2025-06-27 00:47:00;CHICAGO;IL;60628;M;55;IL;NONE PRESENT;DEPLOYED, FRONT;NONE;NO INDICATION OF INJURY;OTHER;NOT OBSCURED;NORMAL;TEST NOT OFFERED;;;DRIVER;;;;;;;;
997d90f54934100775eeee7f7d9b59ed720c877326cd130f0f679334d0151fd6b2cd522f25b648772fdf4fcd852927de1889d8cc1e5b8364901cb4fa122002c3;O2094250;1996474;2025-06-27 00:30:00;UNK;XX;;M;;XX;USAGE UNKNOWN;DID NOT DEPLOY;NONE;NO INDICATION OF INJURY;WRONG WAY/SIDE;UNKNOWN;UNKNOWN;TEST NOT OFFERED;;;DRIVER;;;;;;;;
997d90f54934100775eeee7f7d9b59ed720c877326cd130f0f679334d0151fd6b2cd522f25b648772fdf4fcd852927de1889d8cc1e5b8364901cb4fa122002c3;P462272;1996474;2025-06-27 00:30:00;;IL;;M;;;USAGE UNKNOWN;DID NOT DEPLOY;NONE;NO INDICATION OF INJURY;;;;;;;PASSENGER;;;;;;;;
997d90f54934100775eeee7f7d9b59ed720c877326cd130f0f679334d0151fd6b2cd522f25b648772fdf4fcd852927de1889d8cc1e5b8364901cb4fa122002c3;P462273;1996474;2025-06-27 00:30:00;;;;F;;;USAGE UNKNOWN;DID NOT DEPLOY;NONE;NO INDICATION OF INJURY;;;;;;;PASSENGER;;;;;;;;
997d90f54934100775eeee7f7d9b59ed720c877326cd130f0f679334d0151fd6b2cd522f25b648772fdf4fcd852927de1889d8cc1e5b8364901cb4fa122002c3;P462274;1996474;2025-06-27 00:30:00;;;;F;;;USAGE UNKNOWN;DID NOT DEPLOY;NONE;NO INDICATION OF INJURY;;;;;;;PASSENGER;;;;;;;;
64dcda5b55ccfe41a398cc3a4de3fae657ffa10d9a8f4999aa37a3b667b6aad80be6664006cc197183fa98bbcc555377afec7ce3405cf8d3e41ff6317ebd3504;O2094253;1996476;2025-06-27 00:25:00;;;;M;;XX;USAGE UNKNOWN;DEPLOYMENT UNKNOWN;UNKNOWN;NO INDICATION OF INJURY;UNKNOWN;UNKNOWN;UNKNOWN;TEST NOT OFFERED;;;DRIVER;;;;;;;;
64dcda5b55ccfe41a398cc3a4de3fae657ffa10d9a8f4999aa37a3b667b6aad80be6664006cc197183fa98bbcc555377afec7ce3405cf8d3e41ff6317ebd3504;P462276;1996476;2025-06-27 00:25:00;UNKNOWN;IL;;X;;;USAGE UNKNOWN;NOT APPLICABLE;UNKNOWN;NO INDICATION OF INJURY;;;;;;;PASSENGER;;;;;;;;
be2c067b3d58bbde6aa055462b977e49dc2c13b399b0b06f8354e42043f5795e2a38e83d148426d2198bd55a4b738af2f55492989ffdcda70c455ea798211010;O2094211;1996437;2025-06-27 00:10:00;SPOONER;WI;54801;M;21;WI;SAFETY BELT USED;DID NOT DEPLOY;NONE;NO INDICATION OF INJURY;IMPROPER BACKING;UNKNOWN;NORMAL;TEST NOT OFFERED;;;DRIVER;;;REFUSED;;;;;
be2c067b3d58bbde6aa055462b977e49dc2c13b399b0b06f8354e42043f5795e2a38e83d148426d2198bd55a4b738af2f55492989ffdcda70c455ea798211010;P462262;1996437;2025-06-27 00:10:00;;WI;;;;;SAFETY BELT USED;DID NOT DEPLOY;NONE;NO INDICATION OF INJURY;;;;;;;PASSENGER;;;REFUSED;;;;;
29bfda4294649e92c6f6ec0c60b956819b265447975c3f727c031ae9b1575d05ac5562f590873221f7b6dacebae88f81c3de6da2cac2666687a30bf409551d7f;O2094328;1996551;2025-06-27 00:09:00;CHICAGO;IL;60643;M;19;IL;USAGE UNKNOWN;NOT APPLICABLE;NONE;NO INDICATION OF INJURY;UNKNOWN;UNKNOWN;UNKNOWN;TEST NOT OFFERED;;;DRIVER;;;;;;;;
29bfda4294649e92c6f6ec0c60b956819b265447975c3f727c031ae9b1575d05ac5562f590873221f7b6dacebae88f81c3de6da2cac2666687a30bf409551d7f;O2094345;1996560;2025-06-27 00:09:00;EVERGREEN PARK;IL;60805;F;38;IL;USAGE UNKNOWN;NOT APPLICABLE;NONE;NO INDICATION OF INJURY;UNKNOWN;UNKNOWN;UNKNOWN;TEST REFUSED;;;DRIVER;;;;;;;;
20047e3ffc31b7659272accb125bbeae1f8fe934b052de1356138cb0ede48a6237487e8cbeba506a3686b4a57a75383fe535074114b6599d57609e05b96d7ade;O2094235;1996461;2025-06-26 23:59:00;CHICAGO;IL;60617;F;31;IL;USAGE UNKNOWN;DEPLOYMENT UNKNOWN;NONE;NO INDICATION OF INJURY;UNKNOWN;UNKNOWN;UNKNOWN;TEST NOT OFFERED;;;DRIVER;;;;;;;;
20047e3ffc31b7659272accb125bbeae1f8fe934b052de1356138cb0ede48a6237487e8cbeba506a3686b4a57a75383fe535074114b6599d57609e05b96d7ade;O2094236;1996469;2025-06-26 23:59:00;CHICAGO;IL;60619;F;47;IL;USAGE UNKNOWN;DEPLOYMENT UNKNOWN;NONE;NO INDICATION OF INJURY;UNKNOWN;UNKNOWN;NORMAL;TEST NOT OFFERED;;;DRIVER;;;;;;;;
20047e3ffc31b7659272accb125bbeae1f8fe934b052de1356138cb0ede48a6237487e8cbeba506a3686b4a57a75383fe535074114b6599d57609e05b96d7ade;P462270;1996461;2025-06-26 23:59:00;CHICAGO;IL;60619;X;;;USAGE UNKNOWN;NOT APPLICABLE;NONE;NO INDICATION OF INJURY;;;;;;;PASSENGER;;;;;;;;
cc0fcd9449e21d6caba2a7aaa6623b91db4f69ce7c6fb2ec58b0b3195618ec47e286cf21c906f790240775dd568769548c23403187c9f710e81d143f72323b8d;O2094213;1996438;2025-06-26 23:44:00;PHILADELPHIA;PA;19114;M;23;PA;SAFETY BELT USED;DID NOT DEPLOY;NONE;NO INDICATION OF INJURY;FAILED TO YIELD;UNKNOWN;UNKNOWN;TEST NOT OFFERED;;;DRIVER;;;;;;;;
cc0fcd9449e21d6caba2a7aaa6623b91db4f69ce7c6fb2ec58b0b3195618ec47e286cf21c906f790240775dd568769548c23403187c9f710e81d143f72323b8d;O2094214;1996449;2025-06-26 23:44:00;NORTHLAKE;IL;;M;64;IL;SAFETY BELT USED;DID NOT DEPLOY;NONE;NO INDICATION OF INJURY;NONE;UNKNOWN;NORMAL;TEST NOT OFFERED;;;DRIVER;;;;;;;;
cc0fcd9449e21d6caba2a7aaa6623b91db4f69ce7c6fb2ec58b0b3195618ec47e286cf21c906f790240775dd568769548c23403187c9f710e81d143f72323b8d;P462265;1996449;2025-06-26 23:44:00;NORTH LAKE;IL;60164;F;32;;SAFETY BELT USED;DID NOT DEPLOY;NONE;NO INDICATION OF INJURY;;;;;;;PASSENGER;;;;;;;;
3d0334faaa1d757f6727ba6fd94b767dd79188c2b9748cd10f9df2eb47a2e52686e3ed85fe6201f9ed1c91ee6b602ffb5dfbf6e1550aebce8990e9edd789b0dc;O2094217;1996439;2025-06-26 23:35:00;CHICAGO;IL;60657;F;;IL;SAFETY BELT USED;DEPLOYED, FRONT;NONE;NONINCAPACITATING INJURY;FOLLOWED TOO CLOSELY;NOT OBSCURED;NORMAL;TEST NOT OFFERED;;;DRIVER;;;NORTHWESTERN;;CFD;;;
3d0334faaa1d757f6727ba6fd94b767dd79188c2b9748cd10f9df2eb47a2e52686e3ed85fe6201f9ed1c91ee6b602ffb5dfbf6e1550aebce8990e9edd789b0dc;O2094218;1996444;2025-06-26 23:35:00;CHICAGO;;60651;F;;IL;SAFETY BELT USED;NOT APPLICABLE;NONE;NO INDICATION OF INJURY;NONE;NOT OBSCURED;NORMAL;TEST NOT OFFERED;;;DRIVER;;;;;;;;
3d0334faaa1d757f6727ba6fd94b767dd79188c2b9748cd10f9df2eb47a2e52686e3ed85fe6201f9ed1c91ee6b602ffb5dfbf6e1550aebce8990e9edd789b0dc;O2094219;1996450;2025-06-26 23:35:00;CHICAGO;IL;60623;M;;IL;SAFETY BELT USED;NOT APPLICABLE;NONE;NO INDICATION OF INJURY;NONE;NOT OBSCURED;NORMAL;TEST NOT OFFERED;;;DRIVER;;;;;;;;
3d0334faaa1d757f6727ba6fd94b767dd79188c2b9748cd10f9df2eb47a2e52686e3ed85fe6201f9ed1c91ee6b602ffb5dfbf6e1550aebce8990e9edd789b0dc;P462263;1996444;2025-06-26 23:35:00;;;;M;;;SAFETY BELT USED;NOT APPLICABLE;NONE;NONINCAPACITATING INJURY;;;;;;;PASSENGER;;;;;;;;
3d0334faaa1d757f6727ba6fd94b767dd79188c2b9748cd10f9df2eb47a2e52686e3ed85fe6201f9ed1c91ee6b602ffb5dfbf6e1550aebce8990e9edd789b0dc;P462264;1996450;2025-06-26 23:35:00;;;;F;;;SAFETY BELT USED;NOT APPLICABLE;NONE;NO INDICATION OF INJURY;;;;;;;PASSENGER;;;;;;;;
01e79992c4e19ef1b49c60c4b1f38736fd66fb5a9fda344cb451351015551083ba13fd410edb2c6414a872b90fc039089f59596f32b13b6975de2fb467f925f9;O2094243;1996466;2025-06-26 23:32:00;JOLIET;IL;60436;M;19;IL;SAFETY BELT USED;NOT APPLICABLE;NONE;NO INDICATION OF INJURY;DISREGARDED CONTROL DEVICES;NOT OBSCURED;NORMAL;TEST NOT OFFERED;;;DRIVER;;;;;;;;
01e79992c4e19ef1b49c60c4b1f38736fd66fb5a9fda344cb451351015551083ba13fd410edb2c6414a872b90fc039089f59596f32b13b6975de2fb467f925f9;O2094244;1996472;2025-06-26 23:32:00;NORTHLAKE;IL;60164;F;25;IL;SAFETY BELT USED;DID NOT DEPLOY;NONE;NO INDICATION OF INJURY;NONE;NOT OBSCURED;NORMAL;TEST NOT OFFERED;;;DRIVER;;;;;;;;
cf22a7e4276f1dac53e52525846108990002a2657013f61250060a8f3ca2ce7d8fbd74de88dd123fa01070a22b897d186eaf27b64dcc2d92f1acdc50f3d27ebe;O2094804;1996983;2025-06-26 23:30:00;CHICAGO;IL;60617;M;57;IL;USAGE UNKNOWN;DEPLOYMENT UNKNOWN;NONE;NO INDICATION OF INJURY;UNKNOWN;UNKNOWN;UNKNOWN;TEST NOT OFFERED;;;DRIVER;;;;;;;;
cf22a7e4276f1dac53e52525846108990002a2657013f61250060a8f3ca2ce7d8fbd74de88dd123fa01070a22b897d186eaf27b64dcc2d92f1acdc50f3d27ebe;O2094805;1996992;2025-06-26 23:30:00;CHICAGO;IL;60649;M;35;AZ;SAFETY BELT USED;NOT APPLICABLE;NONE;NO INDICATION OF INJURY;NONE;UNKNOWN;NORMAL;TEST NOT OFFERED;;;DRIVER;;;;;;;;
48d4b2faa08a19228f87ef7f339f993ff1eb9f5427a13f26f3e094ca93384ecd37117f7bea40ee3e1362375b60bf565cafc93f0f3ad21cc9071d57022d9cba17;O2094202;1996427;2025-06-26 23:29:00;;;;X;;;USAGE UNKNOWN;DEPLOYED, SIDE;NONE;NO INDICATION OF INJURY;UNKNOWN;UNKNOWN;UNKNOWN;TEST NOT OFFERED;;;DRIVER;;;;;;;;
15abeb5f383b00bc81afa2a7b85b9c316ce2d5e0324792c43218648f2c13930d4afdedcb964cd8794accd12713cc120c87642c0ea91161394b0af6bcfcdbfb08;O2094215;1996445;2025-06-26 23:17:00;;;;X;;;USAGE UNKNOWN;DEPLOYMENT UNKNOWN;NONE;NO INDICATION OF INJURY;DISREGARDED CONTROL DEVICES;UNKNOWN;UNKNOWN;TEST NOT OFFERED;;;DRIVER;;;;;;;;
15abeb5f383b00bc81afa2a7b85b9c316ce2d5e0324792c43218648f2c13930d4afdedcb964cd8794accd12713cc120c87642c0ea91161394b0af6bcfcdbfb08;O2094216;1996441;2025-06-26 23:17:00;CHICAGO;IL;60661;F;37;IL;SAFETY BELT USED;DEPLOYED, COMBINATION;NONE;INCAPACITATING INJURY;NONE;NOT OBSCURED;NORMAL;TEST NOT OFFERED;;;DRIVER;;;UNIVERSITY OF CHICAGO;;CFD;;;
c4abb42337f9f7727d417ab656d9932b694e0aa7595050f301e2d59e6e6dc6822987d58fe9c3e8952ab59654ce701fbeff7e2a659a6038dc9f7c6163dce0abf4;O2094627;1996835;2025-06-26 23:15:00;PEORIA;IL;61605;F;32;IL;USAGE UNKNOWN;NOT APPLICABLE;NONE;NO INDICATION OF INJURY;UNKNOWN;UNKNOWN;UNKNOWN;TEST NOT OFFERED;;;DRIVER;;;;;;;;
c4abb42337f9f7727d417ab656d9932b694e0aa7595050f301e2d59e6e6dc6822987d58fe9c3e8952ab59654ce701fbeff7e2a659a6038dc9f7c6163dce0abf4;O2094628;;2025-06-26 23:15:00;CHICAGO;IL;60640;F;33;;USAGE UNKNOWN;;;NONINCAPACITATING INJURY;UNKNOWN;UNKNOWN;UNKNOWN;TEST NOT OFFERED;;;PEDESTRIAN;;;;;;;;
526c325767053df3a62ee3fee3f261023cc11b68176a353de2b663fca29a6f51b746e4f17b4e153268dc17f230135b250b023cb62a94a65926dda5784d2a1925;O2094205;1996429;2025-06-26 23:03:00;CHICAGO;IL;60624;F;32;IL;USAGE UNKNOWN;DID NOT DEPLOY;NONE;NO INDICATION OF INJURY;FOLLOWED TOO CLOSELY;UNKNOWN;UNKNOWN;TEST NOT OFFERED;;;DRIVER;;;;;;;;
526c325767053df3a62ee3fee3f261023cc11b68176a353de2b663fca29a6f51b746e4f17b4e153268dc17f230135b250b023cb62a94a65926dda5784d2a1925;O2094206;1996433;2025-06-26 23:03:00;CICERO;IL;60804;F;24;IL;USAGE UNKNOWN;DID NOT DEPLOY;NONE;NO INDICATION OF INJURY;NONE;UNKNOWN;UNKNOWN;TEST NOT OFFERED;;;DRIVER;;;;;;;;
526c325767053df3a62ee3fee3f261023cc11b68176a353de2b663fca29a6f51b746e4f17b4e153268dc17f230135b250b023cb62a94a65926dda5784d2a1925;P462261;1996433;2025-06-26 23:03:00;BERWYN;IL;60402;M;31;;USAGE UNKNOWN;NOT APPLICABLE;NONE;NO INDICATION OF INJURY;;;;;;;PASSENGER;;;;;;;;
0af9894dd398b1248910daf89e13700652483b9319386d72b9da8babca7487f7ce400a06601abf23876dbd95c1cb0f4037c1d81b66b888d23c28e610b5483220;O2094209;1996453;2025-06-26 23:00:00;CHICAGO;IL;60652;F;40;IL;USAGE UNKNOWN;DEPLOYED, COMBINATION;NONE;NONINCAPACITATING INJURY;UNKNOWN;UNKNOWN;NORMAL;TEST NOT OFFERED;;;DRIVER;;;;;;;;
0af9894dd398b1248910daf89e13700652483b9319386d72b9da8babca7487f7ce400a06601abf23876dbd95c1cb0f4037c1d81b66b888d23c28e610b5483220;O2094210;1996455;2025-06-26 23:00:00;CHICAGO;IL;60652;M;22;IL;USAGE UNKNOWN;DEPLOYED, COMBINATION;NONE;NONINCAPACITATING INJURY;UNKNOWN;NOT OBSCURED;NORMAL;TEST NOT OFFERED;;;DRIVER;;;;;;;;
0af9894dd398b1248910daf89e13700652483b9319386d72b9da8babca7487f7ce400a06601abf23876dbd95c1cb0f4037c1d81b66b888d23c28e610b5483220;P462266;1996453;2025-06-26 23:00:00;;;;F;;;USAGE UNKNOWN;DEPLOYMENT UNKNOWN;NONE;NONINCAPACITATING INJURY;;;;;;;PASSENGER;;;LITTLE COMPANY OF MARY;;;;;
0af9894dd398b1248910daf89e13700652483b9319386d72b9da8babca7487f7ce400a06601abf23876dbd95c1cb0f4037c1d81b66b888d23c28e610b5483220;P462267;1996453;2025-06-26 23:00:00;;;;M;;;USAGE UNKNOWN;DEPLOYMENT UNKNOWN;NONE;NONINCAPACITATING INJURY;;;;;;;PASSENGER;;;LITTLE COMPANY OF MARY;;;;;
b43a9cf4982b0880c695fda6b74e93dbfba11956b8d53f8894d2c63ce6b9ab001b6a33e4d3e66573d101343750b5ac49db3938033f22f874e9ac06ae52f67534;O2094208;1996436;2025-06-26 23:00:00;;;;X;;;USAGE UNKNOWN;DEPLOYMENT UNKNOWN;UNKNOWN;NO INDICATION OF INJURY;UNKNOWN;UNKNOWN;UNKNOWN;TEST NOT OFFERED;;;DRIVER;;;;;;;;
6e73348b6f5bcb93e3f5544cb668ca10f30a3e60cdd2a33c4823d7b86187f22a1022ff59aa60e6a6265628b779b5e538c0536d14c817cc631ffd96e5b12604df;O2094200;1996435;2025-06-26 22:47:00;CREST HILL;IL;60403;F;43;IL;SAFETY BELT USED;DEPLOYED, FRONT;UNKNOWN;NO INDICATION OF INJURY;FOLLOWED TOO CLOSELY;OTHER;NORMAL;TEST NOT OFFERED;;;DRIVER;;;;;;;;
6e73348b6f5bcb93e3f5544cb668ca10f30a3e60cdd2a33c4823d7b86187f22a1022ff59aa60e6a6265628b779b5e538c0536d14c817cc631ffd96e5b12604df;O2094201;1996424;2025-06-26 22:47:00;ALSIP;IL;60803;F;29;IL;SAFETY BELT USED;DEPLOYED, COMBINATION;UNKNOWN;NONINCAPACITATING INJURY;NONE;NOT OBSCURED;NORMAL;TEST NOT OFFERED;;;DRIVER;;;;;;;;
6e73348b6f5bcb93e3f5544cb668ca10f30a3e60cdd2a33c4823d7b86187f22a1022ff59aa60e6a6265628b779b5e538c0536d14c817cc631ffd96e5b12604df;P462259;1996424;2025-06-26 22:47:00;CHICAGO;IL;60649;F;29;;SAFETY BELT USED;DEPLOYED, COMBINATION;UNKNOWN;INCAPACITATING INJURY;;;;;;;PASSENGER;;;;;;;;
bfa8797db040217bee811eb59a164cef330a5f11183a606b22f4520afbd6af716d807f86f72f90ced8f38ce9bbd7fcb7b8c6193c9df56f5346c999bc3f01aef0;O2094228;1996454;2025-06-26 22:41:00;CHICAGO;IL;60659;M;27;IL;USAGE UNKNOWN;NOT APPLICABLE;NONE;NO INDICATION OF INJURY;IMPROPER PASSING;OTHER;UNKNOWN;TEST NOT OFFERED;;;DRIVER;;;;;;;;
bfa8797db040217bee811eb59a164cef330a5f11183a606b22f4520afbd6af716d807f86f72f90ced8f38ce9bbd7fcb7b8c6193c9df56f5346c999bc3f01aef0;O2094229;1996458;2025-06-26 22:41:00;CHICAGO;IL;60659;M;49;IL;USAGE UNKNOWN;NOT APPLICABLE;NONE;NO INDICATION OF INJURY;NONE;UNKNOWN;UNKNOWN;TEST NOT OFFERED;;;DRIVER;;;;;;;;
bfa8797db040217bee811eb59a164cef330a5f11183a606b22f4520afbd6af716d807f86f72f90ced8f38ce9bbd7fcb7b8c6193c9df56f5346c999bc3f01aef0;P462268;1996454;2025-06-26 22:41:00;;;;F;29;;USAGE UNKNOWN;NOT APPLICABLE;NONE;NO INDICATION OF INJURY;;;;;;;PASSENGER;;;;;;;;
bfa8797db040217bee811eb59a164cef330a5f11183a606b22f4520afbd6af716d807f86f72f90ced8f38ce9bbd7fcb7b8c6193c9df56f5346c999bc3f01aef0;P462269;1996458;2025-06-26 22:41:00;WHEATON;IL;60187;F;48;;USAGE UNKNOWN;NOT APPLICABLE;NONE;NO INDICATION OF INJURY;;;;;;;PASSENGER;;;;;;;;
0964bea18ddcf7b7fb5e06ed92d3b905b77f93f53040756da536c4ddfa45d896ec2d08e7968dbf9f835193c781d1d232258a8179666e9ee58bc85c6739c8980a;O2094255;1996480;2025-06-26 22:40:00;CHICAGO;IL;60628;M;38;;USAGE UNKNOWN;DEPLOYMENT UNKNOWN;UNKNOWN;NO INDICATION OF INJURY;OTHER;UNKNOWN;UNKNOWN;TEST NOT OFFERED;;;DRIVER;;;;;;;;
5aa042b3eedee9698023366c0fc626e9a3a39cee3d3d1378f298bd975a4825f5db7014032e426fd0caab75124e417da7d9233ca93cbe1004c0c52d3b6c619e7d;O2094528;1996733;2025-06-26 22:38:00;CHICAGO;IL;60637;M;55;IL;USAGE UNKNOWN;NOT APPLICABLE;UNKNOWN;NO INDICATION OF INJURY;UNKNOWN;UNKNOWN;UNKNOWN;TEST NOT OFFERED;;;DRIVER;;;;;;;;
5aa042b3eedee9698023366c0fc626e9a3a39cee3d3d1378f298bd975a4825f5db7014032e426fd0caab75124e417da7d9233ca93cbe1004c0c52d3b6c619e7d;O2094529;1996739;2025-06-26 22:38:00;CHICAGO;IL;60618;M;19;IL;USAGE UNKNOWN;NOT APPLICABLE;NONE;NO INDICATION OF INJURY;UNKNOWN;UNKNOWN;NORMAL;TEST NOT OFFERED;;;DRIVER;;;;;;;;
5aa042b3eedee9698023366c0fc626e9a3a39cee3d3d1378f298bd975a4825f5db7014032e426fd0caab75124e417da7d9233ca93cbe1004c0c52d3b6c619e7d;P462318;1996739;2025-06-26 22:38:00;;IL;;;;;USAGE UNKNOWN;NOT APPLICABLE;NONE;NO INDICATION OF INJURY;;;;;;;PASSENGER;;;;;;;;
c2683ab46742883de6eabc90c1b37c48bbe289b5d3dd55edbee45d9f3e91dff02b2c2f94aecc38c4938eb126b84623c00daedd1cc1046ade767e3eb9f99a1e3b;O2094194;1996432;2025-06-26 22:24:00;CHICAGO;IL;60619;F;35;IL;SAFETY BELT USED;DID NOT DEPLOY;NONE;NO INDICATION OF INJURY;FAILED TO YIELD;NOT OBSCURED;NORMAL;TEST NOT OFFERED;;;DRIVER;;;;;;;;
c2683ab46742883de6eabc90c1b37c48bbe289b5d3dd55edbee45d9f3e91dff02b2c2f94aecc38c4938eb126b84623c00daedd1cc1046ade767e3eb9f99a1e3b;O2094195;;2025-06-26 22:24:00;;;;F;;;NONE PRESENT;;;NO INDICATION OF INJURY;UNKNOWN;UNKNOWN;UNKNOWN;TEST NOT OFFERED;;;PEDESTRIAN;;;;;;;;
c6b6102dd7ad3929873a2c0e3383fa00776485367ea6a4f893b2f69c8275fc2c148b83dd3e485ffcf81b775dcdcc928669099369d9f6bb83e0b4a98a31c35034;O2094222;1996443;2025-06-26 22:20:00;CHICAGO;IL;60629;F;30;IL;USAGE UNKNOWN;DEPLOYED, FRONT;NONE;NO INDICATION OF INJURY;UNKNOWN;UNKNOWN;EMOTIONAL;TEST NOT OFFERED;;;DRIVER;;;HOLY CROSS HOSPITAL;;;;;
a72ff7dd3a26026eb1b210ddd804df4ac2eab9604bb016c1a15dd303a9072636d2762287329c319671ae5d2d368578cacc309fa9a36c79661bbf1ad9debfe6e2;O2094198;;2025-06-26 22:06:00;CHICAGO;IL;60619;M;17;;HELMET NOT USED;;NONE;INCAPACITATING INJURY;UNKNOWN;UNKNOWN;UNKNOWN;TEST NOT OFFERED;;;BICYCLE;;;CHRIST;;CFD AMBO 71;;;
a72ff7dd3a26026eb1b210ddd804df4ac2eab9604bb016c1a15dd303a9072636d2762287329c319671ae5d2d368578cacc309fa9a36c79661bbf1ad9debfe6e2;O2094199;1996423;2025-06-26 22:06:00;CHICAGO;IL;60628;M;22;IL;USAGE UNKNOWN;DID NOT DEPLOY;NONE;NO INDICATION OF INJURY;UNKNOWN;NOT OBSCURED;NORMAL;TEST NOT OFFERED;;;DRIVER;;;;;;;;
90b4539bc08adbf3a5e65118c853588843d1be3ade37fb6e856da980cd9e875ac516bb2da6a8540bdff37b13ef52bcf99c4b0b1149114e1bf62fb30ff84adc4a;O2094187;1996413;2025-06-26 22:02:00;CHICAGO;IL;60643;M;33;IL;USAGE UNKNOWN;DID NOT DEPLOY;NONE;NO INDICATION OF INJURY;OTHER;UNKNOWN;NORMAL;TEST NOT OFFERED;;;DRIVER;;;;;;;;
90b4539bc08adbf3a5e65118c853588843d1be3ade37fb6e856da980cd9e875ac516bb2da6a8540bdff37b13ef52bcf99c4b0b1149114e1bf62fb30ff84adc4a;O2094188;1996417;2025-06-26 22:02:00;EDWARDSVILLE;IL;62025;F;24;IL;SAFETY BELT USED;DID NOT DEPLOY;NONE;REPORTED, NOT EVIDENT;NONE;UNKNOWN;NORMAL;TEST NOT OFFERED;;;DRIVER;;;;;;;;
90b4539bc08adbf3a5e65118c853588843d1be3ade37fb6e856da980cd9e875ac516bb2da6a8540bdff37b13ef52bcf99c4b0b1149114e1bf62fb30ff84adc4a;O2094189;1996418;2025-06-26 22:02:00;CHICAGO;IL;60639;M;59;IL;SAFETY BELT USED;DID NOT DEPLOY;NONE;REPORTED, NOT EVIDENT;NONE;UNKNOWN;NORMAL;TEST NOT OFFERED;;;DRIVER;;;;;;;;
31f0cc4c45b5a0e90696143fb850f9d4bc08035cd2ffd3dfd686e7583e3ea8c8cace0cd4bdbe344871e1e6c366ae5c47ae0d43222ec6804524bb0e83f21a6f86;O2094557;1996778;2025-06-26 22:00:00;EAST CHICAGO;IN;46312;M;53;;SAFETY BELT USED;DID NOT DEPLOY;NONE;NONINCAPACITATING INJURY;OTHER;NOT OBSCURED;NORMAL;TEST NOT OFFERED;;;DRIVER;;;;;;;;
823e5ddcfc50e749440fb2d62e769d2c80cc71e8053ed6c6b40fb51a46466aff94bc39d60af3f15eb0cd56cfe769711a68368b031dcdfe580a9bf65a8060e5fd;O2094225;1996451;2025-06-26 21:50:00;OTISCO;IN;47163;F;20;IN;USAGE UNKNOWN;NOT APPLICABLE;NONE;NO INDICATION OF INJURY;FOLLOWED TOO CLOSELY;UNKNOWN;UNKNOWN;TEST NOT OFFERED;;;DRIVER;;;;;;;;
823e5ddcfc50e749440fb2d62e769d2c80cc71e8053ed6c6b40fb51a46466aff94bc39d60af3f15eb0cd56cfe769711a68368b031dcdfe580a9bf65a8060e5fd;O2094226;1996452;2025-06-26 21:50:00;BATAVIA;IL;60510;F;45;IL;USAGE UNKNOWN;NOT APPLICABLE;NONE;REPORTED, NOT EVIDENT;NONE;UNKNOWN;UNKNOWN;TEST NOT OFFERED;;;DRIVER;;;ST MARY HOSPITAL;;;;;
5f09c6f5bd994945470daf0d139fbb9eb063c8f24223ac76988935556ab13f795b7ba92c7ead3baa6899727e510439cd8ba267f21d2605b380a8a5715af1e3de;O2094176;1996400;2025-06-26 21:43:00;;;;M;31;;USAGE UNKNOWN;NOT APPLICABLE;UNKNOWN;NONINCAPACITATING INJURY;FAILED TO YIELD;UNKNOWN;UNKNOWN;TEST NOT OFFERED;;;DRIVER;;;MT. SINAI;;CFD AMBO #10;;;
5f09c6f5bd994945470daf0d139fbb9eb063c8f24223ac76988935556ab13f795b7ba92c7ead3baa6899727e510439cd8ba267f21d2605b380a8a5715af1e3de;O2094177;1996403;2025-06-26 21:43:00;PLAINFIELD;IL;60586;M;24;;USAGE UNKNOWN;DID NOT DEPLOY;NONE;NO INDICATION OF INJURY;NONE;UNKNOWN;UNKNOWN;TEST NOT OFFERED;;;DRIVER;;;;;;;;
5f09c6f5bd994945470daf0d139fbb9eb063c8f24223ac76988935556ab13f795b7ba92c7ead3baa6899727e510439cd8ba267f21d2605b380a8a5715af1e3de;P462251;1996403;2025-06-26 21:43:00;CHICAGO;IL;60624;M;24;;USAGE UNKNOWN;NOT APPLICABLE;NONE;REPORTED, NOT EVIDENT;;;;;;;PASSENGER;;;;;;;;
9f206bddb2b41e63a669c5c98cca7b155d87b0035094d0d54b42ca6e2250c37e54ed4ef8c0d90831fcc8c3aef4395d203b19875fa595d912813b5f53559c54b0;O2094196;1996420;2025-06-26 21:40:00;CHICAGO;IL;60620;M;75;IL;USAGE UNKNOWN;DEPLOYMENT UNKNOWN;UNKNOWN;NO INDICATION OF INJURY;FAILED TO YIELD;UNKNOWN;UNKNOWN;TEST NOT OFFERED;;;DRIVER;;;;;;;;
9f206bddb2b41e63a669c5c98cca7b155d87b0035094d0d54b42ca6e2250c37e54ed4ef8c0d90831fcc8c3aef4395d203b19875fa595d912813b5f53559c54b0;O2094197;1996421;2025-06-26 21:40:00;CHICAGO;IL;60619;M;27;IL;USAGE UNKNOWN;DEPLOYMENT UNKNOWN;UNKNOWN;NO INDICATION OF INJURY;NONE;UNKNOWN;NORMAL;TEST NOT OFFERED;;;DRIVER;;;;;;;;
e6f978a6c9719530806302de493e66768b1c13e52e560f19b5fd50b7a436d9e20677b553e6d77df49aa89509edf6a84166b740cc5af56107a95e7fe50c1f13af;O2094168;1996401;2025-06-26 21:35:00;PLAINFIELD;IL;60585;F;24;IL;USAGE UNKNOWN;DID NOT DEPLOY;NONE;NO INDICATION OF INJURY;FOLLOWED TOO CLOSELY;UNKNOWN;NORMAL;TEST NOT OFFERED;;;DRIVER;;;;;;;;
e6f978a6c9719530806302de493e66768b1c13e52e560f19b5fd50b7a436d9e20677b553e6d77df49aa89509edf6a84166b740cc5af56107a95e7fe50c1f13af;O2094169;1996405;2025-06-26 21:35:00;CHICAGO;IL;60625;M;64;IL;USAGE UNKNOWN;NOT APPLICABLE;NONE;NO INDICATION OF INJURY;NONE;UNKNOWN;NORMAL;TEST NOT OFFERED;;;DRIVER;;;;;;;;
e6f978a6c9719530806302de493e66768b1c13e52e560f19b5fd50b7a436d9e20677b553e6d77df49aa89509edf6a84166b740cc5af56107a95e7fe50c1f13af;P462250;1996401;2025-06-26 21:35:00;PLAINFIELD;IL;60585;F;29;;USAGE UNKNOWN;NOT APPLICABLE;NONE;NO INDICATION OF INJURY;;;;;;;PASSENGER;;;;;;;;
e6f978a6c9719530806302de493e66768b1c13e52e560f19b5fd50b7a436d9e20677b553e6d77df49aa89509edf6a84166b740cc5af56107a95e7fe50c1f13af;P462252;1996405;2025-06-26 21:35:00;CHICAGO;IL;60625;M;36;;USAGE UNKNOWN;NOT APPLICABLE;NONE;REPORTED, NOT EVIDENT;;;;;;;PASSENGER;;;SWEDISH COVENANT HOSPITAL;40;CHICAGO FIRE DEPT;;;
e6f978a6c9719530806302de493e66768b1c13e52e560f19b5fd50b7a436d9e20677b553e6d77df49aa89509edf6a84166b740cc5af56107a95e7fe50c1f13af;P462253;1996405;2025-06-26 21:35:00;NILES;IL;60714;F;34;;USAGE UNKNOWN;NOT APPLICABLE;NONE;NO INDICATION OF INJURY;;;;;;;PASSENGER;;;;;;;;
e6f978a6c9719530806302de493e66768b1c13e52e560f19b5fd50b7a436d9e20677b553e6d77df49aa89509edf6a84166b740cc5af56107a95e7fe50c1f13af;P462254;1996405;2025-06-26 21:35:00;CHICAGO;IL;60625;F;61;;USAGE UNKNOWN;NOT APPLICABLE;NONE;NO INDICATION OF INJURY;;;;;;;PASSENGER;;;;;;;;
68ecd9fe97cedeabd79736f49985034b58ef99d4bb5cd4c893466ccbbad564f001187151ed62c53f80425f60afa5271af916852248d452f7e2e1876a7b56ce21;O2094232;1996457;2025-06-26 21:20:00;CHICAGO;IL;60617;F;39;IL;USAGE UNKNOWN;DID NOT DEPLOY;NONE;NO INDICATION OF INJURY;OTHER;UNKNOWN;NORMAL;TEST NOT OFFERED;;;DRIVER;;;;;;;;
68ecd9fe97cedeabd79736f49985034b58ef99d4bb5cd4c893466ccbbad564f001187151ed62c53f80425f60afa5271af916852248d452f7e2e1876a7b56ce21;O2094233;1996464;2025-06-26 21:20:00;CHICAGO;IL;60619;M;27;IL;USAGE UNKNOWN;DID NOT DEPLOY;NONE;NO INDICATION OF INJURY;UNKNOWN;UNKNOWN;NORMAL;TEST NOT OFFERED;;;DRIVER;;;;;;;;
25d013a236531959bc7d9831d1d4ddf555e0fc7afe852aafd5ed989c4bc77ea4ce3747a66874acaa96630b29712d47389d5cfb660d5b52ae30b1565f0ce188ab;O2094183;1996411;2025-06-26 21:18:00;;;;M;;;USAGE UNKNOWN;DEPLOYMENT UNKNOWN;NONE;NO INDICATION OF INJURY;UNKNOWN;UNKNOWN;UNKNOWN;TEST NOT OFFERED;;;DRIVER;;;;;;;;
25d013a236531959bc7d9831d1d4ddf555e0fc7afe852aafd5ed989c4bc77ea4ce3747a66874acaa96630b29712d47389d5cfb660d5b52ae30b1565f0ce188ab;O2094184;1996416;2025-06-26 21:18:00;CHICAGO;IL;60619;F;36;IL;USAGE UNKNOWN;NOT APPLICABLE;NONE;NONINCAPACITATING INJURY;OTHER;NOT OBSCURED;NORMAL;TEST NOT OFFERED;;;DRIVER;;;TRINITY HOSPITAL;;;;;
25d013a236531959bc7d9831d1d4ddf555e0fc7afe852aafd5ed989c4bc77ea4ce3747a66874acaa96630b29712d47389d5cfb660d5b52ae30b1565f0ce188ab;P462256;1996411;2025-06-26 21:18:00;;IL;;M;;;USAGE UNKNOWN;NOT APPLICABLE;NONE;NO INDICATION OF INJURY;;;;;;;PASSENGER;;;;;;;;
25d013a236531959bc7d9831d1d4ddf555e0fc7afe852aafd5ed989c4bc77ea4ce3747a66874acaa96630b29712d47389d5cfb660d5b52ae30b1565f0ce188ab;P462257;1996411;2025-06-26 21:18:00;;IL;;M;;;USAGE UNKNOWN;NOT APPLICABLE;NONE;NO INDICATION OF INJURY;;;;;;;PASSENGER;;;;;;;;
c07be40379af6f2f8547aeb3a67eabbdb2ea6b261af8007bd9b16e15a687d9600c4c480cf3307fe50dc0f56125c33cae77137f117235593679ad9da4f01b92f9;O2094192;1996422;2025-06-26 21:12:00;CHICAGO;IL;60617;F;40;IL;USAGE UNKNOWN;DEPLOYED, COMBINATION;NONE;NONINCAPACITATING INJURY;OTHER;UNKNOWN;IMPAIRED - ALCOHOL;TEST PERFORMED, RESULTS UNKNOWN;;;DRIVER;;;TRINITY;;;;;
c07be40379af6f2f8547aeb3a67eabbdb2ea6b261af8007bd9b16e15a687d9600c4c480cf3307fe50dc0f56125c33cae77137f117235593679ad9da4f01b92f9;O2094193;1996419;2025-06-26 21:12:00;CHICAGO;IL;60617;M;60;IL;SAFETY BELT USED;DEPLOYED, COMBINATION;NONE;NONINCAPACITATING INJURY;NONE;NOT OBSCURED;NORMAL;TEST NOT OFFERED;;;DRIVER;;;TRINITY;;;;;
c07be40379af6f2f8547aeb3a67eabbdb2ea6b261af8007bd9b16e15a687d9600c4c480cf3307fe50dc0f56125c33cae77137f117235593679ad9da4f01b92f9;P462258;1996419;2025-06-26 21:12:00;CHICAGO;IL;60617;F;65;;SAFETY BELT USED;DEPLOYED, COMBINATION;NONE;NONINCAPACITATING INJURY;;;;;;;PASSENGER;;;TRINITY;50;;;;
bb9542961035e802115f5b9a66905f08ce4fa90a60a2b1c4d4228e900f97a1fc39e971201c64ee3a62cde26be4d5af6439c19f02a0d1c535f799e9ebbb1f1952;O2094174;1996398;2025-06-26 21:10:00;;;;M;;;USAGE UNKNOWN;DEPLOYMENT UNKNOWN;NONE;NO INDICATION OF INJURY;FAILED TO YIELD;UNKNOWN;UNKNOWN;TEST NOT OFFERED;;;DRIVER;;;;;;;;
bb9542961035e802115f5b9a66905f08ce4fa90a60a2b1c4d4228e900f97a1fc39e971201c64ee3a62cde26be4d5af6439c19f02a0d1c535f799e9ebbb1f1952;O2094175;1996402;2025-06-26 21:10:00;CHICAGO;IL;60659;M;52;IL;SAFETY BELT USED;NOT APPLICABLE;NONE;NO INDICATION OF INJURY;NONE;NOT OBSCURED;NORMAL;TEST REFUSED;;;DRIVER;;;;;;;;
0864e796d0922366aafc5ac1ad0cfe2766656e6b8fa0083ccccab96c2259e928bc80c2de65e92118f60b8a60712309dc819fc7a9af7fdb0688b0db454cdbf24a;O2094755;1996945;2025-06-26 21:00:00;CHICAGO;IL;60628;M;72;IL;SAFETY BELT USED;NOT APPLICABLE;NONE;REPORTED, NOT EVIDENT;UNKNOWN;UNKNOWN;NORMAL;TEST NOT OFFERED;;;DRIVER;;;;;;;;
0864e796d0922366aafc5ac1ad0cfe2766656e6b8fa0083ccccab96c2259e928bc80c2de65e92118f60b8a60712309dc819fc7a9af7fdb0688b0db454cdbf24a;P462372;1996948;2025-06-26 21:00:00;;;;M;38;;SAFETY BELT NOT USED;NOT APPLICABLE;NONE;REPORTED, NOT EVIDENT;;;;;;;PASSENGER;;;;;;;;
21b206252ab775fc8ad31dc5513cf600587783c52fbf2e48c6626a44a6bfc8f07a5a63faec16019f94a7d463b6f7db1c9ce0b816c7b84ca840e140935a393068;O2094158;1996389;2025-06-26 20:45:00;;;;M;;;USAGE UNKNOWN;DEPLOYMENT UNKNOWN;NONE;NO INDICATION OF INJURY;IMPROPER BACKING;UNKNOWN;UNKNOWN;TEST NOT OFFERED;;;DRIVER;;;;;;;;
21b206252ab775fc8ad31dc5513cf600587783c52fbf2e48c6626a44a6bfc8f07a5a63faec16019f94a7d463b6f7db1c9ce0b816c7b84ca840e140935a393068;O2094159;1996391;2025-06-26 20:45:00;CHICAGO;IL;60625;M;56;IL;SAFETY BELT USED;DID NOT DEPLOY;NONE;NO INDICATION OF INJURY;NONE;NOT OBSCURED;NORMAL;TEST NOT OFFERED;;;DRIVER;;;;;;;;
7b59922a04d787e9daba51d454a9fdbd7340ef3a5aac40322dcefae7d5aa30f1f5526d6553f262a7a9cd30b174ea671fa2f396ac620bb9ff08c702f56737c90d;O2094220;1996440;2025-06-26 20:45:00;;;;X;;XX;USAGE UNKNOWN;DEPLOYMENT UNKNOWN;NONE;NO INDICATION OF INJURY;UNKNOWN;UNKNOWN;UNKNOWN;TEST NOT OFFERED;;;DRIVER;;;;;;;;
7b59922a04d787e9daba51d454a9fdbd7340ef3a5aac40322dcefae7d5aa30f1f5526d6553f262a7a9cd30b174ea671fa2f396ac620bb9ff08c702f56737c90d;O2094221;1996448;2025-06-26 20:45:00;CHICAGO;IL;60659;M;30;IL;USAGE UNKNOWN;NOT APPLICABLE;NONE;NO INDICATION OF INJURY;NONE;UNKNOWN;NORMAL;TEST NOT OFFERED;;;DRIVER;;;;;;;;
fdb27aaf432eea8e69570c1d0acc5779bf5f07a2dbadb0d0d4e36d2a3c93f745ef52f3ae9a782db9bdaa2042681cf452df11dde43301d21f1bca56ddba71a2f8;O2094166;1996392;2025-06-26 20:45:00;CHICAGO;IL;60619;M;79;IL;USAGE UNKNOWN;DID NOT DEPLOY;UNKNOWN;NO INDICATION OF INJURY;IMPROPER PARKING;UNKNOWN;NORMAL;TEST NOT OFFERED;;;DRIVER;;;;;;;;
b6e9a19053e3592971990abcf56c4806561b9fdc2c914b31642f96be0b47b07e717921b56772abe01f21d53ade4f42b2e7843365df494567a40275f1f52097ba;O2094798;1996976;2025-06-26 20:20:00;;;;X;;;USAGE UNKNOWN;DEPLOYMENT UNKNOWN;NONE;NO INDICATION OF INJURY;UNKNOWN;UNKNOWN;UNKNOWN;TEST NOT OFFERED;;;DRIVER;;;;;;;;
54e037db5a51b1a03d04c44a1e96b481773407e26048922faf8ec8ceb0f1eca75f765381f46bd110601e53935fc20518d4a19e0c3233397cdba6657a12bf1ae7;O2094143;;2025-06-26 20:11:00;CHICAGO;IL;60647;M;22;;HELMET NOT USED;;NONE;NONINCAPACITATING INJURY;WRONG WAY/SIDE;NOT OBSCURED;NORMAL;TEST NOT OFFERED;;;BICYCLE;;;HUMBOLDT PARK HEALTH;;AMB#46;;;
54e037db5a51b1a03d04c44a1e96b481773407e26048922faf8ec8ceb0f1eca75f765381f46bd110601e53935fc20518d4a19e0c3233397cdba6657a12bf1ae7;O2094144;1996376;2025-06-26 20:11:00;CHICAGO;IL;60647;F;71;IL;USAGE UNKNOWN;DID NOT DEPLOY;NONE;NO INDICATION OF INJURY;NONE;NOT OBSCURED;NORMAL;TEST NOT OFFERED;;;DRIVER;;;;;;;;
a028378697e91dd9804ffaae5e5738edc0dfd11f7c69d1c50922c0d073a5204eb0a22674790e62a64e272a2691dae4a982b891c27892dc3732bee69843498a2d;O2094137;1996369;2025-06-26 20:10:00;CHICAGO;IL;60632;F;29;IL;USAGE UNKNOWN;DEPLOYMENT UNKNOWN;UNKNOWN;NO INDICATION OF INJURY;FOLLOWED TOO CLOSELY;UNKNOWN;UNKNOWN;TEST NOT OFFERED;;;DRIVER;;;;;;;;
a028378697e91dd9804ffaae5e5738edc0dfd11f7c69d1c50922c0d073a5204eb0a22674790e62a64e272a2691dae4a982b891c27892dc3732bee69843498a2d;O2094138;1996375;2025-06-26 20:10:00;CHICAGO;IL;60651;M;31;IL;USAGE UNKNOWN;NOT APPLICABLE;NONE;NO INDICATION OF INJURY;NONE;NOT OBSCURED;NORMAL;TEST NOT OFFERED;;;DRIVER;;;;;;;;
587b7d3bf922eb3244f44b799f12a9632119c375705ed2ee8dd681edb8a6cb389e41c17fd840027f65955e8d911130a95b822558597ca0383646d06fdfc95236;O2094178;1996404;2025-06-26 20:07:00;CHICAGO;IL;60616;F;68;IL;SAFETY BELT USED;NOT APPLICABLE;NONE;NO INDICATION OF INJURY;TOO FAST FOR CONDITIONS;NOT OBSCURED;NORMAL;TEST NOT OFFERED;;;DRIVER;;;;;;;;
587b7d3bf922eb3244f44b799f12a9632119c375705ed2ee8dd681edb8a6cb389e41c17fd840027f65955e8d911130a95b822558597ca0383646d06fdfc95236;O2094179;1996412;2025-06-26 20:07:00;NORTHVILLE;MI;48167;M;23;MI;SAFETY BELT USED;NOT APPLICABLE;NONE;NO INDICATION OF INJURY;NONE;NOT OBSCURED;NORMAL;TEST NOT OFFERED;;;DRIVER;;;;;;;;
c2942e75607dfc3c5324a0efc0cc600587afeba7977744a421fc6a0bbbee883ac2384648eecdf183593bda886980433f491750f6157599b9f07c571746dd0e5e;O2094149;1996382;2025-06-26 20:04:00;FOREST PARK;IL;60130;M;66;IL;SAFETY BELT USED;DID NOT DEPLOY;NONE;NO INDICATION OF INJURY;IMPROPER LANE CHANGE;NOT OBSCURED;NORMAL;TEST NOT OFFERED;;;DRIVER;;;;;;;;
c2942e75607dfc3c5324a0efc0cc600587afeba7977744a421fc6a0bbbee883ac2384648eecdf183593bda886980433f491750f6157599b9f07c571746dd0e5e;O2094150;1996386;2025-06-26 20:04:00;PLANO;IL;60545;M;40;IL;SAFETY BELT USED;DID NOT DEPLOY;NONE;NO INDICATION OF INJURY;NONE;NOT OBSCURED;NORMAL;TEST NOT OFFERED;;;DRIVER;;;;;;;;
5b946c3b3a29a8230eb1bc01485ebfaa7d027538d708f37da9179e31088b3377e6f9020941edcbe19d8666e1d353609388d3a013893488f6f9d930c0fe5ff860;O2094164;1996390;2025-06-26 20:00:00;;;;X;;;USAGE UNKNOWN;DEPLOYMENT UNKNOWN;NONE;NO INDICATION OF INJURY;DISREGARDED CONTROL DEVICES;UNKNOWN;UNKNOWN;TEST NOT OFFERED;;;DRIVER;;;;;;;;
5b946c3b3a29a8230eb1bc01485ebfaa7d027538d708f37da9179e31088b3377e6f9020941edcbe19d8666e1d353609388d3a013893488f6f9d930c0fe5ff860;O2094165;1996394;2025-06-26 20:00:00;CHICAGO;IL;60656;M;18;IL;SAFETY BELT USED;DID NOT DEPLOY;UNKNOWN;NO INDICATION OF INJURY;NONE;NOT OBSCURED;NORMAL;TEST NOT OFFERED;;;DRIVER;;;;;;;;
5b946c3b3a29a8230eb1bc01485ebfaa7d027538d708f37da9179e31088b3377e6f9020941edcbe19d8666e1d353609388d3a013893488f6f9d930c0fe5ff860;P462249;1996394;2025-06-26 20:00:00;CHICAGO;IL;60634;M;18;;SAFETY BELT USED;DID NOT DEPLOY;NONE;NO INDICATION OF INJURY;;;;;;;PASSENGER;;;;;;;;
45fd5841c11c7d940e448140c4fb3a2393668b93ef47bd4b58ea9e32a67729eb9aadfcd8e85f8410b96df3eaecd78e1f5cac4b52e796e5a8a4d014f598c84dde;O2094180;1996406;2025-06-26 19:50:00;;;;M;;;USAGE UNKNOWN;DEPLOYMENT UNKNOWN;NONE;NO INDICATION OF INJURY;IMPROPER BACKING;UNKNOWN;UNKNOWN;TEST NOT OFFERED;;;DRIVER;;;;;;;;
45fd5841c11c7d940e448140c4fb3a2393668b93ef47bd4b58ea9e32a67729eb9aadfcd8e85f8410b96df3eaecd78e1f5cac4b52e796e5a8a4d014f598c84dde;P462255;1996408;2025-06-26 19:50:00;CHICAGO;IL;60641;M;;;USAGE UNKNOWN;NOT APPLICABLE;NONE;NO INDICATION OF INJURY;;;;;;;PASSENGER;;;;;;;;
fd9402a4c87894c617d2975375e8ad699157a690a8c290ca62c745775375b50856a125f4e566713d0aef94fffe137f8038f303050da9686e40ff41c5722621c3;O2094172;1996407;2025-06-26 19:40:00;CHICAGO;IL;60616;M;29;IL;SAFETY BELT USED;DID NOT DEPLOY;NONE;NO INDICATION OF INJURY;IMPROPER PASSING;NOT OBSCURED;NORMAL;TEST NOT OFFERED;;;DRIVER;;;;;;;;
fd9402a4c87894c617d2975375e8ad699157a690a8c290ca62c745775375b50856a125f4e566713d0aef94fffe137f8038f303050da9686e40ff41c5722621c3;O2094173;1996414;2025-06-26 19:40:00;WESTMONT;IL;60559;M;41;IL;SAFETY BELT USED;DID NOT DEPLOY;NONE;NO INDICATION OF INJURY;NONE;NOT OBSCURED;NORMAL;TEST NOT OFFERED;;;DRIVER;;;;;;;;
1893be83d1218d1e8686bc637e896c8fd8b066cbcd885d407315b412590d9be686ff2a29538a42924fd79455c4f35209abdcf00897d18dd454071fd2fb4be546;O2094122;1996353;2025-06-26 19:36:00;;;;X;;;USAGE UNKNOWN;DEPLOYMENT UNKNOWN;UNKNOWN;NO INDICATION OF INJURY;IMPROPER PASSING;UNKNOWN;UNKNOWN;TEST NOT OFFERED;;;DRIVER;;;;;;;;
1893be83d1218d1e8686bc637e896c8fd8b066cbcd885d407315b412590d9be686ff2a29538a42924fd79455c4f35209abdcf00897d18dd454071fd2fb4be546;O2094123;1996359;2025-06-26 19:36:00;CHICAGO;IL;60649;F;33;IL;SAFETY BELT USED;NOT APPLICABLE;NONE;NO INDICATION OF INJURY;NONE;NOT OBSCURED;NORMAL;TEST NOT OFFERED;;;DRIVER;;;;;;;;
74a1eda6c27ca537b154e345b5561ab6b8925f09aead255e7baafe2d3aabb7a114542ae98e694dc01fbab525010e21d7520597a420ffd147da82ffdc28068c21;O2094509;1996720;2025-06-26 19:30:00;;;;F;;;USAGE UNKNOWN;DEPLOYMENT UNKNOWN;UNKNOWN;NO INDICATION OF INJURY;IMPROPER LANE CHANGE;UNKNOWN;UNKNOWN;TEST NOT OFFERED;;;DRIVER;;;;;;;;
74a1eda6c27ca537b154e345b5561ab6b8925f09aead255e7baafe2d3aabb7a114542ae98e694dc01fbab525010e21d7520597a420ffd147da82ffdc28068c21;O2094510;1996729;2025-06-26 19:30:00;CHICAGO;IL;60642;F;41;IL;USAGE UNKNOWN;DEPLOYMENT UNKNOWN;UNKNOWN;NO INDICATION OF INJURY;UNKNOWN;UNKNOWN;EMOTIONAL;TEST NOT OFFERED;;;DRIVER;;;;;;;;
8cddde911eaf05ec49e61a63fdc0546112c7ad8f75c3871ea7a3e9ef8f247fa7cbae44ff43914ae4adc42e4d0f3b5628eda55c1c41d8022fe6d74b70c945f1a5;O2094133;1996365;2025-06-26 19:30:00;CHICAGO;IL;60630;M;45;IL;USAGE UNKNOWN;NOT APPLICABLE;NONE;NO INDICATION OF INJURY;UNKNOWN;UNKNOWN;UNKNOWN;TEST NOT OFFERED;;;DRIVER;;;;;;;;
8cddde911eaf05ec49e61a63fdc0546112c7ad8f75c3871ea7a3e9ef8f247fa7cbae44ff43914ae4adc42e4d0f3b5628eda55c1c41d8022fe6d74b70c945f1a5;O2094134;1996371;2025-06-26 19:30:00;CHICAGO;IL;60640;F;49;IL;USAGE UNKNOWN;NOT APPLICABLE;NONE;NO INDICATION OF INJURY;UNKNOWN;UNKNOWN;NORMAL;TEST NOT OFFERED;;;DRIVER;;;;;;;;
aa470f1a1651e7e0e4d4af94837cbd27f2412b85d2004991744879a02bb6a6b0b0219965dad27020a440eca17ae20995850971da230d0f6f41f3b841ea13ea8a;O2094135;1996361;2025-06-26 19:30:00;;;;X;;;USAGE UNKNOWN;DEPLOYMENT UNKNOWN;NONE;NO INDICATION OF INJURY;FAILED TO YIELD;UNKNOWN;UNKNOWN;TEST NOT OFFERED;;;DRIVER;;;;;;;;
aa470f1a1651e7e0e4d4af94837cbd27f2412b85d2004991744879a02bb6a6b0b0219965dad27020a440eca17ae20995850971da230d0f6f41f3b841ea13ea8a;O2094136;1996364;2025-06-26 19:30:00;CHICAGO;IL;60680;M;29;IL;SAFETY BELT USED;NOT APPLICABLE;NONE;NO INDICATION OF INJURY;NONE;NOT OBSCURED;NORMAL;TEST NOT OFFERED;;;DRIVER;;;;;;;;
1e5aa920c08ddd5289fec2305ea4b744da848105dc9e29b6966233a2e446a33a5687d11aa143eaa92dae25ed407c3ff76cb8338e8de3f48016f5a1e47099348a;O2094120;1996358;2025-06-26 19:22:00;CHICAGO;IL;60653;M;58;IL;SAFETY BELT USED;DID NOT DEPLOY;NONE;NO INDICATION OF INJURY;IMPROPER TURN;NOT OBSCURED;NORMAL;TEST NOT OFFERED;;;DRIVER;;;;;;;;
1e5aa920c08ddd5289fec2305ea4b744da848105dc9e29b6966233a2e446a33a5687d11aa143eaa92dae25ed407c3ff76cb8338e8de3f48016f5a1e47099348a;O2094121;1996367;2025-06-26 19:22:00;CHICAGO;IL;60609;M;0;IL;SAFETY BELT USED;DID NOT DEPLOY;NONE;NO INDICATION OF INJURY;NONE;NOT OBSCURED;NORMAL;TEST NOT OFFERED;;;DRIVER;;;;;;;;
1e5aa920c08ddd5289fec2305ea4b744da848105dc9e29b6966233a2e446a33a5687d11aa143eaa92dae25ed407c3ff76cb8338e8de3f48016f5a1e47099348a;P462245;1996367;2025-06-26 19:22:00;CHICAGO;IL;60609;M;0;;SAFETY BELT USED;DID NOT DEPLOY;NONE;NO INDICATION OF INJURY;;;;;;;PASSENGER;;;;;;;;
5f7d20bcc721000d08cd0fec3f4e7881766e0c34911e8bfbf4e6dc756145f04ecda400fdc780887cd4d55817d9026b0ed5939d4d6ad341c3e404d703121e23d8;O2094124;1996356;2025-06-26 19:20:00;;;;M;28;;USAGE UNKNOWN;NOT APPLICABLE;NONE;NO INDICATION OF INJURY;FOLLOWED TOO CLOSELY;UNKNOWN;UNKNOWN;TEST NOT OFFERED;;;DRIVER;;;;;;;;
5f7d20bcc721000d08cd0fec3f4e7881766e0c34911e8bfbf4e6dc756145f04ecda400fdc780887cd4d55817d9026b0ed5939d4d6ad341c3e404d703121e23d8;O2094125;1996372;2025-06-26 19:20:00;CHICAGO;IL;60632;M;29;;SAFETY BELT USED;NOT APPLICABLE;NONE;NO INDICATION OF INJURY;OTHER;OTHER;NORMAL;TEST NOT OFFERED;;;DRIVER;;;;;;;;
5f7d20bcc721000d08cd0fec3f4e7881766e0c34911e8bfbf4e6dc756145f04ecda400fdc780887cd4d55817d9026b0ed5939d4d6ad341c3e404d703121e23d8;O2094156;1996387;2025-06-26 19:20:00;CHICAGO;IL;60651;M;47;IL;SAFETY BELT USED;DID NOT DEPLOY;NONE;NO INDICATION OF INJURY;NONE;NOT OBSCURED;NORMAL;TEST NOT OFFERED;;;DRIVER;;;;;;;;
5f7d20bcc721000d08cd0fec3f4e7881766e0c34911e8bfbf4e6dc756145f04ecda400fdc780887cd4d55817d9026b0ed5939d4d6ad341c3e404d703121e23d8;P462246;1996372;2025-06-26 19:20:00;CHICAGO;IL;60632;F;28;;SAFETY BELT USED;NOT APPLICABLE;NONE;REPORTED, NOT EVIDENT;;;;;;;PASSENGER;;;NORWEGIAN HOSPITAL;64;CHICAGO FIRE;;;
f71865504e9fa3fb479dba06a28b927e1049098cf9e64c09f7fe0d67d670c495578550c8379149e957c4f85f413fc1fb3ce95f757facefb5c0c85a0d005c4d9f;O2094092;1996320;2025-06-26 19:10:00;LAVISTA;NB;68128;F;58;NB;USAGE UNKNOWN;DEPLOYMENT UNKNOWN;UNKNOWN;NO INDICATION OF INJURY;UNKNOWN;UNKNOWN;UNKNOWN;TEST NOT OFFERED;;;DRIVER;;;;;;;;
f71865504e9fa3fb479dba06a28b927e1049098cf9e64c09f7fe0d67d670c495578550c8379149e957c4f85f413fc1fb3ce95f757facefb5c0c85a0d005c4d9f;O2094093;1996326;2025-06-26 19:10:00;DETROIT;MI;48221;F;45;MI;USAGE UNKNOWN;DEPLOYMENT UNKNOWN;UNKNOWN;NO INDICATION OF INJURY;UNKNOWN;UNKNOWN;UNKNOWN;TEST NOT OFFERED;;;DRIVER;;;;;;;;
e91bba276998741b06efbf5c5b5343178283b4b5d1337e61e1f5adccad4c3f5524a68feb5028816e4989e5534625eda238f63895b5ad66d05eac657e5f48e9bf;O2094077;1996306;2025-06-26 19:08:00;;XX;;M;;XX;NONE PRESENT;NOT APPLICABLE;UNKNOWN;NO INDICATION OF INJURY;IMPROPER PASSING;UNKNOWN;UNKNOWN;TEST NOT OFFERED;;;DRIVER;;;;;;;;
e8b6527e4da4f8df5269e8f7866ff5439aedc0e53e945da9bc69ea501f44146ebf55209e40130a6ba24865a0d3cbd135cb3ac536db483654ccb66450c3940737;O2094098;1996330;2025-06-26 19:06:00;;;;M;;;USAGE UNKNOWN;DEPLOYMENT UNKNOWN;NONE;NO INDICATION OF INJURY;FOLLOWED TOO CLOSELY;UNKNOWN;UNKNOWN;TEST NOT OFFERED;;;DRIVER;;;;;;;;
e8b6527e4da4f8df5269e8f7866ff5439aedc0e53e945da9bc69ea501f44146ebf55209e40130a6ba24865a0d3cbd135cb3ac536db483654ccb66450c3940737;O2094099;;2025-06-26 19:06:00;CHICAGO;IL;;M;19;;HELMET NOT USED;;NONE;NONINCAPACITATING INJURY;NONE;NOT OBSCURED;NORMAL;TEST NOT OFFERED;;;BICYCLE;;;;;;;;
463926e7033113c1fa84ab58a8c2f6df9bcf85cad937f796139416136d5ea2679cdd1d0120067c01c3dd58376d5f5831ec99583697abda25e10ca6897a4382e5;O2094141;1996379;2025-06-26 19:05:00;CHICAGO;IL;60641;M;34;IL;USAGE UNKNOWN;DID NOT DEPLOY;NONE;NO INDICATION OF INJURY;OTHER;UNKNOWN;NORMAL;TEST NOT OFFERED;;;DRIVER;;;;;;;;
463926e7033113c1fa84ab58a8c2f6df9bcf85cad937f796139416136d5ea2679cdd1d0120067c01c3dd58376d5f5831ec99583697abda25e10ca6897a4382e5;O2094142;1996385;2025-06-26 19:05:00;CHICAGO;IL;60660;M;33;IL;USAGE UNKNOWN;DID NOT DEPLOY;NONE;NO INDICATION OF INJURY;OTHER;UNKNOWN;NORMAL;TEST NOT OFFERED;;;DRIVER;;;;;;;;
e2bef5b95132f337daac7b24c8c46e39512730b355c357ef07450934fce53fde50b0a9cb9af71d30c1d00e49c0a9d560e4b2ae0b87880a29ec3d58cf4e095314;O2094081;1996309;2025-06-26 19:05:00;;;;M;;;USAGE UNKNOWN;DEPLOYMENT UNKNOWN;NONE;NO INDICATION OF INJURY;FOLLOWED TOO CLOSELY;UNKNOWN;UNKNOWN;TEST NOT OFFERED;;;DRIVER;;;;;;;;
e2bef5b95132f337daac7b24c8c46e39512730b355c357ef07450934fce53fde50b0a9cb9af71d30c1d00e49c0a9d560e4b2ae0b87880a29ec3d58cf4e095314;O2094082;1996316;2025-06-26 19:05:00;CHICAGO;IL;60613;M;26;IL;USAGE UNKNOWN;NOT APPLICABLE;NONE;NO INDICATION OF INJURY;NONE;NOT OBSCURED;NORMAL;TEST NOT OFFERED;;;DRIVER;;;;;;;;
96958e520421934e58500a54aab4536f56a9c40cf4f62750d2382374583dcf7b71aba0c8db1ca68f87b1377743fc9e063a46103b6897930f8100d04ac1b6974a;O2094154;1996381;2025-06-26 18:50:00;;;;M;;;USAGE UNKNOWN;NOT APPLICABLE;NONE;NO INDICATION OF INJURY;UNKNOWN;UNKNOWN;UNKNOWN;TEST NOT OFFERED;;;DRIVER;;;;;;;;
96958e520421934e58500a54aab4536f56a9c40cf4f62750d2382374583dcf7b71aba0c8db1ca68f87b1377743fc9e063a46103b6897930f8100d04ac1b6974a;O2094155;1996383;2025-06-26 18:50:00;CHICAGO;IL;60649;F;40;IL;NONE PRESENT;NOT APPLICABLE;NONE;REPORTED, NOT EVIDENT;NONE;NOT OBSCURED;NORMAL;TEST NOT OFFERED;;;DRIVER;;;;;;;;
bf95cc65a0361f35999d8e7c26ecbdd3be3213e58a5ff99849b03f7f23e51c5d811628db553c9db83d3eee1d4a86ea9d46c3ce9239732f5302ada465782c0a1d;O2094083;1996312;2025-06-26 18:50:00;CHICAGO;IL;60656;F;49;IL;SAFETY BELT USED;NOT APPLICABLE;NONE;NO INDICATION OF INJURY;IMPROPER LANE CHANGE;UNKNOWN;NORMAL;TEST NOT OFFERED;;;DRIVER;;;;;;;;
bf95cc65a0361f35999d8e7c26ecbdd3be3213e58a5ff99849b03f7f23e51c5d811628db553c9db83d3eee1d4a86ea9d46c3ce9239732f5302ada465782c0a1d;O2094084;1996362;2025-06-26 18:50:00;CHICAGO;IL;60634;M;51;IL;HELMET NOT USED;NOT APPLICABLE;NONE;NONINCAPACITATING INJURY;NONE;UNKNOWN;NORMAL;TEST NOT OFFERED;;;DRIVER;;;LUTHERAN GEN;;59;;;
5641512647610ad705571e53f4eea6297cf24c21e627c7dd1978b9099ecd34c68a7ad8525bdd59577a36c4269566f234578ed5b57667a660f5eef1ec12d5182d;O2094061;1996296;2025-06-26 18:45:00;ROCKFORD;IL;61104;M;45;IL;USAGE UNKNOWN;NOT APPLICABLE;NONE;NO INDICATION OF INJURY;UNKNOWN;UNKNOWN;UNKNOWN;TEST NOT OFFERED;;;DRIVER;;;;;;;;
5641512647610ad705571e53f4eea6297cf24c21e627c7dd1978b9099ecd34c68a7ad8525bdd59577a36c4269566f234578ed5b57667a660f5eef1ec12d5182d;O2094062;1996302;2025-06-26 18:45:00;ITASCA;IL;60143;F;74;IL;USAGE UNKNOWN;NOT APPLICABLE;NONE;NO INDICATION OF INJURY;UNKNOWN;UNKNOWN;NORMAL;TEST NOT OFFERED;;;DRIVER;;;;;;;;
c78d4a17ab45dc64b0f1657d4d2a600ec5565f047e4310066220abd18e4403bdd5786fc16a3c10e9b2d5079cadb6a5aa7ca22dc8a625af31506a129ee6fb83e6;O2094065;1996299;2025-06-26 18:42:00;;;;X;;;USAGE UNKNOWN;DEPLOYMENT UNKNOWN;NONE;NO INDICATION OF INJURY;UNKNOWN;UNKNOWN;UNKNOWN;TEST NOT OFFERED;;;DRIVER;;;;;;;;
c78d4a17ab45dc64b0f1657d4d2a600ec5565f047e4310066220abd18e4403bdd5786fc16a3c10e9b2d5079cadb6a5aa7ca22dc8a625af31506a129ee6fb83e6;O2094066;1996305;2025-06-26 18:42:00;CHICAGO;IL;60661;M;47;IL;USAGE UNKNOWN;NOT APPLICABLE;NONE;NO INDICATION OF INJURY;NONE;NOT OBSCURED;NORMAL;TEST NOT OFFERED;;;DRIVER;;;;;;;;
1398a1019b599f9200b57a832a1d8dc3e7321141405c163a16bab7c4d3105e8ecb9ad25e651051345f8d66f6d9978c4803781bb03af6981a552ca825c529ab5d;O2094090;1996346;2025-06-26 18:38:00;CHICAGO;IL;60651;M;31;IL;USAGE UNKNOWN;NOT APPLICABLE;NONE;NO INDICATION OF INJURY;UNKNOWN;NOT OBSCURED;NORMAL;TEST NOT OFFERED;;;DRIVER;;;;;;;;
1398a1019b599f9200b57a832a1d8dc3e7321141405c163a16bab7c4d3105e8ecb9ad25e651051345f8d66f6d9978c4803781bb03af6981a552ca825c529ab5d;O2094091;1996328;2025-06-26 18:38:00;CHICAGO;IL;60609;F;39;IL;NONE PRESENT;NOT APPLICABLE;NONE;NO INDICATION OF INJURY;NONE;NOT OBSCURED;NORMAL;TEST NOT OFFERED;;;DRIVER;;;;;;;;
1398a1019b599f9200b57a832a1d8dc3e7321141405c163a16bab7c4d3105e8ecb9ad25e651051345f8d66f6d9978c4803781bb03af6981a552ca825c529ab5d;P462237;1996328;2025-06-26 18:38:00;CHICAGO;IL;60609;F;9;;NONE PRESENT;NOT APPLICABLE;NONE;NO INDICATION OF INJURY;;;;;;;PASSENGER;;;;;;;;
307bb005857170e1a29a2f27d90f9d81bbd87254182c989f3217816547fd3fb3fb1feb5f95c5535a4ec7b406238e2f202e02897bb5db6fef55d84e41540fd309;O2094088;1996311;2025-06-26 18:38:00;UNKNOWN;XX;;M;;XX;USAGE UNKNOWN;NOT APPLICABLE;NONE;NO INDICATION OF INJURY;FAILED TO YIELD;UNKNOWN;UNKNOWN;TEST NOT OFFERED;;;DRIVER;;;;;;;;
307bb005857170e1a29a2f27d90f9d81bbd87254182c989f3217816547fd3fb3fb1feb5f95c5535a4ec7b406238e2f202e02897bb5db6fef55d84e41540fd309;O2094089;;2025-06-26 18:38:00;CHICAGO;IL;60608;M;44;;BICYCLE HELMET (PEDACYCLIST INVOLVED ONLY);;NONE;NONINCAPACITATING INJURY;NONE;NOT OBSCURED;NORMAL;TEST NOT OFFERED;;;BICYCLE;;;ST.MARY'S;;;;;
7a0980ae60fa695b4575318ae9e1336009a903607275fa18b287c2603df4bc4928fc6fe86259049b643d89f65b129e4d3083d37327afe4b81f20c05d07c2ef02;O2094108;1996344;2025-06-26 18:30:00;CHICAGO;IL;60634;M;42;IL;USAGE UNKNOWN;DEPLOYMENT UNKNOWN;UNKNOWN;NO INDICATION OF INJURY;IMPROPER LANE CHANGE;UNKNOWN;EMOTIONAL;TEST NOT OFFERED;;;DRIVER;;;;;;;;
7a0980ae60fa695b4575318ae9e1336009a903607275fa18b287c2603df4bc4928fc6fe86259049b643d89f65b129e4d3083d37327afe4b81f20c05d07c2ef02;O2094109;1996350;2025-06-26 18:30:00;EVANSTON;IL;60202;M;38;IL;USAGE UNKNOWN;DEPLOYMENT UNKNOWN;UNKNOWN;NO INDICATION OF INJURY;UNKNOWN;UNKNOWN;EMOTIONAL;TEST NOT OFFERED;;;DRIVER;;;;;;;;
4d94a7b644e5e11f82219a9b7cd0f57c9b7d76aa7aa7ad49928714cebea03851c63fbb986f3b936f3b39d5b8e71170a23dca1f953ab0acf927a1d5ddf9bd84e9;O2094071;1996349;2025-06-26 18:26:00;EVANSTON;IL;60202;M;37;IL;USAGE UNKNOWN;NOT APPLICABLE;NONE;NO INDICATION OF INJURY;OTHER;NOT OBSCURED;NORMAL;TEST NOT OFFERED;;;DRIVER;;;;;;;;
4d94a7b644e5e11f82219a9b7cd0f57c9b7d76aa7aa7ad49928714cebea03851c63fbb986f3b936f3b39d5b8e71170a23dca1f953ab0acf927a1d5ddf9bd84e9;P462235;1996301;2025-06-26 18:26:00;CHICAGO;IL;60645;F;;;USAGE UNKNOWN;DID NOT DEPLOY;NONE;NO INDICATION OF INJURY;;;;;;;PASSENGER;;;;;;;;
66c7c95ea7080faca4f1f3f8579602de76acfba39fa4b9b2aa00df19e4c561d2ad49012c51c2b4b9c61f413b9280dd0d3f9b8c5d4874318444090e80fd69d682;O2094246;1996471;2025-06-26 18:20:00;;;;M;;XX;USAGE UNKNOWN;DID NOT DEPLOY;NONE;NO INDICATION OF INJURY;UNKNOWN;UNKNOWN;UNKNOWN;TEST NOT OFFERED;;;DRIVER;;;;;;;;
e3815631e053f69c93c9b90067a1979ee9bb3debd125f42598cc490ee3ba25926c0b58cc9ce440620f1432dd6d0003c0cc37f8d786daa93cde610b999385b3d8;O2094110;1996336;2025-06-26 18:20:00;;;;F;;;USAGE UNKNOWN;DEPLOYMENT UNKNOWN;NONE;NO INDICATION OF INJURY;UNKNOWN;UNKNOWN;UNKNOWN;TEST NOT OFFERED;;;DRIVER;;;;;;;;
e3815631e053f69c93c9b90067a1979ee9bb3debd125f42598cc490ee3ba25926c0b58cc9ce440620f1432dd6d0003c0cc37f8d786daa93cde610b999385b3d8;O2094111;1996342;2025-06-26 18:20:00;BERWYN;IL;60402;F;48;IL;USAGE UNKNOWN;NOT APPLICABLE;NONE;NO INDICATION OF INJURY;UNKNOWN;UNKNOWN;NORMAL;TEST NOT OFFERED;;;DRIVER;;;;;;;;
f0ac2275859fd7a9368b5f6f3b75a94c908d8ffcac8ae551d5f173edc9f781076c6ea366a2a3be8afb67dbe5008dcfbc6b9bba386d15f84459e51ca5baaba61a;O2094112;1996348;2025-06-26 18:20:00;;;;X;;;USAGE UNKNOWN;DEPLOYMENT UNKNOWN;NONE;NO INDICATION OF INJURY;UNKNOWN;UNKNOWN;UNKNOWN;TEST NOT OFFERED;;;DRIVER;;;;;;;;
887d17992601956567db6c045a055251477b47a90657642a63eb879a15d19dcb75956bc399e78755fd061b5d2c2983da06f6a1d842f04b676412a0727f8c778e;O2094067;1996300;2025-06-26 18:15:00;;;;F;;;USAGE UNKNOWN;DEPLOYMENT UNKNOWN;NONE;NO INDICATION OF INJURY;UNKNOWN;UNKNOWN;UNKNOWN;TEST NOT OFFERED;;;DRIVER;;;;;;;;
a24c60880d296faa68a611e2aab0dfb92bc868ff737dc300123d454c026aee34077c114e680602fbbaf4bbacf30d73651f40c026c660c1b14d9e1f73172d352a;O2094190;1996428;2025-06-26 18:13:00;OAK LAWN;IL;60453;F;51;IL;SAFETY BELT USED;DID NOT DEPLOY;NONE;NO INDICATION OF INJURY;UNKNOWN;UNKNOWN;NORMAL;TEST NOT OFFERED;;;DRIVER;;;REFUSED EMS;;;;;
a24c60880d296faa68a611e2aab0dfb92bc868ff737dc300123d454c026aee34077c114e680602fbbaf4bbacf30d73651f40c026c660c1b14d9e1f73172d352a;O2094191;;2025-06-26 18:13:00;;;;F;;;NONE PRESENT;;;NO INDICATION OF INJURY;UNKNOWN;UNKNOWN;UNKNOWN;TEST NOT OFFERED;;;PEDESTRIAN;;;;;;;;
3200cb57620159716759d9cbe6bee9682cc13ce9857a0740eb7e44d95dd4d289345d82c15160bf572cbf3fd1f6caade88b3c4fcea9c104c5a578bbb1063f1a66;O2094104;1996332;2025-06-26 18:10:00;;;;M;;;USAGE UNKNOWN;DEPLOYMENT UNKNOWN;NONE;NO INDICATION OF INJURY;FOLLOWED TOO CLOSELY;UNKNOWN;UNKNOWN;TEST NOT OFFERED;;;DRIVER;;;;;;;;
3200cb57620159716759d9cbe6bee9682cc13ce9857a0740eb7e44d95dd4d289345d82c15160bf572cbf3fd1f6caade88b3c4fcea9c104c5a578bbb1063f1a66;O2094105;1996341;2025-06-26 18:10:00;CHICAGO;IL;60647;M;33;IL;USAGE UNKNOWN;NOT APPLICABLE;NONE;NO INDICATION OF INJURY;NONE;UNKNOWN;NORMAL;TEST NOT OFFERED;;;DRIVER;;;;;;;;
d266b65720929a70275977c57d77b5dc45df243f304096260e7e93348ead4b1c39b948e06479aea0c0592cb4ed06b77dfeaf5dd061a769152ff178360b272262;O2094029;1996266;2025-06-26 18:10:00;CHICAGO;IL;60629;F;18;IL;USAGE UNKNOWN;DID NOT DEPLOY;NONE;NO INDICATION OF INJURY;FAILED TO YIELD;NOT OBSCURED;NORMAL;TEST NOT OFFERED;;;DRIVER;;;;;;;;
d266b65720929a70275977c57d77b5dc45df243f304096260e7e93348ead4b1c39b948e06479aea0c0592cb4ed06b77dfeaf5dd061a769152ff178360b272262;O2094030;1996260;2025-06-26 18:10:00;CHICAGO;IL;60629;M;22;IL;SAFETY BELT USED;DID NOT DEPLOY;NONE;NO INDICATION OF INJURY;NONE;NOT OBSCURED;NORMAL;TEST NOT OFFERED;;;DRIVER;;;;;;;;
d266b65720929a70275977c57d77b5dc45df243f304096260e7e93348ead4b1c39b948e06479aea0c0592cb4ed06b77dfeaf5dd061a769152ff178360b272262;P462229;1996260;2025-06-26 18:10:00;;;;F;;;SAFETY BELT USED;DID NOT DEPLOY;NONE;NO INDICATION OF INJURY;;;;;;;PASSENGER;;;;;;;;
d266b65720929a70275977c57d77b5dc45df243f304096260e7e93348ead4b1c39b948e06479aea0c0592cb4ed06b77dfeaf5dd061a769152ff178360b272262;P462230;1996260;2025-06-26 18:10:00;;;;F;;;CHILD RESTRAINT - FORWARD FACING;DID NOT DEPLOY;NONE;NO INDICATION OF INJURY;;;;;;;PASSENGER;;;;;;;;
4ed40d239e243813fe3179123b31a104a2ad065b49822aebd17717ba0afe729b4b07f18e6f8e1a7bf8a0476f6f4c80ef77148d1a01319483bdfedf3f03e80ea2;O2094102;1996338;2025-06-26 18:08:00;;;;X;;;USAGE UNKNOWN;NOT APPLICABLE;NONE;NO INDICATION OF INJURY;OTHER;UNKNOWN;UNKNOWN;TEST NOT OFFERED;;;DRIVER;;;;;;;;
4ed40d239e243813fe3179123b31a104a2ad065b49822aebd17717ba0afe729b4b07f18e6f8e1a7bf8a0476f6f4c80ef77148d1a01319483bdfedf3f03e80ea2;O2094103;1996347;2025-06-26 18:08:00;BLUE ISLAND;IL;60406;M;30;IL;USAGE UNKNOWN;NOT APPLICABLE;NONE;NO INDICATION OF INJURY;OTHER;UNKNOWN;NORMAL;TEST NOT OFFERED;;;DRIVER;;;;;;;;
b99f7b31167c31b46eb73742e047422ab21fe55d02ba369a00eb382df6e70236ed2498a9fa5cb9dc235406479824da367aa55c5c3869493c771c2ff15e3b8d14;O2094127;1996360;2025-06-26 18:04:00;CHICAGO;IL;60632;M;25;IL;SAFETY BELT USED;DID NOT DEPLOY;NONE;NO INDICATION OF INJURY;OTHER;UNKNOWN;NORMAL;TEST NOT OFFERED;;;DRIVER;;;;;;;;
1f64630aa615acf6c37def84dadaefe202f863af8a776427476b4e031f70e14a876e66304f50e9f567cbf0cb368e22890733f2ca79c4f4a5b07eccd6d7749b32;O2094170;1996397;2025-06-26 18:00:00;CHICAGO RIDGE;IL;60415;M;25;IL;USAGE UNKNOWN;DEPLOYMENT UNKNOWN;NONE;NO INDICATION OF INJURY;UNKNOWN;UNKNOWN;UNKNOWN;TEST NOT OFFERED;;;DRIVER;;;;;;;;
1f64630aa615acf6c37def84dadaefe202f863af8a776427476b4e031f70e14a876e66304f50e9f567cbf0cb368e22890733f2ca79c4f4a5b07eccd6d7749b32;O2094171;1996399;2025-06-26 18:00:00;SCHAUMBURG;IL;60194;M;38;IL;SAFETY BELT USED;DID NOT DEPLOY;NONE;NO INDICATION OF INJURY;NONE;NOT OBSCURED;NORMAL;TEST NOT OFFERED;;;DRIVER;;;REFUSED;;;;;
71f40877a02ebf681d6310bac215c8d5fd48b1f8b2ad68402385359ad2030bab25bea44464479dd0b5ede82ba9cd72af7944475dc0b1b57a6a8c0d8f2dba991c;O2094018;1996248;2025-06-26 18:00:00;EVANSTON;IL;60202;M;26;IL;USAGE UNKNOWN;DID NOT DEPLOY;NONE;NO INDICATION OF INJURY;FOLLOWED TOO CLOSELY;UNKNOWN;UNKNOWN;TEST NOT OFFERED;;;DRIVER;;;;;;;;
71f40877a02ebf681d6310bac215c8d5fd48b1f8b2ad68402385359ad2030bab25bea44464479dd0b5ede82ba9cd72af7944475dc0b1b57a6a8c0d8f2dba991c;O2094019;1996259;2025-06-26 18:00:00;EVANSTON;IL;60202;M;60;IL;USAGE UNKNOWN;DID NOT DEPLOY;NONE;NO INDICATION OF INJURY;NONE;UNKNOWN;NORMAL;TEST NOT OFFERED;;;DRIVER;;;;;;;;
71f40877a02ebf681d6310bac215c8d5fd48b1f8b2ad68402385359ad2030bab25bea44464479dd0b5ede82ba9cd72af7944475dc0b1b57a6a8c0d8f2dba991c;O2094020;1996263;2025-06-26 18:00:00;CHICAGO;IL;60626;M;25;IL;USAGE UNKNOWN;DID NOT DEPLOY;NONE;NO INDICATION OF INJURY;NONE;UNKNOWN;NORMAL;TEST NOT OFFERED;;;DRIVER;;;;;;;;
896e52f2183e978fcad32557af1592777f38d9704ba3061c9d76ae18d83bff0fe10be5acf2fe8699fd25a54fec30c9b0abe6a9e523ebba2b7b09b6dfea394ef0;O2094248;1996473;2025-06-26 18:00:00;JOLIET;IL;60435;M;87;IL;USAGE UNKNOWN;DID NOT DEPLOY;NONE;NO INDICATION OF INJURY;UNKNOWN;UNKNOWN;UNKNOWN;TEST REFUSED;;;DRIVER;;;;;;;;
896e52f2183e978fcad32557af1592777f38d9704ba3061c9d76ae18d83bff0fe10be5acf2fe8699fd25a54fec30c9b0abe6a9e523ebba2b7b09b6dfea394ef0;O2094249;1996475;2025-06-26 18:00:00;CHICAGO;IL;60616;M;56;;USAGE UNKNOWN;DID NOT DEPLOY;NONE;NO INDICATION OF INJURY;NONE;UNKNOWN;NORMAL;TEST REFUSED;;;DRIVER;;;;;;;;
dbd82abba5d0db6b28bc4fc19f5b2e7dd62ced0c00518d94c39a63305b5b358d9f2da328fba16e08ff8abd3b1da6bf5a1100d5481eceb741b027372167c58853;O2094100;1996333;2025-06-26 18:00:00;VERNON HILLS;IL;60061;M;31;IL;USAGE UNKNOWN;NOT APPLICABLE;UNKNOWN;NO INDICATION OF INJURY;FOLLOWED TOO CLOSELY;UNKNOWN;UNKNOWN;TEST NOT OFFERED;;;DRIVER;;;;;;;;
dbd82abba5d0db6b28bc4fc19f5b2e7dd62ced0c00518d94c39a63305b5b358d9f2da328fba16e08ff8abd3b1da6bf5a1100d5481eceb741b027372167c58853;O2094101;1996343;2025-06-26 18:00:00;CHICAGO;IL;60609;M;31;IL;USAGE UNKNOWN;NOT APPLICABLE;NONE;NO INDICATION OF INJURY;NONE;UNKNOWN;NORMAL;TEST NOT OFFERED;;;DRIVER;;;;;;;;
de95ab15947ed2a749a2865e82b79337f7bf8f57d0c8662484e244a9f3f37b3823d9d9d69c7a1fd474fb85f36c7ee7102f5d12f7b1940e6a30072cf6918b472c;O2094014;1996257;2025-06-26 18:00:00;OAK PARK;IL;60302;M;60;;USAGE UNKNOWN;DID NOT DEPLOY;NONE;NO INDICATION OF INJURY;FOLLOWED TOO CLOSELY;UNKNOWN;UNKNOWN;TEST NOT OFFERED;;;DRIVER;;;;;;;;
de95ab15947ed2a749a2865e82b79337f7bf8f57d0c8662484e244a9f3f37b3823d9d9d69c7a1fd474fb85f36c7ee7102f5d12f7b1940e6a30072cf6918b472c;O2094015;1996244;2025-06-26 18:00:00;CHICAGO;IL;60632;F;34;IL;SAFETY BELT USED;DID NOT DEPLOY;NONE;NO INDICATION OF INJURY;NONE;UNKNOWN;NORMAL;TEST NOT OFFERED;;;DRIVER;;;;;;;;
fc52aacf233a6f3495e5e0f1bc69375a5ff904d7815161c484b4e4933b7525b13c4c610ee61fbdb0082f645ac797aea415e8b6f28836edf7a33b6154998db76b;O2094203;1996431;2025-06-26 18:00:00;DOLTON;IL;60419;F;65;IL;USAGE UNKNOWN;DID NOT DEPLOY;NONE;NO INDICATION OF INJURY;FOLLOWED TOO CLOSELY;UNKNOWN;UNKNOWN;TEST NOT OFFERED;;;DRIVER;;;;;;;;
fc52aacf233a6f3495e5e0f1bc69375a5ff904d7815161c484b4e4933b7525b13c4c610ee61fbdb0082f645ac797aea415e8b6f28836edf7a33b6154998db76b;O2094204;1996434;2025-06-26 18:00:00;WEST CARROLLTON;OH;45449;F;25;OH;USAGE UNKNOWN;DID NOT DEPLOY;NONE;NO INDICATION OF INJURY;NONE;UNKNOWN;NORMAL;TEST NOT OFFERED;;;DRIVER;;;;;;;;
fc52aacf233a6f3495e5e0f1bc69375a5ff904d7815161c484b4e4933b7525b13c4c610ee61fbdb0082f645ac797aea415e8b6f28836edf7a33b6154998db76b;P462260;1996434;2025-06-26 18:00:00;WEST CARROLLTON;OH;45449;F;25;;SAFETY BELT USED;DID NOT DEPLOY;NONE;NONINCAPACITATING INJURY;;;;;;;PASSENGER;;;;;;;;
60497a2c20a729f896c883e0631de0e2eac9abb3017f8a9242d371c8a5f025cb560465b8b36f2a4bd0a0223746ab03947ba45edb00703815559df59ca7d1b7ea;O2093985;1996219;2025-06-26 17:55:00;GURNEE;IL;60031;M;23;IL;USAGE UNKNOWN;NOT APPLICABLE;NONE;NO INDICATION OF INJURY;UNKNOWN;UNKNOWN;NORMAL;TEST NOT OFFERED;;;DRIVER;;;;;;;;
60497a2c20a729f896c883e0631de0e2eac9abb3017f8a9242d371c8a5f025cb560465b8b36f2a4bd0a0223746ab03947ba45edb00703815559df59ca7d1b7ea;O2093986;1996228;2025-06-26 17:55:00;MCALPIN;FL;32062;M;20;FL;USAGE UNKNOWN;NOT APPLICABLE;NONE;NO INDICATION OF INJURY;NONE;UNKNOWN;NORMAL;TEST NOT OFFERED;;;DRIVER;;;;;;;;
0f3f19161d681f71dda1dc740cc1551cf0a17f12dca83235419e52a4778f8d9db14c3e1ee9e17bf4505769f1047999dcff42d0bae398c3c87980d8f919855a3a;O2094035;1996268;2025-06-26 17:46:00;CHICAGO;IL;60616;M;64;IL;USAGE UNKNOWN;DEPLOYED, FRONT;NONE;NO INDICATION OF INJURY;UNKNOWN;UNKNOWN;NORMAL;TEST NOT OFFERED;;;DRIVER;;;;;;;;
0f3f19161d681f71dda1dc740cc1551cf0a17f12dca83235419e52a4778f8d9db14c3e1ee9e17bf4505769f1047999dcff42d0bae398c3c87980d8f919855a3a;O2094036;1996277;2025-06-26 17:46:00;CHICAGO;IL;60601;M;23;IL;USAGE UNKNOWN;DID NOT DEPLOY;NONE;NO INDICATION OF INJURY;UNKNOWN;UNKNOWN;NORMAL;TEST NOT OFFERED;;;DRIVER;;;;;;;;
0821d429bacf2c558a26558b15ed567befdb5f05c61d4d9330a108a0770f0ac8ea7a589f7322ac69c11765011d225636234276adca3e265126465e6cc741ab8e;O2094033;1996271;2025-06-26 17:45:00;;;;M;;;USAGE UNKNOWN;DEPLOYMENT UNKNOWN;UNKNOWN;NO INDICATION OF INJURY;UNKNOWN;UNKNOWN;UNKNOWN;TEST NOT OFFERED;;;DRIVER;;;;;;;;
0821d429bacf2c558a26558b15ed567befdb5f05c61d4d9330a108a0770f0ac8ea7a589f7322ac69c11765011d225636234276adca3e265126465e6cc741ab8e;O2094034;1996290;2025-06-26 17:45:00;CHICAGO;IL;60659;F;22;IL;SAFETY BELT USED;NOT APPLICABLE;NONE;NO INDICATION OF INJURY;NONE;NOT OBSCURED;UNKNOWN;TEST NOT OFFERED;;;DRIVER;;;;;;;;
311eac50a6d0e9aab1c9271a658e8fd03ef8ed2501886550e6e4922ca650a663b66d2823604a79c4b909f3897d9b590d8edff5a02254654cd43f4bd7d174784c;O2094053;1996294;2025-06-26 17:45:00;FALL RIVER;MA;02720-7920;M;38;MA;SAFETY BELT USED;DEPLOYMENT UNKNOWN;NONE;NO INDICATION OF INJURY;FAILED TO YIELD;PARKED VEHICLES;NORMAL;TEST NOT OFFERED;;;DRIVER;;;;;;;;
311eac50a6d0e9aab1c9271a658e8fd03ef8ed2501886550e6e4922ca650a663b66d2823604a79c4b909f3897d9b590d8edff5a02254654cd43f4bd7d174784c;O2094054;1996303;2025-06-26 17:45:00;CHICAGO;IL;60645;F;47;IL;SAFETY BELT USED;DEPLOYMENT UNKNOWN;NONE;NO INDICATION OF INJURY;NONE;UNKNOWN;NORMAL;TEST NOT OFFERED;;;DRIVER;;;;;;;;
b13e310e970cefbfb16d9b21cfa085931aa322a25298766ea0169c15005b8446e70ea449d298f6b3a9f8455c85505829c433d20957c7bbdec21ea50499af8a3b;O2094000;;2025-06-26 17:43:00;CHICAGO;IL;60626;F;52;;BICYCLE HELMET (PEDACYCLIST INVOLVED ONLY);;NONE;NO INDICATION OF INJURY;FAILED TO YIELD;UNKNOWN;NORMAL;TEST NOT OFFERED;;;BICYCLE;;;;;;;;
b13e310e970cefbfb16d9b21cfa085931aa322a25298766ea0169c15005b8446e70ea449d298f6b3a9f8455c85505829c433d20957c7bbdec21ea50499af8a3b;O2094001;1996238;2025-06-26 17:43:00;CHICAGO;IL;60645;F;26;IL;SAFETY BELT USED;NOT APPLICABLE;NONE;NO INDICATION OF INJURY;FAILED TO YIELD;UNKNOWN;NORMAL;TEST NOT OFFERED;;;DRIVER;;;;;;;;
124599114924395a2d2396b9b520b41e232a1f89faae3b2c0acf9707b86b19118d4489b5b83cba3b10b2b4fa071da8cbca357c0b3c77f84afeff70a3e53fed2c;O2094004;1996232;2025-06-26 17:41:00;;;;X;;;USAGE UNKNOWN;DEPLOYMENT UNKNOWN;NONE;NO INDICATION OF INJURY;UNKNOWN;UNKNOWN;UNKNOWN;TEST NOT OFFERED;;;DRIVER;;;;;;;;
124599114924395a2d2396b9b520b41e232a1f89faae3b2c0acf9707b86b19118d4489b5b83cba3b10b2b4fa071da8cbca357c0b3c77f84afeff70a3e53fed2c;O2094005;1996235;2025-06-26 17:41:00;;;;F;36;IL;SAFETY BELT USED;NOT APPLICABLE;NONE;NO INDICATION OF INJURY;NONE;NOT OBSCURED;NORMAL;TEST NOT OFFERED;;;DRIVER;;;;;;;;
124599114924395a2d2396b9b520b41e232a1f89faae3b2c0acf9707b86b19118d4489b5b83cba3b10b2b4fa071da8cbca357c0b3c77f84afeff70a3e53fed2c;P462220;1996235;2025-06-26 17:41:00;;;;F;36;;NONE PRESENT;NOT APPLICABLE;NONE;NO INDICATION OF INJURY;;;;;;;PASSENGER;;;;;;;;
124599114924395a2d2396b9b520b41e232a1f89faae3b2c0acf9707b86b19118d4489b5b83cba3b10b2b4fa071da8cbca357c0b3c77f84afeff70a3e53fed2c;P462221;1996235;2025-06-26 17:41:00;;;;;1;;SAFETY BELT USED;NOT APPLICABLE;NONE;NO INDICATION OF INJURY;;;;;;;PASSENGER;;;;;;;;
2f9ad2c94d4023c941c32c4627f217db42be9df488a503b0b606ea01042be4e9c9ec4e0e2aa3c6d81b1eb9850f60d75cecb61a61534c6bf986d70d30a247bc33;O2094147;1996380;2025-06-26 17:38:00;CHICAGO;IL;60641;M;56;IL;SAFETY BELT USED;DID NOT DEPLOY;NONE;NO INDICATION OF INJURY;OTHER;MOVING VEHICLES;NORMAL;TEST NOT OFFERED;;;DRIVER;;;;;;;;
2f9ad2c94d4023c941c32c4627f217db42be9df488a503b0b606ea01042be4e9c9ec4e0e2aa3c6d81b1eb9850f60d75cecb61a61534c6bf986d70d30a247bc33;O2094148;1996384;2025-06-26 17:38:00;CHICAGO;IL;60707;F;40;IL;SAFETY BELT USED;DID NOT DEPLOY;NONE;NO INDICATION OF INJURY;NONE;NOT OBSCURED;NORMAL;TEST NOT OFFERED;;;DRIVER;;;;;;;;
8b2a208f32339e7f13a19cf062c9008d2bf391d127f370dfb9019b9f115c16050ecfafcb5e4bb9fec88bfe40d0d5b958f001d2ce4d79c7df0edf28bb699434ca;O2093983;1996225;2025-06-26 17:31:00;CHICAGO;IL;60629;F;0;;SAFETY BELT USED;DID NOT DEPLOY;NONE;NO INDICATION OF INJURY;FAILED TO YIELD;NOT OBSCURED;NORMAL;TEST NOT OFFERED;;;DRIVER;;;;;;;;
8b2a208f32339e7f13a19cf062c9008d2bf391d127f370dfb9019b9f115c16050ecfafcb5e4bb9fec88bfe40d0d5b958f001d2ce4d79c7df0edf28bb699434ca;O2093984;1996216;2025-06-26 17:31:00;CHICAGO;IL;60652;M;18;IL;SAFETY BELT NOT USED;DID NOT DEPLOY;NONE;NO INDICATION OF INJURY;NONE;NOT OBSCURED;NORMAL;TEST NOT OFFERED;;;DRIVER;;;;;;;;
8b2a208f32339e7f13a19cf062c9008d2bf391d127f370dfb9019b9f115c16050ecfafcb5e4bb9fec88bfe40d0d5b958f001d2ce4d79c7df0edf28bb699434ca;P462217;1996225;2025-06-26 17:31:00;;;;M;;;SAFETY BELT USED;DID NOT DEPLOY;NONE;NO INDICATION OF INJURY;;;;;;;PASSENGER;;;;;;;;
14d77c6d87d5edc2b9bc8e37e35f5cfc2c4d26f68dabb1637106df9305aceb06bc562f6db6cc99d243b6629b8e814047319952e78fa6d04f074c9c7a5fbb18a6;O2094044;1996273;2025-06-26 17:30:00;CHICAGO;IL;60625;F;47;IL;USAGE UNKNOWN;DID NOT DEPLOY;UNKNOWN;NO INDICATION OF INJURY;UNKNOWN;UNKNOWN;NORMAL;TEST NOT OFFERED;;;DRIVER;;;;;;;;
14d77c6d87d5edc2b9bc8e37e35f5cfc2c4d26f68dabb1637106df9305aceb06bc562f6db6cc99d243b6629b8e814047319952e78fa6d04f074c9c7a5fbb18a6;O2094045;1996283;2025-06-26 17:30:00;ELMWOOD PARK;IL;60707;F;33;IL;SAFETY BELT USED;DID NOT DEPLOY;NONE;NONINCAPACITATING INJURY;NONE;NOT OBSCURED;NORMAL;TEST NOT OFFERED;;;DRIVER;;;;;;;;
85b9b1f6afd8d806c5d43b36063573ed33fd983ef44f23b5be6bf5a17342419c1348a31d113c06f73cd9d455f3d85c8011458e6da06e7d92d3feaccccc28fa21;O2094055;1996287;2025-06-26 17:30:00;CHICAGO;IL;60619;F;43;IL;USAGE UNKNOWN;DID NOT DEPLOY;NONE;NO INDICATION OF INJURY;OTHER;UNKNOWN;UNKNOWN;TEST NOT OFFERED;;;DRIVER;;;;;;;;
85b9b1f6afd8d806c5d43b36063573ed33fd983ef44f23b5be6bf5a17342419c1348a31d113c06f73cd9d455f3d85c8011458e6da06e7d92d3feaccccc28fa21;O2094056;1996293;2025-06-26 17:30:00;SAUK VILLAGE;IL;60411;F;48;IL;SAFETY BELT USED;DID NOT DEPLOY;NONE;NO INDICATION OF INJURY;NONE;NOT OBSCURED;NORMAL;TEST NOT OFFERED;;;DRIVER;;;;;;;;
8b4a1e102dbce3d6a0f0122c1bbcd6b54b61d4314cf865e08120192cb7c7969b71af0d3b97c08aca333d0d4697a112a8658eb90bb666ac5b53fae5ef75037a0a;O2094094;1996324;2025-06-26 17:30:00;CHICAGO;IL;60643;F;;IL;SAFETY BELT USED;DID NOT DEPLOY;NONE;NO INDICATION OF INJURY;TOO FAST FOR CONDITIONS;NOT OBSCURED;NORMAL;TEST NOT OFFERED;;;DRIVER;;;;;;;;
8b4a1e102dbce3d6a0f0122c1bbcd6b54b61d4314cf865e08120192cb7c7969b71af0d3b97c08aca333d0d4697a112a8658eb90bb666ac5b53fae5ef75037a0a;O2094095;1996334;2025-06-26 17:30:00;CHICAGO;IL;60616;F;;IL;SAFETY BELT USED;DID NOT DEPLOY;NONE;NO INDICATION OF INJURY;FOLLOWED TOO CLOSELY;NOT OBSCURED;NORMAL;TEST NOT OFFERED;;;DRIVER;;;;;;;;
8153517e29053428884f95652f016e2932db7b176d23cf2abef3b2b8ff8ea67bc8fd183a9b56b58986ebadccba08897eabdc1a85fe9af3e5b9d553b3e9b11983;O2094118;1996354;2025-06-26 17:25:00;CHICAGO;IL;60651;M;28;IL;USAGE UNKNOWN;DID NOT DEPLOY;NONE;NO INDICATION OF INJURY;FAILED TO YIELD;NOT OBSCURED;NORMAL;TEST NOT OFFERED;;;DRIVER;;;;;;;;
8153517e29053428884f95652f016e2932db7b176d23cf2abef3b2b8ff8ea67bc8fd183a9b56b58986ebadccba08897eabdc1a85fe9af3e5b9d553b3e9b11983;O2094119;1996357;2025-06-26 17:25:00;CHICAGO;IL;60651;F;44;IL;USAGE UNKNOWN;DID NOT DEPLOY;NONE;NO INDICATION OF INJURY;NONE;NOT OBSCURED;NORMAL;TEST NOT OFFERED;;;DRIVER;;;;;;;;
ce284071005c33d1ed0a23ad406719158e49880be19e85e6779492d66ead4e873bcc737422c5b0f7eda8c3b299a0440824f78febd43bc3eb7e39b8ed99f17f6a;O2094096;1996329;2025-06-26 17:21:00;CHICAGO;IL;60620;M;37;IL;NONE PRESENT;NOT APPLICABLE;NONE;NO INDICATION OF INJURY;NONE;NOT OBSCURED;NORMAL;TEST NOT OFFERED;;;DRIVER;;;;;;;;
ce284071005c33d1ed0a23ad406719158e49880be19e85e6779492d66ead4e873bcc737422c5b0f7eda8c3b299a0440824f78febd43bc3eb7e39b8ed99f17f6a;O2094097;1996337;2025-06-26 17:21:00;SKOKIE;IL;60077;F;54;IL;NONE PRESENT;NOT APPLICABLE;NONE;NO INDICATION OF INJURY;NONE;NOT OBSCURED;NORMAL;TEST NOT OFFERED;;;DRIVER;;;;;;;;
2506f1384c9ffc684a05525cfbab14eeace5267f8e156d845ccca33c4aaa529b0f213032736d3241b0d2679c0fbf251f6e0eb2b0e80e38cd63011fb0e54d1204;O2094057;1996292;2025-06-26 17:17:00;NORTH HALEDON;NJ;07508-2616;M;29;IL;USAGE UNKNOWN;NOT APPLICABLE;NONE;NO INDICATION OF INJURY;FOLLOWED TOO CLOSELY;UNKNOWN;UNKNOWN;TEST TAKEN;0.32;;DRIVER;;;;;;;;
2506f1384c9ffc684a05525cfbab14eeace5267f8e156d845ccca33c4aaa529b0f213032736d3241b0d2679c0fbf251f6e0eb2b0e80e38cd63011fb0e54d1204;O2094058;1996297;2025-06-26 17:17:00;CHICAGO;IL;60647;F;35;IL;SAFETY BELT USED;NOT APPLICABLE;NONE;NO INDICATION OF INJURY;UNKNOWN;UNKNOWN;UNKNOWN;TEST NOT OFFERED;;;DRIVER;;;;;;;;
2506f1384c9ffc684a05525cfbab14eeace5267f8e156d845ccca33c4aaa529b0f213032736d3241b0d2679c0fbf251f6e0eb2b0e80e38cd63011fb0e54d1204;O2094059;1996304;2025-06-26 17:17:00;CHICAGO;IL;60641;F;65;IL;SAFETY BELT USED;NOT APPLICABLE;NONE;NO INDICATION OF INJURY;UNKNOWN;UNKNOWN;UNKNOWN;TEST NOT OFFERED;;;DRIVER;;;;;;;;
21d1c1ba79fb28d5fa85defa2423ca6d402705469425571357354342e4531203f275e920f6512abda32c9111f1d1cd21e9a143523590e2165b524c63f0396c3f;O2094085;1996314;2025-06-26 17:15:00;CHICAGO;IL;60616;F;43;IL;USAGE UNKNOWN;DEPLOYMENT UNKNOWN;NONE;NO INDICATION OF INJURY;UNKNOWN;UNKNOWN;UNKNOWN;TEST NOT OFFERED;;;DRIVER;;;;;;;;
21d1c1ba79fb28d5fa85defa2423ca6d402705469425571357354342e4531203f275e920f6512abda32c9111f1d1cd21e9a143523590e2165b524c63f0396c3f;O2094086;1996323;2025-06-26 17:15:00;CHICAGO;IL;60608;M;35;IL;HELMET NOT USED;NOT APPLICABLE;NONE;NONINCAPACITATING INJURY;NONE;NOT OBSCURED;NORMAL;TEST NOT OFFERED;;;DRIVER;;;INSIGHT;;CFD AMB35;;;
3b7f523366480c377cc20c61f20b3bf6b21eb11ccacac1695c22b8e9003747c212be0286c0eecd7e0f3e22cdc94b7fcbf6dad7a58e079fa4bad9f0a68135c08f;O2094639;1996838;2025-06-26 17:15:00;;;;X;;;USAGE UNKNOWN;DEPLOYMENT UNKNOWN;NONE;NO INDICATION OF INJURY;UNKNOWN;UNKNOWN;UNKNOWN;TEST NOT OFFERED;;;DRIVER;;;;;;;;
4ed2cfa1f0e8fabb45067292595b966be9a1fb7a01c8684e9e746696a3962edf5dbd4a94c5e2aca979863842a7dbdd4577c90c5d986a4dad8ee13ec187a004b4;O2093968;1996203;2025-06-26 17:15:00;PARK FOREST;IL;60466;F;57;IL;SAFETY BELT USED;DEPLOYED, FRONT;NONE;NO INDICATION OF INJURY;FOLLOWED TOO CLOSELY;UNKNOWN;UNKNOWN;TEST NOT OFFERED;;;DRIVER;;;;;;;;
4ed2cfa1f0e8fabb45067292595b966be9a1fb7a01c8684e9e746696a3962edf5dbd4a94c5e2aca979863842a7dbdd4577c90c5d986a4dad8ee13ec187a004b4;O2093969;1996214;2025-06-26 17:15:00;HARVEY;IL;60426;M;28;IL;SAFETY BELT USED;DID NOT DEPLOY;NONE;NO INDICATION OF INJURY;NONE;UNKNOWN;UNKNOWN;TEST NOT OFFERED;;;DRIVER;;;;;;;;
d0b40f77e6b056b3636fd8479eb1c8d3bcb30ef8404597618a6ba8dc4bd59f88fe2592736e92b8499d83ee3559969501cce8b36e95a4e65ee277b790692504b5;O2093987;1996221;2025-06-26 17:15:00;CHICAGO;IL;60642;M;35;IL;USAGE UNKNOWN;NOT APPLICABLE;NONE;NO INDICATION OF INJURY;UNKNOWN;UNKNOWN;UNKNOWN;TEST NOT OFFERED;;;DRIVER;;;;;;;;
d0b40f77e6b056b3636fd8479eb1c8d3bcb30ef8404597618a6ba8dc4bd59f88fe2592736e92b8499d83ee3559969501cce8b36e95a4e65ee277b790692504b5;O2093988;1996233;2025-06-26 17:15:00;ELMWOOD PARK;IL;60707;F;39;IL;USAGE UNKNOWN;NOT APPLICABLE;NONE;NO INDICATION OF INJURY;OTHER;UNKNOWN;NORMAL;TEST NOT OFFERED;;;DRIVER;;;;;;;;
5844c43c5b8c8e16d3ff3c5b34c35e30c79b93fec973fafe78ec0c986133b46f2804409812aab89a08a3a3d80d3535c58f3931afe8e28feeb2eabbe0255ad437;O2093981;1996220;2025-06-26 17:13:00;CHICAGO;IL;60644;M;22;IL;USAGE UNKNOWN;NOT APPLICABLE;NONE;NO INDICATION OF INJURY;UNKNOWN;UNKNOWN;NORMAL;TEST NOT OFFERED;;;DRIVER;;;;;;;;
5844c43c5b8c8e16d3ff3c5b34c35e30c79b93fec973fafe78ec0c986133b46f2804409812aab89a08a3a3d80d3535c58f3931afe8e28feeb2eabbe0255ad437;O2093982;1996236;2025-06-26 17:13:00;CHICAGO;IL;60623;F;71;IL;USAGE UNKNOWN;DID NOT DEPLOY;NONE;NO INDICATION OF INJURY;UNKNOWN;NOT OBSCURED;NORMAL;TEST NOT OFFERED;;;DRIVER;;;;;;;;
5844c43c5b8c8e16d3ff3c5b34c35e30c79b93fec973fafe78ec0c986133b46f2804409812aab89a08a3a3d80d3535c58f3931afe8e28feeb2eabbe0255ad437;P462215;1996220;2025-06-26 17:13:00;CHICAGO;IL;60644;F;21;;USAGE UNKNOWN;DID NOT DEPLOY;NONE;NO INDICATION OF INJURY;;;;;;;PASSENGER;;;;;;;;
5844c43c5b8c8e16d3ff3c5b34c35e30c79b93fec973fafe78ec0c986133b46f2804409812aab89a08a3a3d80d3535c58f3931afe8e28feeb2eabbe0255ad437;P462216;1996220;2025-06-26 17:13:00;;;;F;;;BOOSTER SEAT;NOT APPLICABLE;NONE;NO INDICATION OF INJURY;;;;;;;PASSENGER;;;;;;;;
b137c427a26b3d1d7d8acafea9341b5d1d4ac4604691b9606955301aea060b9fd07389a4111da10c120e0d326633e604b40cf03261998984d7fc8dc2e6eca0a5;O2093972;1996208;2025-06-26 17:05:00;CHICAGO;IL;60651;M;48;IL;SAFETY BELT USED;NOT APPLICABLE;NONE;NO INDICATION OF INJURY;IMPROPER LANE CHANGE;NOT OBSCURED;NORMAL;TEST NOT OFFERED;;;DRIVER;;;;;;;;
b137c427a26b3d1d7d8acafea9341b5d1d4ac4604691b9606955301aea060b9fd07389a4111da10c120e0d326633e604b40cf03261998984d7fc8dc2e6eca0a5;O2093973;1996217;2025-06-26 17:05:00;PLAINFIELD;IL;60586;M;58;IL;SAFETY BELT USED;NOT APPLICABLE;NONE;NO INDICATION OF INJURY;OTHER;NOT OBSCURED;NORMAL;TEST NOT OFFERED;;;DRIVER;;;;;;;;
18ad4ef8dd8f5e96dcbac86b24337e2d021ec7cfaa3d8b528850f876f957cb24fa238d8b940855d09e7f9791c378038666f26687be9eac3fdb6ddb575371e4da;O2093958;1996200;2025-06-26 17:00:00;CHICAGO;IL;60632;F;17;IL;SAFETY BELT USED;NOT APPLICABLE;NONE;NO INDICATION OF INJURY;FAILED TO YIELD;NOT OBSCURED;NORMAL;TEST NOT OFFERED;;;DRIVER;;;;;;;;
18ad4ef8dd8f5e96dcbac86b24337e2d021ec7cfaa3d8b528850f876f957cb24fa238d8b940855d09e7f9791c378038666f26687be9eac3fdb6ddb575371e4da;O2093959;1996209;2025-06-26 17:00:00;CHICAGO;IL;60638;F;48;IL;SAFETY BELT USED;NOT APPLICABLE;NONE;NO INDICATION OF INJURY;NONE;NOT OBSCURED;NORMAL;TEST NOT OFFERED;;;DRIVER;;;;;;;;
18ad4ef8dd8f5e96dcbac86b24337e2d021ec7cfaa3d8b528850f876f957cb24fa238d8b940855d09e7f9791c378038666f26687be9eac3fdb6ddb575371e4da;P462212;1996200;2025-06-26 17:00:00;CHICAGO;IL;60632;F;7;;SAFETY BELT USED;NOT APPLICABLE;NONE;NO INDICATION OF INJURY;;;;;;;PASSENGER;;;;;;;;
18ad4ef8dd8f5e96dcbac86b24337e2d021ec7cfaa3d8b528850f876f957cb24fa238d8b940855d09e7f9791c378038666f26687be9eac3fdb6ddb575371e4da;P462213;1996200;2025-06-26 17:00:00;CHICAGO;IL;60632;M;8;;SAFETY BELT USED;NOT APPLICABLE;NONE;NO INDICATION OF INJURY;;;;;;;PASSENGER;;;;;;;;
2927d0452f3fcacb5291df73a0ed429f6d39e4c452fdcb109a1a699f7d27b695dd9eb70a6db5b413b895ba9f2f60e6a73d9fba9fe8dc1b7e0e92eb84bf31b664;O2094027;;2025-06-26 17:00:00;;;;M;;;HELMET NOT USED;;NONE;NO INDICATION OF INJURY;FAILED TO YIELD;NOT OBSCURED;NORMAL;TEST NOT OFFERED;;;BICYCLE;;;;;;;;
2927d0452f3fcacb5291df73a0ed429f6d39e4c452fdcb109a1a699f7d27b695dd9eb70a6db5b413b895ba9f2f60e6a73d9fba9fe8dc1b7e0e92eb84bf31b664;O2094028;1996264;2025-06-26 17:00:00;CHICAGO;IL;60609;F;39;IL;SAFETY BELT USED;NOT APPLICABLE;NONE;NO INDICATION OF INJURY;NONE;NOT OBSCURED;NORMAL;TEST NOT OFFERED;;;DRIVER;;;;;;;;
2927d0452f3fcacb5291df73a0ed429f6d39e4c452fdcb109a1a699f7d27b695dd9eb70a6db5b413b895ba9f2f60e6a73d9fba9fe8dc1b7e0e92eb84bf31b664;P462232;1996264;2025-06-26 17:00:00;CHICAGO;IL;60609;M;7;;SAFETY BELT USED;NOT APPLICABLE;NONE;NO INDICATION OF INJURY;;;;;;;PASSENGER;;;;;;;;
a61e0daa7316b5861360b632a2bbeffeae8ec4f2cd060345fd9489a1fc0d383c2fd2cba75e29356387746aad6ec153558aba3051fc8a26b8d81d721d2183a387;O2094037;1996275;2025-06-26 17:00:00;CHICAGO;IL;60618;M;21;IL;USAGE UNKNOWN;NOT APPLICABLE;NONE;NO INDICATION OF INJURY;OTHER;NOT OBSCURED;NORMAL;TEST NOT OFFERED;;;DRIVER;;;;;;;;
ac29c00482297f9c45fb615d4f4a49a138073e0d6eda071a1cc6aa49dc610bb988be2208084b7061cf3f7eeeb88445b3247257afa44af817a54b49460c451147;O2094075;1996310;2025-06-26 17:00:00;GLEN ELLYN;IL;60137;F;25;IL;SAFETY BELT USED;NOT APPLICABLE;NONE;NO INDICATION OF INJURY;UNKNOWN;NOT OBSCURED;NORMAL;TEST NOT OFFERED;;;DRIVER;;;REFUSED AT THIS TIME;;;;;
ac29c00482297f9c45fb615d4f4a49a138073e0d6eda071a1cc6aa49dc610bb988be2208084b7061cf3f7eeeb88445b3247257afa44af817a54b49460c451147;O2094076;1996321;2025-06-26 17:00:00;CHICAGO;IL;60637;F;41;IL;SAFETY BELT USED;NOT APPLICABLE;NONE;NO INDICATION OF INJURY;NONE;NOT OBSCURED;NORMAL;TEST NOT OFFERED;;;DRIVER;;;REFUSED AT THIS TIME;;;;;
af5bdb640c463aedfaddc3d7c048e1daccb97f2ab0f197d4525c3c3145a285f377ee0c6b032063093257af3be3fa09d24656e4a5d50880d0895d425917f227e1;O2093978;1996218;2025-06-26 17:00:00;CHICAGO;IL;60634;M;43;IL;SAFETY BELT USED;DID NOT DEPLOY;NONE;NO INDICATION OF INJURY;FOLLOWED TOO CLOSELY;NOT OBSCURED;NORMAL;TEST NOT OFFERED;;;DRIVER;;;;;;;;
af5bdb640c463aedfaddc3d7c048e1daccb97f2ab0f197d4525c3c3145a285f377ee0c6b032063093257af3be3fa09d24656e4a5d50880d0895d425917f227e1;O2093979;1996229;2025-06-26 17:00:00;CHICAGO;IL;60649;M;47;IL;SAFETY BELT USED;DID NOT DEPLOY;NONE;NO INDICATION OF INJURY;NONE;NOT OBSCURED;NORMAL;TEST NOT OFFERED;;;DRIVER;;;;;;;;
c9a410a185e6152a4ec7537540fb1cb890aa523e8486edb7c7a910bf0b7847c928d5f990a4286522de3189af769592d44b45201328a26c95e42137b67ef73491;O2094131;1996366;2025-06-26 17:00:00;;;;X;;;USAGE UNKNOWN;DEPLOYMENT UNKNOWN;UNKNOWN;NO INDICATION OF INJURY;UNKNOWN;UNKNOWN;UNKNOWN;TEST NOT OFFERED;;;DRIVER;;;;;;;;
c9a410a185e6152a4ec7537540fb1cb890aa523e8486edb7c7a910bf0b7847c928d5f990a4286522de3189af769592d44b45201328a26c95e42137b67ef73491;O2094132;1996374;2025-06-26 17:00:00;CHICAGO;IL;60649;M;29;IL;USAGE UNKNOWN;DEPLOYMENT UNKNOWN;UNKNOWN;REPORTED, NOT EVIDENT;NONE;UNKNOWN;UNKNOWN;TEST NOT OFFERED;;;DRIVER;;;;;;;;
c9a410a185e6152a4ec7537540fb1cb890aa523e8486edb7c7a910bf0b7847c928d5f990a4286522de3189af769592d44b45201328a26c95e42137b67ef73491;P462247;1996374;2025-06-26 17:00:00;;IL;;F;32;;USAGE UNKNOWN;DEPLOYMENT UNKNOWN;UNKNOWN;REPORTED, NOT EVIDENT;;;;;;;PASSENGER;;;;;;;;
f99148a85d889fe801e11a2933cab29d886752f7c67bc493074c7c836e33190df5918f86ba2a05a4770736bd2cc27abf158808e515ea6b1110939a2963d3b2ac;O2094006;1996241;2025-06-26 17:00:00;CHICAGO;IL;;M;48;IL;SAFETY BELT USED;DID NOT DEPLOY;NONE;NO INDICATION OF INJURY;UNKNOWN;NOT OBSCURED;NORMAL;TEST NOT OFFERED;;;DRIVER;;;;;;;;
f99148a85d889fe801e11a2933cab29d886752f7c67bc493074c7c836e33190df5918f86ba2a05a4770736bd2cc27abf158808e515ea6b1110939a2963d3b2ac;O2094007;1996250;2025-06-26 17:00:00;PLAINFIELD;IL;;F;44;IL;SAFETY BELT USED;DID NOT DEPLOY;NONE;NO INDICATION OF INJURY;NONE;NOT OBSCURED;NORMAL;TEST NOT OFFERED;;;DRIVER;;;;;;;;
afb6a250c708e6d2bb8804ec4bf14ee21b5fd239b49856b14f0987b37c20d63a9c946e2cd385cc91a0883eaa436d5de0fb4c7e1b0b4545c896c27da63da9f36e;O2094016;1996247;2025-06-26 16:57:00;CHICAGO;IL;60645;M;38;IL;SAFETY BELT USED;NOT APPLICABLE;NONE;NO INDICATION OF INJURY;FAILED TO YIELD;MOVING VEHICLES;NORMAL;TEST NOT OFFERED;;;DRIVER;;;;;;;;
afb6a250c708e6d2bb8804ec4bf14ee21b5fd239b49856b14f0987b37c20d63a9c946e2cd385cc91a0883eaa436d5de0fb4c7e1b0b4545c896c27da63da9f36e;O2094017;1996251;2025-06-26 16:57:00;SKOKIE;IL;60076;F;50;IL;SAFETY BELT USED;NOT APPLICABLE;NONE;NO INDICATION OF INJURY;NONE;MOVING VEHICLES;NORMAL;TEST NOT OFFERED;;;DRIVER;;;;;;;;
40f5ea2ee0feefa4e5c47fadc891de286b4a2bdcd4117c9a1f5329be27c2aad6ad4c622d1e1565fcc2d8500c799b5559eb564d2037b330c1b96439303eca7261;O2094079;1996313;2025-06-26 16:53:00;CHICAGO;IL;60661;M;42;IL;NONE PRESENT;NOT APPLICABLE;NONE;NO INDICATION OF INJURY;FOLLOWED TOO CLOSELY;UNKNOWN;NORMAL;TEST NOT OFFERED;;;DRIVER;;;;;;;;
40f5ea2ee0feefa4e5c47fadc891de286b4a2bdcd4117c9a1f5329be27c2aad6ad4c622d1e1565fcc2d8500c799b5559eb564d2037b330c1b96439303eca7261;O2094080;1996322;2025-06-26 16:53:00;;;;F;40;IL;NONE PRESENT;NOT APPLICABLE;NONE;NO INDICATION OF INJURY;NONE;UNKNOWN;NORMAL;TEST NOT OFFERED;;;DRIVER;;;;;;;;
5621b36d4b77cecaf26bb53f2872eb706458672b4973396454fca9bd780b5455b5d7c0ef2b61904324519323e085a676af41be060dedcb98d5ff4e39dded689c;O2093956;1996195;2025-06-26 16:49:00;CHICAGO;IL;60634;M;30;IL;USAGE UNKNOWN;DEPLOYED, SIDE;NONE;NO INDICATION OF INJURY;IMPROPER PASSING;NOT OBSCURED;NORMAL;TEST NOT OFFERED;;;DRIVER;;;;;;;;
5621b36d4b77cecaf26bb53f2872eb706458672b4973396454fca9bd780b5455b5d7c0ef2b61904324519323e085a676af41be060dedcb98d5ff4e39dded689c;O2093957;1996237;2025-06-26 16:49:00;CHICAGO;IL;60623;F;46;IL;USAGE UNKNOWN;DEPLOYED, SIDE;NONE;NONINCAPACITATING INJURY;NONE;NOT OBSCURED;NORMAL;TEST NOT OFFERED;;;DRIVER;;;N/A;;CFD;;;
5621b36d4b77cecaf26bb53f2872eb706458672b4973396454fca9bd780b5455b5d7c0ef2b61904324519323e085a676af41be060dedcb98d5ff4e39dded689c;P462222;1996237;2025-06-26 16:49:00;CHICAGO;IL;60623;M;6;;SAFETY BELT USED;DEPLOYED, SIDE;NONE;NO INDICATION OF INJURY;;;;;;;PASSENGER;;;;;;;;
93c150022b9fe477c45d4b885bc5c9f950eda0efaa00c08fa79099eb2e514c2cc6d54481a04f86870badee00ee9bdfeb9f70c72d93947d29ee0aa385cc8b63bf;O2093954;1996187;2025-06-26 16:40:00;;;;M;;;USAGE UNKNOWN;DEPLOYMENT UNKNOWN;NONE;NO INDICATION OF INJURY;IMPROPER PASSING;UNKNOWN;UNKNOWN;TEST NOT OFFERED;;;DRIVER;;;;;;;;
93c150022b9fe477c45d4b885bc5c9f950eda0efaa00c08fa79099eb2e514c2cc6d54481a04f86870badee00ee9bdfeb9f70c72d93947d29ee0aa385cc8b63bf;O2093955;1996194;2025-06-26 16:40:00;CHICAGO;IL;60618;F;25;IL;SAFETY BELT USED;NOT APPLICABLE;NONE;NO INDICATION OF INJURY;NONE;NOT OBSCURED;NORMAL;TEST NOT OFFERED;;;DRIVER;;;REFUSED;;;;;
93c150022b9fe477c45d4b885bc5c9f950eda0efaa00c08fa79099eb2e514c2cc6d54481a04f86870badee00ee9bdfeb9f70c72d93947d29ee0aa385cc8b63bf;P462211;1996194;2025-06-26 16:40:00;MAYWOOD;IL;6015;M;28;;SAFETY BELT USED;NOT APPLICABLE;NONE;NO INDICATION OF INJURY;;;;;;;PASSENGER;;;REFUSED;;;;;
2d84c505821a92caae6360837ba10602c7393cd597cbdaea30a669f761c27f1fab3bded5a403e76d33850f0c0f527f175f7a14c0e326dd26c2efd338289e7881;O2094063;1996298;2025-06-26 16:35:00;;;;F;;;USAGE UNKNOWN;DEPLOYMENT UNKNOWN;NONE;NO INDICATION OF INJURY;FOLLOWED TOO CLOSELY;UNKNOWN;UNKNOWN;TEST NOT OFFERED;;;DRIVER;;;;;;;;
2d84c505821a92caae6360837ba10602c7393cd597cbdaea30a669f761c27f1fab3bded5a403e76d33850f0c0f527f175f7a14c0e326dd26c2efd338289e7881;O2094064;1996315;2025-06-26 16:35:00;CHICAGO;IL;60643;M;71;IL;USAGE UNKNOWN;NOT APPLICABLE;NONE;NO INDICATION OF INJURY;NONE;UNKNOWN;UNKNOWN;TEST NOT OFFERED;;;DRIVER;;;;;;;;
2d84c505821a92caae6360837ba10602c7393cd597cbdaea30a669f761c27f1fab3bded5a403e76d33850f0c0f527f175f7a14c0e326dd26c2efd338289e7881;P462236;1996315;2025-06-26 16:35:00;CHICAGO;IL;;F;;;USAGE UNKNOWN;NOT APPLICABLE;NONE;NO INDICATION OF INJURY;;;;;;;PASSENGER;;;;;;;;
331fc97bbfec65423108378c710bfe91a2af257d0cf0685d393babfbb15150e9c382ebef7e75ffe71f448d24b0566e8ce014c4761871494ec6e3e1a73d29a1e9;O2093976;1996243;2025-06-26 16:35:00;;;;M;;;USAGE UNKNOWN;DEPLOYMENT UNKNOWN;NONE;NO INDICATION OF INJURY;UNKNOWN;UNKNOWN;UNKNOWN;TEST NOT OFFERED;;;DRIVER;;;;;;;;
331fc97bbfec65423108378c710bfe91a2af257d0cf0685d393babfbb15150e9c382ebef7e75ffe71f448d24b0566e8ce014c4761871494ec6e3e1a73d29a1e9;O2093977;1996249;2025-06-26 16:35:00;ROMEOVILLE;IL;60446;F;26;IL;SAFETY BELT USED;DID NOT DEPLOY;NONE;NO INDICATION OF INJURY;NONE;NOT OBSCURED;NORMAL;TEST NOT OFFERED;;;DRIVER;;;;;;;;
331fc97bbfec65423108378c710bfe91a2af257d0cf0685d393babfbb15150e9c382ebef7e75ffe71f448d24b0566e8ce014c4761871494ec6e3e1a73d29a1e9;P462223;1996249;2025-06-26 16:35:00;BERWYN;IL;60402;F;28;;SAFETY BELT USED;NOT APPLICABLE;NONE;NO INDICATION OF INJURY;;;;;;;PASSENGER;;;;;;;;
16325c8287d10d91c6d0e0e0415f33b32bd926661fbbd7d3bdb9e44a40100e1aa619ed15b295ac13f62a989534da7c0a04a8e51d904b0a6cd20387d0c82d30ea;O2094002;1996239;2025-06-26 16:30:00;WOODSTOCK;IL;60098;F;35;IL;USAGE UNKNOWN;DID NOT DEPLOY;NONE;NO INDICATION OF INJURY;IMPROPER PASSING;UNKNOWN;NORMAL;TEST NOT OFFERED;;;DRIVER;;;;;;;;
16325c8287d10d91c6d0e0e0415f33b32bd926661fbbd7d3bdb9e44a40100e1aa619ed15b295ac13f62a989534da7c0a04a8e51d904b0a6cd20387d0c82d30ea;O2094003;1996255;2025-06-26 16:30:00;CHICAGO;IL;60615;F;60;IL;USAGE UNKNOWN;DID NOT DEPLOY;NONE;NO INDICATION OF INJURY;NONE;NOT OBSCURED;NORMAL;TEST NOT OFFERED;;;DRIVER;;;;;;;;
16325c8287d10d91c6d0e0e0415f33b32bd926661fbbd7d3bdb9e44a40100e1aa619ed15b295ac13f62a989534da7c0a04a8e51d904b0a6cd20387d0c82d30ea;P462228;1996255;2025-06-26 16:30:00;CHICAGO;IL;60615;M;31;;USAGE UNKNOWN;DID NOT DEPLOY;NONE;NO INDICATION OF INJURY;;;;;;;PASSENGER;;;;;;;;
16325c8287d10d91c6d0e0e0415f33b32bd926661fbbd7d3bdb9e44a40100e1aa619ed15b295ac13f62a989534da7c0a04a8e51d904b0a6cd20387d0c82d30ea;P462231;1996255;2025-06-26 16:30:00;CHICAGO;IL;60615;F;18;;USAGE UNKNOWN;DID NOT DEPLOY;NONE;NO INDICATION OF INJURY;;;;;;;PASSENGER;;;;;;;;
18ace1307e77e1024dae6132a908ca3d3547ca657f92c1c392b8a6605be4e2a9e666df9cd01260154e4131f7186bf2a8ed3cad30bd10cdb61959503a42dcbe05;O2093946;1996185;2025-06-26 16:30:00;CHICAGO;IL;60643;M;63;IL;SAFETY BELT USED;DID NOT DEPLOY;NONE;NO INDICATION OF INJURY;UNKNOWN;NOT OBSCURED;NORMAL;TEST NOT OFFERED;;;DRIVER;;;;;;;;
18ace1307e77e1024dae6132a908ca3d3547ca657f92c1c392b8a6605be4e2a9e666df9cd01260154e4131f7186bf2a8ed3cad30bd10cdb61959503a42dcbe05;O2093947;1996190;2025-06-26 16:30:00;CHICAGO;IL;60643;M;54;IL;SAFETY BELT USED;DID NOT DEPLOY;NONE;NO INDICATION OF INJURY;NONE;NOT OBSCURED;NORMAL;TEST NOT OFFERED;;;DRIVER;;;;;;;;
263b12918f016886c43669dad23c63fcef79c36bf9cfce7735c27121aa22994c83cfb5ccdf4dec9f39e5c157e021faade09ec0f3220daef96ed644a159fd8b84;O2094073;1996307;2025-06-26 16:30:00;RICHLAND;IL;49083;F;46;MI;USAGE UNKNOWN;DEPLOYMENT UNKNOWN;NONE;NO INDICATION OF INJURY;IMPROPER TURN;UNKNOWN;UNKNOWN;TEST NOT OFFERED;;;DRIVER;;;;;;;;
263b12918f016886c43669dad23c63fcef79c36bf9cfce7735c27121aa22994c83cfb5ccdf4dec9f39e5c157e021faade09ec0f3220daef96ed644a159fd8b84;O2094074;1996331;2025-06-26 16:30:00;CHICAGO;IL;60619;F;32;IL;USAGE UNKNOWN;NOT APPLICABLE;UNKNOWN;REPORTED, NOT EVIDENT;NONE;UNKNOWN;NORMAL;TEST NOT OFFERED;;;DRIVER;;;;;;;;
479d576a461e09c0d291ede7f129a7a02e13f5be5f35917180fcc4338344503c0dc0fd14fb6fa588bad3d6f1224f5ed273dec107cb10e9d665b8b9865803413b;O2093970;1996205;2025-06-26 16:30:00;EVERGREEN;IL;60805;M;51;IL;DOT COMPLIANT MOTORCYCLE HELMET;NOT APPLICABLE;NONE;REPORTED, NOT EVIDENT;NONE;NOT OBSCURED;NORMAL;TEST NOT OFFERED;;;DRIVER;;;CHRIST HOSPITAL;;OAK LAWN;;;
479d576a461e09c0d291ede7f129a7a02e13f5be5f35917180fcc4338344503c0dc0fd14fb6fa588bad3d6f1224f5ed273dec107cb10e9d665b8b9865803413b;O2093971;1996210;2025-06-26 16:30:00;BRIDGEVIEW;IL;60455;M;64;IL;SAFETY BELT USED;NOT APPLICABLE;NONE;NO INDICATION OF INJURY;NONE;NOT OBSCURED;NORMAL;TEST NOT OFFERED;;;DRIVER;;;;;;;;
828e7a4d971bd800859658a11c27fb7bc8ec651202d4902b0c281d6eee8490cf2f1ae245bb7dda9e59938b343a5c4e5588772c7552e945f92eb321db6cb4f45f;O2094462;1996668;2025-06-26 16:30:00;;;;X;;;USAGE UNKNOWN;DEPLOYMENT UNKNOWN;UNKNOWN;NO INDICATION OF INJURY;UNKNOWN;UNKNOWN;UNKNOWN;TEST NOT OFFERED;;;DRIVER;;;;;;;;
828e7a4d971bd800859658a11c27fb7bc8ec651202d4902b0c281d6eee8490cf2f1ae245bb7dda9e59938b343a5c4e5588772c7552e945f92eb321db6cb4f45f;O2094463;1996669;2025-06-26 16:30:00;CHICAGO;IL;60660;M;37;IL;USAGE UNKNOWN;DEPLOYMENT UNKNOWN;UNKNOWN;NO INDICATION OF INJURY;UNKNOWN;UNKNOWN;UNKNOWN;TEST NOT OFFERED;;;DRIVER;;;;;;;;
828e7a4d971bd800859658a11c27fb7bc8ec651202d4902b0c281d6eee8490cf2f1ae245bb7dda9e59938b343a5c4e5588772c7552e945f92eb321db6cb4f45f;O2094464;1996670;2025-06-26 16:30:00;;;;M;;;USAGE UNKNOWN;DEPLOYMENT UNKNOWN;UNKNOWN;NO INDICATION OF INJURY;UNKNOWN;UNKNOWN;UNKNOWN;TEST NOT OFFERED;;;DRIVER;;;;;;;;
828e7a4d971bd800859658a11c27fb7bc8ec651202d4902b0c281d6eee8490cf2f1ae245bb7dda9e59938b343a5c4e5588772c7552e945f92eb321db6cb4f45f;O2094465;1996671;2025-06-26 16:30:00;SKOKIE;IL;60076;F;30;IL;USAGE UNKNOWN;DEPLOYMENT UNKNOWN;UNKNOWN;NO INDICATION OF INJURY;UNKNOWN;UNKNOWN;UNKNOWN;TEST NOT OFFERED;;;DRIVER;;;;;;;;
c7ccb80d0139c744ba7905596ab1eb7217fc81da28f37df32c678e7181a8f22cf359dde06e1ba6301331aa0bf9cc007809215513b99e7901b194f8a8bfd5c14c;O2094023;1996262;2025-06-26 16:30:00;CHICAGO;IL;60634;F;19;IL;USAGE UNKNOWN;NOT APPLICABLE;NONE;NO INDICATION OF INJURY;TEXTING;UNKNOWN;UNKNOWN;TEST NOT OFFERED;;;DRIVER;;;;;;;;
eb5019ae17fa39e07b9f9976d82daecff4a84ce6a67c5c6e861af690129e0798cd759b89aad4d6a9f9ef6079102ada2c30d0d173784a1be0ef7ad2a655bfe44e;O2093952;1996189;2025-06-26 16:20:00;;;;X;;;USAGE UNKNOWN;DEPLOYMENT UNKNOWN;NONE;NO INDICATION OF INJURY;IMPROPER BACKING;UNKNOWN;UNKNOWN;TEST NOT OFFERED;;;DRIVER;;;;;;;;
eb5019ae17fa39e07b9f9976d82daecff4a84ce6a67c5c6e861af690129e0798cd759b89aad4d6a9f9ef6079102ada2c30d0d173784a1be0ef7ad2a655bfe44e;P462214;1996197;2025-06-26 16:20:00;;;;M;;;USAGE UNKNOWN;NOT APPLICABLE;NONE;NO INDICATION OF INJURY;;;;;;;PASSENGER;;;;;;;;
1b11a2c5834baf98ffa26f38796b2dfe0e445b92cad6b5e9a67e23f1bce91490c372c0acd78ba7c95082788867a389954a624203b168129a27b829f98bafd7b9;O2093939;1996183;2025-06-26 16:18:00;;;;F;;;USAGE UNKNOWN;DEPLOYMENT UNKNOWN;UNKNOWN;NO INDICATION OF INJURY;OTHER;UNKNOWN;UNKNOWN;TEST NOT OFFERED;;;DRIVER;;;;;;;;
1b11a2c5834baf98ffa26f38796b2dfe0e445b92cad6b5e9a67e23f1bce91490c372c0acd78ba7c95082788867a389954a624203b168129a27b829f98bafd7b9;O2093940;1996192;2025-06-26 16:18:00;CHICAGO;IL;60639;M;50;IL;SAFETY BELT USED;NOT APPLICABLE;NONE;NO INDICATION OF INJURY;OTHER;NOT OBSCURED;NORMAL;TEST NOT OFFERED;;;DRIVER;;;;;;;;
1b11a2c5834baf98ffa26f38796b2dfe0e445b92cad6b5e9a67e23f1bce91490c372c0acd78ba7c95082788867a389954a624203b168129a27b829f98bafd7b9;P462210;1996192;2025-06-26 16:18:00;CHICAGO;IL;60639;F;72;;USAGE UNKNOWN;DID NOT DEPLOY;NONE;NO INDICATION OF INJURY;;;;;;;PASSENGER;;;;;;;;
a11ecca99ee13cd72fd71d891870236d9ee2fd370834c660e147adf9898b54700fb2292ec12df41b53f24ae8776aa45a2dbdb3940139c306088667d785a75bfd;O2094594;1996819;2025-06-26 16:15:00;;;;X;;;USAGE UNKNOWN;DEPLOYMENT UNKNOWN;UNKNOWN;NO INDICATION OF INJURY;UNKNOWN;UNKNOWN;UNKNOWN;TEST NOT OFFERED;;;DRIVER;;;;;;;;
cabef4319e4b3c1eae3dc5241c3a86aced76fdf5ff1b49b812ce83056798521fec73a84535cefa3a0f02d4c2a3de69b3658d3c2bd9950abce867fc16687fae19;O2094522;1996727;2025-06-26 16:15:00;;;;X;;;USAGE UNKNOWN;DEPLOYMENT UNKNOWN;NONE;NO INDICATION OF INJURY;IMPROPER PASSING;UNKNOWN;UNKNOWN;TEST NOT OFFERED;;;DRIVER;;;;;;;;
cabef4319e4b3c1eae3dc5241c3a86aced76fdf5ff1b49b812ce83056798521fec73a84535cefa3a0f02d4c2a3de69b3658d3c2bd9950abce867fc16687fae19;P462317;1996734;2025-06-26 16:15:00;PEARLAND;TX;77581;M;47;;SHOULD/LAP BELT USED IMPROPERLY;NOT APPLICABLE;NONE;NO INDICATION OF INJURY;;;;;;;PASSENGER;;;;;;;;
b321704f96ddf1fdb543deab679c89c35ac64efb958f4172f3b70a569f3c791885ef4b153480fdd458ee9979431ffe273a8b56cf99be01dfa273f03281c46972;O2094050;1996278;2025-06-26 16:12:00;CHICAGO;IL;60652;M;58;IL;NONE PRESENT;NOT APPLICABLE;NONE;NO INDICATION OF INJURY;FAILED TO YIELD;UNKNOWN;NORMAL;TEST NOT OFFERED;;;DRIVER;;;;;;;;
b321704f96ddf1fdb543deab679c89c35ac64efb958f4172f3b70a569f3c791885ef4b153480fdd458ee9979431ffe273a8b56cf99be01dfa273f03281c46972;O2094051;1996286;2025-06-26 16:12:00;C;IL;60652;F;28;IL;NONE PRESENT;NOT APPLICABLE;NONE;NO INDICATION OF INJURY;OTHER;UNKNOWN;NORMAL;TEST NOT OFFERED;;;DRIVER;;;;;;;;
58899de4619465d427f2941c98b4d37408e3ffe4c1f9c13789f5f615be9c410fca14710fd19af4443eb8c5ca013b01194628ec4fe006f969048bd34c3e6f5fd2;O2093989;1996230;2025-06-26 16:11:00;HAMMOND;IN;46327;M;29;IN;SAFETY BELT USED;DID NOT DEPLOY;NONE;NO INDICATION OF INJURY;FOLLOWED TOO CLOSELY;NOT OBSCURED;NORMAL;TEST NOT OFFERED;;;DRIVER;;;;;;;;
58899de4619465d427f2941c98b4d37408e3ffe4c1f9c13789f5f615be9c410fca14710fd19af4443eb8c5ca013b01194628ec4fe006f969048bd34c3e6f5fd2;O2093990;1996240;2025-06-26 16:11:00;BERKELEY;IL;60163;M;;IL;SAFETY BELT USED;DID NOT DEPLOY;NONE;NO INDICATION OF INJURY;NONE;NOT OBSCURED;NORMAL;TEST NOT OFFERED;;;DRIVER;;;;;;;;
778aa4b28c817f90093157ffff3f3e4a01c52b2f165ef624d3b1d32c34397eb103502a3fbc3c1edb7e5baf1078c31a4388e6f0907b1cd9a84fb10a2d7bc627fa;O2093913;1996153;2025-06-26 16:05:00;;;;F;31;IL;NONE PRESENT;NOT APPLICABLE;NONE;NO INDICATION OF INJURY;UNKNOWN;UNKNOWN;NORMAL;TEST NOT OFFERED;;;DRIVER;;;;;;;;
778aa4b28c817f90093157ffff3f3e4a01c52b2f165ef624d3b1d32c34397eb103502a3fbc3c1edb7e5baf1078c31a4388e6f0907b1cd9a84fb10a2d7bc627fa;O2093914;1996159;2025-06-26 16:05:00;CHICAGO;IL;60628;F;39;IL;NONE PRESENT;NOT APPLICABLE;NONE;NO INDICATION OF INJURY;OTHER;NOT OBSCURED;NORMAL;TEST NOT OFFERED;;;DRIVER;;;;;;;;
628aade44eff6327520473834954fbee7113c3ce35e2a9399f4138743f07e3ecd1a73ddd904c5b665abd9d553155b07de6dda6ae5977ee4f777397dfd8b854c6;O2093905;1996140;2025-06-26 16:03:00;NORRIDGE;IL;60706;M;40;IL;USAGE UNKNOWN;DEPLOYMENT UNKNOWN;NONE;NO INDICATION OF INJURY;FAILED TO YIELD;UNKNOWN;NORMAL;TEST NOT OFFERED;;;DRIVER;;;REFUSED;;;;;
628aade44eff6327520473834954fbee7113c3ce35e2a9399f4138743f07e3ecd1a73ddd904c5b665abd9d553155b07de6dda6ae5977ee4f777397dfd8b854c6;O2093906;1996149;2025-06-26 16:03:00;CHICAGO;IL;60613;M;46;IL;USAGE UNKNOWN;DEPLOYMENT UNKNOWN;NONE;NO INDICATION OF INJURY;NONE;UNKNOWN;NORMAL;TEST NOT OFFERED;;;DRIVER;;;REFUSED;;;;;
628aade44eff6327520473834954fbee7113c3ce35e2a9399f4138743f07e3ecd1a73ddd904c5b665abd9d553155b07de6dda6ae5977ee4f777397dfd8b854c6;P462204;1996149;2025-06-26 16:03:00;FORT LAUDERDALE;FL;33309-3220;M;28;;USAGE UNKNOWN;DEPLOYMENT UNKNOWN;NONE;NO INDICATION OF INJURY;;;;;;;PASSENGER;;;REFUSED;;;;;
519168e63218e1888276995b1742b13b571bf9aa3f499e41e76129ad1e043a8d32b6e99d5d8b4e4af22b2d3164bbfe76b9198e63e87989be67f6b48406f86f19;O2094106;;2025-06-26 16:00:00;;;;M;;;HELMET NOT USED;;NONE;NONINCAPACITATING INJURY;DISREGARDED CONTROL DEVICES;UNKNOWN;NORMAL;TEST NOT OFFERED;;;BICYCLE;;;LOYOLA;;;;;
519168e63218e1888276995b1742b13b571bf9aa3f499e41e76129ad1e043a8d32b6e99d5d8b4e4af22b2d3164bbfe76b9198e63e87989be67f6b48406f86f19;O2094107;1996345;2025-06-26 16:00:00;CHICAGO;IL;60639;M;57;IL;SAFETY BELT USED;DID NOT DEPLOY;NONE;NO INDICATION OF INJURY;NONE;NOT OBSCURED;NORMAL;TEST NOT OFFERED;;;DRIVER;;;;;;;;
823118727b6d61ba50fe0d7c46d74418deebae2541af947c7150ae6479bdb8cc0d8f7e0f3e578e14d5dc721b07a4fc6414f418304f3c6cbaf70701d438c74cb9;O2093909;1996147;2025-06-26 16:00:00;CHICAGO;IL;60651;F;18;IL;USAGE UNKNOWN;NOT APPLICABLE;NONE;NO INDICATION OF INJURY;FAILED TO YIELD;UNKNOWN;NORMAL;TEST NOT OFFERED;;;DRIVER;;;;;;;;
823118727b6d61ba50fe0d7c46d74418deebae2541af947c7150ae6479bdb8cc0d8f7e0f3e578e14d5dc721b07a4fc6414f418304f3c6cbaf70701d438c74cb9;O2093910;1996157;2025-06-26 16:00:00;CHICAGO;IL;60656;M;20;IL;USAGE UNKNOWN;NOT APPLICABLE;NONE;NO INDICATION OF INJURY;NONE;UNKNOWN;NORMAL;TEST NOT OFFERED;;;DRIVER;;;;;;;;
ddafd880367382e997ed9f457dda4ab4725daea9979433e410be041e32736e9f7ec4a3816b4f297e7c4ca966294328a7d15a2dcf6acc13c67f439dcc564042ae;O2094617;1996839;2025-06-26 16:00:00;CHICAGO;IL;60652;M;65;IL;SAFETY BELT USED;DID NOT DEPLOY;NONE;NO INDICATION OF INJURY;UNKNOWN;NOT OBSCURED;NORMAL;TEST NOT OFFERED;;;DRIVER;;;;;;;;
ddafd880367382e997ed9f457dda4ab4725daea9979433e410be041e32736e9f7ec4a3816b4f297e7c4ca966294328a7d15a2dcf6acc13c67f439dcc564042ae;O2094618;1996848;2025-06-26 16:00:00;;;;M;;;USAGE UNKNOWN;DEPLOYMENT UNKNOWN;UNKNOWN;NO INDICATION OF INJURY;UNKNOWN;UNKNOWN;UNKNOWN;TEST NOT OFFERED;;;DRIVER;;;;;;;;
eeb356d9a9c8ccf2214a2ab7c208a48c40d2e9396a4353399a73ae0ff4c460363dfdaaaa2510ed0d65e576cc1657ea2c51095eee990053b2c693e01f209742f0;O2094603;1996843;2025-06-26 16:00:00;;;;X;;;USAGE UNKNOWN;DEPLOYMENT UNKNOWN;UNKNOWN;NO INDICATION OF INJURY;IMPROPER TURN;UNKNOWN;UNKNOWN;TEST NOT OFFERED;;;DRIVER;;;;;;;;
eeb356d9a9c8ccf2214a2ab7c208a48c40d2e9396a4353399a73ae0ff4c460363dfdaaaa2510ed0d65e576cc1657ea2c51095eee990053b2c693e01f209742f0;O2094604;1996804;2025-06-26 16:00:00;NORRIDGE;IL;60706;M;35;IL;SAFETY BELT USED;NOT APPLICABLE;NONE;NO INDICATION OF INJURY;NONE;NOT OBSCURED;NORMAL;TEST NOT OFFERED;;;DRIVER;;;;;;;;
5a3b31011589488e29524faa7013592b471c2c6bcf8048c56929a6882e22dc59e2de8f5ca93c665b668a226d0d6cbaced384cdb32ee82f40e2cfb9ab22556e8f;O2093933;1996174;2025-06-26 15:56:00;CRYSTAL LAKE;IL;60014;F;43;IL;USAGE UNKNOWN;NOT APPLICABLE;NONE;NO INDICATION OF INJURY;IMPROPER TURN;NOT OBSCURED;NORMAL;TEST NOT OFFERED;;;DRIVER;;;;;;;;
f1caa5e18cbb5d118942a59ca539a54a0961431b59983eaa1f563f13deb2e0c7c4e345c1aa58c8577695b00442632d9d01df7d0e3188924e9d9c4428ad53b50c;O2093887;1996136;2025-06-26 15:51:00;CHICAGO;IL;60616;M;42;IL;SAFETY BELT USED;DID NOT DEPLOY;NONE;NO INDICATION OF INJURY;NONE;NOT OBSCURED;NORMAL;TEST NOT OFFERED;;;DRIVER;;;;;;;;
f1caa5e18cbb5d118942a59ca539a54a0961431b59983eaa1f563f13deb2e0c7c4e345c1aa58c8577695b00442632d9d01df7d0e3188924e9d9c4428ad53b50c;O2093888;1996127;2025-06-26 15:51:00;CHICAGO;IL;60624;F;53;IL;SAFETY BELT USED;DID NOT DEPLOY;NONE;NO INDICATION OF INJURY;NONE;NOT OBSCURED;NORMAL;TEST NOT OFFERED;;;DRIVER;;;;;;;;
f1caa5e18cbb5d118942a59ca539a54a0961431b59983eaa1f563f13deb2e0c7c4e345c1aa58c8577695b00442632d9d01df7d0e3188924e9d9c4428ad53b50c;P462202;1996127;2025-06-26 15:51:00;CHICAGO;IL;60612;F;46;;SAFETY BELT USED;NOT APPLICABLE;NONE;NO INDICATION OF INJURY;;;;;;;PASSENGER;;;;;;;;
229511c28d8682df70e3be2e98529ea4c8ac03f6915bf8db3e1d513cde63bec579dc6049d34a8ac91c1efdabad74d1736f60c68ca7aee9e1f12f469799813014;O2094069;1996327;2025-06-26 15:50:00;CHICAGO;IL;60616;M;70;IL;SAFETY BELT USED;NOT APPLICABLE;NONE;NO INDICATION OF INJURY;UNKNOWN;NOT OBSCURED;NORMAL;TEST NOT OFFERED;;;DRIVER;;;;;;;;
229511c28d8682df70e3be2e98529ea4c8ac03f6915bf8db3e1d513cde63bec579dc6049d34a8ac91c1efdabad74d1736f60c68ca7aee9e1f12f469799813014;O2094070;1996317;2025-06-26 15:50:00;;;;F;;;USAGE UNKNOWN;DEPLOYMENT UNKNOWN;NONE;NO INDICATION OF INJURY;NONE;UNKNOWN;UNKNOWN;TEST NOT OFFERED;;;DRIVER;;;;;;;;
61be7f6a0210ffb7aed789b6437ffe985d9a62cd336bdad0f9a91be5863448cfa05a2f776d381ceac8cf1f777156f4e2bcf27e368b02ec19f6505c9fe92d2929;O2093891;1996148;2025-06-26 15:50:00;;;;F;;;USAGE UNKNOWN;DEPLOYMENT UNKNOWN;UNKNOWN;NO INDICATION OF INJURY;FAILED TO YIELD;UNKNOWN;UNKNOWN;TEST NOT OFFERED;;;DRIVER;;;;;;;;
61be7f6a0210ffb7aed789b6437ffe985d9a62cd336bdad0f9a91be5863448cfa05a2f776d381ceac8cf1f777156f4e2bcf27e368b02ec19f6505c9fe92d2929;O2093892;1996155;2025-06-26 15:50:00;CHICAGO;IL;60623;M;25;IL;SAFETY BELT NOT USED;NOT APPLICABLE;NONE;NO INDICATION OF INJURY;NONE;NOT OBSCURED;NORMAL;TEST NOT OFFERED;;;DRIVER;;;;;;;;
61be7f6a0210ffb7aed789b6437ffe985d9a62cd336bdad0f9a91be5863448cfa05a2f776d381ceac8cf1f777156f4e2bcf27e368b02ec19f6505c9fe92d2929;P462209;1996155;2025-06-26 15:50:00;CHICAGO;IL;60623;F;22;;SAFETY BELT USED;NOT APPLICABLE;NONE;NO INDICATION OF INJURY;;;;;;;PASSENGER;;;;;;;;
bf4e36b29e446c8a5b4fa5dcb8363835ec70a405c7fed184d442b7dfde541146eb37c16274006615d08642a62ee13840d27d219aab6a8e615ad4640a93e28b33;O2093923;1996160;2025-06-26 15:50:00;CHICAGO;IL;60626;M;30;IL;SAFETY BELT USED;NOT APPLICABLE;NONE;NO INDICATION OF INJURY;UNKNOWN;NOT OBSCURED;UNKNOWN;TEST NOT OFFERED;;;DRIVER;;;;;;;;
bf4e36b29e446c8a5b4fa5dcb8363835ec70a405c7fed184d442b7dfde541146eb37c16274006615d08642a62ee13840d27d219aab6a8e615ad4640a93e28b33;O2093924;1996165;2025-06-26 15:50:00;CHICAGO;IL;60660;F;28;IL;SAFETY BELT USED;NOT APPLICABLE;NONE;NO INDICATION OF INJURY;NONE;NOT OBSCURED;UNKNOWN;TEST NOT OFFERED;;;DRIVER;;;;;;;;
e28795560e2107874e9de5f4af985cac756c9bf3fc39987827248d2e31d214d148450aed7505b6af992b9932c1db916e4e8edb0e3ac64aa1ee2faaecbf0bf904;O2093915;1996152;2025-06-26 15:48:00;;;;M;;;USAGE UNKNOWN;DEPLOYMENT UNKNOWN;NONE;NO INDICATION OF INJURY;CELL PHONE USE OTHER THAN TEXTING;UNKNOWN;UNKNOWN;TEST NOT OFFERED;;;DRIVER;;;;;;;;
e28795560e2107874e9de5f4af985cac756c9bf3fc39987827248d2e31d214d148450aed7505b6af992b9932c1db916e4e8edb0e3ac64aa1ee2faaecbf0bf904;O2093916;1996158;2025-06-26 15:48:00;HOLLAND;MI;49424;M;28;MI;NONE PRESENT;DID NOT DEPLOY;NONE;NO INDICATION OF INJURY;NONE;NOT OBSCURED;NORMAL;TEST NOT OFFERED;;;DRIVER;;;;;;;;
6321b6fce4b741036b293d26363044e48b6e420db862fca0f9ce163133fec8173f6af5008a7047f6326db9ec9c18c0f271a190689e68540a6ea2d5bcb8aa97cb;O2093907;1996142;2025-06-26 15:45:00;CHICAGO;IL;60657;M;26;IL;USAGE UNKNOWN;DEPLOYMENT UNKNOWN;UNKNOWN;NO INDICATION OF INJURY;UNKNOWN;UNKNOWN;UNKNOWN;TEST NOT OFFERED;;;DRIVER;;;;;;;;
6321b6fce4b741036b293d26363044e48b6e420db862fca0f9ce163133fec8173f6af5008a7047f6326db9ec9c18c0f271a190689e68540a6ea2d5bcb8aa97cb;O2093908;1996150;2025-06-26 15:45:00;EVANSTON;IL;60201;M;54;IL;USAGE UNKNOWN;DEPLOYMENT UNKNOWN;UNKNOWN;NO INDICATION OF INJURY;UNKNOWN;UNKNOWN;UNKNOWN;TEST NOT OFFERED;;;DRIVER;;;;;;;;
8c8cbcd56de530aa7cab98519bbe7dcde9d7532ea018d633989c8489fcefa8eac8abeadb636fe5ea8a69ad2ada3e592a4ffb293fe6f06da96339c39647f37f54;O2093948;1996196;2025-06-26 15:45:00;;;;M;;;USAGE UNKNOWN;DEPLOYMENT UNKNOWN;NONE;NO INDICATION OF INJURY;UNKNOWN;UNKNOWN;UNKNOWN;TEST NOT OFFERED;;;DRIVER;;;;;;;;
8c8cbcd56de530aa7cab98519bbe7dcde9d7532ea018d633989c8489fcefa8eac8abeadb636fe5ea8a69ad2ada3e592a4ffb293fe6f06da96339c39647f37f54;O2093949;1996202;2025-06-26 15:45:00;CHGO;IL;60707;F;49;IL;SAFETY BELT USED;DID NOT DEPLOY;NONE;REPORTED, NOT EVIDENT;NONE;NOT OBSCURED;NORMAL;TEST NOT OFFERED;;;DRIVER;;;;;;;;
8ce87e099d0bea8c30829627f7a175e920053fc74b30d9ca53b98124da1995dd642086e38fac6d881dd64a3a198f2c657ab16d60e44bc5844195b60555f3d340;O2093889;1996125;2025-06-26 15:41:00;CHICAGO;IL;60643;M;0;IL;SAFETY BELT USED;DID NOT DEPLOY;NONE;NO INDICATION OF INJURY;IMPROPER PASSING;NOT OBSCURED;NORMAL;TEST NOT OFFERED;;;DRIVER;;;;;;;;
8ce87e099d0bea8c30829627f7a175e920053fc74b30d9ca53b98124da1995dd642086e38fac6d881dd64a3a198f2c657ab16d60e44bc5844195b60555f3d340;O2093890;1996138;2025-06-26 15:41:00;JOLIET;IL;60436;M;39;IL;SAFETY BELT USED;NOT APPLICABLE;NONE;NO INDICATION OF INJURY;NONE;NOT OBSCURED;NORMAL;TEST NOT OFFERED;;;DRIVER;;;;;;;;
8f330741d5e2c8d60a0f0160454ffeefc8545a794784743b7d6d90eccc6ad3949bfaf68169c6c10c4e654a3e57cc777dac7fd9d8156a708f22d621fa8c3a5ade;O2093911;1996144;2025-06-26 15:40:00;;;;M;;;USAGE UNKNOWN;DEPLOYMENT UNKNOWN;NONE;NO INDICATION OF INJURY;FAILED TO YIELD;UNKNOWN;UNKNOWN;TEST NOT OFFERED;;;DRIVER;;;;;;;;
8f330741d5e2c8d60a0f0160454ffeefc8545a794784743b7d6d90eccc6ad3949bfaf68169c6c10c4e654a3e57cc777dac7fd9d8156a708f22d621fa8c3a5ade;O2093912;1996151;2025-06-26 15:40:00;CHICAGO;IL;60608;M;58;IL;USAGE UNKNOWN;NOT APPLICABLE;NONE;NO INDICATION OF INJURY;NONE;NOT OBSCURED;NORMAL;TEST NOT OFFERED;;;DRIVER;;;;;;;;
c56410abf890951fde6ed8f157a2e4591ce02c3809ecfe1e71cb70923cf8594c70b6df8a2f0e685153b516f0a8460db7f5e4ea775b414a086e8b5cb5e9ae0e62;O2093931;1996172;2025-06-26 15:35:00;HOMER GLEN;IL;60491;M;26;;SAFETY BELT USED;NOT APPLICABLE;NONE;NO INDICATION OF INJURY;IMPROPER LANE CHANGE;UNKNOWN;NORMAL;TEST NOT OFFERED;;;DRIVER;;;;;;;;
c56410abf890951fde6ed8f157a2e4591ce02c3809ecfe1e71cb70923cf8594c70b6df8a2f0e685153b516f0a8460db7f5e4ea775b414a086e8b5cb5e9ae0e62;O2093932;1996182;2025-06-26 15:35:00;EVANSTON;IL;60201;M;54;IL;SAFETY BELT USED;NOT APPLICABLE;NONE;NO INDICATION OF INJURY;NONE;NOT OBSCURED;NORMAL;TEST NOT OFFERED;;;DRIVER;;;;;;;;
dd0fe1b7a4bcb057a713e176fd4cf4ca57092e07055c09305c65216ee4c5e8e0df8a7ee47aea37301f8d68df6d511c8079b3102603cb2136a0b2ce0b4d2c9664;O2093925;1996167;2025-06-26 15:35:00;;;;F;;;USAGE UNKNOWN;DEPLOYMENT UNKNOWN;NONE;NO INDICATION OF INJURY;UNKNOWN;UNKNOWN;UNKNOWN;TEST NOT OFFERED;;;DRIVER;;;;;;;;
dd0fe1b7a4bcb057a713e176fd4cf4ca57092e07055c09305c65216ee4c5e8e0df8a7ee47aea37301f8d68df6d511c8079b3102603cb2136a0b2ce0b4d2c9664;O2093926;1996180;2025-06-26 15:35:00;CHICAGO;IL;60640;F;32;IL;USAGE UNKNOWN;NOT APPLICABLE;NONE;NO INDICATION OF INJURY;NONE;NOT OBSCURED;NORMAL;TEST NOT OFFERED;;;DRIVER;;;;;;;;
4fe22b9a87efc3595920c308cd6e0f4c0f5d246c460abb5c4be30e2bffccced97bdca4425b7c5dc2c9acf776b1f9bab580b6ca8a067274e341376a642b3038e8;O2094012;1996246;2025-06-26 15:32:00;WORTH;IL;60482;M;53;IL;NONE PRESENT;NOT APPLICABLE;NONE;NO INDICATION OF INJURY;FAILED TO YIELD;OTHER;NORMAL;TEST NOT OFFERED;;;DRIVER;;;;;;;;
4fe22b9a87efc3595920c308cd6e0f4c0f5d246c460abb5c4be30e2bffccced97bdca4425b7c5dc2c9acf776b1f9bab580b6ca8a067274e341376a642b3038e8;O2094013;1996258;2025-06-26 15:32:00;CHICAGO;IL;60629;F;18;IL;NONE PRESENT;NOT APPLICABLE;NONE;NO INDICATION OF INJURY;OTHER;UNKNOWN;NORMAL;TEST NOT OFFERED;;;DRIVER;;;;;;;;
f7e1d62d3fdc219050a7b46700bf6ebe0a404afa3ad13d64125288090b404c5f6b545eff01a8666f12ea9b2968d436523ebd8bd89a5f2a62eddd29d74be8801c;O2094040;1996280;2025-06-26 15:32:00;STICKNEY;IL;60638;M;44;IL;USAGE UNKNOWN;NOT APPLICABLE;NONE;NO INDICATION OF INJURY;OTHER;UNKNOWN;NORMAL;TEST NOT OFFERED;;;DRIVER;;;;;;;;
f7e1d62d3fdc219050a7b46700bf6ebe0a404afa3ad13d64125288090b404c5f6b545eff01a8666f12ea9b2968d436523ebd8bd89a5f2a62eddd29d74be8801c;O2094041;1996288;2025-06-26 15:32:00;CHICAGO;IL;60623;F;22;IL;USAGE UNKNOWN;NOT APPLICABLE;NONE;REPORTED, NOT EVIDENT;NONE;UNKNOWN;NORMAL;TEST NOT OFFERED;;;DRIVER;;;;;;;;
4b182d568b620ea1c8952d34649ac10ae94bb04ec65cee134caaa9c28cf5b2f0a638003b9b58f0f43d060e6c5f827f43b2a4348372b54ff8c68d05bb2dcfebdc;O2094307;1996536;2025-06-26 15:30:00;;;;X;;;USAGE UNKNOWN;DEPLOYMENT UNKNOWN;UNKNOWN;NO INDICATION OF INJURY;UNKNOWN;UNKNOWN;UNKNOWN;TEST NOT OFFERED;;;DRIVER;;;;;;;;
6bacef318924dc786063a236c6b3d770e205a3c8a3a70d5fc01723bb193ee2ae62bc71f001eda52ae1c89181c61b170d149b289396ad2775f0bdb3d45caa299e;O2094760;1996973;2025-06-26 15:30:00;;;;X;;XX;USAGE UNKNOWN;DEPLOYMENT UNKNOWN;NONE;NO INDICATION OF INJURY;UNKNOWN;UNKNOWN;UNKNOWN;TEST NOT OFFERED;;;DRIVER;;;;;;;;
6bacef318924dc786063a236c6b3d770e205a3c8a3a70d5fc01723bb193ee2ae62bc71f001eda52ae1c89181c61b170d149b289396ad2775f0bdb3d45caa299e;O2094761;1996986;2025-06-26 15:30:00;CHICAGO;IL;60619;F;46;IL;USAGE UNKNOWN;DID NOT DEPLOY;NONE;NO INDICATION OF INJURY;UNKNOWN;UNKNOWN;UNKNOWN;TEST NOT OFFERED;;;DRIVER;;;;;;;;
f49a705f9650cfef14376675f0bdd1d56bc5eb9422832d5e8acedf6f72d6bb901bfec34dfb6845eec0da2501d46815036803905f9792fc1aada5478e6ae00423;O2093875;1996109;2025-06-26 15:27:00;;;;M;;;USAGE UNKNOWN;DEPLOYMENT UNKNOWN;UNKNOWN;NO INDICATION OF INJURY;UNKNOWN;UNKNOWN;UNKNOWN;TEST NOT OFFERED;;;DRIVER;;;;;;;;
f49a705f9650cfef14376675f0bdd1d56bc5eb9422832d5e8acedf6f72d6bb901bfec34dfb6845eec0da2501d46815036803905f9792fc1aada5478e6ae00423;O2093876;1996110;2025-06-26 15:27:00;BUFFALO GROVE;IL;60089;M;23;IL;SAFETY BELT USED;NOT APPLICABLE;NONE;NO INDICATION OF INJURY;UNKNOWN;NOT OBSCURED;UNKNOWN;TEST NOT OFFERED;;;DRIVER;;;;;;;;
2b6179db52d841a416f7a0cc0c490ea0de2a68ff77070df678f07e2dde81ea405119dc0293822db171eb4fc8a6e83d595c9dfbf9a6c43a95801810337f9cc35e;O2093893;1996126;2025-06-26 15:22:00;EVANSTON;IL;60202;F;36;IL;USAGE UNKNOWN;NOT APPLICABLE;NONE;NO INDICATION OF INJURY;FAILED TO YIELD;UNKNOWN;NORMAL;TEST NOT OFFERED;;;DRIVER;;;;;;;;
2b6179db52d841a416f7a0cc0c490ea0de2a68ff77070df678f07e2dde81ea405119dc0293822db171eb4fc8a6e83d595c9dfbf9a6c43a95801810337f9cc35e;O2093894;;2025-06-26 15:22:00;CHICAGO;IL;60626;F;14;;HELMET NOT USED;;PARTIALLY EJECTED;NONINCAPACITATING INJURY;UNKNOWN;NOT OBSCURED;NORMAL;TEST NOT OFFERED;;;BICYCLE;;;ST FRANCIS;;CFD;;;
230d8719790503cb04ca856016734bfe683f13f8a1d8fee824d1bd433dc0059f47c07a4e65d8f484dcebcd7c72511ba84b8a112f1640e9783d22884188f35048;O2093903;1996137;2025-06-26 15:19:00;CHICAGO;IL;60629;F;50;IL;SAFETY BELT USED;NOT APPLICABLE;NONE;NO INDICATION OF INJURY;OTHER;NOT OBSCURED;NORMAL;TEST NOT OFFERED;;;DRIVER;;;;;;;;
230d8719790503cb04ca856016734bfe683f13f8a1d8fee824d1bd433dc0059f47c07a4e65d8f484dcebcd7c72511ba84b8a112f1640e9783d22884188f35048;O2093904;1996146;2025-06-26 15:19:00;CHICAGO;IL;60609;M;57;IL;SAFETY BELT USED;NOT APPLICABLE;NONE;NO INDICATION OF INJURY;NONE;NOT OBSCURED;NORMAL;TEST NOT OFFERED;;;DRIVER;;;;;;;;
12faaf9d7a16d9e73751bb59f19d9794ffd831a71ce4ee32bdb8687477d903039f41163cdd426d91e25414821dd1db22cbe03498736d9cfc9b9a96f7343eef3d;O2093899;1996130;2025-06-26 15:15:00;CHICAGO;IL;;M;25;IL;SAFETY BELT USED;NOT APPLICABLE;NONE;NO INDICATION OF INJURY;IMPROPER LANE CHANGE;NOT OBSCURED;NORMAL;TEST NOT OFFERED;;;DRIVER;;;;;;;;
12faaf9d7a16d9e73751bb59f19d9794ffd831a71ce4ee32bdb8687477d903039f41163cdd426d91e25414821dd1db22cbe03498736d9cfc9b9a96f7343eef3d;O2093900;1996134;2025-06-26 15:15:00;FESTUS;MO;63020;M;;MO;USAGE UNKNOWN;NOT APPLICABLE;NONE;NO INDICATION OF INJURY;NONE;UNKNOWN;NORMAL;TEST NOT OFFERED;;;DRIVER;;;;;;;;
9de4fba30404c760135f5d85c8959b4141b519e4c4382772cf92d70c5e8c0347bfadf4962092570d966eb9f57c00d25787b1ac39b310c0e3a92ca702a027ea5c;O2093998;1996252;2025-06-26 15:15:00;;;;M;;;USAGE UNKNOWN;DEPLOYMENT UNKNOWN;NONE;NO INDICATION OF INJURY;UNKNOWN;UNKNOWN;UNKNOWN;TEST NOT OFFERED;;;DRIVER;;;;;;;;
9de4fba30404c760135f5d85c8959b4141b519e4c4382772cf92d70c5e8c0347bfadf4962092570d966eb9f57c00d25787b1ac39b310c0e3a92ca702a027ea5c;O2093999;1996295;2025-06-26 15:15:00;OSWEGO;IL;60543;M;50;IL;USAGE UNKNOWN;DID NOT DEPLOY;NONE;REPORTED, NOT EVIDENT;OTHER;UNKNOWN;UNKNOWN;TEST NOT OFFERED;;;DRIVER;;;;;;;;
29d68b3572ef1dd3782da175375bb163b3371c9990115361ffca3df0848e724faa204718fecdb3d2eb872c5d51affbbaf4a4cc550405803fde0f31d68737c07b;O2094048;1996276;2025-06-26 15:00:00;CHICAGO;IL;60649;M;25;;SAFETY BELT USED;NOT APPLICABLE;NONE;NO INDICATION OF INJURY;UNKNOWN;UNKNOWN;NORMAL;TEST NOT OFFERED;;;DRIVER;;;;;;;;
29d68b3572ef1dd3782da175375bb163b3371c9990115361ffca3df0848e724faa204718fecdb3d2eb872c5d51affbbaf4a4cc550405803fde0f31d68737c07b;O2094049;1996285;2025-06-26 15:00:00;CHICAGO;IL;60649;F;22;IL;SAFETY BELT USED;NOT APPLICABLE;NONE;REPORTED, NOT EVIDENT;NONE;UNKNOWN;NORMAL;TEST NOT OFFERED;;;DRIVER;;;;;;;;
29d68b3572ef1dd3782da175375bb163b3371c9990115361ffca3df0848e724faa204718fecdb3d2eb872c5d51affbbaf4a4cc550405803fde0f31d68737c07b;O2094060;1996289;2025-06-26 15:00:00;FRANKLIN PARK;IL;60131;F;62;IL;SAFETY BELT USED;NOT APPLICABLE;NONE;REPORTED, NOT EVIDENT;NONE;UNKNOWN;NORMAL;TEST NOT OFFERED;;;DRIVER;;;;;;;;
29d68b3572ef1dd3782da175375bb163b3371c9990115361ffca3df0848e724faa204718fecdb3d2eb872c5d51affbbaf4a4cc550405803fde0f31d68737c07b;P462234;1996289;2025-06-26 15:00:00;BROADVIEW;IL;60155;F;45;;SAFETY BELT USED;NOT APPLICABLE;NONE;REPORTED, NOT EVIDENT;;;;;;;PASSENGER;;;;;;;;
3e789fe6085281c48b8e9e506e76cc13d5a346556a4172d593159ada22ab9c0c372b6d8a028c3c2ef4c502070491abcd0fd77c8a97b4d2b8d0d149bd5899dea9;O2094404;1996625;2025-06-26 15:00:00;;;;X;;;USAGE UNKNOWN;DEPLOYMENT UNKNOWN;UNKNOWN;NO INDICATION OF INJURY;UNKNOWN;UNKNOWN;UNKNOWN;TEST NOT OFFERED;;;DRIVER;;;;;;;;
43212808a4acef398914bf1b8eb37e53ed47ee971fdde9b8be9fe78fbd8f6fdca18d1d057c586012f9bf632ff7a531e8ac68f18c9cf3b3ba4e523630efa5b397;O2093877;1996117;2025-06-26 15:00:00;;;;M;;;USAGE UNKNOWN;DEPLOYMENT UNKNOWN;UNKNOWN;NO INDICATION OF INJURY;IMPROPER TURN;UNKNOWN;UNKNOWN;TEST NOT OFFERED;;;DRIVER;;;;;;;;
43212808a4acef398914bf1b8eb37e53ed47ee971fdde9b8be9fe78fbd8f6fdca18d1d057c586012f9bf632ff7a531e8ac68f18c9cf3b3ba4e523630efa5b397;O2093878;1996122;2025-06-26 15:00:00;CHICAGO;IL;60617;F;35;IL;SAFETY BELT USED;NOT APPLICABLE;NONE;NO INDICATION OF INJURY;NONE;NOT OBSCURED;NORMAL;TEST NOT OFFERED;;;DRIVER;;;;;;;;
448533428f5938f7cec618b7c10d65cca7ab36a5d2077c03b9688579e057f965ab9d3a15104309eacddbf4c0212834b207101f4fd849353b958ae440cca20ca7;O2093873;1996113;2025-06-26 15:00:00;CHICAGO;IL;60660;F;41;IL;NONE PRESENT;DID NOT DEPLOY;NONE;NO INDICATION OF INJURY;UNKNOWN;UNKNOWN;UNKNOWN;TEST REFUSED;;;DRIVER;;;;;;;;
448533428f5938f7cec618b7c10d65cca7ab36a5d2077c03b9688579e057f965ab9d3a15104309eacddbf4c0212834b207101f4fd849353b958ae440cca20ca7;O2093874;1996131;2025-06-26 15:00:00;CHICAGO;IL;60603;F;61;IL;NONE PRESENT;DID NOT DEPLOY;NONE;NO INDICATION OF INJURY;NONE;NOT OBSCURED;NORMAL;TEST REFUSED;;;DRIVER;;;;;;;;
5355d9c19b3e9f6c05d0520e7c8a7cfd6f12da02de5e80013cf4674d6fa890cf7bd28c239c7e15b7883d26e87e310dc3e31f34351ff66d3d97938cb05a7f6949;O2094157;1996426;2025-06-26 15:00:00;EVANSTON;IL;60201;F;49;IL;USAGE UNKNOWN;DEPLOYMENT UNKNOWN;NONE;NO INDICATION OF INJURY;UNKNOWN;UNKNOWN;UNKNOWN;TEST NOT OFFERED;;;DRIVER;;;;;;;;
5355d9c19b3e9f6c05d0520e7c8a7cfd6f12da02de5e80013cf4674d6fa890cf7bd28c239c7e15b7883d26e87e310dc3e31f34351ff66d3d97938cb05a7f6949;O2094227;;2025-06-26 15:00:00;CHICAGO;IL;60641;F;43;;NONE PRESENT;;;NONINCAPACITATING INJURY;;;UNKNOWN;TEST NOT OFFERED;;;PEDESTRIAN;;;COOK COUNTY STROGER;;CFD;;;
5afed9e3555520f7615f68e59f11401e1f1dcbd656d01ba2186b31dfe72f073aaca48aff4513f4cc7b9ef6b62551a4b85c9d0e2c6e15796aac12c2ea1ba5d5e8;O2093852;1996084;2025-06-26 15:00:00;CHICAGO;IL;60639;M;52;IL;USAGE UNKNOWN;NOT APPLICABLE;NONE;NO INDICATION OF INJURY;FAILED TO YIELD;UNKNOWN;NORMAL;TEST NOT OFFERED;;;DRIVER;;;;;;;;
5afed9e3555520f7615f68e59f11401e1f1dcbd656d01ba2186b31dfe72f073aaca48aff4513f4cc7b9ef6b62551a4b85c9d0e2c6e15796aac12c2ea1ba5d5e8;O2093853;1996091;2025-06-26 15:00:00;CHICAGO;IL;60639;F;44;IL;USAGE UNKNOWN;NOT APPLICABLE;NONE;NO INDICATION OF INJURY;NONE;UNKNOWN;NORMAL;TEST NOT OFFERED;;;DRIVER;;;;;;;;
5afed9e3555520f7615f68e59f11401e1f1dcbd656d01ba2186b31dfe72f073aaca48aff4513f4cc7b9ef6b62551a4b85c9d0e2c6e15796aac12c2ea1ba5d5e8;P462193;1996091;2025-06-26 15:00:00;;;;M;;;USAGE UNKNOWN;NOT APPLICABLE;NONE;NO INDICATION OF INJURY;;;;;;;PASSENGER;;;;;;;;
5afed9e3555520f7615f68e59f11401e1f1dcbd656d01ba2186b31dfe72f073aaca48aff4513f4cc7b9ef6b62551a4b85c9d0e2c6e15796aac12c2ea1ba5d5e8;P462194;1996091;2025-06-26 15:00:00;;;;M;;;USAGE UNKNOWN;NOT APPLICABLE;NONE;NO INDICATION OF INJURY;;;;;;;PASSENGER;;;;;;;;
665af6cc55bbb05d79dc31ed84ba8fecbcda518adba240d6711813469f5306baca8ff3fe3e51bda33a5d9571a80e4f510021dee3414c0b45926e58500188be12;O2093871;1996106;2025-06-26 15:00:00;CHICAGO;IL;60615;M;25;IL;USAGE UNKNOWN;DEPLOYMENT UNKNOWN;NONE;NO INDICATION OF INJURY;FAILED TO YIELD;NOT OBSCURED;NORMAL;TEST NOT OFFERED;;;DRIVER;;;;;;;;
665af6cc55bbb05d79dc31ed84ba8fecbcda518adba240d6711813469f5306baca8ff3fe3e51bda33a5d9571a80e4f510021dee3414c0b45926e58500188be12;O2093872;1996111;2025-06-26 15:00:00;LYNWOOD;IL;60411;F;29;IL;USAGE UNKNOWN;DEPLOYMENT UNKNOWN;NONE;NO INDICATION OF INJURY;NONE;NOT OBSCURED;NORMAL;TEST NOT OFFERED;;;DRIVER;;;;;;;;
665af6cc55bbb05d79dc31ed84ba8fecbcda518adba240d6711813469f5306baca8ff3fe3e51bda33a5d9571a80e4f510021dee3414c0b45926e58500188be12;P462197;1996106;2025-06-26 15:00:00;CHICAGO;IL;60615;F;25;;USAGE UNKNOWN;DID NOT DEPLOY;NONE;NONINCAPACITATING INJURY;;;;;;;PASSENGER;;;UNIVERSITY OF CHICAGO;38;CFD;;;
84053cadbf5f9954916375ddb2675b50b738ef6f48fadaa3c032ffcbf4003cacf8d6f3450f0ec95a74e46273a6e80e8e5ee24bcf4aadaa900f658624db25f314;O2093883;1996145;2025-06-26 14:58:00;CHICAGO;IL;60640;M;24;IL;USAGE UNKNOWN;DEPLOYMENT UNKNOWN;NONE;NO INDICATION OF INJURY;FOLLOWED TOO CLOSELY;UNKNOWN;UNKNOWN;TEST NOT OFFERED;;;DRIVER;;;;;;;;
84053cadbf5f9954916375ddb2675b50b738ef6f48fadaa3c032ffcbf4003cacf8d6f3450f0ec95a74e46273a6e80e8e5ee24bcf4aadaa900f658624db25f314;O2093884;1996154;2025-06-26 14:58:00;CHICAGO;IL;60634;F;37;IL;SAFETY BELT USED;DID NOT DEPLOY;NONE;NO INDICATION OF INJURY;NONE;NOT OBSCURED;NORMAL;TEST NOT OFFERED;;;DRIVER;;;;;;;;
84053cadbf5f9954916375ddb2675b50b738ef6f48fadaa3c032ffcbf4003cacf8d6f3450f0ec95a74e46273a6e80e8e5ee24bcf4aadaa900f658624db25f314;P462205;1996154;2025-06-26 14:58:00;CHICAGO;IL;60634;M;13;;SAFETY BELT USED;NOT APPLICABLE;NONE;NO INDICATION OF INJURY;;;;;;;PASSENGER;;;;;;;;
7b3ce87122217fda9f23a00f989eef08e151dc1c53bc968cda8cbc5368b6c24f7652414e2aefd16cd5d026f56d056e3dfb74721b2ff98d7878f4c7a9c2bab54c;O2093964;1996206;2025-06-26 14:57:00;CHICAGO;IL;60630;M;27;IL;USAGE UNKNOWN;NOT APPLICABLE;NONE;NO INDICATION OF INJURY;UNKNOWN;UNKNOWN;UNKNOWN;TEST NOT OFFERED;;;DRIVER;;;;;;;;
7b3ce87122217fda9f23a00f989eef08e151dc1c53bc968cda8cbc5368b6c24f7652414e2aefd16cd5d026f56d056e3dfb74721b2ff98d7878f4c7a9c2bab54c;O2093965;1996226;2025-06-26 14:57:00;CHICAGO;IL;60630;F;68;IL;NONE PRESENT;NOT APPLICABLE;NONE;NO INDICATION OF INJURY;NONE;UNKNOWN;NORMAL;TEST NOT OFFERED;;;DRIVER;;;;;;;;
552bc2d21f1facd3ef2bdf8a1b0a3b3ac1bfa7bf201c704acf38848f90f8ce50bd85a546b068bdc4c38d1267eb73668895a773b89864be9e00b37a442b4e12a3;O2093868;1996101;2025-06-26 14:52:00;CHICAGO;IL;;M;;;USAGE UNKNOWN;DEPLOYMENT UNKNOWN;NONE;NO INDICATION OF INJURY;FOLLOWED TOO CLOSELY;UNKNOWN;UNKNOWN;TEST NOT OFFERED;;;DRIVER;;;;;;;;
552bc2d21f1facd3ef2bdf8a1b0a3b3ac1bfa7bf201c704acf38848f90f8ce50bd85a546b068bdc4c38d1267eb73668895a773b89864be9e00b37a442b4e12a3;O2093869;1996108;2025-06-26 14:52:00;SUMMIT;IL;60501;F;40;IL;SAFETY BELT USED;NOT APPLICABLE;NONE;REPORTED, NOT EVIDENT;NONE;NOT OBSCURED;NORMAL;TEST NOT OFFERED;;;DRIVER;;;;;;;;
552bc2d21f1facd3ef2bdf8a1b0a3b3ac1bfa7bf201c704acf38848f90f8ce50bd85a546b068bdc4c38d1267eb73668895a773b89864be9e00b37a442b4e12a3;O2093870;1996115;2025-06-26 14:52:00;LYONS;IL;60534;M;40;IL;SAFETY BELT USED;NOT APPLICABLE;NONE;REPORTED, NOT EVIDENT;NONE;NOT OBSCURED;NORMAL;TEST NOT OFFERED;;;DRIVER;;;;;;;;
eb3acd853295b9807316bb8972027afa949be0490d55ddfbc70e54578f87f0e81a82efc7336f3c8143a3ff62e1698ff7c1f864e43e632f501400c43748ea4e46;O2093836;1996072;2025-06-26 14:47:00;CHICAGO;IL;60639;M;30;IL;SAFETY BELT NOT USED;DID NOT DEPLOY;NONE;NO INDICATION OF INJURY;FAILED TO YIELD;UNKNOWN;NORMAL;TEST NOT OFFERED;;;DRIVER;;;;;;;;
eb3acd853295b9807316bb8972027afa949be0490d55ddfbc70e54578f87f0e81a82efc7336f3c8143a3ff62e1698ff7c1f864e43e632f501400c43748ea4e46;O2093837;;2025-06-26 14:47:00;GURNEE;IL;60031;M;37;;BICYCLE HELMET (PEDACYCLIST INVOLVED ONLY);;NONE;NO INDICATION OF INJURY;NONE;UNKNOWN;NORMAL;TEST NOT OFFERED;;;BICYCLE;;;;;;;;
4fed4d33c2f863c951131d4f0fe7f2c2c860934e0a41727cb56c67e9c97e4b1d378f5bc0a38e14f1f35c0c641db572e141f49c9b4a8486484380a331838dfb74;O2093848;1996135;2025-06-26 14:40:00;CHICAGO;IL;60609;F;19;IL;USAGE UNKNOWN;DEPLOYED, COMBINATION;NONE;NONINCAPACITATING INJURY;OTHER;UNKNOWN;UNKNOWN;TEST NOT OFFERED;;;DRIVER;;;;;;;;
4fed4d33c2f863c951131d4f0fe7f2c2c860934e0a41727cb56c67e9c97e4b1d378f5bc0a38e14f1f35c0c641db572e141f49c9b4a8486484380a331838dfb74;O2093849;1996124;2025-06-26 14:40:00;CHICAGO;IL;60621;M;18;IL;USAGE UNKNOWN;DEPLOYED, COMBINATION;NONE;NONINCAPACITATING INJURY;OTHER;UNKNOWN;NORMAL;TEST NOT OFFERED;;;DRIVER;;;;;;;;
3ba7d1bc4fd0c26bc53f344f07865c2ff0d68464a6fcc2815e030ca63ef48132ddf73c763ee40c4602f016246482a8401df8787402d129dd387a6225f681049d;O2093830;1996067;2025-06-26 14:39:00;CHICAGO;IL;60623;M;47;IL;SAFETY BELT USED;NOT APPLICABLE;NONE;NO INDICATION OF INJURY;UNKNOWN;UNKNOWN;UNKNOWN;TEST NOT OFFERED;;;DRIVER;;;;;;;;
3ba7d1bc4fd0c26bc53f344f07865c2ff0d68464a6fcc2815e030ca63ef48132ddf73c763ee40c4602f016246482a8401df8787402d129dd387a6225f681049d;O2093831;1996075;2025-06-26 14:39:00;CHICAGO;IL;60644;F;62;IL;SAFETY BELT USED;NOT APPLICABLE;NONE;NO INDICATION OF INJURY;UNKNOWN;UNKNOWN;UNKNOWN;TEST NOT OFFERED;;;DRIVER;;;;;;;;
47fa9664a86d3021b9a7f23af372ea18cbd6d694ded1babb59cd5a530c6eacca98457c24fff4023e0646035d923f383faacdcd36b171769a9b9e2fc71b2cd4b7;O2093856;1996096;2025-06-26 14:35:00;LOMBARD;IL;;M;35;IL;SAFETY BELT USED;DID NOT DEPLOY;NONE;NO INDICATION OF INJURY;NONE;NOT OBSCURED;NORMAL;TEST NOT OFFERED;;;DRIVER;;;;;;;;
47fa9664a86d3021b9a7f23af372ea18cbd6d694ded1babb59cd5a530c6eacca98457c24fff4023e0646035d923f383faacdcd36b171769a9b9e2fc71b2cd4b7;O2093857;1996103;2025-06-26 14:35:00;CHICAGO;IL;;M;37;IL;SAFETY BELT USED;DID NOT DEPLOY;NONE;NO INDICATION OF INJURY;NONE;NOT OBSCURED;NORMAL;TEST NOT OFFERED;;;DRIVER;;;;;;;;
37de670af19701a921028f721b1de343a9f4221f821adbc397b6a30ac84e5afacaa354a2ff00c8d58ce8f1e1dcd5cb317a058bfc22b334e409c52e52133a5ced;O2093919;1996161;2025-06-26 14:30:00;NILES;IL;60714;M;43;IL;SAFETY BELT USED;NOT APPLICABLE;NONE;NO INDICATION OF INJURY;FAILED TO YIELD;NOT OBSCURED;NORMAL;TEST NOT OFFERED;;;DRIVER;;;;;;;;
37de670af19701a921028f721b1de343a9f4221f821adbc397b6a30ac84e5afacaa354a2ff00c8d58ce8f1e1dcd5cb317a058bfc22b334e409c52e52133a5ced;O2093920;1996169;2025-06-26 14:30:00;COLUMBUS;MS;50000;F;35;MS;SAFETY BELT USED;NOT APPLICABLE;NONE;NO INDICATION OF INJURY;NONE;NOT OBSCURED;NORMAL;TEST NOT OFFERED;;;DRIVER;;;;;;;;
37de670af19701a921028f721b1de343a9f4221f821adbc397b6a30ac84e5afacaa354a2ff00c8d58ce8f1e1dcd5cb317a058bfc22b334e409c52e52133a5ced;O2093921;1996175;2025-06-26 14:30:00;CHICAGO;IL;60641;M;36;IL;SAFETY BELT USED;NOT APPLICABLE;NONE;NO INDICATION OF INJURY;NONE;NOT OBSCURED;NORMAL;TEST NOT OFFERED;;;DRIVER;;;;;;;;
37de670af19701a921028f721b1de343a9f4221f821adbc397b6a30ac84e5afacaa354a2ff00c8d58ce8f1e1dcd5cb317a058bfc22b334e409c52e52133a5ced;P462206;1996161;2025-06-26 14:30:00;GLENVIEW;IL;60025;M;44;;SAFETY BELT USED;NOT APPLICABLE;NONE;NO INDICATION OF INJURY;;;;;;;PASSENGER;;;;;;;;
37de670af19701a921028f721b1de343a9f4221f821adbc397b6a30ac84e5afacaa354a2ff00c8d58ce8f1e1dcd5cb317a058bfc22b334e409c52e52133a5ced;P462207;1996175;2025-06-26 14:30:00;CHICAGO;IL;60641;M;14;;SAFETY BELT USED;NOT APPLICABLE;NONE;NO INDICATION OF INJURY;;;;;;;PASSENGER;;;;;;;;
37de670af19701a921028f721b1de343a9f4221f821adbc397b6a30ac84e5afacaa354a2ff00c8d58ce8f1e1dcd5cb317a058bfc22b334e409c52e52133a5ced;P462208;1996175;2025-06-26 14:30:00;CHICAGO;IL;60641;F;33;;SAFETY BELT USED;NOT APPLICABLE;NONE;NO INDICATION OF INJURY;;;;;;;PASSENGER;;;;;;;;
6e853fac620dbb482ca31f80e23d75a754ca7528e46a089d97231d9297fd4feb3da4304b308655e9b4d89d7de9d414baed401c6546eb49deeb113b024afcf41e;O2094923;1997111;2025-06-26 14:29:00;CHGO;IL;60647;F;36;IL;SAFETY BELT USED;DID NOT DEPLOY;NONE;NO INDICATION OF INJURY;UNKNOWN;OTHER;NORMAL;TEST NOT OFFERED;;;DRIVER;;;;;;;;
6e853fac620dbb482ca31f80e23d75a754ca7528e46a089d97231d9297fd4feb3da4304b308655e9b4d89d7de9d414baed401c6546eb49deeb113b024afcf41e;O2094924;1997112;2025-06-26 14:29:00;CHGO;IL;60647;F;37;IL;SAFETY BELT USED;DID NOT DEPLOY;NONE;NO INDICATION OF INJURY;NONE;NOT OBSCURED;NORMAL;TEST NOT OFFERED;;;DRIVER;;;;;;;;
6e853fac620dbb482ca31f80e23d75a754ca7528e46a089d97231d9297fd4feb3da4304b308655e9b4d89d7de9d414baed401c6546eb49deeb113b024afcf41e;P462408;1997111;2025-06-26 14:29:00;CHGO;IL;60647;F;36;;SAFETY BELT USED;NOT APPLICABLE;NONE;NO INDICATION OF INJURY;;;;;;;PASSENGER;;;;;;;;
6e853fac620dbb482ca31f80e23d75a754ca7528e46a089d97231d9297fd4feb3da4304b308655e9b4d89d7de9d414baed401c6546eb49deeb113b024afcf41e;P462409;1997111;2025-06-26 14:29:00;;;;F;;;SAFETY BELT USED;DID NOT DEPLOY;NONE;NO INDICATION OF INJURY;;;;;;;PASSENGER;;;;;;;;
6e853fac620dbb482ca31f80e23d75a754ca7528e46a089d97231d9297fd4feb3da4304b308655e9b4d89d7de9d414baed401c6546eb49deeb113b024afcf41e;P462410;1997111;2025-06-26 14:29:00;;;;M;;;SAFETY BELT USED;DID NOT DEPLOY;NONE;NO INDICATION OF INJURY;;;;;;;PASSENGER;;;;;;;;
6e853fac620dbb482ca31f80e23d75a754ca7528e46a089d97231d9297fd4feb3da4304b308655e9b4d89d7de9d414baed401c6546eb49deeb113b024afcf41e;P462411;1997112;2025-06-26 14:29:00;CHGO;IL;60647;M;19;;SAFETY BELT USED;DID NOT DEPLOY;NONE;NO INDICATION OF INJURY;;;;;;;PASSENGER;;;;;;;;
6e853fac620dbb482ca31f80e23d75a754ca7528e46a089d97231d9297fd4feb3da4304b308655e9b4d89d7de9d414baed401c6546eb49deeb113b024afcf41e;P462412;1997112;2025-06-26 14:29:00;;;;M;;;SAFETY BELT USED;DID NOT DEPLOY;NONE;NO INDICATION OF INJURY;;;;;;;PASSENGER;;;;;;;;
3272d41cba462327b2558a13f0f005ff1685348d0186f8a079ff75e56e19e9fb0694b50871d7f9a3b69f7d4fa7331e7c8179b8be71c667b3a40de36afad35bec;O2094010;1996245;2025-06-26 14:25:00;;;;F;;;USAGE UNKNOWN;DEPLOYMENT UNKNOWN;NONE;NO INDICATION OF INJURY;UNKNOWN;UNKNOWN;UNKNOWN;TEST NOT OFFERED;;;DRIVER;;;;;;;;
3272d41cba462327b2558a13f0f005ff1685348d0186f8a079ff75e56e19e9fb0694b50871d7f9a3b69f7d4fa7331e7c8179b8be71c667b3a40de36afad35bec;O2094011;1996256;2025-06-26 14:25:00;WINNETKA;IL;60093;M;41;IL;SAFETY BELT USED;DID NOT DEPLOY;NONE;NO INDICATION OF INJURY;NONE;NOT OBSCURED;NORMAL;TEST NOT OFFERED;;;DRIVER;;;;;;;;
1682f2e56ddad81d3ccfa7608a3acd790378766c0a691755d401fb369029f2a282d12120b47292c2988af9565b5163448d2685744b18479e78537670a29f87d8;O2093828;1996061;2025-06-26 14:20:00;;;;M;;IL;SAFETY BELT USED;NOT APPLICABLE;NONE;NO INDICATION OF INJURY;NONE;UNKNOWN;NORMAL;TEST NOT OFFERED;;;DRIVER;;;;;;;;
1682f2e56ddad81d3ccfa7608a3acd790378766c0a691755d401fb369029f2a282d12120b47292c2988af9565b5163448d2685744b18479e78537670a29f87d8;O2093829;1996065;2025-06-26 14:20:00;;;;F;;IL;SAFETY BELT USED;NOT APPLICABLE;NONE;NO INDICATION OF INJURY;NONE;UNKNOWN;NORMAL;TEST NOT OFFERED;;;DRIVER;;;;;;;;
d8884cb793663b2e3992858afa2b2b994ffd8de318a312f2e416f1402375f62f5769a0e9039300efc479ed85f2af8787609d2543bc2ca4117dc8bd2278898845;O2093917;1996156;2025-06-26 14:15:00;;;;X;;XX;USAGE UNKNOWN;NOT APPLICABLE;NONE;NO INDICATION OF INJURY;UNKNOWN;UNKNOWN;UNKNOWN;TEST NOT OFFERED;;;DRIVER;;;;;;;;
6bbfff8741b428f1fbfefe4635f07849949b846debcd00ce91e77b6e9f58b16d3d222ca9d8030974ee048c99aea55252e1d7f0def1b135528ca98db5d57090de;O2093950;;2025-06-26 14:12:00;CHICAGO;IL;60638;M;30;;HELMET NOT USED;;UNKNOWN;NONINCAPACITATING INJURY;WRONG WAY/SIDE;UNKNOWN;NORMAL;TEST NOT OFFERED;;;BICYCLE;;;CHRIST HOSPITAL;;CFD#75;;;
6bbfff8741b428f1fbfefe4635f07849949b846debcd00ce91e77b6e9f58b16d3d222ca9d8030974ee048c99aea55252e1d7f0def1b135528ca98db5d57090de;O2093951;1996211;2025-06-26 14:12:00;BELLWOOD;IL;60104;M;33;IL;SAFETY BELT USED;DID NOT DEPLOY;NONE;NO INDICATION OF INJURY;OTHER;UNKNOWN;NORMAL;TEST NOT OFFERED;;;DRIVER;;;;;;;;
b1d19412c56389b5d556b73e78061dbe93da34c3493d7126dd5f0461beffa0833f384bd127053f162f3b87c53f2040aa5a4f6313abf8e412f7fe99467dd025e4;O2093864;1996100;2025-06-26 14:06:00;CHICAGO;IL;60629;M;49;IL;NONE PRESENT;NOT APPLICABLE;NONE;NO INDICATION OF INJURY;FOLLOWED TOO CLOSELY;NOT OBSCURED;NORMAL;TEST NOT OFFERED;;;DRIVER;;;;;;;;
b1d19412c56389b5d556b73e78061dbe93da34c3493d7126dd5f0461beffa0833f384bd127053f162f3b87c53f2040aa5a4f6313abf8e412f7fe99467dd025e4;O2093865;1996105;2025-06-26 14:06:00;NORTHBROOK;IL;60062;F;43;IL;SAFETY BELT USED;NOT APPLICABLE;NONE;NO INDICATION OF INJURY;NONE;NOT OBSCURED;NORMAL;TEST NOT OFFERED;;;DRIVER;;;;;;;;
06aab6a135c40af09be30305a1fa52dcc68f20ef36a931c561aaf9a2c847daea83659d63c6ff4bff595d773bba99e732d37817e34f4768b8be00aa3d208e4d5f;O2093895;1996143;2025-06-26 14:00:00;;;;F;;;USAGE UNKNOWN;NOT APPLICABLE;NONE;NO INDICATION OF INJURY;OTHER;UNKNOWN;UNKNOWN;TEST NOT OFFERED;;;DRIVER;;;;;;;;
06aab6a135c40af09be30305a1fa52dcc68f20ef36a931c561aaf9a2c847daea83659d63c6ff4bff595d773bba99e732d37817e34f4768b8be00aa3d208e4d5f;O2093896;1996162;2025-06-26 14:00:00;CHICAGO;IL;60619;F;45;IL;SAFETY BELT USED;NOT APPLICABLE;NONE;NO INDICATION OF INJURY;NONE;UNKNOWN;NORMAL;TEST NOT OFFERED;;;DRIVER;;;;;;;;
06aab6a135c40af09be30305a1fa52dcc68f20ef36a931c561aaf9a2c847daea83659d63c6ff4bff595d773bba99e732d37817e34f4768b8be00aa3d208e4d5f;P462203;1996143;2025-06-26 14:00:00;CHICAGO;IL;;F;;;SAFETY BELT USED;NOT APPLICABLE;NONE;REPORTED, NOT EVIDENT;;;;;;;PASSENGER;;;;;;;;
193f55c1c42034b00acbcf9d1ac4f6a1cfd66a604db35e9ef57ef967c04bf23c6ff10245815d4ea2949e53db540afc065d87755d527682702895ef4846e39ed3;O2093991;1996227;2025-06-26 14:00:00;CHICAGO;IL;60617;F;53;IL;USAGE UNKNOWN;DID NOT DEPLOY;NONE;NO INDICATION OF INJURY;FOLLOWED TOO CLOSELY;UNKNOWN;UNKNOWN;TEST NOT OFFERED;;;DRIVER;;;;;;;;
3a1c20095660c45cc5515270a59415948a1de0b28c62f8cd4f0e9dd32a3ec17fb0f38059edfcb6b5a4132afecdb9da8afa36ed81a1de896eaa88da7c5d74196f;O2093866;1996099;2025-06-26 14:00:00;;;;M;;;USAGE UNKNOWN;DEPLOYMENT UNKNOWN;NONE;NO INDICATION OF INJURY;UNKNOWN;UNKNOWN;UNKNOWN;TEST NOT OFFERED;;;DRIVER;;;;;;;;
3a1c20095660c45cc5515270a59415948a1de0b28c62f8cd4f0e9dd32a3ec17fb0f38059edfcb6b5a4132afecdb9da8afa36ed81a1de896eaa88da7c5d74196f;O2093867;1996107;2025-06-26 14:00:00;SAUK VILLAGE;IL;60411;M;36;IL;SAFETY BELT USED;NOT APPLICABLE;NONE;NO INDICATION OF INJURY;NONE;NOT OBSCURED;NORMAL;TEST NOT OFFERED;;;DRIVER;;;;;;;;
