"All crash data available using this tool represents reportable data collected from Texas Peace Officer's Crash Reports (CR-3) received and processed by the Texas Department of Transportation (Department) as of 04/08/2025. The Department makes no warranty, representation or guaranty as to the content, accuracy, timeliness or completeness of any of the information provided as a result of your query. Any opinions and conclusions resulting from analysis performed on the crash data must be represented as your own and not those of the State of Texas or the Department. "

"Query Result Counts:"
"Your query returned a total of 311 Crashes containing 605 Units and 737 Persons"

"Filters Applied to current Query:"
"Crash Date Is Between  2025-04-04 00:00 and 2025-04-07 23:59"
""


"Crash ID","$1000 Damage to Any One Person's Property","Agency","Case ID","City","Contributing Factors","County","Crash Date","Crash Severity","Fatal Crash Flag","Intersecting Street Number","Nearest Trauma Center","Nearest Trauma Center Distance","Region","Contributing Factor 1","Contributing Factor 2","Contributing Factor 3","Driver Zip Code","Lessee/Owner Zip Code","Vehicle Hit and Run Flag","VIN","Person Age","Person Gender","Person Injury Severity","Person Non-Suspected Serious Injury Count","Person Number","Physical Location of An Occupant"
"20737482","Yes","WEBSTER POLICE DEPARTMENT","WBPD2500791","WEBSTER","FAILED TO CONTROL SPEED; FAILED TO DRIVE IN SINGLE LANE","HARRIS","2025-04-04","N - NOT INJURED","0","NO DATA","115 - HCA HOUSTON HEALTHCARE CLEAR LAKE","1.751","","23 - FAILED TO DRIVE IN SINGLE LANE","22 - FAILED TO CONTROL SPEED","No Data","77550","75261","No","5N1BT3BB3SC819680","52","1 - MALE","N - NOT INJURED","0","1","1 - FRONT LEFT OR MOTORCYCLE DRIVER"
"20737700","Yes","LUBBOCK POLICE DEPARTMENT","250010381","LUBBOCK","BACKED WITHOUT SAFETY","LUBBOCK","2025-04-04","N - NOT INJURED","0","NO DATA","No Data","No Data","1","3 - BACKED WITHOUT SAFETY","No Data","No Data","79401","79401","No","1FM5K8AB3LGD08947","33","1 - MALE","N - NOT INJURED","0","1","1 - FRONT LEFT OR MOTORCYCLE DRIVER"
"20737707","Yes","BEAUMONT POLICE DEPARTMENT","2025006246","BEAUMONT","FAILED TO YIELD RIGHT OF WAY - PRIVATE DRIVE","JEFFERSON","2025-04-04","B - SUSPECTED MINOR INJURY","0","NO DATA","58 - CHRISTUS SOUTHEAST TEXAS - ST. ELIZABETH","2.921","","34 - FAILED TO YIELD RIGHT OF WAY - PRIVATE DRIVE","No Data","No Data","","77705","Yes","3FA6P0H78GR193019","No Data","2 - FEMALE","99 - UNKNOWN","0","1","1 - FRONT LEFT OR MOTORCYCLE DRIVER"
"20737707","Yes","BEAUMONT POLICE DEPARTMENT","2025006246","BEAUMONT","FAILED TO YIELD RIGHT OF WAY - PRIVATE DRIVE","JEFFERSON","2025-04-04","B - SUSPECTED MINOR INJURY","0","NO DATA","58 - CHRISTUS SOUTHEAST TEXAS - ST. ELIZABETH","2.921","","No Data","No Data","No Data","77706","77706","No","1HGCV1F33NA108637","23","1 - MALE","B - SUSPECTED MINOR INJURY","1","1","1 - FRONT LEFT OR MOTORCYCLE DRIVER"
"20737773","Yes","CARSON COUNTY SHERIFF'S OFFICE","202500002226","OUTSIDE CITY LIMITS","ANIMAL ON ROAD - DOMESTIC","CARSON","2025-04-04","N - NOT INJURED","0","NO DATA","208 - PAMPA REGIONAL MEDICAL CENTER","12.217","","1 - ANIMAL ON ROAD - DOMESTIC","No Data","No Data","79065","79065","No","3GTU2NEC0HG304187","26","1 - MALE","N - NOT INJURED","0","1","1 - FRONT LEFT OR MOTORCYCLE DRIVER"
"20737873","Yes","FORT WORTH POLICE DEPARTMENT","250023934","FORT WORTH","OTHER (EXPLAIN IN NARRATIVE)","TARRANT","2025-04-04","N - NOT INJURED","0","NO DATA","78 - COOK CHILDRENS MEDICAL CENTER","6.027","WE","98 - OTHER (EXPLAIN IN NARRATIVE)","No Data","No Data","76114","76114","No","1FAFP34N57W251476","26","1 - MALE","N - NOT INJURED","0","1","1 - FRONT LEFT OR MOTORCYCLE DRIVER"
"20737873","Yes","FORT WORTH POLICE DEPARTMENT","250023934","FORT WORTH","OTHER (EXPLAIN IN NARRATIVE)","TARRANT","2025-04-04","N - NOT INJURED","0","NO DATA","78 - COOK CHILDRENS MEDICAL CENTER","6.027","WE","No Data","No Data","No Data","76135","76135","No","JN8AS5MVXBW677854","24","2 - FEMALE","N - NOT INJURED","0","1","1 - FRONT LEFT OR MOTORCYCLE DRIVER"
"20737873","Yes","FORT WORTH POLICE DEPARTMENT","250023934","FORT WORTH","OTHER (EXPLAIN IN NARRATIVE)","TARRANT","2025-04-04","N - NOT INJURED","0","NO DATA","78 - COOK CHILDRENS MEDICAL CENTER","6.027","WE","No Data","No Data","No Data","76114","76114","No","1C4PJLDB6LD504946","55","2 - FEMALE","N - NOT INJURED","0","1","1 - FRONT LEFT OR MOTORCYCLE DRIVER"
"20737973","Yes","MONTGOMERY COUNTY SHERIFF'S OFFICE","25A098956","OUTSIDE CITY LIMITS","FAILED TO DRIVE IN SINGLE LANE","MONTGOMERY","2025-04-04","N - NOT INJURED","0","NO DATA","123 - HCA HOUSTON HEALTHCARE TOMBALL","8.526","","23 - FAILED TO DRIVE IN SINGLE LANE","No Data","No Data","77354","77354","No","1N6ED1EJ9RN652436","65","1 - MALE","N - NOT INJURED","0","1","1 - FRONT LEFT OR MOTORCYCLE DRIVER"
"20738002","Yes","COLLIN COUNTY SHERIFF'S OFFICE","25072578","OUTSIDE CITY LIMITS","FAILED TO CONTROL SPEED","COLLIN","2025-04-04","N - NOT INJURED","0","NO DATA","19 - BAYLOR SCOTT & WHITE MEDICAL CENTER - LAKE POINTE","10.714","1","22 - FAILED TO CONTROL SPEED","No Data","No Data","75243","75243","No","5J6YH28345L019012","22","1 - MALE","N - NOT INJURED","0","1","1 - FRONT LEFT OR MOTORCYCLE DRIVER"
"20738002","Yes","COLLIN COUNTY SHERIFF'S OFFICE","25072578","OUTSIDE CITY LIMITS","FAILED TO CONTROL SPEED","COLLIN","2025-04-04","N - NOT INJURED","0","NO DATA","19 - BAYLOR SCOTT & WHITE MEDICAL CENTER - LAKE POINTE","10.714","1","No Data","No Data","No Data","75442","75442","No","KL79MPSL2PB198877","22","2 - FEMALE","N - NOT INJURED","0","1","1 - FRONT LEFT OR MOTORCYCLE DRIVER"
"20738002","Yes","COLLIN COUNTY SHERIFF'S OFFICE","25072578","OUTSIDE CITY LIMITS","FAILED TO CONTROL SPEED","COLLIN","2025-04-04","N - NOT INJURED","0","NO DATA","19 - BAYLOR SCOTT & WHITE MEDICAL CENTER - LAKE POINTE","10.714","1","No Data","No Data","No Data","75442","75442","No","1N4AL3AP6GC271555","31","2 - FEMALE","N - NOT INJURED","0","1","1 - FRONT LEFT OR MOTORCYCLE DRIVER"
"20738017","Yes","DALLAS POLICE DEPARTMENT","46854-2025","DALLAS","UNSAFE SPEED","DALLAS","2025-04-04","N - NOT INJURED","0","NO DATA","174 - METHODIST DALLAS MEDICAL CENTER","1.684","","60 - UNSAFE SPEED","No Data","No Data","76207","76207","No","KNAFE121375388021","27","1 - MALE","N - NOT INJURED","0","1","1 - FRONT LEFT OR MOTORCYCLE DRIVER"
"20738032","Yes","BAYTOWN POLICE DEPARTMENT","25-16040","BAYTOWN","DRIVER INATTENTION","CHAMBERS","2025-04-04","N - NOT INJURED","0","NO DATA","122 - HCA HOUSTON HEALTHCARE SOUTHEAST","20.298","","20 - DRIVER INATTENTION","No Data","No Data","77520","77520","No","4T1B11HKXJU091463","24","1 - MALE","N - NOT INJURED","0","1","1 - FRONT LEFT OR MOTORCYCLE DRIVER"
"20738032","Yes","BAYTOWN POLICE DEPARTMENT","25-16040","BAYTOWN","DRIVER INATTENTION","CHAMBERS","2025-04-04","N - NOT INJURED","0","NO DATA","122 - HCA HOUSTON HEALTHCARE SOUTHEAST","20.298","","No Data","No Data","No Data","77520","77520","No","1GTG5CEN8M1133045","23","1 - MALE","N - NOT INJURED","0","1","1 - FRONT LEFT OR MOTORCYCLE DRIVER"
"20738063","Yes","SOUTHLAKE POLICE DEPARTMENT","CFS25066522","SOUTHLAKE","FAILED TO DRIVE IN SINGLE LANE","TARRANT","2025-04-04","N - NOT INJURED","0","NO DATA","17 - BAYLOR SCOTT & WHITE MEDICAL CENTER - GRAPEVINE","4.772","","23 - FAILED TO DRIVE IN SINGLE LANE","No Data","No Data","76092","76092","No","JM3KFBAY6P0206917","16","2 - FEMALE","N - NOT INJURED","0","1","1 - FRONT LEFT OR MOTORCYCLE DRIVER"
"20738067","Yes","THE COLONY POLICE DEPARTMENT","2025-4758","THE COLONY","DRIVER INATTENTION","DENTON","2025-04-04","N - NOT INJURED","0","NO DATA","260 - TEXAS HEALTH PRESBYTERIAN HOSPITAL PLANO","3.995","","20 - DRIVER INATTENTION","No Data","No Data","75033","75033","No","4T1BF28BX4U351307","20","1 - MALE","N - NOT INJURED","0","1","1 - FRONT LEFT OR MOTORCYCLE DRIVER"
"20738067","Yes","THE COLONY POLICE DEPARTMENT","2025-4758","THE COLONY","DRIVER INATTENTION","DENTON","2025-04-04","N - NOT INJURED","0","NO DATA","260 - TEXAS HEALTH PRESBYTERIAN HOSPITAL PLANO","3.995","","No Data","No Data","No Data","76227","76227","No","3KPF24AD8NE416342","25","2 - FEMALE","N - NOT INJURED","0","1","1 - FRONT LEFT OR MOTORCYCLE DRIVER"
"20738067","Yes","THE COLONY POLICE DEPARTMENT","2025-4758","THE COLONY","DRIVER INATTENTION","DENTON","2025-04-04","N - NOT INJURED","0","NO DATA","260 - TEXAS HEALTH PRESBYTERIAN HOSPITAL PLANO","3.995","","No Data","No Data","No Data","75068","75068","No","3N1AB7AP1FY268849","52","2 - FEMALE","N - NOT INJURED","0","1","1 - FRONT LEFT OR MOTORCYCLE DRIVER"
"20738108","Yes","MANOR POLICE DEPARTMENT","250940157","MANOR","FAILED TO CONTROL SPEED","TRAVIS","2025-04-04","N - NOT INJURED","0","NO DATA","87 - DELL CHILDRENS MEDICAL CENTER","10.501","","22 - FAILED TO CONTROL SPEED","No Data","No Data","78681","78653","No","4DRBUC8N8GB736368","41","1 - MALE","N - NOT INJURED","0","1","1 - FRONT LEFT OR MOTORCYCLE DRIVER"
"20738108","Yes","MANOR POLICE DEPARTMENT","250940157","MANOR","FAILED TO CONTROL SPEED","TRAVIS","2025-04-04","N - NOT INJURED","0","NO DATA","87 - DELL CHILDRENS MEDICAL CENTER","10.501","","22 - FAILED TO CONTROL SPEED","No Data","No Data","78681","78653","No","4DRBUC8N8GB736368","11","99 - UNKNOWN","N - NOT INJURED","0","2","14 - PASSENGER IN BUS"
"20738108","Yes","MANOR POLICE DEPARTMENT","250940157","MANOR","FAILED TO CONTROL SPEED","TRAVIS","2025-04-04","N - NOT INJURED","0","NO DATA","87 - DELL CHILDRENS MEDICAL CENTER","10.501","","22 - FAILED TO CONTROL SPEED","No Data","No Data","78681","78653","No","4DRBUC8N8GB736368","17","99 - UNKNOWN","N - NOT INJURED","0","3","14 - PASSENGER IN BUS"
"20738108","Yes","MANOR POLICE DEPARTMENT","250940157","MANOR","FAILED TO CONTROL SPEED","TRAVIS","2025-04-04","N - NOT INJURED","0","NO DATA","87 - DELL CHILDRENS MEDICAL CENTER","10.501","","22 - FAILED TO CONTROL SPEED","No Data","No Data","78681","78653","No","4DRBUC8N8GB736368","No Data","99 - UNKNOWN","N - NOT INJURED","0","4","14 - PASSENGER IN BUS"
"20738108","Yes","MANOR POLICE DEPARTMENT","250940157","MANOR","FAILED TO CONTROL SPEED","TRAVIS","2025-04-04","N - NOT INJURED","0","NO DATA","87 - DELL CHILDRENS MEDICAL CENTER","10.501","","22 - FAILED TO CONTROL SPEED","No Data","No Data","78681","78653","No","4DRBUC8N8GB736368","No Data","99 - UNKNOWN","N - NOT INJURED","0","5","14 - PASSENGER IN BUS"
"20738108","Yes","MANOR POLICE DEPARTMENT","250940157","MANOR","FAILED TO CONTROL SPEED","TRAVIS","2025-04-04","N - NOT INJURED","0","NO DATA","87 - DELL CHILDRENS MEDICAL CENTER","10.501","","22 - FAILED TO CONTROL SPEED","No Data","No Data","78681","78653","No","4DRBUC8N8GB736368","13","99 - UNKNOWN","N - NOT INJURED","0","6","14 - PASSENGER IN BUS"
"20738108","Yes","MANOR POLICE DEPARTMENT","250940157","MANOR","FAILED TO CONTROL SPEED","TRAVIS","2025-04-04","N - NOT INJURED","0","NO DATA","87 - DELL CHILDRENS MEDICAL CENTER","10.501","","22 - FAILED TO CONTROL SPEED","No Data","No Data","78681","78653","No","4DRBUC8N8GB736368","12","99 - UNKNOWN","N - NOT INJURED","0","7","14 - PASSENGER IN BUS"
"20738108","Yes","MANOR POLICE DEPARTMENT","250940157","MANOR","FAILED TO CONTROL SPEED","TRAVIS","2025-04-04","N - NOT INJURED","0","NO DATA","87 - DELL CHILDRENS MEDICAL CENTER","10.501","","22 - FAILED TO CONTROL SPEED","No Data","No Data","78681","78653","No","4DRBUC8N8GB736368","14","99 - UNKNOWN","N - NOT INJURED","0","8","14 - PASSENGER IN BUS"
"20738108","Yes","MANOR POLICE DEPARTMENT","250940157","MANOR","FAILED TO CONTROL SPEED","TRAVIS","2025-04-04","N - NOT INJURED","0","NO DATA","87 - DELL CHILDRENS MEDICAL CENTER","10.501","","22 - FAILED TO CONTROL SPEED","No Data","No Data","78681","78653","No","4DRBUC8N8GB736368","18","99 - UNKNOWN","N - NOT INJURED","0","9","14 - PASSENGER IN BUS"
"20738108","Yes","MANOR POLICE DEPARTMENT","250940157","MANOR","FAILED TO CONTROL SPEED","TRAVIS","2025-04-04","N - NOT INJURED","0","NO DATA","87 - DELL CHILDRENS MEDICAL CENTER","10.501","","22 - FAILED TO CONTROL SPEED","No Data","No Data","78681","78653","No","4DRBUC8N8GB736368","12","99 - UNKNOWN","N - NOT INJURED","0","10","14 - PASSENGER IN BUS"
"20738108","Yes","MANOR POLICE DEPARTMENT","250940157","MANOR","FAILED TO CONTROL SPEED","TRAVIS","2025-04-04","N - NOT INJURED","0","NO DATA","87 - DELL CHILDRENS MEDICAL CENTER","10.501","","22 - FAILED TO CONTROL SPEED","No Data","No Data","78681","78653","No","4DRBUC8N8GB736368","13","99 - UNKNOWN","N - NOT INJURED","0","11","14 - PASSENGER IN BUS"
"20738108","Yes","MANOR POLICE DEPARTMENT","250940157","MANOR","FAILED TO CONTROL SPEED","TRAVIS","2025-04-04","N - NOT INJURED","0","NO DATA","87 - DELL CHILDRENS MEDICAL CENTER","10.501","","22 - FAILED TO CONTROL SPEED","No Data","No Data","78681","78653","No","4DRBUC8N8GB736368","No Data","99 - UNKNOWN","N - NOT INJURED","0","12","14 - PASSENGER IN BUS"
"20738108","Yes","MANOR POLICE DEPARTMENT","250940157","MANOR","FAILED TO CONTROL SPEED","TRAVIS","2025-04-04","N - NOT INJURED","0","NO DATA","87 - DELL CHILDRENS MEDICAL CENTER","10.501","","22 - FAILED TO CONTROL SPEED","No Data","No Data","78681","78653","No","4DRBUC8N8GB736368","12","99 - UNKNOWN","N - NOT INJURED","0","13","14 - PASSENGER IN BUS"
"20738108","Yes","MANOR POLICE DEPARTMENT","250940157","MANOR","FAILED TO CONTROL SPEED","TRAVIS","2025-04-04","N - NOT INJURED","0","NO DATA","87 - DELL CHILDRENS MEDICAL CENTER","10.501","","22 - FAILED TO CONTROL SPEED","No Data","No Data","78681","78653","No","4DRBUC8N8GB736368","15","99 - UNKNOWN","N - NOT INJURED","0","14","14 - PASSENGER IN BUS"
"20738108","Yes","MANOR POLICE DEPARTMENT","250940157","MANOR","FAILED TO CONTROL SPEED","TRAVIS","2025-04-04","N - NOT INJURED","0","NO DATA","87 - DELL CHILDRENS MEDICAL CENTER","10.501","","22 - FAILED TO CONTROL SPEED","No Data","No Data","78681","78653","No","4DRBUC8N8GB736368","11","99 - UNKNOWN","N - NOT INJURED","0","15","14 - PASSENGER IN BUS"
"20738108","Yes","MANOR POLICE DEPARTMENT","250940157","MANOR","FAILED TO CONTROL SPEED","TRAVIS","2025-04-04","N - NOT INJURED","0","NO DATA","87 - DELL CHILDRENS MEDICAL CENTER","10.501","","22 - FAILED TO CONTROL SPEED","No Data","No Data","78681","78653","No","4DRBUC8N8GB736368","16","99 - UNKNOWN","N - NOT INJURED","0","16","14 - PASSENGER IN BUS"
"20738108","Yes","MANOR POLICE DEPARTMENT","250940157","MANOR","FAILED TO CONTROL SPEED","TRAVIS","2025-04-04","N - NOT INJURED","0","NO DATA","87 - DELL CHILDRENS MEDICAL CENTER","10.501","","22 - FAILED TO CONTROL SPEED","No Data","No Data","78681","78653","No","4DRBUC8N8GB736368","12","99 - UNKNOWN","N - NOT INJURED","0","17","14 - PASSENGER IN BUS"
"20738108","Yes","MANOR POLICE DEPARTMENT","250940157","MANOR","FAILED TO CONTROL SPEED","TRAVIS","2025-04-04","N - NOT INJURED","0","NO DATA","87 - DELL CHILDRENS MEDICAL CENTER","10.501","","22 - FAILED TO CONTROL SPEED","No Data","No Data","78681","78653","No","4DRBUC8N8GB736368","16","99 - UNKNOWN","N - NOT INJURED","0","18","14 - PASSENGER IN BUS"
"20738108","Yes","MANOR POLICE DEPARTMENT","250940157","MANOR","FAILED TO CONTROL SPEED","TRAVIS","2025-04-04","N - NOT INJURED","0","NO DATA","87 - DELL CHILDRENS MEDICAL CENTER","10.501","","22 - FAILED TO CONTROL SPEED","No Data","No Data","78681","78653","No","4DRBUC8N8GB736368","13","99 - UNKNOWN","N - NOT INJURED","0","19","14 - PASSENGER IN BUS"
"20738108","Yes","MANOR POLICE DEPARTMENT","250940157","MANOR","FAILED TO CONTROL SPEED","TRAVIS","2025-04-04","N - NOT INJURED","0","NO DATA","87 - DELL CHILDRENS MEDICAL CENTER","10.501","","22 - FAILED TO CONTROL SPEED","No Data","No Data","78681","78653","No","4DRBUC8N8GB736368","14","99 - UNKNOWN","N - NOT INJURED","0","20","14 - PASSENGER IN BUS"
"20738108","Yes","MANOR POLICE DEPARTMENT","250940157","MANOR","FAILED TO CONTROL SPEED","TRAVIS","2025-04-04","N - NOT INJURED","0","NO DATA","87 - DELL CHILDRENS MEDICAL CENTER","10.501","","22 - FAILED TO CONTROL SPEED","No Data","No Data","78681","78653","No","4DRBUC8N8GB736368","14","99 - UNKNOWN","N - NOT INJURED","0","21","14 - PASSENGER IN BUS"
"20738108","Yes","MANOR POLICE DEPARTMENT","250940157","MANOR","FAILED TO CONTROL SPEED","TRAVIS","2025-04-04","N - NOT INJURED","0","NO DATA","87 - DELL CHILDRENS MEDICAL CENTER","10.501","","22 - FAILED TO CONTROL SPEED","No Data","No Data","78681","78653","No","4DRBUC8N8GB736368","13","99 - UNKNOWN","N - NOT INJURED","0","22","14 - PASSENGER IN BUS"
"20738108","Yes","MANOR POLICE DEPARTMENT","250940157","MANOR","FAILED TO CONTROL SPEED","TRAVIS","2025-04-04","N - NOT INJURED","0","NO DATA","87 - DELL CHILDRENS MEDICAL CENTER","10.501","","22 - FAILED TO CONTROL SPEED","No Data","No Data","78681","78653","No","4DRBUC8N8GB736368","12","99 - UNKNOWN","N - NOT INJURED","0","23","14 - PASSENGER IN BUS"
"20738108","Yes","MANOR POLICE DEPARTMENT","250940157","MANOR","FAILED TO CONTROL SPEED","TRAVIS","2025-04-04","N - NOT INJURED","0","NO DATA","87 - DELL CHILDRENS MEDICAL CENTER","10.501","","22 - FAILED TO CONTROL SPEED","No Data","No Data","78681","78653","No","4DRBUC8N8GB736368","12","99 - UNKNOWN","N - NOT INJURED","0","24","14 - PASSENGER IN BUS"
"20738108","Yes","MANOR POLICE DEPARTMENT","250940157","MANOR","FAILED TO CONTROL SPEED","TRAVIS","2025-04-04","N - NOT INJURED","0","NO DATA","87 - DELL CHILDRENS MEDICAL CENTER","10.501","","22 - FAILED TO CONTROL SPEED","No Data","No Data","78681","78653","No","4DRBUC8N8GB736368","17","99 - UNKNOWN","N - NOT INJURED","0","25","14 - PASSENGER IN BUS"
"20738108","Yes","MANOR POLICE DEPARTMENT","250940157","MANOR","FAILED TO CONTROL SPEED","TRAVIS","2025-04-04","N - NOT INJURED","0","NO DATA","87 - DELL CHILDRENS MEDICAL CENTER","10.501","","22 - FAILED TO CONTROL SPEED","No Data","No Data","78681","78653","No","4DRBUC8N8GB736368","12","99 - UNKNOWN","N - NOT INJURED","0","26","14 - PASSENGER IN BUS"
"20738108","Yes","MANOR POLICE DEPARTMENT","250940157","MANOR","FAILED TO CONTROL SPEED","TRAVIS","2025-04-04","N - NOT INJURED","0","NO DATA","87 - DELL CHILDRENS MEDICAL CENTER","10.501","","22 - FAILED TO CONTROL SPEED","No Data","No Data","78681","78653","No","4DRBUC8N8GB736368","13","99 - UNKNOWN","N - NOT INJURED","0","27","14 - PASSENGER IN BUS"
"20738108","Yes","MANOR POLICE DEPARTMENT","250940157","MANOR","FAILED TO CONTROL SPEED","TRAVIS","2025-04-04","N - NOT INJURED","0","NO DATA","87 - DELL CHILDRENS MEDICAL CENTER","10.501","","22 - FAILED TO CONTROL SPEED","No Data","No Data","78681","78653","No","4DRBUC8N8GB736368","16","99 - UNKNOWN","N - NOT INJURED","0","28","14 - PASSENGER IN BUS"
"20738108","Yes","MANOR POLICE DEPARTMENT","250940157","MANOR","FAILED TO CONTROL SPEED","TRAVIS","2025-04-04","N - NOT INJURED","0","NO DATA","87 - DELL CHILDRENS MEDICAL CENTER","10.501","","22 - FAILED TO CONTROL SPEED","No Data","No Data","78681","78653","No","4DRBUC8N8GB736368","17","99 - UNKNOWN","N - NOT INJURED","0","29","14 - PASSENGER IN BUS"
"20738108","Yes","MANOR POLICE DEPARTMENT","250940157","MANOR","FAILED TO CONTROL SPEED","TRAVIS","2025-04-04","N - NOT INJURED","0","NO DATA","87 - DELL CHILDRENS MEDICAL CENTER","10.501","","22 - FAILED TO CONTROL SPEED","No Data","No Data","78681","78653","No","4DRBUC8N8GB736368","12","99 - UNKNOWN","N - NOT INJURED","0","30","14 - PASSENGER IN BUS"
"20738108","Yes","MANOR POLICE DEPARTMENT","250940157","MANOR","FAILED TO CONTROL SPEED","TRAVIS","2025-04-04","N - NOT INJURED","0","NO DATA","87 - DELL CHILDRENS MEDICAL CENTER","10.501","","22 - FAILED TO CONTROL SPEED","No Data","No Data","78681","78653","No","4DRBUC8N8GB736368","14","99 - UNKNOWN","N - NOT INJURED","0","31","14 - PASSENGER IN BUS"
"20738108","Yes","MANOR POLICE DEPARTMENT","250940157","MANOR","FAILED TO CONTROL SPEED","TRAVIS","2025-04-04","N - NOT INJURED","0","NO DATA","87 - DELL CHILDRENS MEDICAL CENTER","10.501","","22 - FAILED TO CONTROL SPEED","No Data","No Data","78681","78653","No","4DRBUC8N8GB736368","14","99 - UNKNOWN","N - NOT INJURED","0","32","14 - PASSENGER IN BUS"
"20738108","Yes","MANOR POLICE DEPARTMENT","250940157","MANOR","FAILED TO CONTROL SPEED","TRAVIS","2025-04-04","N - NOT INJURED","0","NO DATA","87 - DELL CHILDRENS MEDICAL CENTER","10.501","","22 - FAILED TO CONTROL SPEED","No Data","No Data","78681","78653","No","4DRBUC8N8GB736368","16","99 - UNKNOWN","N - NOT INJURED","0","33","14 - PASSENGER IN BUS"
"20738108","Yes","MANOR POLICE DEPARTMENT","250940157","MANOR","FAILED TO CONTROL SPEED","TRAVIS","2025-04-04","N - NOT INJURED","0","NO DATA","87 - DELL CHILDRENS MEDICAL CENTER","10.501","","No Data","No Data","No Data","78653","78653","No","2T3J1RFV8MW178605","30","2 - FEMALE","N - NOT INJURED","0","1","1 - FRONT LEFT OR MOTORCYCLE DRIVER"
"20738108","Yes","MANOR POLICE DEPARTMENT","250940157","MANOR","FAILED TO CONTROL SPEED","TRAVIS","2025-04-04","N - NOT INJURED","0","NO DATA","87 - DELL CHILDRENS MEDICAL CENTER","10.501","","No Data","No Data","No Data","78653","78653","No","2T3J1RFV8MW178605","15","1 - MALE","N - NOT INJURED","0","2","4 - SECOND SEAT LEFT OR MOTORCYCLE BACK PASSENGER"
"20738119","Yes","SAN ANTONIO POLICE DEPARTMENT","SAPD25066435","SAN ANTONIO","FAILED TO YIELD RIGHT OF WAY - STOP SIGN","BEXAR","2025-04-04","B - SUSPECTED MINOR INJURY","0","NO DATA","12 - BAPTIST MEDICAL CENTER","0.206","08","35 - FAILED TO YIELD RIGHT OF WAY - STOP SIGN","No Data","No Data","78201","78201","No","1GNFC13068R140278","43","1 - MALE","N - NOT INJURED","0","1","1 - FRONT LEFT OR MOTORCYCLE DRIVER"
"20738119","Yes","SAN ANTONIO POLICE DEPARTMENT","SAPD25066435","SAN ANTONIO","FAILED TO YIELD RIGHT OF WAY - STOP SIGN","BEXAR","2025-04-04","B - SUSPECTED MINOR INJURY","0","NO DATA","12 - BAPTIST MEDICAL CENTER","0.206","08","No Data","No Data","No Data","78245","78245","No","1N4AL3AP7FN316991","23","2 - FEMALE","B - SUSPECTED MINOR INJURY","1","1","1 - FRONT LEFT OR MOTORCYCLE DRIVER"
"20738134","Yes","HOUSTON POLICE DEPARTMENT","0043002825N","HOUSTON","FAILED TO DRIVE IN SINGLE LANE","HARRIS","2025-04-04","99 - UNKNOWN","0","NO DATA","165 - MEMORIAL HERMANN MEMORIAL CITY MEDICAL CENTER","3.634","F","23 - FAILED TO DRIVE IN SINGLE LANE","No Data","No Data","","77081","No","3B7HC13Z21G204791","No Data","99 - UNKNOWN","99 - UNKNOWN","0","1","99 - UNKNOWN"
"20738160","Yes","SAN ANGELO POLICE DEPARTMENT","20250003675","SAN ANGELO","FAILED TO YIELD RIGHT OF WAY - STOP SIGN","TOM GREEN","2025-04-04","B - SUSPECTED MINOR INJURY","0","NO DATA","230 - SHANNON MEDICAL CENTER","1.092","","35 - FAILED TO YIELD RIGHT OF WAY - STOP SIGN","No Data","No Data","76903","76903","No","2B4GP45G4WR757339","66","2 - FEMALE","N - NOT INJURED","0","1","1 - FRONT LEFT OR MOTORCYCLE DRIVER"
"20738160","Yes","SAN ANGELO POLICE DEPARTMENT","20250003675","SAN ANGELO","FAILED TO YIELD RIGHT OF WAY - STOP SIGN","TOM GREEN","2025-04-04","B - SUSPECTED MINOR INJURY","0","NO DATA","230 - SHANNON MEDICAL CENTER","1.092","","35 - FAILED TO YIELD RIGHT OF WAY - STOP SIGN","No Data","No Data","76903","76903","No","2B4GP45G4WR757339","61","1 - MALE","B - SUSPECTED MINOR INJURY","1","2","3 - FRONT RIGHT"
"20738160","Yes","SAN ANGELO POLICE DEPARTMENT","20250003675","SAN ANGELO","FAILED TO YIELD RIGHT OF WAY - STOP SIGN","TOM GREEN","2025-04-04","B - SUSPECTED MINOR INJURY","0","NO DATA","230 - SHANNON MEDICAL CENTER","1.092","","35 - FAILED TO YIELD RIGHT OF WAY - STOP SIGN","No Data","No Data","76903","76903","No","2B4GP45G4WR757339","18","2 - FEMALE","N - NOT INJURED","0","3","4 - SECOND SEAT LEFT OR MOTORCYCLE BACK PASSENGER"
"20738160","Yes","SAN ANGELO POLICE DEPARTMENT","20250003675","SAN ANGELO","FAILED TO YIELD RIGHT OF WAY - STOP SIGN","TOM GREEN","2025-04-04","B - SUSPECTED MINOR INJURY","0","NO DATA","230 - SHANNON MEDICAL CENTER","1.092","","No Data","No Data","No Data","76904","76904","No","2HGFA16517H312108","17","2 - FEMALE","N - NOT INJURED","0","1","1 - FRONT LEFT OR MOTORCYCLE DRIVER"
"20738162","Yes","SAN ANTONIO POLICE DEPARTMENT","SAPD25066429","SAN ANTONIO","FAILED TO YIELD RIGHT OF WAY - STOP SIGN","BEXAR","2025-04-04","C - POSSIBLE INJURY","0","NO DATA","187 - MISSION TRAIL BAPTIST HOSPITAL","4.301","60","No Data","No Data","No Data","78264","78251","No","WBAKE3C57CE769862","38","2 - FEMALE","C - POSSIBLE INJURY","0","1","1 - FRONT LEFT OR MOTORCYCLE DRIVER"
"20738162","Yes","SAN ANTONIO POLICE DEPARTMENT","SAPD25066429","SAN ANTONIO","FAILED TO YIELD RIGHT OF WAY - STOP SIGN","BEXAR","2025-04-04","C - POSSIBLE INJURY","0","NO DATA","187 - MISSION TRAIL BAPTIST HOSPITAL","4.301","60","35 - FAILED TO YIELD RIGHT OF WAY - STOP SIGN","No Data","No Data","","78109","Yes","KL8CB6SA9HC726278","No Data","99 - UNKNOWN","99 - UNKNOWN","0","1","1 - FRONT LEFT OR MOTORCYCLE DRIVER"
"20738175","Yes","ROWLETT POLICE DEPARTMENT","25016840","ROWLETT","FAILED TO YIELD RIGHT OF WAY - TURNING LEFT","DALLAS","2025-04-04","N - NOT INJURED","0","NO DATA","19 - BAYLOR SCOTT & WHITE MEDICAL CENTER - LAKE POINTE","2.703","","37 - FAILED TO YIELD RIGHT OF WAY - TURNING LEFT","No Data","No Data","75088","75032","No","1FTYR10C1XPA11650","29","1 - MALE","N - NOT INJURED","0","1","1 - FRONT LEFT OR MOTORCYCLE DRIVER"
"20738175","Yes","ROWLETT POLICE DEPARTMENT","25016840","ROWLETT","FAILED TO YIELD RIGHT OF WAY - TURNING LEFT","DALLAS","2025-04-04","N - NOT INJURED","0","NO DATA","19 - BAYLOR SCOTT & WHITE MEDICAL CENTER - LAKE POINTE","2.703","","No Data","No Data","No Data","75087","75087","No","1C6RR6KT2HS525107","33","1 - MALE","N - NOT INJURED","0","1","1 - FRONT LEFT OR MOTORCYCLE DRIVER"
"20738177","Yes","BOERNE POLICE DEPARTMENT","B2501217","BOERNE","FAILED TO YIELD RIGHT OF WAY - TURNING LEFT","KENDALL","2025-04-04","C - POSSIBLE INJURY","0","NO DATA","196 - NORTH CENTRAL BAPTIST HOSPITAL","19.45","","37 - FAILED TO YIELD RIGHT OF WAY - TURNING LEFT","No Data","No Data","78006","78006","No","4T3T6RFV2NU099703","52","2 - FEMALE","N - NOT INJURED","0","1","1 - FRONT LEFT OR MOTORCYCLE DRIVER"
"20738177","Yes","BOERNE POLICE DEPARTMENT","B2501217","BOERNE","FAILED TO YIELD RIGHT OF WAY - TURNING LEFT","KENDALL","2025-04-04","C - POSSIBLE INJURY","0","NO DATA","196 - NORTH CENTRAL BAPTIST HOSPITAL","19.45","","37 - FAILED TO YIELD RIGHT OF WAY - TURNING LEFT","No Data","No Data","78006","78006","No","4T3T6RFV2NU099703","16","1 - MALE","N - NOT INJURED","0","2","3 - FRONT RIGHT"
"20738177","Yes","BOERNE POLICE DEPARTMENT","B2501217","BOERNE","FAILED TO YIELD RIGHT OF WAY - TURNING LEFT","KENDALL","2025-04-04","C - POSSIBLE INJURY","0","NO DATA","196 - NORTH CENTRAL BAPTIST HOSPITAL","19.45","","No Data","No Data","No Data","78261","78261","No","WMZYT3C35H3D97994","52","1 - MALE","C - POSSIBLE INJURY","0","1","1 - FRONT LEFT OR MOTORCYCLE DRIVER"
"20738182","Yes","FORT BEND COUNTY CONSTABLE PRECINCT 4","25-13336","OUTSIDE CITY LIMITS","FAILED TO CONTROL SPEED","FORT BEND","2025-04-04","N - NOT INJURED","0","NO DATA","180 - MEMORIAL HERMANN SUGAR LAND HOSPITAL","7.037","","22 - FAILED TO CONTROL SPEED","No Data","No Data","77025","77055","No","JTDKN3DU0E0378223","27","1 - MALE","N - NOT INJURED","0","1","1 - FRONT LEFT OR MOTORCYCLE DRIVER"
"20738182","Yes","FORT BEND COUNTY CONSTABLE PRECINCT 4","25-13336","OUTSIDE CITY LIMITS","FAILED TO CONTROL SPEED","FORT BEND","2025-04-04","N - NOT INJURED","0","NO DATA","180 - MEMORIAL HERMANN SUGAR LAND HOSPITAL","7.037","","No Data","No Data","No Data","77082","77082","No","KNAFX4A66G5520147","29","1 - MALE","N - NOT INJURED","0","1","1 - FRONT LEFT OR MOTORCYCLE DRIVER"
"20738188","Yes","GALVESTON POLICE DEPARTMENT","25-001751","GALVESTON","FAILED TO YIELD RIGHT OF WAY - STOP SIGN","GALVESTON","2025-04-04","N - NOT INJURED","0","NO DATA","278 - UNIVERSITY OF TEXAS MEDICAL BRANCH","2.194","","35 - FAILED TO YIELD RIGHT OF WAY - STOP SIGN","No Data","No Data","77551","77551","No","1HGCV1F48NA042160","27","2 - FEMALE","N - NOT INJURED","0","1","1 - FRONT LEFT OR MOTORCYCLE DRIVER"
"20738188","Yes","GALVESTON POLICE DEPARTMENT","25-001751","GALVESTON","FAILED TO YIELD RIGHT OF WAY - STOP SIGN","GALVESTON","2025-04-04","N - NOT INJURED","0","NO DATA","278 - UNIVERSITY OF TEXAS MEDICAL BRANCH","2.194","","No Data","No Data","No Data","77550","77550","No","4T4BF3EK2HR058531","34","2 - FEMALE","N - NOT INJURED","0","1","1 - FRONT LEFT OR MOTORCYCLE DRIVER"
"20738188","Yes","GALVESTON POLICE DEPARTMENT","25-001751","GALVESTON","FAILED TO YIELD RIGHT OF WAY - STOP SIGN","GALVESTON","2025-04-04","N - NOT INJURED","0","NO DATA","278 - UNIVERSITY OF TEXAS MEDICAL BRANCH","2.194","","No Data","No Data","No Data","77550","77550","No","4T4BF3EK2HR058531","11","1 - MALE","N - NOT INJURED","0","2","3 - FRONT RIGHT"
"20738195","Yes","HAWLEY POLICE DEPARTMENT","","HAWLEY","DRIVER INATTENTION","JONES","2025-04-04","N - NOT INJURED","0","NO DATA","126 - HENDRICK MEDICAL CENTER","9.452","","No Data","No Data","No Data","79536","79602","No","1FVACWFC9PHUA4099","41","2 - FEMALE","N - NOT INJURED","0","1","1 - FRONT LEFT OR MOTORCYCLE DRIVER"
"20738196","Yes","DEPARTMENT OF PUBLIC SAFETY, STATE OF TEXAS","25-523807","OUTSIDE CITY LIMITS","UNSAFE SPEED","SMITH","2025-04-04","N - NOT INJURED","0","NO DATA","288 - UT HEALTH EAST TEXAS TYLER REGIONAL HOSPITAL","10.287","1B","60 - UNSAFE SPEED","No Data","No Data","75707","75707","No","KM8J33A2XHU379733","22","2 - FEMALE","N - NOT INJURED","0","1","1 - FRONT LEFT OR MOTORCYCLE DRIVER"
"20738197","Yes","BRYAN POLICE DEPARTMENT","250400123","BRYAN","FAILED TO CONTROL SPEED","BRAZOS","2025-04-04","N - NOT INJURED","0","NO DATA","239 - ST. JOSEPH REGIONAL HEALTH CENTER","3.946","","No Data","No Data","No Data","75110","63146","No","1FT7W2B61LEC28820","25","1 - MALE","N - NOT INJURED","0","1","1 - FRONT LEFT OR MOTORCYCLE DRIVER"
"20738197","Yes","BRYAN POLICE DEPARTMENT","250400123","BRYAN","FAILED TO CONTROL SPEED","BRAZOS","2025-04-04","N - NOT INJURED","0","NO DATA","239 - ST. JOSEPH REGIONAL HEALTH CENTER","3.946","","22 - FAILED TO CONTROL SPEED","No Data","No Data","77845","77845","No","3B6MF3664XM527550","39","1 - MALE","N - NOT INJURED","0","1","1 - FRONT LEFT OR MOTORCYCLE DRIVER"
"20738240","Yes","BEAUMONT POLICE DEPARTMENT","2025006260","BEAUMONT","FAILED TO YIELD RIGHT OF WAY - STOP SIGN;OTHER (EXPLAIN IN NARRATIVE)","JEFFERSON","2025-04-04","C - POSSIBLE INJURY","0","NO DATA","9 - BAPTIST HOSPITALS OF SOUTHEAST TEXAS","2.142","","35 - FAILED TO YIELD RIGHT OF WAY - STOP SIGN","No Data","No Data","77701","77701","No","54DC4W1B9HS806757","60","1 - MALE","N - NOT INJURED","0","1","1 - FRONT LEFT OR MOTORCYCLE DRIVER"
"20738240","Yes","BEAUMONT POLICE DEPARTMENT","2025006260","BEAUMONT","FAILED TO YIELD RIGHT OF WAY - STOP SIGN;OTHER (EXPLAIN IN NARRATIVE)","JEFFERSON","2025-04-04","C - POSSIBLE INJURY","0","NO DATA","9 - BAPTIST HOSPITALS OF SOUTHEAST TEXAS","2.142","","98 - OTHER (EXPLAIN IN NARRATIVE)","No Data","No Data","77705","77705","No","3GKALPEV4LL297214","77","1 - MALE","C - POSSIBLE INJURY","0","1","1 - FRONT LEFT OR MOTORCYCLE DRIVER"
"20738244","Yes","IRVING POLICE DEPARTMENT","25-6911","IRVING","CHANGED LANE WHEN UNSAFE;OTHER (EXPLAIN IN NARRATIVE)","DALLAS","2025-04-04","N - NOT INJURED","0","NO DATA","155 - MEDICAL CITY LAS COLINAS","2.039","","4 - CHANGED LANE WHEN UNSAFE","No Data","No Data","75060","75060","No","3C6UD5ML5CG309672","31","1 - MALE","N - NOT INJURED","0","1","1 - FRONT LEFT OR MOTORCYCLE DRIVER"
"20738244","Yes","IRVING POLICE DEPARTMENT","25-6911","IRVING","CHANGED LANE WHEN UNSAFE;OTHER (EXPLAIN IN NARRATIVE)","DALLAS","2025-04-04","N - NOT INJURED","0","NO DATA","155 - MEDICAL CITY LAS COLINAS","2.039","","98 - OTHER (EXPLAIN IN NARRATIVE)","No Data","No Data","76063","76063","No","KNDNE5K31S6504391","33","1 - MALE","N - NOT INJURED","0","1","1 - FRONT LEFT OR MOTORCYCLE DRIVER"
"20738262","Yes","LONGVIEW POLICE DEPARTMENT","25-4436","LONGVIEW","DRIVER INATTENTION; TURNED WHEN UNSAFE","GREGG","2025-04-04","99 - UNKNOWN","0","NO DATA","45 - CHRISTUS GOOD SHEPHERD MEDICAL CENTER - LONGVIEW","1.177","","66 - TURNED WHEN UNSAFE","20 - DRIVER INATTENTION","No Data","","","Yes","No Data","No Data","99 - UNKNOWN","99 - UNKNOWN","0","1","1 - FRONT LEFT OR MOTORCYCLE DRIVER"
"20738267","Yes","LOS FRESNOS POLICE DEPARTMENT","25001577","LOS FRESNOS","FAILED TO CONTROL SPEED","CAMERON","2025-04-04","N - NOT INJURED","0","NO DATA","295 - VALLEY REGIONAL MEDICAL CENTER","6.597","","22 - FAILED TO CONTROL SPEED","No Data","No Data","78520","78520","No","1GTP9EEL7NZ216161","43","1 - MALE","N - NOT INJURED","0","1","1 - FRONT LEFT OR MOTORCYCLE DRIVER"
"20738267","Yes","LOS FRESNOS POLICE DEPARTMENT","25001577","LOS FRESNOS","FAILED TO CONTROL SPEED","CAMERON","2025-04-04","N - NOT INJURED","0","NO DATA","295 - VALLEY REGIONAL MEDICAL CENTER","6.597","","No Data","No Data","No Data","78586","78586","No","2HGFC2F54JH600499","58","2 - FEMALE","N - NOT INJURED","0","1","1 - FRONT LEFT OR MOTORCYCLE DRIVER"
"20738271","Yes","LAREDO POLICE DEPARTMENT","2025-00053221","LAREDO","WRONG WAY - ONE WAY ROAD","WEBB","2025-04-04","C - POSSIBLE INJURY","0","NO DATA","No Data","No Data","7","71 - WRONG WAY - ONE WAY ROAD","No Data","No Data","78046","78046","No","3VV5X7B2XRM089967","33","2 - FEMALE","N - NOT INJURED","0","1","1 - FRONT LEFT OR MOTORCYCLE DRIVER"
"20738271","Yes","LAREDO POLICE DEPARTMENT","2025-00053221","LAREDO","WRONG WAY - ONE WAY ROAD","WEBB","2025-04-04","C - POSSIBLE INJURY","0","NO DATA","No Data","No Data","7","No Data","No Data","No Data","78046","78046","No","1G1ZC5E1XBF210854","54","2 - FEMALE","C - POSSIBLE INJURY","0","1","1 - FRONT LEFT OR MOTORCYCLE DRIVER"
"20738279","Yes","BROWNSVILLE POLICE DEPARTMENT","202504040077","BROWNSVILLE","IMPROPER START FROM PARKED POSITION","CAMERON","2025-04-04","N - NOT INJURED","0","NO DATA","293 - VALLEY BAPTIST MEDICAL CENTER - BROWNSVILLE","1.842","SE","49 - IMPROPER START FROM A STOPPED, STANDING, OR PARKED POSITION","No Data","No Data","78526","78526","No","1FTFW1RG2SFA03447","29","1 - MALE","N - NOT INJURED","0","1","1 - FRONT LEFT OR MOTORCYCLE DRIVER"
"20738279","Yes","BROWNSVILLE POLICE DEPARTMENT","202504040077","BROWNSVILLE","IMPROPER START FROM PARKED POSITION","CAMERON","2025-04-04","N - NOT INJURED","0","NO DATA","293 - VALLEY BAPTIST MEDICAL CENTER - BROWNSVILLE","1.842","SE","No Data","No Data","No Data","78521","78521","No","1GCEC19V93Z274850","61","1 - MALE","N - NOT INJURED","0","1","1 - FRONT LEFT OR MOTORCYCLE DRIVER"
"20738285","Yes","FORT WORTH POLICE DEPARTMENT","250023955","FORT WORTH","DRIVER INATTENTION;OTHER (EXPLAIN IN NARRATIVE)","TARRANT","2025-04-04","C - POSSIBLE INJURY","0","NO DATA","254 - TEXAS HEALTH ARLINGTON MEMORIAL HOSPITAL","2.728","ST","20 - DRIVER INATTENTION","No Data","No Data","76117","75216","No","2C3CDXBG7NH224278","29","1 - MALE","N - NOT INJURED","0","1","1 - FRONT LEFT OR MOTORCYCLE DRIVER"
"20738285","Yes","FORT WORTH POLICE DEPARTMENT","250023955","FORT WORTH","DRIVER INATTENTION;OTHER (EXPLAIN IN NARRATIVE)","TARRANT","2025-04-04","C - POSSIBLE INJURY","0","NO DATA","254 - TEXAS HEALTH ARLINGTON MEMORIAL HOSPITAL","2.728","ST","20 - DRIVER INATTENTION","No Data","No Data","76117","75216","No","2C3CDXBG7NH224278","32","2 - FEMALE","N - NOT INJURED","0","2","3 - FRONT RIGHT"
"20738285","Yes","FORT WORTH POLICE DEPARTMENT","250023955","FORT WORTH","DRIVER INATTENTION;OTHER (EXPLAIN IN NARRATIVE)","TARRANT","2025-04-04","C - POSSIBLE INJURY","0","NO DATA","254 - TEXAS HEALTH ARLINGTON MEMORIAL HOSPITAL","2.728","ST","20 - DRIVER INATTENTION","No Data","No Data","76117","75216","No","2C3CDXBG7NH224278","32","2 - FEMALE","N - NOT INJURED","0","3","6 - SECOND SEAT RIGHT"
"20738285","Yes","FORT WORTH POLICE DEPARTMENT","250023955","FORT WORTH","DRIVER INATTENTION;OTHER (EXPLAIN IN NARRATIVE)","TARRANT","2025-04-04","C - POSSIBLE INJURY","0","NO DATA","254 - TEXAS HEALTH ARLINGTON MEMORIAL HOSPITAL","2.728","ST","20 - DRIVER INATTENTION","No Data","No Data","76117","75216","No","2C3CDXBG7NH224278","1","1 - MALE","N - NOT INJURED","0","4","4 - SECOND SEAT LEFT OR MOTORCYCLE BACK PASSENGER"
"20738285","Yes","FORT WORTH POLICE DEPARTMENT","250023955","FORT WORTH","DRIVER INATTENTION;OTHER (EXPLAIN IN NARRATIVE)","TARRANT","2025-04-04","C - POSSIBLE INJURY","0","NO DATA","254 - TEXAS HEALTH ARLINGTON MEMORIAL HOSPITAL","2.728","ST","98 - OTHER (EXPLAIN IN NARRATIVE)","No Data","No Data","76020","76106","No","5TFRM5F18CX043604","53","1 - MALE","C - POSSIBLE INJURY","0","1","1 - FRONT LEFT OR MOTORCYCLE DRIVER"
"20738286","Yes","FORT WORTH POLICE DEPARTMENT","250023941","FORT WORTH","FAILED TO CONTROL SPEED","TARRANT","2025-04-04","N - NOT INJURED","0","NO DATA","136 - JOHN PETER SMITH HOSPITAL","5.734","ST","22 - FAILED TO CONTROL SPEED","No Data","No Data","76119","76119","No","2FAFP71WX5X139729","37","1 - MALE","N - NOT INJURED","0","1","1 - FRONT LEFT OR MOTORCYCLE DRIVER"
"20738286","Yes","FORT WORTH POLICE DEPARTMENT","250023941","FORT WORTH","FAILED TO CONTROL SPEED","TARRANT","2025-04-04","N - NOT INJURED","0","NO DATA","136 - JOHN PETER SMITH HOSPITAL","5.734","ST","No Data","No Data","No Data","76119","76119","No","2GCEC13T661168019","No Data","1 - MALE","N - NOT INJURED","0","1","1 - FRONT LEFT OR MOTORCYCLE DRIVER"
"20738296","Yes","SAN ANTONIO POLICE DEPARTMENT","SAPD25066436","SAN ANTONIO","TURNED IMPROPERLY - CUT CORNER ON LEFT","BEXAR","2025-04-04","N - NOT INJURED","0","NO DATA","182 - METROPOLITAN METHODIST HOSPITAL","1.914","20","63 - TURNED IMPROPERLY - CUT CORNER ON LEFT","No Data","No Data","78212","78212","No","5N1BT3AA7RC685890","67","2 - FEMALE","N - NOT INJURED","0","1","1 - FRONT LEFT OR MOTORCYCLE DRIVER"
"20738296","Yes","SAN ANTONIO POLICE DEPARTMENT","SAPD25066436","SAN ANTONIO","TURNED IMPROPERLY - CUT CORNER ON LEFT","BEXAR","2025-04-04","N - NOT INJURED","0","NO DATA","182 - METROPOLITAN METHODIST HOSPITAL","1.914","20","No Data","No Data","No Data","78223","78223","No","3MYDLBYV4JY309953","39","2 - FEMALE","N - NOT INJURED","0","1","1 - FRONT LEFT OR MOTORCYCLE DRIVER"
"20738301","Yes","AUSTIN POLICE DEPARTMENT","250940452","AUSTIN","DRIVER INATTENTION","TRAVIS","2025-04-04","N - NOT INJURED","0","NO DATA","195 - NORTH AUSTIN MEDICAL CENTER","3.205","WA","No Data","No Data","No Data","78753","78753","No","JTEEW44A082022137","20","1 - MALE","N - NOT INJURED","0","1","1 - FRONT LEFT OR MOTORCYCLE DRIVER"
"20738301","Yes","AUSTIN POLICE DEPARTMENT","250940452","AUSTIN","DRIVER INATTENTION","TRAVIS","2025-04-04","N - NOT INJURED","0","NO DATA","195 - NORTH AUSTIN MEDICAL CENTER","3.205","WA","No Data","No Data","No Data","78701","78701","No","1GNLCDEC3LR270913","38","1 - MALE","N - NOT INJURED","0","1","1 - FRONT LEFT OR MOTORCYCLE DRIVER"
"20738302","Yes","AUSTIN POLICE DEPARTMENT","250940433","AUSTIN","FOLLOWED TOO CLOSELY","TRAVIS","2025-04-04","N - NOT INJURED","0","NO DATA","7 - ASCENSION SETON SOUTHWEST","3.624","AN","44 - FOLLOWED TOO CLOSELY","No Data","No Data","78748","78748","No","3GCUYAEFXMG126736","32","1 - MALE","N - NOT INJURED","0","1","1 - FRONT LEFT OR MOTORCYCLE DRIVER"
"20738302","Yes","AUSTIN POLICE DEPARTMENT","250940433","AUSTIN","FOLLOWED TOO CLOSELY","TRAVIS","2025-04-04","N - NOT INJURED","0","NO DATA","7 - ASCENSION SETON SOUTHWEST","3.624","AN","No Data","No Data","No Data","78748","75094","No","JTMWFREV3HJ708721","20","1 - MALE","N - NOT INJURED","0","1","1 - FRONT LEFT OR MOTORCYCLE DRIVER"
"20738333","Yes","SAN ANTONIO POLICE DEPARTMENT","SAPD25066410","SAN ANTONIO","DISREGARD STOP SIGN OR LIGHT","BEXAR","2025-04-04","C - POSSIBLE INJURY","0","NO DATA","46 - CHRISTUS CHILDRENS HOSPITAL OF SAN ANTONIO","5.708","60","16 - DISREGARD STOP SIGN OR LIGHT","No Data","No Data","78211","78211","No","1GNEC13V75R205870","42","1 - MALE","N - NOT INJURED","0","1","1 - FRONT LEFT OR MOTORCYCLE DRIVER"
"20738333","Yes","SAN ANTONIO POLICE DEPARTMENT","SAPD25066410","SAN ANTONIO","DISREGARD STOP SIGN OR LIGHT","BEXAR","2025-04-04","C - POSSIBLE INJURY","0","NO DATA","46 - CHRISTUS CHILDRENS HOSPITAL OF SAN ANTONIO","5.708","60","No Data","No Data","No Data","78211","78211","No","1FTFW1CV3AFB70471","33","2 - FEMALE","C - POSSIBLE INJURY","0","1","1 - FRONT LEFT OR MOTORCYCLE DRIVER"
"20738333","Yes","SAN ANTONIO POLICE DEPARTMENT","SAPD25066410","SAN ANTONIO","DISREGARD STOP SIGN OR LIGHT","BEXAR","2025-04-04","C - POSSIBLE INJURY","0","NO DATA","46 - CHRISTUS CHILDRENS HOSPITAL OF SAN ANTONIO","5.708","60","No Data","No Data","No Data","78211","78211","No","1FTFW1CV3AFB70471","40","1 - MALE","C - POSSIBLE INJURY","0","2","3 - FRONT RIGHT"
"20738333","Yes","SAN ANTONIO POLICE DEPARTMENT","SAPD25066410","SAN ANTONIO","DISREGARD STOP SIGN OR LIGHT","BEXAR","2025-04-04","C - POSSIBLE INJURY","0","NO DATA","46 - CHRISTUS CHILDRENS HOSPITAL OF SAN ANTONIO","5.708","60","No Data","No Data","No Data","78211","78211","No","1FTFW1CV3AFB70471","4","1 - MALE","C - POSSIBLE INJURY","0","3","4 - SECOND SEAT LEFT OR MOTORCYCLE BACK PASSENGER"
"20738338","No","FAIR OAKS RANCH POLICE DEPARTMENT","25-0082","FAIR OAKS RANCH","DRIVER INATTENTION;OTHER (EXPLAIN IN NARRATIVE)","BEXAR","2025-04-04","N - NOT INJURED","0","NO DATA","196 - NORTH CENTRAL BAPTIST HOSPITAL","10.958","","20 - DRIVER INATTENTION","No Data","No Data","78254","78015","No","JALE5W16XL7902100","27","1 - MALE","N - NOT INJURED","0","1","1 - FRONT LEFT OR MOTORCYCLE DRIVER"
"20738348","Yes","LONGVIEW POLICE DEPARTMENT","25-4448","LONGVIEW","FOLLOWED TOO CLOSELY","GREGG","2025-04-04","N - NOT INJURED","0","NO DATA","149 - LONGVIEW REGIONAL MEDICAL CENTER","1.717","","44 - FOLLOWED TOO CLOSELY","No Data","No Data","75672","75672","No","3A8FY68BX6T208130","28","1 - MALE","N - NOT INJURED","0","1","1 - FRONT LEFT OR MOTORCYCLE DRIVER"
"20738348","Yes","LONGVIEW POLICE DEPARTMENT","25-4448","LONGVIEW","FOLLOWED TOO CLOSELY","GREGG","2025-04-04","N - NOT INJURED","0","NO DATA","149 - LONGVIEW REGIONAL MEDICAL CENTER","1.717","","No Data","No Data","No Data","75662","75605","No","1N4BL4BVXRN387985","28","2 - FEMALE","N - NOT INJURED","0","1","1 - FRONT LEFT OR MOTORCYCLE DRIVER"
"20738352","Yes","SAN ANGELO POLICE DEPARTMENT","20250003684","SAN ANGELO","FAILED TO YIELD RIGHT OF WAY - TURNING LEFT","TOM GREEN","2025-04-04","N - NOT INJURED","0","NO DATA","230 - SHANNON MEDICAL CENTER","1.626","","37 - FAILED TO YIELD RIGHT OF WAY - TURNING LEFT","No Data","No Data","76901","76901","No","2G1FF1E32F9300485","17","2 - FEMALE","N - NOT INJURED","0","1","1 - FRONT LEFT OR MOTORCYCLE DRIVER"
"20738352","Yes","SAN ANGELO POLICE DEPARTMENT","20250003684","SAN ANGELO","FAILED TO YIELD RIGHT OF WAY - TURNING LEFT","TOM GREEN","2025-04-04","N - NOT INJURED","0","NO DATA","230 - SHANNON MEDICAL CENTER","1.626","","No Data","No Data","No Data","76904","76904","No","1C6HJTAG0PL546259","51","1 - MALE","N - NOT INJURED","0","1","1 - FRONT LEFT OR MOTORCYCLE DRIVER"
"20738352","Yes","SAN ANGELO POLICE DEPARTMENT","20250003684","SAN ANGELO","FAILED TO YIELD RIGHT OF WAY - TURNING LEFT","TOM GREEN","2025-04-04","N - NOT INJURED","0","NO DATA","230 - SHANNON MEDICAL CENTER","1.626","","No Data","No Data","No Data","76904","76904","No","1C6HJTAG0PL546259","60","2 - FEMALE","N - NOT INJURED","0","2","3 - FRONT RIGHT"
"20738355","Yes","AUSTIN POLICE DEPARTMENT","250940386","AUSTIN","DISTRACTION IN VEHICLE; FAILED TO STOP AT PROPER PLACE","TRAVIS","2025-04-04","N - NOT INJURED","0","NO DATA","243 - ST. DAVIDS SOUTH AUSTIN MEDICAL CENTER","4.484","AN","19 - DISTRACTION IN VEHICLE","29 - FAILED TO STOP AT PROPER PLACE","No Data","78610","78610","No","JM3TB2BA1C0361287","45","1 - MALE","N - NOT INJURED","0","1","1 - FRONT LEFT OR MOTORCYCLE DRIVER"
"20738355","Yes","AUSTIN POLICE DEPARTMENT","250940386","AUSTIN","DISTRACTION IN VEHICLE; FAILED TO STOP AT PROPER PLACE","TRAVIS","2025-04-04","N - NOT INJURED","0","NO DATA","243 - ST. DAVIDS SOUTH AUSTIN MEDICAL CENTER","4.484","AN","No Data","No Data","No Data","78616","78616","No","1FM5K7D90DGA55381","23","1 - MALE","N - NOT INJURED","0","1","1 - FRONT LEFT OR MOTORCYCLE DRIVER"
"20738361","Yes","DALLAS POLICE DEPARTMENT","46913-2025","DALLAS","FAULTY EVASIVE ACTION;UNSAFE SPEED","DALLAS","2025-04-04","B - SUSPECTED MINOR INJURY","0","NO DATA","41 - CHILDRENS MEDICAL CENTER OF DALLAS","1.678","","60 - UNSAFE SPEED","41 - FAULTY EVASIVE ACTION","No Data","75211","75211","No","1G1ZD5ST5RF169594","37","1 - MALE","N - NOT INJURED","0","1","1 - FRONT LEFT OR MOTORCYCLE DRIVER"
"20738361","Yes","DALLAS POLICE DEPARTMENT","46913-2025","DALLAS","FAULTY EVASIVE ACTION;UNSAFE SPEED","DALLAS","2025-04-04","B - SUSPECTED MINOR INJURY","0","NO DATA","41 - CHILDRENS MEDICAL CENTER OF DALLAS","1.678","","No Data","No Data","No Data","75235","75235","No","3N1AB7AP9FY224789","53","2 - FEMALE","B - SUSPECTED MINOR INJURY","1","1","1 - FRONT LEFT OR MOTORCYCLE DRIVER"
"20738361","Yes","DALLAS POLICE DEPARTMENT","46913-2025","DALLAS","FAULTY EVASIVE ACTION;UNSAFE SPEED","DALLAS","2025-04-04","B - SUSPECTED MINOR INJURY","0","NO DATA","41 - CHILDRENS MEDICAL CENTER OF DALLAS","1.678","","No Data","No Data","No Data","75219","75219","No","JF2SKADC8MH401611","23","1 - MALE","N - NOT INJURED","0","1","1 - FRONT LEFT OR MOTORCYCLE DRIVER"
"20738368","No","LAREDO POLICE DEPARTMENT","2025-00053311","LAREDO","FAILED TO YIELD RIGHT OF WAY - TURNING LEFT","WEBB","2025-04-04","N - NOT INJURED","0","NO DATA","141 - LAREDO MEDICAL CENTER","3.802","","37 - FAILED TO YIELD RIGHT OF WAY - TURNING LEFT","No Data","No Data","78046","78046","No","1N6AD0CU2CC412508","73","2 - FEMALE","N - NOT INJURED","0","1","1 - FRONT LEFT OR MOTORCYCLE DRIVER"
"20738368","No","LAREDO POLICE DEPARTMENT","2025-00053311","LAREDO","FAILED TO YIELD RIGHT OF WAY - TURNING LEFT","WEBB","2025-04-04","N - NOT INJURED","0","NO DATA","141 - LAREDO MEDICAL CENTER","3.802","","No Data","No Data","No Data","78046","78046","No","1N4BL4CVXRN314260","No Data","2 - FEMALE","N - NOT INJURED","0","1","1 - FRONT LEFT OR MOTORCYCLE DRIVER"
"20738377","Yes","HOUSTON POLICE DEPARTMENT","0043042525U","HOUSTON","FAILED TO CONTROL SPEED","HARRIS","2025-04-04","N - NOT INJURED","0","NO DATA","121 - HCA HOUSTON HEALTHCARE WEST","2.049","G","22 - FAILED TO CONTROL SPEED","No Data","No Data","","No Data","No","1N4AL3AP3GC252901","27","1 - MALE","N - NOT INJURED","0","1","1 - FRONT LEFT OR MOTORCYCLE DRIVER"
"20738377","Yes","HOUSTON POLICE DEPARTMENT","0043042525U","HOUSTON","FAILED TO CONTROL SPEED","HARRIS","2025-04-04","N - NOT INJURED","0","NO DATA","121 - HCA HOUSTON HEALTHCARE WEST","2.049","G","22 - FAILED TO CONTROL SPEED","No Data","No Data","","No Data","No","1N4AL3AP3GC252901","24","2 - FEMALE","N - NOT INJURED","0","2","3 - FRONT RIGHT"
"20738388","Yes","LAREDO POLICE DEPARTMENT","2025-00053298","LAREDO","ANIMAL ON ROAD - WILD","WEBB","2025-04-04","N - NOT INJURED","0","NO DATA","141 - LAREDO MEDICAL CENTER","1.444","","2 - ANIMAL ON ROAD - WILD","No Data","No Data","78040","78040","No","5TFAZ5CN7MX114427","53","2 - FEMALE","N - NOT INJURED","0","1","1 - FRONT LEFT OR MOTORCYCLE DRIVER"
"20738389","Yes","LAREDO POLICE DEPARTMENT","2025-00053266","LAREDO","CHANGED LANE WHEN UNSAFE","WEBB","2025-04-04","N - NOT INJURED","0","NO DATA","141 - LAREDO MEDICAL CENTER","2.714","0","4 - CHANGED LANE WHEN UNSAFE","No Data","No Data","88240","88240","No","3N8CP5HD4HL478275","56","2 - FEMALE","N - NOT INJURED","0","1","1 - FRONT LEFT OR MOTORCYCLE DRIVER"
"20738389","Yes","LAREDO POLICE DEPARTMENT","2025-00053266","LAREDO","CHANGED LANE WHEN UNSAFE","WEBB","2025-04-04","N - NOT INJURED","0","NO DATA","141 - LAREDO MEDICAL CENTER","2.714","0","4 - CHANGED LANE WHEN UNSAFE","No Data","No Data","88240","88240","No","3N8CP5HD4HL478275","0","1 - MALE","N - NOT INJURED","0","2","6 - SECOND SEAT RIGHT"
"20738389","Yes","LAREDO POLICE DEPARTMENT","2025-00053266","LAREDO","CHANGED LANE WHEN UNSAFE","WEBB","2025-04-04","N - NOT INJURED","0","NO DATA","141 - LAREDO MEDICAL CENTER","2.714","0","No Data","No Data","No Data","78041","78041","No","1GNSCNKD9MR229010","52","2 - FEMALE","N - NOT INJURED","0","1","1 - FRONT LEFT OR MOTORCYCLE DRIVER"
"20738390","Yes","LAREDO POLICE DEPARTMENT","2025-00053280","LAREDO","CHANGED LANE WHEN UNSAFE","WEBB","2025-04-04","N - NOT INJURED","0","NO DATA","141 - LAREDO MEDICAL CENTER","1.681","0","4 - CHANGED LANE WHEN UNSAFE","No Data","No Data","78046","78040","No","JM1BL1V73C1568947","31","2 - FEMALE","N - NOT INJURED","0","1","1 - FRONT LEFT OR MOTORCYCLE DRIVER"
"20738390","Yes","LAREDO POLICE DEPARTMENT","2025-00053280","LAREDO","CHANGED LANE WHEN UNSAFE","WEBB","2025-04-04","N - NOT INJURED","0","NO DATA","141 - LAREDO MEDICAL CENTER","1.681","0","No Data","No Data","No Data","78045","78046","No","1GCPTFEK8R1252699","39","1 - MALE","N - NOT INJURED","0","1","1 - FRONT LEFT OR MOTORCYCLE DRIVER"
"20738392","Yes","ANGLETON POLICE DEPARTMENT","2025-000543","ANGLETON","FAILED TO YIELD RIGHT OF WAY - STOP SIGN","BRAZORIA","2025-04-04","N - NOT INJURED","0","NO DATA","285 - UTMB HEALTH ANGLETON DANBURY CAMPUS","1.57","","35 - FAILED TO YIELD RIGHT OF WAY - STOP SIGN","No Data","No Data","66441","77480","No","5NPDH4AE8EH472257","26","2 - FEMALE","N - NOT INJURED","0","1","1 - FRONT LEFT OR MOTORCYCLE DRIVER"
"20738392","Yes","ANGLETON POLICE DEPARTMENT","2025-000543","ANGLETON","FAILED TO YIELD RIGHT OF WAY - STOP SIGN","BRAZORIA","2025-04-04","N - NOT INJURED","0","NO DATA","285 - UTMB HEALTH ANGLETON DANBURY CAMPUS","1.57","","35 - FAILED TO YIELD RIGHT OF WAY - STOP SIGN","No Data","No Data","66441","77480","No","5NPDH4AE8EH472257","1","1 - MALE","N - NOT INJURED","0","2","6 - SECOND SEAT RIGHT"
"20738392","Yes","ANGLETON POLICE DEPARTMENT","2025-000543","ANGLETON","FAILED TO YIELD RIGHT OF WAY - STOP SIGN","BRAZORIA","2025-04-04","N - NOT INJURED","0","NO DATA","285 - UTMB HEALTH ANGLETON DANBURY CAMPUS","1.57","","35 - FAILED TO YIELD RIGHT OF WAY - STOP SIGN","No Data","No Data","66441","77480","No","5NPDH4AE8EH472257","0","1 - MALE","N - NOT INJURED","0","3","5 - SECOND SEAT CENTER"
"20738392","Yes","ANGLETON POLICE DEPARTMENT","2025-000543","ANGLETON","FAILED TO YIELD RIGHT OF WAY - STOP SIGN","BRAZORIA","2025-04-04","N - NOT INJURED","0","NO DATA","285 - UTMB HEALTH ANGLETON DANBURY CAMPUS","1.57","","No Data","No Data","No Data","77486","77486","No","2FMDK3JC5DBB14274","33","2 - FEMALE","N - NOT INJURED","0","1","1 - FRONT LEFT OR MOTORCYCLE DRIVER"
"20738395","Yes","MISSOURI CITY POLICE DEPARTMENT","25001152","MISSOURI CITY","FAILED TO YIELD RIGHT OF WAY - PRIVATE DRIVE","FORT BEND","2025-04-04","C - POSSIBLE INJURY","0","NO DATA","168 - MEMORIAL HERMANN SOUTHWEST HOSPITAL","6.912","","34 - FAILED TO YIELD RIGHT OF WAY - PRIVATE DRIVE","No Data","No Data","77549","77549","No","KL79MSSL1RB190887","65","2 - FEMALE","C - POSSIBLE INJURY","0","1","1 - FRONT LEFT OR MOTORCYCLE DRIVER"
"20738395","Yes","MISSOURI CITY POLICE DEPARTMENT","25001152","MISSOURI CITY","FAILED TO YIELD RIGHT OF WAY - PRIVATE DRIVE","FORT BEND","2025-04-04","C - POSSIBLE INJURY","0","NO DATA","168 - MEMORIAL HERMANN SOUTHWEST HOSPITAL","6.912","","No Data","No Data","No Data","77545","77545","No","1HGCR2F34GA050678","35","1 - MALE","N - NOT INJURED","0","1","1 - FRONT LEFT OR MOTORCYCLE DRIVER"
"20738395","Yes","MISSOURI CITY POLICE DEPARTMENT","25001152","MISSOURI CITY","FAILED TO YIELD RIGHT OF WAY - PRIVATE DRIVE","FORT BEND","2025-04-04","C - POSSIBLE INJURY","0","NO DATA","168 - MEMORIAL HERMANN SOUTHWEST HOSPITAL","6.912","","No Data","No Data","No Data","77057","77057","No","JM3ER2BM5B0362598","34","1 - MALE","N - NOT INJURED","0","1","1 - FRONT LEFT OR MOTORCYCLE DRIVER"
"20738395","Yes","MISSOURI CITY POLICE DEPARTMENT","25001152","MISSOURI CITY","FAILED TO YIELD RIGHT OF WAY - PRIVATE DRIVE","FORT BEND","2025-04-04","C - POSSIBLE INJURY","0","NO DATA","168 - MEMORIAL HERMANN SOUTHWEST HOSPITAL","6.912","","No Data","No Data","No Data","77057","77057","No","JM3ER2BM5B0362598","34","1 - MALE","N - NOT INJURED","0","2","3 - FRONT RIGHT"
"20738415","Yes","LAREDO POLICE DEPARTMENT","2025-0053333","LAREDO","FAILED TO CONTROL SPEED","WEBB","2025-04-04","N - NOT INJURED","0","NO DATA","141 - LAREDO MEDICAL CENTER","4.789","","22 - FAILED TO CONTROL SPEED","No Data","No Data","78046","78046","No","2A4GP54L27R278811","48","1 - MALE","N - NOT INJURED","0","1","1 - FRONT LEFT OR MOTORCYCLE DRIVER"
"20738415","Yes","LAREDO POLICE DEPARTMENT","2025-0053333","LAREDO","FAILED TO CONTROL SPEED","WEBB","2025-04-04","N - NOT INJURED","0","NO DATA","141 - LAREDO MEDICAL CENTER","4.789","","No Data","No Data","No Data","78046","78046","No","KMHLL4DGXRU729577","40","1 - MALE","N - NOT INJURED","0","1","1 - FRONT LEFT OR MOTORCYCLE DRIVER"
"20738416","Yes","LAREDO POLICE DEPARTMENT","2025-00053336","LAREDO","BACKED WITHOUT SAFETY","WEBB","2025-04-04","N - NOT INJURED","0","NO DATA","No Data","No Data","","3 - BACKED WITHOUT SAFETY","No Data","No Data","78040","78040","No","1FAHP36N59W263524","20","2 - FEMALE","N - NOT INJURED","0","1","1 - FRONT LEFT OR MOTORCYCLE DRIVER"
"20738416","Yes","LAREDO POLICE DEPARTMENT","2025-00053336","LAREDO","BACKED WITHOUT SAFETY","WEBB","2025-04-04","N - NOT INJURED","0","NO DATA","No Data","No Data","","No Data","No Data","No Data","78045","78045","No","WAUDACF5XNA013355","19","1 - MALE","N - NOT INJURED","0","1","1 - FRONT LEFT OR MOTORCYCLE DRIVER"
"20738418","Yes","TRAVIS COUNTY SHERIFF'S OFFICE","250940332","MUSTANG RIDGE","FATIGUED OR ASLEEP; FAULTY EVASIVE ACTION","TRAVIS","2025-04-04","C - POSSIBLE INJURY","0","NO DATA","243 - ST. DAVIDS SOUTH AUSTIN MEDICAL CENTER","10.343","30","40 - FATIGUED OR ASLEEP","41 - FAULTY EVASIVE ACTION","No Data","78744","78744","No","1GCEC14W82Z101108","18","1 - MALE","C - POSSIBLE INJURY","0","1","1 - FRONT LEFT OR MOTORCYCLE DRIVER"
"20738423","Yes","DENTON POLICE DEPARTMENT","25055636","DENTON","FAILED TO CONTROL SPEED","DENTON","2025-04-04","N - NOT INJURED","0","NO DATA","152 - MEDICAL CITY DENTON","2.317","","22 - FAILED TO CONTROL SPEED","No Data","No Data","760209","75602","No","3N1BC1CP8BL510281","22","2 - FEMALE","N - NOT INJURED","0","1","1 - FRONT LEFT OR MOTORCYCLE DRIVER"
"20738423","Yes","DENTON POLICE DEPARTMENT","25055636","DENTON","FAILED TO CONTROL SPEED","DENTON","2025-04-04","N - NOT INJURED","0","NO DATA","152 - MEDICAL CITY DENTON","2.317","","No Data","No Data","No Data","75067","75067","No","2C3KA53G17H722499","25","2 - FEMALE","N - NOT INJURED","0","1","1 - FRONT LEFT OR MOTORCYCLE DRIVER"
"20738428","Yes","MCGREGOR POLICE DEPARTMENT","25-01504","MCGREGOR","FAULTY EVASIVE ACTION;UNSAFE SPEED","MCLENNAN","2025-04-04","N - NOT INJURED","0","NO DATA","2 - ASCENSION PROVIDENCE HOSPITAL","7.573","","60 - UNSAFE SPEED","41 - FAULTY EVASIVE ACTION","No Data","76705","76705","No","5TDZT38A11S031432","27","2 - FEMALE","N - NOT INJURED","0","1","1 - FRONT LEFT OR MOTORCYCLE DRIVER"
"20738428","Yes","MCGREGOR POLICE DEPARTMENT","25-01504","MCGREGOR","FAULTY EVASIVE ACTION;UNSAFE SPEED","MCLENNAN","2025-04-04","N - NOT INJURED","0","NO DATA","2 - ASCENSION PROVIDENCE HOSPITAL","7.573","","60 - UNSAFE SPEED","41 - FAULTY EVASIVE ACTION","No Data","76705","76705","No","5TDZT38A11S031432","7","1 - MALE","N - NOT INJURED","0","2","9 - THIRD SEAT RIGHT"
"20738428","Yes","MCGREGOR POLICE DEPARTMENT","25-01504","MCGREGOR","FAULTY EVASIVE ACTION;UNSAFE SPEED","MCLENNAN","2025-04-04","N - NOT INJURED","0","NO DATA","2 - ASCENSION PROVIDENCE HOSPITAL","7.573","","60 - UNSAFE SPEED","41 - FAULTY EVASIVE ACTION","No Data","76705","76705","No","5TDZT38A11S031432","5","2 - FEMALE","N - NOT INJURED","0","3","7 - THIRD SEAT LEFT"
"20738430","Yes","DENTON POLICE DEPARTMENT","25055703","DENTON","FAILED TO CONTROL SPEED","DENTON","2025-04-04","C - POSSIBLE INJURY","0","NO DATA","152 - MEDICAL CITY DENTON","3.405","","22 - FAILED TO CONTROL SPEED","No Data","No Data","76258","76258","No","3C6UD5DL2CG218956","46","1 - MALE","C - POSSIBLE INJURY","0","1","1 - FRONT LEFT OR MOTORCYCLE DRIVER"
"20738430","Yes","DENTON POLICE DEPARTMENT","25055703","DENTON","FAILED TO CONTROL SPEED","DENTON","2025-04-04","C - POSSIBLE INJURY","0","NO DATA","152 - MEDICAL CITY DENTON","3.405","","22 - FAILED TO CONTROL SPEED","No Data","No Data","76258","76258","No","3C6UD5DL2CG218956","23","2 - FEMALE","C - POSSIBLE INJURY","0","2","3 - FRONT RIGHT"
"20738430","Yes","DENTON POLICE DEPARTMENT","25055703","DENTON","FAILED TO CONTROL SPEED","DENTON","2025-04-04","C - POSSIBLE INJURY","0","NO DATA","152 - MEDICAL CITY DENTON","3.405","","No Data","No Data","No Data","66079","76210","No","1GBE4E12X5F503874","55","1 - MALE","N - NOT INJURED","0","1","1 - FRONT LEFT OR MOTORCYCLE DRIVER"
"20738430","Yes","DENTON POLICE DEPARTMENT","25055703","DENTON","FAILED TO CONTROL SPEED","DENTON","2025-04-04","C - POSSIBLE INJURY","0","NO DATA","152 - MEDICAL CITY DENTON","3.405","","No Data","No Data","No Data","66079","76210","No","1GBE4E12X5F503874","55","1 - MALE","N - NOT INJURED","0","2","3 - FRONT RIGHT"
"20738432","Yes","CORPUS CHRISTI POLICE DEPARTMENT","C2501939","CORPUS CHRISTI","CHANGED LANE WHEN UNSAFE","NUECES","2025-04-04","N - NOT INJURED","0","NO DATA","59 - CHRISTUS SPOHN HOSPITAL CORPUS CHRISTI SHORELINE","2.004","","4 - CHANGED LANE WHEN UNSAFE","No Data","No Data","77518","77578","No","1FTEW1C5XKKE02777","34","1 - MALE","N - NOT INJURED","0","1","1 - FRONT LEFT OR MOTORCYCLE DRIVER"
"20738432","Yes","CORPUS CHRISTI POLICE DEPARTMENT","C2501939","CORPUS CHRISTI","CHANGED LANE WHEN UNSAFE","NUECES","2025-04-04","N - NOT INJURED","0","NO DATA","59 - CHRISTUS SPOHN HOSPITAL CORPUS CHRISTI SHORELINE","2.004","","No Data","No Data","No Data","78411","78411","No","KMHGN4JE3HU174730","39","1 - MALE","N - NOT INJURED","0","1","1 - FRONT LEFT OR MOTORCYCLE DRIVER"
"20738432","Yes","CORPUS CHRISTI POLICE DEPARTMENT","C2501939","CORPUS CHRISTI","CHANGED LANE WHEN UNSAFE","NUECES","2025-04-04","N - NOT INJURED","0","NO DATA","59 - CHRISTUS SPOHN HOSPITAL CORPUS CHRISTI SHORELINE","2.004","","No Data","No Data","No Data","78411","78411","No","KMHGN4JE3HU174730","36","1 - MALE","N - NOT INJURED","0","2","3 - FRONT RIGHT"
"20738439","Yes","DEPARTMENT OF PUBLIC SAFETY, STATE OF TEXAS","TX 2025-517418","OUTSIDE CITY LIMITS","CHANGED LANE WHEN UNSAFE","CLAY","2025-04-04","B - SUSPECTED MINOR INJURY","0","NO DATA","274 - UNITED REGIONAL HEALTH CARE SYSTEM","11.433","5A","4 - CHANGED LANE WHEN UNSAFE","No Data","No Data","76228","76228","No","JM1BK32F781776248","19","2 - FEMALE","B - SUSPECTED MINOR INJURY","1","1","1 - FRONT LEFT OR MOTORCYCLE DRIVER"
"20738439","Yes","DEPARTMENT OF PUBLIC SAFETY, STATE OF TEXAS","TX 2025-517418","OUTSIDE CITY LIMITS","CHANGED LANE WHEN UNSAFE","CLAY","2025-04-04","B - SUSPECTED MINOR INJURY","0","NO DATA","274 - UNITED REGIONAL HEALTH CARE SYSTEM","11.433","5A","No Data","No Data","No Data","74884","76227","No","1C4RJHAG8N8597860","28","2 - FEMALE","N - NOT INJURED","0","1","1 - FRONT LEFT OR MOTORCYCLE DRIVER"
"20738447","Yes","LEWISVILLE POLICE DEPARTMENT","25-02659","LEWISVILLE","FAILED TO YIELD RIGHT OF WAY - PRIVATE DRIVE","DENTON","2025-04-04","A - SUSPECTED SERIOUS INJURY","0","NO DATA","156 - MEDICAL CITY LEWISVILLE","0.715","","34 - FAILED TO YIELD RIGHT OF WAY - PRIVATE DRIVE","No Data","No Data","76641","76641","No","1FTSW21R18EC67825","43","1 - MALE","B - SUSPECTED MINOR INJURY","1","1","1 - FRONT LEFT OR MOTORCYCLE DRIVER"
"20738447","Yes","LEWISVILLE POLICE DEPARTMENT","25-02659","LEWISVILLE","FAILED TO YIELD RIGHT OF WAY - PRIVATE DRIVE","DENTON","2025-04-04","A - SUSPECTED SERIOUS INJURY","0","NO DATA","156 - MEDICAL CITY LEWISVILLE","0.715","","No Data","No Data","No Data","75057","75057","No","5XXG64J29RG245461","29","2 - FEMALE","A - SUSPECTED SERIOUS INJURY","0","1","1 - FRONT LEFT OR MOTORCYCLE DRIVER"
"20738466","Yes","FORT WORTH POLICE DEPARTMENT","250023961","FORT WORTH","FAILED TO CONTROL SPEED","TARRANT","2025-04-04","B - SUSPECTED MINOR INJURY","0","NO DATA","161 - MEDICAL CITY NORTH HILLS","3.803","ST","22 - FAILED TO CONTROL SPEED","No Data","No Data","76015","75243","No","1N6BA07D99N315097","45","1 - MALE","N - NOT INJURED","0","1","1 - FRONT LEFT OR MOTORCYCLE DRIVER"
"20738466","Yes","FORT WORTH POLICE DEPARTMENT","250023961","FORT WORTH","FAILED TO CONTROL SPEED","TARRANT","2025-04-04","B - SUSPECTED MINOR INJURY","0","NO DATA","161 - MEDICAL CITY NORTH HILLS","3.803","ST","No Data","No Data","No Data","76051","76051","No","JN8AT3BA1MW008523","27","2 - FEMALE","B - SUSPECTED MINOR INJURY","1","1","1 - FRONT LEFT OR MOTORCYCLE DRIVER"
"20738466","Yes","FORT WORTH POLICE DEPARTMENT","250023961","FORT WORTH","FAILED TO CONTROL SPEED","TARRANT","2025-04-04","B - SUSPECTED MINOR INJURY","0","NO DATA","161 - MEDICAL CITY NORTH HILLS","3.803","ST","No Data","No Data","No Data","76018","76018","No","1N6AD0ER2CC434484","37","1 - MALE","N - NOT INJURED","0","1","1 - FRONT LEFT OR MOTORCYCLE DRIVER"
"20738466","Yes","FORT WORTH POLICE DEPARTMENT","250023961","FORT WORTH","FAILED TO CONTROL SPEED","TARRANT","2025-04-04","B - SUSPECTED MINOR INJURY","0","NO DATA","161 - MEDICAL CITY NORTH HILLS","3.803","ST","No Data","No Data","No Data","76018","76018","No","1FT7W2BT8GEA32059","54","1 - MALE","N - NOT INJURED","0","1","1 - FRONT LEFT OR MOTORCYCLE DRIVER"
"20738466","Yes","FORT WORTH POLICE DEPARTMENT","250023961","FORT WORTH","FAILED TO CONTROL SPEED","TARRANT","2025-04-04","B - SUSPECTED MINOR INJURY","0","NO DATA","161 - MEDICAL CITY NORTH HILLS","3.803","ST","No Data","No Data","No Data","76018","76018","No","1FT7W2BT8GEA32059","53","1 - MALE","N - NOT INJURED","0","2","3 - FRONT RIGHT"
"20738467","No","FORT WORTH POLICE DEPARTMENT","250023937","FORT WORTH","FAILED TO CONTROL SPEED","TARRANT","2025-04-04","N - NOT INJURED","0","NO DATA","136 - JOHN PETER SMITH HOSPITAL","6.147","ST","22 - FAILED TO CONTROL SPEED","No Data","No Data","76001","76001","No","5NPE24AF8GH380163","32","1 - MALE","N - NOT INJURED","0","1","1 - FRONT LEFT OR MOTORCYCLE DRIVER"
"20738467","No","FORT WORTH POLICE DEPARTMENT","250023937","FORT WORTH","FAILED TO CONTROL SPEED","TARRANT","2025-04-04","N - NOT INJURED","0","NO DATA","136 - JOHN PETER SMITH HOSPITAL","6.147","ST","22 - FAILED TO CONTROL SPEED","No Data","No Data","76015","76015","No","3C6JD6CT1CG266927","51","1 - MALE","N - NOT INJURED","0","1","1 - FRONT LEFT OR MOTORCYCLE DRIVER"
"20738467","No","FORT WORTH POLICE DEPARTMENT","250023937","FORT WORTH","FAILED TO CONTROL SPEED","TARRANT","2025-04-04","N - NOT INJURED","0","NO DATA","136 - JOHN PETER SMITH HOSPITAL","6.147","ST","22 - FAILED TO CONTROL SPEED","No Data","No Data","75167","75167","No","3GTP9EED8LG364020","52","1 - MALE","N - NOT INJURED","0","1","1 - FRONT LEFT OR MOTORCYCLE DRIVER"
"20738467","No","FORT WORTH POLICE DEPARTMENT","250023937","FORT WORTH","FAILED TO CONTROL SPEED","TARRANT","2025-04-04","N - NOT INJURED","0","NO DATA","136 - JOHN PETER SMITH HOSPITAL","6.147","ST","No Data","No Data","No Data","76016","76016","No","5YFBURHE8EP136326","26","2 - FEMALE","N - NOT INJURED","0","1","1 - FRONT LEFT OR MOTORCYCLE DRIVER"
"20738468","Yes","FORT WORTH POLICE DEPARTMENT","250023991","FORT WORTH","FAILED TO CONTROL SPEED","TARRANT","2025-04-04","N - NOT INJURED","0","NO DATA","136 - JOHN PETER SMITH HOSPITAL","5.587","ST","22 - FAILED TO CONTROL SPEED","No Data","No Data","76119","76119","No","2C3CDXHGXFH924594","23","1 - MALE","N - NOT INJURED","0","1","1 - FRONT LEFT OR MOTORCYCLE DRIVER"
"20738468","Yes","FORT WORTH POLICE DEPARTMENT","250023991","FORT WORTH","FAILED TO CONTROL SPEED","TARRANT","2025-04-04","N - NOT INJURED","0","NO DATA","136 - JOHN PETER SMITH HOSPITAL","5.587","ST","No Data","No Data","No Data","76063","76063","No","1N6AA1R73HN535018","54","1 - MALE","N - NOT INJURED","0","1","1 - FRONT LEFT OR MOTORCYCLE DRIVER"
"20738471","Yes","JOHNSON COUNTY SHERIFF'S OFFICE","25-00001662","OUTSIDE CITY LIMITS","FAILED TO CONTROL SPEED","JOHNSON","2025-04-04","N - NOT INJURED","0","NO DATA","259 - TEXAS HEALTH HUGULEY HOSPITAL","6.976","","22 - FAILED TO CONTROL SPEED","No Data","No Data","76028","76028","No","1V2WR2CA4KC595211","42","2 - FEMALE","N - NOT INJURED","0","1","1 - FRONT LEFT OR MOTORCYCLE DRIVER"
"20738496","Yes","SOUTHLAKE POLICE DEPARTMENT","CFS25066696","SOUTHLAKE","UNSAFE SPEED","TARRANT","2025-04-04","N - NOT INJURED","0","NO DATA","17 - BAYLOR SCOTT & WHITE MEDICAL CENTER - GRAPEVINE","1.324","","60 - UNSAFE SPEED","No Data","No Data","75051","75051","No","JTEZU14R648011159","27","2 - FEMALE","N - NOT INJURED","0","1","1 - FRONT LEFT OR MOTORCYCLE DRIVER"
"20738496","Yes","SOUTHLAKE POLICE DEPARTMENT","CFS25066696","SOUTHLAKE","UNSAFE SPEED","TARRANT","2025-04-04","N - NOT INJURED","0","NO DATA","17 - BAYLOR SCOTT & WHITE MEDICAL CENTER - GRAPEVINE","1.324","","No Data","No Data","No Data","76048","76048","No","SALEXFEU6R2299990","20","2 - FEMALE","N - NOT INJURED","0","1","1 - FRONT LEFT OR MOTORCYCLE DRIVER"
"20738502","Yes","MANOR POLICE DEPARTMENT","250940127","MANOR","FAILED TO YIELD RIGHT OF WAY - OPEN INTERSECTION","TRAVIS","2025-04-04","N - NOT INJURED","0","NO DATA","87 - DELL CHILDRENS MEDICAL CENTER","10.506","","33 - FAILED TO YIELD RIGHT OF WAY - OPEN INTERSECTION","No Data","No Data","78653","78653","No","WBAEK13496CN79336","63","1 - MALE","N - NOT INJURED","0","1","1 - FRONT LEFT OR MOTORCYCLE DRIVER"
"20738502","Yes","MANOR POLICE DEPARTMENT","250940127","MANOR","FAILED TO YIELD RIGHT OF WAY - OPEN INTERSECTION","TRAVIS","2025-04-04","N - NOT INJURED","0","NO DATA","87 - DELL CHILDRENS MEDICAL CENTER","10.506","","No Data","No Data","No Data","78750","78750","No","3GCUYDED9LG407361","22","2 - FEMALE","N - NOT INJURED","0","1","1 - FRONT LEFT OR MOTORCYCLE DRIVER"
"20738517","Yes","HOUSTON POLICE DEPARTMENT","0043144525A","HOUSTON","FAILED TO YIELD RIGHT OF WAY - PRIVATE DRIVE","HARRIS","2025-04-04","B - SUSPECTED MINOR INJURY","0","NO DATA","165 - MEMORIAL HERMANN MEMORIAL CITY MEDICAL CENTER","1.412","F","34 - FAILED TO YIELD RIGHT OF WAY - PRIVATE DRIVE","No Data","No Data","77095","77095","No","3VVCB7AX8RM127246","63","2 - FEMALE","C - POSSIBLE INJURY","0","1","1 - FRONT LEFT OR MOTORCYCLE DRIVER"
"20738517","Yes","HOUSTON POLICE DEPARTMENT","0043144525A","HOUSTON","FAILED TO YIELD RIGHT OF WAY - PRIVATE DRIVE","HARRIS","2025-04-04","B - SUSPECTED MINOR INJURY","0","NO DATA","165 - MEMORIAL HERMANN MEMORIAL CITY MEDICAL CENTER","1.412","F","No Data","No Data","No Data","77043","77043","No","JHMFC1F94JX009112","56","2 - FEMALE","B - SUSPECTED MINOR INJURY","1","1","1 - FRONT LEFT OR MOTORCYCLE DRIVER"
"20738524","Yes","DAYTON POLICE DEPARTMENT","C2503368","DAYTON","FAILED TO YIELD RIGHT OF WAY - STOP SIGN","LIBERTY","2025-04-04","N - NOT INJURED","0","NO DATA","118 - HCA HOUSTON HEALTHCARE KINGWOOD","21.325","","No Data","No Data","No Data","77575","78942","No","1XKDP4TX6FJ464477","42","1 - MALE","N - NOT INJURED","0","1","1 - FRONT LEFT OR MOTORCYCLE DRIVER"
"20738524","Yes","DAYTON POLICE DEPARTMENT","C2503368","DAYTON","FAILED TO YIELD RIGHT OF WAY - STOP SIGN","LIBERTY","2025-04-04","N - NOT INJURED","0","NO DATA","118 - HCA HOUSTON HEALTHCARE KINGWOOD","21.325","","35 - FAILED TO YIELD RIGHT OF WAY - STOP SIGN","No Data","No Data","77396","77396","No","JTEMU5JR7M5929722","49","1 - MALE","N - NOT INJURED","0","1","1 - FRONT LEFT OR MOTORCYCLE DRIVER"
"20738524","Yes","DAYTON POLICE DEPARTMENT","C2503368","DAYTON","FAILED TO YIELD RIGHT OF WAY - STOP SIGN","LIBERTY","2025-04-04","N - NOT INJURED","0","NO DATA","118 - HCA HOUSTON HEALTHCARE KINGWOOD","21.325","","35 - FAILED TO YIELD RIGHT OF WAY - STOP SIGN","No Data","No Data","77396","77396","No","JTEMU5JR7M5929722","14","1 - MALE","N - NOT INJURED","0","2","3 - FRONT RIGHT"
"20738524","Yes","DAYTON POLICE DEPARTMENT","C2503368","DAYTON","FAILED TO YIELD RIGHT OF WAY - STOP SIGN","LIBERTY","2025-04-04","N - NOT INJURED","0","NO DATA","118 - HCA HOUSTON HEALTHCARE KINGWOOD","21.325","","35 - FAILED TO YIELD RIGHT OF WAY - STOP SIGN","No Data","No Data","77396","77396","No","JTEMU5JR7M5929722","12","1 - MALE","N - NOT INJURED","0","3","6 - SECOND SEAT RIGHT"
"20738524","Yes","DAYTON POLICE DEPARTMENT","C2503368","DAYTON","FAILED TO YIELD RIGHT OF WAY - STOP SIGN","LIBERTY","2025-04-04","N - NOT INJURED","0","NO DATA","118 - HCA HOUSTON HEALTHCARE KINGWOOD","21.325","","35 - FAILED TO YIELD RIGHT OF WAY - STOP SIGN","No Data","No Data","77396","77396","No","JTEMU5JR7M5929722","10","1 - MALE","N - NOT INJURED","0","4","4 - SECOND SEAT LEFT OR MOTORCYCLE BACK PASSENGER"
"20738526","Yes","KILGORE POLICE DEPARTMENT","2504-0280","KILGORE","DISREGARD STOP AND GO SIGNAL","GREGG","2025-04-04","B - SUSPECTED MINOR INJURY","0","NO DATA","45 - CHRISTUS GOOD SHEPHERD MEDICAL CENTER - LONGVIEW","10.574","","15 - DISREGARD STOP AND GO SIGNAL","No Data","No Data","75645","75645","No","1FT7W2B65JEC60716","69","1 - MALE","B - SUSPECTED MINOR INJURY","1","1","1 - FRONT LEFT OR MOTORCYCLE DRIVER"
"20738526","Yes","KILGORE POLICE DEPARTMENT","2504-0280","KILGORE","DISREGARD STOP AND GO SIGNAL","GREGG","2025-04-04","B - SUSPECTED MINOR INJURY","0","NO DATA","45 - CHRISTUS GOOD SHEPHERD MEDICAL CENTER - LONGVIEW","10.574","","No Data","No Data","No Data","75662","75662","No","3D6WA7EL1BG595887","41","2 - FEMALE","C - POSSIBLE INJURY","0","1","1 - FRONT LEFT OR MOTORCYCLE DRIVER"
"20738526","Yes","KILGORE POLICE DEPARTMENT","2504-0280","KILGORE","DISREGARD STOP AND GO SIGNAL","GREGG","2025-04-04","B - SUSPECTED MINOR INJURY","0","NO DATA","45 - CHRISTUS GOOD SHEPHERD MEDICAL CENTER - LONGVIEW","10.574","","No Data","No Data","No Data","75662","75662","No","3D6WA7EL1BG595887","21","1 - MALE","N - NOT INJURED","0","2","3 - FRONT RIGHT"
"20738528","Yes","HIGHLAND VILLAGE POLICE DEPARTMENT","25003047","LEWISVILLE","FAILED TO CONTROL SPEED","DENTON","2025-04-04","N - NOT INJURED","0","NO DATA","156 - MEDICAL CITY LEWISVILLE","3.376","","22 - FAILED TO CONTROL SPEED","No Data","No Data","75093","75093","No","5FNRL5H66FB058483","24","1 - MALE","N - NOT INJURED","0","1","1 - FRONT LEFT OR MOTORCYCLE DRIVER"
"20738546","Yes","LINDALE POLICE DEPARTMENT","202500002644","OUTSIDE CITY LIMITS","DRIVER INATTENTION;FAILED TO YIELD RIGHT OF WAY - TURNING LEFT","SMITH","2025-04-04","N - NOT INJURED","0","NO DATA","49 - CHRISTUS MOTHER FRANCES HOSPITAL - TYLER","10.274","","37 - FAILED TO YIELD RIGHT OF WAY - TURNING LEFT","20 - DRIVER INATTENTION","No Data","75771","75771","No","5TFRY5F18KX250772","72","1 - MALE","N - NOT INJURED","0","1","1 - FRONT LEFT OR MOTORCYCLE DRIVER"
"20738546","Yes","LINDALE POLICE DEPARTMENT","202500002644","OUTSIDE CITY LIMITS","DRIVER INATTENTION;FAILED TO YIELD RIGHT OF WAY - TURNING LEFT","SMITH","2025-04-04","N - NOT INJURED","0","NO DATA","49 - CHRISTUS MOTHER FRANCES HOSPITAL - TYLER","10.274","","No Data","No Data","No Data","75771","75750","No","1V2JR2CAXRC616888","26","2 - FEMALE","N - NOT INJURED","0","1","1 - FRONT LEFT OR MOTORCYCLE DRIVER"
"20738554","Yes","FORT WORTH POLICE DEPARTMENT","250023981","FORT WORTH","OTHER (EXPLAIN IN NARRATIVE)","TARRANT","2025-04-04","C - POSSIBLE INJURY","0","NO DATA","255 - TEXAS HEALTH HARRIS METHODIST HOSPITAL SOUTHWEST FORT WORTH","6.894","ST","98 - OTHER (EXPLAIN IN NARRATIVE)","No Data","No Data","76112","76112","No","1GNFC16J47J265670","30","2 - FEMALE","C - POSSIBLE INJURY","0","1","1 - FRONT LEFT OR MOTORCYCLE DRIVER"
"20738554","Yes","FORT WORTH POLICE DEPARTMENT","250023981","FORT WORTH","OTHER (EXPLAIN IN NARRATIVE)","TARRANT","2025-04-04","C - POSSIBLE INJURY","0","NO DATA","255 - TEXAS HEALTH HARRIS METHODIST HOSPITAL SOUTHWEST FORT WORTH","6.894","ST","98 - OTHER (EXPLAIN IN NARRATIVE)","No Data","No Data","76112","76112","No","1GNFC16J47J265670","23","2 - FEMALE","C - POSSIBLE INJURY","0","2","4 - SECOND SEAT LEFT OR MOTORCYCLE BACK PASSENGER"
"20738579","Yes","HUMBLE POLICE DEPARTMENT","25-001735","HUMBLE","FAILED TO CONTROL SPEED","HARRIS","2025-04-04","N - NOT INJURED","0","NO DATA","118 - HCA HOUSTON HEALTHCARE KINGWOOD","4.926","","22 - FAILED TO CONTROL SPEED","No Data","No Data","77093","77093","No","1G1ZE5ST5GF241923","20","1 - MALE","N - NOT INJURED","0","1","1 - FRONT LEFT OR MOTORCYCLE DRIVER"
"20738579","Yes","HUMBLE POLICE DEPARTMENT","25-001735","HUMBLE","FAILED TO CONTROL SPEED","HARRIS","2025-04-04","N - NOT INJURED","0","NO DATA","118 - HCA HOUSTON HEALTHCARE KINGWOOD","4.926","","No Data","No Data","No Data","77338","77338","No","2C3CDXBG0KH644587","26","1 - MALE","N - NOT INJURED","0","1","1 - FRONT LEFT OR MOTORCYCLE DRIVER"
"20738579","Yes","HUMBLE POLICE DEPARTMENT","25-001735","HUMBLE","FAILED TO CONTROL SPEED","HARRIS","2025-04-04","N - NOT INJURED","0","NO DATA","118 - HCA HOUSTON HEALTHCARE KINGWOOD","4.926","","No Data","No Data","No Data","77346","77098","No","1C4SJSAP3RS118588","66","1 - MALE","N - NOT INJURED","0","1","1 - FRONT LEFT OR MOTORCYCLE DRIVER"
"20738586","Yes","DALLAS POLICE DEPARTMENT","46842-2025","DALLAS","DISREGARD STOP AND GO SIGNAL","DALLAS","2025-04-04","N - NOT INJURED","0","NO DATA","174 - METHODIST DALLAS MEDICAL CENTER","4.092","","15 - DISREGARD STOP AND GO SIGNAL","No Data","No Data","75203","75203","No","2FAHP71V08X101785","30","1 - MALE","N - NOT INJURED","0","1","1 - FRONT LEFT OR MOTORCYCLE DRIVER"
"20738586","Yes","DALLAS POLICE DEPARTMENT","46842-2025","DALLAS","DISREGARD STOP AND GO SIGNAL","DALLAS","2025-04-04","N - NOT INJURED","0","NO DATA","174 - METHODIST DALLAS MEDICAL CENTER","4.092","","No Data","No Data","No Data","75216","75216","No","3KPFL4A79HE086058","21","1 - MALE","N - NOT INJURED","0","1","1 - FRONT LEFT OR MOTORCYCLE DRIVER"
"20738586","Yes","DALLAS POLICE DEPARTMENT","46842-2025","DALLAS","DISREGARD STOP AND GO SIGNAL","DALLAS","2025-04-04","N - NOT INJURED","0","NO DATA","174 - METHODIST DALLAS MEDICAL CENTER","4.092","","No Data","No Data","No Data","75216","75216","No","3KPFL4A79HE086058","23","2 - FEMALE","N - NOT INJURED","0","2","3 - FRONT RIGHT"
"20738586","Yes","DALLAS POLICE DEPARTMENT","46842-2025","DALLAS","DISREGARD STOP AND GO SIGNAL","DALLAS","2025-04-04","N - NOT INJURED","0","NO DATA","174 - METHODIST DALLAS MEDICAL CENTER","4.092","","No Data","No Data","No Data","75216","75216","No","1GKS1BKC8HR385246","38","1 - MALE","N - NOT INJURED","0","1","1 - FRONT LEFT OR MOTORCYCLE DRIVER"
"20738586","Yes","DALLAS POLICE DEPARTMENT","46842-2025","DALLAS","DISREGARD STOP AND GO SIGNAL","DALLAS","2025-04-04","N - NOT INJURED","0","NO DATA","174 - METHODIST DALLAS MEDICAL CENTER","4.092","","No Data","No Data","No Data","75216","75216","No","1GKS1BKC8HR385246","17","2 - FEMALE","N - NOT INJURED","0","2","4 - SECOND SEAT LEFT OR MOTORCYCLE BACK PASSENGER"
"20738586","Yes","DALLAS POLICE DEPARTMENT","46842-2025","DALLAS","DISREGARD STOP AND GO SIGNAL","DALLAS","2025-04-04","N - NOT INJURED","0","NO DATA","174 - METHODIST DALLAS MEDICAL CENTER","4.092","","No Data","No Data","No Data","75216","75216","No","1GKS1BKC8HR385246","17","2 - FEMALE","N - NOT INJURED","0","3","6 - SECOND SEAT RIGHT"
"20738586","Yes","DALLAS POLICE DEPARTMENT","46842-2025","DALLAS","DISREGARD STOP AND GO SIGNAL","DALLAS","2025-04-04","N - NOT INJURED","0","NO DATA","174 - METHODIST DALLAS MEDICAL CENTER","4.092","","No Data","No Data","No Data","75143","75143","No","1FTEW1E52LKD72821","52","1 - MALE","N - NOT INJURED","0","1","1 - FRONT LEFT OR MOTORCYCLE DRIVER"
"20738590","Yes","MONTGOMERY COUNTY SHERIFF'S OFFICE","25A099048","OUTSIDE CITY LIMITS","CHANGED LANE WHEN UNSAFE","MONTGOMERY","2025-04-04","N - NOT INJURED","0","NO DATA","118 - HCA HOUSTON HEALTHCARE KINGWOOD","5.803","","4 - CHANGED LANE WHEN UNSAFE","No Data","No Data","77575","77575","No","1HGCY2F84PA064840","19","2 - FEMALE","N - NOT INJURED","0","1","1 - FRONT LEFT OR MOTORCYCLE DRIVER"
"20738590","Yes","MONTGOMERY COUNTY SHERIFF'S OFFICE","25A099048","OUTSIDE CITY LIMITS","CHANGED LANE WHEN UNSAFE","MONTGOMERY","2025-04-04","N - NOT INJURED","0","NO DATA","118 - HCA HOUSTON HEALTHCARE KINGWOOD","5.803","","No Data","No Data","No Data","77640","77640","No","2NP2HM6X6FM279293","48","1 - MALE","N - NOT INJURED","0","1","1 - FRONT LEFT OR MOTORCYCLE DRIVER"
"20738594","Yes","WEBSTER POLICE DEPARTMENT","25-00795","WEBSTER","FAILED TO CONTROL SPEED","HARRIS","2025-04-04","N - NOT INJURED","0","NO DATA","286 - UTMB HEALTH CLEAR LAKE CAMPUS","1.063","","22 - FAILED TO CONTROL SPEED","No Data","No Data","77598","77598","No","2FMDK36C18BA74970","35","2 - FEMALE","N - NOT INJURED","0","1","1 - FRONT LEFT OR MOTORCYCLE DRIVER"
"20738594","Yes","WEBSTER POLICE DEPARTMENT","25-00795","WEBSTER","FAILED TO CONTROL SPEED","HARRIS","2025-04-04","N - NOT INJURED","0","NO DATA","286 - UTMB HEALTH CLEAR LAKE CAMPUS","1.063","","No Data","No Data","No Data","77511","77511","No","3N1AB7AP0JY330959","28","2 - FEMALE","N - NOT INJURED","0","1","1 - FRONT LEFT OR MOTORCYCLE DRIVER"
"20738595","Yes","MANOR POLICE DEPARTMENT","250940394","MANOR","CHANGED LANE WHEN UNSAFE","TRAVIS","2025-04-04","N - NOT INJURED","0","NO DATA","87 - DELL CHILDRENS MEDICAL CENTER","11.631","","4 - CHANGED LANE WHEN UNSAFE","No Data","No Data","78009","78541","No","1GKS1CKJ7HR189884","39","1 - MALE","N - NOT INJURED","0","1","1 - FRONT LEFT OR MOTORCYCLE DRIVER"
"20738595","Yes","MANOR POLICE DEPARTMENT","250940394","MANOR","CHANGED LANE WHEN UNSAFE","TRAVIS","2025-04-04","N - NOT INJURED","0","NO DATA","87 - DELL CHILDRENS MEDICAL CENTER","11.631","","4 - CHANGED LANE WHEN UNSAFE","No Data","No Data","78009","78541","No","1GKS1CKJ7HR189884","37","2 - FEMALE","N - NOT INJURED","0","2","3 - FRONT RIGHT"
"20738595","Yes","MANOR POLICE DEPARTMENT","250940394","MANOR","CHANGED LANE WHEN UNSAFE","TRAVIS","2025-04-04","N - NOT INJURED","0","NO DATA","87 - DELL CHILDRENS MEDICAL CENTER","11.631","","No Data","No Data","No Data","78660","97402","No","3ALACXFC1MDMS1345","43","1 - MALE","N - NOT INJURED","0","1","1 - FRONT LEFT OR MOTORCYCLE DRIVER"
"20738595","Yes","MANOR POLICE DEPARTMENT","250940394","MANOR","CHANGED LANE WHEN UNSAFE","TRAVIS","2025-04-04","N - NOT INJURED","0","NO DATA","87 - DELL CHILDRENS MEDICAL CENTER","11.631","","No Data","No Data","No Data","78653","78653","No","3GTUUCED1RG456102","36","1 - MALE","N - NOT INJURED","0","1","1 - FRONT LEFT OR MOTORCYCLE DRIVER"
"20738597","Yes","DALLAS POLICE DEPARTMENT","46975-2025","DALLAS","PEDESTRIAN FAILED TO YIELD RIGHT OF WAY TO VEHICLE","DALLAS","2025-04-04","B - SUSPECTED MINOR INJURY","0","NO DATA","86 - DALLAS MEDICAL CENTER","0.721","","No Data","No Data","No Data","75229","75229","No","2FMDK3JC3CBA90510","62","1 - MALE","N - NOT INJURED","0","1","1 - FRONT LEFT OR MOTORCYCLE DRIVER"
"20738597","Yes","DALLAS POLICE DEPARTMENT","46975-2025","DALLAS","PEDESTRIAN FAILED TO YIELD RIGHT OF WAY TO VEHICLE","DALLAS","2025-04-04","B - SUSPECTED MINOR INJURY","0","NO DATA","86 - DALLAS MEDICAL CENTER","0.721","","59 - PEDESTRIAN FAILED TO YIELD RIGHT OF WAY TO VEHICLE","No Data","No Data","No Data","No Data","No Data","No Data","57","2 - FEMALE","B - SUSPECTED MINOR INJURY","1","1","16 - PEDESTRIAN, PEDALCYCLIST, OR MOTORIZED CONVEYANCE"
"20738598","Yes","DEPARTMENT OF PUBLIC SAFETY, STATE OF TEXAS","TX25-524408","OUTSIDE CITY LIMITS","UNSAFE SPEED","HARDEMAN","2025-04-04","N - NOT INJURED","0","NO DATA","111 - HARDEMAN COUNTY MEMORIAL HOSPITAL","2.288","5A","60 - UNSAFE SPEED","No Data","No Data","79252","79252","No","2G1WT58K669251262","44","1 - MALE","N - NOT INJURED","0","1","1 - FRONT LEFT OR MOTORCYCLE DRIVER"
"20738628","Yes","WEBSTER POLICE DEPARTMENT","25-00794","WEBSTER","DISREGARD STOP AND GO SIGNAL","HARRIS","2025-04-04","C - POSSIBLE INJURY","0","NO DATA","115 - HCA HOUSTON HEALTHCARE CLEAR LAKE","1.28","","No Data","No Data","No Data","77591","77591","No","1GYKPCRS7RZ709179","43","2 - FEMALE","C - POSSIBLE INJURY","0","1","1 - FRONT LEFT OR MOTORCYCLE DRIVER"
"20738628","Yes","WEBSTER POLICE DEPARTMENT","25-00794","WEBSTER","DISREGARD STOP AND GO SIGNAL","HARRIS","2025-04-04","C - POSSIBLE INJURY","0","NO DATA","115 - HCA HOUSTON HEALTHCARE CLEAR LAKE","1.28","","No Data","No Data","No Data","77591","77591","No","1GYKPCRS7RZ709179","19","1 - MALE","C - POSSIBLE INJURY","0","2","6 - SECOND SEAT RIGHT"
"20738628","Yes","WEBSTER POLICE DEPARTMENT","25-00794","WEBSTER","DISREGARD STOP AND GO SIGNAL","HARRIS","2025-04-04","C - POSSIBLE INJURY","0","NO DATA","115 - HCA HOUSTON HEALTHCARE CLEAR LAKE","1.28","","No Data","No Data","No Data","77058","77058","No","KM8J33A45MU341418","34","2 - FEMALE","C - POSSIBLE INJURY","0","1","1 - FRONT LEFT OR MOTORCYCLE DRIVER"
"20738628","Yes","WEBSTER POLICE DEPARTMENT","25-00794","WEBSTER","DISREGARD STOP AND GO SIGNAL","HARRIS","2025-04-04","C - POSSIBLE INJURY","0","NO DATA","115 - HCA HOUSTON HEALTHCARE CLEAR LAKE","1.28","","No Data","No Data","No Data","77058","77058","No","KM8J33A45MU341418","8","1 - MALE","C - POSSIBLE INJURY","0","2","6 - SECOND SEAT RIGHT"
"20738631","Yes","DALLAS POLICE DEPARTMENT","46846-2025","DALLAS","FAILED TO DRIVE IN SINGLE LANE","DALLAS","2025-04-04","N - NOT INJURED","0","NO DATA","177 - METHODIST CHARLTON MEDICAL CENTER","7.275","","23 - FAILED TO DRIVE IN SINGLE LANE","No Data","No Data","75241","75241","No","KL4CJESM7MB370633","45","1 - MALE","N - NOT INJURED","0","1","1 - FRONT LEFT OR MOTORCYCLE DRIVER"
"20738642","Yes","FORT BEND COUNTY CONSTABLE PRECINCT 1","P250940119","OUTSIDE CITY LIMITS","FAILED TO CONTROL SPEED; UNDER INFLUENCE - ALCOHOL","FORT BEND","2025-04-04","N - NOT INJURED","0","NO DATA","164 - MEMORIAL HERMANN KATY HOSPITAL","1.571","","22 - FAILED TO CONTROL SPEED","67 - INTOXICATED - ALCOHOL","No Data","77406","77406","No","JF2GUADC8R8251085","34","2 - FEMALE","N - NOT INJURED","0","1","1 - FRONT LEFT OR MOTORCYCLE DRIVER"
"20738645","Yes","SAN ANGELO POLICE DEPARTMENT","20250003676","SAN ANGELO","FAILED TO CONTROL SPEED","TOM GREEN","2025-04-04","N - NOT INJURED","0","NO DATA","230 - SHANNON MEDICAL CENTER","0.582","","22 - FAILED TO CONTROL SPEED","No Data","No Data","76903","76903","No","1FTNE24212HA36721","68","1 - MALE","N - NOT INJURED","0","1","1 - FRONT LEFT OR MOTORCYCLE DRIVER"
"20738645","Yes","SAN ANGELO POLICE DEPARTMENT","20250003676","SAN ANGELO","FAILED TO CONTROL SPEED","TOM GREEN","2025-04-04","N - NOT INJURED","0","NO DATA","230 - SHANNON MEDICAL CENTER","0.582","","No Data","No Data","No Data","76901","76901","No","KMHLN4AG3NU363986","31","2 - FEMALE","N - NOT INJURED","0","1","1 - FRONT LEFT OR MOTORCYCLE DRIVER"
"20738655","Yes","JOHNSON COUNTY SHERIFF'S OFFICE","2500001661","OUTSIDE CITY LIMITS","OTHER (EXPLAIN IN NARRATIVE)","JOHNSON","2025-04-04","B - SUSPECTED MINOR INJURY","0","NO DATA","251 - TEXAS HEALTH HARRIS METHODIST HOSPITAL CLEBURNE","8.625","","98 - OTHER (EXPLAIN IN NARRATIVE)","No Data","No Data","","76044","No","KMHCT5AE0GU243365","21","1 - MALE","B - SUSPECTED MINOR INJURY","1","1","1 - FRONT LEFT OR MOTORCYCLE DRIVER"
"20738655","Yes","JOHNSON COUNTY SHERIFF'S OFFICE","2500001661","OUTSIDE CITY LIMITS","OTHER (EXPLAIN IN NARRATIVE)","JOHNSON","2025-04-04","B - SUSPECTED MINOR INJURY","0","NO DATA","251 - TEXAS HEALTH HARRIS METHODIST HOSPITAL CLEBURNE","8.625","","98 - OTHER (EXPLAIN IN NARRATIVE)","No Data","No Data","76050","76058","No","1FDBF2A65FED69241","24","1 - MALE","B - SUSPECTED MINOR INJURY","1","1","1 - FRONT LEFT OR MOTORCYCLE DRIVER"
"20738669","Yes","LUBBOCK POLICE DEPARTMENT","250010392","LUBBOCK","FAILED TO CONTROL SPEED","LUBBOCK","2025-04-04","C - POSSIBLE INJURY","0","NO DATA","77 - COVENANT CHILDRENS HOSPITAL","2.55","6","22 - FAILED TO CONTROL SPEED","No Data","No Data","18810","18810","No","4T1BF3EK5BU714040","26","1 - MALE","N - NOT INJURED","0","1","1 - FRONT LEFT OR MOTORCYCLE DRIVER"
"20738669","Yes","LUBBOCK POLICE DEPARTMENT","250010392","LUBBOCK","FAILED TO CONTROL SPEED","LUBBOCK","2025-04-04","C - POSSIBLE INJURY","0","NO DATA","77 - COVENANT CHILDRENS HOSPITAL","2.55","6","No Data","No Data","No Data","79336","79336","No","5XYRL4LC4MG069057","41","2 - FEMALE","C - POSSIBLE INJURY","0","1","1 - FRONT LEFT OR MOTORCYCLE DRIVER"
"20738670","Yes","LUBBOCK POLICE DEPARTMENT","250010394","LUBBOCK","FAILED TO CONTROL SPEED;OTHER (EXPLAIN IN NARRATIVE)","LUBBOCK","2025-04-04","N - NOT INJURED","0","NO DATA","77 - COVENANT CHILDRENS HOSPITAL","4.148","1","22 - FAILED TO CONTROL SPEED","No Data","No Data","79414","79414","No","1N4AL3AP1HC297434","23","1 - MALE","N - NOT INJURED","0","1","1 - FRONT LEFT OR MOTORCYCLE DRIVER"
"20738670","Yes","LUBBOCK POLICE DEPARTMENT","250010394","LUBBOCK","FAILED TO CONTROL SPEED;OTHER (EXPLAIN IN NARRATIVE)","LUBBOCK","2025-04-04","N - NOT INJURED","0","NO DATA","77 - COVENANT CHILDRENS HOSPITAL","4.148","1","No Data","No Data","No Data","79412","79412","No","2GCEK19B761350880","43","2 - FEMALE","N - NOT INJURED","0","1","1 - FRONT LEFT OR MOTORCYCLE DRIVER"
"20738670","Yes","LUBBOCK POLICE DEPARTMENT","250010394","LUBBOCK","FAILED TO CONTROL SPEED;OTHER (EXPLAIN IN NARRATIVE)","LUBBOCK","2025-04-04","N - NOT INJURED","0","NO DATA","77 - COVENANT CHILDRENS HOSPITAL","4.148","1","No Data","No Data","No Data","79412","79412","No","2GCEK19B761350880","14","1 - MALE","N - NOT INJURED","0","2","3 - FRONT RIGHT"
"20738671","Yes","LAREDO POLICE DEPARTMENT","2025-00053281","LAREDO","FAILED TO CONTROL SPEED","WEBB","2025-04-04","N - NOT INJURED","0","NO DATA","141 - LAREDO MEDICAL CENTER","1.724","","22 - FAILED TO CONTROL SPEED","No Data","No Data","88000","88000","No","3N8CP5HE4PL503232","35","2 - FEMALE","N - NOT INJURED","0","1","1 - FRONT LEFT OR MOTORCYCLE DRIVER"
"20738671","Yes","LAREDO POLICE DEPARTMENT","2025-00053281","LAREDO","FAILED TO CONTROL SPEED","WEBB","2025-04-04","N - NOT INJURED","0","NO DATA","141 - LAREDO MEDICAL CENTER","1.724","","No Data","No Data","No Data","78046","78046","No","5N1AT2MT4JC775053","57","2 - FEMALE","N - NOT INJURED","0","1","1 - FRONT LEFT OR MOTORCYCLE DRIVER"
"20738672","Yes","LUBBOCK POLICE DEPARTMENT","250010393","LUBBOCK","TURNED WHEN UNSAFE","LUBBOCK","2025-04-04","N - NOT INJURED","0","NO DATA","77 - COVENANT CHILDRENS HOSPITAL","2.491","1","No Data","No Data","No Data","79414","79414","No","5XYPG4A34HG241575","56","1 - MALE","N - NOT INJURED","0","1","1 - FRONT LEFT OR MOTORCYCLE DRIVER"
"20738672","Yes","LUBBOCK POLICE DEPARTMENT","250010393","LUBBOCK","TURNED WHEN UNSAFE","LUBBOCK","2025-04-04","N - NOT INJURED","0","NO DATA","77 - COVENANT CHILDRENS HOSPITAL","2.491","1","66 - TURNED WHEN UNSAFE","No Data","No Data","","","Yes","No Data","No Data","99 - UNKNOWN","99 - UNKNOWN","0","1","1 - FRONT LEFT OR MOTORCYCLE DRIVER"
"20738679","Yes","LUBBOCK POLICE DEPARTMENT","250010410","LUBBOCK","TURNED IMPROPERLY - WRONG LANE","LUBBOCK","2025-04-04","N - NOT INJURED","0","NO DATA","77 - COVENANT CHILDRENS HOSPITAL","4.937","1","65 - TURNED IMPROPERLY - WRONG LANE","No Data","No Data","79407","79407","No","2GNFLDE5XC6386250","56","2 - FEMALE","N - NOT INJURED","0","1","1 - FRONT LEFT OR MOTORCYCLE DRIVER"
"20738679","Yes","LUBBOCK POLICE DEPARTMENT","250010410","LUBBOCK","TURNED IMPROPERLY - WRONG LANE","LUBBOCK","2025-04-04","N - NOT INJURED","0","NO DATA","77 - COVENANT CHILDRENS HOSPITAL","4.937","1","No Data","No Data","No Data","79241","79241","No","5XXG64J23MG032529","24","1 - MALE","N - NOT INJURED","0","1","1 - FRONT LEFT OR MOTORCYCLE DRIVER"
"20738683","Yes","SAN ANTONIO POLICE DEPARTMENT","SAPD25066592","SAN ANTONIO","DRIVER INATTENTION; FAULTY EVASIVE ACTION","BEXAR","2025-04-04","C - POSSIBLE INJURY","0","NO DATA","187 - MISSION TRAIL BAPTIST HOSPITAL","3.676","60","41 - FAULTY EVASIVE ACTION","No Data","No Data","78223","78223","No","4T1G11AKXLU951669","21","2 - FEMALE","N - NOT INJURED","0","1","1 - FRONT LEFT OR MOTORCYCLE DRIVER"
"20738683","Yes","SAN ANTONIO POLICE DEPARTMENT","SAPD25066592","SAN ANTONIO","DRIVER INATTENTION; FAULTY EVASIVE ACTION","BEXAR","2025-04-04","C - POSSIBLE INJURY","0","NO DATA","187 - MISSION TRAIL BAPTIST HOSPITAL","3.676","60","41 - FAULTY EVASIVE ACTION","No Data","No Data","78112","78112","No","KNDJN2A24H7456068","64","2 - FEMALE","C - POSSIBLE INJURY","0","1","1 - FRONT LEFT OR MOTORCYCLE DRIVER"
"20738694","Yes","ENNIS POLICE DEPARTMENT","250000-4893","ENNIS","FAILED TO CONTROL SPEED","ELLIS","2025-04-04","N - NOT INJURED","0","NO DATA","97 - ENNIS REGIONAL MEDICAL CENTER","1.804","","No Data","No Data","No Data","76667","75134","No","2MEFM75W66X602642","22","1 - MALE","N - NOT INJURED","0","1","1 - FRONT LEFT OR MOTORCYCLE DRIVER"
"20738715","Yes","ENNIS POLICE DEPARTMENT","2025-00004892","ENNIS","FAILED TO CONTROL SPEED; IMPROPER START FROM PARKED POSITION","ELLIS","2025-04-04","C - POSSIBLE INJURY","0","NO DATA","97 - ENNIS REGIONAL MEDICAL CENTER","3.912","","22 - FAILED TO CONTROL SPEED","No Data","No Data","75119","75119","No","1J4FX58S5SC758128","29","1 - MALE","N - NOT INJURED","0","1","1 - FRONT LEFT OR MOTORCYCLE DRIVER"
"20738715","Yes","ENNIS POLICE DEPARTMENT","2025-00004892","ENNIS","FAILED TO CONTROL SPEED; IMPROPER START FROM PARKED POSITION","ELLIS","2025-04-04","C - POSSIBLE INJURY","0","NO DATA","97 - ENNIS REGIONAL MEDICAL CENTER","3.912","","No Data","No Data","No Data","75119","75119","No","1GCUYDED8NZ220941","41","1 - MALE","99 - UNKNOWN","0","1","1 - FRONT LEFT OR MOTORCYCLE DRIVER"
"20738715","Yes","ENNIS POLICE DEPARTMENT","2025-00004892","ENNIS","FAILED TO CONTROL SPEED; IMPROPER START FROM PARKED POSITION","ELLIS","2025-04-04","C - POSSIBLE INJURY","0","NO DATA","97 - ENNIS REGIONAL MEDICAL CENTER","3.912","","No Data","No Data","No Data","75119","75119","No","1GCUYDED8NZ220941","57","2 - FEMALE","C - POSSIBLE INJURY","0","2","3 - FRONT RIGHT"
"20738731","Yes","COLLEGE STATION POLICE DEPARTMENT","2025-002428","COLLEGE STATION","DRIVER INATTENTION; FAILED TO GIVE HALF OF ROADWAY; TURNED IMPROPERLY - CUT CORNER ON LEFT","BRAZOS","2025-04-04","N - NOT INJURED","0","NO DATA","No Data","No Data","","No Data","No Data","No Data","77803","77803","No","5N1DR2MN1HC605594","43","2 - FEMALE","N - NOT INJURED","0","1","1 - FRONT LEFT OR MOTORCYCLE DRIVER"
"20738731","Yes","COLLEGE STATION POLICE DEPARTMENT","2025-002428","COLLEGE STATION","DRIVER INATTENTION; FAILED TO GIVE HALF OF ROADWAY; TURNED IMPROPERLY - CUT CORNER ON LEFT","BRAZOS","2025-04-04","N - NOT INJURED","0","NO DATA","No Data","No Data","","No Data","No Data","No Data","77803","77803","No","5N1DR2MN1HC605594","26","2 - FEMALE","N - NOT INJURED","0","2","3 - FRONT RIGHT"
"20738731","Yes","COLLEGE STATION POLICE DEPARTMENT","2025-002428","COLLEGE STATION","DRIVER INATTENTION; FAILED TO GIVE HALF OF ROADWAY; TURNED IMPROPERLY - CUT CORNER ON LEFT","BRAZOS","2025-04-04","N - NOT INJURED","0","NO DATA","No Data","No Data","","No Data","No Data","No Data","77803","77803","No","5N1DR2MN1HC605594","25","1 - MALE","N - NOT INJURED","0","3","6 - SECOND SEAT RIGHT"
"20738731","Yes","COLLEGE STATION POLICE DEPARTMENT","2025-002428","COLLEGE STATION","DRIVER INATTENTION; FAILED TO GIVE HALF OF ROADWAY; TURNED IMPROPERLY - CUT CORNER ON LEFT","BRAZOS","2025-04-04","N - NOT INJURED","0","NO DATA","No Data","No Data","","No Data","No Data","No Data","77803","77803","No","5N1DR2MN1HC605594","0","1 - MALE","N - NOT INJURED","0","4","4 - SECOND SEAT LEFT OR MOTORCYCLE BACK PASSENGER"
"20738731","Yes","COLLEGE STATION POLICE DEPARTMENT","2025-002428","COLLEGE STATION","DRIVER INATTENTION; FAILED TO GIVE HALF OF ROADWAY; TURNED IMPROPERLY - CUT CORNER ON LEFT","BRAZOS","2025-04-04","N - NOT INJURED","0","NO DATA","No Data","No Data","","No Data","No Data","No Data","77845","77845","No","4USBT53413LU02215","75","2 - FEMALE","N - NOT INJURED","0","1","1 - FRONT LEFT OR MOTORCYCLE DRIVER"
"20738738","Yes","BEAUMONT POLICE DEPARTMENT","2025006259","BEAUMONT","FAILED TO CONTROL SPEED","JEFFERSON","2025-04-04","N - NOT INJURED","0","NO DATA","58 - CHRISTUS SOUTHEAST TEXAS - ST. ELIZABETH","1.386","","22 - FAILED TO CONTROL SPEED","No Data","No Data","77705","70669","No","5PVNJ8JLXK4S52246","28","1 - MALE","N - NOT INJURED","0","1","1 - FRONT LEFT OR MOTORCYCLE DRIVER"
"20738738","Yes","BEAUMONT POLICE DEPARTMENT","2025006259","BEAUMONT","FAILED TO CONTROL SPEED","JEFFERSON","2025-04-04","N - NOT INJURED","0","NO DATA","58 - CHRISTUS SOUTHEAST TEXAS - ST. ELIZABETH","1.386","","No Data","No Data","No Data","70403","02061","No","3GCPCNEC9JG554561","31","1 - MALE","N - NOT INJURED","0","1","1 - FRONT LEFT OR MOTORCYCLE DRIVER"
"20738741","Yes","BEAUMONT POLICE DEPARTMENT","2025006277","BEAUMONT","FAILED TO DRIVE IN SINGLE LANE","JEFFERSON","2025-04-04","N - NOT INJURED","0","NO DATA","9 - BAPTIST HOSPITALS OF SOUTHEAST TEXAS","0.88","","23 - FAILED TO DRIVE IN SINGLE LANE","No Data","No Data","77701","77701","No","1FTRW128X9KB31775","28","1 - MALE","N - NOT INJURED","0","1","1 - FRONT LEFT OR MOTORCYCLE DRIVER"
"20738748","Yes","GALVESTON COUNTY SHERIFF'S OFFICE","25-00001304","OUTSIDE CITY LIMITS","FOLLOWED TOO CLOSELY","GALVESTON","2025-04-04","N - NOT INJURED","0","NO DATA","289 - UTMB HEALTH LEAGUE CITY CAMPUS","3.158","","44 - FOLLOWED TOO CLOSELY","No Data","No Data","77539","77539","No","2C3CCACGXCH199730","40","1 - MALE","N - NOT INJURED","0","1","1 - FRONT LEFT OR MOTORCYCLE DRIVER"
"20738748","Yes","GALVESTON COUNTY SHERIFF'S OFFICE","25-00001304","OUTSIDE CITY LIMITS","FOLLOWED TOO CLOSELY","GALVESTON","2025-04-04","N - NOT INJURED","0","NO DATA","289 - UTMB HEALTH LEAGUE CITY CAMPUS","3.158","","No Data","No Data","No Data","77539","77539","No","5N1AT2MTXLC747664","59","1 - MALE","N - NOT INJURED","0","1","1 - FRONT LEFT OR MOTORCYCLE DRIVER"
"20738752","Yes","ALVIN POLICE DEPARTMENT","ALPD25-00855","ALVIN","DRIVER INATTENTION; FAILED TO CONTROL SPEED","BRAZORIA","2025-04-04","C - POSSIBLE INJURY","0","NO DATA","289 - UTMB HEALTH LEAGUE CITY CAMPUS","10.422","","22 - FAILED TO CONTROL SPEED","20 - DRIVER INATTENTION","No Data","77080","77036","No","2FZHAZCY74AM58203","33","1 - MALE","C - POSSIBLE INJURY","0","1","1 - FRONT LEFT OR MOTORCYCLE DRIVER"
"20738754","Yes","KELLER POLICE DEPARTMENT","CFS25066750","KELLER","FAILED TO YIELD RIGHT OF WAY - TURNING LEFT","TARRANT","2025-04-04","N - NOT INJURED","0","NO DATA","249 - TEXAS HEALTH HARRIS METHODIST HOSPITAL ALLIANCE","5.303","","37 - FAILED TO YIELD RIGHT OF WAY - TURNING LEFT","No Data","No Data","76082","76234","No","1FD8W3HN9NEG27997","55","1 - MALE","N - NOT INJURED","0","1","1 - FRONT LEFT OR MOTORCYCLE DRIVER"
"20738754","Yes","KELLER POLICE DEPARTMENT","CFS25066750","KELLER","FAILED TO YIELD RIGHT OF WAY - TURNING LEFT","TARRANT","2025-04-04","N - NOT INJURED","0","NO DATA","249 - TEXAS HEALTH HARRIS METHODIST HOSPITAL ALLIANCE","5.303","","37 - FAILED TO YIELD RIGHT OF WAY - TURNING LEFT","No Data","No Data","76082","76234","No","1FD8W3HN9NEG27997","26","1 - MALE","N - NOT INJURED","0","2","3 - FRONT RIGHT"
"20738754","Yes","KELLER POLICE DEPARTMENT","CFS25066750","KELLER","FAILED TO YIELD RIGHT OF WAY - TURNING LEFT","TARRANT","2025-04-04","N - NOT INJURED","0","NO DATA","249 - TEXAS HEALTH HARRIS METHODIST HOSPITAL ALLIANCE","5.303","","No Data","No Data","No Data","76244","76244","No","5NPDH4AE2EH500795","17","2 - FEMALE","N - NOT INJURED","0","1","1 - FRONT LEFT OR MOTORCYCLE DRIVER"
"20738755","Yes","ENNIS POLICE DEPARTMENT","25-00004895","ENNIS","FAILED TO CONTROL SPEED","ELLIS","2025-04-04","N - NOT INJURED","0","NO DATA","97 - ENNIS REGIONAL MEDICAL CENTER","1.79","","No Data","No Data","No Data","75119","75134","No","2MEFM75W66X602642","18","1 - MALE","N - NOT INJURED","0","1","1 - FRONT LEFT OR MOTORCYCLE DRIVER"
"20738758","Yes","COLLEGE STATION POLICE DEPARTMENT","2025-002423","COLLEGE STATION","FAILED TO CONTROL SPEED","BRAZOS","2025-04-04","N - NOT INJURED","0","NO DATA","239 - ST. JOSEPH REGIONAL HEALTH CENTER","2.389","","22 - FAILED TO CONTROL SPEED","No Data","No Data","77845","77845","No","19XFC2F74HE018456","20","2 - FEMALE","N - NOT INJURED","0","1","1 - FRONT LEFT OR MOTORCYCLE DRIVER"
"20738766","No","PORTLAND POLICE DEPARTMENT","25P15566","PORTLAND","NONE","SAN PATRICIO","2025-04-04","B - SUSPECTED MINOR INJURY","0","NO DATA","59 - CHRISTUS SPOHN HOSPITAL CORPUS CHRISTI SHORELINE","8.512","PH","No Data","No Data","No Data","No Data","No Data","No Data","No Data","11","1 - MALE","B - SUSPECTED MINOR INJURY","1","1","16 - PEDESTRIAN, PEDALCYCLIST, OR MOTORIZED CONVEYANCE"
"20738772","Yes","TRAVIS COUNTY SHERIFF'S OFFICE","250940503","OUTSIDE CITY LIMITS","FAILED TO YIELD RIGHT OF WAY - PRIVATE DRIVE","TRAVIS","2025-04-04","B - SUSPECTED MINOR INJURY","0","NO DATA","4 - ASCENSION SETON HAYS","8.492","40","34 - FAILED TO YIELD RIGHT OF WAY - PRIVATE DRIVE","No Data","No Data","76513","78610","No","1GB3WRE78LF295750","22","1 - MALE","N - NOT INJURED","0","1","1 - FRONT LEFT OR MOTORCYCLE DRIVER"
"20738772","Yes","TRAVIS COUNTY SHERIFF'S OFFICE","250940503","OUTSIDE CITY LIMITS","FAILED TO YIELD RIGHT OF WAY - PRIVATE DRIVE","TRAVIS","2025-04-04","B - SUSPECTED MINOR INJURY","0","NO DATA","4 - ASCENSION SETON HAYS","8.492","40","No Data","No Data","No Data","78610","78610","No","1G1PH5SB3E7307026","47","1 - MALE","B - SUSPECTED MINOR INJURY","1","1","1 - FRONT LEFT OR MOTORCYCLE DRIVER"
"20738779","Yes","ALVARADO POLICE DEPARTMENT","2500393","ALVARADO","DRIVER INATTENTION; FAULTY EVASIVE ACTION","JOHNSON","2025-04-04","N - NOT INJURED","0","NO DATA","259 - TEXAS HEALTH HUGULEY HOSPITAL","11.381","","20 - DRIVER INATTENTION","41 - FAULTY EVASIVE ACTION","No Data","76009","76009","No","2FMDK3JC5EBB63945","52","1 - MALE","N - NOT INJURED","0","1","1 - FRONT LEFT OR MOTORCYCLE DRIVER"
"20738779","Yes","ALVARADO POLICE DEPARTMENT","2500393","ALVARADO","DRIVER INATTENTION; FAULTY EVASIVE ACTION","JOHNSON","2025-04-04","N - NOT INJURED","0","NO DATA","259 - TEXAS HEALTH HUGULEY HOSPITAL","11.381","","No Data","No Data","No Data","76009","55125","No","JN8AZ1MW7BW183965","52","1 - MALE","N - NOT INJURED","0","1","1 - FRONT LEFT OR MOTORCYCLE DRIVER"
"20738781","Yes","LEAGUE CITY POLICE DEPARTMENT","LCPD25-01768","LEAGUE CITY","FAILED TO CONTROL SPEED","GALVESTON","2025-04-04","N - NOT INJURED","0","NO DATA","289 - UTMB HEALTH LEAGUE CITY CAMPUS","1.917","","22 - FAILED TO CONTROL SPEED","No Data","No Data","77539","77539","No","1C6RR7PT1ES473785","55","2 - FEMALE","N - NOT INJURED","0","1","1 - FRONT LEFT OR MOTORCYCLE DRIVER"
"20738781","Yes","LEAGUE CITY POLICE DEPARTMENT","LCPD25-01768","LEAGUE CITY","FAILED TO CONTROL SPEED","GALVESTON","2025-04-04","N - NOT INJURED","0","NO DATA","289 - UTMB HEALTH LEAGUE CITY CAMPUS","1.917","","No Data","No Data","No Data","77573","77573","No","5XYPG4A36KG576702","50","2 - FEMALE","N - NOT INJURED","0","1","1 - FRONT LEFT OR MOTORCYCLE DRIVER"
"20738781","Yes","LEAGUE CITY POLICE DEPARTMENT","LCPD25-01768","LEAGUE CITY","FAILED TO CONTROL SPEED","GALVESTON","2025-04-04","N - NOT INJURED","0","NO DATA","289 - UTMB HEALTH LEAGUE CITY CAMPUS","1.917","","No Data","No Data","No Data","77573","77573","No","5XYPG4A36KG576702","50","1 - MALE","N - NOT INJURED","0","2","3 - FRONT RIGHT"
"20738781","Yes","LEAGUE CITY POLICE DEPARTMENT","LCPD25-01768","LEAGUE CITY","FAILED TO CONTROL SPEED","GALVESTON","2025-04-04","N - NOT INJURED","0","NO DATA","289 - UTMB HEALTH LEAGUE CITY CAMPUS","1.917","","No Data","No Data","No Data","77573","77573","No","5XYPG4A36KG576702","20","1 - MALE","N - NOT INJURED","0","3","4 - SECOND SEAT LEFT OR MOTORCYCLE BACK PASSENGER"
"20738786","Yes","WEBSTER POLICE DEPARTMENT","25-00796","WEBSTER","CHANGED LANE WHEN UNSAFE","HARRIS","2025-04-04","N - NOT INJURED","0","NO DATA","286 - UTMB HEALTH CLEAR LAKE CAMPUS","0.36","","4 - CHANGED LANE WHEN UNSAFE","No Data","No Data","77598","77598","No","JT3GN86R1X0114737","72","1 - MALE","N - NOT INJURED","0","1","1 - FRONT LEFT OR MOTORCYCLE DRIVER"
"20738786","Yes","WEBSTER POLICE DEPARTMENT","25-00796","WEBSTER","CHANGED LANE WHEN UNSAFE","HARRIS","2025-04-04","N - NOT INJURED","0","NO DATA","286 - UTMB HEALTH CLEAR LAKE CAMPUS","0.36","","No Data","No Data","No Data","77546","77546","No","5TDZY5G11GS064762","73","1 - MALE","N - NOT INJURED","0","1","1 - FRONT LEFT OR MOTORCYCLE DRIVER"
"20738786","Yes","WEBSTER POLICE DEPARTMENT","25-00796","WEBSTER","CHANGED LANE WHEN UNSAFE","HARRIS","2025-04-04","N - NOT INJURED","0","NO DATA","286 - UTMB HEALTH CLEAR LAKE CAMPUS","0.36","","No Data","No Data","No Data","77546","77546","No","5TDZY5G11GS064762","71","2 - FEMALE","N - NOT INJURED","0","2","3 - FRONT RIGHT"
"20738786","Yes","WEBSTER POLICE DEPARTMENT","25-00796","WEBSTER","CHANGED LANE WHEN UNSAFE","HARRIS","2025-04-04","N - NOT INJURED","0","NO DATA","286 - UTMB HEALTH CLEAR LAKE CAMPUS","0.36","","No Data","No Data","No Data","77058","77058","No","1G1PA5SHXD7118722","34","2 - FEMALE","N - NOT INJURED","0","1","1 - FRONT LEFT OR MOTORCYCLE DRIVER"
"20738805","Yes","KILGORE POLICE DEPARTMENT","2504-0288","KILGORE","FAILED TO YIELD RIGHT OF WAY - PRIVATE DRIVE","GREGG","2025-04-04","N - NOT INJURED","0","NO DATA","45 - CHRISTUS GOOD SHEPHERD MEDICAL CENTER - LONGVIEW","11.145","","34 - FAILED TO YIELD RIGHT OF WAY - PRIVATE DRIVE","No Data","No Data","75662","75662","No","JTMZF4DV7A5017143","81","2 - FEMALE","N - NOT INJURED","0","1","1 - FRONT LEFT OR MOTORCYCLE DRIVER"
"20738805","Yes","KILGORE POLICE DEPARTMENT","2504-0288","KILGORE","FAILED TO YIELD RIGHT OF WAY - PRIVATE DRIVE","GREGG","2025-04-04","N - NOT INJURED","0","NO DATA","45 - CHRISTUS GOOD SHEPHERD MEDICAL CENTER - LONGVIEW","11.145","","No Data","No Data","No Data","75765","75765","No","3GCPCREC3JG125195","59","2 - FEMALE","N - NOT INJURED","0","1","1 - FRONT LEFT OR MOTORCYCLE DRIVER"
"20738805","Yes","KILGORE POLICE DEPARTMENT","2504-0288","KILGORE","FAILED TO YIELD RIGHT OF WAY - PRIVATE DRIVE","GREGG","2025-04-04","N - NOT INJURED","0","NO DATA","45 - CHRISTUS GOOD SHEPHERD MEDICAL CENTER - LONGVIEW","11.145","","No Data","No Data","No Data","75765","75765","No","3GCPCREC3JG125195","15","2 - FEMALE","N - NOT INJURED","0","2","3 - FRONT RIGHT"
"20738815","Yes","MASON COUNTY SHERIFF'S OFFICE","25-908","OUTSIDE CITY LIMITS","FAILED TO DRIVE IN SINGLE LANE","MASON","2025-04-04","N - NOT INJURED","0","NO DATA","127 - HEART OF TEXAS HEALTHCARE SYSTEM","24.291","","23 - FAILED TO DRIVE IN SINGLE LANE","No Data","No Data","76825","76825","No","1FT8W3DT6DEA97446","32","1 - MALE","N - NOT INJURED","0","1","1 - FRONT LEFT OR MOTORCYCLE DRIVER"
"20738815","Yes","MASON COUNTY SHERIFF'S OFFICE","25-908","OUTSIDE CITY LIMITS","FAILED TO DRIVE IN SINGLE LANE","MASON","2025-04-04","N - NOT INJURED","0","NO DATA","127 - HEART OF TEXAS HEALTHCARE SYSTEM","24.291","","No Data","No Data","No Data","76802","76802","No","1FT7W2BT7HEF12563","53","2 - FEMALE","N - NOT INJURED","0","1","1 - FRONT LEFT OR MOTORCYCLE DRIVER"
"20738826","Yes","KIRBYVILLE POLICE DEPARTMENT","","KIRBYVILLE","ILL (EXPLAIN IN NARRATIVE)","JASPER","2025-04-04","C - POSSIBLE INJURY","0","NO DATA","55 - CHRISTUS SOUTHEAST TEXAS - JASPER MEMORIAL","18.346","","47 - ILL (EXPLAIN IN NARRATIVE)","No Data","No Data","75956","75956","No","3N1BC13E28L371403","58","2 - FEMALE","C - POSSIBLE INJURY","0","1","1 - FRONT LEFT OR MOTORCYCLE DRIVER"
"20738838","Yes","LAREDO POLICE DEPARTMENT","2025-00053455","LAREDO","DISREGARD STOP SIGN OR LIGHT","WEBB","2025-04-04","N - NOT INJURED","0","NO DATA","99 - DOCTORS HOSPITAL OF LAREDO","3.3","","16 - DISREGARD STOP SIGN OR LIGHT","No Data","No Data","78045","78045","No","4F4YR12017PM06473","63","1 - MALE","N - NOT INJURED","0","1","1 - FRONT LEFT OR MOTORCYCLE DRIVER"
"20738838","Yes","LAREDO POLICE DEPARTMENT","2025-00053455","LAREDO","DISREGARD STOP SIGN OR LIGHT","WEBB","2025-04-04","N - NOT INJURED","0","NO DATA","99 - DOCTORS HOSPITAL OF LAREDO","3.3","","16 - DISREGARD STOP SIGN OR LIGHT","No Data","No Data","78045","78045","No","5J6RW1H81KL004835","55","1 - MALE","N - NOT INJURED","0","1","1 - FRONT LEFT OR MOTORCYCLE DRIVER"
"20738839","Yes","LAREDO POLICE DEPARTMENT","2025-00053467","LAREDO","FAILED TO YIELD RIGHT OF WAY - STOP SIGN","WEBB","2025-04-04","N - NOT INJURED","0","NO DATA","141 - LAREDO MEDICAL CENTER","1.315","","35 - FAILED TO YIELD RIGHT OF WAY - STOP SIGN","No Data","No Data","78046","78046","No","3KPF24AD6NE453342","24","2 - FEMALE","N - NOT INJURED","0","1","1 - FRONT LEFT OR MOTORCYCLE DRIVER"
"20738839","Yes","LAREDO POLICE DEPARTMENT","2025-00053467","LAREDO","FAILED TO YIELD RIGHT OF WAY - STOP SIGN","WEBB","2025-04-04","N - NOT INJURED","0","NO DATA","141 - LAREDO MEDICAL CENTER","1.315","","No Data","No Data","No Data","78043","78043","No","2C3CDZAG4LH243350","21","1 - MALE","N - NOT INJURED","0","1","1 - FRONT LEFT OR MOTORCYCLE DRIVER"
"20738839","Yes","LAREDO POLICE DEPARTMENT","2025-00053467","LAREDO","FAILED TO YIELD RIGHT OF WAY - STOP SIGN","WEBB","2025-04-04","N - NOT INJURED","0","NO DATA","141 - LAREDO MEDICAL CENTER","1.315","","No Data","No Data","No Data","78043","78043","No","2C3CDZAG4LH243350","22","2 - FEMALE","N - NOT INJURED","0","2","3 - FRONT RIGHT"
"20738852","Yes","DEPARTMENT OF PUBLIC SAFETY, STATE OF TEXAS","TX 2025-523937","OUTSIDE CITY LIMITS","DRIVER INATTENTION; FAILED TO CONTROL SPEED","NACOGDOCHES","2025-04-04","C - POSSIBLE INJURY","0","NO DATA","192 - NACOGDOCHES MEDICAL CENTER","7.381","2B","20 - DRIVER INATTENTION","22 - FAILED TO CONTROL SPEED","No Data","75965","75965","No","1GTG6CEN6N1322470","21","1 - MALE","C - POSSIBLE INJURY","0","1","1 - FRONT LEFT OR MOTORCYCLE DRIVER"
"20738852","Yes","DEPARTMENT OF PUBLIC SAFETY, STATE OF TEXAS","TX 2025-523937","OUTSIDE CITY LIMITS","DRIVER INATTENTION; FAILED TO CONTROL SPEED","NACOGDOCHES","2025-04-04","C - POSSIBLE INJURY","0","NO DATA","192 - NACOGDOCHES MEDICAL CENTER","7.381","2B","No Data","No Data","No Data","75946","75946","No","1GKKNMLS0KZ140728","35","2 - FEMALE","N - NOT INJURED","0","1","1 - FRONT LEFT OR MOTORCYCLE DRIVER"
"20738852","Yes","DEPARTMENT OF PUBLIC SAFETY, STATE OF TEXAS","TX 2025-523937","OUTSIDE CITY LIMITS","DRIVER INATTENTION; FAILED TO CONTROL SPEED","NACOGDOCHES","2025-04-04","C - POSSIBLE INJURY","0","NO DATA","192 - NACOGDOCHES MEDICAL CENTER","7.381","2B","No Data","No Data","No Data","75946","75946","No","1GKKNMLS0KZ140728","13","1 - MALE","N - NOT INJURED","0","2","3 - FRONT RIGHT"
"20738852","Yes","DEPARTMENT OF PUBLIC SAFETY, STATE OF TEXAS","TX 2025-523937","OUTSIDE CITY LIMITS","DRIVER INATTENTION; FAILED TO CONTROL SPEED","NACOGDOCHES","2025-04-04","C - POSSIBLE INJURY","0","NO DATA","192 - NACOGDOCHES MEDICAL CENTER","7.381","2B","No Data","No Data","No Data","75946","75946","No","1GKKNMLS0KZ140728","15","1 - MALE","N - NOT INJURED","0","3","4 - SECOND SEAT LEFT OR MOTORCYCLE BACK PASSENGER"
"20738859","Yes","SAN ANTONIO POLICE DEPARTMENT","SAPD25066509","SAN ANTONIO","DRIVER INATTENTION; FOLLOWED TOO CLOSELY","BEXAR","2025-04-04","C - POSSIBLE INJURY","0","NO DATA","54 - CHRISTUS SANTA ROSA HOSPITAL - MEDICAL CENTER","6.376","70","44 - FOLLOWED TOO CLOSELY","No Data","No Data","78108","78108","No","1N6BA1F43KN524400","41","1 - MALE","N - NOT INJURED","0","1","1 - FRONT LEFT OR MOTORCYCLE DRIVER"
"20738859","Yes","SAN ANTONIO POLICE DEPARTMENT","SAPD25066509","SAN ANTONIO","DRIVER INATTENTION; FOLLOWED TOO CLOSELY","BEXAR","2025-04-04","C - POSSIBLE INJURY","0","NO DATA","54 - CHRISTUS SANTA ROSA HOSPITAL - MEDICAL CENTER","6.376","70","No Data","No Data","No Data","79764","79764","No","3C63RRGL4EG304529","64","1 - MALE","C - POSSIBLE INJURY","0","1","1 - FRONT LEFT OR MOTORCYCLE DRIVER"
"20738859","Yes","SAN ANTONIO POLICE DEPARTMENT","SAPD25066509","SAN ANTONIO","DRIVER INATTENTION; FOLLOWED TOO CLOSELY","BEXAR","2025-04-04","C - POSSIBLE INJURY","0","NO DATA","54 - CHRISTUS SANTA ROSA HOSPITAL - MEDICAL CENTER","6.376","70","No Data","No Data","No Data","79764","79764","No","3C63RRGL4EG304529","61","2 - FEMALE","C - POSSIBLE INJURY","0","2","3 - FRONT RIGHT"
"20738862","Yes","LEWISVILLE POLICE DEPARTMENT","25-02667","LEWISVILLE","DRIVER INATTENTION","DENTON","2025-04-04","N - NOT INJURED","0","NO DATA","156 - MEDICAL CITY LEWISVILLE","2.912","","20 - DRIVER INATTENTION","No Data","No Data","75067","75067","No","JTEAU5JR4P5283076","34","2 - FEMALE","N - NOT INJURED","0","1","1 - FRONT LEFT OR MOTORCYCLE DRIVER"
"20738862","Yes","LEWISVILLE POLICE DEPARTMENT","25-02667","LEWISVILLE","DRIVER INATTENTION","DENTON","2025-04-04","N - NOT INJURED","0","NO DATA","156 - MEDICAL CITY LEWISVILLE","2.912","","No Data","No Data","No Data","76208","76208","No","KL79MTSL4PB008554","57","1 - MALE","N - NOT INJURED","0","1","1 - FRONT LEFT OR MOTORCYCLE DRIVER"
"20738868","No","LEWISVILLE POLICE DEPARTMENT","25-02668","LEWISVILLE","DRIVER INATTENTION; FAILED TO CONTROL SPEED","DENTON","2025-04-04","N - NOT INJURED","0","NO DATA","156 - MEDICAL CITY LEWISVILLE","2.04","","22 - FAILED TO CONTROL SPEED","20 - DRIVER INATTENTION","No Data","75067","75067","No","3FADP4BJ1DM194217","22","2 - FEMALE","N - NOT INJURED","0","1","1 - FRONT LEFT OR MOTORCYCLE DRIVER"
"20738868","No","LEWISVILLE POLICE DEPARTMENT","25-02668","LEWISVILLE","DRIVER INATTENTION; FAILED TO CONTROL SPEED","DENTON","2025-04-04","N - NOT INJURED","0","NO DATA","156 - MEDICAL CITY LEWISVILLE","2.04","","No Data","No Data","No Data","75067","75067","No","2G1FC1ED3B9166548","42","2 - FEMALE","N - NOT INJURED","0","1","1 - FRONT LEFT OR MOTORCYCLE DRIVER"
"20738877","Yes","EL PASO POLICE DEPARTMENT","25-094116","EL PASO","DRIVER INATTENTION;OTHER (EXPLAIN IN NARRATIVE)","EL PASO","2025-04-04","N - NOT INJURED","0","NO DATA","261 - THE HOSPITALS OF PROVIDENCE EAST CAMPUS","3.046","","20 - DRIVER INATTENTION","No Data","No Data","79938","79938","No","1G1PC5SB2E7201049","18","1 - MALE","N - NOT INJURED","0","1","1 - FRONT LEFT OR MOTORCYCLE DRIVER"
"20738877","Yes","EL PASO POLICE DEPARTMENT","25-094116","EL PASO","DRIVER INATTENTION;OTHER (EXPLAIN IN NARRATIVE)","EL PASO","2025-04-04","N - NOT INJURED","0","NO DATA","261 - THE HOSPITALS OF PROVIDENCE EAST CAMPUS","3.046","","98 - OTHER (EXPLAIN IN NARRATIVE)","No Data","No Data","79938","79938","No","3N1CE2CPXFL439126","30","2 - FEMALE","N - NOT INJURED","0","1","1 - FRONT LEFT OR MOTORCYCLE DRIVER"
"20738878","Yes","WEBSTER POLICE DEPARTMENT","25-00797","WEBSTER","DISREGARD TURN MARKS AT INTERSECTION","HARRIS","2025-04-04","N - NOT INJURED","0","NO DATA","115 - HCA HOUSTON HEALTHCARE CLEAR LAKE","0.814","","17 - DISREGARD TURN MARKS AT INTERSECTION","No Data","No Data","77058","77058","No","3FADP4BJ4FM141143","19","1 - MALE","N - NOT INJURED","0","1","1 - FRONT LEFT OR MOTORCYCLE DRIVER"
"20738878","Yes","WEBSTER POLICE DEPARTMENT","25-00797","WEBSTER","DISREGARD TURN MARKS AT INTERSECTION","HARRIS","2025-04-04","N - NOT INJURED","0","NO DATA","115 - HCA HOUSTON HEALTHCARE CLEAR LAKE","0.814","","No Data","No Data","No Data","77598","77598","No","2C4RC1BG7JR256822","36","1 - MALE","N - NOT INJURED","0","1","1 - FRONT LEFT OR MOTORCYCLE DRIVER"
"20738878","Yes","WEBSTER POLICE DEPARTMENT","25-00797","WEBSTER","DISREGARD TURN MARKS AT INTERSECTION","HARRIS","2025-04-04","N - NOT INJURED","0","NO DATA","115 - HCA HOUSTON HEALTHCARE CLEAR LAKE","0.814","","No Data","No Data","No Data","77598","77598","No","2C4RC1BG7JR256822","50","1 - MALE","N - NOT INJURED","0","2","6 - SECOND SEAT RIGHT"
"20738883","Yes","LAREDO POLICE DEPARTMENT","2025-00053478","LAREDO","FAILED TO CONTROL SPEED","WEBB","2025-04-04","N - NOT INJURED","0","NO DATA","99 - DOCTORS HOSPITAL OF LAREDO","2.328","","22 - FAILED TO CONTROL SPEED","No Data","No Data","78006","78006","No","1FM5K7DH1HGE37318","32","2 - FEMALE","N - NOT INJURED","0","1","1 - FRONT LEFT OR MOTORCYCLE DRIVER"
"20738883","Yes","LAREDO POLICE DEPARTMENT","2025-00053478","LAREDO","FAILED TO CONTROL SPEED","WEBB","2025-04-04","N - NOT INJURED","0","NO DATA","99 - DOCTORS HOSPITAL OF LAREDO","2.328","","22 - FAILED TO CONTROL SPEED","No Data","No Data","78006","78006","No","1FM5K7DH1HGE37318","2","1 - MALE","N - NOT INJURED","0","2","4 - SECOND SEAT LEFT OR MOTORCYCLE BACK PASSENGER"
"20738883","Yes","LAREDO POLICE DEPARTMENT","2025-00053478","LAREDO","FAILED TO CONTROL SPEED","WEBB","2025-04-04","N - NOT INJURED","0","NO DATA","99 - DOCTORS HOSPITAL OF LAREDO","2.328","","22 - FAILED TO CONTROL SPEED","No Data","No Data","78006","78006","No","1FM5K7DH1HGE37318","7","2 - FEMALE","N - NOT INJURED","0","3","5 - SECOND SEAT CENTER"
"20738883","Yes","LAREDO POLICE DEPARTMENT","2025-00053478","LAREDO","FAILED TO CONTROL SPEED","WEBB","2025-04-04","N - NOT INJURED","0","NO DATA","99 - DOCTORS HOSPITAL OF LAREDO","2.328","","No Data","No Data","No Data","78041","78041","No","KNDJP3A58F7910259","43","2 - FEMALE","N - NOT INJURED","0","1","1 - FRONT LEFT OR MOTORCYCLE DRIVER"
"20738883","Yes","LAREDO POLICE DEPARTMENT","2025-00053478","LAREDO","FAILED TO CONTROL SPEED","WEBB","2025-04-04","N - NOT INJURED","0","NO DATA","99 - DOCTORS HOSPITAL OF LAREDO","2.328","","No Data","No Data","No Data","78041","78041","No","KNDJP3A58F7910259","23","1 - MALE","N - NOT INJURED","0","2","3 - FRONT RIGHT"
"20738883","Yes","LAREDO POLICE DEPARTMENT","2025-00053478","LAREDO","FAILED TO CONTROL SPEED","WEBB","2025-04-04","N - NOT INJURED","0","NO DATA","99 - DOCTORS HOSPITAL OF LAREDO","2.328","","No Data","No Data","No Data","78041","78041","No","KNDJP3A58F7910259","8","1 - MALE","N - NOT INJURED","0","3","4 - SECOND SEAT LEFT OR MOTORCYCLE BACK PASSENGER"
"20738892","No","DALLAS AREA RAPID TRANSIT POLICE DEPARTMENT","2025-030152","DALLAS","CHANGED LANE WHEN UNSAFE","DALLAS","2025-04-04","N - NOT INJURED","0","NO DATA","26 - BAYLOR UNIVERSITY MEDICAL CENTER","0.692","","4 - CHANGED LANE WHEN UNSAFE","No Data","No Data","75125","75202","No","1N9040530EA140221","49","2 - FEMALE","N - NOT INJURED","0","1","1 - FRONT LEFT OR MOTORCYCLE DRIVER"
"20738892","No","DALLAS AREA RAPID TRANSIT POLICE DEPARTMENT","2025-030152","DALLAS","CHANGED LANE WHEN UNSAFE","DALLAS","2025-04-04","N - NOT INJURED","0","NO DATA","26 - BAYLOR UNIVERSITY MEDICAL CENTER","0.692","","No Data","No Data","No Data","75040","75040","No","1C6RR6LT0HS616181","55","2 - FEMALE","N - NOT INJURED","0","1","1 - FRONT LEFT OR MOTORCYCLE DRIVER"
"20738897","Yes","SAN ANTONIO POLICE DEPARTMENT","SAPD25066324","SAN ANTONIO","DRIVER INATTENTION","BEXAR","2025-04-04","N - NOT INJURED","0","NO DATA","185 - METHODIST TEXSAN HOSPITAL, A METHODIST HOSPITAL FACILITY","2.512","50","20 - DRIVER INATTENTION","No Data","No Data","78220","78220","No","1C4PJLCS5FW690019","34","2 - FEMALE","N - NOT INJURED","0","1","1 - FRONT LEFT OR MOTORCYCLE DRIVER"
"20738903","Yes","DALLAS POLICE DEPARTMENT","46986-2025","DALLAS","FAILED TO YIELD RIGHT OF WAY - TURNING LEFT","DALLAS","2025-04-04","N - NOT INJURED","0","NO DATA","258 - TEXAS HEALTH PRESBYTERIAN HOSPITAL DALLAS","3.019","","37 - FAILED TO YIELD RIGHT OF WAY - TURNING LEFT","No Data","No Data","75230","75230","No","1FTFW1E55KFA97702","28","1 - MALE","N - NOT INJURED","0","1","1 - FRONT LEFT OR MOTORCYCLE DRIVER"
"20738903","Yes","DALLAS POLICE DEPARTMENT","46986-2025","DALLAS","FAILED TO YIELD RIGHT OF WAY - TURNING LEFT","DALLAS","2025-04-04","N - NOT INJURED","0","NO DATA","258 - TEXAS HEALTH PRESBYTERIAN HOSPITAL DALLAS","3.019","","No Data","No Data","No Data","75180","75180","No","1FMFU19575LA09329","23","1 - MALE","N - NOT INJURED","0","1","1 - FRONT LEFT OR MOTORCYCLE DRIVER"
"20738908","Yes","EL PASO POLICE DEPARTMENT","25094039","EL PASO","DRIVER INATTENTION","EL PASO","2025-04-04","N - NOT INJURED","0","NO DATA","276 - UNIVERSITY MEDICAL CENTER OF EL PASO","5.674","","20 - DRIVER INATTENTION","No Data","No Data","79924","88063","No","1Z7HT28K06S580038","21","1 - MALE","N - NOT INJURED","0","1","1 - FRONT LEFT OR MOTORCYCLE DRIVER"
"20738913","Yes","DEPARTMENT OF PUBLIC SAFETY, STATE OF TEXAS","25-526326","OUTSIDE CITY LIMITS","FAILED TO YIELD RIGHT OF WAY - STOP SIGN","SMITH","2025-04-04","B - SUSPECTED MINOR INJURY","0","NO DATA","288 - UT HEALTH EAST TEXAS TYLER REGIONAL HOSPITAL","20.145","1B","35 - FAILED TO YIELD RIGHT OF WAY - STOP SIGN","No Data","No Data","75790","21117","No","YV4L12WKXS2147672","49","2 - FEMALE","N - NOT INJURED","0","1","1 - FRONT LEFT OR MOTORCYCLE DRIVER"
"20738913","Yes","DEPARTMENT OF PUBLIC SAFETY, STATE OF TEXAS","25-526326","OUTSIDE CITY LIMITS","FAILED TO YIELD RIGHT OF WAY - STOP SIGN","SMITH","2025-04-04","B - SUSPECTED MINOR INJURY","0","NO DATA","288 - UT HEALTH EAST TEXAS TYLER REGIONAL HOSPITAL","20.145","1B","No Data","No Data","No Data","75702","75702","No","3N1AB6AP4AL633959","45","1 - MALE","B - SUSPECTED MINOR INJURY","1","1","1 - FRONT LEFT OR MOTORCYCLE DRIVER"
"20738937","Yes","SAN ANTONIO POLICE DEPARTMENT","SAPD25066463","SAN ANTONIO","DRIVER INATTENTION; ROAD RAGE","BEXAR","2025-04-04","N - NOT INJURED","0","NO DATA","182 - METROPOLITAN METHODIST HOSPITAL","1.997","30","20 - DRIVER INATTENTION","No Data","No Data","","","Yes","No Data","No Data","99 - UNKNOWN","99 - UNKNOWN","0","1","1 - FRONT LEFT OR MOTORCYCLE DRIVER"
"20738937","Yes","SAN ANTONIO POLICE DEPARTMENT","SAPD25066463","SAN ANTONIO","DRIVER INATTENTION; ROAD RAGE","BEXAR","2025-04-04","N - NOT INJURED","0","NO DATA","182 - METROPOLITAN METHODIST HOSPITAL","1.997","30","No Data","No Data","No Data","78244","78244","No","JT3GN86R7V0041628","21","1 - MALE","N - NOT INJURED","0","1","1 - FRONT LEFT OR MOTORCYCLE DRIVER"
"20738943","Yes","WICHITA FALLS POLICE DEPARTMENT","25-040162","WICHITA FALLS","FAILED TO YIELD RIGHT OF WAY - PRIVATE DRIVE","WICHITA","2025-04-04","N - NOT INJURED","0","NO DATA","274 - UNITED REGIONAL HEALTH CARE SYSTEM","3.821","","34 - FAILED TO YIELD RIGHT OF WAY - PRIVATE DRIVE","No Data","No Data","76374","76374","No","1GNEC13T21R184628","56","1 - MALE","N - NOT INJURED","0","1","1 - FRONT LEFT OR MOTORCYCLE DRIVER"
"20738943","Yes","WICHITA FALLS POLICE DEPARTMENT","25-040162","WICHITA FALLS","FAILED TO YIELD RIGHT OF WAY - PRIVATE DRIVE","WICHITA","2025-04-04","N - NOT INJURED","0","NO DATA","274 - UNITED REGIONAL HEALTH CARE SYSTEM","3.821","","No Data","No Data","No Data","76367","76367","No","1C6SRFKM0MN684565","25","2 - FEMALE","N - NOT INJURED","0","1","1 - FRONT LEFT OR MOTORCYCLE DRIVER"
"20738958","Yes","FORT BEND COUNTY SHERIFF'S OFFICE","25-13386","OUTSIDE CITY LIMITS","FAILED TO YIELD RIGHT OF WAY - TURNING LEFT","FORT BEND","2025-04-04","N - NOT INJURED","0","NO DATA","169 - MEMORIAL HERMANN PEARLAND HOSPITAL","3.88","01","37 - FAILED TO YIELD RIGHT OF WAY - TURNING LEFT","No Data","No Data","77545","77545","No","JM1GJ1U5XG1485713","27","2 - FEMALE","N - NOT INJURED","0","1","1 - FRONT LEFT OR MOTORCYCLE DRIVER"
"20738958","Yes","FORT BEND COUNTY SHERIFF'S OFFICE","25-13386","OUTSIDE CITY LIMITS","FAILED TO YIELD RIGHT OF WAY - TURNING LEFT","FORT BEND","2025-04-04","N - NOT INJURED","0","NO DATA","169 - MEMORIAL HERMANN PEARLAND HOSPITAL","3.88","01","No Data","No Data","No Data","77583","77583","No","1N4BA41E76C848154","33","2 - FEMALE","N - NOT INJURED","0","1","1 - FRONT LEFT OR MOTORCYCLE DRIVER"
"20738959","Yes","FORT BEND COUNTY SHERIFF'S OFFICE","25-13394","OUTSIDE CITY LIMITS","CHANGED LANE WHEN UNSAFE","FORT BEND","2025-04-04","N - NOT INJURED","0","NO DATA","164 - MEMORIAL HERMANN KATY HOSPITAL","3.768","02","4 - CHANGED LANE WHEN UNSAFE","No Data","No Data","77450","78415","No","1FA6P8K03K5501588","20","2 - FEMALE","N - NOT INJURED","0","1","1 - FRONT LEFT OR MOTORCYCLE DRIVER"
"20738959","Yes","FORT BEND COUNTY SHERIFF'S OFFICE","25-13394","OUTSIDE CITY LIMITS","CHANGED LANE WHEN UNSAFE","FORT BEND","2025-04-04","N - NOT INJURED","0","NO DATA","164 - MEMORIAL HERMANN KATY HOSPITAL","3.768","02","4 - CHANGED LANE WHEN UNSAFE","No Data","No Data","77450","78415","No","1FA6P8K03K5501588","15","1 - MALE","N - NOT INJURED","0","2","4 - SECOND SEAT LEFT OR MOTORCYCLE BACK PASSENGER"
"20738959","Yes","FORT BEND COUNTY SHERIFF'S OFFICE","25-13394","OUTSIDE CITY LIMITS","CHANGED LANE WHEN UNSAFE","FORT BEND","2025-04-04","N - NOT INJURED","0","NO DATA","164 - MEMORIAL HERMANN KATY HOSPITAL","3.768","02","4 - CHANGED LANE WHEN UNSAFE","No Data","No Data","77450","78415","No","1FA6P8K03K5501588","15","2 - FEMALE","N - NOT INJURED","0","3","6 - SECOND SEAT RIGHT"
"20738959","Yes","FORT BEND COUNTY SHERIFF'S OFFICE","25-13394","OUTSIDE CITY LIMITS","CHANGED LANE WHEN UNSAFE","FORT BEND","2025-04-04","N - NOT INJURED","0","NO DATA","164 - MEMORIAL HERMANN KATY HOSPITAL","3.768","02","No Data","No Data","No Data","77494","77494","No","1FTFW1CT8EKE14384","79","1 - MALE","N - NOT INJURED","0","1","1 - FRONT LEFT OR MOTORCYCLE DRIVER"
"20738960","Yes","FORT BEND COUNTY SHERIFF'S OFFICE","25-13404","OUTSIDE CITY LIMITS","OTHER (EXPLAIN IN NARRATIVE)","FORT BEND","2025-04-04","99 - UNKNOWN","0","NO DATA","No Data","No Data","02","98 - OTHER (EXPLAIN IN NARRATIVE)","No Data","No Data","","21152","Yes","3TYRX5GN2MT006827","No Data","99 - UNKNOWN","99 - UNKNOWN","0","1","1 - FRONT LEFT OR MOTORCYCLE DRIVER"
"20738965","Yes","MISSOURI CITY POLICE DEPARTMENT","25001164","MISSOURI CITY","FAILED TO CONTROL SPEED","FORT BEND","2025-04-04","N - NOT INJURED","0","NO DATA","169 - MEMORIAL HERMANN PEARLAND HOSPITAL","9.154","","22 - FAILED TO CONTROL SPEED","No Data","No Data","","77583","Yes","1GCPWCEDXMZ225814","No Data","99 - UNKNOWN","99 - UNKNOWN","0","1","1 - FRONT LEFT OR MOTORCYCLE DRIVER"
"20738965","Yes","MISSOURI CITY POLICE DEPARTMENT","25001164","MISSOURI CITY","FAILED TO CONTROL SPEED","FORT BEND","2025-04-04","N - NOT INJURED","0","NO DATA","169 - MEMORIAL HERMANN PEARLAND HOSPITAL","9.154","","No Data","No Data","No Data","77545","77545","No","3N1AB7AP2EL682850","33","2 - FEMALE","N - NOT INJURED","0","1","1 - FRONT LEFT OR MOTORCYCLE DRIVER"
"20738965","Yes","MISSOURI CITY POLICE DEPARTMENT","25001164","MISSOURI CITY","FAILED TO CONTROL SPEED","FORT BEND","2025-04-04","N - NOT INJURED","0","NO DATA","169 - MEMORIAL HERMANN PEARLAND HOSPITAL","9.154","","No Data","No Data","No Data","","No Data","Yes","No Data","No Data","99 - UNKNOWN","99 - UNKNOWN","0","1","1 - FRONT LEFT OR MOTORCYCLE DRIVER"
"20738966","Yes","SAN ANTONIO POLICE DEPARTMENT","SAPD25066599","SAN ANTONIO","FOLLOWED TOO CLOSELY;OTHER (EXPLAIN IN NARRATIVE)","BEXAR","2025-04-04","N - NOT INJURED","0","NO DATA","53 - CHRISTUS SANTA ROSA HOSPITAL - ALAMO HEIGHTS","1.943","30","44 - FOLLOWED TOO CLOSELY","No Data","No Data","78112","78112","No","WDBRF64J74F450497","32","1 - MALE","N - NOT INJURED","0","1","1 - FRONT LEFT OR MOTORCYCLE DRIVER"
"20738966","Yes","SAN ANTONIO POLICE DEPARTMENT","SAPD25066599","SAN ANTONIO","FOLLOWED TOO CLOSELY;OTHER (EXPLAIN IN NARRATIVE)","BEXAR","2025-04-04","N - NOT INJURED","0","NO DATA","53 - CHRISTUS SANTA ROSA HOSPITAL - ALAMO HEIGHTS","1.943","30","44 - FOLLOWED TOO CLOSELY","No Data","No Data","78112","78112","No","WDBRF64J74F450497","29","2 - FEMALE","N - NOT INJURED","0","2","3 - FRONT RIGHT"
"20738966","Yes","SAN ANTONIO POLICE DEPARTMENT","SAPD25066599","SAN ANTONIO","FOLLOWED TOO CLOSELY;OTHER (EXPLAIN IN NARRATIVE)","BEXAR","2025-04-04","N - NOT INJURED","0","NO DATA","53 - CHRISTUS SANTA ROSA HOSPITAL - ALAMO HEIGHTS","1.943","30","98 - OTHER (EXPLAIN IN NARRATIVE)","No Data","No Data","78148","78148","No","2T3BF4DV4AW047405","20","2 - FEMALE","N - NOT INJURED","0","1","1 - FRONT LEFT OR MOTORCYCLE DRIVER"
"20738970","Yes","FORT WORTH POLICE DEPARTMENT","250023923","FORT WORTH","OTHER (EXPLAIN IN NARRATIVE)","TARRANT","2025-04-04","99 - UNKNOWN","0","NO DATA","78 - COOK CHILDRENS MEDICAL CENTER","1.049","NT","98 - OTHER (EXPLAIN IN NARRATIVE)","No Data","No Data","","No Data","Yes","No Data","No Data","99 - UNKNOWN","99 - UNKNOWN","0","1","1 - FRONT LEFT OR MOTORCYCLE DRIVER"
"20738971","Yes","ROWLETT POLICE DEPARTMENT","25016906","DALLAS","OTHER (EXPLAIN IN NARRATIVE)","ROCKWALL","2025-04-04","C - POSSIBLE INJURY","0","NO DATA","19 - BAYLOR SCOTT & WHITE MEDICAL CENTER - LAKE POINTE","2.716","","98 - OTHER (EXPLAIN IN NARRATIVE)","No Data","No Data","75088","75088","No","2HGFE1F92RH307980","71","2 - FEMALE","C - POSSIBLE INJURY","0","1","1 - FRONT LEFT OR MOTORCYCLE DRIVER"
"20738971","Yes","ROWLETT POLICE DEPARTMENT","25016906","DALLAS","OTHER (EXPLAIN IN NARRATIVE)","ROCKWALL","2025-04-04","C - POSSIBLE INJURY","0","NO DATA","19 - BAYLOR SCOTT & WHITE MEDICAL CENTER - LAKE POINTE","2.716","","No Data","No Data","No Data","37217","75973","No","1XPBDP9X8SD720971","53","2 - FEMALE","N - NOT INJURED","0","1","1 - FRONT LEFT OR MOTORCYCLE DRIVER"
"20738972","Yes","ROWLETT POLICE DEPARTMENT","25016924","ROWLETT","DRIVER INATTENTION","DALLAS","2025-04-04","C - POSSIBLE INJURY","0","NO DATA","19 - BAYLOR SCOTT & WHITE MEDICAL CENTER - LAKE POINTE","3.181","","20 - DRIVER INATTENTION","No Data","No Data","75074","75074","No","2HGFG1B69BH509744","23","2 - FEMALE","C - POSSIBLE INJURY","0","1","1 - FRONT LEFT OR MOTORCYCLE DRIVER"
"20738972","Yes","ROWLETT POLICE DEPARTMENT","25016924","ROWLETT","DRIVER INATTENTION","DALLAS","2025-04-04","C - POSSIBLE INJURY","0","NO DATA","19 - BAYLOR SCOTT & WHITE MEDICAL CENTER - LAKE POINTE","3.181","","No Data","No Data","No Data","75211","75033","No","1FTEX1K59RKE43863","28","1 - MALE","N - NOT INJURED","0","1","1 - FRONT LEFT OR MOTORCYCLE DRIVER"
"20738976","Yes","CLEBURNE POLICE DEPARTMENT","C2025-064979","CLEBURNE","FAILED TO CONTROL SPEED","JOHNSON","2025-04-04","N - NOT INJURED","0","NO DATA","251 - TEXAS HEALTH HARRIS METHODIST HOSPITAL CLEBURNE","0.052","","22 - FAILED TO CONTROL SPEED","No Data","No Data","76009","76009","No","5TFLA5DB0SX254613","37","2 - FEMALE","N - NOT INJURED","0","1","1 - FRONT LEFT OR MOTORCYCLE DRIVER"
"20738976","Yes","CLEBURNE POLICE DEPARTMENT","C2025-064979","CLEBURNE","FAILED TO CONTROL SPEED","JOHNSON","2025-04-04","N - NOT INJURED","0","NO DATA","251 - TEXAS HEALTH HARRIS METHODIST HOSPITAL CLEBURNE","0.052","","No Data","No Data","No Data","76044","76044","No","2FMDK38C87BB65357","70","2 - FEMALE","N - NOT INJURED","0","1","1 - FRONT LEFT OR MOTORCYCLE DRIVER"
"20738979","Yes","LAREDO POLICE DEPARTMENT","2025-00053544","LAREDO","FAILED TO YIELD RIGHT OF WAY - OPEN INTERSECTION","WEBB","2025-04-04","N - NOT INJURED","0","NO DATA","99 - DOCTORS HOSPITAL OF LAREDO","2.741","","33 - FAILED TO YIELD RIGHT OF WAY - OPEN INTERSECTION","No Data","No Data","78041","78041","No","KMHLM4DG6SU916253","21","1 - MALE","N - NOT INJURED","0","1","1 - FRONT LEFT OR MOTORCYCLE DRIVER"
"20738979","Yes","LAREDO POLICE DEPARTMENT","2025-00053544","LAREDO","FAILED TO YIELD RIGHT OF WAY - OPEN INTERSECTION","WEBB","2025-04-04","N - NOT INJURED","0","NO DATA","99 - DOCTORS HOSPITAL OF LAREDO","2.741","","33 - FAILED TO YIELD RIGHT OF WAY - OPEN INTERSECTION","No Data","No Data","78041","78041","No","KMHLM4DG6SU916253","24","1 - MALE","N - NOT INJURED","0","2","3 - FRONT RIGHT"
"20738979","Yes","LAREDO POLICE DEPARTMENT","2025-00053544","LAREDO","FAILED TO YIELD RIGHT OF WAY - OPEN INTERSECTION","WEBB","2025-04-04","N - NOT INJURED","0","NO DATA","99 - DOCTORS HOSPITAL OF LAREDO","2.741","","No Data","No Data","No Data","88177","88177","No","1HSDJAPR4FH545547","33","1 - MALE","N - NOT INJURED","0","1","1 - FRONT LEFT OR MOTORCYCLE DRIVER"
"20738988","Yes","ABILENE POLICE DEPARTMENT","25-027017","ABILENE","NONE","TAYLOR","2025-04-04","N - NOT INJURED","0","NO DATA","126 - HENDRICK MEDICAL CENTER","1.832","","No Data","No Data","No Data","","79556","Yes","KNMAT2MT1FP587983","No Data","99 - UNKNOWN","99 - UNKNOWN","0","1","1 - FRONT LEFT OR MOTORCYCLE DRIVER"
"20738988","Yes","ABILENE POLICE DEPARTMENT","25-027017","ABILENE","NONE","TAYLOR","2025-04-04","N - NOT INJURED","0","NO DATA","126 - HENDRICK MEDICAL CENTER","1.832","","No Data","No Data","No Data","79538","79538","No","1FTFW1CT1EKD90428","76","1 - MALE","N - NOT INJURED","0","1","1 - FRONT LEFT OR MOTORCYCLE DRIVER"
"20738989","Yes","SAN ANTONIO POLICE DEPARTMENT","SAPD25066666","SAN ANTONIO","FAILED TO CONTROL SPEED; FOLLOWED TOO CLOSELY","BEXAR","2025-04-04","B - SUSPECTED MINOR INJURY","0","NO DATA","54 - CHRISTUS SANTA ROSA HOSPITAL - MEDICAL CENTER","4.358","70","44 - FOLLOWED TOO CLOSELY","22 - FAILED TO CONTROL SPEED","No Data","78250","78250","No","KMHLS4DG5RU724418","25","1 - MALE","B - SUSPECTED MINOR INJURY","1","1","1 - FRONT LEFT OR MOTORCYCLE DRIVER"
"20738989","Yes","SAN ANTONIO POLICE DEPARTMENT","SAPD25066666","SAN ANTONIO","FAILED TO CONTROL SPEED; FOLLOWED TOO CLOSELY","BEXAR","2025-04-04","B - SUSPECTED MINOR INJURY","0","NO DATA","54 - CHRISTUS SANTA ROSA HOSPITAL - MEDICAL CENTER","4.358","70","No Data","No Data","No Data","78213","78213","No","3GCPWBEH3LG411254","52","2 - FEMALE","N - NOT INJURED","0","1","1 - FRONT LEFT OR MOTORCYCLE DRIVER"
"20738992","Yes","CEDAR HILL POLICE DEPARTMENT","CH250404005","CEDAR HILL","FAILED TO YIELD RIGHT OF WAY - PRIVATE DRIVE","DALLAS","2025-04-04","N - NOT INJURED","0","NO DATA","177 - METHODIST CHARLTON MEDICAL CENTER","5.033","","34 - FAILED TO YIELD RIGHT OF WAY - PRIVATE DRIVE","No Data","No Data","75104","76065","No","1HGCV3F41MA016980","17","2 - FEMALE","N - NOT INJURED","0","1","1 - FRONT LEFT OR MOTORCYCLE DRIVER"
"20738992","Yes","CEDAR HILL POLICE DEPARTMENT","CH250404005","CEDAR HILL","FAILED TO YIELD RIGHT OF WAY - PRIVATE DRIVE","DALLAS","2025-04-04","N - NOT INJURED","0","NO DATA","177 - METHODIST CHARLTON MEDICAL CENTER","5.033","","No Data","No Data","No Data","75204","75204","No","KMHRC8A3XSU366061","32","1 - MALE","N - NOT INJURED","0","1","1 - FRONT LEFT OR MOTORCYCLE DRIVER"
"20738995","Yes","SAN ANTONIO POLICE DEPARTMENT","SAPD25066685","SAN ANTONIO","FOLLOWED TOO CLOSELY","BEXAR","2025-04-04","N - NOT INJURED","0","NO DATA","187 - MISSION TRAIL BAPTIST HOSPITAL","3.451","60","44 - FOLLOWED TOO CLOSELY","No Data","No Data","","No Data","Yes","No Data","No Data","99 - UNKNOWN","99 - UNKNOWN","0","1","1 - FRONT LEFT OR MOTORCYCLE DRIVER"
"20738995","Yes","SAN ANTONIO POLICE DEPARTMENT","SAPD25066685","SAN ANTONIO","FOLLOWED TOO CLOSELY","BEXAR","2025-04-04","N - NOT INJURED","0","NO DATA","187 - MISSION TRAIL BAPTIST HOSPITAL","3.451","60","No Data","No Data","No Data","78223","78223","No","JTNB11HK2J3031585","40","1 - MALE","N - NOT INJURED","0","1","1 - FRONT LEFT OR MOTORCYCLE DRIVER"
"20738995","Yes","SAN ANTONIO POLICE DEPARTMENT","SAPD25066685","SAN ANTONIO","FOLLOWED TOO CLOSELY","BEXAR","2025-04-04","N - NOT INJURED","0","NO DATA","187 - MISSION TRAIL BAPTIST HOSPITAL","3.451","60","No Data","No Data","No Data","78223","78223","No","JTNB11HK2J3031585","5","2 - FEMALE","N - NOT INJURED","0","2","4 - SECOND SEAT LEFT OR MOTORCYCLE BACK PASSENGER"
"20738995","Yes","SAN ANTONIO POLICE DEPARTMENT","SAPD25066685","SAN ANTONIO","FOLLOWED TOO CLOSELY","BEXAR","2025-04-04","N - NOT INJURED","0","NO DATA","187 - MISSION TRAIL BAPTIST HOSPITAL","3.451","60","No Data","No Data","No Data","78223","78223","No","JTNB11HK2J3031585","4","2 - FEMALE","N - NOT INJURED","0","3","6 - SECOND SEAT RIGHT"
"20739003","Yes","SAN ANTONIO POLICE DEPARTMENT","SAPD25066730","SAN ANTONIO","DRIVER INATTENTION; TURNED WHEN UNSAFE","BEXAR","2025-04-04","B - SUSPECTED MINOR INJURY","0","NO DATA","46 - CHRISTUS CHILDRENS HOSPITAL OF SAN ANTONIO","3.612","60","66 - TURNED WHEN UNSAFE","20 - DRIVER INATTENTION","No Data","78023","78253","No","1GCRCREA7BZ115987","39","1 - MALE","N - NOT INJURED","0","1","1 - FRONT LEFT OR MOTORCYCLE DRIVER"
"20739003","Yes","SAN ANTONIO POLICE DEPARTMENT","SAPD25066730","SAN ANTONIO","DRIVER INATTENTION; TURNED WHEN UNSAFE","BEXAR","2025-04-04","B - SUSPECTED MINOR INJURY","0","NO DATA","46 - CHRISTUS CHILDRENS HOSPITAL OF SAN ANTONIO","3.612","60","No Data","No Data","No Data","78223","78264","No","KNDJC733365640306","31","2 - FEMALE","B - SUSPECTED MINOR INJURY","1","1","1 - FRONT LEFT OR MOTORCYCLE DRIVER"
"20739003","Yes","SAN ANTONIO POLICE DEPARTMENT","SAPD25066730","SAN ANTONIO","DRIVER INATTENTION; TURNED WHEN UNSAFE","BEXAR","2025-04-04","B - SUSPECTED MINOR INJURY","0","NO DATA","46 - CHRISTUS CHILDRENS HOSPITAL OF SAN ANTONIO","3.612","60","No Data","No Data","No Data","78002","78002","No","4T1G11AK5PU775801","48","2 - FEMALE","N - NOT INJURED","0","1","1 - FRONT LEFT OR MOTORCYCLE DRIVER"
"20739003","Yes","SAN ANTONIO POLICE DEPARTMENT","SAPD25066730","SAN ANTONIO","DRIVER INATTENTION; TURNED WHEN UNSAFE","BEXAR","2025-04-04","B - SUSPECTED MINOR INJURY","0","NO DATA","46 - CHRISTUS CHILDRENS HOSPITAL OF SAN ANTONIO","3.612","60","No Data","No Data","No Data","78002","78002","No","4T1G11AK5PU775801","51","1 - MALE","N - NOT INJURED","0","2","3 - FRONT RIGHT"
"20739003","Yes","SAN ANTONIO POLICE DEPARTMENT","SAPD25066730","SAN ANTONIO","DRIVER INATTENTION; TURNED WHEN UNSAFE","BEXAR","2025-04-04","B - SUSPECTED MINOR INJURY","0","NO DATA","46 - CHRISTUS CHILDRENS HOSPITAL OF SAN ANTONIO","3.612","60","No Data","No Data","No Data","78225","78225","No","JTEBU5JR6E5153656","40","1 - MALE","N - NOT INJURED","0","1","1 - FRONT LEFT OR MOTORCYCLE DRIVER"
"20739003","Yes","SAN ANTONIO POLICE DEPARTMENT","SAPD25066730","SAN ANTONIO","DRIVER INATTENTION; TURNED WHEN UNSAFE","BEXAR","2025-04-04","B - SUSPECTED MINOR INJURY","0","NO DATA","46 - CHRISTUS CHILDRENS HOSPITAL OF SAN ANTONIO","3.612","60","No Data","No Data","No Data","78225","78225","No","JTEBU5JR6E5153656","50","1 - MALE","N - NOT INJURED","0","2","3 - FRONT RIGHT"
"20739003","Yes","SAN ANTONIO POLICE DEPARTMENT","SAPD25066730","SAN ANTONIO","DRIVER INATTENTION; TURNED WHEN UNSAFE","BEXAR","2025-04-04","B - SUSPECTED MINOR INJURY","0","NO DATA","46 - CHRISTUS CHILDRENS HOSPITAL OF SAN ANTONIO","3.612","60","No Data","No Data","No Data","78228","78221","No","JTENU5JR8N6041870","30","2 - FEMALE","N - NOT INJURED","0","1","1 - FRONT LEFT OR MOTORCYCLE DRIVER"
"20739003","Yes","SAN ANTONIO POLICE DEPARTMENT","SAPD25066730","SAN ANTONIO","DRIVER INATTENTION; TURNED WHEN UNSAFE","BEXAR","2025-04-04","B - SUSPECTED MINOR INJURY","0","NO DATA","46 - CHRISTUS CHILDRENS HOSPITAL OF SAN ANTONIO","3.612","60","No Data","No Data","No Data","78214","78214","No","1D7HA18N54J262284","73","1 - MALE","N - NOT INJURED","0","1","1 - FRONT LEFT OR MOTORCYCLE DRIVER"
"20739011","Yes","HURST POLICE DEPARTMENT","2025008861","HURST","FAILED TO CONTROL SPEED","TARRANT","2025-04-04","N - NOT INJURED","0","NO DATA","161 - MEDICAL CITY NORTH HILLS","0.662","","22 - FAILED TO CONTROL SPEED","No Data","No Data","75040","75040","No","KL1TD56668B136201","31","1 - MALE","N - NOT INJURED","0","1","1 - FRONT LEFT OR MOTORCYCLE DRIVER"
"20739012","Yes","TRAVIS COUNTY SHERIFF'S OFFICE","250940100","OUTSIDE CITY LIMITS","FAILED TO YIELD RIGHT OF WAY - TURNING LEFT;FAULTY EVASIVE ACTION","TRAVIS","2025-04-04","C - POSSIBLE INJURY","0","NO DATA","87 - DELL CHILDRENS MEDICAL CENTER","6.99","","No Data","No Data","No Data","78748","78748","No","5YJSA1E61PF528022","48","1 - MALE","N - NOT INJURED","0","1","1 - FRONT LEFT OR MOTORCYCLE DRIVER"
"20739012","Yes","TRAVIS COUNTY SHERIFF'S OFFICE","250940100","OUTSIDE CITY LIMITS","FAILED TO YIELD RIGHT OF WAY - TURNING LEFT;FAULTY EVASIVE ACTION","TRAVIS","2025-04-04","C - POSSIBLE INJURY","0","NO DATA","87 - DELL CHILDRENS MEDICAL CENTER","6.99","","No Data","No Data","No Data","78753","78753","No","2C3CDXGJ2PH687128","34","1 - MALE","C - POSSIBLE INJURY","0","1","1 - FRONT LEFT OR MOTORCYCLE DRIVER"
"20739015","Yes","HITCHCOCK ISD POLICE DEPARTMENT","25-038","HITCHCOCK","OVERTAKE AND PASS INSUFFICIENT CLEARANCE","GALVESTON","2025-04-04","N - NOT INJURED","0","NO DATA","No Data","No Data","","53 - OVERTAKE AND PASS INSUFFICIENT CLEARANCE","No Data","No Data","77563","77563","No","1GNSKDKDXRR236083","47","2 - FEMALE","N - NOT INJURED","0","1","1 - FRONT LEFT OR MOTORCYCLE DRIVER"
"20739015","Yes","HITCHCOCK ISD POLICE DEPARTMENT","25-038","HITCHCOCK","OVERTAKE AND PASS INSUFFICIENT CLEARANCE","GALVESTON","2025-04-04","N - NOT INJURED","0","NO DATA","No Data","No Data","","53 - OVERTAKE AND PASS INSUFFICIENT CLEARANCE","No Data","No Data","77563","77563","No","1GNSKDKDXRR236083","12","1 - MALE","N - NOT INJURED","0","2","3 - FRONT RIGHT"
"20739015","Yes","HITCHCOCK ISD POLICE DEPARTMENT","25-038","HITCHCOCK","OVERTAKE AND PASS INSUFFICIENT CLEARANCE","GALVESTON","2025-04-04","N - NOT INJURED","0","NO DATA","No Data","No Data","","No Data","No Data","No Data","77563","77563","No","1GNEC13V53R165205","37","1 - MALE","N - NOT INJURED","0","1","1 - FRONT LEFT OR MOTORCYCLE DRIVER"
"20739015","Yes","HITCHCOCK ISD POLICE DEPARTMENT","25-038","HITCHCOCK","OVERTAKE AND PASS INSUFFICIENT CLEARANCE","GALVESTON","2025-04-04","N - NOT INJURED","0","NO DATA","No Data","No Data","","No Data","No Data","No Data","77563","77563","No","1GNEC13V53R165205","36","2 - FEMALE","N - NOT INJURED","0","2","3 - FRONT RIGHT"
"20739015","Yes","HITCHCOCK ISD POLICE DEPARTMENT","25-038","HITCHCOCK","OVERTAKE AND PASS INSUFFICIENT CLEARANCE","GALVESTON","2025-04-04","N - NOT INJURED","0","NO DATA","No Data","No Data","","No Data","No Data","No Data","77563","77563","No","1GNEC13V53R165205","2","2 - FEMALE","N - NOT INJURED","0","3","5 - SECOND SEAT CENTER"
"20739015","Yes","HITCHCOCK ISD POLICE DEPARTMENT","25-038","HITCHCOCK","OVERTAKE AND PASS INSUFFICIENT CLEARANCE","GALVESTON","2025-04-04","N - NOT INJURED","0","NO DATA","No Data","No Data","","No Data","No Data","No Data","77563","77563","No","1GNEC13V53R165205","12","1 - MALE","N - NOT INJURED","0","4","6 - SECOND SEAT RIGHT"
"20739024","Yes","CARSON COUNTY SHERIFF'S OFFICE","202500002237","OUTSIDE CITY LIMITS","UNSAFE SPEED","CARSON","2025-04-04","N - NOT INJURED","0","NO DATA","103 - GOLDEN PLAINS COMMUNITY HOSPITAL","24.077","","60 - UNSAFE SPEED","No Data","No Data","79065","79065","No","JN1CV6ARXAM454770","37","1 - MALE","N - NOT INJURED","0","1","1 - FRONT LEFT OR MOTORCYCLE DRIVER"
"20739025","Yes","HARRIS COUNTY SHERIFF'S OFFICE","2504-01480","OUTSIDE CITY LIMITS","CHANGED LANE WHEN UNSAFE","HARRIS","2025-04-04","N - NOT INJURED","0","NO DATA","120 - HCA HOUSTON HEALTHCARE NORTHWEST","1.103","PD","4 - CHANGED LANE WHEN UNSAFE","No Data","No Data","77093","77093","No","1FM5K7D8XFGC37566","20","2 - FEMALE","N - NOT INJURED","0","1","1 - FRONT LEFT OR MOTORCYCLE DRIVER"
"20739025","Yes","HARRIS COUNTY SHERIFF'S OFFICE","2504-01480","OUTSIDE CITY LIMITS","CHANGED LANE WHEN UNSAFE","HARRIS","2025-04-04","N - NOT INJURED","0","NO DATA","120 - HCA HOUSTON HEALTHCARE NORTHWEST","1.103","PD","No Data","No Data","No Data","77388","77388","No","1GCNCNEC8JZ906374","91","1 - MALE","N - NOT INJURED","0","1","1 - FRONT LEFT OR MOTORCYCLE DRIVER"
"20739026","Yes","HARRIS COUNTY SHERIFF'S OFFICE","2504-01519","OUTSIDE CITY LIMITS","FAILED TO CONTROL SPEED","HARRIS","2025-04-04","N - NOT INJURED","0","NO DATA","120 - HCA HOUSTON HEALTHCARE NORTHWEST","0.932","PD","22 - FAILED TO CONTROL SPEED","No Data","No Data","77373","77373","No","1ZVBP8AM1C5221440","52","2 - FEMALE","N - NOT INJURED","0","1","1 - FRONT LEFT OR MOTORCYCLE DRIVER"
"20739026","Yes","HARRIS COUNTY SHERIFF'S OFFICE","2504-01519","OUTSIDE CITY LIMITS","FAILED TO CONTROL SPEED","HARRIS","2025-04-04","N - NOT INJURED","0","NO DATA","120 - HCA HOUSTON HEALTHCARE NORTHWEST","0.932","PD","No Data","No Data","No Data","77375","77375","No","4T1B11HK6KU793071","45","2 - FEMALE","N - NOT INJURED","0","1","1 - FRONT LEFT OR MOTORCYCLE DRIVER"
"20739031","Yes","HOUSTON POLICE DEPARTMENT","0043305325W","HOUSTON","FAILED TO CONTROL SPEED","HARRIS","2025-04-04","N - NOT INJURED","0","NO DATA","114 - HARRIS HEALTH SYSTEM LYNDON B. JOHNSON HOSPITAL","2.996","C","22 - FAILED TO CONTROL SPEED","No Data","No Data","77025","77025","No","1YVHP82A995M35712","56","2 - FEMALE","N - NOT INJURED","0","1","1 - FRONT LEFT OR MOTORCYCLE DRIVER"
"20739031","Yes","HOUSTON POLICE DEPARTMENT","0043305325W","HOUSTON","FAILED TO CONTROL SPEED","HARRIS","2025-04-04","N - NOT INJURED","0","NO DATA","114 - HARRIS HEALTH SYSTEM LYNDON B. JOHNSON HOSPITAL","2.996","C","No Data","No Data","No Data","","","No","5UXWX9C53G0D91089","75","2 - FEMALE","N - NOT INJURED","0","1","1 - FRONT LEFT OR MOTORCYCLE DRIVER"
"20739031","Yes","HOUSTON POLICE DEPARTMENT","0043305325W","HOUSTON","FAILED TO CONTROL SPEED","HARRIS","2025-04-04","N - NOT INJURED","0","NO DATA","114 - HARRIS HEALTH SYSTEM LYNDON B. JOHNSON HOSPITAL","2.996","C","No Data","No Data","No Data","","","No","5UXWX9C53G0D91089","40","1 - MALE","N - NOT INJURED","0","2","3 - FRONT RIGHT"
"20739039","Yes","CLEBURNE POLICE DEPARTMENT","C2025-065000","CLEBURNE","FAILED TO CONTROL SPEED","JOHNSON","2025-04-04","N - NOT INJURED","0","NO DATA","251 - TEXAS HEALTH HARRIS METHODIST HOSPITAL CLEBURNE","2.675","","22 - FAILED TO CONTROL SPEED","No Data","No Data","76059","76059","No","JF2SJAHC5FH466058","21","2 - FEMALE","N - NOT INJURED","0","1","1 - FRONT LEFT OR MOTORCYCLE DRIVER"
"20739039","Yes","CLEBURNE POLICE DEPARTMENT","C2025-065000","CLEBURNE","FAILED TO CONTROL SPEED","JOHNSON","2025-04-04","N - NOT INJURED","0","NO DATA","251 - TEXAS HEALTH HARRIS METHODIST HOSPITAL CLEBURNE","2.675","","No Data","No Data","No Data","76031","76031","No","1C6SRFFP4SN515067","28","1 - MALE","N - NOT INJURED","0","1","1 - FRONT LEFT OR MOTORCYCLE DRIVER"
"20739041","No","LAREDO POLICE DEPARTMENT","2025-00053513","LAREDO","FAILED TO CONTROL SPEED","WEBB","2025-04-04","N - NOT INJURED","0","NO DATA","99 - DOCTORS HOSPITAL OF LAREDO","2.731","","22 - FAILED TO CONTROL SPEED","No Data","No Data","88285","88260","No","1FUJGLDR5ALAN6165","50","1 - MALE","N - NOT INJURED","0","1","1 - FRONT LEFT OR MOTORCYCLE DRIVER"
"20739041","No","LAREDO POLICE DEPARTMENT","2025-00053513","LAREDO","FAILED TO CONTROL SPEED","WEBB","2025-04-04","N - NOT INJURED","0","NO DATA","99 - DOCTORS HOSPITAL OF LAREDO","2.731","","No Data","No Data","No Data","88290","78045","No","JTDEPRAE5LJ100254","30","1 - MALE","N - NOT INJURED","0","1","1 - FRONT LEFT OR MOTORCYCLE DRIVER"
"20739042","No","LAREDO POLICE DEPARTMENT","2025-00053570","LAREDO","BACKED WITHOUT SAFETY","WEBB","2025-04-04","N - NOT INJURED","0","NO DATA","No Data","No Data","","3 - BACKED WITHOUT SAFETY","No Data","No Data","25760","78045","No","3AKJHHDRXJSJW5023","51","1 - MALE","N - NOT INJURED","0","1","1 - FRONT LEFT OR MOTORCYCLE DRIVER"
"20739046","Yes","HARRIS COUNTY CONSTABLE PRECINCT 4","2504-00471","OUTSIDE CITY LIMITS","FAILED TO YIELD RIGHT OF WAY - TURNING LEFT","HARRIS","2025-04-04","C - POSSIBLE INJURY","0","NO DATA","120 - HCA HOUSTON HEALTHCARE NORTHWEST","6.564","","37 - FAILED TO YIELD RIGHT OF WAY - TURNING LEFT","No Data","No Data","77064","77064","No","3KPF44AC0PE593293","38","1 - MALE","C - POSSIBLE INJURY","0","1","1 - FRONT LEFT OR MOTORCYCLE DRIVER"
"20739046","Yes","HARRIS COUNTY CONSTABLE PRECINCT 4","2504-00471","OUTSIDE CITY LIMITS","FAILED TO YIELD RIGHT OF WAY - TURNING LEFT","HARRIS","2025-04-04","C - POSSIBLE INJURY","0","NO DATA","120 - HCA HOUSTON HEALTHCARE NORTHWEST","6.564","","No Data","No Data","No Data","77066","77066","No","2HGFG11856H555256","57","1 - MALE","N - NOT INJURED","0","1","1 - FRONT LEFT OR MOTORCYCLE DRIVER"
"20739069","Yes","MONTGOMERY COUNTY SHERIFF'S OFFICE","25A099330","OUTSIDE CITY LIMITS","FAILED TO DRIVE IN SINGLE LANE; FAILED TO SIGNAL OR GAVE WRONG SIGNAL","MONTGOMERY","2025-04-04","N - NOT INJURED","0","NO DATA","116 - HCA HOUSTON HEALTHCARE CONROE","12.052","","23 - FAILED TO DRIVE IN SINGLE LANE","No Data","No Data","77356","77356","No","1G1AL55F377376952","18","1 - MALE","N - NOT INJURED","0","1","1 - FRONT LEFT OR MOTORCYCLE DRIVER"
"20739069","Yes","MONTGOMERY COUNTY SHERIFF'S OFFICE","25A099330","OUTSIDE CITY LIMITS","FAILED TO DRIVE IN SINGLE LANE; FAILED TO SIGNAL OR GAVE WRONG SIGNAL","MONTGOMERY","2025-04-04","N - NOT INJURED","0","NO DATA","116 - HCA HOUSTON HEALTHCARE CONROE","12.052","","No Data","No Data","No Data","77316","77316","No","2HNYD282X8H523035","35","2 - FEMALE","N - NOT INJURED","0","1","1 - FRONT LEFT OR MOTORCYCLE DRIVER"
"20739081","Yes","DEPARTMENT OF PUBLIC SAFETY, STATE OF TEXAS","TX25-527376","OUTSIDE CITY LIMITS","FAULTY EVASIVE ACTION","FREESTONE","2025-04-04","C - POSSIBLE INJURY","0","NO DATA","102 - FREESTONE MEDICAL CENTER","7.737","6A","41 - FAULTY EVASIVE ACTION","No Data","No Data","77449","77449","No","KNDMC5C13G6207323","45","2 - FEMALE","C - POSSIBLE INJURY","0","1","1 - FRONT LEFT OR MOTORCYCLE DRIVER"
"20739096","Yes","FORT WORTH POLICE DEPARTMENT","250023932","FORT WORTH","FAILED TO HEED WARNING SIGN","TARRANT","2025-04-04","N - NOT INJURED","0","NO DATA","153 - MEDICAL CITY ALLIANCE","2.741","RT","25 - FAILED TO HEED WARNING SIGN OR TRAFFIC CONTROL DEVICE","No Data","No Data","76137","76137","No","1FMCU0D74CKB03483","29","1 - MALE","N - NOT INJURED","0","1","1 - FRONT LEFT OR MOTORCYCLE DRIVER"
"20739096","Yes","FORT WORTH POLICE DEPARTMENT","250023932","FORT WORTH","FAILED TO HEED WARNING SIGN","TARRANT","2025-04-04","N - NOT INJURED","0","NO DATA","153 - MEDICAL CITY ALLIANCE","2.741","RT","25 - FAILED TO HEED WARNING SIGN OR TRAFFIC CONTROL DEVICE","No Data","No Data","76137","76137","No","1FMCU0D74CKB03483","32","2 - FEMALE","N - NOT INJURED","0","2","3 - FRONT RIGHT"
"20739096","Yes","FORT WORTH POLICE DEPARTMENT","250023932","FORT WORTH","FAILED TO HEED WARNING SIGN","TARRANT","2025-04-04","N - NOT INJURED","0","NO DATA","153 - MEDICAL CITY ALLIANCE","2.741","RT","No Data","No Data","No Data","76137","76137","No","1FMCU02729KA13874","30","1 - MALE","N - NOT INJURED","0","1","1 - FRONT LEFT OR MOTORCYCLE DRIVER"
"20739097","Yes","PATTON VILLAGE POLICE DEPARTMENT","25H002022","PATTON VILLAGE","DRIVER INATTENTION; FAILED TO CONTROL SPEED; FAILED TO DRIVE IN SINGLE LANE; HAD BEEN DRINKING","MONTGOMERY","2025-04-04","N - NOT INJURED","0","NO DATA","118 - HCA HOUSTON HEALTHCARE KINGWOOD","11.101","","22 - FAILED TO CONTROL SPEED","23 - FAILED TO DRIVE IN SINGLE LANE","No Data","77380","77380","Yes","WMEFJ5DA1GK071599","33","2 - FEMALE","N - NOT INJURED","0","1","1 - FRONT LEFT OR MOTORCYCLE DRIVER"
"20739100","Yes","HOUSTON POLICE DEPARTMENT","0043213925S","HOUSTON","FAILED TO YIELD RIGHT OF WAY - STOP SIGN","HARRIS","2025-04-04","N - NOT INJURED","0","NO DATA","242 - ST. JOSEPH MEDICAL CENTER","1.386","H","35 - FAILED TO YIELD RIGHT OF WAY - STOP SIGN","No Data","No Data","77056","77056","No","SADCT2FU9RA731497","33","2 - FEMALE","N - NOT INJURED","0","1","1 - FRONT LEFT OR MOTORCYCLE DRIVER"
"20739100","Yes","HOUSTON POLICE DEPARTMENT","0043213925S","HOUSTON","FAILED TO YIELD RIGHT OF WAY - STOP SIGN","HARRIS","2025-04-04","N - NOT INJURED","0","NO DATA","242 - ST. JOSEPH MEDICAL CENTER","1.386","H","No Data","No Data","No Data","77003","77003","No","1FT8W3DT5LEC87673","45","2 - FEMALE","N - NOT INJURED","0","1","1 - FRONT LEFT OR MOTORCYCLE DRIVER"
"20739102","Yes","LAREDO POLICE DEPARTMENT","2025-00053468","LAREDO","DISREGARD TURN MARKS AT INTERSECTION","WEBB","2025-04-04","N - NOT INJURED","0","NO DATA","141 - LAREDO MEDICAL CENTER","2.37","","17 - DISREGARD TURN MARKS AT INTERSECTION","No Data","No Data","00000","00000","No","3HGRZ187XRM006517","32","2 - FEMALE","N - NOT INJURED","0","1","1 - FRONT LEFT OR MOTORCYCLE DRIVER"
"20739102","Yes","LAREDO POLICE DEPARTMENT","2025-00053468","LAREDO","DISREGARD TURN MARKS AT INTERSECTION","WEBB","2025-04-04","N - NOT INJURED","0","NO DATA","141 - LAREDO MEDICAL CENTER","2.37","","No Data","No Data","No Data","78046","78046","No","2C3CCAAG7LH160273","24","1 - MALE","N - NOT INJURED","0","1","1 - FRONT LEFT OR MOTORCYCLE DRIVER"
"20739102","Yes","LAREDO POLICE DEPARTMENT","2025-00053468","LAREDO","DISREGARD TURN MARKS AT INTERSECTION","WEBB","2025-04-04","N - NOT INJURED","0","NO DATA","141 - LAREDO MEDICAL CENTER","2.37","","No Data","No Data","No Data","78046","78046","No","2C3CCAAG7LH160273","23","2 - FEMALE","N - NOT INJURED","0","2","3 - FRONT RIGHT"
"20739111","Yes","SAN ANTONIO POLICE DEPARTMENT","SAPD25066374","SAN ANTONIO","FAILED TO DRIVE IN SINGLE LANE","BEXAR","2025-04-04","99 - UNKNOWN","0","NO DATA","187 - MISSION TRAIL BAPTIST HOSPITAL","3.228","60","No Data","No Data","No Data","","No Data","Yes","No Data","No Data","99 - UNKNOWN","99 - UNKNOWN","0","1","1 - FRONT LEFT OR MOTORCYCLE DRIVER"
"20739120","Yes","UNIVERSAL CITY POLICE DEPARTMENT","250004930","UNIVERSAL CITY","FAILED TO DRIVE IN SINGLE LANE","BEXAR","2025-04-04","N - NOT INJURED","0","NO DATA","202 - NORTHEAST METHODIST HOSPITAL","1.371","","23 - FAILED TO DRIVE IN SINGLE LANE","No Data","No Data","","No Data","Yes","No Data","No Data","99 - UNKNOWN","99 - UNKNOWN","0","1","1 - FRONT LEFT OR MOTORCYCLE DRIVER"
"20739120","Yes","UNIVERSAL CITY POLICE DEPARTMENT","250004930","UNIVERSAL CITY","FAILED TO DRIVE IN SINGLE LANE","BEXAR","2025-04-04","N - NOT INJURED","0","NO DATA","202 - NORTHEAST METHODIST HOSPITAL","1.371","","No Data","No Data","No Data","78233","78233","No","3VW7M7BU5NM013324","18","2 - FEMALE","N - NOT INJURED","0","1","1 - FRONT LEFT OR MOTORCYCLE DRIVER"
"20739124","No","SAN ANTONIO POLICE DEPARTMENT","SAPD25066355","SAN ANTONIO","DRIVER INATTENTION","BEXAR","2025-04-04","N - NOT INJURED","0","NO DATA","53 - CHRISTUS SANTA ROSA HOSPITAL - ALAMO HEIGHTS","1.537","30","20 - DRIVER INATTENTION","No Data","No Data","","No Data","Yes","No Data","No Data","99 - UNKNOWN","99 - UNKNOWN","0","1","1 - FRONT LEFT OR MOTORCYCLE DRIVER"
"20739124","No","SAN ANTONIO POLICE DEPARTMENT","SAPD25066355","SAN ANTONIO","DRIVER INATTENTION","BEXAR","2025-04-04","N - NOT INJURED","0","NO DATA","53 - CHRISTUS SANTA ROSA HOSPITAL - ALAMO HEIGHTS","1.537","30","No Data","No Data","No Data","78216","78216","No","2G11Z5SA9K9144418","41","1 - MALE","N - NOT INJURED","0","1","1 - FRONT LEFT OR MOTORCYCLE DRIVER"
"20739131","Yes","TOMBALL POLICE DEPARTMENT","202504040097","TOMBALL","TURNED IMPROPERLY - WIDE RIGHT","HARRIS","2025-04-04","N - NOT INJURED","0","NO DATA","123 - HCA HOUSTON HEALTHCARE TOMBALL","2.319","","No Data","No Data","No Data","76028","76028","No","1GKKNNLS0KZ151797","58","1 - MALE","N - NOT INJURED","0","1","1 - FRONT LEFT OR MOTORCYCLE DRIVER"
"20739135","Yes","LEWISVILLE POLICE DEPARTMENT","25-02677","LEWISVILLE","OTHER (EXPLAIN IN NARRATIVE)","DENTON","2025-04-04","N - NOT INJURED","0","NO DATA","156 - MEDICAL CITY LEWISVILLE","2.275","","98 - OTHER (EXPLAIN IN NARRATIVE)","No Data","No Data","75067","75067","No","1G1ZD5ST7JF218136","36","2 - FEMALE","N - NOT INJURED","0","1","1 - FRONT LEFT OR MOTORCYCLE DRIVER"
"20739135","Yes","LEWISVILLE POLICE DEPARTMENT","25-02677","LEWISVILLE","OTHER (EXPLAIN IN NARRATIVE)","DENTON","2025-04-04","N - NOT INJURED","0","NO DATA","156 - MEDICAL CITY LEWISVILLE","2.275","","No Data","No Data","No Data","","","No","1ZVBP8CF4D5284662","40","2 - FEMALE","N - NOT INJURED","0","1","1 - FRONT LEFT OR MOTORCYCLE DRIVER"
"20739153","Yes","DALLAS COUNTY SHERIFF'S OFFICE","25-021686","DALLAS","DRIVER INATTENTION","DALLAS","2025-04-04","N - NOT INJURED","0","NO DATA","174 - METHODIST DALLAS MEDICAL CENTER","1.365","3","20 - DRIVER INATTENTION","No Data","No Data","75228","75228","No","1GNALBEK8FZ104474","32","1 - MALE","N - NOT INJURED","0","1","1 - FRONT LEFT OR MOTORCYCLE DRIVER"
"20739153","Yes","DALLAS COUNTY SHERIFF'S OFFICE","25-021686","DALLAS","DRIVER INATTENTION","DALLAS","2025-04-04","N - NOT INJURED","0","NO DATA","174 - METHODIST DALLAS MEDICAL CENTER","1.365","3","No Data","No Data","No Data","75232","75229","No","5NMSH13E57H005946","31","1 - MALE","N - NOT INJURED","0","1","1 - FRONT LEFT OR MOTORCYCLE DRIVER"
"20739158","Yes","BEXAR COUNTY LAW ENFORCEMENT","BCSO-2025-0132385","OUTSIDE CITY LIMITS","FIRE IN VEHICLE","BEXAR","2025-04-04","N - NOT INJURED","0","NO DATA","65 - CHRISTUS SANTA ROSA HOSPITAL - WESTOVER HILLS","3.509","","42 - FIRE IN VEHICLE","No Data","No Data","78201","77008","No","JTDKB20U173236716","21","1 - MALE","N - NOT INJURED","0","1","1 - FRONT LEFT OR MOTORCYCLE DRIVER"
"20739164","Yes","SAN ANTONIO POLICE DEPARTMENT","SAPD25066955","SAN ANTONIO","CHANGED LANE WHEN UNSAFE","BEXAR","2025-04-04","N - NOT INJURED","0","NO DATA","46 - CHRISTUS CHILDRENS HOSPITAL OF SAN ANTONIO","0.147","20","4 - CHANGED LANE WHEN UNSAFE","No Data","No Data","","No Data","Yes","No Data","No Data","99 - UNKNOWN","99 - UNKNOWN","0","1","1 - FRONT LEFT OR MOTORCYCLE DRIVER"
"20739164","Yes","SAN ANTONIO POLICE DEPARTMENT","SAPD25066955","SAN ANTONIO","CHANGED LANE WHEN UNSAFE","BEXAR","2025-04-04","N - NOT INJURED","0","NO DATA","46 - CHRISTUS CHILDRENS HOSPITAL OF SAN ANTONIO","0.147","20","No Data","No Data","No Data","78219","78219","No","1C6RR6GT0FS675254","22","1 - MALE","N - NOT INJURED","0","1","1 - FRONT LEFT OR MOTORCYCLE DRIVER"
"20739164","Yes","SAN ANTONIO POLICE DEPARTMENT","SAPD25066955","SAN ANTONIO","CHANGED LANE WHEN UNSAFE","BEXAR","2025-04-04","N - NOT INJURED","0","NO DATA","46 - CHRISTUS CHILDRENS HOSPITAL OF SAN ANTONIO","0.147","20","No Data","No Data","No Data","78219","78219","No","1C6RR6GT0FS675254","20","2 - FEMALE","N - NOT INJURED","0","2","3 - FRONT RIGHT"
"20739168","Yes","HOUSTON POLICE DEPARTMENT","0042943025N","HOUSTON","FAILED TO YIELD RIGHT OF WAY - STOP SIGN","HARRIS","2025-04-04","N - NOT INJURED","0","NO DATA","163 - MEMORIAL HERMANN GREATER HEIGHTS HOSPITAL","2.964","A","No Data","No Data","No Data","","","No","2GKALMEK4F6273458","22","2 - FEMALE","N - NOT INJURED","0","1","1 - FRONT LEFT OR MOTORCYCLE DRIVER"
"20739168","Yes","HOUSTON POLICE DEPARTMENT","0042943025N","HOUSTON","FAILED TO YIELD RIGHT OF WAY - STOP SIGN","HARRIS","2025-04-04","N - NOT INJURED","0","NO DATA","163 - MEMORIAL HERMANN GREATER HEIGHTS HOSPITAL","2.964","A","No Data","No Data","No Data","","","No","19UUB2F52JA000850","25","1 - MALE","N - NOT INJURED","0","1","1 - FRONT LEFT OR MOTORCYCLE DRIVER"
"20739168","Yes","HOUSTON POLICE DEPARTMENT","0042943025N","HOUSTON","FAILED TO YIELD RIGHT OF WAY - STOP SIGN","HARRIS","2025-04-04","N - NOT INJURED","0","NO DATA","163 - MEMORIAL HERMANN GREATER HEIGHTS HOSPITAL","2.964","A","No Data","No Data","No Data","","","No","19UUB2F52JA000850","25","1 - MALE","N - NOT INJURED","0","2","3 - FRONT RIGHT"
"20739169","No","SAN ANTONIO POLICE DEPARTMENT","SAPD25066979","SAN ANTONIO","DRIVER INATTENTION; TURNED IMPROPERLY - CUT CORNER ON LEFT","BEXAR","2025-04-04","N - NOT INJURED","0","NO DATA","46 - CHRISTUS CHILDRENS HOSPITAL OF SAN ANTONIO","1.704","20","20 - DRIVER INATTENTION","63 - TURNED IMPROPERLY - CUT CORNER ON LEFT","No Data","78207","78204","No","JA4AP3AU8GZ026171","54","2 - FEMALE","N - NOT INJURED","0","1","1 - FRONT LEFT OR MOTORCYCLE DRIVER"
"20739169","No","SAN ANTONIO POLICE DEPARTMENT","SAPD25066979","SAN ANTONIO","DRIVER INATTENTION; TURNED IMPROPERLY - CUT CORNER ON LEFT","BEXAR","2025-04-04","N - NOT INJURED","0","NO DATA","46 - CHRISTUS CHILDRENS HOSPITAL OF SAN ANTONIO","1.704","20","No Data","No Data","No Data","78207","78207","No","1FAHP3FN8AW146332","34","1 - MALE","N - NOT INJURED","0","1","1 - FRONT LEFT OR MOTORCYCLE DRIVER"
"20739171","Yes","SUGAR LAND POLICE DEPARTMENT","25-02437","SUGAR LAND","CHANGED LANE WHEN UNSAFE; FAILED TO CONTROL SPEED","FORT BEND","2025-04-04","N - NOT INJURED","0","NO DATA","180 - MEMORIAL HERMANN SUGAR LAND HOSPITAL","4.687","","22 - FAILED TO CONTROL SPEED","4 - CHANGED LANE WHEN UNSAFE","No Data","","77047","Yes","1G1ZD5STXNF208254","No Data","99 - UNKNOWN","99 - UNKNOWN","0","1","1 - FRONT LEFT OR MOTORCYCLE DRIVER"
"20739171","Yes","SUGAR LAND POLICE DEPARTMENT","25-02437","SUGAR LAND","CHANGED LANE WHEN UNSAFE; FAILED TO CONTROL SPEED","FORT BEND","2025-04-04","N - NOT INJURED","0","NO DATA","180 - MEMORIAL HERMANN SUGAR LAND HOSPITAL","4.687","","No Data","No Data","No Data","75209","77842","No","1FMSK8DH9RGA17848","45","2 - FEMALE","N - NOT INJURED","0","1","1 - FRONT LEFT OR MOTORCYCLE DRIVER"
"20739172","Yes","DALLAS COUNTY SHERIFF'S OFFICE","25-021592","DALLAS","UNSAFE SPEED","DALLAS","2025-04-04","N - NOT INJURED","0","NO DATA","174 - METHODIST DALLAS MEDICAL CENTER","1.148","1","60 - UNSAFE SPEED","No Data","No Data","75150","75150","No","3N1CB51D36L508841","34","2 - FEMALE","N - NOT INJURED","0","1","1 - FRONT LEFT OR MOTORCYCLE DRIVER"
"20739175","Yes","DALLAS COUNTY SHERIFF'S OFFICE","25-021588","DALLAS","UNSAFE SPEED","DALLAS","2025-04-04","B - SUSPECTED MINOR INJURY","0","NO DATA","174 - METHODIST DALLAS MEDICAL CENTER","1.65","1","60 - UNSAFE SPEED","No Data","No Data","","75052","Yes","19UDE4H29PA008961","No Data","99 - UNKNOWN","99 - UNKNOWN","0","1","1 - FRONT LEFT OR MOTORCYCLE DRIVER"
"20739175","Yes","DALLAS COUNTY SHERIFF'S OFFICE","25-021588","DALLAS","UNSAFE SPEED","DALLAS","2025-04-04","B - SUSPECTED MINOR INJURY","0","NO DATA","174 - METHODIST DALLAS MEDICAL CENTER","1.65","1","No Data","No Data","No Data","89015","74134","No","2C4RC1BG4NR188999","59","2 - FEMALE","N - NOT INJURED","0","1","1 - FRONT LEFT OR MOTORCYCLE DRIVER"
"20739175","Yes","DALLAS COUNTY SHERIFF'S OFFICE","25-021588","DALLAS","UNSAFE SPEED","DALLAS","2025-04-04","B - SUSPECTED MINOR INJURY","0","NO DATA","174 - METHODIST DALLAS MEDICAL CENTER","1.65","1","No Data","No Data","No Data","89015","74134","No","2C4RC1BG4NR188999","43","1 - MALE","B - SUSPECTED MINOR INJURY","1","2","3 - FRONT RIGHT"
"20739177","Yes","EL PASO POLICE DEPARTMENT","25-094010","EL PASO","FAILED TO CONTROL SPEED","EL PASO","2025-04-04","B - SUSPECTED MINOR INJURY","0","NO DATA","268 - THE HOSPITALS OF PROVIDENCE SIERRA CAMPUS","4.97","","22 - FAILED TO CONTROL SPEED","No Data","No Data","79924","79924","No","4T1B11HK0JU550791","20","1 - MALE","B - SUSPECTED MINOR INJURY","1","1","1 - FRONT LEFT OR MOTORCYCLE DRIVER"
"20739177","Yes","EL PASO POLICE DEPARTMENT","25-094010","EL PASO","FAILED TO CONTROL SPEED","EL PASO","2025-04-04","B - SUSPECTED MINOR INJURY","0","NO DATA","268 - THE HOSPITALS OF PROVIDENCE SIERRA CAMPUS","4.97","","22 - FAILED TO CONTROL SPEED","No Data","No Data","79924","79924","No","4T1B11HK0JU550791","21","1 - MALE","B - SUSPECTED MINOR INJURY","1","2","3 - FRONT RIGHT"
"20739185","Yes","ALICE POLICE DEPARTMENT","2500005715","ALICE","TURNED IMPROPERLY - WRONG LANE","JIM WELLS","2025-04-04","C - POSSIBLE INJURY","0","NO DATA","60 - CHRISTUS SPOHN HOSPITAL ALICE","1.85","","No Data","No Data","No Data","76078","76078","No","1FTFW1EFXEFB68860","56","1 - MALE","N - NOT INJURED","0","1","1 - FRONT LEFT OR MOTORCYCLE DRIVER"
"20739185","Yes","ALICE POLICE DEPARTMENT","2500005715","ALICE","TURNED IMPROPERLY - WRONG LANE","JIM WELLS","2025-04-04","C - POSSIBLE INJURY","0","NO DATA","60 - CHRISTUS SPOHN HOSPITAL ALICE","1.85","","No Data","No Data","No Data","76078","76078","No","1FTFW1EFXEFB68860","55","2 - FEMALE","N - NOT INJURED","0","2","3 - FRONT RIGHT"
"20739185","Yes","ALICE POLICE DEPARTMENT","2500005715","ALICE","TURNED IMPROPERLY - WRONG LANE","JIM WELLS","2025-04-04","C - POSSIBLE INJURY","0","NO DATA","60 - CHRISTUS SPOHN HOSPITAL ALICE","1.85","","No Data","No Data","No Data","76078","76078","No","1FTFW1EFXEFB68860","76","2 - FEMALE","N - NOT INJURED","0","3","6 - SECOND SEAT RIGHT"
"20739185","Yes","ALICE POLICE DEPARTMENT","2500005715","ALICE","TURNED IMPROPERLY - WRONG LANE","JIM WELLS","2025-04-04","C - POSSIBLE INJURY","0","NO DATA","60 - CHRISTUS SPOHN HOSPITAL ALICE","1.85","","No Data","No Data","No Data","78332","78332","No","KM8K22AA4MU710650","22","2 - FEMALE","C - POSSIBLE INJURY","0","1","1 - FRONT LEFT OR MOTORCYCLE DRIVER"
"20739185","Yes","ALICE POLICE DEPARTMENT","2500005715","ALICE","TURNED IMPROPERLY - WRONG LANE","JIM WELLS","2025-04-04","C - POSSIBLE INJURY","0","NO DATA","60 - CHRISTUS SPOHN HOSPITAL ALICE","1.85","","No Data","No Data","No Data","78332","78332","No","KM8K22AA4MU710650","19","2 - FEMALE","N - NOT INJURED","0","2","3 - FRONT RIGHT"
"20739185","Yes","ALICE POLICE DEPARTMENT","2500005715","ALICE","TURNED IMPROPERLY - WRONG LANE","JIM WELLS","2025-04-04","C - POSSIBLE INJURY","0","NO DATA","60 - CHRISTUS SPOHN HOSPITAL ALICE","1.85","","No Data","No Data","No Data","78332","78332","No","KM8K22AA4MU710650","19","2 - FEMALE","N - NOT INJURED","0","3","4 - SECOND SEAT LEFT OR MOTORCYCLE BACK PASSENGER"
"20739190","Yes","GEORGETOWN POLICE DEPARTMENT","2025-094-016","GEORGETOWN","FAILED TO YIELD RIGHT OF WAY - STOP SIGN","WILLIAMSON","2025-04-04","B - SUSPECTED MINOR INJURY","0","NO DATA","235 - ST. DAVIDS GEORGETOWN HOSPITAL, A ST. DAVIDS MEDICAL CENTER FACILITY","2.12","","35 - FAILED TO YIELD RIGHT OF WAY - STOP SIGN","No Data","No Data","78628","78628","No","5TDZKRFHXFS090881","45","2 - FEMALE","N - NOT INJURED","0","1","1 - FRONT LEFT OR MOTORCYCLE DRIVER"
"20739190","Yes","GEORGETOWN POLICE DEPARTMENT","2025-094-016","GEORGETOWN","FAILED TO YIELD RIGHT OF WAY - STOP SIGN","WILLIAMSON","2025-04-04","B - SUSPECTED MINOR INJURY","0","NO DATA","235 - ST. DAVIDS GEORGETOWN HOSPITAL, A ST. DAVIDS MEDICAL CENTER FACILITY","2.12","","35 - FAILED TO YIELD RIGHT OF WAY - STOP SIGN","No Data","No Data","78628","78628","No","5TDZKRFHXFS090881","12","1 - MALE","N - NOT INJURED","0","2","3 - FRONT RIGHT"
"20739190","Yes","GEORGETOWN POLICE DEPARTMENT","2025-094-016","GEORGETOWN","FAILED TO YIELD RIGHT OF WAY - STOP SIGN","WILLIAMSON","2025-04-04","B - SUSPECTED MINOR INJURY","0","NO DATA","235 - ST. DAVIDS GEORGETOWN HOSPITAL, A ST. DAVIDS MEDICAL CENTER FACILITY","2.12","","35 - FAILED TO YIELD RIGHT OF WAY - STOP SIGN","No Data","No Data","78628","78628","No","5TDZKRFHXFS090881","7","2 - FEMALE","N - NOT INJURED","0","3","4 - SECOND SEAT LEFT OR MOTORCYCLE BACK PASSENGER"
"20739190","Yes","GEORGETOWN POLICE DEPARTMENT","2025-094-016","GEORGETOWN","FAILED TO YIELD RIGHT OF WAY - STOP SIGN","WILLIAMSON","2025-04-04","B - SUSPECTED MINOR INJURY","0","NO DATA","235 - ST. DAVIDS GEORGETOWN HOSPITAL, A ST. DAVIDS MEDICAL CENTER FACILITY","2.12","","35 - FAILED TO YIELD RIGHT OF WAY - STOP SIGN","No Data","No Data","78628","78628","No","5TDZKRFHXFS090881","12","2 - FEMALE","N - NOT INJURED","0","4","6 - SECOND SEAT RIGHT"
"20739190","Yes","GEORGETOWN POLICE DEPARTMENT","2025-094-016","GEORGETOWN","FAILED TO YIELD RIGHT OF WAY - STOP SIGN","WILLIAMSON","2025-04-04","B - SUSPECTED MINOR INJURY","0","NO DATA","235 - ST. DAVIDS GEORGETOWN HOSPITAL, A ST. DAVIDS MEDICAL CENTER FACILITY","2.12","","No Data","No Data","No Data","78628","78628","No","1NXBU40E79Z139639","25","1 - MALE","B - SUSPECTED MINOR INJURY","1","1","1 - FRONT LEFT OR MOTORCYCLE DRIVER"
"20739192","Yes","HAYS COUNTY SHERIFF'S OFFICE","HCSO 2025-19101","OUTSIDE CITY LIMITS","DISREGARD STOP SIGN OR LIGHT; FAILED TO CONTROL SPEED; FAULTY EVASIVE ACTION","HAYS","2025-04-04","N - NOT INJURED","0","NO DATA","4 - ASCENSION SETON HAYS","4.518","","22 - FAILED TO CONTROL SPEED","16 - DISREGARD STOP SIGN OR LIGHT","No Data","78640","78640","No","1FM5K7D87KGA09776","17","1 - MALE","N - NOT INJURED","0","1","1 - FRONT LEFT OR MOTORCYCLE DRIVER"
"20739192","Yes","HAYS COUNTY SHERIFF'S OFFICE","HCSO 2025-19101","OUTSIDE CITY LIMITS","DISREGARD STOP SIGN OR LIGHT; FAILED TO CONTROL SPEED; FAULTY EVASIVE ACTION","HAYS","2025-04-04","N - NOT INJURED","0","NO DATA","4 - ASCENSION SETON HAYS","4.518","","41 - FAULTY EVASIVE ACTION","No Data","No Data","78610","78610","No","1C6HJTAG7RL110091","22","2 - FEMALE","N - NOT INJURED","0","1","1 - FRONT LEFT OR MOTORCYCLE DRIVER"
"20739193","Yes","SAN ANTONIO POLICE DEPARTMENT","SAPD25066836","SAN ANTONIO","DRIVER INATTENTION","BEXAR","2025-04-04","N - NOT INJURED","0","NO DATA","65 - CHRISTUS SANTA ROSA HOSPITAL - WESTOVER HILLS","4.363","60","20 - DRIVER INATTENTION","No Data","No Data","UNKNOWN","UNKNOWN","Yes","UNKNOWN","No Data","99 - UNKNOWN","99 - UNKNOWN","0","1","1 - FRONT LEFT OR MOTORCYCLE DRIVER"
"20739193","Yes","SAN ANTONIO POLICE DEPARTMENT","SAPD25066836","SAN ANTONIO","DRIVER INATTENTION","BEXAR","2025-04-04","N - NOT INJURED","0","NO DATA","65 - CHRISTUS SANTA ROSA HOSPITAL - WESTOVER HILLS","4.363","60","No Data","No Data","No Data","78245","78245","No","WBAJE5C31HG916064","51","1 - MALE","N - NOT INJURED","0","1","1 - FRONT LEFT OR MOTORCYCLE DRIVER"
"20739195","Yes","SAN ANTONIO POLICE DEPARTMENT","SAPD25066773","SAN ANTONIO","FOLLOWED TOO CLOSELY","BEXAR","2025-04-04","N - NOT INJURED","0","NO DATA","46 - CHRISTUS CHILDRENS HOSPITAL OF SAN ANTONIO","1.812","40","44 - FOLLOWED TOO CLOSELY","No Data","No Data","78504","78504","No","3GTP8DED8KG300541","41","1 - MALE","N - NOT INJURED","0","1","1 - FRONT LEFT OR MOTORCYCLE DRIVER"
"20739195","Yes","SAN ANTONIO POLICE DEPARTMENT","SAPD25066773","SAN ANTONIO","FOLLOWED TOO CLOSELY","BEXAR","2025-04-04","N - NOT INJURED","0","NO DATA","46 - CHRISTUS CHILDRENS HOSPITAL OF SAN ANTONIO","1.812","40","No Data","No Data","No Data","78223","78223","No","1N4AL2AP0CN447167","19","1 - MALE","N - NOT INJURED","0","1","1 - FRONT LEFT OR MOTORCYCLE DRIVER"
"20739196","Yes","SAN ANTONIO POLICE DEPARTMENT","SAPD25066905","SAN ANTONIO","OTHER (EXPLAIN IN NARRATIVE)","BEXAR","2025-04-04","C - POSSIBLE INJURY","0","NO DATA","187 - MISSION TRAIL BAPTIST HOSPITAL","7.454","60","98 - OTHER (EXPLAIN IN NARRATIVE)","No Data","No Data","78065","78204","No","1GCHK29K08E215115","19","1 - MALE","N - NOT INJURED","0","1","1 - FRONT LEFT OR MOTORCYCLE DRIVER"
"20739196","Yes","SAN ANTONIO POLICE DEPARTMENT","SAPD25066905","SAN ANTONIO","OTHER (EXPLAIN IN NARRATIVE)","BEXAR","2025-04-04","C - POSSIBLE INJURY","0","NO DATA","187 - MISSION TRAIL BAPTIST HOSPITAL","7.454","60","98 - OTHER (EXPLAIN IN NARRATIVE)","No Data","No Data","78065","78204","No","1GCHK29K08E215115","19","2 - FEMALE","C - POSSIBLE INJURY","0","2","3 - FRONT RIGHT"
"20739197","Yes","SAN ANTONIO POLICE DEPARTMENT","SAPD25066921","SAN ANTONIO","TURNED WHEN UNSAFE","BEXAR","2025-04-04","N - NOT INJURED","0","NO DATA","46 - CHRISTUS CHILDRENS HOSPITAL OF SAN ANTONIO","10.791","60","66 - TURNED WHEN UNSAFE","No Data","No Data","78574","78574","No","3TMAZ5CN0JM075147","24","1 - MALE","N - NOT INJURED","0","1","1 - FRONT LEFT OR MOTORCYCLE DRIVER"
"20739197","Yes","SAN ANTONIO POLICE DEPARTMENT","SAPD25066921","SAN ANTONIO","TURNED WHEN UNSAFE","BEXAR","2025-04-04","N - NOT INJURED","0","NO DATA","46 - CHRISTUS CHILDRENS HOSPITAL OF SAN ANTONIO","10.791","60","No Data","No Data","No Data","78073","78245","No","1GCUYEED5MZ329037","56","1 - MALE","N - NOT INJURED","0","1","1 - FRONT LEFT OR MOTORCYCLE DRIVER"
"20739205","Yes","MONTGOMERY COUNTY CONSTABLE PRECINCT 4","25F011163","OUTSIDE CITY LIMITS","HAD BEEN DRINKING","MONTGOMERY","2025-04-04","C - POSSIBLE INJURY","0","NO DATA","118 - HCA HOUSTON HEALTHCARE KINGWOOD","3.839","","45 - HAD BEEN DRINKING","No Data","No Data","77012","77357","Yes","3N1AB61EX8L624093","42","99 - UNKNOWN","99 - UNKNOWN","0","1","1 - FRONT LEFT OR MOTORCYCLE DRIVER"
"20739205","Yes","MONTGOMERY COUNTY CONSTABLE PRECINCT 4","25F011163","OUTSIDE CITY LIMITS","HAD BEEN DRINKING","MONTGOMERY","2025-04-04","C - POSSIBLE INJURY","0","NO DATA","118 - HCA HOUSTON HEALTHCARE KINGWOOD","3.839","","No Data","No Data","No Data","77372","77372","No","KMHCM3AC5AU160599","23","2 - FEMALE","C - POSSIBLE INJURY","0","1","1 - FRONT LEFT OR MOTORCYCLE DRIVER"
"20739212","Yes","DALLAS POLICE DEPARTMENT","46921-2025","DALLAS","FAILED TO CONTROL SPEED","DALLAS","2025-04-04","N - NOT INJURED","0","NO DATA","215 - PARKLAND MEMORIAL HOSPITAL","0.307","","22 - FAILED TO CONTROL SPEED","No Data","No Data","76002","75041","No","JT2VV22W6M0149306","68","1 - MALE","N - NOT INJURED","0","1","1 - FRONT LEFT OR MOTORCYCLE DRIVER"
"20739212","Yes","DALLAS POLICE DEPARTMENT","46921-2025","DALLAS","FAILED TO CONTROL SPEED","DALLAS","2025-04-04","N - NOT INJURED","0","NO DATA","215 - PARKLAND MEMORIAL HOSPITAL","0.307","","No Data","No Data","No Data","75211","75060","No","19UUA66208A017379","27","1 - MALE","N - NOT INJURED","0","1","1 - FRONT LEFT OR MOTORCYCLE DRIVER"
"20739213","Yes","FLOWER MOUND POLICE DEPARTMENT","25015277","FLOWER MOUND","DISREGARD STOP AND GO SIGNAL; FAILED TO HEED WARNING SIGN","DENTON","2025-04-04","B - SUSPECTED MINOR INJURY","0","NO DATA","156 - MEDICAL CITY LEWISVILLE","3.364","","15 - DISREGARD STOP AND GO SIGNAL","No Data","No Data","75028","75028","No","5TDYZ3DC1KS003150","48","1 - MALE","N - NOT INJURED","0","1","1 - FRONT LEFT OR MOTORCYCLE DRIVER"
"20739213","Yes","FLOWER MOUND POLICE DEPARTMENT","25015277","FLOWER MOUND","DISREGARD STOP AND GO SIGNAL; FAILED TO HEED WARNING SIGN","DENTON","2025-04-04","B - SUSPECTED MINOR INJURY","0","NO DATA","156 - MEDICAL CITY LEWISVILLE","3.364","","15 - DISREGARD STOP AND GO SIGNAL","No Data","No Data","75028","75028","No","5TDYZ3DC1KS003150","51","2 - FEMALE","B - SUSPECTED MINOR INJURY","1","2","3 - FRONT RIGHT"
"20739213","Yes","FLOWER MOUND POLICE DEPARTMENT","25015277","FLOWER MOUND","DISREGARD STOP AND GO SIGNAL; FAILED TO HEED WARNING SIGN","DENTON","2025-04-04","B - SUSPECTED MINOR INJURY","0","NO DATA","156 - MEDICAL CITY LEWISVILLE","3.364","","25 - FAILED TO HEED WARNING SIGN OR TRAFFIC CONTROL DEVICE","No Data","No Data","76051","76051","No","1J4GA59148L608970","17","1 - MALE","B - SUSPECTED MINOR INJURY","1","1","1 - FRONT LEFT OR MOTORCYCLE DRIVER"
"20739213","Yes","FLOWER MOUND POLICE DEPARTMENT","25015277","FLOWER MOUND","DISREGARD STOP AND GO SIGNAL; FAILED TO HEED WARNING SIGN","DENTON","2025-04-04","B - SUSPECTED MINOR INJURY","0","NO DATA","156 - MEDICAL CITY LEWISVILLE","3.364","","25 - FAILED TO HEED WARNING SIGN OR TRAFFIC CONTROL DEVICE","No Data","No Data","76051","76051","No","1J4GA59148L608970","16","2 - FEMALE","N - NOT INJURED","0","2","3 - FRONT RIGHT"
"20739217","Yes","LEE COUNTY SHERIFF'S OFFICE","25004358","OUTSIDE CITY LIMITS","DRIVER INATTENTION; FAILED TO CONTROL SPEED; FAULTY EVASIVE ACTION","LEE","2025-04-04","C - POSSIBLE INJURY","0","NO DATA","36 - CHI ST. JOSEPH HEALTH BURLESON HOSPITAL","16.257","","20 - DRIVER INATTENTION","22 - FAILED TO CONTROL SPEED","41 - FAULTY EVASIVE ACTION","77845","77845","No","3N1AB7AP6EY326758","37","1 - MALE","C - POSSIBLE INJURY","0","1","1 - FRONT LEFT OR MOTORCYCLE DRIVER"
"20739217","Yes","LEE COUNTY SHERIFF'S OFFICE","25004358","OUTSIDE CITY LIMITS","DRIVER INATTENTION; FAILED TO CONTROL SPEED; FAULTY EVASIVE ACTION","LEE","2025-04-04","C - POSSIBLE INJURY","0","NO DATA","36 - CHI ST. JOSEPH HEALTH BURLESON HOSPITAL","16.257","","20 - DRIVER INATTENTION","22 - FAILED TO CONTROL SPEED","41 - FAULTY EVASIVE ACTION","77845","77845","No","3N1AB7AP6EY326758","35","2 - FEMALE","N - NOT INJURED","0","2","3 - FRONT RIGHT"
"20739217","Yes","LEE COUNTY SHERIFF'S OFFICE","25004358","OUTSIDE CITY LIMITS","DRIVER INATTENTION; FAILED TO CONTROL SPEED; FAULTY EVASIVE ACTION","LEE","2025-04-04","C - POSSIBLE INJURY","0","NO DATA","36 - CHI ST. JOSEPH HEALTH BURLESON HOSPITAL","16.257","","No Data","No Data","No Data","78947","78947","No","2G1FB1E37E9285928","69","2 - FEMALE","N - NOT INJURED","0","1","1 - FRONT LEFT OR MOTORCYCLE DRIVER"
"20739223","Yes","WACO POLICE DEPARTMENT","25-4295","WACO","FAILED TO CONTROL SPEED","MCLENNAN","2025-04-04","B - SUSPECTED MINOR INJURY","0","NO DATA","2 - ASCENSION PROVIDENCE HOSPITAL","3.378","","22 - FAILED TO CONTROL SPEED","No Data","No Data","76706","76706","No","1G1BC5SM4G7241325","38","2 - FEMALE","B - SUSPECTED MINOR INJURY","1","1","1 - FRONT LEFT OR MOTORCYCLE DRIVER"
"20739223","Yes","WACO POLICE DEPARTMENT","25-4295","WACO","FAILED TO CONTROL SPEED","MCLENNAN","2025-04-04","B - SUSPECTED MINOR INJURY","0","NO DATA","2 - ASCENSION PROVIDENCE HOSPITAL","3.378","","No Data","No Data","No Data","76707","76707","No","1FTEW1E59JKD85384","30","2 - FEMALE","N - NOT INJURED","0","1","1 - FRONT LEFT OR MOTORCYCLE DRIVER"
"20739237","Yes","BAYTOWN POLICE DEPARTMENT","25-16182","BAYTOWN","CHANGED LANE WHEN UNSAFE; DRIVER INATTENTION","HARRIS","2025-04-04","N - NOT INJURED","0","NO DATA","122 - HCA HOUSTON HEALTHCARE SOUTHEAST","16.589","","4 - CHANGED LANE WHEN UNSAFE","No Data","No Data","77523","77523","No","4T1BE32K12U081480","36","1 - MALE","N - NOT INJURED","0","1","1 - FRONT LEFT OR MOTORCYCLE DRIVER"
"20739237","Yes","BAYTOWN POLICE DEPARTMENT","25-16182","BAYTOWN","CHANGED LANE WHEN UNSAFE; DRIVER INATTENTION","HARRIS","2025-04-04","N - NOT INJURED","0","NO DATA","122 - HCA HOUSTON HEALTHCARE SOUTHEAST","16.589","","No Data","No Data","No Data","77523","77523","No","5N1DR3BD9PC203644","44","2 - FEMALE","N - NOT INJURED","0","1","1 - FRONT LEFT OR MOTORCYCLE DRIVER"
"20739238","Yes","BAYTOWN POLICE DEPARTMENT","2025-16126","BAYTOWN","FAILED TO YIELD RIGHT OF WAY - TURNING LEFT","HARRIS","2025-04-04","N - NOT INJURED","0","NO DATA","122 - HCA HOUSTON HEALTHCARE SOUTHEAST","14.805","","37 - FAILED TO YIELD RIGHT OF WAY - TURNING LEFT","No Data","No Data","78726","78726","No","1GYKNCRSXKZ191841","74","2 - FEMALE","N - NOT INJURED","0","1","1 - FRONT LEFT OR MOTORCYCLE DRIVER"
"20739238","Yes","BAYTOWN POLICE DEPARTMENT","2025-16126","BAYTOWN","FAILED TO YIELD RIGHT OF WAY - TURNING LEFT","HARRIS","2025-04-04","N - NOT INJURED","0","NO DATA","122 - HCA HOUSTON HEALTHCARE SOUTHEAST","14.805","","No Data","No Data","No Data","77532","77532","No","5FNYF3H43DB040283","19","2 - FEMALE","N - NOT INJURED","0","1","1 - FRONT LEFT OR MOTORCYCLE DRIVER"
"20739246","Yes","BAYTOWN POLICE DEPARTMENT","2025-16037","BAYTOWN","DRIVER INATTENTION; FAILED TO DRIVE IN SINGLE LANE","HARRIS","2025-04-04","N - NOT INJURED","0","NO DATA","122 - HCA HOUSTON HEALTHCARE SOUTHEAST","13.457","","23 - FAILED TO DRIVE IN SINGLE LANE","No Data","No Data","70805","76092","No","1XPBDP9X1PD767766","41","1 - MALE","N - NOT INJURED","0","1","1 - FRONT LEFT OR MOTORCYCLE DRIVER"
"20739255","Yes","ROUND ROCK POLICE DEPARTMENT","25-0404-0037","ROUND ROCK","DISREGARD STOP AND GO SIGNAL","WILLIAMSON","2025-04-04","N - NOT INJURED","0","NO DATA","224 - ROUND ROCK MEDICAL CENTER","2.705","VI","15 - DISREGARD STOP AND GO SIGNAL","No Data","No Data","78665","78664","No","1FM5K8AR7HGD57895","38","1 - MALE","N - NOT INJURED","0","1","1 - FRONT LEFT OR MOTORCYCLE DRIVER"
"20739255","Yes","ROUND ROCK POLICE DEPARTMENT","25-0404-0037","ROUND ROCK","DISREGARD STOP AND GO SIGNAL","WILLIAMSON","2025-04-04","N - NOT INJURED","0","NO DATA","224 - ROUND ROCK MEDICAL CENTER","2.705","VI","No Data","No Data","No Data","78681","78681","No","1FMSK7KH3NGA19750","37","1 - MALE","N - NOT INJURED","0","1","1 - FRONT LEFT OR MOTORCYCLE DRIVER"
"20739255","Yes","ROUND ROCK POLICE DEPARTMENT","25-0404-0037","ROUND ROCK","DISREGARD STOP AND GO SIGNAL","WILLIAMSON","2025-04-04","N - NOT INJURED","0","NO DATA","224 - ROUND ROCK MEDICAL CENTER","2.705","VI","No Data","No Data","No Data","78681","78681","No","1FMSK7KH3NGA19750","46","2 - FEMALE","N - NOT INJURED","0","2","3 - FRONT RIGHT"
"20739255","Yes","ROUND ROCK POLICE DEPARTMENT","25-0404-0037","ROUND ROCK","DISREGARD STOP AND GO SIGNAL","WILLIAMSON","2025-04-04","N - NOT INJURED","0","NO DATA","224 - ROUND ROCK MEDICAL CENTER","2.705","VI","No Data","No Data","No Data","78681","78681","No","1FMSK7KH3NGA19750","15","2 - FEMALE","N - NOT INJURED","0","3","3 - FRONT RIGHT"
"20739255","Yes","ROUND ROCK POLICE DEPARTMENT","25-0404-0037","ROUND ROCK","DISREGARD STOP AND GO SIGNAL","WILLIAMSON","2025-04-04","N - NOT INJURED","0","NO DATA","224 - ROUND ROCK MEDICAL CENTER","2.705","VI","No Data","No Data","No Data","78681","78681","No","1FMSK7KH3NGA19750","12","1 - MALE","N - NOT INJURED","0","4","4 - SECOND SEAT LEFT OR MOTORCYCLE BACK PASSENGER"
"20739256","Yes","DALLAS POLICE DEPARTMENT","47121-2025","DALLAS","OTHER (EXPLAIN IN NARRATIVE)","COLLIN","2025-04-04","C - POSSIBLE INJURY","0","NO DATA","260 - TEXAS HEALTH PRESBYTERIAN HOSPITAL PLANO","3.197","","98 - OTHER (EXPLAIN IN NARRATIVE)","No Data","No Data","75006","75006","No","2HGFB2F58DH510568","44","1 - MALE","N - NOT INJURED","0","1","1 - FRONT LEFT OR MOTORCYCLE DRIVER"
"20739256","Yes","DALLAS POLICE DEPARTMENT","47121-2025","DALLAS","OTHER (EXPLAIN IN NARRATIVE)","COLLIN","2025-04-04","C - POSSIBLE INJURY","0","NO DATA","260 - TEXAS HEALTH PRESBYTERIAN HOSPITAL PLANO","3.197","","No Data","No Data","No Data","75081","75081","No","1FADP3F24DL213812","24","1 - MALE","C - POSSIBLE INJURY","0","1","1 - FRONT LEFT OR MOTORCYCLE DRIVER"
"20739261","Yes","DALLAS POLICE DEPARTMENT","47220-2025","DALLAS","TURNED WHEN UNSAFE","DALLAS","2025-04-04","N - NOT INJURED","0","NO DATA","86 - DALLAS MEDICAL CENTER","1.311","","66 - TURNED WHEN UNSAFE","No Data","No Data","75006","75006","No","1HGCR2F53FA176756","21","1 - MALE","N - NOT INJURED","0","1","1 - FRONT LEFT OR MOTORCYCLE DRIVER"
"20739269","Yes","LEAGUE CITY POLICE DEPARTMENT","LCPD25-01776","LEAGUE CITY","FAILED TO CONTROL SPEED","GALVESTON","2025-04-04","N - NOT INJURED","0","NO DATA","289 - UTMB HEALTH LEAGUE CITY CAMPUS","3.295","","22 - FAILED TO CONTROL SPEED","No Data","No Data","77573","77573","No","JN1BJ1CP9HW026306","70","2 - FEMALE","N - NOT INJURED","0","1","1 - FRONT LEFT OR MOTORCYCLE DRIVER"
"20739269","Yes","LEAGUE CITY POLICE DEPARTMENT","LCPD25-01776","LEAGUE CITY","FAILED TO CONTROL SPEED","GALVESTON","2025-04-04","N - NOT INJURED","0","NO DATA","289 - UTMB HEALTH LEAGUE CITY CAMPUS","3.295","","No Data","No Data","No Data","77539","77539","No","5TFUW5F13JX695466","66","1 - MALE","N - NOT INJURED","0","1","1 - FRONT LEFT OR MOTORCYCLE DRIVER"
"20739273","No","ODESSA POLICE DEPARTMENT","25-0003603","ODESSA","FAILED TO CONTROL SPEED","ECTOR","2025-04-04","N - NOT INJURED","0","NO DATA","204 - ODESSA REGIONAL MEDICAL CENTER","2.431","","No Data","No Data","No Data","","No Data","Yes","No Data","No Data","99 - UNKNOWN","99 - UNKNOWN","0","1","1 - FRONT LEFT OR MOTORCYCLE DRIVER"
"20739273","No","ODESSA POLICE DEPARTMENT","25-0003603","ODESSA","FAILED TO CONTROL SPEED","ECTOR","2025-04-04","N - NOT INJURED","0","NO DATA","204 - ODESSA REGIONAL MEDICAL CENTER","2.431","","No Data","No Data","No Data","","No Data","Yes","No Data","No Data","99 - UNKNOWN","99 - UNKNOWN","0","1","1 - FRONT LEFT OR MOTORCYCLE DRIVER"
"20739273","No","ODESSA POLICE DEPARTMENT","25-0003603","ODESSA","FAILED TO CONTROL SPEED","ECTOR","2025-04-04","N - NOT INJURED","0","NO DATA","204 - ODESSA REGIONAL MEDICAL CENTER","2.431","","22 - FAILED TO CONTROL SPEED","No Data","No Data","79762","79762","No","KMHCT4AEXHU185664","68","1 - MALE","N - NOT INJURED","0","1","1 - FRONT LEFT OR MOTORCYCLE DRIVER"
"20739276","Yes","LEAGUE CITY POLICE DEPARTMENT","25-01774","LEAGUE CITY","CHANGED LANE WHEN UNSAFE","GALVESTON","2025-04-04","N - NOT INJURED","0","NO DATA","289 - UTMB HEALTH LEAGUE CITY CAMPUS","1.124","","4 - CHANGED LANE WHEN UNSAFE","No Data","No Data","77511","77511","No","3GTU2UEC0EG106537","20","1 - MALE","N - NOT INJURED","0","1","1 - FRONT LEFT OR MOTORCYCLE DRIVER"
"20739276","Yes","LEAGUE CITY POLICE DEPARTMENT","25-01774","LEAGUE CITY","CHANGED LANE WHEN UNSAFE","GALVESTON","2025-04-04","N - NOT INJURED","0","NO DATA","289 - UTMB HEALTH LEAGUE CITY CAMPUS","1.124","","No Data","No Data","No Data","77573","77573","No","5TFVC5DB2PX024209","60","1 - MALE","N - NOT INJURED","0","1","1 - FRONT LEFT OR MOTORCYCLE DRIVER"
"20739276","Yes","LEAGUE CITY POLICE DEPARTMENT","25-01774","LEAGUE CITY","CHANGED LANE WHEN UNSAFE","GALVESTON","2025-04-04","N - NOT INJURED","0","NO DATA","289 - UTMB HEALTH LEAGUE CITY CAMPUS","1.124","","No Data","No Data","No Data","77573","77573","No","5TFVC5DB2PX024209","49","2 - FEMALE","N - NOT INJURED","0","2","3 - FRONT RIGHT"
"20739276","Yes","LEAGUE CITY POLICE DEPARTMENT","25-01774","LEAGUE CITY","CHANGED LANE WHEN UNSAFE","GALVESTON","2025-04-04","N - NOT INJURED","0","NO DATA","289 - UTMB HEALTH LEAGUE CITY CAMPUS","1.124","","No Data","No Data","No Data","77573","77573","No","5TFVC5DB2PX024209","15","1 - MALE","N - NOT INJURED","0","3","4 - SECOND SEAT LEFT OR MOTORCYCLE BACK PASSENGER"
"20739277","Yes","WAXAHACHIE POLICE DEPARTMENT","250404-14594","WAXAHACHIE","FAILED TO CONTROL SPEED","ELLIS","2025-04-04","N - NOT INJURED","0","NO DATA","30 - BAYLOR SCOTT & WHITE MEDICAL CENTER AT WAXAHACHIE","4.662","","22 - FAILED TO CONTROL SPEED","No Data","No Data","75002","75074","No","1D7HE22K55S324271","29","2 - FEMALE","N - NOT INJURED","0","1","1 - FRONT LEFT OR MOTORCYCLE DRIVER"
"20739277","Yes","WAXAHACHIE POLICE DEPARTMENT","250404-14594","WAXAHACHIE","FAILED TO CONTROL SPEED","ELLIS","2025-04-04","N - NOT INJURED","0","NO DATA","30 - BAYLOR SCOTT & WHITE MEDICAL CENTER AT WAXAHACHIE","4.662","","No Data","No Data","No Data","75146","75146","No","3GNCA53V49S638960","53","2 - FEMALE","N - NOT INJURED","0","1","1 - FRONT LEFT OR MOTORCYCLE DRIVER"
"20739286","Yes","FARMERS BRANCH POLICE DEPARTMENT","2516985","FARMERS BRANCH","FAILED TO CONTROL SPEED","DALLAS","2025-04-04","N - NOT INJURED","0","NO DATA","86 - DALLAS MEDICAL CENTER","1.833","","22 - FAILED TO CONTROL SPEED","No Data","No Data","75075","75075","No","1FTEW1CG9FKD08090","51","1 - MALE","N - NOT INJURED","0","1","1 - FRONT LEFT OR MOTORCYCLE DRIVER"
"20739295","Yes","RICHLAND HILLS POLICE DEPARTMENT","25R08926","RICHLAND HILLS","UNDER INFLUENCE - ALCOHOL","TARRANT","2025-04-04","N - NOT INJURED","0","NO DATA","No Data","No Data","","67 - INTOXICATED - ALCOHOL","No Data","No Data","75033","94304","No","7SAYGDEF1PF784383","27","2 - FEMALE","N - NOT INJURED","0","1","1 - FRONT LEFT OR MOTORCYCLE DRIVER"
"20739297","Yes","GEORGETOWN POLICE DEPARTMENT","2025-094-018","GEORGETOWN","FAILED TO DRIVE IN SINGLE LANE","WILLIAMSON","2025-04-04","N - NOT INJURED","0","NO DATA","235 - ST. DAVIDS GEORGETOWN HOSPITAL, A ST. DAVIDS MEDICAL CENTER FACILITY","3.106","","23 - FAILED TO DRIVE IN SINGLE LANE","No Data","No Data","75212","75212","No","KNDP63AC4N7013095","33","2 - FEMALE","N - NOT INJURED","0","1","1 - FRONT LEFT OR MOTORCYCLE DRIVER"
"20739297","Yes","GEORGETOWN POLICE DEPARTMENT","2025-094-018","GEORGETOWN","FAILED TO DRIVE IN SINGLE LANE","WILLIAMSON","2025-04-04","N - NOT INJURED","0","NO DATA","235 - ST. DAVIDS GEORGETOWN HOSPITAL, A ST. DAVIDS MEDICAL CENTER FACILITY","3.106","","No Data","No Data","No Data","75009","75009","No","5FNRL6H72RB031381","42","2 - FEMALE","N - NOT INJURED","0","1","1 - FRONT LEFT OR MOTORCYCLE DRIVER"
"20739298","Yes","FARMERS BRANCH POLICE DEPARTMENT","2516988","FARMERS BRANCH","FOLLOWED TOO CLOSELY;UNSAFE SPEED","DALLAS","2025-04-04","N - NOT INJURED","0","NO DATA","86 - DALLAS MEDICAL CENTER","1.76","","44 - FOLLOWED TOO CLOSELY","No Data","No Data","75019","75019","No","1HGCM56816A093630","63","2 - FEMALE","N - NOT INJURED","0","1","1 - FRONT LEFT OR MOTORCYCLE DRIVER"
"20739298","Yes","FARMERS BRANCH POLICE DEPARTMENT","2516988","FARMERS BRANCH","FOLLOWED TOO CLOSELY;UNSAFE SPEED","DALLAS","2025-04-04","N - NOT INJURED","0","NO DATA","86 - DALLAS MEDICAL CENTER","1.76","","44 - FOLLOWED TOO CLOSELY","No Data","No Data","77546","77546","No","1C6SRFJT1MN742370","46","1 - MALE","N - NOT INJURED","0","1","1 - FRONT LEFT OR MOTORCYCLE DRIVER"
"20739298","Yes","FARMERS BRANCH POLICE DEPARTMENT","2516988","FARMERS BRANCH","FOLLOWED TOO CLOSELY;UNSAFE SPEED","DALLAS","2025-04-04","N - NOT INJURED","0","NO DATA","86 - DALLAS MEDICAL CENTER","1.76","","No Data","No Data","No Data","75287","75287","No","4T1BE32K94U347993","30","2 - FEMALE","N - NOT INJURED","0","1","1 - FRONT LEFT OR MOTORCYCLE DRIVER"
"20739298","Yes","FARMERS BRANCH POLICE DEPARTMENT","2516988","FARMERS BRANCH","FOLLOWED TOO CLOSELY;UNSAFE SPEED","DALLAS","2025-04-04","N - NOT INJURED","0","NO DATA","86 - DALLAS MEDICAL CENTER","1.76","","No Data","No Data","No Data","75287","75287","No","4T1BE32K94U347993","26","1 - MALE","N - NOT INJURED","0","2","3 - FRONT RIGHT"
"20739302","Yes","KAUFMAN POLICE DEPARTMENT","25-01188","KAUFMAN","FAILED TO CONTROL SPEED","KAUFMAN","2025-04-04","N - NOT INJURED","0","NO DATA","85 - DALLAS REGIONAL MEDICAL CENTER","20.81","","22 - FAILED TO CONTROL SPEED","No Data","No Data","76119","76119","No","1FTFW1E88MKD18245","26","1 - MALE","N - NOT INJURED","0","1","1 - FRONT LEFT OR MOTORCYCLE DRIVER"
"20739302","Yes","KAUFMAN POLICE DEPARTMENT","25-01188","KAUFMAN","FAILED TO CONTROL SPEED","KAUFMAN","2025-04-04","N - NOT INJURED","0","NO DATA","85 - DALLAS REGIONAL MEDICAL CENTER","20.81","","22 - FAILED TO CONTROL SPEED","No Data","No Data","76119","76119","No","1FTFW1E88MKD18245","4","1 - MALE","N - NOT INJURED","0","2","6 - SECOND SEAT RIGHT"
"20739306","Yes","HOUSTON POLICE DEPARTMENT","0042984525M","HOUSTON","FAULTY EVASIVE ACTION","HARRIS","2025-04-04","C - POSSIBLE INJURY","0","NO DATA","114 - HARRIS HEALTH SYSTEM LYNDON B. JOHNSON HOSPITAL","4.095","C","41 - FAULTY EVASIVE ACTION","No Data","No Data","75633","75633","No","1FT8W2BN3PEC62789","42","1 - MALE","N - NOT INJURED","0","1","1 - FRONT LEFT OR MOTORCYCLE DRIVER"
"20739306","Yes","HOUSTON POLICE DEPARTMENT","0042984525M","HOUSTON","FAULTY EVASIVE ACTION","HARRIS","2025-04-04","C - POSSIBLE INJURY","0","NO DATA","114 - HARRIS HEALTH SYSTEM LYNDON B. JOHNSON HOSPITAL","4.095","C","No Data","No Data","No Data","77029","77029","No","3C7WRMDL3NG210392","57","1 - MALE","C - POSSIBLE INJURY","0","1","1 - FRONT LEFT OR MOTORCYCLE DRIVER"
"20739307","Yes","FORT WORTH POLICE DEPARTMENT","250023956","FORT WORTH","FAILED TO YIELD RIGHT OF WAY - TURNING LEFT;FOLLOWED TOO CLOSELY","TARRANT","2025-04-04","N - NOT INJURED","0","NO DATA","136 - JOHN PETER SMITH HOSPITAL","3.151","NT","37 - FAILED TO YIELD RIGHT OF WAY - TURNING LEFT","44 - FOLLOWED TOO CLOSELY","No Data","76119","76119","No","KM8NU13C98U053849","18","2 - FEMALE","N - NOT INJURED","0","1","1 - FRONT LEFT OR MOTORCYCLE DRIVER"
"20739307","Yes","FORT WORTH POLICE DEPARTMENT","250023956","FORT WORTH","FAILED TO YIELD RIGHT OF WAY - TURNING LEFT;FOLLOWED TOO CLOSELY","TARRANT","2025-04-04","N - NOT INJURED","0","NO DATA","136 - JOHN PETER SMITH HOSPITAL","3.151","NT","No Data","No Data","No Data","76105","76105","No","1D4PT2GK6BW599062","36","2 - FEMALE","N - NOT INJURED","0","1","1 - FRONT LEFT OR MOTORCYCLE DRIVER"
"20739311","Yes","HOUSTON POLICE DEPARTMENT","0042981425H","HOUSTON","FAILED TO YIELD RIGHT OF WAY - STOP SIGN","HARRIS","2025-04-04","C - POSSIBLE INJURY","0","NO DATA","118 - HCA HOUSTON HEALTHCARE KINGWOOD","2.429","C","35 - FAILED TO YIELD RIGHT OF WAY - STOP SIGN","No Data","No Data","","No Data","Yes","No Data","No Data","99 - UNKNOWN","99 - UNKNOWN","0","1","99 - UNKNOWN"
"20739311","Yes","HOUSTON POLICE DEPARTMENT","0042981425H","HOUSTON","FAILED TO YIELD RIGHT OF WAY - STOP SIGN","HARRIS","2025-04-04","C - POSSIBLE INJURY","0","NO DATA","118 - HCA HOUSTON HEALTHCARE KINGWOOD","2.429","C","No Data","No Data","No Data","77339","77339","No","WVGAV7AX1HK044093","53","2 - FEMALE","C - POSSIBLE INJURY","0","1","1 - FRONT LEFT OR MOTORCYCLE DRIVER"
"20739313","Yes","LANCASTER POLICE DEPARTMENT","25-001391","LANCASTER","DRIVER INATTENTION","DALLAS","2025-04-04","N - NOT INJURED","0","NO DATA","177 - METHODIST CHARLTON MEDICAL CENTER","4.51","","20 - DRIVER INATTENTION","No Data","No Data","75069","75069","No","1G1ZC5STXHF168457","22","2 - FEMALE","N - NOT INJURED","0","1","1 - FRONT LEFT OR MOTORCYCLE DRIVER"
"20739313","Yes","LANCASTER POLICE DEPARTMENT","25-001391","LANCASTER","DRIVER INATTENTION","DALLAS","2025-04-04","N - NOT INJURED","0","NO DATA","177 - METHODIST CHARLTON MEDICAL CENTER","4.51","","No Data","No Data","No Data","75115","75115","No","1HGCB7674PA025932","44","1 - MALE","N - NOT INJURED","0","1","1 - FRONT LEFT OR MOTORCYCLE DRIVER"
"20739322","Yes","SAN ANTONIO POLICE DEPARTMENT","SAPD25066659","SAN ANTONIO","TURNED WHEN UNSAFE","BEXAR","2025-04-04","N - NOT INJURED","0","NO DATA","202 - NORTHEAST METHODIST HOSPITAL","3.798","40","66 - TURNED WHEN UNSAFE","No Data","No Data","78109","78109","No","JHMGE8H46AS017203","22","2 - FEMALE","N - NOT INJURED","0","1","1 - FRONT LEFT OR MOTORCYCLE DRIVER"
"20739322","Yes","SAN ANTONIO POLICE DEPARTMENT","SAPD25066659","SAN ANTONIO","TURNED WHEN UNSAFE","BEXAR","2025-04-04","N - NOT INJURED","0","NO DATA","202 - NORTHEAST METHODIST HOSPITAL","3.798","40","No Data","No Data","No Data","78109","78233","No","ML32FUFJ8PHF03811","32","2 - FEMALE","N - NOT INJURED","0","1","1 - FRONT LEFT OR MOTORCYCLE DRIVER"
"20739322","Yes","SAN ANTONIO POLICE DEPARTMENT","SAPD25066659","SAN ANTONIO","TURNED WHEN UNSAFE","BEXAR","2025-04-04","N - NOT INJURED","0","NO DATA","202 - NORTHEAST METHODIST HOSPITAL","3.798","40","No Data","No Data","No Data","78109","78233","No","ML32FUFJ8PHF03811","17","1 - MALE","N - NOT INJURED","0","2","3 - FRONT RIGHT"
"20739323","Yes","SAN ANTONIO POLICE DEPARTMENT","SAPD25066680","SAN ANTONIO","DISABLED IN TRAFFIC LANE;DRIVER INATTENTION;OTHER (EXPLAIN IN NARRATIVE)","BEXAR","2025-04-04","N - NOT INJURED","0","NO DATA","202 - NORTHEAST METHODIST HOSPITAL","7.116","40","98 - OTHER (EXPLAIN IN NARRATIVE)","No Data","No Data","77401","77401","No","WA1BBAFY3R2052773","18","2 - FEMALE","N - NOT INJURED","0","1","1 - FRONT LEFT OR MOTORCYCLE DRIVER"
"20739323","Yes","SAN ANTONIO POLICE DEPARTMENT","SAPD25066680","SAN ANTONIO","DISABLED IN TRAFFIC LANE;DRIVER INATTENTION;OTHER (EXPLAIN IN NARRATIVE)","BEXAR","2025-04-04","N - NOT INJURED","0","NO DATA","202 - NORTHEAST METHODIST HOSPITAL","7.116","40","98 - OTHER (EXPLAIN IN NARRATIVE)","No Data","No Data","77401","77401","No","WA1BBAFY3R2052773","49","1 - MALE","N - NOT INJURED","0","2","3 - FRONT RIGHT"
"20739323","Yes","SAN ANTONIO POLICE DEPARTMENT","SAPD25066680","SAN ANTONIO","DISABLED IN TRAFFIC LANE;DRIVER INATTENTION;OTHER (EXPLAIN IN NARRATIVE)","BEXAR","2025-04-04","N - NOT INJURED","0","NO DATA","202 - NORTHEAST METHODIST HOSPITAL","7.116","40","98 - OTHER (EXPLAIN IN NARRATIVE)","No Data","No Data","77075","78469","No","1XPXP4EXXJD487952","60","1 - MALE","N - NOT INJURED","0","1","1 - FRONT LEFT OR MOTORCYCLE DRIVER"
"20739324","Yes","SAN ANTONIO POLICE DEPARTMENT","SAPD25066555","SAN ANTONIO","BACKED WITHOUT SAFETY","BEXAR","2025-04-04","99 - UNKNOWN","0","NO DATA","No Data","No Data","60","3 - BACKED WITHOUT SAFETY","No Data","No Data","UNKNOWN","UNKNOWN","Yes","No Data","No Data","1 - MALE","99 - UNKNOWN","0","1","1 - FRONT LEFT OR MOTORCYCLE DRIVER"
"20739325","Yes","SAN ANTONIO POLICE DEPARTMENT","SAPD25066697","SAN ANTONIO","DRIVER INATTENTION","BEXAR","2025-04-04","N - NOT INJURED","0","NO DATA","No Data","No Data","40","20 - DRIVER INATTENTION","No Data","No Data","78218","78218","No","1GNKRHKD4HJ271282","25","2 - FEMALE","N - NOT INJURED","0","1","1 - FRONT LEFT OR MOTORCYCLE DRIVER"
"20739325","Yes","SAN ANTONIO POLICE DEPARTMENT","SAPD25066697","SAN ANTONIO","DRIVER INATTENTION","BEXAR","2025-04-04","N - NOT INJURED","0","NO DATA","No Data","No Data","40","20 - DRIVER INATTENTION","No Data","No Data","78218","78218","No","1GNKRHKD4HJ271282","35","2 - FEMALE","N - NOT INJURED","0","2","3 - FRONT RIGHT"
"20739325","Yes","SAN ANTONIO POLICE DEPARTMENT","SAPD25066697","SAN ANTONIO","DRIVER INATTENTION","BEXAR","2025-04-04","N - NOT INJURED","0","NO DATA","No Data","No Data","40","No Data","No Data","No Data","78109","78109","No","4T1DBADK7SU523195","28","1 - MALE","N - NOT INJURED","0","1","1 - FRONT LEFT OR MOTORCYCLE DRIVER"
"20739327","Yes","SAN ANTONIO POLICE DEPARTMENT","SAPD25066749","SAN ANTONIO","TURNED WHEN UNSAFE;OTHER (EXPLAIN IN NARRATIVE)","BEXAR","2025-04-04","N - NOT INJURED","0","NO DATA","34 - BROOKE ARMY MEDICAL CENTER","2.151","40","66 - TURNED WHEN UNSAFE","No Data","No Data","78220","78258","No","1B3HB48B27D155440","35","2 - FEMALE","N - NOT INJURED","0","1","1 - FRONT LEFT OR MOTORCYCLE DRIVER"
"20739327","Yes","SAN ANTONIO POLICE DEPARTMENT","SAPD25066749","SAN ANTONIO","TURNED WHEN UNSAFE;OTHER (EXPLAIN IN NARRATIVE)","BEXAR","2025-04-04","N - NOT INJURED","0","NO DATA","34 - BROOKE ARMY MEDICAL CENTER","2.151","40","98 - OTHER (EXPLAIN IN NARRATIVE)","No Data","No Data","78220","78220","No","1C3CCCAB7FN589862","34","1 - MALE","N - NOT INJURED","0","1","1 - FRONT LEFT OR MOTORCYCLE DRIVER"
"20739327","Yes","SAN ANTONIO POLICE DEPARTMENT","SAPD25066749","SAN ANTONIO","TURNED WHEN UNSAFE;OTHER (EXPLAIN IN NARRATIVE)","BEXAR","2025-04-04","N - NOT INJURED","0","NO DATA","34 - BROOKE ARMY MEDICAL CENTER","2.151","40","98 - OTHER (EXPLAIN IN NARRATIVE)","No Data","No Data","78220","78220","No","1C3CCCAB7FN589862","12","2 - FEMALE","N - NOT INJURED","0","2","6 - SECOND SEAT RIGHT"
"20739328","Yes","TEXAS CITY POLICE DEPARTMENT","25-002100","TEXAS CITY","DRIVER INATTENTION; FAILED TO CONTROL SPEED","GALVESTON","2025-04-04","N - NOT INJURED","0","NO DATA","117 - HCA HOUSTON HEALTHCARE MAINLAND","3.8","","22 - FAILED TO CONTROL SPEED","No Data","No Data","","No Data","Yes","No Data","No Data","99 - UNKNOWN","99 - UNKNOWN","0","1","1 - FRONT LEFT OR MOTORCYCLE DRIVER"
"20739328","Yes","TEXAS CITY POLICE DEPARTMENT","25-002100","TEXAS CITY","DRIVER INATTENTION; FAILED TO CONTROL SPEED","GALVESTON","2025-04-04","N - NOT INJURED","0","NO DATA","117 - HCA HOUSTON HEALTHCARE MAINLAND","3.8","","No Data","No Data","No Data","77590","77590","No","5TBRT38104S442284","37","2 - FEMALE","N - NOT INJURED","0","1","1 - FRONT LEFT OR MOTORCYCLE DRIVER"
"20739328","Yes","TEXAS CITY POLICE DEPARTMENT","25-002100","TEXAS CITY","DRIVER INATTENTION; FAILED TO CONTROL SPEED","GALVESTON","2025-04-04","N - NOT INJURED","0","NO DATA","117 - HCA HOUSTON HEALTHCARE MAINLAND","3.8","","No Data","No Data","No Data","77590","77590","No","5TBRT38104S442284","18","2 - FEMALE","N - NOT INJURED","0","2","1 - FRONT LEFT OR MOTORCYCLE DRIVER"
"20739330","Yes","SAN ANTONIO POLICE DEPARTMENT","SAPD25066790","SAN ANTONIO","DRIVER INATTENTION","BEXAR","2025-04-04","B - SUSPECTED MINOR INJURY","0","NO DATA","12 - BAPTIST MEDICAL CENTER","1.389","40","No Data","No Data","No Data","","UNKNOWN","Yes","UNKNOWN","No Data","99 - UNKNOWN","99 - UNKNOWN","0","1","1 - FRONT LEFT OR MOTORCYCLE DRIVER"
"20739330","Yes","SAN ANTONIO POLICE DEPARTMENT","SAPD25066790","SAN ANTONIO","DRIVER INATTENTION","BEXAR","2025-04-04","B - SUSPECTED MINOR INJURY","0","NO DATA","12 - BAPTIST MEDICAL CENTER","1.389","40","No Data","No Data","No Data","No Data","No Data","No Data","No Data","24","1 - MALE","B - SUSPECTED MINOR INJURY","1","1","16 - PEDESTRIAN, PEDALCYCLIST, OR MOTORIZED CONVEYANCE"
"20739335","No","SAN ANTONIO POLICE DEPARTMENT","SAPD25066786","SAN ANTONIO","DRIVER INATTENTION; FAILED TO DRIVE IN SINGLE LANE","BEXAR","2025-04-04","N - NOT INJURED","0","NO DATA","12 - BAPTIST MEDICAL CENTER","1.718","40","23 - FAILED TO DRIVE IN SINGLE LANE","20 - DRIVER INATTENTION","No Data","78203","78210","No","1FAFP34N96W149788","34","2 - FEMALE","N - NOT INJURED","0","1","1 - FRONT LEFT OR MOTORCYCLE DRIVER"
"20739335","No","SAN ANTONIO POLICE DEPARTMENT","SAPD25066786","SAN ANTONIO","DRIVER INATTENTION; FAILED TO DRIVE IN SINGLE LANE","BEXAR","2025-04-04","N - NOT INJURED","0","NO DATA","12 - BAPTIST MEDICAL CENTER","1.718","40","No Data","No Data","No Data","78202","78202","No","KMHL44J20NA230918","36","1 - MALE","N - NOT INJURED","0","1","1 - FRONT LEFT OR MOTORCYCLE DRIVER"
"20739336","Yes","SAN ANTONIO POLICE DEPARTMENT","SAPD25066317","SAN ANTONIO","DRIVER INATTENTION;OTHER (EXPLAIN IN NARRATIVE)","BEXAR","2025-04-04","N - NOT INJURED","0","NO DATA","199 - NORTHEAST BAPTIST HOSPITAL","1.75","40","No Data","No Data","No Data","78244","78244","No","5N1AZ2MH3HN138387","33","2 - FEMALE","N - NOT INJURED","0","1","1 - FRONT LEFT OR MOTORCYCLE DRIVER"
"20739336","Yes","SAN ANTONIO POLICE DEPARTMENT","SAPD25066317","SAN ANTONIO","DRIVER INATTENTION;OTHER (EXPLAIN IN NARRATIVE)","BEXAR","2025-04-04","N - NOT INJURED","0","NO DATA","199 - NORTHEAST BAPTIST HOSPITAL","1.75","40","98 - OTHER (EXPLAIN IN NARRATIVE)","No Data","No Data","No Data","No Data","No Data","No Data","56","1 - MALE","N - NOT INJURED","0","1","16 - PEDESTRIAN, PEDALCYCLIST, OR MOTORIZED CONVEYANCE"
"20739336","Yes","SAN ANTONIO POLICE DEPARTMENT","SAPD25066317","SAN ANTONIO","DRIVER INATTENTION;OTHER (EXPLAIN IN NARRATIVE)","BEXAR","2025-04-04","N - NOT INJURED","0","NO DATA","199 - NORTHEAST BAPTIST HOSPITAL","1.75","40","98 - OTHER (EXPLAIN IN NARRATIVE)","No Data","No Data","No Data","No Data","No Data","No Data","42","2 - FEMALE","99 - UNKNOWN","0","1","16 - PEDESTRIAN, PEDALCYCLIST, OR MOTORIZED CONVEYANCE"
"20739336","Yes","SAN ANTONIO POLICE DEPARTMENT","SAPD25066317","SAN ANTONIO","DRIVER INATTENTION;OTHER (EXPLAIN IN NARRATIVE)","BEXAR","2025-04-04","N - NOT INJURED","0","NO DATA","199 - NORTHEAST BAPTIST HOSPITAL","1.75","40","98 - OTHER (EXPLAIN IN NARRATIVE)","No Data","No Data","No Data","No Data","No Data","No Data","45","1 - MALE","N - NOT INJURED","0","1","16 - PEDESTRIAN, PEDALCYCLIST, OR MOTORIZED CONVEYANCE"
"20739337","Yes","SAN ANTONIO POLICE DEPARTMENT","SAPD25067017","SAN ANTONIO","DRIVER INATTENTION; TURNED WHEN UNSAFE","BEXAR","2025-04-04","N - NOT INJURED","0","NO DATA","34 - BROOKE ARMY MEDICAL CENTER","2.402","40","20 - DRIVER INATTENTION","66 - TURNED WHEN UNSAFE","No Data","78233","78233","No","3N1AB6AP4BL706698","27","1 - MALE","N - NOT INJURED","0","1","1 - FRONT LEFT OR MOTORCYCLE DRIVER"
"20739337","Yes","SAN ANTONIO POLICE DEPARTMENT","SAPD25067017","SAN ANTONIO","DRIVER INATTENTION; TURNED WHEN UNSAFE","BEXAR","2025-04-04","N - NOT INJURED","0","NO DATA","34 - BROOKE ARMY MEDICAL CENTER","2.402","40","20 - DRIVER INATTENTION","66 - TURNED WHEN UNSAFE","No Data","78233","78233","No","3N1AB6AP4BL706698","47","1 - MALE","N - NOT INJURED","0","2","3 - FRONT RIGHT"
"20739337","Yes","SAN ANTONIO POLICE DEPARTMENT","SAPD25067017","SAN ANTONIO","DRIVER INATTENTION; TURNED WHEN UNSAFE","BEXAR","2025-04-04","N - NOT INJURED","0","NO DATA","34 - BROOKE ARMY MEDICAL CENTER","2.402","40","No Data","No Data","No Data","78261","78261","No","1FTEW1CG8JFA31031","60","1 - MALE","N - NOT INJURED","0","1","1 - FRONT LEFT OR MOTORCYCLE DRIVER"
"20739337","Yes","SAN ANTONIO POLICE DEPARTMENT","SAPD25067017","SAN ANTONIO","DRIVER INATTENTION; TURNED WHEN UNSAFE","BEXAR","2025-04-04","N - NOT INJURED","0","NO DATA","34 - BROOKE ARMY MEDICAL CENTER","2.402","40","No Data","No Data","No Data","78261","78261","No","1FTEW1CG8JFA31031","37","1 - MALE","N - NOT INJURED","0","2","4 - SECOND SEAT LEFT OR MOTORCYCLE BACK PASSENGER"
"20739337","Yes","SAN ANTONIO POLICE DEPARTMENT","SAPD25067017","SAN ANTONIO","DRIVER INATTENTION; TURNED WHEN UNSAFE","BEXAR","2025-04-04","N - NOT INJURED","0","NO DATA","34 - BROOKE ARMY MEDICAL CENTER","2.402","40","No Data","No Data","No Data","78261","78261","No","1FTEW1CG8JFA31031","36","1 - MALE","N - NOT INJURED","0","3","3 - FRONT RIGHT"
"20739337","Yes","SAN ANTONIO POLICE DEPARTMENT","SAPD25067017","SAN ANTONIO","DRIVER INATTENTION; TURNED WHEN UNSAFE","BEXAR","2025-04-04","N - NOT INJURED","0","NO DATA","34 - BROOKE ARMY MEDICAL CENTER","2.402","40","No Data","No Data","No Data","78261","78261","No","1FTEW1CG8JFA31031","27","1 - MALE","N - NOT INJURED","0","4","6 - SECOND SEAT RIGHT"
"20739338","Yes","SAN ANTONIO POLICE DEPARTMENT","SAPD25066991","SAN ANTONIO","CHANGED LANE WHEN UNSAFE; DRIVER INATTENTION","BEXAR","2025-04-04","C - POSSIBLE INJURY","0","NO DATA","199 - NORTHEAST BAPTIST HOSPITAL","3.283","40","4 - CHANGED LANE WHEN UNSAFE","20 - DRIVER INATTENTION","No Data","","No Data","Yes","No Data","No Data","99 - UNKNOWN","99 - UNKNOWN","0","1","1 - FRONT LEFT OR MOTORCYCLE DRIVER"
"20739338","Yes","SAN ANTONIO POLICE DEPARTMENT","SAPD25066991","SAN ANTONIO","CHANGED LANE WHEN UNSAFE; DRIVER INATTENTION","BEXAR","2025-04-04","C - POSSIBLE INJURY","0","NO DATA","199 - NORTHEAST BAPTIST HOSPITAL","3.283","40","No Data","No Data","No Data","No Data","No Data","No Data","No Data","57","1 - MALE","C - POSSIBLE INJURY","0","1","16 - PEDESTRIAN, PEDALCYCLIST, OR MOTORIZED CONVEYANCE"
"20739339","Yes","SAN ANTONIO POLICE DEPARTMENT","SAPD25066380","SAN ANTONIO","FAILED TO YIELD RIGHT OF WAY - YIELD SIGN","BEXAR","2025-04-04","N - NOT INJURED","0","NO DATA","199 - NORTHEAST BAPTIST HOSPITAL","0.643","40","39 - FAILED TO YIELD RIGHT OF WAY - YIELD SIGN","No Data","No Data","78254","78254","No","1N4AA6AP5JC393712","26","1 - MALE","N - NOT INJURED","0","1","1 - FRONT LEFT OR MOTORCYCLE DRIVER"
"20739339","Yes","SAN ANTONIO POLICE DEPARTMENT","SAPD25066380","SAN ANTONIO","FAILED TO YIELD RIGHT OF WAY - YIELD SIGN","BEXAR","2025-04-04","N - NOT INJURED","0","NO DATA","199 - NORTHEAST BAPTIST HOSPITAL","0.643","40","No Data","No Data","No Data","","No Data","Yes","No Data","No Data","99 - UNKNOWN","99 - UNKNOWN","0","1","1 - FRONT LEFT OR MOTORCYCLE DRIVER"
"20739340","Yes","SAN ANTONIO POLICE DEPARTMENT","SAPD25066885","SAN ANTONIO","FAULTY EVASIVE ACTION","BEXAR","2025-04-04","B - SUSPECTED MINOR INJURY","0","NO DATA","187 - MISSION TRAIL BAPTIST HOSPITAL","4.97","40","41 - FAULTY EVASIVE ACTION","No Data","No Data","78222","78222","No","1FAHP3FN6BW164944","47","1 - MALE","N - NOT INJURED","0","1","1 - FRONT LEFT OR MOTORCYCLE DRIVER"
"20739340","Yes","SAN ANTONIO POLICE DEPARTMENT","SAPD25066885","SAN ANTONIO","FAULTY EVASIVE ACTION","BEXAR","2025-04-04","B - SUSPECTED MINOR INJURY","0","NO DATA","187 - MISSION TRAIL BAPTIST HOSPITAL","4.97","40","41 - FAULTY EVASIVE ACTION","No Data","No Data","78222","78222","No","1FAHP3FN6BW164944","17","2 - FEMALE","N - NOT INJURED","0","2","3 - FRONT RIGHT"
"20739340","Yes","SAN ANTONIO POLICE DEPARTMENT","SAPD25066885","SAN ANTONIO","FAULTY EVASIVE ACTION","BEXAR","2025-04-04","B - SUSPECTED MINOR INJURY","0","NO DATA","187 - MISSION TRAIL BAPTIST HOSPITAL","4.97","40","No Data","No Data","No Data","78222","78222","No","1NXBR32E57Z810490","20","2 - FEMALE","B - SUSPECTED MINOR INJURY","1","1","1 - FRONT LEFT OR MOTORCYCLE DRIVER"
"20739341","No","SAN ANTONIO POLICE DEPARTMENT","SAPD25066563","SAN ANTONIO","NONE","BEXAR","2025-04-04","N - NOT INJURED","0","NO DATA","46 - CHRISTUS CHILDRENS HOSPITAL OF SAN ANTONIO","1.604","20","No Data","No Data","No Data","78228","78212","No","1FDNW7DX6HDB10409","23","1 - MALE","N - NOT INJURED","0","1","1 - FRONT LEFT OR MOTORCYCLE DRIVER"
"20739343","Yes","EAGLE PASS POLICE DEPARTMENT","202500007210","EAGLE PASS","CHANGED LANE WHEN UNSAFE","MAVERICK","2025-04-04","N - NOT INJURED","0","NO DATA","101 - FORT DUNCAN REGIONAL MEDICAL CENTER","1.794","","No Data","No Data","No Data","78852","78852","No","1GKS1EEF9ER222480","64","2 - FEMALE","N - NOT INJURED","0","1","1 - FRONT LEFT OR MOTORCYCLE DRIVER"
"20739343","Yes","EAGLE PASS POLICE DEPARTMENT","202500007210","EAGLE PASS","CHANGED LANE WHEN UNSAFE","MAVERICK","2025-04-04","N - NOT INJURED","0","NO DATA","101 - FORT DUNCAN REGIONAL MEDICAL CENTER","1.794","","No Data","No Data","No Data","78852","78852","No","3GTU9FEL9LG436813","16","2 - FEMALE","N - NOT INJURED","0","1","1 - FRONT LEFT OR MOTORCYCLE DRIVER"
"20739343","Yes","EAGLE PASS POLICE DEPARTMENT","202500007210","EAGLE PASS","CHANGED LANE WHEN UNSAFE","MAVERICK","2025-04-04","N - NOT INJURED","0","NO DATA","101 - FORT DUNCAN REGIONAL MEDICAL CENTER","1.794","","No Data","No Data","No Data","78852","78852","No","3GTU9FEL9LG436813","23","2 - FEMALE","N - NOT INJURED","0","2","3 - FRONT RIGHT"
"20739344","Yes","SAN ANTONIO POLICE DEPARTMENT","SAPD25066497","SAN ANTONIO","DRIVER INATTENTION","BEXAR","2025-04-04","99 - UNKNOWN","0","NO DATA","185 - METHODIST TEXSAN HOSPITAL, A METHODIST HOSPITAL FACILITY","1.649","20","20 - DRIVER INATTENTION","No Data","No Data","","No Data","Yes","No Data","No Data","99 - UNKNOWN","99 - UNKNOWN","0","1","1 - FRONT LEFT OR MOTORCYCLE DRIVER"
"20739349","Yes","SAN ANTONIO POLICE DEPARTMENT","SAPD25067026","SAN ANTONIO","CHANGED LANE WHEN UNSAFE","BEXAR","2025-04-04","N - NOT INJURED","0","NO DATA","199 - NORTHEAST BAPTIST HOSPITAL","1.961","40","4 - CHANGED LANE WHEN UNSAFE","No Data","No Data","78154","78154","No","3CZRU5H78GM755764","19","2 - FEMALE","N - NOT INJURED","0","1","1 - FRONT LEFT OR MOTORCYCLE DRIVER"
"20739349","Yes","SAN ANTONIO POLICE DEPARTMENT","SAPD25067026","SAN ANTONIO","CHANGED LANE WHEN UNSAFE","BEXAR","2025-04-04","N - NOT INJURED","0","NO DATA","199 - NORTHEAST BAPTIST HOSPITAL","1.961","40","4 - CHANGED LANE WHEN UNSAFE","No Data","No Data","78154","78154","No","3CZRU5H78GM755764","26","1 - MALE","N - NOT INJURED","0","2","3 - FRONT RIGHT"
"20739349","Yes","SAN ANTONIO POLICE DEPARTMENT","SAPD25067026","SAN ANTONIO","CHANGED LANE WHEN UNSAFE","BEXAR","2025-04-04","N - NOT INJURED","0","NO DATA","199 - NORTHEAST BAPTIST HOSPITAL","1.961","40","No Data","No Data","No Data","78247","78237","No","1G6DK67V280141182","21","2 - FEMALE","N - NOT INJURED","0","1","1 - FRONT LEFT OR MOTORCYCLE DRIVER"
"20739349","Yes","SAN ANTONIO POLICE DEPARTMENT","SAPD25067026","SAN ANTONIO","CHANGED LANE WHEN UNSAFE","BEXAR","2025-04-04","N - NOT INJURED","0","NO DATA","199 - NORTHEAST BAPTIST HOSPITAL","1.961","40","No Data","No Data","No Data","78247","78237","No","1G6DK67V280141182","22","1 - MALE","N - NOT INJURED","0","2","3 - FRONT RIGHT"
"20739350","Yes","SAN ANTONIO POLICE DEPARTMENT","SAPD25066968","SAN ANTONIO","FAILED TO YIELD RIGHT OF WAY - TURNING LEFT","BEXAR","2025-04-04","B - SUSPECTED MINOR INJURY","0","NO DATA","34 - BROOKE ARMY MEDICAL CENTER","1.511","40","37 - FAILED TO YIELD RIGHT OF WAY - TURNING LEFT","No Data","No Data","78218","78218","No","1HGCG3275XA014664","58","1 - MALE","N - NOT INJURED","0","1","1 - FRONT LEFT OR MOTORCYCLE DRIVER"
"20739350","Yes","SAN ANTONIO POLICE DEPARTMENT","SAPD25066968","SAN ANTONIO","FAILED TO YIELD RIGHT OF WAY - TURNING LEFT","BEXAR","2025-04-04","B - SUSPECTED MINOR INJURY","0","NO DATA","34 - BROOKE ARMY MEDICAL CENTER","1.511","40","No Data","No Data","No Data","78240","78220","No","1HGCP3F88AA010411","26","2 - FEMALE","B - SUSPECTED MINOR INJURY","1","1","1 - FRONT LEFT OR MOTORCYCLE DRIVER"
"20739350","Yes","SAN ANTONIO POLICE DEPARTMENT","SAPD25066968","SAN ANTONIO","FAILED TO YIELD RIGHT OF WAY - TURNING LEFT","BEXAR","2025-04-04","B - SUSPECTED MINOR INJURY","0","NO DATA","34 - BROOKE ARMY MEDICAL CENTER","1.511","40","No Data","No Data","No Data","78240","78220","No","1HGCP3F88AA010411","4","1 - MALE","N - NOT INJURED","0","2","4 - SECOND SEAT LEFT OR MOTORCYCLE BACK PASSENGER"
"20739351","Yes","SAN ANTONIO POLICE DEPARTMENT","SAPD25066490","SAN ANTONIO","DISREGARD STOP AND GO SIGNAL","BEXAR","2025-04-04","N - NOT INJURED","0","NO DATA","12 - BAPTIST MEDICAL CENTER","0.238","08","15 - DISREGARD STOP AND GO SIGNAL","No Data","No Data","78264","78720","No","3N6CM0KN3KK696873","63","1 - MALE","N - NOT INJURED","0","1","1 - FRONT LEFT OR MOTORCYCLE DRIVER"
"20739351","Yes","SAN ANTONIO POLICE DEPARTMENT","SAPD25066490","SAN ANTONIO","DISREGARD STOP AND GO SIGNAL","BEXAR","2025-04-04","N - NOT INJURED","0","NO DATA","12 - BAPTIST MEDICAL CENTER","0.238","08","No Data","No Data","No Data","78258","78258","No","WA16ABGE0RB038196","42","2 - FEMALE","N - NOT INJURED","0","1","1 - FRONT LEFT OR MOTORCYCLE DRIVER"
"20739352","Yes","LUFKIN POLICE DEPARTMENT","2500010817","LUFKIN","ANIMAL ON ROAD - DOMESTIC;FAULTY EVASIVE ACTION","ANGELINA","2025-04-04","N - NOT INJURED","0","NO DATA","40 - CHI ST. LUKES HEALTH MEMORIAL LUFKIN","1.241","01","1 - ANIMAL ON ROAD - DOMESTIC","41 - FAULTY EVASIVE ACTION","No Data","75901","75901","No","JTKKT624960134395","32","2 - FEMALE","N - NOT INJURED","0","1","1 - FRONT LEFT OR MOTORCYCLE DRIVER"
"20739356","Yes","FORT WORTH POLICE DEPARTMENT","250024004","FORT WORTH","DRIVER INATTENTION;OTHER (EXPLAIN IN NARRATIVE)","TARRANT","2025-04-04","C - POSSIBLE INJURY","0","NO DATA","254 - TEXAS HEALTH ARLINGTON MEMORIAL HOSPITAL","4.033","ST","20 - DRIVER INATTENTION","No Data","No Data","39120","39120","No","1HGCM56383A056428","29","2 - FEMALE","N - NOT INJURED","0","1","1 - FRONT LEFT OR MOTORCYCLE DRIVER"
"20739356","Yes","FORT WORTH POLICE DEPARTMENT","250024004","FORT WORTH","DRIVER INATTENTION;OTHER (EXPLAIN IN NARRATIVE)","TARRANT","2025-04-04","C - POSSIBLE INJURY","0","NO DATA","254 - TEXAS HEALTH ARLINGTON MEMORIAL HOSPITAL","4.033","ST","98 - OTHER (EXPLAIN IN NARRATIVE)","No Data","No Data","76013","76013","No","1G6DN5RK5R0106173","74","1 - MALE","C - POSSIBLE INJURY","0","1","1 - FRONT LEFT OR MOTORCYCLE DRIVER"
"20739356","Yes","FORT WORTH POLICE DEPARTMENT","250024004","FORT WORTH","DRIVER INATTENTION;OTHER (EXPLAIN IN NARRATIVE)","TARRANT","2025-04-04","C - POSSIBLE INJURY","0","NO DATA","254 - TEXAS HEALTH ARLINGTON MEMORIAL HOSPITAL","4.033","ST","98 - OTHER (EXPLAIN IN NARRATIVE)","No Data","No Data","76013","76013","No","1G6DN5RK5R0106173","No Data","2 - FEMALE","N - NOT INJURED","0","2","3 - FRONT RIGHT"
"20739357","Yes","DONNA POLICE DEPARTMENT","25-004463","DONNA","FAILED TO CONTROL SPEED","HIDALGO","2025-04-04","C - POSSIBLE INJURY","0","NO DATA","137 - KNAPP MEDICAL CENTER","3.316","","22 - FAILED TO CONTROL SPEED","No Data","No Data","78599","78599","No","1NXBR32E45Z501848","21","2 - FEMALE","N - NOT INJURED","0","1","1 - FRONT LEFT OR MOTORCYCLE DRIVER"
"20739357","Yes","DONNA POLICE DEPARTMENT","25-004463","DONNA","FAILED TO CONTROL SPEED","HIDALGO","2025-04-04","C - POSSIBLE INJURY","0","NO DATA","137 - KNAPP MEDICAL CENTER","3.316","","No Data","No Data","No Data","78542","78550","No","JS1GN7CA842100574","21","1 - MALE","C - POSSIBLE INJURY","0","1","1 - FRONT LEFT OR MOTORCYCLE DRIVER"
"20739363","Yes","SAN ANTONIO POLICE DEPARTMENT","SAPD25066469","SAN ANTONIO","FAULTY EVASIVE ACTION","BEXAR","2025-04-04","C - POSSIBLE INJURY","0","NO DATA","65 - CHRISTUS SANTA ROSA HOSPITAL - WESTOVER HILLS","0.511","50","41 - FAULTY EVASIVE ACTION","No Data","No Data","78238","78227","No","KNMAT2MT5FP527527","27","2 - FEMALE","C - POSSIBLE INJURY","0","1","1 - FRONT LEFT OR MOTORCYCLE DRIVER"
"20739366","Yes","SAN ANTONIO POLICE DEPARTMENT","SAPD25066584","LEON VALLEY","FAILED TO PASS TO RIGHT SAFELY","BEXAR","2025-04-04","N - NOT INJURED","0","NO DATA","54 - CHRISTUS SANTA ROSA HOSPITAL - MEDICAL CENTER","2.152","50","27 - FAILED TO PASS TO RIGHT SAFELY","No Data","No Data","75231","75228","No","1G1ZT51F36F117939","29","2 - FEMALE","N - NOT INJURED","0","1","1 - FRONT LEFT OR MOTORCYCLE DRIVER"
"20739366","Yes","SAN ANTONIO POLICE DEPARTMENT","SAPD25066584","LEON VALLEY","FAILED TO PASS TO RIGHT SAFELY","BEXAR","2025-04-04","N - NOT INJURED","0","NO DATA","54 - CHRISTUS SANTA ROSA HOSPITAL - MEDICAL CENTER","2.152","50","27 - FAILED TO PASS TO RIGHT SAFELY","No Data","No Data","75231","75228","No","1G1ZT51F36F117939","19","1 - MALE","N - NOT INJURED","0","2","3 - FRONT RIGHT"
"20739366","Yes","SAN ANTONIO POLICE DEPARTMENT","SAPD25066584","LEON VALLEY","FAILED TO PASS TO RIGHT SAFELY","BEXAR","2025-04-04","N - NOT INJURED","0","NO DATA","54 - CHRISTUS SANTA ROSA HOSPITAL - MEDICAL CENTER","2.152","50","27 - FAILED TO PASS TO RIGHT SAFELY","No Data","No Data","75231","75228","No","1G1ZT51F36F117939","8","1 - MALE","N - NOT INJURED","0","3","5 - SECOND SEAT CENTER"
"20739366","Yes","SAN ANTONIO POLICE DEPARTMENT","SAPD25066584","LEON VALLEY","FAILED TO PASS TO RIGHT SAFELY","BEXAR","2025-04-04","N - NOT INJURED","0","NO DATA","54 - CHRISTUS SANTA ROSA HOSPITAL - MEDICAL CENTER","2.152","50","27 - FAILED TO PASS TO RIGHT SAFELY","No Data","No Data","75231","75228","No","1G1ZT51F36F117939","6","1 - MALE","N - NOT INJURED","0","4","5 - SECOND SEAT CENTER"
"20739366","Yes","SAN ANTONIO POLICE DEPARTMENT","SAPD25066584","LEON VALLEY","FAILED TO PASS TO RIGHT SAFELY","BEXAR","2025-04-04","N - NOT INJURED","0","NO DATA","54 - CHRISTUS SANTA ROSA HOSPITAL - MEDICAL CENTER","2.152","50","27 - FAILED TO PASS TO RIGHT SAFELY","No Data","No Data","75231","75228","No","1G1ZT51F36F117939","10","1 - MALE","N - NOT INJURED","0","5","6 - SECOND SEAT RIGHT"
"20739366","Yes","SAN ANTONIO POLICE DEPARTMENT","SAPD25066584","LEON VALLEY","FAILED TO PASS TO RIGHT SAFELY","BEXAR","2025-04-04","N - NOT INJURED","0","NO DATA","54 - CHRISTUS SANTA ROSA HOSPITAL - MEDICAL CENTER","2.152","50","27 - FAILED TO PASS TO RIGHT SAFELY","No Data","No Data","75231","75228","No","1G1ZT51F36F117939","1","1 - MALE","N - NOT INJURED","0","6","4 - SECOND SEAT LEFT OR MOTORCYCLE BACK PASSENGER"
"20739366","Yes","SAN ANTONIO POLICE DEPARTMENT","SAPD25066584","LEON VALLEY","FAILED TO PASS TO RIGHT SAFELY","BEXAR","2025-04-04","N - NOT INJURED","0","NO DATA","54 - CHRISTUS SANTA ROSA HOSPITAL - MEDICAL CENTER","2.152","50","No Data","No Data","No Data","78240","78240","No","3GNFC160X8G300805","60","1 - MALE","N - NOT INJURED","0","1","1 - FRONT LEFT OR MOTORCYCLE DRIVER"
"20739367","Yes","SAN ANTONIO POLICE DEPARTMENT","SAPD25066594","SAN ANTONIO","FOLLOWED TOO CLOSELY; ROAD RAGE","BEXAR","2025-04-04","B - SUSPECTED MINOR INJURY","0","NO DATA","273 - UNIVERSITY HOSPITAL","1.756","50","44 - FOLLOWED TOO CLOSELY","73 - ROAD RAGE","No Data","","78245","Yes","1FTFW1RGXHFA42909","No Data","1 - MALE","99 - UNKNOWN","0","1","1 - FRONT LEFT OR MOTORCYCLE DRIVER"
"20739367","Yes","SAN ANTONIO POLICE DEPARTMENT","SAPD25066594","SAN ANTONIO","FOLLOWED TOO CLOSELY; ROAD RAGE","BEXAR","2025-04-04","B - SUSPECTED MINOR INJURY","0","NO DATA","273 - UNIVERSITY HOSPITAL","1.756","50","No Data","No Data","No Data","78250","78250","No","WBA5A5C58FD520212","39","1 - MALE","B - SUSPECTED MINOR INJURY","1","1","1 - FRONT LEFT OR MOTORCYCLE DRIVER"
"20739368","No","SAN ANTONIO POLICE DEPARTMENT","SAPD25066454","SAN ANTONIO","FOLLOWED TOO CLOSELY","BEXAR","2025-04-04","N - NOT INJURED","0","NO DATA","65 - CHRISTUS SANTA ROSA HOSPITAL - WESTOVER HILLS","3.182","50","44 - FOLLOWED TOO CLOSELY","No Data","No Data","78039","78245","No","1J8GS48K18C121273","56","1 - MALE","N - NOT INJURED","0","1","1 - FRONT LEFT OR MOTORCYCLE DRIVER"
"20739368","No","SAN ANTONIO POLICE DEPARTMENT","SAPD25066454","SAN ANTONIO","FOLLOWED TOO CLOSELY","BEXAR","2025-04-04","N - NOT INJURED","0","NO DATA","65 - CHRISTUS SANTA ROSA HOSPITAL - WESTOVER HILLS","3.182","50","No Data","No Data","No Data","78254","78254","No","5TFAZ5CN7KX085945","22","1 - MALE","N - NOT INJURED","0","1","1 - FRONT LEFT OR MOTORCYCLE DRIVER"
"20739368","No","SAN ANTONIO POLICE DEPARTMENT","SAPD25066454","SAN ANTONIO","FOLLOWED TOO CLOSELY","BEXAR","2025-04-04","N - NOT INJURED","0","NO DATA","65 - CHRISTUS SANTA ROSA HOSPITAL - WESTOVER HILLS","3.182","50","No Data","No Data","No Data","78254","78254","No","5TFAZ5CN7KX085945","1","1 - MALE","N - NOT INJURED","0","2","4 - SECOND SEAT LEFT OR MOTORCYCLE BACK PASSENGER"
"20739368","No","SAN ANTONIO POLICE DEPARTMENT","SAPD25066454","SAN ANTONIO","FOLLOWED TOO CLOSELY","BEXAR","2025-04-04","N - NOT INJURED","0","NO DATA","65 - CHRISTUS SANTA ROSA HOSPITAL - WESTOVER HILLS","3.182","50","No Data","No Data","No Data","78254","78254","No","5TFAZ5CN7KX085945","22","2 - FEMALE","N - NOT INJURED","0","3","3 - FRONT RIGHT"
"20739370","Yes","RED OAK POLICE DEPARTMENT","25RP012763","RED OAK","FOLLOWED TOO CLOSELY","ELLIS","2025-04-04","N - NOT INJURED","0","NO DATA","30 - BAYLOR SCOTT & WHITE MEDICAL CENTER AT WAXAHACHIE","6.937","","No Data","No Data","No Data","","No Data","Yes","No Data","No Data","99 - UNKNOWN","99 - UNKNOWN","0","1","1 - FRONT LEFT OR MOTORCYCLE DRIVER"
"20739370","Yes","RED OAK POLICE DEPARTMENT","25RP012763","RED OAK","FOLLOWED TOO CLOSELY","ELLIS","2025-04-04","N - NOT INJURED","0","NO DATA","30 - BAYLOR SCOTT & WHITE MEDICAL CENTER AT WAXAHACHIE","6.937","","No Data","No Data","No Data","75154","75154","No","3KPF44ACXNE476513","52","1 - MALE","N - NOT INJURED","0","1","1 - FRONT LEFT OR MOTORCYCLE DRIVER"
"20739370","Yes","RED OAK POLICE DEPARTMENT","25RP012763","RED OAK","FOLLOWED TOO CLOSELY","ELLIS","2025-04-04","N - NOT INJURED","0","NO DATA","30 - BAYLOR SCOTT & WHITE MEDICAL CENTER AT WAXAHACHIE","6.937","","No Data","No Data","No Data","75154","75154","No","3KPF44ACXNE476513","43","2 - FEMALE","N - NOT INJURED","0","2","3 - FRONT RIGHT"
"20739372","Yes","LIVINGSTON POLICE DEPARTMENT","TA25-067","LIVINGSTON","CHANGED LANE WHEN UNSAFE","POLK","2025-04-04","N - NOT INJURED","0","NO DATA","43 - CHI ST. LUKES HEALTH - MEMORIAL LIVINGSTON","1.499","4","No Data","No Data","No Data","77064","77064","No","No Data","66","2 - FEMALE","N - NOT INJURED","0","1","1 - FRONT LEFT OR MOTORCYCLE DRIVER"
"20739372","Yes","LIVINGSTON POLICE DEPARTMENT","TA25-067","LIVINGSTON","CHANGED LANE WHEN UNSAFE","POLK","2025-04-04","N - NOT INJURED","0","NO DATA","43 - CHI ST. LUKES HEALTH - MEMORIAL LIVINGSTON","1.499","4","No Data","No Data","No Data","77364","77364","No","No Data","42","2 - FEMALE","N - NOT INJURED","0","1","1 - FRONT LEFT OR MOTORCYCLE DRIVER"
"20739389","Yes","EL PASO POLICE DEPARTMENT","25-094037","EL PASO","FOLLOWED TOO CLOSELY;OTHER (EXPLAIN IN NARRATIVE)","EL PASO","2025-04-04","B - SUSPECTED MINOR INJURY","0","NO DATA","88 - DEL SOL MEDICAL CENTER, A CAMPUS OF LPDS HEALTHCARE","3.633","","44 - FOLLOWED TOO CLOSELY","No Data","No Data","79907","79907","No","1FTZF0723XKB03490","47","1 - MALE","N - NOT INJURED","0","1","1 - FRONT LEFT OR MOTORCYCLE DRIVER"
"20739389","Yes","EL PASO POLICE DEPARTMENT","25-094037","EL PASO","FOLLOWED TOO CLOSELY;OTHER (EXPLAIN IN NARRATIVE)","EL PASO","2025-04-04","B - SUSPECTED MINOR INJURY","0","NO DATA","88 - DEL SOL MEDICAL CENTER, A CAMPUS OF LPDS HEALTHCARE","3.633","","98 - OTHER (EXPLAIN IN NARRATIVE)","No Data","No Data","79907","79907","No","1N4AL3AP6DC900307","61","2 - FEMALE","B - SUSPECTED MINOR INJURY","1","1","1 - FRONT LEFT OR MOTORCYCLE DRIVER"
"20739389","Yes","EL PASO POLICE DEPARTMENT","25-094037","EL PASO","FOLLOWED TOO CLOSELY;OTHER (EXPLAIN IN NARRATIVE)","EL PASO","2025-04-04","B - SUSPECTED MINOR INJURY","0","NO DATA","88 - DEL SOL MEDICAL CENTER, A CAMPUS OF LPDS HEALTHCARE","3.633","","98 - OTHER (EXPLAIN IN NARRATIVE)","No Data","No Data","79907","79907","No","1N4AL3AP6DC900307","31","1 - MALE","N - NOT INJURED","0","2","3 - FRONT RIGHT"
"20739389","Yes","EL PASO POLICE DEPARTMENT","25-094037","EL PASO","FOLLOWED TOO CLOSELY;OTHER (EXPLAIN IN NARRATIVE)","EL PASO","2025-04-04","B - SUSPECTED MINOR INJURY","0","NO DATA","88 - DEL SOL MEDICAL CENTER, A CAMPUS OF LPDS HEALTHCARE","3.633","","98 - OTHER (EXPLAIN IN NARRATIVE)","No Data","No Data","79907","79907","No","1N4AL3AP6DC900307","15","2 - FEMALE","N - NOT INJURED","0","3","6 - SECOND SEAT RIGHT"
"20739390","Yes","FARMERS BRANCH POLICE DEPARTMENT","2516999","FARMERS BRANCH","OTHER (EXPLAIN IN NARRATIVE)","DALLAS","2025-04-04","N - NOT INJURED","0","NO DATA","86 - DALLAS MEDICAL CENTER","1.812","","No Data","No Data","No Data","","No Data","Yes","No Data","No Data","99 - UNKNOWN","99 - UNKNOWN","0","1","1 - FRONT LEFT OR MOTORCYCLE DRIVER"
"20739390","Yes","FARMERS BRANCH POLICE DEPARTMENT","2516999","FARMERS BRANCH","OTHER (EXPLAIN IN NARRATIVE)","DALLAS","2025-04-04","N - NOT INJURED","0","NO DATA","86 - DALLAS MEDICAL CENTER","1.812","","98 - OTHER (EXPLAIN IN NARRATIVE)","No Data","No Data","75234","75234","No","1FBSS3BL7DDB13314","56","2 - FEMALE","N - NOT INJURED","0","1","1 - FRONT LEFT OR MOTORCYCLE DRIVER"
"20739391","Yes","FARMERS BRANCH POLICE DEPARTMENT","2517026","FARMERS BRANCH","FAILED TO CONTROL SPEED","DALLAS","2025-04-04","N - NOT INJURED","0","NO DATA","86 - DALLAS MEDICAL CENTER","2.422","","22 - FAILED TO CONTROL SPEED","No Data","No Data","76227","76227","No","3PCAJ5BA5NF114590","22","1 - MALE","N - NOT INJURED","0","1","1 - FRONT LEFT OR MOTORCYCLE DRIVER"
"20739391","Yes","FARMERS BRANCH POLICE DEPARTMENT","2517026","FARMERS BRANCH","FAILED TO CONTROL SPEED","DALLAS","2025-04-04","N - NOT INJURED","0","NO DATA","86 - DALLAS MEDICAL CENTER","2.422","","No Data","No Data","No Data","75203","75203","No","3C4NJDCBXNT185627","41","1 - MALE","N - NOT INJURED","0","1","1 - FRONT LEFT OR MOTORCYCLE DRIVER"
"20739392","Yes","FARMERS BRANCH POLICE DEPARTMENT","2517023","FARMERS BRANCH","FOLLOWED TOO CLOSELY","DALLAS","2025-04-04","N - NOT INJURED","0","NO DATA","86 - DALLAS MEDICAL CENTER","1.918","","44 - FOLLOWED TOO CLOSELY","No Data","No Data","76201","76201","No","KMHDU4AD2AU041766","33","2 - FEMALE","N - NOT INJURED","0","1","1 - FRONT LEFT OR MOTORCYCLE DRIVER"
"20739392","Yes","FARMERS BRANCH POLICE DEPARTMENT","2517023","FARMERS BRANCH","FOLLOWED TOO CLOSELY","DALLAS","2025-04-04","N - NOT INJURED","0","NO DATA","86 - DALLAS MEDICAL CENTER","1.918","","44 - FOLLOWED TOO CLOSELY","No Data","No Data","76201","76201","No","KMHDU4AD2AU041766","25","2 - FEMALE","N - NOT INJURED","0","2","3 - FRONT RIGHT"
"20739392","Yes","FARMERS BRANCH POLICE DEPARTMENT","2517023","FARMERS BRANCH","FOLLOWED TOO CLOSELY","DALLAS","2025-04-04","N - NOT INJURED","0","NO DATA","86 - DALLAS MEDICAL CENTER","1.918","","44 - FOLLOWED TOO CLOSELY","No Data","No Data","76201","76201","No","KMHDU4AD2AU041766","22","2 - FEMALE","N - NOT INJURED","0","3","4 - SECOND SEAT LEFT OR MOTORCYCLE BACK PASSENGER"
"20739392","Yes","FARMERS BRANCH POLICE DEPARTMENT","2517023","FARMERS BRANCH","FOLLOWED TOO CLOSELY","DALLAS","2025-04-04","N - NOT INJURED","0","NO DATA","86 - DALLAS MEDICAL CENTER","1.918","","44 - FOLLOWED TOO CLOSELY","No Data","No Data","76201","76201","No","KMHDU4AD2AU041766","29","2 - FEMALE","N - NOT INJURED","0","4","6 - SECOND SEAT RIGHT"
"20739392","Yes","FARMERS BRANCH POLICE DEPARTMENT","2517023","FARMERS BRANCH","FOLLOWED TOO CLOSELY","DALLAS","2025-04-04","N - NOT INJURED","0","NO DATA","86 - DALLAS MEDICAL CENTER","1.918","","No Data","No Data","No Data","75077","75227","No","1FTFW1E52NKF04399","59","1 - MALE","N - NOT INJURED","0","1","1 - FRONT LEFT OR MOTORCYCLE DRIVER"
"20739393","Yes","FARMERS BRANCH POLICE DEPARTMENT","2517017","CARROLLTON","OTHER (EXPLAIN IN NARRATIVE)","DALLAS","2025-04-04","N - NOT INJURED","0","NO DATA","86 - DALLAS MEDICAL CENTER","2.639","","98 - OTHER (EXPLAIN IN NARRATIVE)","No Data","No Data","76210","76210","No","JN1CV7APXJM241306","71","1 - MALE","N - NOT INJURED","0","1","1 - FRONT LEFT OR MOTORCYCLE DRIVER"
"20739400","Yes","HOUSTON POLICE DEPARTMENT","0043157225X","HOUSTON","DISREGARD STOP AND GO SIGNAL","HARRIS","2025-04-04","B - SUSPECTED MINOR INJURY","0","NO DATA","120 - HCA HOUSTON HEALTHCARE NORTHWEST","6.686","B","15 - DISREGARD STOP AND GO SIGNAL","No Data","No Data","","","No","2GNALBEK8C6132265","55","2 - FEMALE","B - SUSPECTED MINOR INJURY","1","1","1 - FRONT LEFT OR MOTORCYCLE DRIVER"
"20739400","Yes","HOUSTON POLICE DEPARTMENT","0043157225X","HOUSTON","DISREGARD STOP AND GO SIGNAL","HARRIS","2025-04-04","B - SUSPECTED MINOR INJURY","0","NO DATA","120 - HCA HOUSTON HEALTHCARE NORTHWEST","6.686","B","15 - DISREGARD STOP AND GO SIGNAL","No Data","No Data","","","No","WBAAM533XYEJ40578","39","1 - MALE","N - NOT INJURED","0","1","1 - FRONT LEFT OR MOTORCYCLE DRIVER"
"20739401","Yes","HOUSTON POLICE DEPARTMENT","0042987925U","HOUSTON","DISREGARD STOP AND GO SIGNAL","HARRIS","2025-04-04","N - NOT INJURED","0","NO DATA","120 - HCA HOUSTON HEALTHCARE NORTHWEST","6.708","B","15 - DISREGARD STOP AND GO SIGNAL","No Data","No Data","","","No","1FMSK7DH1LGD15540","63","2 - FEMALE","N - NOT INJURED","0","1","1 - FRONT LEFT OR MOTORCYCLE DRIVER"
"20739401","Yes","HOUSTON POLICE DEPARTMENT","0042987925U","HOUSTON","DISREGARD STOP AND GO SIGNAL","HARRIS","2025-04-04","N - NOT INJURED","0","NO DATA","120 - HCA HOUSTON HEALTHCARE NORTHWEST","6.708","B","15 - DISREGARD STOP AND GO SIGNAL","No Data","No Data","","","No","5NMS54AL8PH492619","46","1 - MALE","N - NOT INJURED","0","1","1 - FRONT LEFT OR MOTORCYCLE DRIVER"
"20739407","Yes","DALLAS POLICE DEPARTMENT","47022-2025","DALLAS","UNSAFE SPEED","DALLAS","2025-04-04","C - POSSIBLE INJURY","0","NO DATA","86 - DALLAS MEDICAL CENTER","1.772","","60 - UNSAFE SPEED","No Data","No Data","75229","75229","No","1NXBR32E37Z835291","27","1 - MALE","N - NOT INJURED","0","1","1 - FRONT LEFT OR MOTORCYCLE DRIVER"
"20739407","Yes","DALLAS POLICE DEPARTMENT","47022-2025","DALLAS","UNSAFE SPEED","DALLAS","2025-04-04","C - POSSIBLE INJURY","0","NO DATA","86 - DALLAS MEDICAL CENTER","1.772","","No Data","No Data","No Data","75038","75038","No","JH4CL96978C010354","68","1 - MALE","C - POSSIBLE INJURY","0","1","1 - FRONT LEFT OR MOTORCYCLE DRIVER"
"20739407","Yes","DALLAS POLICE DEPARTMENT","47022-2025","DALLAS","UNSAFE SPEED","DALLAS","2025-04-04","C - POSSIBLE INJURY","0","NO DATA","86 - DALLAS MEDICAL CENTER","1.772","","No Data","No Data","No Data","75098","75098","No","1C6RREBT6MN801887","49","1 - MALE","N - NOT INJURED","0","1","1 - FRONT LEFT OR MOTORCYCLE DRIVER"
"20739412","Yes","HARRIS COUNTY SHERIFF'S OFFICE","2504-01342","OUTSIDE CITY LIMITS","CHANGED LANE WHEN UNSAFE; DRIVER INATTENTION","HARRIS","2025-04-04","N - NOT INJURED","0","NO DATA","123 - HCA HOUSTON HEALTHCARE TOMBALL","7.273","PD","4 - CHANGED LANE WHEN UNSAFE","20 - DRIVER INATTENTION","No Data","77375","77375","No","1C1ZC5STXGF294249","27","2 - FEMALE","N - NOT INJURED","0","1","1 - FRONT LEFT OR MOTORCYCLE DRIVER"
"20739412","Yes","HARRIS COUNTY SHERIFF'S OFFICE","2504-01342","OUTSIDE CITY LIMITS","CHANGED LANE WHEN UNSAFE; DRIVER INATTENTION","HARRIS","2025-04-04","N - NOT INJURED","0","NO DATA","123 - HCA HOUSTON HEALTHCARE TOMBALL","7.273","PD","4 - CHANGED LANE WHEN UNSAFE","20 - DRIVER INATTENTION","No Data","77379","77379","No","1N6AA1EF6PN115264","36","1 - MALE","N - NOT INJURED","0","1","1 - FRONT LEFT OR MOTORCYCLE DRIVER"
"20739418","Yes","EL PASO POLICE DEPARTMENT","25-094048","EL PASO","DISREGARD STOP AND GO SIGNAL","EL PASO","2025-04-04","N - NOT INJURED","0","NO DATA","268 - THE HOSPITALS OF PROVIDENCE SIERRA CAMPUS","0.561","","15 - DISREGARD STOP AND GO SIGNAL","No Data","No Data","79930","79930","No","1FTEX14H2SKA76656","31","1 - MALE","N - NOT INJURED","0","1","1 - FRONT LEFT OR MOTORCYCLE DRIVER"
"20739418","Yes","EL PASO POLICE DEPARTMENT","25-094048","EL PASO","DISREGARD STOP AND GO SIGNAL","EL PASO","2025-04-04","N - NOT INJURED","0","NO DATA","268 - THE HOSPITALS OF PROVIDENCE SIERRA CAMPUS","0.561","","15 - DISREGARD STOP AND GO SIGNAL","No Data","No Data","79930","79930","No","1FTEX14H2SKA76656","34","1 - MALE","N - NOT INJURED","0","2","3 - FRONT RIGHT"
"20739418","Yes","EL PASO POLICE DEPARTMENT","25-094048","EL PASO","DISREGARD STOP AND GO SIGNAL","EL PASO","2025-04-04","N - NOT INJURED","0","NO DATA","268 - THE HOSPITALS OF PROVIDENCE SIERRA CAMPUS","0.561","","No Data","No Data","No Data","79912","79912","No","2C4RC1CG1RR132359","60","1 - MALE","N - NOT INJURED","0","1","1 - FRONT LEFT OR MOTORCYCLE DRIVER"
"20739421","Yes","TYLER POLICE DEPARTMENT","25-004838","TYLER","FAILED TO YIELD RIGHT OF WAY - OPEN INTERSECTION","SMITH","2025-04-04","N - NOT INJURED","0","NO DATA","49 - CHRISTUS MOTHER FRANCES HOSPITAL - TYLER","2.655","","33 - FAILED TO YIELD RIGHT OF WAY - OPEN INTERSECTION","No Data","No Data","75704","75704","No","5NPE34AF3HH557751","28","2 - FEMALE","N - NOT INJURED","0","1","1 - FRONT LEFT OR MOTORCYCLE DRIVER"
"20739421","Yes","TYLER POLICE DEPARTMENT","25-004838","TYLER","FAILED TO YIELD RIGHT OF WAY - OPEN INTERSECTION","SMITH","2025-04-04","N - NOT INJURED","0","NO DATA","49 - CHRISTUS MOTHER FRANCES HOSPITAL - TYLER","2.655","","No Data","No Data","No Data","75052","75052","No","JTEZU14RX8K022478","70","1 - MALE","N - NOT INJURED","0","1","1 - FRONT LEFT OR MOTORCYCLE DRIVER"
"20739427","Yes","SAN ANTONIO POLICE DEPARTMENT","SAPD25066547","SAN ANTONIO","FAILED TO YIELD RIGHT OF WAY - PRIVATE DRIVE","BEXAR","2025-04-04","N - NOT INJURED","0","NO DATA","54 - CHRISTUS SANTA ROSA HOSPITAL - MEDICAL CENTER","0.517","70","34 - FAILED TO YIELD RIGHT OF WAY - PRIVATE DRIVE","No Data","No Data","","78249","Yes","3GTU9FET7MG132204","No Data","99 - UNKNOWN","99 - UNKNOWN","0","1","1 - FRONT LEFT OR MOTORCYCLE DRIVER"
"20739427","Yes","SAN ANTONIO POLICE DEPARTMENT","SAPD25066547","SAN ANTONIO","FAILED TO YIELD RIGHT OF WAY - PRIVATE DRIVE","BEXAR","2025-04-04","N - NOT INJURED","0","NO DATA","54 - CHRISTUS SANTA ROSA HOSPITAL - MEDICAL CENTER","0.517","70","No Data","No Data","No Data","78253","78253","No","KNDJ23AU4L7108232","36","1 - MALE","N - NOT INJURED","0","1","1 - FRONT LEFT OR MOTORCYCLE DRIVER"
"20739427","Yes","SAN ANTONIO POLICE DEPARTMENT","SAPD25066547","SAN ANTONIO","FAILED TO YIELD RIGHT OF WAY - PRIVATE DRIVE","BEXAR","2025-04-04","N - NOT INJURED","0","NO DATA","54 - CHRISTUS SANTA ROSA HOSPITAL - MEDICAL CENTER","0.517","70","No Data","No Data","No Data","78253","78253","No","KNDJ23AU4L7108232","27","2 - FEMALE","N - NOT INJURED","0","2","3 - FRONT RIGHT"
"20739428","Yes","SAN ANTONIO POLICE DEPARTMENT","SAPD25066438","SAN ANTONIO","TURNED WHEN UNSAFE","BEXAR","2025-04-04","C - POSSIBLE INJURY","0","NO DATA","176 - METHODIST HOSPITAL","0.29","70","66 - TURNED WHEN UNSAFE","No Data","No Data","78201","78201","No","KNDJ33AU3L7023668","71","2 - FEMALE","C - POSSIBLE INJURY","0","1","1 - FRONT LEFT OR MOTORCYCLE DRIVER"
"20739428","Yes","SAN ANTONIO POLICE DEPARTMENT","SAPD25066438","SAN ANTONIO","TURNED WHEN UNSAFE","BEXAR","2025-04-04","C - POSSIBLE INJURY","0","NO DATA","176 - METHODIST HOSPITAL","0.29","70","No Data","No Data","No Data","78207","78207","No","JM3TCACY6L0410535","25","2 - FEMALE","C - POSSIBLE INJURY","0","1","1 - FRONT LEFT OR MOTORCYCLE DRIVER"
"20739429","Yes","DEPARTMENT OF PUBLIC SAFETY, STATE OF TEXAS","25-525188","GRANBURY","UNSAFE SPEED","HOOD","2025-04-04","N - NOT INJURED","0","NO DATA","138 - LAKE GRANBURY MEDICAL CENTER","6.696","1C","60 - UNSAFE SPEED","No Data","No Data","76049","76049","No","1FTEW1E86AKA14094","63","2 - FEMALE","N - NOT INJURED","0","1","1 - FRONT LEFT OR MOTORCYCLE DRIVER"
"20739429","Yes","DEPARTMENT OF PUBLIC SAFETY, STATE OF TEXAS","25-525188","GRANBURY","UNSAFE SPEED","HOOD","2025-04-04","N - NOT INJURED","0","NO DATA","138 - LAKE GRANBURY MEDICAL CENTER","6.696","1C","No Data","No Data","No Data","76049","76049","No","2GCEC13T361219184","80","1 - MALE","N - NOT INJURED","0","1","1 - FRONT LEFT OR MOTORCYCLE DRIVER"
"20739431","Yes","TYLER POLICE DEPARTMENT","25-002867","TYLER","FAILED TO CONTROL SPEED","SMITH","2025-04-04","B - SUSPECTED MINOR INJURY","0","NO DATA","49 - CHRISTUS MOTHER FRANCES HOSPITAL - TYLER","2.381","","22 - FAILED TO CONTROL SPEED","No Data","No Data","75701","75701","No","1GNSKCE03DR239127","36","1 - MALE","N - NOT INJURED","0","1","1 - FRONT LEFT OR MOTORCYCLE DRIVER"
"20739431","Yes","TYLER POLICE DEPARTMENT","25-002867","TYLER","FAILED TO CONTROL SPEED","SMITH","2025-04-04","B - SUSPECTED MINOR INJURY","0","NO DATA","49 - CHRISTUS MOTHER FRANCES HOSPITAL - TYLER","2.381","","22 - FAILED TO CONTROL SPEED","No Data","No Data","75701","75701","No","1GNSKCE03DR239127","9","1 - MALE","N - NOT INJURED","0","2","7 - THIRD SEAT LEFT"
"20739431","Yes","TYLER POLICE DEPARTMENT","25-002867","TYLER","FAILED TO CONTROL SPEED","SMITH","2025-04-04","B - SUSPECTED MINOR INJURY","0","NO DATA","49 - CHRISTUS MOTHER FRANCES HOSPITAL - TYLER","2.381","","22 - FAILED TO CONTROL SPEED","No Data","No Data","75701","75701","No","1GNSKCE03DR239127","6","1 - MALE","N - NOT INJURED","0","3","6 - SECOND SEAT RIGHT"
"20739431","Yes","TYLER POLICE DEPARTMENT","25-002867","TYLER","FAILED TO CONTROL SPEED","SMITH","2025-04-04","B - SUSPECTED MINOR INJURY","0","NO DATA","49 - CHRISTUS MOTHER FRANCES HOSPITAL - TYLER","2.381","","No Data","No Data","No Data","75757","75757","No","3GNKBERS4KS636315","64","1 - MALE","B - SUSPECTED MINOR INJURY","1","1","1 - FRONT LEFT OR MOTORCYCLE DRIVER"
"20739431","Yes","TYLER POLICE DEPARTMENT","25-002867","TYLER","FAILED TO CONTROL SPEED","SMITH","2025-04-04","B - SUSPECTED MINOR INJURY","0","NO DATA","49 - CHRISTUS MOTHER FRANCES HOSPITAL - TYLER","2.381","","No Data","No Data","No Data","75706","75706","No","1G4GC5EG0AF158213","61","1 - MALE","B - SUSPECTED MINOR INJURY","1","1","1 - FRONT LEFT OR MOTORCYCLE DRIVER"
"20739431","Yes","TYLER POLICE DEPARTMENT","25-002867","TYLER","FAILED TO CONTROL SPEED","SMITH","2025-04-04","B - SUSPECTED MINOR INJURY","0","NO DATA","49 - CHRISTUS MOTHER FRANCES HOSPITAL - TYLER","2.381","","No Data","No Data","No Data","75706","75706","No","1G4GC5EG0AF158213","61","2 - FEMALE","C - POSSIBLE INJURY","0","2","3 - FRONT RIGHT"
"20739431","Yes","TYLER POLICE DEPARTMENT","25-002867","TYLER","FAILED TO CONTROL SPEED","SMITH","2025-04-04","B - SUSPECTED MINOR INJURY","0","NO DATA","49 - CHRISTUS MOTHER FRANCES HOSPITAL - TYLER","2.381","","No Data","No Data","No Data","75706","75706","No","1G4GC5EG0AF158213","6","1 - MALE","N - NOT INJURED","0","3","6 - SECOND SEAT RIGHT"
"20739431","Yes","TYLER POLICE DEPARTMENT","25-002867","TYLER","FAILED TO CONTROL SPEED","SMITH","2025-04-04","B - SUSPECTED MINOR INJURY","0","NO DATA","49 - CHRISTUS MOTHER FRANCES HOSPITAL - TYLER","2.381","","No Data","No Data","No Data","75706","75706","No","1G4GC5EG0AF158213","3","1 - MALE","N - NOT INJURED","0","4","4 - SECOND SEAT LEFT OR MOTORCYCLE BACK PASSENGER"
"20739433","Yes","HARRIS COUNTY CONSTABLE PRECINCT 4","2504-00477","HOUSTON","PASSED ON RIGHT SHOULDER","HARRIS","2025-04-04","N - NOT INJURED","0","NO DATA","120 - HCA HOUSTON HEALTHCARE NORTHWEST","6.06","","58 - PASSED ON SHOULDER","No Data","No Data","","No Data","Yes","No Data","No Data","99 - UNKNOWN","99 - UNKNOWN","0","1","1 - FRONT LEFT OR MOTORCYCLE DRIVER"
"20739433","Yes","HARRIS COUNTY CONSTABLE PRECINCT 4","2504-00477","HOUSTON","PASSED ON RIGHT SHOULDER","HARRIS","2025-04-04","N - NOT INJURED","0","NO DATA","120 - HCA HOUSTON HEALTHCARE NORTHWEST","6.06","","No Data","No Data","No Data","77339","77012","No","JN1BJ1CV5LW262541","36","1 - MALE","N - NOT INJURED","0","1","1 - FRONT LEFT OR MOTORCYCLE DRIVER"
"20739434","Yes","HUNTSVILLE POLICE DEPARTMENT","25013298","HUNTSVILLE","FAILED TO CONTROL SPEED","WALKER","2025-04-04","N - NOT INJURED","0","NO DATA","132 - HUNTSVILLE MEMORIAL HOSPITAL","2.773","","22 - FAILED TO CONTROL SPEED","No Data","No Data","77320","77320","No","1FA6P8CF5M5110481","18","2 - FEMALE","N - NOT INJURED","0","1","1 - FRONT LEFT OR MOTORCYCLE DRIVER"
"20739434","Yes","HUNTSVILLE POLICE DEPARTMENT","25013298","HUNTSVILLE","FAILED TO CONTROL SPEED","WALKER","2025-04-04","N - NOT INJURED","0","NO DATA","132 - HUNTSVILLE MEMORIAL HOSPITAL","2.773","","No Data","No Data","No Data","77340","77340","No","3GKALPEV0NL252516","62","2 - FEMALE","N - NOT INJURED","0","1","1 - FRONT LEFT OR MOTORCYCLE DRIVER"
"20739440","Yes","LEAGUE CITY POLICE DEPARTMENT","LCPD25-01773","LEAGUE CITY","FAILED TO CONTROL SPEED","GALVESTON","2025-04-04","N - NOT INJURED","0","NO DATA","289 - UTMB HEALTH LEAGUE CITY CAMPUS","1.116","","22 - FAILED TO CONTROL SPEED","No Data","No Data","77546","77033","No","1HTMLAFM65H691796","39","1 - MALE","N - NOT INJURED","0","1","1 - FRONT LEFT OR MOTORCYCLE DRIVER"
"20739440","Yes","LEAGUE CITY POLICE DEPARTMENT","LCPD25-01773","LEAGUE CITY","FAILED TO CONTROL SPEED","GALVESTON","2025-04-04","N - NOT INJURED","0","NO DATA","289 - UTMB HEALTH LEAGUE CITY CAMPUS","1.116","","No Data","No Data","No Data","77573","77573","No","3MYDLBYV9HY154035","21","2 - FEMALE","N - NOT INJURED","0","1","1 - FRONT LEFT OR MOTORCYCLE DRIVER"
"20739440","Yes","LEAGUE CITY POLICE DEPARTMENT","LCPD25-01773","LEAGUE CITY","FAILED TO CONTROL SPEED","GALVESTON","2025-04-04","N - NOT INJURED","0","NO DATA","289 - UTMB HEALTH LEAGUE CITY CAMPUS","1.116","","No Data","No Data","No Data","77573","77573","No","3MYDLBYV9HY154035","19","2 - FEMALE","N - NOT INJURED","0","2","3 - FRONT RIGHT"
"20739447","Yes","CELINA POLICE DEPARTMENT","25072609","CELINA","FAILED TO DRIVE IN SINGLE LANE; TURNED IMPROPERLY - WRONG LANE; ROAD RAGE","COLLIN","2025-04-04","N - NOT INJURED","0","NO DATA","22 - BAYLOR SCOTT & WHITE MEDICAL CENTER - MCKINNEY","9.099","","23 - FAILED TO DRIVE IN SINGLE LANE","65 - TURNED IMPROPERLY - WRONG LANE","No Data","75009","75009","No","1C3CDFAA0DD300118","33","1 - MALE","N - NOT INJURED","0","1","1 - FRONT LEFT OR MOTORCYCLE DRIVER"
"20739447","Yes","CELINA POLICE DEPARTMENT","25072609","CELINA","FAILED TO DRIVE IN SINGLE LANE; TURNED IMPROPERLY - WRONG LANE; ROAD RAGE","COLLIN","2025-04-04","N - NOT INJURED","0","NO DATA","22 - BAYLOR SCOTT & WHITE MEDICAL CENTER - MCKINNEY","9.099","","No Data","No Data","No Data","75009","75009","No","7SAYGAEE3PF862961","37","1 - MALE","N - NOT INJURED","0","1","1 - FRONT LEFT OR MOTORCYCLE DRIVER"
"20739447","Yes","CELINA POLICE DEPARTMENT","25072609","CELINA","FAILED TO DRIVE IN SINGLE LANE; TURNED IMPROPERLY - WRONG LANE; ROAD RAGE","COLLIN","2025-04-04","N - NOT INJURED","0","NO DATA","22 - BAYLOR SCOTT & WHITE MEDICAL CENTER - MCKINNEY","9.099","","No Data","No Data","No Data","75009","75009","No","7SAYGAEE3PF862961","34","2 - FEMALE","N - NOT INJURED","0","2","5 - SECOND SEAT CENTER"
"20739447","Yes","CELINA POLICE DEPARTMENT","25072609","CELINA","FAILED TO DRIVE IN SINGLE LANE; TURNED IMPROPERLY - WRONG LANE; ROAD RAGE","COLLIN","2025-04-04","N - NOT INJURED","0","NO DATA","22 - BAYLOR SCOTT & WHITE MEDICAL CENTER - MCKINNEY","9.099","","No Data","No Data","No Data","75009","75009","No","7SAYGAEE3PF862961","6","2 - FEMALE","N - NOT INJURED","0","3","6 - SECOND SEAT RIGHT"
"20739447","Yes","CELINA POLICE DEPARTMENT","25072609","CELINA","FAILED TO DRIVE IN SINGLE LANE; TURNED IMPROPERLY - WRONG LANE; ROAD RAGE","COLLIN","2025-04-04","N - NOT INJURED","0","NO DATA","22 - BAYLOR SCOTT & WHITE MEDICAL CENTER - MCKINNEY","9.099","","No Data","No Data","No Data","75009","75009","No","7SAYGAEE3PF862961","2","2 - FEMALE","N - NOT INJURED","0","4","4 - SECOND SEAT LEFT OR MOTORCYCLE BACK PASSENGER"
"20739459","Yes","DENTON POLICE DEPARTMENT","25055796","DENTON","FAILED TO CONTROL SPEED","DENTON","2025-04-04","N - NOT INJURED","0","NO DATA","152 - MEDICAL CITY DENTON","3.307","","22 - FAILED TO CONTROL SPEED","No Data","No Data","75482","76179","No","1FAHP35N88W278101","21","1 - MALE","N - NOT INJURED","0","1","1 - FRONT LEFT OR MOTORCYCLE DRIVER"
"20739459","Yes","DENTON POLICE DEPARTMENT","25055796","DENTON","FAILED TO CONTROL SPEED","DENTON","2025-04-04","N - NOT INJURED","0","NO DATA","152 - MEDICAL CITY DENTON","3.307","","No Data","No Data","No Data","76205","65801","No","1GCHSCEA1N1209202","62","1 - MALE","N - NOT INJURED","0","1","1 - FRONT LEFT OR MOTORCYCLE DRIVER"
"20739461","Yes","HARRIS COUNTY CONSTABLE PRECINCT 4","2504-00472","HOUSTON","CHANGED LANE WHEN UNSAFE","HARRIS","2025-04-04","N - NOT INJURED","0","NO DATA","120 - HCA HOUSTON HEALTHCARE NORTHWEST","6.114","","4 - CHANGED LANE WHEN UNSAFE","No Data","No Data","77091","77091","No","WA1AECF37K1077190","43","2 - FEMALE","N - NOT INJURED","0","1","1 - FRONT LEFT OR MOTORCYCLE DRIVER"
"20739461","Yes","HARRIS COUNTY CONSTABLE PRECINCT 4","2504-00472","HOUSTON","CHANGED LANE WHEN UNSAFE","HARRIS","2025-04-04","N - NOT INJURED","0","NO DATA","120 - HCA HOUSTON HEALTHCARE NORTHWEST","6.114","","No Data","No Data","No Data","77449","46750","No","3HSKZTZR0PN257296","59","1 - MALE","N - NOT INJURED","0","1","1 - FRONT LEFT OR MOTORCYCLE DRIVER"
"20739464","Yes","DENTON POLICE DEPARTMENT","25055834","DENTON","UNSAFE SPEED","DENTON","2025-04-04","N - NOT INJURED","0","NO DATA","152 - MEDICAL CITY DENTON","7.127","","60 - UNSAFE SPEED","No Data","No Data","75068","43228","No","3AKJHTDV6PDNW7408","51","1 - MALE","N - NOT INJURED","0","1","1 - FRONT LEFT OR MOTORCYCLE DRIVER"
"20739465","Yes","DALLAS COUNTY SHERIFF'S OFFICE","25-021606","DALLAS","FAULTY EVASIVE ACTION;UNSAFE SPEED","DALLAS","2025-04-04","C - POSSIBLE INJURY","0","NO DATA","174 - METHODIST DALLAS MEDICAL CENTER","0.818","V","41 - FAULTY EVASIVE ACTION","60 - UNSAFE SPEED","No Data","76112","76112","No","3FA6P0LU1KR222141","25","2 - FEMALE","C - POSSIBLE INJURY","0","1","1 - FRONT LEFT OR MOTORCYCLE DRIVER"
"20739466","Yes","DESOTO POLICE DEPARTMENT","DE2504069","DESOTO","FOLLOWED TOO CLOSELY","DALLAS","2025-04-04","B - SUSPECTED MINOR INJURY","0","NO DATA","177 - METHODIST CHARLTON MEDICAL CENTER","4.871","","No Data","No Data","No Data","75115","75115","No","4T1B61HKXKU844007","34","2 - FEMALE","B - SUSPECTED MINOR INJURY","1","1","1 - FRONT LEFT OR MOTORCYCLE DRIVER"
"20739466","Yes","DESOTO POLICE DEPARTMENT","DE2504069","DESOTO","FOLLOWED TOO CLOSELY","DALLAS","2025-04-04","B - SUSPECTED MINOR INJURY","0","NO DATA","177 - METHODIST CHARLTON MEDICAL CENTER","4.871","","44 - FOLLOWED TOO CLOSELY","No Data","No Data","75115","75115","No","3N1AB7AP4GL659654","22","2 - FEMALE","N - NOT INJURED","0","1","1 - FRONT LEFT OR MOTORCYCLE DRIVER"
"20739467","Yes","FORT WORTH POLICE DEPARTMENT","250023942","FORT WORTH","UNSAFE SPEED","TARRANT","2025-04-04","N - NOT INJURED","0","NO DATA","153 - MEDICAL CITY ALLIANCE","1.425","RT","No Data","No Data","No Data","78852","78852","No","1N4AL2AP7CN469652","25","1 - MALE","N - NOT INJURED","0","1","1 - FRONT LEFT OR MOTORCYCLE DRIVER"
"20739471","Yes","SAM HOUSTON STATE UNIVERSITY POLICE DEPARTMENT","2500005060","HUNTSVILLE","BACKED WITHOUT SAFETY","WALKER","2025-04-04","N - NOT INJURED","0","NO DATA","No Data","No Data","","3 - BACKED WITHOUT SAFETY","No Data","No Data","77340","75474","No","4S3GTAB66L3721813","20","2 - FEMALE","N - NOT INJURED","0","1","1 - FRONT LEFT OR MOTORCYCLE DRIVER"
"20739479","Yes","FORT WORTH POLICE DEPARTMENT","250320464","FORT WORTH","NONE","TARRANT","2025-04-04","N - NOT INJURED","0","NO DATA","153 - MEDICAL CITY ALLIANCE","1.029","RT","No Data","No Data","No Data","","No Data","Yes","No Data","No Data","1 - MALE","99 - UNKNOWN","0","1","1 - FRONT LEFT OR MOTORCYCLE DRIVER"
"20739479","Yes","FORT WORTH POLICE DEPARTMENT","250320464","FORT WORTH","NONE","TARRANT","2025-04-04","N - NOT INJURED","0","NO DATA","153 - MEDICAL CITY ALLIANCE","1.029","RT","No Data","No Data","No Data","76180","76180","No","KNAFK4A68F5340326","24","2 - FEMALE","N - NOT INJURED","0","1","1 - FRONT LEFT OR MOTORCYCLE DRIVER"
"20739482","Yes","HUDSON OAKS POLICE DEPARTMENT","25-00148","HUDSON OAKS","DRIVER INATTENTION","PARKER","2025-04-04","N - NOT INJURED","0","NO DATA","158 - MEDICAL CITY WEATHERFORD","4.114","","20 - DRIVER INATTENTION","No Data","No Data","76087","76087","No","2D4RN5D11AR219150","30","2 - FEMALE","N - NOT INJURED","0","1","1 - FRONT LEFT OR MOTORCYCLE DRIVER"
"20739482","Yes","HUDSON OAKS POLICE DEPARTMENT","25-00148","HUDSON OAKS","DRIVER INATTENTION","PARKER","2025-04-04","N - NOT INJURED","0","NO DATA","158 - MEDICAL CITY WEATHERFORD","4.114","","No Data","No Data","No Data","76087","76087","No","KNDJ23AU3L7728022","51","2 - FEMALE","N - NOT INJURED","0","1","1 - FRONT LEFT OR MOTORCYCLE DRIVER"
"20739485","Yes","FOREST HILL POLICE DEPARTMENT","25FPD02884","FOREST HILL (TARRANT)","DRIVER INATTENTION; FAILED TO CONTROL SPEED; FAILED TO DRIVE IN SINGLE LANE; FAULTY EVASIVE ACTION","TARRANT","2025-04-04","B - SUSPECTED MINOR INJURY","0","NO DATA","259 - TEXAS HEALTH HUGULEY HOSPITAL","5.749","","23 - FAILED TO DRIVE IN SINGLE LANE","22 - FAILED TO CONTROL SPEED","20 - DRIVER INATTENTION","76119","76119","No","L37MMJBT0PZ040420","69","1 - MALE","B - SUSPECTED MINOR INJURY","1","1","1 - FRONT LEFT OR MOTORCYCLE DRIVER"
"20739490","Yes","HOUSTON POLICE DEPARTMENT","0043187225L","HOUSTON","FAILED TO YIELD RIGHT OF WAY - PRIVATE DRIVE","HARRIS","2025-04-04","N - NOT INJURED","0","NO DATA","165 - MEMORIAL HERMANN MEMORIAL CITY MEDICAL CENTER","1.29","F","34 - FAILED TO YIELD RIGHT OF WAY - PRIVATE DRIVE","No Data","No Data","77043","08054","No","KM8K22AB7PU036863","29","2 - FEMALE","N - NOT INJURED","0","1","1 - FRONT LEFT OR MOTORCYCLE DRIVER"
"20739490","Yes","HOUSTON POLICE DEPARTMENT","0043187225L","HOUSTON","FAILED TO YIELD RIGHT OF WAY - PRIVATE DRIVE","HARRIS","2025-04-04","N - NOT INJURED","0","NO DATA","165 - MEMORIAL HERMANN MEMORIAL CITY MEDICAL CENTER","1.29","F","No Data","No Data","No Data","77043","77043","No","2MEFM74V56X651338","58","2 - FEMALE","N - NOT INJURED","0","1","1 - FRONT LEFT OR MOTORCYCLE DRIVER"
"20739498","Yes","HARRIS COUNTY CONSTABLE PRECINCT 4","2504-00583","OUTSIDE CITY LIMITS","BACKED WITHOUT SAFETY","HARRIS","2025-04-04","N - NOT INJURED","0","NO DATA","No Data","No Data","","3 - BACKED WITHOUT SAFETY","No Data","No Data","77373","77373","No","1FTEW1EF1GKF17412","54","2 - FEMALE","N - NOT INJURED","0","1","1 - FRONT LEFT OR MOTORCYCLE DRIVER"
"20739499","Yes","STEPHENVILLE POLICE DEPARTMENT","25S006225","STEPHENVILLE","FAILED TO YIELD RIGHT OF WAY - STOP SIGN","ERATH","2025-04-04","N - NOT INJURED","0","NO DATA","256 - TEXAS HEALTH HARRIS METHODIST HOSPITAL STEPHENVILLE","0.859","","35 - FAILED TO YIELD RIGHT OF WAY - STOP SIGN","No Data","No Data","76028","76028","No","KNDJP3A56G7845772","19","2 - FEMALE","N - NOT INJURED","0","1","1 - FRONT LEFT OR MOTORCYCLE DRIVER"
"20739499","Yes","STEPHENVILLE POLICE DEPARTMENT","25S006225","STEPHENVILLE","FAILED TO YIELD RIGHT OF WAY - STOP SIGN","ERATH","2025-04-04","N - NOT INJURED","0","NO DATA","256 - TEXAS HEALTH HARRIS METHODIST HOSPITAL STEPHENVILLE","0.859","","No Data","No Data","No Data","76048","76048","No","JH4CU2F47CC003342","21","1 - MALE","N - NOT INJURED","0","1","1 - FRONT LEFT OR MOTORCYCLE DRIVER"
"20739500","Yes","ERATH COUNTY SHERIFF'S OFFICE","CFS2508006","OUTSIDE CITY LIMITS","FAILED TO CONTROL SPEED; OVERSIZED VEHICLE OR LOAD","ERATH","2025-04-04","N - NOT INJURED","0","NO DATA","256 - TEXAS HEALTH HARRIS METHODIST HOSPITAL STEPHENVILLE","2.942","","No Data","No Data","No Data","76308","76308","No","3GCPCREC9FG317650","20","1 - MALE","N - NOT INJURED","0","1","1 - FRONT LEFT OR MOTORCYCLE DRIVER"
"20739503","Yes","TYLER POLICE DEPARTMENT","25-004863","TYLER","FAILED TO CONTROL SPEED","SMITH","2025-04-04","N - NOT INJURED","0","NO DATA","288 - UT HEALTH EAST TEXAS TYLER REGIONAL HOSPITAL","0.312","","22 - FAILED TO CONTROL SPEED","No Data","No Data","75670","75670","No","3FA6P0G75HR137736","20","1 - MALE","N - NOT INJURED","0","1","1 - FRONT LEFT OR MOTORCYCLE DRIVER"
"20739503","Yes","TYLER POLICE DEPARTMENT","25-004863","TYLER","FAILED TO CONTROL SPEED","SMITH","2025-04-04","N - NOT INJURED","0","NO DATA","288 - UT HEALTH EAST TEXAS TYLER REGIONAL HOSPITAL","0.312","","No Data","No Data","No Data","75702","75702","No","JTMZF33V095013135","38","2 - FEMALE","N - NOT INJURED","0","1","1 - FRONT LEFT OR MOTORCYCLE DRIVER"
"20739504","Yes","TYLER POLICE DEPARTMENT","25-004875","TYLER","FAILED TO YIELD RIGHT OF WAY - TURNING LEFT","SMITH","2025-04-04","C - POSSIBLE INJURY","0","NO DATA","288 - UT HEALTH EAST TEXAS TYLER REGIONAL HOSPITAL","0.205","","37 - FAILED TO YIELD RIGHT OF WAY - TURNING LEFT","No Data","No Data","75702","75702","No","1N4AL11D76C100886","57","2 - FEMALE","C - POSSIBLE INJURY","0","1","1 - FRONT LEFT OR MOTORCYCLE DRIVER"
"20739504","Yes","TYLER POLICE DEPARTMENT","25-004875","TYLER","FAILED TO YIELD RIGHT OF WAY - TURNING LEFT","SMITH","2025-04-04","C - POSSIBLE INJURY","0","NO DATA","288 - UT HEALTH EAST TEXAS TYLER REGIONAL HOSPITAL","0.205","","No Data","No Data","No Data","75773","75773","No","2GKALMEK4C6190964","25","1 - MALE","C - POSSIBLE INJURY","0","1","1 - FRONT LEFT OR MOTORCYCLE DRIVER"
"20739506","Yes","TYLER POLICE DEPARTMENT","25-004870","TYLER","CHANGED LANE WHEN UNSAFE; FAILED TO PASS TO LEFT SAFELY","SMITH","2025-04-04","N - NOT INJURED","0","NO DATA","49 - CHRISTUS MOTHER FRANCES HOSPITAL - TYLER","1.669","","No Data","No Data","No Data","75704","75704","No","WBAVA37557NL10323","18","1 - MALE","N - NOT INJURED","0","1","1 - FRONT LEFT OR MOTORCYCLE DRIVER"
"20739506","Yes","TYLER POLICE DEPARTMENT","25-004870","TYLER","CHANGED LANE WHEN UNSAFE; FAILED TO PASS TO LEFT SAFELY","SMITH","2025-04-04","N - NOT INJURED","0","NO DATA","49 - CHRISTUS MOTHER FRANCES HOSPITAL - TYLER","1.669","","No Data","No Data","No Data","75704","75704","No","1N6ED29X24C456878","19","1 - MALE","N - NOT INJURED","0","1","1 - FRONT LEFT OR MOTORCYCLE DRIVER"
"20739509","Yes","TYLER POLICE DEPARTMENT","25-004882","TYLER","TURNED IMPROPERLY - CUT CORNER ON LEFT;OTHER (EXPLAIN IN NARRATIVE)","SMITH","2025-04-04","N - NOT INJURED","0","NO DATA","288 - UT HEALTH EAST TEXAS TYLER REGIONAL HOSPITAL","2.848","","98 - OTHER (EXPLAIN IN NARRATIVE)","No Data","No Data","75703","75703","No","5FNYG1H89PB010987","52","2 - FEMALE","N - NOT INJURED","0","1","1 - FRONT LEFT OR MOTORCYCLE DRIVER"
"20739509","Yes","TYLER POLICE DEPARTMENT","25-004882","TYLER","TURNED IMPROPERLY - CUT CORNER ON LEFT;OTHER (EXPLAIN IN NARRATIVE)","SMITH","2025-04-04","N - NOT INJURED","0","NO DATA","288 - UT HEALTH EAST TEXAS TYLER REGIONAL HOSPITAL","2.848","","98 - OTHER (EXPLAIN IN NARRATIVE)","No Data","No Data","75709","75709","No","KMHLS4DG5SU914225","77","2 - FEMALE","N - NOT INJURED","0","1","1 - FRONT LEFT OR MOTORCYCLE DRIVER"
"20739516","Yes","MANSFIELD POLICE DEPARTMENT","25040403","MANSFIELD","CHANGED LANE WHEN UNSAFE","TARRANT","2025-04-04","C - POSSIBLE INJURY","0","NO DATA","184 - METHODIST MANSFIELD MEDICAL CENTER","0.962","","4 - CHANGED LANE WHEN UNSAFE","No Data","No Data","76002","76002","No","WDBUF56X58B196047","17","1 - MALE","N - NOT INJURED","0","1","1 - FRONT LEFT OR MOTORCYCLE DRIVER"
"20739516","Yes","MANSFIELD POLICE DEPARTMENT","25040403","MANSFIELD","CHANGED LANE WHEN UNSAFE","TARRANT","2025-04-04","C - POSSIBLE INJURY","0","NO DATA","184 - METHODIST MANSFIELD MEDICAL CENTER","0.962","","No Data","No Data","No Data","75052","75052","No","4JGFB4FB1RB053467","46","2 - FEMALE","C - POSSIBLE INJURY","0","1","1 - FRONT LEFT OR MOTORCYCLE DRIVER"
"20739523","Yes","SANGER POLICE DEPARTMENT","250124541","SANGER","DISREGARD STOP SIGN OR LIGHT; FAILED TO CONTROL SPEED","DENTON","2025-04-04","N - NOT INJURED","0","NO DATA","152 - MEDICAL CITY DENTON","13.306","","16 - DISREGARD STOP SIGN OR LIGHT","22 - FAILED TO CONTROL SPEED","No Data","76258","76258","No","2C3CDZAG0GH279638","23","1 - MALE","N - NOT INJURED","0","1","1 - FRONT LEFT OR MOTORCYCLE DRIVER"
"20739524","Yes","HOUSTON POLICE DEPARTMENT","0043013525Q","HOUSTON","FAILED TO CONTROL SPEED","HARRIS","2025-04-04","B - SUSPECTED MINOR INJURY","0","NO DATA","168 - MEMORIAL HERMANN SOUTHWEST HOSPITAL","4.456","G","22 - FAILED TO CONTROL SPEED","No Data","No Data","77099","77071","No","5TDZA22C65S290014","19","2 - FEMALE","B - SUSPECTED MINOR INJURY","1","1","1 - FRONT LEFT OR MOTORCYCLE DRIVER"
"20739524","Yes","HOUSTON POLICE DEPARTMENT","0043013525Q","HOUSTON","FAILED TO CONTROL SPEED","HARRIS","2025-04-04","B - SUSPECTED MINOR INJURY","0","NO DATA","168 - MEMORIAL HERMANN SOUTHWEST HOSPITAL","4.456","G","No Data","No Data","No Data","77099","77072","No","1GNES16S836233440","67","1 - MALE","B - SUSPECTED MINOR INJURY","1","1","1 - FRONT LEFT OR MOTORCYCLE DRIVER"
"20739524","Yes","HOUSTON POLICE DEPARTMENT","0043013525Q","HOUSTON","FAILED TO CONTROL SPEED","HARRIS","2025-04-04","B - SUSPECTED MINOR INJURY","0","NO DATA","168 - MEMORIAL HERMANN SOUTHWEST HOSPITAL","4.456","G","No Data","No Data","No Data","77099","77099","No","2GNALPEK0C6127090","18","1 - MALE","N - NOT INJURED","0","1","1 - FRONT LEFT OR MOTORCYCLE DRIVER"
"20739532","Yes","BENBROOK POLICE DEPARTMENT","2500006333","BENBROOK","OTHER (EXPLAIN IN NARRATIVE)","TARRANT","2025-04-04","N - NOT INJURED","0","NO DATA","255 - TEXAS HEALTH HARRIS METHODIST HOSPITAL SOUTHWEST FORT WORTH","4.289","","98 - OTHER (EXPLAIN IN NARRATIVE)","No Data","No Data","76114","76105","No","4TANL42N2YZ652862","20","1 - MALE","N - NOT INJURED","0","1","1 - FRONT LEFT OR MOTORCYCLE DRIVER"
"20739535","Yes","PORT ARTHUR POLICE DEPARTMENT","12239-25","PORT ARTHUR","FAILED TO YIELD RIGHT OF WAY - STOP SIGN","JEFFERSON","2025-04-04","N - NOT INJURED","0","NO DATA","266 - THE MEDICAL CENTER OF SOUTHEAST TEXAS","2.118","ST","35 - FAILED TO YIELD RIGHT OF WAY - STOP SIGN","No Data","No Data","77627","77627","No","3GYFNAE38ES686531","27","2 - FEMALE","N - NOT INJURED","0","1","1 - FRONT LEFT OR MOTORCYCLE DRIVER"
"20739535","Yes","PORT ARTHUR POLICE DEPARTMENT","12239-25","PORT ARTHUR","FAILED TO YIELD RIGHT OF WAY - STOP SIGN","JEFFERSON","2025-04-04","N - NOT INJURED","0","NO DATA","266 - THE MEDICAL CENTER OF SOUTHEAST TEXAS","2.118","ST","No Data","No Data","No Data","77640","77640","No","4T1BG22K2YU694902","27","1 - MALE","N - NOT INJURED","0","1","1 - FRONT LEFT OR MOTORCYCLE DRIVER"
"20739535","Yes","PORT ARTHUR POLICE DEPARTMENT","12239-25","PORT ARTHUR","FAILED TO YIELD RIGHT OF WAY - STOP SIGN","JEFFERSON","2025-04-04","N - NOT INJURED","0","NO DATA","266 - THE MEDICAL CENTER OF SOUTHEAST TEXAS","2.118","ST","No Data","No Data","No Data","77640","77640","No","4T1BG22K2YU694902","63","1 - MALE","N - NOT INJURED","0","2","4 - SECOND SEAT LEFT OR MOTORCYCLE BACK PASSENGER"
"20739536","Yes","DALLAS POLICE DEPARTMENT","46965-2025","DALLAS","OTHER (EXPLAIN IN NARRATIVE)","DALLAS","2025-04-04","N - NOT INJURED","0","NO DATA","174 - METHODIST DALLAS MEDICAL CENTER","6.531","","98 - OTHER (EXPLAIN IN NARRATIVE)","No Data","No Data","75041","75212","No","1XKADB9X06J110137","43","1 - MALE","N - NOT INJURED","0","1","1 - FRONT LEFT OR MOTORCYCLE DRIVER"
"20739542","Yes","PALMVIEW POLICE DEPARTMENT","24-C06942","PALMVIEW","PARKED AND FAILED TO SET BRAKES","HIDALGO","2025-04-04","N - NOT INJURED","0","NO DATA","189 - MISSION REGIONAL MEDICAL CENTER","4.571","","54 - PARKED AND FAILED TO SET BRAKES","No Data","No Data","78572","78572","Yes","1FTCR10U2VPA58153","78","1 - MALE","N - NOT INJURED","0","1","1 - FRONT LEFT OR MOTORCYCLE DRIVER"
"20739545","Yes","ENNIS POLICE DEPARTMENT","25-0004910","ENNIS","FAILED TO YIELD RIGHT OF WAY - STOP SIGN","ELLIS","2025-04-04","N - NOT INJURED","0","NO DATA","97 - ENNIS REGIONAL MEDICAL CENTER","2.638","","35 - FAILED TO YIELD RIGHT OF WAY - STOP SIGN","No Data","No Data","77036","77036","No","5YFBURHE8GP457320","62","1 - MALE","N - NOT INJURED","0","1","1 - FRONT LEFT OR MOTORCYCLE DRIVER"
"20739545","Yes","ENNIS POLICE DEPARTMENT","25-0004910","ENNIS","FAILED TO YIELD RIGHT OF WAY - STOP SIGN","ELLIS","2025-04-04","N - NOT INJURED","0","NO DATA","97 - ENNIS REGIONAL MEDICAL CENTER","2.638","","No Data","No Data","No Data","75119","75247","No","1FTRF12255NB35706","49","1 - MALE","N - NOT INJURED","0","1","1 - FRONT LEFT OR MOTORCYCLE DRIVER"
"20739554","Yes","LEANDER POLICE DEPARTMENT","25040533","LEANDER","FAILED TO CONTROL SPEED","WILLIAMSON","2025-04-04","N - NOT INJURED","0","NO DATA","37 - CEDAR PARK REGIONAL MEDICAL CENTER","3.539","","22 - FAILED TO CONTROL SPEED","No Data","No Data","78626","78626","No","2G1WU58R479222452","29","1 - MALE","N - NOT INJURED","0","1","1 - FRONT LEFT OR MOTORCYCLE DRIVER"
"20739554","Yes","LEANDER POLICE DEPARTMENT","25040533","LEANDER","FAILED TO CONTROL SPEED","WILLIAMSON","2025-04-04","N - NOT INJURED","0","NO DATA","37 - CEDAR PARK REGIONAL MEDICAL CENTER","3.539","","No Data","No Data","No Data","78744","78753","No","2C3CDXHG5PH700036","28","1 - MALE","N - NOT INJURED","0","1","1 - FRONT LEFT OR MOTORCYCLE DRIVER"
"20739555","No","WEST UNIVERSITY PLACE POLICE DEPARTMENT","25-035","WEST UNIVERSITY PLACE","DRIVER INATTENTION;FAILED TO YIELD RIGHT OF WAY - TO PEDESTRIAN;FAILED TO YIELD RIGHT OF WAY - TURNING LEFT","HARRIS","2025-04-04","C - POSSIBLE INJURY","0","NO DATA","246 - TEXAS CHILDRENS HOSPITAL","2.468","","20 - DRIVER INATTENTION","36 - FAILED TO YIELD RIGHT OF WAY - TO PEDESTRIAN","37 - FAILED TO YIELD RIGHT OF WAY - TURNING LEFT","77469","77469","No","5TFLA5AB1NX006735","45","2 - FEMALE","N - NOT INJURED","0","1","1 - FRONT LEFT OR MOTORCYCLE DRIVER"
"20739555","No","WEST UNIVERSITY PLACE POLICE DEPARTMENT","25-035","WEST UNIVERSITY PLACE","DRIVER INATTENTION;FAILED TO YIELD RIGHT OF WAY - TO PEDESTRIAN;FAILED TO YIELD RIGHT OF WAY - TURNING LEFT","HARRIS","2025-04-04","C - POSSIBLE INJURY","0","NO DATA","246 - TEXAS CHILDRENS HOSPITAL","2.468","","No Data","No Data","No Data","77081","77081","No","No Data","52","2 - FEMALE","C - POSSIBLE INJURY","0","1","16 - PEDESTRIAN, PEDALCYCLIST, OR MOTORIZED CONVEYANCE"
"20739561","Yes","HOUSTON POLICE DEPARTMENT","0043007325G","HOUSTON","FAILED TO YIELD RIGHT OF WAY - TO PEDESTRIAN","HARRIS","2025-04-04","C - POSSIBLE INJURY","0","NO DATA","168 - MEMORIAL HERMANN SOUTHWEST HOSPITAL","4.742","F","36 - FAILED TO YIELD RIGHT OF WAY - TO PEDESTRIAN","No Data","No Data","77494","","No","2T1BURHE5KC235052","40","2 - FEMALE","N - NOT INJURED","0","1","1 - FRONT LEFT OR MOTORCYCLE DRIVER"
"20739561","Yes","HOUSTON POLICE DEPARTMENT","0043007325G","HOUSTON","FAILED TO YIELD RIGHT OF WAY - TO PEDESTRIAN","HARRIS","2025-04-04","C - POSSIBLE INJURY","0","NO DATA","168 - MEMORIAL HERMANN SOUTHWEST HOSPITAL","4.742","F","No Data","No Data","No Data","No Data","No Data","No Data","No Data","11","2 - FEMALE","C - POSSIBLE INJURY","0","1","16 - PEDESTRIAN, PEDALCYCLIST, OR MOTORIZED CONVEYANCE"
"20739568","Yes","DALLAS COUNTY SHERIFF'S OFFICE","25-021615","DALLAS","FOLLOWED TOO CLOSELY","DALLAS","2025-04-04","N - NOT INJURED","0","NO DATA","26 - BAYLOR UNIVERSITY MEDICAL CENTER","1.566","2","44 - FOLLOWED TOO CLOSELY","No Data","No Data","76001","76001","No","KMHD74LF2HU407886","22","2 - FEMALE","N - NOT INJURED","0","1","1 - FRONT LEFT OR MOTORCYCLE DRIVER"
"20739568","Yes","DALLAS COUNTY SHERIFF'S OFFICE","25-021615","DALLAS","FOLLOWED TOO CLOSELY","DALLAS","2025-04-04","N - NOT INJURED","0","NO DATA","26 - BAYLOR UNIVERSITY MEDICAL CENTER","1.566","2","No Data","No Data","No Data","75227","75227","No","2T3WFREV9FW155538","33","1 - MALE","N - NOT INJURED","0","1","1 - FRONT LEFT OR MOTORCYCLE DRIVER"
"20739570","Yes","HOUSTON POLICE DEPARTMENT","0043131225X","HOUSTON","DRIVER INATTENTION","HARRIS","2025-04-04","N - NOT INJURED","0","NO DATA","168 - MEMORIAL HERMANN SOUTHWEST HOSPITAL","2.942","F","No Data","No Data","No Data","77591","77591","No","4T1BG22K21U015880","20","1 - MALE","N - NOT INJURED","0","1","1 - FRONT LEFT OR MOTORCYCLE DRIVER"
"20739570","Yes","HOUSTON POLICE DEPARTMENT","0043131225X","HOUSTON","DRIVER INATTENTION","HARRIS","2025-04-04","N - NOT INJURED","0","NO DATA","168 - MEMORIAL HERMANN SOUTHWEST HOSPITAL","2.942","F","No Data","No Data","No Data","77082","77082","No","5TDKZRFH7KS559240","66","2 - FEMALE","N - NOT INJURED","0","1","1 - FRONT LEFT OR MOTORCYCLE DRIVER"
"20739599","Yes","HARRIS COUNTY CONSTABLE PRECINCT 2","240500042","OUTSIDE CITY LIMITS","DRIVER INATTENTION","HARRIS","2025-04-04","N - NOT INJURED","0","NO DATA","166 - MEMORIAL HERMANN SOUTHEAST HOSPITAL","2.418","","20 - DRIVER INATTENTION","No Data","No Data","77034","77034","No","1GCGG25V171162671","60","1 - MALE","N - NOT INJURED","0","1","1 - FRONT LEFT OR MOTORCYCLE DRIVER"
"20739599","Yes","HARRIS COUNTY CONSTABLE PRECINCT 2","240500042","OUTSIDE CITY LIMITS","DRIVER INATTENTION","HARRIS","2025-04-04","N - NOT INJURED","0","NO DATA","166 - MEMORIAL HERMANN SOUTHEAST HOSPITAL","2.418","","No Data","No Data","No Data","77089","77089","No","1HGCV3F28NA037857","29","1 - MALE","N - NOT INJURED","0","1","1 - FRONT LEFT OR MOTORCYCLE DRIVER"
"20739605","Yes","BURKBURNETT POLICE DEPARTMENT","25003458","BURKBURNETT","UNSAFE SPEED;OTHER (EXPLAIN IN NARRATIVE)","WICHITA","2025-04-04","N - NOT INJURED","0","NO DATA","274 - UNITED REGIONAL HEALTH CARE SYSTEM","11.195","3","98 - OTHER (EXPLAIN IN NARRATIVE)","No Data","No Data","76354","76354","No","1FTZR15V0XPB26500","18","2 - FEMALE","N - NOT INJURED","0","1","1 - FRONT LEFT OR MOTORCYCLE DRIVER"
"20739607","Yes","SAN ANTONIO POLICE DEPARTMENT","SAPD25067268","SAN ANTONIO","OTHER (EXPLAIN IN NARRATIVE)","BEXAR","2025-04-04","99 - UNKNOWN","0","NO DATA","No Data","No Data","50","98 - OTHER (EXPLAIN IN NARRATIVE)","No Data","No Data","","No Data","Yes","No Data","No Data","99 - UNKNOWN","99 - UNKNOWN","0","1","1 - FRONT LEFT OR MOTORCYCLE DRIVER"
"20739614","Yes","CANTON POLICE DEPARTMENT","25-001811","CANTON","DISTRACTION IN VEHICLE; FOLLOWED TOO CLOSELY","VAN ZANDT","2025-04-04","N - NOT INJURED","0","NO DATA","279 - UT HEALTH EAST TEXAS ATHENS HOSPITAL","28.084","","44 - FOLLOWED TOO CLOSELY","19 - DISTRACTION IN VEHICLE","No Data","75069","75474","No","JHMCM56397C013319","30","1 - MALE","N - NOT INJURED","0","1","1 - FRONT LEFT OR MOTORCYCLE DRIVER"
"20739614","Yes","CANTON POLICE DEPARTMENT","25-001811","CANTON","DISTRACTION IN VEHICLE; FOLLOWED TOO CLOSELY","VAN ZANDT","2025-04-04","N - NOT INJURED","0","NO DATA","279 - UT HEALTH EAST TEXAS ATHENS HOSPITAL","28.084","","No Data","No Data","No Data","70722","70722","No","1N6AA1FB0RN111970","81","1 - MALE","N - NOT INJURED","0","1","1 - FRONT LEFT OR MOTORCYCLE DRIVER"
"20739615","Yes","PASADENA POLICE DEPARTMENT","25-004853","PASADENA","FAILED TO CONTROL SPEED","HARRIS","2025-04-04","N - NOT INJURED","0","NO DATA","122 - HCA HOUSTON HEALTHCARE SOUTHEAST","1.592","","22 - FAILED TO CONTROL SPEED","No Data","No Data","77502","77077","No","2GNFLDE3XF6331526","44","1 - MALE","N - NOT INJURED","0","1","1 - FRONT LEFT OR MOTORCYCLE DRIVER"
"20739615","Yes","PASADENA POLICE DEPARTMENT","25-004853","PASADENA","FAILED TO CONTROL SPEED","HARRIS","2025-04-04","N - NOT INJURED","0","NO DATA","122 - HCA HOUSTON HEALTHCARE SOUTHEAST","1.592","","No Data","No Data","No Data","77506","77506","No","1C4RJEAG6LC306054","28","2 - FEMALE","N - NOT INJURED","0","1","1 - FRONT LEFT OR MOTORCYCLE DRIVER"
"20739615","Yes","PASADENA POLICE DEPARTMENT","25-004853","PASADENA","FAILED TO CONTROL SPEED","HARRIS","2025-04-04","N - NOT INJURED","0","NO DATA","122 - HCA HOUSTON HEALTHCARE SOUTHEAST","1.592","","No Data","No Data","No Data","77506","77506","No","1C4RJEAG6LC306054","No Data","1 - MALE","N - NOT INJURED","0","2","5 - SECOND SEAT CENTER"
"20739616","Yes","WOODWAY POLICE DEPARTMENT","25-050043","WOODWAY","FAILED TO CONTROL SPEED","MCLENNAN","2025-04-04","C - POSSIBLE INJURY","0","NO DATA","2 - ASCENSION PROVIDENCE HOSPITAL","1.657","","22 - FAILED TO CONTROL SPEED","No Data","No Data","76657","76657","No","5N1DL1GS9PC369210","51","2 - FEMALE","N - NOT INJURED","0","1","1 - FRONT LEFT OR MOTORCYCLE DRIVER"
"20739616","Yes","WOODWAY POLICE DEPARTMENT","25-050043","WOODWAY","FAILED TO CONTROL SPEED","MCLENNAN","2025-04-04","C - POSSIBLE INJURY","0","NO DATA","2 - ASCENSION PROVIDENCE HOSPITAL","1.657","","No Data","No Data","No Data","76707","76707","No","JF2SKADC3MH441305","50","2 - FEMALE","C - POSSIBLE INJURY","0","1","1 - FRONT LEFT OR MOTORCYCLE DRIVER"
"20739617","Yes","SOUTHLAKE POLICE DEPARTMENT","CFS25066824","SOUTHLAKE","DRIVER INATTENTION; FOLLOWED TOO CLOSELY","TARRANT","2025-04-04","N - NOT INJURED","0","NO DATA","17 - BAYLOR SCOTT & WHITE MEDICAL CENTER - GRAPEVINE","2.528","","20 - DRIVER INATTENTION","44 - FOLLOWED TOO CLOSELY","No Data","76063","76063","No","2C3CDZFJ5NH179973","18","2 - FEMALE","N - NOT INJURED","0","1","1 - FRONT LEFT OR MOTORCYCLE DRIVER"
"20739617","Yes","SOUTHLAKE POLICE DEPARTMENT","CFS25066824","SOUTHLAKE","DRIVER INATTENTION; FOLLOWED TOO CLOSELY","TARRANT","2025-04-04","N - NOT INJURED","0","NO DATA","17 - BAYLOR SCOTT & WHITE MEDICAL CENTER - GRAPEVINE","2.528","","No Data","No Data","No Data","76092","76092","No","5GAERBKW8LJ230605","68","2 - FEMALE","N - NOT INJURED","0","1","1 - FRONT LEFT OR MOTORCYCLE DRIVER"
"20739617","Yes","SOUTHLAKE POLICE DEPARTMENT","CFS25066824","SOUTHLAKE","DRIVER INATTENTION; FOLLOWED TOO CLOSELY","TARRANT","2025-04-04","N - NOT INJURED","0","NO DATA","17 - BAYLOR SCOTT & WHITE MEDICAL CENTER - GRAPEVINE","2.528","","No Data","No Data","No Data","76092","76092","No","SALEWFFE0S2404362","28","2 - FEMALE","N - NOT INJURED","0","1","1 - FRONT LEFT OR MOTORCYCLE DRIVER"
"20739622","Yes","STEPHENVILLE POLICE DEPARTMENT","25S006219","STEPHENVILLE","FAILED TO YIELD RIGHT OF WAY - STOP SIGN","ERATH","2025-04-04","B - SUSPECTED MINOR INJURY","0","NO DATA","256 - TEXAS HEALTH HARRIS METHODIST HOSPITAL STEPHENVILLE","1.189","","35 - FAILED TO YIELD RIGHT OF WAY - STOP SIGN","No Data","No Data","76401","76401","No","1FTEW1EG8HKC22804","65","1 - MALE","B - SUSPECTED MINOR INJURY","1","1","1 - FRONT LEFT OR MOTORCYCLE DRIVER"
"20739622","Yes","STEPHENVILLE POLICE DEPARTMENT","25S006219","STEPHENVILLE","FAILED TO YIELD RIGHT OF WAY - STOP SIGN","ERATH","2025-04-04","B - SUSPECTED MINOR INJURY","0","NO DATA","256 - TEXAS HEALTH HARRIS METHODIST HOSPITAL STEPHENVILLE","1.189","","35 - FAILED TO YIELD RIGHT OF WAY - STOP SIGN","No Data","No Data","76401","76401","No","1FTEW1EG8HKC22804","63","2 - FEMALE","N - NOT INJURED","0","2","3 - FRONT RIGHT"
"20739622","Yes","STEPHENVILLE POLICE DEPARTMENT","25S006219","STEPHENVILLE","FAILED TO YIELD RIGHT OF WAY - STOP SIGN","ERATH","2025-04-04","B - SUSPECTED MINOR INJURY","0","NO DATA","256 - TEXAS HEALTH HARRIS METHODIST HOSPITAL STEPHENVILLE","1.189","","No Data","No Data","No Data","76401","76086","No","2NKHHM6X6KM299067","22","1 - MALE","N - NOT INJURED","0","1","1 - FRONT LEFT OR MOTORCYCLE DRIVER"
"20739629","Yes","DALLAS POLICE DEPARTMENT","46977-2025","DALLAS","UNSAFE SPEED","DALLAS","2025-04-04","B - SUSPECTED MINOR INJURY","0","NO DATA","297 - WILLIAM P. CLEMENTS UNIVERSITY HOSPITAL","1.205","","60 - UNSAFE SPEED","No Data","No Data","75235","75235","No","YV140MFB0F1310633","21","1 - MALE","B - SUSPECTED MINOR INJURY","1","1","1 - FRONT LEFT OR MOTORCYCLE DRIVER"
"20739633","Yes","DEPARTMENT OF PUBLIC SAFETY, STATE OF TEXAS","TX 2025-525519","DALLAS","UNSAFE SPEED","DENTON","2025-04-04","N - NOT INJURED","0","NO DATA","260 - TEXAS HEALTH PRESBYTERIAN HOSPITAL PLANO","3.702","1E","60 - UNSAFE SPEED","No Data","No Data","75252","75252","No","1NXBU4EE2AZ165885","34","1 - MALE","N - NOT INJURED","0","1","1 - FRONT LEFT OR MOTORCYCLE DRIVER"
"20739635","Yes","BUDA POLICE DEPARTMENT","2025-04494","BUDA","DRIVER INATTENTION;FAILED TO YIELD RIGHT OF WAY - PRIVATE DRIVE","HAYS","2025-04-04","N - NOT INJURED","0","NO DATA","4 - ASCENSION SETON HAYS","6.269","","34 - FAILED TO YIELD RIGHT OF WAY - PRIVATE DRIVE","20 - DRIVER INATTENTION","No Data","78610","78610","No","5NMJB3AE1NH089921","17","2 - FEMALE","N - NOT INJURED","0","1","1 - FRONT LEFT OR MOTORCYCLE DRIVER"
"20739635","Yes","BUDA POLICE DEPARTMENT","2025-04494","BUDA","DRIVER INATTENTION;FAILED TO YIELD RIGHT OF WAY - PRIVATE DRIVE","HAYS","2025-04-04","N - NOT INJURED","0","NO DATA","4 - ASCENSION SETON HAYS","6.269","","34 - FAILED TO YIELD RIGHT OF WAY - PRIVATE DRIVE","20 - DRIVER INATTENTION","No Data","78610","78610","No","5NMJB3AE1NH089921","15","2 - FEMALE","N - NOT INJURED","0","2","3 - FRONT RIGHT"
"20739635","Yes","BUDA POLICE DEPARTMENT","2025-04494","BUDA","DRIVER INATTENTION;FAILED TO YIELD RIGHT OF WAY - PRIVATE DRIVE","HAYS","2025-04-04","N - NOT INJURED","0","NO DATA","4 - ASCENSION SETON HAYS","6.269","","No Data","No Data","No Data","78130","78746","No","3C63RRGL3FG712120","43","1 - MALE","N - NOT INJURED","0","1","1 - FRONT LEFT OR MOTORCYCLE DRIVER"
"20739635","Yes","BUDA POLICE DEPARTMENT","2025-04494","BUDA","DRIVER INATTENTION;FAILED TO YIELD RIGHT OF WAY - PRIVATE DRIVE","HAYS","2025-04-04","N - NOT INJURED","0","NO DATA","4 - ASCENSION SETON HAYS","6.269","","No Data","No Data","No Data","78130","78746","No","3C63RRGL3FG712120","21","1 - MALE","N - NOT INJURED","0","2","3 - FRONT RIGHT"
"20739636","Yes","MINERAL WELLS POLICE DEPARTMENT","250000621","MINERAL WELLS","DRIVER INATTENTION","PALO PINTO","2025-04-04","N - NOT INJURED","0","NO DATA","No Data","No Data","NE","20 - DRIVER INATTENTION","No Data","No Data","77584-9267","54313","Yes","3AKJHHDR4SSVW0686","69","1 - MALE","N - NOT INJURED","0","1","1 - FRONT LEFT OR MOTORCYCLE DRIVER"
"20739642","Yes","MONTGOMERY COUNTY SHERIFF'S OFFICE","25A099070","OUTSIDE CITY LIMITS","TURNED IMPROPERLY - CUT CORNER ON LEFT","MONTGOMERY","2025-04-04","N - NOT INJURED","0","NO DATA","118 - HCA HOUSTON HEALTHCARE KINGWOOD","2.497","","63 - TURNED IMPROPERLY - CUT CORNER ON LEFT","No Data","No Data","77327","77327","No","5GAKRCEDXBJ295778","24","2 - FEMALE","N - NOT INJURED","0","1","1 - FRONT LEFT OR MOTORCYCLE DRIVER"
"20739642","Yes","MONTGOMERY COUNTY SHERIFF'S OFFICE","25A099070","OUTSIDE CITY LIMITS","TURNED IMPROPERLY - CUT CORNER ON LEFT","MONTGOMERY","2025-04-04","N - NOT INJURED","0","NO DATA","118 - HCA HOUSTON HEALTHCARE KINGWOOD","2.497","","No Data","No Data","No Data","77365","77365","No","KM8K62AB0PU011467","55","2 - FEMALE","N - NOT INJURED","0","1","1 - FRONT LEFT OR MOTORCYCLE DRIVER"
"20739646","Yes","MONTGOMERY COUNTY SHERIFF'S OFFICE","25A099455","OUTSIDE CITY LIMITS","TURNED WHEN UNSAFE","MONTGOMERY","2025-04-04","N - NOT INJURED","0","NO DATA","118 - HCA HOUSTON HEALTHCARE KINGWOOD","7.625","","66 - TURNED WHEN UNSAFE","No Data","No Data","77303","65081","No","1GCHSCEA5N1206643","55","1 - MALE","N - NOT INJURED","0","1","1 - FRONT LEFT OR MOTORCYCLE DRIVER"
"20739646","Yes","MONTGOMERY COUNTY SHERIFF'S OFFICE","25A099455","OUTSIDE CITY LIMITS","TURNED WHEN UNSAFE","MONTGOMERY","2025-04-04","N - NOT INJURED","0","NO DATA","118 - HCA HOUSTON HEALTHCARE KINGWOOD","7.625","","No Data","No Data","No Data","77338","77338","No","2GKFLUEKXH6312675","57","2 - FEMALE","N - NOT INJURED","0","1","1 - FRONT LEFT OR MOTORCYCLE DRIVER"
"20739287","Yes","SAN ANTONIO POLICE DEPARTMENT","SAPD25067175","SAN ANTONIO","DRIVER INATTENTION; FAILED TO CONTROL SPEED; FAILED TO PASS TO LEFT SAFELY; FAILED TO STOP AT PROPER PLACE","BEXAR","2025-04-05","99 - UNKNOWN","0","NO DATA","187 - MISSION TRAIL BAPTIST HOSPITAL","1.614","40","22 - FAILED TO CONTROL SPEED","26 - FAILED TO PASS TO LEFT SAFELY","29 - FAILED TO STOP AT PROPER PLACE","","No Data","Yes","No Data","No Data","99 - UNKNOWN","99 - UNKNOWN","0","1","1 - FRONT LEFT OR MOTORCYCLE DRIVER"
"20739288","Yes","DESOTO POLICE DEPARTMENT","DE2504088","DESOTO","UNDER INFLUENCE - ALCOHOL","DALLAS","2025-04-05","N - NOT INJURED","0","NO DATA","177 - METHODIST CHARLTON MEDICAL CENTER","4.01","","No Data","No Data","No Data","75115","75115","No","1FM5K8AB2MGB35276","29","1 - MALE","N - NOT INJURED","0","1","1 - FRONT LEFT OR MOTORCYCLE DRIVER"
"20739288","Yes","DESOTO POLICE DEPARTMENT","DE2504088","DESOTO","UNDER INFLUENCE - ALCOHOL","DALLAS","2025-04-05","N - NOT INJURED","0","NO DATA","177 - METHODIST CHARLTON MEDICAL CENTER","4.01","","67 - INTOXICATED - ALCOHOL","No Data","No Data","75154","75154","No","2GTEC19V721171398","29","1 - MALE","N - NOT INJURED","0","1","1 - FRONT LEFT OR MOTORCYCLE DRIVER"
"20739291","Yes","FREDERICKSBURG POLICE DEPARTMENT","2025-00007519","FREDERICKSBURG","FAILED TO CONTROL SPEED; FAILED TO DRIVE IN SINGLE LANE; HAD BEEN DRINKING","GILLESPIE","2025-04-05","N - NOT INJURED","0","NO DATA","218 - PETERSON REGIONAL MEDICAL CENTER","22.957","","23 - FAILED TO DRIVE IN SINGLE LANE","22 - FAILED TO CONTROL SPEED","No Data","79765","74134","No","1G1ZE5STXRF121957","34","1 - MALE","N - NOT INJURED","0","1","1 - FRONT LEFT OR MOTORCYCLE DRIVER"
"20739291","Yes","FREDERICKSBURG POLICE DEPARTMENT","2025-00007519","FREDERICKSBURG","FAILED TO CONTROL SPEED; FAILED TO DRIVE IN SINGLE LANE; HAD BEEN DRINKING","GILLESPIE","2025-04-05","N - NOT INJURED","0","NO DATA","218 - PETERSON REGIONAL MEDICAL CENTER","22.957","","23 - FAILED TO DRIVE IN SINGLE LANE","22 - FAILED TO CONTROL SPEED","No Data","79765","74134","No","1G1ZE5STXRF121957","35","2 - FEMALE","N - NOT INJURED","0","2","3 - FRONT RIGHT"
"20739293","Yes","SAN ANTONIO POLICE DEPARTMENT","SAPD25067168","SAN ANTONIO","DRIVER INATTENTION; FAILED TO CONTROL SPEED; FAILED TO STOP AT PROPER PLACE","BEXAR","2025-04-05","N - NOT INJURED","0","NO DATA","187 - MISSION TRAIL BAPTIST HOSPITAL","1.395","40","22 - FAILED TO CONTROL SPEED","29 - FAILED TO STOP AT PROPER PLACE","20 - DRIVER INATTENTION","","78264","Yes","JTDDPRAEXLJ059597","No Data","99 - UNKNOWN","99 - UNKNOWN","0","1","1 - FRONT LEFT OR MOTORCYCLE DRIVER"
"20739293","Yes","SAN ANTONIO POLICE DEPARTMENT","SAPD25067168","SAN ANTONIO","DRIVER INATTENTION; FAILED TO CONTROL SPEED; FAILED TO STOP AT PROPER PLACE","BEXAR","2025-04-05","N - NOT INJURED","0","NO DATA","187 - MISSION TRAIL BAPTIST HOSPITAL","1.395","40","No Data","No Data","No Data","78223","78223","No","1C4RJFLGXJC468835","48","2 - FEMALE","N - NOT INJURED","0","1","1 - FRONT LEFT OR MOTORCYCLE DRIVER"
"20739293","Yes","SAN ANTONIO POLICE DEPARTMENT","SAPD25067168","SAN ANTONIO","DRIVER INATTENTION; FAILED TO CONTROL SPEED; FAILED TO STOP AT PROPER PLACE","BEXAR","2025-04-05","N - NOT INJURED","0","NO DATA","187 - MISSION TRAIL BAPTIST HOSPITAL","1.395","40","No Data","No Data","No Data","78223","78223","No","1C4RJFLGXJC468835","37","1 - MALE","N - NOT INJURED","0","2","3 - FRONT RIGHT"
"20739294","Yes","SAN ANTONIO POLICE DEPARTMENT","SAPD25067144","SAN ANTONIO","FAILED TO SIGNAL OR GAVE WRONG SIGNAL; TURNED IMPROPERLY - CUT CORNER ON LEFT","BEXAR","2025-04-05","N - NOT INJURED","0","NO DATA","34 - BROOKE ARMY MEDICAL CENTER","3.604","40","28 - FAILED TO SIGNAL OR GAVE WRONG SIGNAL","63 - TURNED IMPROPERLY - CUT CORNER ON LEFT","No Data","93727","93311","No","3AKJHHDR3PSNZ3539","37","1 - MALE","N - NOT INJURED","0","1","1 - FRONT LEFT OR MOTORCYCLE DRIVER"
"20739294","Yes","SAN ANTONIO POLICE DEPARTMENT","SAPD25067144","SAN ANTONIO","FAILED TO SIGNAL OR GAVE WRONG SIGNAL; TURNED IMPROPERLY - CUT CORNER ON LEFT","BEXAR","2025-04-05","N - NOT INJURED","0","NO DATA","34 - BROOKE ARMY MEDICAL CENTER","3.604","40","No Data","No Data","No Data","78233","379093221","No","1XPBDP9X1RD654659","47","1 - MALE","N - NOT INJURED","0","1","1 - FRONT LEFT OR MOTORCYCLE DRIVER"
"20739309","Yes","KENDALL COUNTY SHERIFF'S OFFICE","2515915","OUTSIDE CITY LIMITS","FAILED TO CONTROL SPEED","KENDALL","2025-04-05","N - NOT INJURED","0","NO DATA","218 - PETERSON REGIONAL MEDICAL CENTER","15.521","","22 - FAILED TO CONTROL SPEED","No Data","No Data","78028","78028","No","1FMCU0H61LUA58914","21","2 - FEMALE","N - NOT INJURED","0","1","1 - FRONT LEFT OR MOTORCYCLE DRIVER"
"20739346","No","SAN ANTONIO POLICE DEPARTMENT","sapd25067141","SAN ANTONIO","OTHER (EXPLAIN IN NARRATIVE)","BEXAR","2025-04-05","99 - UNKNOWN","0","NO DATA","No Data","No Data","40","No Data","No Data","No Data","","No Data","Yes","No Data","No Data","99 - UNKNOWN","99 - UNKNOWN","0","1","1 - FRONT LEFT OR MOTORCYCLE DRIVER"
"20739348","Yes","SAN ANTONIO POLICE DEPARTMENT","SAPD25067129","SAN ANTONIO","FAILED TO DRIVE IN SINGLE LANE","BEXAR","2025-04-05","99 - UNKNOWN","0","NO DATA","34 - BROOKE ARMY MEDICAL CENTER","2.828","40","23 - FAILED TO DRIVE IN SINGLE LANE","No Data","No Data","","No Data","Yes","No Data","No Data","99 - UNKNOWN","99 - UNKNOWN","0","1","1 - FRONT LEFT OR MOTORCYCLE DRIVER"
"20739382","Yes","CONVERSE POLICE DEPARTMENT","25001063","CONVERSE","DRIVER INATTENTION","BEXAR","2025-04-05","B - SUSPECTED MINOR INJURY","0","NO DATA","202 - NORTHEAST METHODIST HOSPITAL","5.075","","20 - DRIVER INATTENTION","No Data","No Data","78109","78109","No","1D7KS28C57J556392","31","2 - FEMALE","B - SUSPECTED MINOR INJURY","1","1","1 - FRONT LEFT OR MOTORCYCLE DRIVER"
"20739382","Yes","CONVERSE POLICE DEPARTMENT","25001063","CONVERSE","DRIVER INATTENTION","BEXAR","2025-04-05","B - SUSPECTED MINOR INJURY","0","NO DATA","202 - NORTHEAST METHODIST HOSPITAL","5.075","","20 - DRIVER INATTENTION","No Data","No Data","78109","78109","No","1D7KS28C57J556392","6","1 - MALE","B - SUSPECTED MINOR INJURY","1","2","7 - THIRD SEAT LEFT"
"20739544","Yes","HARRIS COUNTY CONSTABLE PRECINCT 4","2504-00618","OUTSIDE CITY LIMITS","FAILED TO YIELD RIGHT OF WAY - TURNING LEFT","HARRIS","2025-04-05","N - NOT INJURED","0","NO DATA","120 - HCA HOUSTON HEALTHCARE NORTHWEST","1.189","","37 - FAILED TO YIELD RIGHT OF WAY - TURNING LEFT","No Data","No Data","77073","77027","No","58ADZ1B10SU193835","33","1 - MALE","N - NOT INJURED","0","1","1 - FRONT LEFT OR MOTORCYCLE DRIVER"
"20739544","Yes","HARRIS COUNTY CONSTABLE PRECINCT 4","2504-00618","OUTSIDE CITY LIMITS","FAILED TO YIELD RIGHT OF WAY - TURNING LEFT","HARRIS","2025-04-05","N - NOT INJURED","0","NO DATA","120 - HCA HOUSTON HEALTHCARE NORTHWEST","1.189","","No Data","No Data","No Data","77037","77037","No","2GTEC19T741409672","24","1 - MALE","N - NOT INJURED","0","1","1 - FRONT LEFT OR MOTORCYCLE DRIVER"
"20739553","Yes","SAN ANTONIO POLICE DEPARTMENT","SAPD25067230","SAN ANTONIO","OTHER (EXPLAIN IN NARRATIVE)","BEXAR","2025-04-05","N - NOT INJURED","0","NO DATA","187 - MISSION TRAIL BAPTIST HOSPITAL","8.307","60","98 - OTHER (EXPLAIN IN NARRATIVE)","No Data","No Data","78212","78550","No","3N1AB7AP4KY329511","37","2 - FEMALE","N - NOT INJURED","0","1","1 - FRONT LEFT OR MOTORCYCLE DRIVER"
"20739557","No","WESLACO POLICE DEPARTMENT","25-8513","WESLACO","FAILED TO CONTROL SPEED","HIDALGO","2025-04-05","N - NOT INJURED","0","NO DATA","137 - KNAPP MEDICAL CENTER","2.938","","22 - FAILED TO CONTROL SPEED","No Data","No Data","78599","78599","No","1C4PJLCX3LD521538","67","2 - FEMALE","N - NOT INJURED","0","1","1 - FRONT LEFT OR MOTORCYCLE DRIVER"
"20739557","No","WESLACO POLICE DEPARTMENT","25-8513","WESLACO","FAILED TO CONTROL SPEED","HIDALGO","2025-04-05","N - NOT INJURED","0","NO DATA","137 - KNAPP MEDICAL CENTER","2.938","","No Data","No Data","No Data","78537","78537","No","1GYKPGRS7RZ726748","49","2 - FEMALE","N - NOT INJURED","0","1","1 - FRONT LEFT OR MOTORCYCLE DRIVER"
"20739564","Yes","ABILENE POLICE DEPARTMENT","25-027280","ABILENE","UNSAFE SPEED","TAYLOR","2025-04-05","B - SUSPECTED MINOR INJURY","0","NO DATA","126 - HENDRICK MEDICAL CENTER","1.702","","60 - UNSAFE SPEED","No Data","No Data","79601","79601","No","2C3CCAEGXKH528082","23","2 - FEMALE","B - SUSPECTED MINOR INJURY","1","1","1 - FRONT LEFT OR MOTORCYCLE DRIVER"
"20739569","Yes","DESOTO POLICE DEPARTMENT","DE2504090","DESOTO","DISTRACTION IN VEHICLE;OTHER (EXPLAIN IN NARRATIVE);CELL/MOBILE DEVICE USE - UNKNOWN","DALLAS","2025-04-05","N - NOT INJURED","0","NO DATA","177 - METHODIST CHARLTON MEDICAL CENTER","3.23","","77 - CELL/MOBILE DEVICE USE - UNKNOWN","19 - DISTRACTION IN VEHICLE","No Data","75104","75104","No","1G4HP54KX4U246118","45","1 - MALE","N - NOT INJURED","0","1","1 - FRONT LEFT OR MOTORCYCLE DRIVER"
"20739579","Yes","TEXARKANA POLICE DEPARTMENT","T25-12582","TEXARKANA","ILL (EXPLAIN IN NARRATIVE)","BOWIE","2025-04-05","B - SUSPECTED MINOR INJURY","0","NO DATA","64 - CHRISTUS ST. MICHAEL HEALTH SYSTEM","0.556","","47 - ILL (EXPLAIN IN NARRATIVE)","No Data","No Data","75570","75570","No","1N6AA1F42JN519716","31","1 - MALE","B - SUSPECTED MINOR INJURY","1","1","1 - FRONT LEFT OR MOTORCYCLE DRIVER"
"20739579","Yes","TEXARKANA POLICE DEPARTMENT","T25-12582","TEXARKANA","ILL (EXPLAIN IN NARRATIVE)","BOWIE","2025-04-05","B - SUSPECTED MINOR INJURY","0","NO DATA","64 - CHRISTUS ST. MICHAEL HEALTH SYSTEM","0.556","","47 - ILL (EXPLAIN IN NARRATIVE)","No Data","No Data","75570","75570","No","1N6AA1F42JN519716","31","2 - FEMALE","N - NOT INJURED","0","2","3 - FRONT RIGHT"
"20739600","No","TEXAS CITY POLICE DEPARTMENT","TCPD25-002107","TEXAS CITY","BACKED WITHOUT SAFETY","GALVESTON","2025-04-05","N - NOT INJURED","0","NO DATA","No Data","No Data","","3 - BACKED WITHOUT SAFETY","No Data","No Data","77538","77538","No","JN8AS5MT2BW180621","30","2 - FEMALE","N - NOT INJURED","0","1","1 - FRONT LEFT OR MOTORCYCLE DRIVER"
"20739600","No","TEXAS CITY POLICE DEPARTMENT","TCPD25-002107","TEXAS CITY","BACKED WITHOUT SAFETY","GALVESTON","2025-04-05","N - NOT INJURED","0","NO DATA","No Data","No Data","","No Data","No Data","No Data","294834","294834","No","5TFLU4EN3DX065127","78","1 - MALE","N - NOT INJURED","0","1","1 - FRONT LEFT OR MOTORCYCLE DRIVER"
"20739608","Yes","SAN ANTONIO POLICE DEPARTMENT","SAPD25067302","SAN ANTONIO","CHANGED LANE WHEN UNSAFE; DRIVER INATTENTION; FAULTY EVASIVE ACTION","BEXAR","2025-04-05","N - NOT INJURED","0","NO DATA","65 - CHRISTUS SANTA ROSA HOSPITAL - WESTOVER HILLS","2.554","50","20 - DRIVER INATTENTION","41 - FAULTY EVASIVE ACTION","No Data","","No Data","Yes","No Data","No Data","99 - UNKNOWN","99 - UNKNOWN","0","1","1 - FRONT LEFT OR MOTORCYCLE DRIVER"
"20739608","Yes","SAN ANTONIO POLICE DEPARTMENT","SAPD25067302","SAN ANTONIO","CHANGED LANE WHEN UNSAFE; DRIVER INATTENTION; FAULTY EVASIVE ACTION","BEXAR","2025-04-05","N - NOT INJURED","0","NO DATA","65 - CHRISTUS SANTA ROSA HOSPITAL - WESTOVER HILLS","2.554","50","No Data","No Data","No Data","","","No","JM3TCABY5J0212351","38","2 - FEMALE","N - NOT INJURED","0","1","1 - FRONT LEFT OR MOTORCYCLE DRIVER"
"20739608","Yes","SAN ANTONIO POLICE DEPARTMENT","SAPD25067302","SAN ANTONIO","CHANGED LANE WHEN UNSAFE; DRIVER INATTENTION; FAULTY EVASIVE ACTION","BEXAR","2025-04-05","N - NOT INJURED","0","NO DATA","65 - CHRISTUS SANTA ROSA HOSPITAL - WESTOVER HILLS","2.554","50","No Data","No Data","No Data","","","No","JM3TCABY5J0212351","15","2 - FEMALE","N - NOT INJURED","0","2","3 - FRONT RIGHT"
"20739618","Yes","CANTON POLICE DEPARTMENT","25-001822","CANTON","BACKED WITHOUT SAFETY","VAN ZANDT","2025-04-05","N - NOT INJURED","0","NO DATA","No Data","No Data","","3 - BACKED WITHOUT SAFETY","No Data","No Data","77318","77318","No","3GCUDCED4RG447412","60","1 - MALE","N - NOT INJURED","0","1","1 - FRONT LEFT OR MOTORCYCLE DRIVER"
"20739618","Yes","CANTON POLICE DEPARTMENT","25-001822","CANTON","BACKED WITHOUT SAFETY","VAN ZANDT","2025-04-05","N - NOT INJURED","0","NO DATA","No Data","No Data","","No Data","No Data","No Data","75140","75140","No","4T1BK36B56U063654","72","1 - MALE","N - NOT INJURED","0","1","1 - FRONT LEFT OR MOTORCYCLE DRIVER"
"20739627","Yes","DALLAS POLICE DEPARTMENT","47455-2025","DALLAS","TURNED WHEN UNSAFE","DALLAS","2025-04-05","N - NOT INJURED","0","NO DATA","297 - WILLIAM P. CLEMENTS UNIVERSITY HOSPITAL","3.219","","66 - TURNED WHEN UNSAFE","No Data","No Data","","","Yes","No Data","No Data","99 - UNKNOWN","99 - UNKNOWN","0","1","1 - FRONT LEFT OR MOTORCYCLE DRIVER"
"20739627","Yes","DALLAS POLICE DEPARTMENT","47455-2025","DALLAS","TURNED WHEN UNSAFE","DALLAS","2025-04-05","N - NOT INJURED","0","NO DATA","297 - WILLIAM P. CLEMENTS UNIVERSITY HOSPITAL","3.219","","No Data","No Data","No Data","75220","75220","No","3TMJU62NX8M057917","19","2 - FEMALE","N - NOT INJURED","0","1","1 - FRONT LEFT OR MOTORCYCLE DRIVER"
"20739632","Yes","TRAVIS COUNTY SHERIFF'S OFFICE","250950174","OUTSIDE CITY LIMITS","FAILED TO CONTROL SPEED; FAILED TO DRIVE IN SINGLE LANE","TRAVIS","2025-04-05","C - POSSIBLE INJURY","0","NO DATA","243 - ST. DAVIDS SOUTH AUSTIN MEDICAL CENTER","6.334","40","22 - FAILED TO CONTROL SPEED","23 - FAILED TO DRIVE IN SINGLE LANE","No Data","78748","78748","No","1ZVBP8EM2D5224195","32","2 - FEMALE","C - POSSIBLE INJURY","0","1","1 - FRONT LEFT OR MOTORCYCLE DRIVER"
"20739634","Yes","HOUSTON POLICE DEPARTMENT","0043541325Q","HOUSTON","CHANGED LANE WHEN UNSAFE","HARRIS","2025-04-05","C - POSSIBLE INJURY","0","NO DATA","163 - MEMORIAL HERMANN GREATER HEIGHTS HOSPITAL","3.373","B","4 - CHANGED LANE WHEN UNSAFE","No Data","No Data","77022","77022","No","3N1AB8CV9LY246823","23","1 - MALE","C - POSSIBLE INJURY","0","1","1 - FRONT LEFT OR MOTORCYCLE DRIVER"
"20739634","Yes","HOUSTON POLICE DEPARTMENT","0043541325Q","HOUSTON","CHANGED LANE WHEN UNSAFE","HARRIS","2025-04-05","C - POSSIBLE INJURY","0","NO DATA","163 - MEMORIAL HERMANN GREATER HEIGHTS HOSPITAL","3.373","B","No Data","No Data","No Data","77073","77073","No","1C4RDHAG5LC228312","36","2 - FEMALE","C - POSSIBLE INJURY","0","1","1 - FRONT LEFT OR MOTORCYCLE DRIVER"
"20739634","Yes","HOUSTON POLICE DEPARTMENT","0043541325Q","HOUSTON","CHANGED LANE WHEN UNSAFE","HARRIS","2025-04-05","C - POSSIBLE INJURY","0","NO DATA","163 - MEMORIAL HERMANN GREATER HEIGHTS HOSPITAL","3.373","B","No Data","No Data","No Data","77073","77073","No","1C4RDHAG5LC228312","11","1 - MALE","N - NOT INJURED","0","2","3 - FRONT RIGHT"